2026-02-11 12:28:25.948 +05:00 [INF] HTTP GET /swagger/index.html responded 404 in 388.4312 ms | User: Anonymous (N/A) | IP: ::1 | RequestBody:  | ResponseBody: 
2026-02-11 12:28:26.582 +05:00 [INF] HTTP GET /swagger/index.html responded 404 in 1028.1377 ms
2026-02-11 12:30:21.811 +05:00 [WRN] JWT authentication failed
Microsoft.IdentityModel.Tokens.SecurityTokenExpiredException: IDX10223: Lifetime validation failed. The token is expired. ValidTo (UTC): '2/10/2026 9:25:16 AM', Current time (UTC): '2/11/2026 7:30:21 AM'.
   at Microsoft.IdentityModel.Tokens.Validators.ValidateLifetime(Nullable`1 notBefore, Nullable`1 expires, SecurityToken securityToken, TokenValidationParameters validationParameters)
   at Microsoft.IdentityModel.JsonWebTokens.JsonWebTokenHandler.ValidateTokenPayloadAsync(JsonWebToken jsonWebToken, TokenValidationParameters validationParameters, BaseConfiguration configuration)
   at Microsoft.IdentityModel.JsonWebTokens.JsonWebTokenHandler.ValidateJWSAsync(JsonWebToken jsonWebToken, TokenValidationParameters validationParameters, BaseConfiguration configuration)
2026-02-11 12:30:21.814 +05:00 [WRN] JWT authentication failed
Microsoft.IdentityModel.Tokens.SecurityTokenExpiredException: IDX10223: Lifetime validation failed. The token is expired. ValidTo (UTC): '2/10/2026 9:25:16 AM', Current time (UTC): '2/11/2026 7:30:21 AM'.
   at Microsoft.IdentityModel.Tokens.Validators.ValidateLifetime(Nullable`1 notBefore, Nullable`1 expires, SecurityToken securityToken, TokenValidationParameters validationParameters)
   at Microsoft.IdentityModel.JsonWebTokens.JsonWebTokenHandler.ValidateTokenPayloadAsync(JsonWebToken jsonWebToken, TokenValidationParameters validationParameters, BaseConfiguration configuration)
   at Microsoft.IdentityModel.JsonWebTokens.JsonWebTokenHandler.ValidateJWSAsync(JsonWebToken jsonWebToken, TokenValidationParameters validationParameters, BaseConfiguration configuration)
2026-02-11 12:30:21.811 +05:00 [WRN] JWT authentication failed
Microsoft.IdentityModel.Tokens.SecurityTokenExpiredException: IDX10223: Lifetime validation failed. The token is expired. ValidTo (UTC): '2/10/2026 9:25:16 AM', Current time (UTC): '2/11/2026 7:30:21 AM'.
   at Microsoft.IdentityModel.Tokens.Validators.ValidateLifetime(Nullable`1 notBefore, Nullable`1 expires, SecurityToken securityToken, TokenValidationParameters validationParameters)
   at Microsoft.IdentityModel.JsonWebTokens.JsonWebTokenHandler.ValidateTokenPayloadAsync(JsonWebToken jsonWebToken, TokenValidationParameters validationParameters, BaseConfiguration configuration)
   at Microsoft.IdentityModel.JsonWebTokens.JsonWebTokenHandler.ValidateJWSAsync(JsonWebToken jsonWebToken, TokenValidationParameters validationParameters, BaseConfiguration configuration)
2026-02-11 12:30:21.811 +05:00 [WRN] JWT authentication failed
Microsoft.IdentityModel.Tokens.SecurityTokenExpiredException: IDX10223: Lifetime validation failed. The token is expired. ValidTo (UTC): '2/10/2026 9:25:16 AM', Current time (UTC): '2/11/2026 7:30:21 AM'.
   at Microsoft.IdentityModel.Tokens.Validators.ValidateLifetime(Nullable`1 notBefore, Nullable`1 expires, SecurityToken securityToken, TokenValidationParameters validationParameters)
   at Microsoft.IdentityModel.JsonWebTokens.JsonWebTokenHandler.ValidateTokenPayloadAsync(JsonWebToken jsonWebToken, TokenValidationParameters validationParameters, BaseConfiguration configuration)
   at Microsoft.IdentityModel.JsonWebTokens.JsonWebTokenHandler.ValidateJWSAsync(JsonWebToken jsonWebToken, TokenValidationParameters validationParameters, BaseConfiguration configuration)
2026-02-11 12:30:21.811 +05:00 [WRN] JWT authentication failed
Microsoft.IdentityModel.Tokens.SecurityTokenExpiredException: IDX10223: Lifetime validation failed. The token is expired. ValidTo (UTC): '2/10/2026 9:25:16 AM', Current time (UTC): '2/11/2026 7:30:21 AM'.
   at Microsoft.IdentityModel.Tokens.Validators.ValidateLifetime(Nullable`1 notBefore, Nullable`1 expires, SecurityToken securityToken, TokenValidationParameters validationParameters)
   at Microsoft.IdentityModel.JsonWebTokens.JsonWebTokenHandler.ValidateTokenPayloadAsync(JsonWebToken jsonWebToken, TokenValidationParameters validationParameters, BaseConfiguration configuration)
   at Microsoft.IdentityModel.JsonWebTokens.JsonWebTokenHandler.ValidateJWSAsync(JsonWebToken jsonWebToken, TokenValidationParameters validationParameters, BaseConfiguration configuration)
2026-02-11 12:30:21.811 +05:00 [WRN] JWT authentication failed
Microsoft.IdentityModel.Tokens.SecurityTokenExpiredException: IDX10223: Lifetime validation failed. The token is expired. ValidTo (UTC): '2/10/2026 9:25:16 AM', Current time (UTC): '2/11/2026 7:30:21 AM'.
   at Microsoft.IdentityModel.Tokens.Validators.ValidateLifetime(Nullable`1 notBefore, Nullable`1 expires, SecurityToken securityToken, TokenValidationParameters validationParameters)
   at Microsoft.IdentityModel.JsonWebTokens.JsonWebTokenHandler.ValidateTokenPayloadAsync(JsonWebToken jsonWebToken, TokenValidationParameters validationParameters, BaseConfiguration configuration)
   at Microsoft.IdentityModel.JsonWebTokens.JsonWebTokenHandler.ValidateJWSAsync(JsonWebToken jsonWebToken, TokenValidationParameters validationParameters, BaseConfiguration configuration)
2026-02-11 12:30:23.023 +05:00 [WRN] Blocking unauthorized request to downstream /api/participants/all. IsAuthenticated: false, User: Anonymous
2026-02-11 12:30:23.064 +05:00 [WRN] Blocking unauthorized request to downstream /api/promotions/actions. IsAuthenticated: false, User: Anonymous
2026-02-11 12:30:23.098 +05:00 [WRN] Blocking unauthorized request to downstream /api/promotions/customer-relations. IsAuthenticated: false, User: Anonymous
2026-02-11 12:30:23.128 +05:00 [WRN] Blocking unauthorized request to downstream /api/promotions/delivery-points. IsAuthenticated: false, User: Anonymous
2026-02-11 12:30:23.397 +05:00 [INF] HTTP GET /api/promotions/delivery-points responded 401 in 2961.8409 ms | User: Anonymous (N/A) | IP: ::1 | RequestBody:  | ResponseBody: 
2026-02-11 12:30:23.313 +05:00 [INF] HTTP GET /api/promotions/actions responded 401 in 2881.3030 ms | User: Anonymous (N/A) | IP: ::1 | RequestBody:  | ResponseBody: 
2026-02-11 12:30:23.345 +05:00 [INF] HTTP GET /api/promotions/customer-relations responded 401 in 2909.7615 ms | User: Anonymous (N/A) | IP: ::1 | RequestBody:  | ResponseBody: 
2026-02-11 12:30:23.295 +05:00 [INF] HTTP GET /api/participants/all responded 401 in 2859.0154 ms | User: Anonymous (N/A) | IP: ::1 | RequestBody:  | ResponseBody: 
2026-02-11 12:30:23.696 +05:00 [INF] HTTP GET /api/promotions/actions responded 401 in 3269.9017 ms
2026-02-11 12:30:23.809 +05:00 [INF] HTTP GET /api/participants/all responded 401 in 3378.6483 ms
2026-02-11 12:30:23.724 +05:00 [INF] HTTP GET /api/promotions/customer-relations responded 401 in 3294.2751 ms
2026-02-11 12:30:23.691 +05:00 [INF] HTTP GET /api/promotions/delivery-points responded 401 in 3258.9913 ms
2026-02-11 12:30:24.480 +05:00 [WRN] JWT authentication failed
Microsoft.IdentityModel.Tokens.SecurityTokenExpiredException: IDX10223: Lifetime validation failed. The token is expired. ValidTo (UTC): '2/10/2026 9:25:16 AM', Current time (UTC): '2/11/2026 7:30:24 AM'.
   at Microsoft.IdentityModel.Tokens.Validators.ValidateLifetime(Nullable`1 notBefore, Nullable`1 expires, SecurityToken securityToken, TokenValidationParameters validationParameters)
   at Microsoft.IdentityModel.JsonWebTokens.JsonWebTokenHandler.ValidateTokenPayloadAsync(JsonWebToken jsonWebToken, TokenValidationParameters validationParameters, BaseConfiguration configuration)
   at Microsoft.IdentityModel.JsonWebTokens.JsonWebTokenHandler.ValidateJWSAsync(JsonWebToken jsonWebToken, TokenValidationParameters validationParameters, BaseConfiguration configuration)
2026-02-11 12:30:24.573 +05:00 [WRN] JWT authentication failed
Microsoft.IdentityModel.Tokens.SecurityTokenExpiredException: IDX10223: Lifetime validation failed. The token is expired. ValidTo (UTC): '2/10/2026 9:25:16 AM', Current time (UTC): '2/11/2026 7:30:24 AM'.
   at Microsoft.IdentityModel.Tokens.Validators.ValidateLifetime(Nullable`1 notBefore, Nullable`1 expires, SecurityToken securityToken, TokenValidationParameters validationParameters)
   at Microsoft.IdentityModel.JsonWebTokens.JsonWebTokenHandler.ValidateTokenPayloadAsync(JsonWebToken jsonWebToken, TokenValidationParameters validationParameters, BaseConfiguration configuration)
   at Microsoft.IdentityModel.JsonWebTokens.JsonWebTokenHandler.ValidateJWSAsync(JsonWebToken jsonWebToken, TokenValidationParameters validationParameters, BaseConfiguration configuration)
2026-02-11 12:30:24.550 +05:00 [WRN] JWT authentication failed
Microsoft.IdentityModel.Tokens.SecurityTokenExpiredException: IDX10223: Lifetime validation failed. The token is expired. ValidTo (UTC): '2/10/2026 9:25:16 AM', Current time (UTC): '2/11/2026 7:30:24 AM'.
   at Microsoft.IdentityModel.Tokens.Validators.ValidateLifetime(Nullable`1 notBefore, Nullable`1 expires, SecurityToken securityToken, TokenValidationParameters validationParameters)
   at Microsoft.IdentityModel.JsonWebTokens.JsonWebTokenHandler.ValidateTokenPayloadAsync(JsonWebToken jsonWebToken, TokenValidationParameters validationParameters, BaseConfiguration configuration)
   at Microsoft.IdentityModel.JsonWebTokens.JsonWebTokenHandler.ValidateJWSAsync(JsonWebToken jsonWebToken, TokenValidationParameters validationParameters, BaseConfiguration configuration)
2026-02-11 12:30:24.631 +05:00 [WRN] JWT authentication failed
Microsoft.IdentityModel.Tokens.SecurityTokenExpiredException: IDX10223: Lifetime validation failed. The token is expired. ValidTo (UTC): '2/10/2026 9:25:16 AM', Current time (UTC): '2/11/2026 7:30:24 AM'.
   at Microsoft.IdentityModel.Tokens.Validators.ValidateLifetime(Nullable`1 notBefore, Nullable`1 expires, SecurityToken securityToken, TokenValidationParameters validationParameters)
   at Microsoft.IdentityModel.JsonWebTokens.JsonWebTokenHandler.ValidateTokenPayloadAsync(JsonWebToken jsonWebToken, TokenValidationParameters validationParameters, BaseConfiguration configuration)
   at Microsoft.IdentityModel.JsonWebTokens.JsonWebTokenHandler.ValidateJWSAsync(JsonWebToken jsonWebToken, TokenValidationParameters validationParameters, BaseConfiguration configuration)
2026-02-11 12:30:24.631 +05:00 [WRN] Blocking unauthorized request to downstream /api/promotions/dashboard/metrics. IsAuthenticated: false, User: Anonymous
2026-02-11 12:30:24.828 +05:00 [WRN] Blocking unauthorized request to downstream /api/participants/all. IsAuthenticated: false, User: Anonymous
2026-02-11 12:30:24.926 +05:00 [INF] HTTP GET /api/promotions/dashboard/metrics responded 401 in 503.8486 ms | User: Anonymous (N/A) | IP: ::1 | RequestBody:  | ResponseBody: 
2026-02-11 12:30:24.846 +05:00 [WRN] Blocking unauthorized request to downstream /api/promotions/actions. IsAuthenticated: false, User: Anonymous
2026-02-11 12:30:25.558 +05:00 [INF] HTTP GET /api/participants/all responded 401 in 994.6077 ms | User: Anonymous (N/A) | IP: ::1 | RequestBody:  | ResponseBody: 
2026-02-11 12:30:26.014 +05:00 [INF] HTTP GET /api/promotions/dashboard/metrics responded 401 in 1591.7321 ms
2026-02-11 12:30:26.086 +05:00 [INF] HTTP GET /api/promotions/actions responded 401 in 1460.9818 ms | User: Anonymous (N/A) | IP: ::1 | RequestBody:  | ResponseBody: 
2026-02-11 12:30:26.112 +05:00 [INF] HTTP GET /api/participants/all responded 401 in 1548.2078 ms
2026-02-11 12:30:26.159 +05:00 [INF] HTTP GET /api/promotions/actions responded 401 in 1534.7331 ms
2026-02-11 12:30:26.240 +05:00 [WRN] JWT authentication failed
Microsoft.IdentityModel.Tokens.SecurityTokenExpiredException: IDX10223: Lifetime validation failed. The token is expired. ValidTo (UTC): '2/10/2026 9:25:16 AM', Current time (UTC): '2/11/2026 7:30:26 AM'.
   at Microsoft.IdentityModel.Tokens.Validators.ValidateLifetime(Nullable`1 notBefore, Nullable`1 expires, SecurityToken securityToken, TokenValidationParameters validationParameters)
   at Microsoft.IdentityModel.JsonWebTokens.JsonWebTokenHandler.ValidateTokenPayloadAsync(JsonWebToken jsonWebToken, TokenValidationParameters validationParameters, BaseConfiguration configuration)
   at Microsoft.IdentityModel.JsonWebTokens.JsonWebTokenHandler.ValidateJWSAsync(JsonWebToken jsonWebToken, TokenValidationParameters validationParameters, BaseConfiguration configuration)
2026-02-11 12:30:26.256 +05:00 [WRN] JWT authentication failed
Microsoft.IdentityModel.Tokens.SecurityTokenExpiredException: IDX10223: Lifetime validation failed. The token is expired. ValidTo (UTC): '2/10/2026 9:25:16 AM', Current time (UTC): '2/11/2026 7:30:26 AM'.
   at Microsoft.IdentityModel.Tokens.Validators.ValidateLifetime(Nullable`1 notBefore, Nullable`1 expires, SecurityToken securityToken, TokenValidationParameters validationParameters)
   at Microsoft.IdentityModel.JsonWebTokens.JsonWebTokenHandler.ValidateTokenPayloadAsync(JsonWebToken jsonWebToken, TokenValidationParameters validationParameters, BaseConfiguration configuration)
   at Microsoft.IdentityModel.JsonWebTokens.JsonWebTokenHandler.ValidateJWSAsync(JsonWebToken jsonWebToken, TokenValidationParameters validationParameters, BaseConfiguration configuration)
2026-02-11 12:30:26.287 +05:00 [WRN] JWT authentication failed
Microsoft.IdentityModel.Tokens.SecurityTokenExpiredException: IDX10223: Lifetime validation failed. The token is expired. ValidTo (UTC): '2/10/2026 9:25:16 AM', Current time (UTC): '2/11/2026 7:30:26 AM'.
   at Microsoft.IdentityModel.Tokens.Validators.ValidateLifetime(Nullable`1 notBefore, Nullable`1 expires, SecurityToken securityToken, TokenValidationParameters validationParameters)
   at Microsoft.IdentityModel.JsonWebTokens.JsonWebTokenHandler.ValidateTokenPayloadAsync(JsonWebToken jsonWebToken, TokenValidationParameters validationParameters, BaseConfiguration configuration)
   at Microsoft.IdentityModel.JsonWebTokens.JsonWebTokenHandler.ValidateJWSAsync(JsonWebToken jsonWebToken, TokenValidationParameters validationParameters, BaseConfiguration configuration)
2026-02-11 12:30:26.351 +05:00 [WRN] Blocking unauthorized request to downstream /api/promotions/customer-relations. IsAuthenticated: false, User: Anonymous
2026-02-11 12:30:26.361 +05:00 [WRN] Blocking unauthorized request to downstream /api/promotions/delivery-points. IsAuthenticated: false, User: Anonymous
2026-02-11 12:30:26.420 +05:00 [WRN] Blocking unauthorized request to downstream /api/promotions/dashboard/metrics. IsAuthenticated: false, User: Anonymous
2026-02-11 12:30:26.439 +05:00 [INF] HTTP GET /api/promotions/customer-relations responded 401 in 201.9798 ms | User: Anonymous (N/A) | IP: ::1 | RequestBody:  | ResponseBody: 
2026-02-11 12:30:26.451 +05:00 [INF] HTTP GET /api/promotions/delivery-points responded 401 in 212.7250 ms | User: Anonymous (N/A) | IP: ::1 | RequestBody:  | ResponseBody: 
2026-02-11 12:30:26.523 +05:00 [INF] HTTP GET /api/promotions/dashboard/metrics responded 401 in 245.8956 ms | User: Anonymous (N/A) | IP: ::1 | RequestBody:  | ResponseBody: 
2026-02-11 12:30:26.592 +05:00 [INF] HTTP GET /api/promotions/customer-relations responded 401 in 355.0692 ms
2026-02-11 12:30:26.655 +05:00 [INF] HTTP GET /api/promotions/delivery-points responded 401 in 417.0497 ms
2026-02-11 12:30:26.676 +05:00 [INF] HTTP GET /api/promotions/dashboard/metrics responded 401 in 398.9755 ms
2026-02-11 12:30:37.609 +05:00 [INF] HTTP GET /api/gateway/health responded 200 in 9479.9213 ms | User: Anonymous (N/A) | IP: ::1 | RequestBody:  | ResponseBody: {"status":"Healthy","timestamp":"2026-02-11T07:30:37.4695469Z","services":[{"service":"Promotions API","url":"http://localhost:5137/api/health","status":"Healthy","responseTime":"4358ms","statusCode":200},{"service":"SSO API","url":"http://localhost:5253/api/health","status":"Healthy","responseTime":"4978ms","statusCode":200}]}
2026-02-11 12:30:37.609 +05:00 [INF] HTTP GET /api/gateway/health responded 200 in 4398.0470 ms | User: Anonymous (N/A) | IP: ::1 | RequestBody:  | ResponseBody: {"status":"Healthy","timestamp":"2026-02-11T07:30:37.4690514Z","services":[{"service":"Promotions API","url":"http://localhost:5137/api/health","status":"Healthy","responseTime":"582ms","statusCode":200},{"service":"SSO API","url":"http://localhost:5253/api/health","status":"Healthy","responseTime":"3674ms","statusCode":200}]}
2026-02-11 12:30:37.609 +05:00 [INF] HTTP GET /api/gateway/health responded 200 in 13064.5858 ms | User: Anonymous (N/A) | IP: ::1 | RequestBody:  | ResponseBody: {"status":"Healthy","timestamp":"2026-02-11T07:30:37.4698688Z","services":[{"service":"Promotions API","url":"http://localhost:5137/api/health","status":"Healthy","responseTime":"7634ms","statusCode":200},{"service":"SSO API","url":"http://localhost:5253/api/health","status":"Healthy","responseTime":"4994ms","statusCode":200}]}
2026-02-11 12:30:37.609 +05:00 [INF] HTTP GET /api/gateway/health responded 200 in 9529.3415 ms | User: Anonymous (N/A) | IP: ::1 | RequestBody:  | ResponseBody: {"status":"Healthy","timestamp":"2026-02-11T07:30:37.4672764Z","services":[{"service":"Promotions API","url":"http://localhost:5137/api/health","status":"Healthy","responseTime":"4446ms","statusCode":200},{"service":"SSO API","url":"http://localhost:5253/api/health","status":"Healthy","responseTime":"4939ms","statusCode":200}]}
2026-02-11 12:30:37.609 +05:00 [INF] HTTP GET /api/gateway/health responded 200 in 17173.7842 ms | User: Anonymous (N/A) | IP: ::1 | RequestBody:  | ResponseBody: {"status":"Healthy","timestamp":"2026-02-11T07:30:37.5811175Z","services":[{"service":"Promotions API","url":"http://localhost:5137/api/health","status":"Healthy","responseTime":"8854ms","statusCode":200},{"service":"SSO API","url":"http://localhost:5253/api/health","status":"Healthy","responseTime":"5051ms","statusCode":200}]}
2026-02-11 12:30:37.610 +05:00 [INF] HTTP GET /api/gateway/health responded 200 in 17173.5458 ms | User: Anonymous (N/A) | IP: ::1 | RequestBody:  | ResponseBody: {"status":"Healthy","timestamp":"2026-02-11T07:30:37.5018533Z","services":[{"service":"Promotions API","url":"http://localhost:5137/api/health","status":"Healthy","responseTime":"8798ms","statusCode":200},{"service":"SSO API","url":"http://localhost:5253/api/health","status":"Healthy","responseTime":"5027ms","statusCode":200}]}
2026-02-11 12:30:37.931 +05:00 [INF] HTTP GET /api/gateway/health responded 200 in 9802.1127 ms
2026-02-11 12:30:37.991 +05:00 [INF] HTTP GET /api/gateway/health responded 200 in 9910.7291 ms
2026-02-11 12:30:38.008 +05:00 [INF] HTTP GET /api/gateway/health responded 200 in 17577.8019 ms
2026-02-11 12:30:37.975 +05:00 [INF] HTTP GET /api/gateway/health responded 200 in 13430.1799 ms
2026-02-11 12:30:38.039 +05:00 [INF] HTTP GET /api/gateway/health responded 200 in 17608.9327 ms
2026-02-11 12:30:37.960 +05:00 [INF] HTTP GET /api/gateway/health responded 200 in 4748.4500 ms
2026-02-11 12:30:38.173 +05:00 [INF] HTTP GET /api/gateway/health responded 200 in 109.2302 ms | User: Anonymous (N/A) | IP: ::1 | RequestBody:  | ResponseBody: {"status":"Healthy","timestamp":"2026-02-11T07:30:38.1724484Z","services":[{"service":"Promotions API","url":"http://localhost:5137/api/health","status":"Healthy","responseTime":"60ms","statusCode":200},{"service":"SSO API","url":"http://localhost:5253/api/health","status":"Healthy","responseTime":"47ms","statusCode":200}]}
2026-02-11 12:30:38.190 +05:00 [INF] HTTP GET /api/gateway/health responded 200 in 126.2674 ms
2026-02-11 12:30:40.144 +05:00 [INF] Forwarding request POST /api/auth/login to http://localhost:5253/api/auth/login
2026-02-11 12:30:44.087 +05:00 [INF] HTTP GET /api/gateway/health responded 200 in 74.1737 ms | User: Anonymous (N/A) | IP: ::1 | RequestBody:  | ResponseBody: {"status":"Healthy","timestamp":"2026-02-11T07:30:44.0861523Z","services":[{"service":"Promotions API","url":"http://localhost:5137/api/health","status":"Healthy","responseTime":"38ms","statusCode":200},{"service":"SSO API","url":"http://localhost:5253/api/health","status":"Healthy","responseTime":"33ms","statusCode":200}]}
2026-02-11 12:30:44.112 +05:00 [INF] HTTP GET /api/gateway/health responded 200 in 99.5033 ms
2026-02-11 12:30:48.150 +05:00 [INF] HTTP GET /api/gateway/health responded 200 in 87.6820 ms | User: Anonymous (N/A) | IP: ::1 | RequestBody:  | ResponseBody: {"status":"Healthy","timestamp":"2026-02-11T07:30:48.1493164Z","services":[{"service":"Promotions API","url":"http://localhost:5137/api/health","status":"Healthy","responseTime":"49ms","statusCode":200},{"service":"SSO API","url":"http://localhost:5253/api/health","status":"Healthy","responseTime":"36ms","statusCode":200}]}
2026-02-11 12:30:48.166 +05:00 [INF] HTTP GET /api/gateway/health responded 200 in 104.0135 ms
2026-02-11 12:30:52.834 +05:00 [INF] Received response 200 from http://localhost:5253/api/auth/login
2026-02-11 12:30:52.850 +05:00 [INF] HTTP POST /api/auth/login responded 200 in 12755.1616 ms | User: Anonymous (N/A) | IP: ::1 | RequestBody: {"Email":"haris@gmail.com","Password":"haris123"} | ResponseBody: {"accessToken":"eyJhbGciOiJIUzI1NiIsInR5cCI6IkpXVCJ9.eyJzdWIiOiIyMyIsImVtYWlsIjoiaGFyaXNAZ21haWwuY29tIiwidW5pcXVlX25hbWUiOiJoYXJpcyIsImh0dHA6Ly9zY2hlbWFzLm1pY3Jvc29mdC5jb20vd3MvMjAwOC8wNi9pZGVudGl0eS9jbGFpbXMvcm9sZSI6IkFkbWluIiwiU2Vzc2lvbklkIjoiOGE1OWQ5NGMtMzE4ZS00MmUxLTlkY2YtYTYyZmRkODI0MjA2IiwiZXhwIjoxNzcwODAyMjUyLCJpc3MiOiJNeUNvbXBhbnkiLCJhdWQiOiJNeUNvbXBhbnlVc2VycyJ9.2MC8HrA69zAALFIU2Qo7BTskTpfPdC_Gxh7XZBh858E","refreshToken":"9bd0a6a1-43c3-4afd-b56f-4adc275ccee1","userName":"haris"}
2026-02-11 12:30:52.878 +05:00 [INF] HTTP POST /api/auth/login responded 200 in 12783.4318 ms
2026-02-11 12:30:53.095 +05:00 [INF] JWT validated for haris
2026-02-11 12:30:53.095 +05:00 [INF] JWT validated for haris
2026-02-11 12:30:53.095 +05:00 [INF] JWT validated for haris
2026-02-11 12:30:53.095 +05:00 [INF] JWT validated for haris
2026-02-11 12:30:53.095 +05:00 [INF] JWT validated for haris
2026-02-11 12:30:53.119 +05:00 [INF] Forwarding request GET /api/promotions/customer-relations to http://localhost:5137/api/promotions/customer-relations
2026-02-11 12:30:53.119 +05:00 [INF] Forwarding request GET /api/promotions/dashboard/metrics to http://localhost:5137/api/promotions/dashboard/metrics
2026-02-11 12:30:53.124 +05:00 [INF] Forwarding request GET /api/promotions/actions to http://localhost:5137/api/promotions/actions
2026-02-11 12:30:53.121 +05:00 [INF] Forwarding request GET /api/promotions/delivery-points to http://localhost:5137/api/promotions/delivery-points
2026-02-11 12:30:53.122 +05:00 [INF] Forwarding request GET /api/participants/all to http://localhost:5137/api/participants/all
2026-02-11 12:30:53.281 +05:00 [INF] JWT validated for haris
2026-02-11 12:30:53.382 +05:00 [INF] HTTP GET /api/gateway/health responded 200 in 102.4300 ms | User: haris (23) | IP: ::1 | RequestBody:  | ResponseBody: {"status":"Healthy","timestamp":"2026-02-11T07:30:53.381143Z","services":[{"service":"Promotions API","url":"http://localhost:5137/api/health","status":"Healthy","responseTime":"65ms","statusCode":200},{"service":"SSO API","url":"http://localhost:5253/api/health","status":"Healthy","responseTime":"20ms","statusCode":200}]}
2026-02-11 12:30:53.395 +05:00 [INF] HTTP GET /api/gateway/health responded 200 in 115.7475 ms
2026-02-11 12:30:55.313 +05:00 [INF] Received response 200 from http://localhost:5137/api/promotions/customer-relations
2026-02-11 12:30:55.325 +05:00 [INF] HTTP GET /api/promotions/customer-relations responded 200 in 2272.5677 ms | User: haris (23) | IP: ::1 | RequestBody:  | ResponseBody: [{"idAction":0,"codHier":"5555","codDiv":"div5555","codNode":"f5555","idLevel":1,"dteStart":"2026-01-15T00:00:00","codParentNode":"root","dteEnd":null},{"idAction":0,"codHier":"56","codDiv":"565","codNode":"56","idLevel":55,"dteStart":"2026-01-29T00:44:00","codParentNode":"haseeb","dteEnd":"2026-01-26T00:44:00"},{"idAction":0,"codHier":"H_1","codDiv":"D_1","codNode":"D_1","idLevel":1,"dteStart":"2026-01-30T00:00:00","codParentNode":"ROOT","dteEnd":null},{"idAction":0,"codHier":"H_1","codDiv":"D_1","codNode":"N_1","idLevel":1,"dteStart":"2026-01-30T09:35:43.289","codParentNode":"ROOT","dteEnd":null},{"idAction":0,"codHier":"H_10","codDiv":"DIV_10","codNode":"NODE_10","idLevel":10,"dteStart":"2026-01-01T14:45:00","codParentNode":"ROOT_10","dteEnd":"2026-01-31T14:44:00"},{"idAction":0,"codHier":"H_100","codDiv":"DIV_100","codNode":"NODE_100","idLevel":10,"dteStart":"2026-02-09T13:54:00","codParentNode":"ROOT_100","dteEnd":"2026-02-10T13:54:00"},{"idAction":0,"codHier":"H_1111","codDiv":"DIV_1111","codNode":"NODE_1111","idLevel":11,"dteStart":"2026-01-01T17:00:00","codParentNode":"ROOT_1111","dteEnd":"2026-01-30T17:01:00"},{"idAction":0,"codHier":"H_12","codDiv":"DIV_12","codNode":"NODE_12","idLevel":12,"dteStart":"2026-02-03T12:26:00","codParentNode":"ROOT_12","dteEnd":"2026-02-06T12:26:00"},{"idAction":0,"codHier":"H_17","codDiv":"DIV_17","codNode":"NODE_17","idLevel":17,"dteStart":"2026-02-07T15:44:00","codParentNode":"ROOT_17","dteEnd":"2026-02-24T15:44:00"},{"idAction":0,"codHier":"H_19","codDiv":"DIV_19","codNode":"NODE_19","idLevel":19,"dteStart":"2026-02-04T13:59:00","codParentNode":"ROOT_19","dteEnd":"2026-02-05T13:59:00"},{"idAction":0,"codHier":"H_200","codDiv":"DIV_200","codNode":"NODE_200","idLevel":20,"dteStart":"2026-02-10T14:14:00","codParentNode":"ROOT_200","dteEnd":"2026-02-24T14:14:00"},{"idAction":0,"codHier":"H_21","codDiv":"DIV_21","codNode":"NODE_21","idLevel":21,"dteStart":"2026-02-05T14:01:00","codParentNode":"ROOT_21","dteEnd":"2026-02-07T14:01:00"},{"idAction":0,"codHier":"H_222","codDiv":"DIV_222","codNode":"NODE_222","idLevel":222,"dteStart":"2026-02-04T12:53:00","codParentNode":"ROOT_222","dteEnd":"2026-02-06T12:53:00"},{"idAction":0,"codHier":"H_24","codDiv":"DIV_24","codNode":"NODE_24","idLevel":24,"dteStart":"2026-02-04T12:48:00","codParentNode":"ROOT_24","dteEnd":"2026-02-05T12:48:00"},{"idAction":0,"codHier":"H_25","codDiv":"DIV_25","codNode":"NODE_25","idLevel":25,"dteStart":"2026-02-10T14:04:00","codParentNode":"ROOT_25","dteEnd":"2026-02-11T14:04:00"},{"idAction":0,"codHier":"H_3","codDiv":"DIV_3","codNode":"NODE_3","idLevel":3,"dteStart":"2026-01-01T10:45:00","codParentNode":"ROOT_3","dteEnd":"2026-01-30T10:44:00"},{"idAction":0,"codHier":"H_5","codDiv":"DIV_5","codNode":"NODE_5","idLevel":5,"dteStart":"2026-01-30T10:50:00","codParentNode":"ROOT_5","dteEnd":"2026-01-31T10:48:00"},{"idAction":0,"codHier":"H_6","codDiv":"DIV_6","codNode":"NODE_6","idLevel":6,"dteStart":"2026-01-30T15:01:00","codParentNode":"ROOT_6","dteEnd":"2026-01-31T15:01:00"},{"idAction":0,"codHier":"H_656565","codDiv":"DIV_656565","codNode":"C_656565","idLevel":9,"dteStart":"2026-01-20T00:00:00","codParentNode":"ROOT","dteEnd":null},{"idAction":0,"codHier":"H_676767","codDiv":"DIV_676767","codNode":"NODE_676767","idLevel":676767,"dteStart":"2026-01-31T00:00:00","codParentNode":"ROOT","dteEnd":null},{"idAction":0,"codHier":"H_7","codDiv":"DIV_7","codNode":"NODE_7","idLevel":7,"dteStart":"2026-02-02T12:04:00","codParentNode":"ROOT_7","dteEnd":"2026-02-04T12:04:00"},{"idAction":0,"codHier":"H_87","codDiv":"DIV_87","codNode":"NODE_87","idLevel":87,"dteStart":"2026-02-06T14:07:00","codParentNode":"ROOT_87","dteEnd":"2026-02-26T14:07:00"},{"idAction":0,"codHier":"H_98","codDiv":"DIV_98","codNode":"NODE_98","idLevel":98,"dteStart":"2026-01-30T18:25:00","codParentNode":"ROOT_98","dteEnd":"2026-01-31T18:25:00"},{"idAction":0,"codHier":"H_999","codDiv":"D_5878","codNode":"N_878","idLevel":8,"dteStart":"2026-01-14T00:00:00","codParentNode":"ROOT","dteEnd":null},{"idAction":0,"codHier":"H_A","codDiv":"DIV_A","codNode":"NODE_A","idLevel":1,"dteStart":"2026-02-01T18:26:00","codParentNode":"ROOT_A","dteEnd":"2026-02-14T18:26:00"},{"idAction":0,"codHier":"H-1010","codDiv":"D-1010","codNode":"C-1010","idLevel":1,"dteStart":"2026-01-01T11:54:00","codParentNode":"root","dteEnd":"2026-01-12T11:54:00"},{"idAction":0,"codHier":"H-11","codDiv":"DIV-11","codNode":"C-11","idLevel":11,"dteStart":"2026-01-01T15:05:00","codParentNode":"ROOT","dteEnd":"2026-01-31T15:05:00"},{"idAction":0,"codHier":"H-1111","codDiv":"DIV-1111","codNode":"CUST-1111","idLevel":10,"dteStart":"2026-01-01T00:00:00","codParentNode":"ROOT","dteEnd":null},{"idAction":0,"codHier":"H-1414","codDiv":"D-1414","codNode":"C-1414","idLevel":4,"dteStart":"2026-01-01T14:45:00","codParentNode":"ROOT","dteEnd":"2026-01-15T14:45:00"},{"idAction":0,"codHier":"H-2","codDiv":"DIV-2","codNode":"CUST-2","idLevel":2,"dteStart":"2026-01-01T12:40:00","codParentNode":"ROOT","dteEnd":"2026-01-16T12:37:00"},{"idAction":0,"codHier":"H-2","codDiv":"DIV-2","codNode":"CUST-2","idLevel":2,"dteStart":"2026-01-21T12:37:00","codParentNode":"ROOT","dteEnd":"2026-01-24T12:37:00"},{"idAction":0,"codHier":"H-2020","codDiv":"D-2020","codNode":"C-2020","idLevel":2,"dteStart":"2026-01-02T12:27:00","codParentNode":"root","dteEnd":"2026-01-30T12:27:00"},{"idAction":0,"codHier":"H-2255","codDiv":"DIV-2255","codNode":"CUST-2255","idLevel":10,"dteStart":"2026-01-01T00:00:00","codParentNode":"ROOT","dteEnd":null},{"idAction":0,"codHier":"H-2323","codDiv":"D-2323","codNode":"C-2323","idLevel":4,"dteStart":"2026-01-01T12:48:00","codParentNode":"ROOT","dteEnd":"2026-01-12T12:49:00"},{"idAction":0,"codHier":"H-3333","codDiv":"DIV-3333","codNode":"CUST-3333","idLevel":10,"dteStart":"2026-01-01T00:00:00","codParentNode":"ROOT","dteEnd":null},{"idAction":0,"codHier":"H-3344","codDiv":"DIV-3345","codNode":"CUST-3345","idLevel":10,"dteStart":"2026-01-01T00:00:00","codParentNode":"ROOT","dteEnd":null},{"idAction":0,"codHier":"H-3345","codDiv":"DIV-3345","codNode":"CUST-3345","idLevel":10,"dteStart":"2026-01-01T00:00:00","codParentNode":"ROOT","dteEnd":null},{"idAction":0,"codHier":"H-4","codDiv":"DIV-4","codNode":"CUST-4","idLevel":4,"dteStart":"2026-01-01T14:44:00","codParentNode":"ROOT","dteEnd":"2026-01-02T14:44:00"},{"idAction":0,"codHier":"H-5555","codDiv":"DIV-5555","codNode":"CUST-5555","idLevel":10,"dteStart":"2026-01-01T00:00:00","codParentNode":"ROOT","dteEnd":null},{"idAction":0,"codHier":"H-6000","codDiv":"DIV-6000","codNode":"CUST-6000","idLevel":10,"dteStart":"2026-01-01T00:00:00","codParentNode":"ROOT","dteEnd":"2026-12-31T00:00:00"},{"idAction":0,"codHier":"H-6666","codDiv":"DIV-6666","codNode":"CUST-6666","idLevel":10,"dteStart":"2026-01-17T01:30:00","codParentNode":"ROOT","dteEnd":"2026-01-18T01:30:00"},{"idAction":0,"codHier":"H-6767","codDiv":"DIV-6767","codNode":"CUST-6767","idLevel":5,"dteStart":"2026-01-01T12:15:00","codParentNode":"ROOT","dteEnd":"2026-01-08T12:15:00"},{"idAction":0,"codHier":"H-7000","codDiv":"DIV-7000","codNode":"CUST-7000","idLevel":10,"dteStart":"2026-01-01T00:00:00","codParentNode":"ROOT","dteEnd":null},{"idAction":0,"codHier":"H-7777","codDiv":"DIV-7777","codNode":"CUST-7777","idLevel":10,"dteStart":"2026-01-01T00:00:00","codParentNode":"ROOT","dteEnd":null},{"idAction":0,"codHier":"H-7878","codDiv":"DIV-7878","codNode":"CUST-7878","idLevel":3,"dteStart":"2026-01-18T11:43:00","codParentNode":"ROOT","dteEnd":"2026-01-19T11:43:00"},{"idAction":0,"codHier":"H-8000","codDiv":"DIV-8000","codNode":"CUST-8000","idLevel":10,"dteStart":"2026-01-01T00:00:00","codParentNode":"ROOT","dteEnd":null},{"idAction":0,"codHier":"H-8888","codDiv":"DIV-8888","codNode":"CUST-8888","idLevel":10,"dteStart":"2026-01-01T00:00:00","codParentNode":"ROOT","dteEnd":null},{"idAction":0,"codHier":"H-9000","codDiv":"DIV-9000","codNode":"CUST-9000","idLevel":10,"dteStart":"2026-01-01T00:00:00","codParentNode":"ROOT","dteEnd":null},{"idAction":0,"codHier":"H-9999","codDiv":"DIV-9999","codNode":"CUST-9999","idLevel":10,"dteStart":"2026-01-01T00:00:00","codParentNode":"ROOT","dteEnd":null},{"idAction":0,"codHier":"HIER_CORP","codDiv":"DIV01","codNode":"NODE_9111","idLevel":1,"dteStart":"2026-01-15T00:00:00","codParentNode":"ROOT_NODE","dteEnd":null}]
2026-02-11 12:30:55.344 +05:00 [INF] Received response 200 from http://localhost:5137/api/participants/all
2026-02-11 12:30:55.348 +05:00 [INF] HTTP GET /api/promotions/customer-relations responded 200 in 2295.4948 ms
2026-02-11 12:30:55.361 +05:00 [INF] Received response 200 from http://localhost:5137/api/promotions/delivery-points
2026-02-11 12:30:55.368 +05:00 [INF] HTTP GET /api/participants/all responded 200 in 2322.1613 ms | User: haris (23) | IP: ::1 | RequestBody:  | ResponseBody: [{"idAction":3,"codParticipant":"N_1","flgInclusion":true,"codHier":"H_1","codDiv":"D_1","codNode":"N_1","idLevel":1,"dteStart":"2026-01-30T09:35:43.289"},{"idAction":3,"codParticipant":"NODE_3","flgInclusion":true,"codHier":"H_3","codDiv":"DIV_3","codNode":"NODE_3","idLevel":3,"dteStart":"2026-01-01T10:45:00"},{"idAction":3,"codParticipant":"NODE_5","flgInclusion":true,"codHier":"H_5","codDiv":"DIV_5","codNode":"NODE_5","idLevel":5,"dteStart":"2026-01-30T10:50:00"},{"idAction":5,"codParticipant":"NODE_5","flgInclusion":true,"codHier":"H_5","codDiv":"DIV_5","codNode":"NODE_5","idLevel":5,"dteStart":"2026-01-30T10:50:00"},{"idAction":6,"codParticipant":"N_9898","flgInclusion":true,"codHier":"H_999","codDiv":"D_5878","codNode":"N_878","idLevel":8,"dteStart":"2026-01-14T00:00:00"},{"idAction":6,"codParticipant":"NODE_3","flgInclusion":true,"codHier":"H_3","codDiv":"DIV_3","codNode":"NODE_3","idLevel":3,"dteStart":"2026-01-01T10:45:00"},{"idAction":6,"codParticipant":"NODE_5","flgInclusion":true,"codHier":"H_5","codDiv":"DIV_5","codNode":"NODE_5","idLevel":5,"dteStart":"2026-01-30T10:50:00"},{"idAction":6,"codParticipant":"NODE_6","flgInclusion":true,"codHier":"H_6","codDiv":"DIV_6","codNode":"NODE_6","idLevel":6,"dteStart":"2026-01-30T15:01:00"},{"idAction":6,"codParticipant":"NODE_676767","flgInclusion":true,"codHier":"H_676767","codDiv":"DIV_676767","codNode":"NODE_676767","idLevel":676767,"dteStart":"2026-01-31T00:00:00"},{"idAction":6,"codParticipant":"P-9000","flgInclusion":true,"codHier":"H-9000","codDiv":"DIV-9000","codNode":"CUST-9000","idLevel":10,"dteStart":"2026-01-01T00:00:00"},{"idAction":7,"codParticipant":"NODE_7","flgInclusion":true,"codHier":"H_7","codDiv":"DIV_7","codNode":"NODE_7","idLevel":7,"dteStart":"2026-02-02T12:04:00"},{"idAction":10,"codParticipant":"NODE_10","flgInclusion":true,"codHier":"H_10","codDiv":"DIV_10","codNode":"NODE_10","idLevel":10,"dteStart":"2026-01-01T14:45:00"},{"idAction":24,"codParticipant":"NODE_24","flgInclusion":true,"codHier":"H_24","codDiv":"DIV_24","codNode":"NODE_24","idLevel":24,"dteStart":"2026-02-04T12:48:00"},{"idAction":87,"codParticipant":"NODE_87","flgInclusion":true,"codHier":"H_87","codDiv":"DIV_87","codNode":"NODE_87","idLevel":87,"dteStart":"2026-02-06T14:07:00"},{"idAction":98,"codParticipant":"NODE_98","flgInclusion":true,"codHier":"H_98","codDiv":"DIV_98","codNode":"NODE_98","idLevel":98,"dteStart":"2026-01-30T18:25:00"},{"idAction":100,"codParticipant":"NODE_100","flgInclusion":true,"codHier":"H_100","codDiv":"DIV_100","codNode":"NODE_100","idLevel":10,"dteStart":"2026-02-09T13:54:00"},{"idAction":200,"codParticipant":"NODE_200","flgInclusion":true,"codHier":"H_200","codDiv":"DIV_200","codNode":"NODE_200","idLevel":20,"dteStart":"2026-02-10T14:14:00"},{"idAction":321,"codParticipant":"NODE_A","flgInclusion":true,"codHier":"H_A","codDiv":"DIV_A","codNode":"NODE_A","idLevel":1,"dteStart":"2026-02-01T18:26:00"},{"idAction":1111,"codParticipant":"NODE_1111","flgInclusion":true,"codHier":"H_1111","codDiv":"DIV_1111","codNode":"NODE_1111","idLevel":11,"dteStart":"2026-01-01T17:00:00"},{"idAction":2323,"codParticipant":"P-2323","flgInclusion":true,"codHier":"H-2323","codDiv":"D-2323","codNode":"C-2323","idLevel":4,"dteStart":"2026-01-01T12:48:00"},{"idAction":5005,"codParticipant":"","flgInclusion":true,"codHier":"H-9999","codDiv":"DIV-9999","codNode":"CUST-9999","idLevel":10,"dteStart":"2026-01-01T00:00:00"},{"idAction":6000,"codParticipant":"P-6000","flgInclusion":true,"codHier":"H-6000","codDiv":"DIV-6000","codNode":"CUST-6000","idLevel":10,"dteStart":"2026-01-01T00:00:00"},{"idAction":6767,"codParticipant":"P-6767","flgInclusion":false,"codHier":"H-6767","codDiv":"DIV-6767","codNode":"CUST-6767","idLevel":5,"dteStart":"2026-01-01T12:15:00"},{"idAction":7000,"codParticipant":"P-7000","flgInclusion":true,"codHier":"H-7000","codDiv":"DIV-7000","codNode":"CUST-7000","idLevel":10,"dteStart":"2026-01-01T00:00:00"},{"idAction":8888,"codParticipant":"P-8888","flgInclusion":true,"codHier":"H-8888","codDiv":"DIV-8888","codNode":"CUST-8888","idLevel":10,"dteStart":"2026-01-01T00:00:00"},{"idAction":9000,"codParticipant":"P-9000","flgInclusion":true,"codHier":"H-9000","codDiv":"DIV-9000","codNode":"CUST-9000","idLevel":10,"dteStart":"2026-01-01T00:00:00"},{"idAction":9999,"codParticipant":"P-9999","flgInclusion":true,"codHier":"H-9999","codDiv":"DIV-9999","codNode":"CUST-9999","idLevel":10,"dteStart":"2026-01-01T00:00:00"}]
2026-02-11 12:30:55.392 +05:00 [INF] JWT validated for haris
2026-02-11 12:30:55.406 +05:00 [INF] HTTP GET /api/promotions/delivery-points responded 200 in 2353.2122 ms | User: haris (23) | IP: ::1 | RequestBody:  | ResponseBody: [{"idAction":3,"codDeliveryPoint":"D_1","flgInclusion":true,"codHier":"H_1","codDiv":"D_1","codNode":"D_1","idLevel":1,"dteStart":"2026-01-30T00:00:00"},{"idAction":3,"codDeliveryPoint":"D_656565","flgInclusion":true,"codHier":"H_656565","codDiv":"DIV_656565","codNode":"C_656565","idLevel":9,"dteStart":"2026-01-20T00:00:00"},{"idAction":3,"codDeliveryPoint":"NODE_10","flgInclusion":true,"codHier":"H_10","codDiv":"DIV_10","codNode":"NODE_10","idLevel":10,"dteStart":"2026-01-01T14:45:00"},{"idAction":3,"codDeliveryPoint":"NODE_24","flgInclusion":true,"codHier":"H_24","codDiv":"DIV_24","codNode":"NODE_24","idLevel":24,"dteStart":"2026-02-04T12:48:00"},{"idAction":3,"codDeliveryPoint":"NODE_3","flgInclusion":false,"codHier":"H_3","codDiv":"DIV_3","codNode":"NODE_3","idLevel":3,"dteStart":"2026-01-01T10:45:00"},{"idAction":3,"codDeliveryPoint":"NODE_5","flgInclusion":false,"codHier":"H_5","codDiv":"DIV_5","codNode":"NODE_5","idLevel":5,"dteStart":"2026-01-30T10:50:00"},{"idAction":3,"codDeliveryPoint":"NODE_87","flgInclusion":true,"codHier":"H_87","codDiv":"DIV_87","codNode":"NODE_87","idLevel":87,"dteStart":"2026-02-06T14:07:00"},{"idAction":5,"codDeliveryPoint":"NODE_5","flgInclusion":false,"codHier":"H_5","codDiv":"DIV_5","codNode":"NODE_5","idLevel":5,"dteStart":"2026-01-30T10:50:00"},{"idAction":6,"codDeliveryPoint":"D_1","flgInclusion":true,"codHier":"H_1","codDiv":"D_1","codNode":"D_1","idLevel":1,"dteStart":"2026-01-30T00:00:00"},{"idAction":6,"codDeliveryPoint":"D_656565","flgInclusion":true,"codHier":"H_656565","codDiv":"DIV_656565","codNode":"C_656565","idLevel":9,"dteStart":"2026-01-20T00:00:00"},{"idAction":6,"codDeliveryPoint":"NODE_3","flgInclusion":false,"codHier":"H_3","codDiv":"DIV_3","codNode":"NODE_3","idLevel":3,"dteStart":"2026-01-01T10:45:00"},{"idAction":6,"codDeliveryPoint":"NODE_5","flgInclusion":false,"codHier":"H_5","codDiv":"DIV_5","codNode":"NODE_5","idLevel":5,"dteStart":"2026-01-30T10:50:00"},{"idAction":6,"codDeliveryPoint":"NODE_6","flgInclusion":true,"codHier":"H_6","codDiv":"DIV_6","codNode":"NODE_6","idLevel":6,"dteStart":"2026-01-30T15:01:00"},{"idAction":7,"codDeliveryPoint":"NODE_7","flgInclusion":true,"codHier":"H_7","codDiv":"DIV_7","codNode":"NODE_7","idLevel":7,"dteStart":"2026-02-02T12:04:00"},{"idAction":10,"codDeliveryPoint":"NODE_10","flgInclusion":true,"codHier":"H_10","codDiv":"DIV_10","codNode":"NODE_10","idLevel":10,"dteStart":"2026-01-01T14:45:00"},{"idAction":24,"codDeliveryPoint":"NODE_24","flgInclusion":true,"codHier":"H_24","codDiv":"DIV_24","codNode":"NODE_24","idLevel":24,"dteStart":"2026-02-04T12:48:00"},{"idAction":87,"codDeliveryPoint":"NODE_87","flgInclusion":true,"codHier":"H_87","codDiv":"DIV_87","codNode":"NODE_87","idLevel":87,"dteStart":"2026-02-06T14:07:00"},{"idAction":98,"codDeliveryPoint":"NODE_98","flgInclusion":true,"codHier":"H_98","codDiv":"DIV_98","codNode":"NODE_98","idLevel":98,"dteStart":"2026-01-30T18:25:00"},{"idAction":100,"codDeliveryPoint":"D_656565","flgInclusion":true,"codHier":"H_656565","codDiv":"DIV_656565","codNode":"C_656565","idLevel":9,"dteStart":"2026-01-20T00:00:00"},{"idAction":100,"codDeliveryPoint":"NODE_10","flgInclusion":true,"codHier":"H_10","codDiv":"DIV_10","codNode":"NODE_10","idLevel":10,"dteStart":"2026-01-01T14:45:00"},{"idAction":100,"codDeliveryPoint":"NODE_100","flgInclusion":true,"codHier":"H_100","codDiv":"DIV_100","codNode":"NODE_100","idLevel":10,"dteStart":"2026-02-09T13:54:00"},{"idAction":100,"codDeliveryPoint":"NODE_3","flgInclusion":false,"codHier":"H_3","codDiv":"DIV_3","codNode":"NODE_3","idLevel":3,"dteStart":"2026-01-01T10:45:00"},{"idAction":200,"codDeliveryPoint":"NODE_200","flgInclusion":true,"codHier":"H_200","codDiv":"DIV_200","codNode":"NODE_200","idLevel":20,"dteStart":"2026-02-10T14:14:00"},{"idAction":321,"codDeliveryPoint":"NODE_A","flgInclusion":true,"codHier":"H_A","codDiv":"DIV_A","codNode":"NODE_A","idLevel":1,"dteStart":"2026-02-01T18:26:00"},{"idAction":1111,"codDeliveryPoint":"NODE_1111","flgInclusion":true,"codHier":"H_1111","codDiv":"DIV_1111","codNode":"NODE_1111","idLevel":11,"dteStart":"2026-01-01T17:00:00"},{"idAction":5005,"codDeliveryPoint":"","flgInclusion":true,"codHier":"H-2255","codDiv":"DIV-2255","codNode":"CUST-2255","idLevel":10,"dteStart":"2026-01-01T00:00:00"},{"idAction":6767,"codDeliveryPoint":"DP-6767","flgInclusion":true,"codHier":"H-6767","codDiv":"DIV-6767","codNode":"CUST-6767","idLevel":5,"dteStart":"2026-01-01T12:15:00"},{"idAction":7000,"codDeliveryPoint":"DP-7000","flgInclusion":true,"codHier":"H-7000","codDiv":"DIV-7000","codNode":"CUST-7000","idLevel":10,"dteStart":"2026-01-01T00:00:00"}]
2026-02-11 12:30:55.421 +05:00 [INF] HTTP GET /api/participants/all responded 200 in 2374.8220 ms
2026-02-11 12:30:55.426 +05:00 [INF] Forwarding request GET /api/promotions/customer-relations to http://localhost:5137/api/promotions/customer-relations
2026-02-11 12:30:55.439 +05:00 [INF] JWT validated for haris
2026-02-11 12:30:55.442 +05:00 [INF] HTTP GET /api/promotions/delivery-points responded 200 in 2389.9164 ms
2026-02-11 12:30:55.474 +05:00 [INF] JWT validated for haris
2026-02-11 12:30:55.476 +05:00 [INF] Forwarding request GET /api/participants/all to http://localhost:5137/api/participants/all
2026-02-11 12:30:55.496 +05:00 [INF] Forwarding request GET /api/promotions/delivery-points to http://localhost:5137/api/promotions/delivery-points
2026-02-11 12:30:55.520 +05:00 [INF] Received response 200 from http://localhost:5137/api/promotions/actions
2026-02-11 12:30:55.531 +05:00 [INF] HTTP GET /api/promotions/actions responded 200 in 2484.8649 ms | User: haris (23) | IP: ::1 | RequestBody:  | ResponseBody: [{"idAction":3,"name":"PROMO_3","codDiv":"DIV_3","dteStartSellIn":"2026-02-01T00:00:00","dteEndSellIn":"2026-02-28T00:00:00","dteStartSellOut":"2026-01-25T00:00:00","dteEndSellOut":"2026-01-30T00:00:00","documentKey":"KEY_3","dteToShost":"2026-01-10T00:00:00","levParticipants":3},{"idAction":5,"name":"PROMO_5_5","codDiv":"DIV_5","dteStartSellIn":"2026-02-24T00:00:00","dteEndSellIn":"2026-02-21T00:00:00","dteStartSellOut":"2026-02-24T00:00:00","dteEndSellOut":"2026-02-27T00:00:00","documentKey":"DOC_KEY_is_5","dteToShost":"2026-01-18T00:00:00","levParticipants":55555555},{"idAction":6,"name":"PROMO_6","codDiv":"DIV_6","dteStartSellIn":"2026-02-01T00:00:00","dteEndSellIn":"2026-02-25T00:00:00","dteStartSellOut":"2026-01-15T00:00:00","dteEndSellOut":"2026-01-24T00:00:00","documentKey":"DOCC_6_KEY","dteToShost":"2026-01-15T00:00:00","levParticipants":6},{"idAction":7,"name":"PROMO_7","codDiv":"DIV_7","dteStartSellIn":"2026-02-06T12:05:00","dteEndSellIn":"2026-02-07T12:05:00","dteStartSellOut":"2026-02-08T12:05:00","dteEndSellOut":"2026-02-09T12:05:00","documentKey":"KEY_7","dteToShost":"2026-02-05T12:04:00","levParticipants":7},{"idAction":10,"name":"PROMO_10","codDiv":"DIV_10","dteStartSellIn":"2026-02-01T00:00:00","dteEndSellIn":"2026-02-26T00:00:00","dteStartSellOut":"2026-01-23T00:00:00","dteEndSellOut":"2026-01-24T00:00:00","documentKey":"DOCC_KEY_10","dteToShost":"2026-01-29T00:00:00","levParticipants":10},{"idAction":12,"name":"PROMO_12","codDiv":"DIV_12","dteStartSellIn":"2026-02-06T12:27:00","dteEndSellIn":"2026-02-07T12:27:00","dteStartSellOut":"2026-02-08T12:27:00","dteEndSellOut":"2026-02-09T12:27:00","documentKey":"KEY_12","dteToShost":"2026-02-03T12:26:00","levParticipants":12},{"idAction":24,"name":"PROMO_24","codDiv":"DIV_24","dteStartSellIn":"2026-02-05T12:48:00","dteEndSellIn":"2026-02-06T12:48:00","dteStartSellOut":"2026-02-07T12:48:00","dteEndSellOut":"2026-02-08T12:48:00","documentKey":"KEY_24","dteToShost":"2026-02-03T12:48:00","levParticipants":24},{"idAction":45,"name":"cccc","codDiv":"DIV01","dteStartSellIn":"2026-01-16T00:00:00","dteEndSellIn":"2026-01-17T00:00:00","dteStartSellOut":"2026-01-16T00:00:00","dteEndSellOut":"2026-01-17T00:00:00","documentKey":null,"dteToShost":null,"levParticipants":2},{"idAction":87,"name":"promo_87","codDiv":"DIV_87","dteStartSellIn":"2026-02-07T14:44:00","dteEndSellIn":"2026-02-10T14:44:00","dteStartSellOut":"2026-02-22T14:44:00","dteEndSellOut":"2026-02-26T14:44:00","documentKey":"KEY_87","dteToShost":"2026-02-03T14:44:00","levParticipants":87},{"idAction":98,"name":"PROMO_98","codDiv":"DIV_98","dteStartSellIn":"2026-01-08T18:25:00","dteEndSellIn":"2026-01-17T18:25:00","dteStartSellOut":"2026-01-28T18:25:00","dteEndSellOut":"2026-01-30T18:25:00","documentKey":"DOCC_98","dteToShost":"2026-01-31T18:25:00","levParticipants":98},{"idAction":100,"name":"PROMO_100","codDiv":"DIV_100","dteStartSellIn":"2026-02-11T14:08:00","dteEndSellIn":"2026-02-14T14:08:00","dteStartSellOut":"2026-02-22T14:08:00","dteEndSellOut":"2026-02-27T14:08:00","documentKey":"KEY_100","dteToShost":"2026-02-10T14:08:00","levParticipants":10},{"idAction":200,"name":"PROMO_200","codDiv":"DIV_200","dteStartSellIn":"2026-02-10T14:15:00","dteEndSellIn":"2026-02-28T14:15:00","dteStartSellOut":"2026-02-11T14:15:00","dteEndSellOut":"2026-02-23T14:15:00","documentKey":"KEY_200","dteToShost":"2026-02-14T14:14:00","levParticipants":20},{"idAction":321,"name":"PROMO_321","codDiv":"DIV_A","dteStartSellIn":"2026-02-01T18:27:00","dteEndSellIn":"2026-02-28T18:27:00","dteStartSellOut":"2026-02-04T18:27:00","dteEndSellOut":"2026-02-23T18:27:00","documentKey":"KEY_A","dteToShost":"2026-02-03T18:27:00","levParticipants":1},{"idAction":1111,"name":"PROMO_1111","codDiv":"DIV_1111","dteStartSellIn":"2026-01-01T17:00:00","dteEndSellIn":"2026-01-30T17:02:00","dteStartSellOut":"2026-01-17T17:02:00","dteEndSellOut":"2026-01-28T17:02:00","documentKey":"1111_DOCC_KEY","dteToShost":"2026-01-13T17:02:00","levParticipants":11},{"idAction":2020,"name":"Spring Special 2020","codDiv":"D-2020","dteStartSellIn":"2026-01-03T12:28:00","dteEndSellIn":"2026-01-04T12:28:00","dteStartSellOut":"2026-01-05T12:28:00","dteEndSellOut":"2026-01-06T12:28:00","documentKey":"DOC-SPRING-2020","dteToShost":"2026-01-02T12:28:00","levParticipants":1},{"idAction":2222,"name":"haseeb","codDiv":"DIV02","dteStartSellIn":"2026-02-01T00:00:00","dteEndSellIn":"2026-01-11T00:00:00","dteStartSellOut":"2026-01-28T00:00:00","dteEndSellOut":"2026-01-30T00:00:00","documentKey":"","dteToShost":null,"levParticipants":2},{"idAction":2323,"name":"Winter Sale Campaign 2323","codDiv":"D-2323","dteStartSellIn":"2026-01-19T14:39:00","dteEndSellIn":"2026-01-20T14:40:00","dteStartSellOut":"2026-01-21T14:40:00","dteEndSellOut":"2026-01-22T14:40:00","documentKey":"DOC-WINTER-2323","dteToShost":"2026-01-30T14:39:00","levParticipants":1},{"idAction":5005,"name":"bbb","codDiv":"DIV5005","dteStartSellIn":"2026-01-23T00:00:00","dteEndSellIn":"2026-01-30T00:00:00","dteStartSellOut":"2026-01-26T00:00:00","dteEndSellOut":"2026-01-18T00:00:00","documentKey":"555553","dteToShost":"2026-01-19T00:00:00","levParticipants":14},{"idAction":6000,"name":"Zero Redundancy Campaign 6000","codDiv":"DIV-6000","dteStartSellIn":"2026-02-01T00:00:00","dteEndSellIn":"2026-02-24T00:00:00","dteStartSellOut":"2026-02-01T00:00:00","dteEndSellOut":"2026-02-28T00:00:00","documentKey":"DOC-6000","dteToShost":"2026-01-05T00:00:00","levParticipants":1},{"idAction":6767,"name":"XTEL Launch Promo 6767","codDiv":"DIV-6767","dteStartSellIn":"2026-02-01T00:00:00","dteEndSellIn":"2026-02-28T00:00:00","dteStartSellOut":"2026-01-22T00:00:00","dteEndSellOut":"2026-01-23T00:00:00","documentKey":"DOC-XTEL-6767","dteToShost":"2026-01-03T00:00:00","levParticipants":1},{"idAction":7000,"name":"Atomic Campaign 7000","codDiv":"DIV-7000","dteStartSellIn":"2026-01-01T00:00:00","dteEndSellIn":"2026-01-31T00:00:00","dteStartSellOut":"2026-02-01T00:00:00","dteEndSellOut":"2026-02-28T00:00:00","documentKey":"DOC-7000","dteToShost":null,"levParticipants":1},{"idAction":8888,"name":"Atomic Campaign 8888 Complete","codDiv":"DIV-8888","dteStartSellIn":"2026-01-01T00:00:00","dteEndSellIn":"2026-01-31T00:00:00","dteStartSellOut":"2026-02-01T00:00:00","dteEndSellOut":"2026-02-28T00:00:00","documentKey":"DOC-8888","dteToShost":null,"levParticipants":1},{"idAction":9000,"name":"Balanced Atomic Campaign 9000","codDiv":"DIV-9000","dteStartSellIn":"2026-01-01T00:00:00","dteEndSellIn":"2026-01-31T00:00:00","dteStartSellOut":"2026-02-01T00:00:00","dteEndSellOut":"2026-02-28T00:00:00","documentKey":"DOC-9000","dteToShost":null,"levParticipants":1},{"idAction":9999,"name":"I should not exist in DB","codDiv":"DIV-9999","dteStartSellIn":"2026-01-01T00:00:00","dteEndSellIn":"2026-01-31T00:00:00","dteStartSellOut":"2026-02-01T00:00:00","dteEndSellOut":"2026-02-28T00:00:00","documentKey":"DOC-9999","dteToShost":null,"levParticipants":1}]
2026-02-11 12:30:55.558 +05:00 [INF] HTTP GET /api/promotions/actions responded 200 in 2511.8215 ms
2026-02-11 12:30:55.578 +05:00 [INF] JWT validated for haris
2026-02-11 12:30:55.586 +05:00 [INF] Forwarding request GET /api/promotions/actions to http://localhost:5137/api/promotions/actions
2026-02-11 12:30:55.607 +05:00 [INF] Received response 200 from http://localhost:5137/api/participants/all
2026-02-11 12:30:55.612 +05:00 [INF] Received response 200 from http://localhost:5137/api/promotions/customer-relations
2026-02-11 12:30:55.617 +05:00 [INF] HTTP GET /api/participants/all responded 200 in 179.6231 ms | User: haris (23) | IP: ::1 | RequestBody:  | ResponseBody: [{"idAction":3,"codParticipant":"N_1","flgInclusion":true,"codHier":"H_1","codDiv":"D_1","codNode":"N_1","idLevel":1,"dteStart":"2026-01-30T09:35:43.289"},{"idAction":3,"codParticipant":"NODE_3","flgInclusion":true,"codHier":"H_3","codDiv":"DIV_3","codNode":"NODE_3","idLevel":3,"dteStart":"2026-01-01T10:45:00"},{"idAction":3,"codParticipant":"NODE_5","flgInclusion":true,"codHier":"H_5","codDiv":"DIV_5","codNode":"NODE_5","idLevel":5,"dteStart":"2026-01-30T10:50:00"},{"idAction":5,"codParticipant":"NODE_5","flgInclusion":true,"codHier":"H_5","codDiv":"DIV_5","codNode":"NODE_5","idLevel":5,"dteStart":"2026-01-30T10:50:00"},{"idAction":6,"codParticipant":"N_9898","flgInclusion":true,"codHier":"H_999","codDiv":"D_5878","codNode":"N_878","idLevel":8,"dteStart":"2026-01-14T00:00:00"},{"idAction":6,"codParticipant":"NODE_3","flgInclusion":true,"codHier":"H_3","codDiv":"DIV_3","codNode":"NODE_3","idLevel":3,"dteStart":"2026-01-01T10:45:00"},{"idAction":6,"codParticipant":"NODE_5","flgInclusion":true,"codHier":"H_5","codDiv":"DIV_5","codNode":"NODE_5","idLevel":5,"dteStart":"2026-01-30T10:50:00"},{"idAction":6,"codParticipant":"NODE_6","flgInclusion":true,"codHier":"H_6","codDiv":"DIV_6","codNode":"NODE_6","idLevel":6,"dteStart":"2026-01-30T15:01:00"},{"idAction":6,"codParticipant":"NODE_676767","flgInclusion":true,"codHier":"H_676767","codDiv":"DIV_676767","codNode":"NODE_676767","idLevel":676767,"dteStart":"2026-01-31T00:00:00"},{"idAction":6,"codParticipant":"P-9000","flgInclusion":true,"codHier":"H-9000","codDiv":"DIV-9000","codNode":"CUST-9000","idLevel":10,"dteStart":"2026-01-01T00:00:00"},{"idAction":7,"codParticipant":"NODE_7","flgInclusion":true,"codHier":"H_7","codDiv":"DIV_7","codNode":"NODE_7","idLevel":7,"dteStart":"2026-02-02T12:04:00"},{"idAction":10,"codParticipant":"NODE_10","flgInclusion":true,"codHier":"H_10","codDiv":"DIV_10","codNode":"NODE_10","idLevel":10,"dteStart":"2026-01-01T14:45:00"},{"idAction":24,"codParticipant":"NODE_24","flgInclusion":true,"codHier":"H_24","codDiv":"DIV_24","codNode":"NODE_24","idLevel":24,"dteStart":"2026-02-04T12:48:00"},{"idAction":87,"codParticipant":"NODE_87","flgInclusion":true,"codHier":"H_87","codDiv":"DIV_87","codNode":"NODE_87","idLevel":87,"dteStart":"2026-02-06T14:07:00"},{"idAction":98,"codParticipant":"NODE_98","flgInclusion":true,"codHier":"H_98","codDiv":"DIV_98","codNode":"NODE_98","idLevel":98,"dteStart":"2026-01-30T18:25:00"},{"idAction":100,"codParticipant":"NODE_100","flgInclusion":true,"codHier":"H_100","codDiv":"DIV_100","codNode":"NODE_100","idLevel":10,"dteStart":"2026-02-09T13:54:00"},{"idAction":200,"codParticipant":"NODE_200","flgInclusion":true,"codHier":"H_200","codDiv":"DIV_200","codNode":"NODE_200","idLevel":20,"dteStart":"2026-02-10T14:14:00"},{"idAction":321,"codParticipant":"NODE_A","flgInclusion":true,"codHier":"H_A","codDiv":"DIV_A","codNode":"NODE_A","idLevel":1,"dteStart":"2026-02-01T18:26:00"},{"idAction":1111,"codParticipant":"NODE_1111","flgInclusion":true,"codHier":"H_1111","codDiv":"DIV_1111","codNode":"NODE_1111","idLevel":11,"dteStart":"2026-01-01T17:00:00"},{"idAction":2323,"codParticipant":"P-2323","flgInclusion":true,"codHier":"H-2323","codDiv":"D-2323","codNode":"C-2323","idLevel":4,"dteStart":"2026-01-01T12:48:00"},{"idAction":5005,"codParticipant":"","flgInclusion":true,"codHier":"H-9999","codDiv":"DIV-9999","codNode":"CUST-9999","idLevel":10,"dteStart":"2026-01-01T00:00:00"},{"idAction":6000,"codParticipant":"P-6000","flgInclusion":true,"codHier":"H-6000","codDiv":"DIV-6000","codNode":"CUST-6000","idLevel":10,"dteStart":"2026-01-01T00:00:00"},{"idAction":6767,"codParticipant":"P-6767","flgInclusion":false,"codHier":"H-6767","codDiv":"DIV-6767","codNode":"CUST-6767","idLevel":5,"dteStart":"2026-01-01T12:15:00"},{"idAction":7000,"codParticipant":"P-7000","flgInclusion":true,"codHier":"H-7000","codDiv":"DIV-7000","codNode":"CUST-7000","idLevel":10,"dteStart":"2026-01-01T00:00:00"},{"idAction":8888,"codParticipant":"P-8888","flgInclusion":true,"codHier":"H-8888","codDiv":"DIV-8888","codNode":"CUST-8888","idLevel":10,"dteStart":"2026-01-01T00:00:00"},{"idAction":9000,"codParticipant":"P-9000","flgInclusion":true,"codHier":"H-9000","codDiv":"DIV-9000","codNode":"CUST-9000","idLevel":10,"dteStart":"2026-01-01T00:00:00"},{"idAction":9999,"codParticipant":"P-9999","flgInclusion":true,"codHier":"H-9999","codDiv":"DIV-9999","codNode":"CUST-9999","idLevel":10,"dteStart":"2026-01-01T00:00:00"}]
2026-02-11 12:30:55.627 +05:00 [INF] Received response 200 from http://localhost:5137/api/promotions/delivery-points
2026-02-11 12:30:55.630 +05:00 [INF] HTTP GET /api/promotions/customer-relations responded 200 in 238.3509 ms | User: haris (23) | IP: ::1 | RequestBody:  | ResponseBody: [{"idAction":0,"codHier":"5555","codDiv":"div5555","codNode":"f5555","idLevel":1,"dteStart":"2026-01-15T00:00:00","codParentNode":"root","dteEnd":null},{"idAction":0,"codHier":"56","codDiv":"565","codNode":"56","idLevel":55,"dteStart":"2026-01-29T00:44:00","codParentNode":"haseeb","dteEnd":"2026-01-26T00:44:00"},{"idAction":0,"codHier":"H_1","codDiv":"D_1","codNode":"D_1","idLevel":1,"dteStart":"2026-01-30T00:00:00","codParentNode":"ROOT","dteEnd":null},{"idAction":0,"codHier":"H_1","codDiv":"D_1","codNode":"N_1","idLevel":1,"dteStart":"2026-01-30T09:35:43.289","codParentNode":"ROOT","dteEnd":null},{"idAction":0,"codHier":"H_10","codDiv":"DIV_10","codNode":"NODE_10","idLevel":10,"dteStart":"2026-01-01T14:45:00","codParentNode":"ROOT_10","dteEnd":"2026-01-31T14:44:00"},{"idAction":0,"codHier":"H_100","codDiv":"DIV_100","codNode":"NODE_100","idLevel":10,"dteStart":"2026-02-09T13:54:00","codParentNode":"ROOT_100","dteEnd":"2026-02-10T13:54:00"},{"idAction":0,"codHier":"H_1111","codDiv":"DIV_1111","codNode":"NODE_1111","idLevel":11,"dteStart":"2026-01-01T17:00:00","codParentNode":"ROOT_1111","dteEnd":"2026-01-30T17:01:00"},{"idAction":0,"codHier":"H_12","codDiv":"DIV_12","codNode":"NODE_12","idLevel":12,"dteStart":"2026-02-03T12:26:00","codParentNode":"ROOT_12","dteEnd":"2026-02-06T12:26:00"},{"idAction":0,"codHier":"H_17","codDiv":"DIV_17","codNode":"NODE_17","idLevel":17,"dteStart":"2026-02-07T15:44:00","codParentNode":"ROOT_17","dteEnd":"2026-02-24T15:44:00"},{"idAction":0,"codHier":"H_19","codDiv":"DIV_19","codNode":"NODE_19","idLevel":19,"dteStart":"2026-02-04T13:59:00","codParentNode":"ROOT_19","dteEnd":"2026-02-05T13:59:00"},{"idAction":0,"codHier":"H_200","codDiv":"DIV_200","codNode":"NODE_200","idLevel":20,"dteStart":"2026-02-10T14:14:00","codParentNode":"ROOT_200","dteEnd":"2026-02-24T14:14:00"},{"idAction":0,"codHier":"H_21","codDiv":"DIV_21","codNode":"NODE_21","idLevel":21,"dteStart":"2026-02-05T14:01:00","codParentNode":"ROOT_21","dteEnd":"2026-02-07T14:01:00"},{"idAction":0,"codHier":"H_222","codDiv":"DIV_222","codNode":"NODE_222","idLevel":222,"dteStart":"2026-02-04T12:53:00","codParentNode":"ROOT_222","dteEnd":"2026-02-06T12:53:00"},{"idAction":0,"codHier":"H_24","codDiv":"DIV_24","codNode":"NODE_24","idLevel":24,"dteStart":"2026-02-04T12:48:00","codParentNode":"ROOT_24","dteEnd":"2026-02-05T12:48:00"},{"idAction":0,"codHier":"H_25","codDiv":"DIV_25","codNode":"NODE_25","idLevel":25,"dteStart":"2026-02-10T14:04:00","codParentNode":"ROOT_25","dteEnd":"2026-02-11T14:04:00"},{"idAction":0,"codHier":"H_3","codDiv":"DIV_3","codNode":"NODE_3","idLevel":3,"dteStart":"2026-01-01T10:45:00","codParentNode":"ROOT_3","dteEnd":"2026-01-30T10:44:00"},{"idAction":0,"codHier":"H_5","codDiv":"DIV_5","codNode":"NODE_5","idLevel":5,"dteStart":"2026-01-30T10:50:00","codParentNode":"ROOT_5","dteEnd":"2026-01-31T10:48:00"},{"idAction":0,"codHier":"H_6","codDiv":"DIV_6","codNode":"NODE_6","idLevel":6,"dteStart":"2026-01-30T15:01:00","codParentNode":"ROOT_6","dteEnd":"2026-01-31T15:01:00"},{"idAction":0,"codHier":"H_656565","codDiv":"DIV_656565","codNode":"C_656565","idLevel":9,"dteStart":"2026-01-20T00:00:00","codParentNode":"ROOT","dteEnd":null},{"idAction":0,"codHier":"H_676767","codDiv":"DIV_676767","codNode":"NODE_676767","idLevel":676767,"dteStart":"2026-01-31T00:00:00","codParentNode":"ROOT","dteEnd":null},{"idAction":0,"codHier":"H_7","codDiv":"DIV_7","codNode":"NODE_7","idLevel":7,"dteStart":"2026-02-02T12:04:00","codParentNode":"ROOT_7","dteEnd":"2026-02-04T12:04:00"},{"idAction":0,"codHier":"H_87","codDiv":"DIV_87","codNode":"NODE_87","idLevel":87,"dteStart":"2026-02-06T14:07:00","codParentNode":"ROOT_87","dteEnd":"2026-02-26T14:07:00"},{"idAction":0,"codHier":"H_98","codDiv":"DIV_98","codNode":"NODE_98","idLevel":98,"dteStart":"2026-01-30T18:25:00","codParentNode":"ROOT_98","dteEnd":"2026-01-31T18:25:00"},{"idAction":0,"codHier":"H_999","codDiv":"D_5878","codNode":"N_878","idLevel":8,"dteStart":"2026-01-14T00:00:00","codParentNode":"ROOT","dteEnd":null},{"idAction":0,"codHier":"H_A","codDiv":"DIV_A","codNode":"NODE_A","idLevel":1,"dteStart":"2026-02-01T18:26:00","codParentNode":"ROOT_A","dteEnd":"2026-02-14T18:26:00"},{"idAction":0,"codHier":"H-1010","codDiv":"D-1010","codNode":"C-1010","idLevel":1,"dteStart":"2026-01-01T11:54:00","codParentNode":"root","dteEnd":"2026-01-12T11:54:00"},{"idAction":0,"codHier":"H-11","codDiv":"DIV-11","codNode":"C-11","idLevel":11,"dteStart":"2026-01-01T15:05:00","codParentNode":"ROOT","dteEnd":"2026-01-31T15:05:00"},{"idAction":0,"codHier":"H-1111","codDiv":"DIV-1111","codNode":"CUST-1111","idLevel":10,"dteStart":"2026-01-01T00:00:00","codParentNode":"ROOT","dteEnd":null},{"idAction":0,"codHier":"H-1414","codDiv":"D-1414","codNode":"C-1414","idLevel":4,"dteStart":"2026-01-01T14:45:00","codParentNode":"ROOT","dteEnd":"2026-01-15T14:45:00"},{"idAction":0,"codHier":"H-2","codDiv":"DIV-2","codNode":"CUST-2","idLevel":2,"dteStart":"2026-01-01T12:40:00","codParentNode":"ROOT","dteEnd":"2026-01-16T12:37:00"},{"idAction":0,"codHier":"H-2","codDiv":"DIV-2","codNode":"CUST-2","idLevel":2,"dteStart":"2026-01-21T12:37:00","codParentNode":"ROOT","dteEnd":"2026-01-24T12:37:00"},{"idAction":0,"codHier":"H-2020","codDiv":"D-2020","codNode":"C-2020","idLevel":2,"dteStart":"2026-01-02T12:27:00","codParentNode":"root","dteEnd":"2026-01-30T12:27:00"},{"idAction":0,"codHier":"H-2255","codDiv":"DIV-2255","codNode":"CUST-2255","idLevel":10,"dteStart":"2026-01-01T00:00:00","codParentNode":"ROOT","dteEnd":null},{"idAction":0,"codHier":"H-2323","codDiv":"D-2323","codNode":"C-2323","idLevel":4,"dteStart":"2026-01-01T12:48:00","codParentNode":"ROOT","dteEnd":"2026-01-12T12:49:00"},{"idAction":0,"codHier":"H-3333","codDiv":"DIV-3333","codNode":"CUST-3333","idLevel":10,"dteStart":"2026-01-01T00:00:00","codParentNode":"ROOT","dteEnd":null},{"idAction":0,"codHier":"H-3344","codDiv":"DIV-3345","codNode":"CUST-3345","idLevel":10,"dteStart":"2026-01-01T00:00:00","codParentNode":"ROOT","dteEnd":null},{"idAction":0,"codHier":"H-3345","codDiv":"DIV-3345","codNode":"CUST-3345","idLevel":10,"dteStart":"2026-01-01T00:00:00","codParentNode":"ROOT","dteEnd":null},{"idAction":0,"codHier":"H-4","codDiv":"DIV-4","codNode":"CUST-4","idLevel":4,"dteStart":"2026-01-01T14:44:00","codParentNode":"ROOT","dteEnd":"2026-01-02T14:44:00"},{"idAction":0,"codHier":"H-5555","codDiv":"DIV-5555","codNode":"CUST-5555","idLevel":10,"dteStart":"2026-01-01T00:00:00","codParentNode":"ROOT","dteEnd":null},{"idAction":0,"codHier":"H-6000","codDiv":"DIV-6000","codNode":"CUST-6000","idLevel":10,"dteStart":"2026-01-01T00:00:00","codParentNode":"ROOT","dteEnd":"2026-12-31T00:00:00"},{"idAction":0,"codHier":"H-6666","codDiv":"DIV-6666","codNode":"CUST-6666","idLevel":10,"dteStart":"2026-01-17T01:30:00","codParentNode":"ROOT","dteEnd":"2026-01-18T01:30:00"},{"idAction":0,"codHier":"H-6767","codDiv":"DIV-6767","codNode":"CUST-6767","idLevel":5,"dteStart":"2026-01-01T12:15:00","codParentNode":"ROOT","dteEnd":"2026-01-08T12:15:00"},{"idAction":0,"codHier":"H-7000","codDiv":"DIV-7000","codNode":"CUST-7000","idLevel":10,"dteStart":"2026-01-01T00:00:00","codParentNode":"ROOT","dteEnd":null},{"idAction":0,"codHier":"H-7777","codDiv":"DIV-7777","codNode":"CUST-7777","idLevel":10,"dteStart":"2026-01-01T00:00:00","codParentNode":"ROOT","dteEnd":null},{"idAction":0,"codHier":"H-7878","codDiv":"DIV-7878","codNode":"CUST-7878","idLevel":3,"dteStart":"2026-01-18T11:43:00","codParentNode":"ROOT","dteEnd":"2026-01-19T11:43:00"},{"idAction":0,"codHier":"H-8000","codDiv":"DIV-8000","codNode":"CUST-8000","idLevel":10,"dteStart":"2026-01-01T00:00:00","codParentNode":"ROOT","dteEnd":null},{"idAction":0,"codHier":"H-8888","codDiv":"DIV-8888","codNode":"CUST-8888","idLevel":10,"dteStart":"2026-01-01T00:00:00","codParentNode":"ROOT","dteEnd":null},{"idAction":0,"codHier":"H-9000","codDiv":"DIV-9000","codNode":"CUST-9000","idLevel":10,"dteStart":"2026-01-01T00:00:00","codParentNode":"ROOT","dteEnd":null},{"idAction":0,"codHier":"H-9999","codDiv":"DIV-9999","codNode":"CUST-9999","idLevel":10,"dteStart":"2026-01-01T00:00:00","codParentNode":"ROOT","dteEnd":null},{"idAction":0,"codHier":"HIER_CORP","codDiv":"DIV01","codNode":"NODE_9111","idLevel":1,"dteStart":"2026-01-15T00:00:00","codParentNode":"ROOT_NODE","dteEnd":null}]
2026-02-11 12:30:55.637 +05:00 [INF] HTTP GET /api/participants/all responded 200 in 199.3909 ms
2026-02-11 12:30:55.647 +05:00 [INF] HTTP GET /api/promotions/delivery-points responded 200 in 173.8960 ms | User: haris (23) | IP: ::1 | RequestBody:  | ResponseBody: [{"idAction":3,"codDeliveryPoint":"D_1","flgInclusion":true,"codHier":"H_1","codDiv":"D_1","codNode":"D_1","idLevel":1,"dteStart":"2026-01-30T00:00:00"},{"idAction":3,"codDeliveryPoint":"D_656565","flgInclusion":true,"codHier":"H_656565","codDiv":"DIV_656565","codNode":"C_656565","idLevel":9,"dteStart":"2026-01-20T00:00:00"},{"idAction":3,"codDeliveryPoint":"NODE_10","flgInclusion":true,"codHier":"H_10","codDiv":"DIV_10","codNode":"NODE_10","idLevel":10,"dteStart":"2026-01-01T14:45:00"},{"idAction":3,"codDeliveryPoint":"NODE_24","flgInclusion":true,"codHier":"H_24","codDiv":"DIV_24","codNode":"NODE_24","idLevel":24,"dteStart":"2026-02-04T12:48:00"},{"idAction":3,"codDeliveryPoint":"NODE_3","flgInclusion":false,"codHier":"H_3","codDiv":"DIV_3","codNode":"NODE_3","idLevel":3,"dteStart":"2026-01-01T10:45:00"},{"idAction":3,"codDeliveryPoint":"NODE_5","flgInclusion":false,"codHier":"H_5","codDiv":"DIV_5","codNode":"NODE_5","idLevel":5,"dteStart":"2026-01-30T10:50:00"},{"idAction":3,"codDeliveryPoint":"NODE_87","flgInclusion":true,"codHier":"H_87","codDiv":"DIV_87","codNode":"NODE_87","idLevel":87,"dteStart":"2026-02-06T14:07:00"},{"idAction":5,"codDeliveryPoint":"NODE_5","flgInclusion":false,"codHier":"H_5","codDiv":"DIV_5","codNode":"NODE_5","idLevel":5,"dteStart":"2026-01-30T10:50:00"},{"idAction":6,"codDeliveryPoint":"D_1","flgInclusion":true,"codHier":"H_1","codDiv":"D_1","codNode":"D_1","idLevel":1,"dteStart":"2026-01-30T00:00:00"},{"idAction":6,"codDeliveryPoint":"D_656565","flgInclusion":true,"codHier":"H_656565","codDiv":"DIV_656565","codNode":"C_656565","idLevel":9,"dteStart":"2026-01-20T00:00:00"},{"idAction":6,"codDeliveryPoint":"NODE_3","flgInclusion":false,"codHier":"H_3","codDiv":"DIV_3","codNode":"NODE_3","idLevel":3,"dteStart":"2026-01-01T10:45:00"},{"idAction":6,"codDeliveryPoint":"NODE_5","flgInclusion":false,"codHier":"H_5","codDiv":"DIV_5","codNode":"NODE_5","idLevel":5,"dteStart":"2026-01-30T10:50:00"},{"idAction":6,"codDeliveryPoint":"NODE_6","flgInclusion":true,"codHier":"H_6","codDiv":"DIV_6","codNode":"NODE_6","idLevel":6,"dteStart":"2026-01-30T15:01:00"},{"idAction":7,"codDeliveryPoint":"NODE_7","flgInclusion":true,"codHier":"H_7","codDiv":"DIV_7","codNode":"NODE_7","idLevel":7,"dteStart":"2026-02-02T12:04:00"},{"idAction":10,"codDeliveryPoint":"NODE_10","flgInclusion":true,"codHier":"H_10","codDiv":"DIV_10","codNode":"NODE_10","idLevel":10,"dteStart":"2026-01-01T14:45:00"},{"idAction":24,"codDeliveryPoint":"NODE_24","flgInclusion":true,"codHier":"H_24","codDiv":"DIV_24","codNode":"NODE_24","idLevel":24,"dteStart":"2026-02-04T12:48:00"},{"idAction":87,"codDeliveryPoint":"NODE_87","flgInclusion":true,"codHier":"H_87","codDiv":"DIV_87","codNode":"NODE_87","idLevel":87,"dteStart":"2026-02-06T14:07:00"},{"idAction":98,"codDeliveryPoint":"NODE_98","flgInclusion":true,"codHier":"H_98","codDiv":"DIV_98","codNode":"NODE_98","idLevel":98,"dteStart":"2026-01-30T18:25:00"},{"idAction":100,"codDeliveryPoint":"D_656565","flgInclusion":true,"codHier":"H_656565","codDiv":"DIV_656565","codNode":"C_656565","idLevel":9,"dteStart":"2026-01-20T00:00:00"},{"idAction":100,"codDeliveryPoint":"NODE_10","flgInclusion":true,"codHier":"H_10","codDiv":"DIV_10","codNode":"NODE_10","idLevel":10,"dteStart":"2026-01-01T14:45:00"},{"idAction":100,"codDeliveryPoint":"NODE_100","flgInclusion":true,"codHier":"H_100","codDiv":"DIV_100","codNode":"NODE_100","idLevel":10,"dteStart":"2026-02-09T13:54:00"},{"idAction":100,"codDeliveryPoint":"NODE_3","flgInclusion":false,"codHier":"H_3","codDiv":"DIV_3","codNode":"NODE_3","idLevel":3,"dteStart":"2026-01-01T10:45:00"},{"idAction":200,"codDeliveryPoint":"NODE_200","flgInclusion":true,"codHier":"H_200","codDiv":"DIV_200","codNode":"NODE_200","idLevel":20,"dteStart":"2026-02-10T14:14:00"},{"idAction":321,"codDeliveryPoint":"NODE_A","flgInclusion":true,"codHier":"H_A","codDiv":"DIV_A","codNode":"NODE_A","idLevel":1,"dteStart":"2026-02-01T18:26:00"},{"idAction":1111,"codDeliveryPoint":"NODE_1111","flgInclusion":true,"codHier":"H_1111","codDiv":"DIV_1111","codNode":"NODE_1111","idLevel":11,"dteStart":"2026-01-01T17:00:00"},{"idAction":5005,"codDeliveryPoint":"","flgInclusion":true,"codHier":"H-2255","codDiv":"DIV-2255","codNode":"CUST-2255","idLevel":10,"dteStart":"2026-01-01T00:00:00"},{"idAction":6767,"codDeliveryPoint":"DP-6767","flgInclusion":true,"codHier":"H-6767","codDiv":"DIV-6767","codNode":"CUST-6767","idLevel":5,"dteStart":"2026-01-01T12:15:00"},{"idAction":7000,"codDeliveryPoint":"DP-7000","flgInclusion":true,"codHier":"H-7000","codDiv":"DIV-7000","codNode":"CUST-7000","idLevel":10,"dteStart":"2026-01-01T00:00:00"}]
2026-02-11 12:30:55.659 +05:00 [INF] HTTP GET /api/promotions/customer-relations responded 200 in 267.2719 ms
2026-02-11 12:30:55.661 +05:00 [INF] Received response 200 from http://localhost:5137/api/promotions/actions
2026-02-11 12:30:55.690 +05:00 [INF] HTTP GET /api/promotions/delivery-points responded 200 in 217.4280 ms
2026-02-11 12:30:55.702 +05:00 [INF] HTTP GET /api/promotions/actions responded 200 in 124.6333 ms | User: haris (23) | IP: ::1 | RequestBody:  | ResponseBody: [{"idAction":3,"name":"PROMO_3","codDiv":"DIV_3","dteStartSellIn":"2026-02-01T00:00:00","dteEndSellIn":"2026-02-28T00:00:00","dteStartSellOut":"2026-01-25T00:00:00","dteEndSellOut":"2026-01-30T00:00:00","documentKey":"KEY_3","dteToShost":"2026-01-10T00:00:00","levParticipants":3},{"idAction":5,"name":"PROMO_5_5","codDiv":"DIV_5","dteStartSellIn":"2026-02-24T00:00:00","dteEndSellIn":"2026-02-21T00:00:00","dteStartSellOut":"2026-02-24T00:00:00","dteEndSellOut":"2026-02-27T00:00:00","documentKey":"DOC_KEY_is_5","dteToShost":"2026-01-18T00:00:00","levParticipants":55555555},{"idAction":6,"name":"PROMO_6","codDiv":"DIV_6","dteStartSellIn":"2026-02-01T00:00:00","dteEndSellIn":"2026-02-25T00:00:00","dteStartSellOut":"2026-01-15T00:00:00","dteEndSellOut":"2026-01-24T00:00:00","documentKey":"DOCC_6_KEY","dteToShost":"2026-01-15T00:00:00","levParticipants":6},{"idAction":7,"name":"PROMO_7","codDiv":"DIV_7","dteStartSellIn":"2026-02-06T12:05:00","dteEndSellIn":"2026-02-07T12:05:00","dteStartSellOut":"2026-02-08T12:05:00","dteEndSellOut":"2026-02-09T12:05:00","documentKey":"KEY_7","dteToShost":"2026-02-05T12:04:00","levParticipants":7},{"idAction":10,"name":"PROMO_10","codDiv":"DIV_10","dteStartSellIn":"2026-02-01T00:00:00","dteEndSellIn":"2026-02-26T00:00:00","dteStartSellOut":"2026-01-23T00:00:00","dteEndSellOut":"2026-01-24T00:00:00","documentKey":"DOCC_KEY_10","dteToShost":"2026-01-29T00:00:00","levParticipants":10},{"idAction":12,"name":"PROMO_12","codDiv":"DIV_12","dteStartSellIn":"2026-02-06T12:27:00","dteEndSellIn":"2026-02-07T12:27:00","dteStartSellOut":"2026-02-08T12:27:00","dteEndSellOut":"2026-02-09T12:27:00","documentKey":"KEY_12","dteToShost":"2026-02-03T12:26:00","levParticipants":12},{"idAction":24,"name":"PROMO_24","codDiv":"DIV_24","dteStartSellIn":"2026-02-05T12:48:00","dteEndSellIn":"2026-02-06T12:48:00","dteStartSellOut":"2026-02-07T12:48:00","dteEndSellOut":"2026-02-08T12:48:00","documentKey":"KEY_24","dteToShost":"2026-02-03T12:48:00","levParticipants":24},{"idAction":45,"name":"cccc","codDiv":"DIV01","dteStartSellIn":"2026-01-16T00:00:00","dteEndSellIn":"2026-01-17T00:00:00","dteStartSellOut":"2026-01-16T00:00:00","dteEndSellOut":"2026-01-17T00:00:00","documentKey":null,"dteToShost":null,"levParticipants":2},{"idAction":87,"name":"promo_87","codDiv":"DIV_87","dteStartSellIn":"2026-02-07T14:44:00","dteEndSellIn":"2026-02-10T14:44:00","dteStartSellOut":"2026-02-22T14:44:00","dteEndSellOut":"2026-02-26T14:44:00","documentKey":"KEY_87","dteToShost":"2026-02-03T14:44:00","levParticipants":87},{"idAction":98,"name":"PROMO_98","codDiv":"DIV_98","dteStartSellIn":"2026-01-08T18:25:00","dteEndSellIn":"2026-01-17T18:25:00","dteStartSellOut":"2026-01-28T18:25:00","dteEndSellOut":"2026-01-30T18:25:00","documentKey":"DOCC_98","dteToShost":"2026-01-31T18:25:00","levParticipants":98},{"idAction":100,"name":"PROMO_100","codDiv":"DIV_100","dteStartSellIn":"2026-02-11T14:08:00","dteEndSellIn":"2026-02-14T14:08:00","dteStartSellOut":"2026-02-22T14:08:00","dteEndSellOut":"2026-02-27T14:08:00","documentKey":"KEY_100","dteToShost":"2026-02-10T14:08:00","levParticipants":10},{"idAction":200,"name":"PROMO_200","codDiv":"DIV_200","dteStartSellIn":"2026-02-10T14:15:00","dteEndSellIn":"2026-02-28T14:15:00","dteStartSellOut":"2026-02-11T14:15:00","dteEndSellOut":"2026-02-23T14:15:00","documentKey":"KEY_200","dteToShost":"2026-02-14T14:14:00","levParticipants":20},{"idAction":321,"name":"PROMO_321","codDiv":"DIV_A","dteStartSellIn":"2026-02-01T18:27:00","dteEndSellIn":"2026-02-28T18:27:00","dteStartSellOut":"2026-02-04T18:27:00","dteEndSellOut":"2026-02-23T18:27:00","documentKey":"KEY_A","dteToShost":"2026-02-03T18:27:00","levParticipants":1},{"idAction":1111,"name":"PROMO_1111","codDiv":"DIV_1111","dteStartSellIn":"2026-01-01T17:00:00","dteEndSellIn":"2026-01-30T17:02:00","dteStartSellOut":"2026-01-17T17:02:00","dteEndSellOut":"2026-01-28T17:02:00","documentKey":"1111_DOCC_KEY","dteToShost":"2026-01-13T17:02:00","levParticipants":11},{"idAction":2020,"name":"Spring Special 2020","codDiv":"D-2020","dteStartSellIn":"2026-01-03T12:28:00","dteEndSellIn":"2026-01-04T12:28:00","dteStartSellOut":"2026-01-05T12:28:00","dteEndSellOut":"2026-01-06T12:28:00","documentKey":"DOC-SPRING-2020","dteToShost":"2026-01-02T12:28:00","levParticipants":1},{"idAction":2222,"name":"haseeb","codDiv":"DIV02","dteStartSellIn":"2026-02-01T00:00:00","dteEndSellIn":"2026-01-11T00:00:00","dteStartSellOut":"2026-01-28T00:00:00","dteEndSellOut":"2026-01-30T00:00:00","documentKey":"","dteToShost":null,"levParticipants":2},{"idAction":2323,"name":"Winter Sale Campaign 2323","codDiv":"D-2323","dteStartSellIn":"2026-01-19T14:39:00","dteEndSellIn":"2026-01-20T14:40:00","dteStartSellOut":"2026-01-21T14:40:00","dteEndSellOut":"2026-01-22T14:40:00","documentKey":"DOC-WINTER-2323","dteToShost":"2026-01-30T14:39:00","levParticipants":1},{"idAction":5005,"name":"bbb","codDiv":"DIV5005","dteStartSellIn":"2026-01-23T00:00:00","dteEndSellIn":"2026-01-30T00:00:00","dteStartSellOut":"2026-01-26T00:00:00","dteEndSellOut":"2026-01-18T00:00:00","documentKey":"555553","dteToShost":"2026-01-19T00:00:00","levParticipants":14},{"idAction":6000,"name":"Zero Redundancy Campaign 6000","codDiv":"DIV-6000","dteStartSellIn":"2026-02-01T00:00:00","dteEndSellIn":"2026-02-24T00:00:00","dteStartSellOut":"2026-02-01T00:00:00","dteEndSellOut":"2026-02-28T00:00:00","documentKey":"DOC-6000","dteToShost":"2026-01-05T00:00:00","levParticipants":1},{"idAction":6767,"name":"XTEL Launch Promo 6767","codDiv":"DIV-6767","dteStartSellIn":"2026-02-01T00:00:00","dteEndSellIn":"2026-02-28T00:00:00","dteStartSellOut":"2026-01-22T00:00:00","dteEndSellOut":"2026-01-23T00:00:00","documentKey":"DOC-XTEL-6767","dteToShost":"2026-01-03T00:00:00","levParticipants":1},{"idAction":7000,"name":"Atomic Campaign 7000","codDiv":"DIV-7000","dteStartSellIn":"2026-01-01T00:00:00","dteEndSellIn":"2026-01-31T00:00:00","dteStartSellOut":"2026-02-01T00:00:00","dteEndSellOut":"2026-02-28T00:00:00","documentKey":"DOC-7000","dteToShost":null,"levParticipants":1},{"idAction":8888,"name":"Atomic Campaign 8888 Complete","codDiv":"DIV-8888","dteStartSellIn":"2026-01-01T00:00:00","dteEndSellIn":"2026-01-31T00:00:00","dteStartSellOut":"2026-02-01T00:00:00","dteEndSellOut":"2026-02-28T00:00:00","documentKey":"DOC-8888","dteToShost":null,"levParticipants":1},{"idAction":9000,"name":"Balanced Atomic Campaign 9000","codDiv":"DIV-9000","dteStartSellIn":"2026-01-01T00:00:00","dteEndSellIn":"2026-01-31T00:00:00","dteStartSellOut":"2026-02-01T00:00:00","dteEndSellOut":"2026-02-28T00:00:00","documentKey":"DOC-9000","dteToShost":null,"levParticipants":1},{"idAction":9999,"name":"I should not exist in DB","codDiv":"DIV-9999","dteStartSellIn":"2026-01-01T00:00:00","dteEndSellIn":"2026-01-31T00:00:00","dteStartSellOut":"2026-02-01T00:00:00","dteEndSellOut":"2026-02-28T00:00:00","documentKey":"DOC-9999","dteToShost":null,"levParticipants":1}]
2026-02-11 12:30:55.724 +05:00 [INF] HTTP GET /api/promotions/actions responded 200 in 146.2665 ms
2026-02-11 12:30:56.048 +05:00 [INF] Received response 200 from http://localhost:5137/api/promotions/dashboard/metrics
2026-02-11 12:30:56.059 +05:00 [INF] HTTP GET /api/promotions/dashboard/metrics responded 200 in 3005.5452 ms | User: haris (23) | IP: ::1 | RequestBody:  | ResponseBody: {"totalPromotions":24,"totalProducts":78,"totalParticipants":27,"activeActions":7,"pendingActions":2,"expiredActions":15,"estimatedRevenue":0,"activityTrend":[{"dateLabel":"15","active":6,"pending":17,"failed":2},{"dateLabel":"18","active":5,"pending":16,"failed":4},{"dateLabel":"21","active":5,"pending":15,"failed":5},{"dateLabel":"24","active":6,"pending":14,"failed":5},{"dateLabel":"27","active":6,"pending":14,"failed":5},{"dateLabel":"30","active":5,"pending":14,"failed":6},{"dateLabel":"02","active":6,"pending":7,"failed":11},{"dateLabel":"05","active":6,"pending":7,"failed":11},{"dateLabel":"08","active":7,"pending":3,"failed":14},{"dateLabel":"11","active":7,"pending":2,"failed":15}]}
2026-02-11 12:30:56.074 +05:00 [INF] HTTP GET /api/promotions/dashboard/metrics responded 200 in 3020.7980 ms
2026-02-11 12:30:56.093 +05:00 [INF] JWT validated for haris
2026-02-11 12:30:56.097 +05:00 [INF] Forwarding request GET /api/promotions/dashboard/metrics to http://localhost:5137/api/promotions/dashboard/metrics
2026-02-11 12:30:56.242 +05:00 [INF] Received response 200 from http://localhost:5137/api/promotions/dashboard/metrics
2026-02-11 12:30:56.249 +05:00 [INF] HTTP GET /api/promotions/dashboard/metrics responded 200 in 156.4366 ms | User: haris (23) | IP: ::1 | RequestBody:  | ResponseBody: {"totalPromotions":24,"totalProducts":78,"totalParticipants":27,"activeActions":7,"pendingActions":2,"expiredActions":15,"estimatedRevenue":0,"activityTrend":[{"dateLabel":"15","active":6,"pending":17,"failed":2},{"dateLabel":"18","active":5,"pending":16,"failed":4},{"dateLabel":"21","active":5,"pending":15,"failed":5},{"dateLabel":"24","active":6,"pending":14,"failed":5},{"dateLabel":"27","active":6,"pending":14,"failed":5},{"dateLabel":"30","active":5,"pending":14,"failed":6},{"dateLabel":"02","active":6,"pending":7,"failed":11},{"dateLabel":"05","active":6,"pending":7,"failed":11},{"dateLabel":"08","active":7,"pending":3,"failed":14},{"dateLabel":"11","active":7,"pending":2,"failed":15}]}
2026-02-11 12:30:56.260 +05:00 [INF] HTTP GET /api/promotions/dashboard/metrics responded 200 in 167.4557 ms
2026-02-11 12:30:58.068 +05:00 [INF] JWT validated for haris
2026-02-11 12:30:58.126 +05:00 [INF] HTTP GET /api/gateway/health responded 200 in 58.1242 ms | User: haris (23) | IP: ::1 | RequestBody:  | ResponseBody: {"status":"Healthy","timestamp":"2026-02-11T07:30:58.1250474Z","services":[{"service":"Promotions API","url":"http://localhost:5137/api/health","status":"Healthy","responseTime":"28ms","statusCode":200},{"service":"SSO API","url":"http://localhost:5253/api/health","status":"Healthy","responseTime":"23ms","statusCode":200}]}
2026-02-11 12:30:58.141 +05:00 [INF] HTTP GET /api/gateway/health responded 200 in 73.2018 ms
2026-02-11 12:30:58.425 +05:00 [INF] JWT validated for haris
2026-02-11 12:30:58.425 +05:00 [INF] JWT validated for haris
2026-02-11 12:30:58.434 +05:00 [INF] Forwarding request GET /api/promotions/customer-relations to http://localhost:5137/api/promotions/customer-relations
2026-02-11 12:30:58.437 +05:00 [INF] Forwarding request GET /api/promotions/actions to http://localhost:5137/api/promotions/actions
2026-02-11 12:30:58.529 +05:00 [INF] Received response 200 from http://localhost:5137/api/promotions/customer-relations
2026-02-11 12:30:58.539 +05:00 [INF] Received response 200 from http://localhost:5137/api/promotions/actions
2026-02-11 12:30:58.542 +05:00 [INF] HTTP GET /api/promotions/customer-relations responded 200 in 117.4318 ms | User: haris (23) | IP: ::1 | RequestBody:  | ResponseBody: [{"idAction":0,"codHier":"5555","codDiv":"div5555","codNode":"f5555","idLevel":1,"dteStart":"2026-01-15T00:00:00","codParentNode":"root","dteEnd":null},{"idAction":0,"codHier":"56","codDiv":"565","codNode":"56","idLevel":55,"dteStart":"2026-01-29T00:44:00","codParentNode":"haseeb","dteEnd":"2026-01-26T00:44:00"},{"idAction":0,"codHier":"H_1","codDiv":"D_1","codNode":"D_1","idLevel":1,"dteStart":"2026-01-30T00:00:00","codParentNode":"ROOT","dteEnd":null},{"idAction":0,"codHier":"H_1","codDiv":"D_1","codNode":"N_1","idLevel":1,"dteStart":"2026-01-30T09:35:43.289","codParentNode":"ROOT","dteEnd":null},{"idAction":0,"codHier":"H_10","codDiv":"DIV_10","codNode":"NODE_10","idLevel":10,"dteStart":"2026-01-01T14:45:00","codParentNode":"ROOT_10","dteEnd":"2026-01-31T14:44:00"},{"idAction":0,"codHier":"H_100","codDiv":"DIV_100","codNode":"NODE_100","idLevel":10,"dteStart":"2026-02-09T13:54:00","codParentNode":"ROOT_100","dteEnd":"2026-02-10T13:54:00"},{"idAction":0,"codHier":"H_1111","codDiv":"DIV_1111","codNode":"NODE_1111","idLevel":11,"dteStart":"2026-01-01T17:00:00","codParentNode":"ROOT_1111","dteEnd":"2026-01-30T17:01:00"},{"idAction":0,"codHier":"H_12","codDiv":"DIV_12","codNode":"NODE_12","idLevel":12,"dteStart":"2026-02-03T12:26:00","codParentNode":"ROOT_12","dteEnd":"2026-02-06T12:26:00"},{"idAction":0,"codHier":"H_17","codDiv":"DIV_17","codNode":"NODE_17","idLevel":17,"dteStart":"2026-02-07T15:44:00","codParentNode":"ROOT_17","dteEnd":"2026-02-24T15:44:00"},{"idAction":0,"codHier":"H_19","codDiv":"DIV_19","codNode":"NODE_19","idLevel":19,"dteStart":"2026-02-04T13:59:00","codParentNode":"ROOT_19","dteEnd":"2026-02-05T13:59:00"},{"idAction":0,"codHier":"H_200","codDiv":"DIV_200","codNode":"NODE_200","idLevel":20,"dteStart":"2026-02-10T14:14:00","codParentNode":"ROOT_200","dteEnd":"2026-02-24T14:14:00"},{"idAction":0,"codHier":"H_21","codDiv":"DIV_21","codNode":"NODE_21","idLevel":21,"dteStart":"2026-02-05T14:01:00","codParentNode":"ROOT_21","dteEnd":"2026-02-07T14:01:00"},{"idAction":0,"codHier":"H_222","codDiv":"DIV_222","codNode":"NODE_222","idLevel":222,"dteStart":"2026-02-04T12:53:00","codParentNode":"ROOT_222","dteEnd":"2026-02-06T12:53:00"},{"idAction":0,"codHier":"H_24","codDiv":"DIV_24","codNode":"NODE_24","idLevel":24,"dteStart":"2026-02-04T12:48:00","codParentNode":"ROOT_24","dteEnd":"2026-02-05T12:48:00"},{"idAction":0,"codHier":"H_25","codDiv":"DIV_25","codNode":"NODE_25","idLevel":25,"dteStart":"2026-02-10T14:04:00","codParentNode":"ROOT_25","dteEnd":"2026-02-11T14:04:00"},{"idAction":0,"codHier":"H_3","codDiv":"DIV_3","codNode":"NODE_3","idLevel":3,"dteStart":"2026-01-01T10:45:00","codParentNode":"ROOT_3","dteEnd":"2026-01-30T10:44:00"},{"idAction":0,"codHier":"H_5","codDiv":"DIV_5","codNode":"NODE_5","idLevel":5,"dteStart":"2026-01-30T10:50:00","codParentNode":"ROOT_5","dteEnd":"2026-01-31T10:48:00"},{"idAction":0,"codHier":"H_6","codDiv":"DIV_6","codNode":"NODE_6","idLevel":6,"dteStart":"2026-01-30T15:01:00","codParentNode":"ROOT_6","dteEnd":"2026-01-31T15:01:00"},{"idAction":0,"codHier":"H_656565","codDiv":"DIV_656565","codNode":"C_656565","idLevel":9,"dteStart":"2026-01-20T00:00:00","codParentNode":"ROOT","dteEnd":null},{"idAction":0,"codHier":"H_676767","codDiv":"DIV_676767","codNode":"NODE_676767","idLevel":676767,"dteStart":"2026-01-31T00:00:00","codParentNode":"ROOT","dteEnd":null},{"idAction":0,"codHier":"H_7","codDiv":"DIV_7","codNode":"NODE_7","idLevel":7,"dteStart":"2026-02-02T12:04:00","codParentNode":"ROOT_7","dteEnd":"2026-02-04T12:04:00"},{"idAction":0,"codHier":"H_87","codDiv":"DIV_87","codNode":"NODE_87","idLevel":87,"dteStart":"2026-02-06T14:07:00","codParentNode":"ROOT_87","dteEnd":"2026-02-26T14:07:00"},{"idAction":0,"codHier":"H_98","codDiv":"DIV_98","codNode":"NODE_98","idLevel":98,"dteStart":"2026-01-30T18:25:00","codParentNode":"ROOT_98","dteEnd":"2026-01-31T18:25:00"},{"idAction":0,"codHier":"H_999","codDiv":"D_5878","codNode":"N_878","idLevel":8,"dteStart":"2026-01-14T00:00:00","codParentNode":"ROOT","dteEnd":null},{"idAction":0,"codHier":"H_A","codDiv":"DIV_A","codNode":"NODE_A","idLevel":1,"dteStart":"2026-02-01T18:26:00","codParentNode":"ROOT_A","dteEnd":"2026-02-14T18:26:00"},{"idAction":0,"codHier":"H-1010","codDiv":"D-1010","codNode":"C-1010","idLevel":1,"dteStart":"2026-01-01T11:54:00","codParentNode":"root","dteEnd":"2026-01-12T11:54:00"},{"idAction":0,"codHier":"H-11","codDiv":"DIV-11","codNode":"C-11","idLevel":11,"dteStart":"2026-01-01T15:05:00","codParentNode":"ROOT","dteEnd":"2026-01-31T15:05:00"},{"idAction":0,"codHier":"H-1111","codDiv":"DIV-1111","codNode":"CUST-1111","idLevel":10,"dteStart":"2026-01-01T00:00:00","codParentNode":"ROOT","dteEnd":null},{"idAction":0,"codHier":"H-1414","codDiv":"D-1414","codNode":"C-1414","idLevel":4,"dteStart":"2026-01-01T14:45:00","codParentNode":"ROOT","dteEnd":"2026-01-15T14:45:00"},{"idAction":0,"codHier":"H-2","codDiv":"DIV-2","codNode":"CUST-2","idLevel":2,"dteStart":"2026-01-01T12:40:00","codParentNode":"ROOT","dteEnd":"2026-01-16T12:37:00"},{"idAction":0,"codHier":"H-2","codDiv":"DIV-2","codNode":"CUST-2","idLevel":2,"dteStart":"2026-01-21T12:37:00","codParentNode":"ROOT","dteEnd":"2026-01-24T12:37:00"},{"idAction":0,"codHier":"H-2020","codDiv":"D-2020","codNode":"C-2020","idLevel":2,"dteStart":"2026-01-02T12:27:00","codParentNode":"root","dteEnd":"2026-01-30T12:27:00"},{"idAction":0,"codHier":"H-2255","codDiv":"DIV-2255","codNode":"CUST-2255","idLevel":10,"dteStart":"2026-01-01T00:00:00","codParentNode":"ROOT","dteEnd":null},{"idAction":0,"codHier":"H-2323","codDiv":"D-2323","codNode":"C-2323","idLevel":4,"dteStart":"2026-01-01T12:48:00","codParentNode":"ROOT","dteEnd":"2026-01-12T12:49:00"},{"idAction":0,"codHier":"H-3333","codDiv":"DIV-3333","codNode":"CUST-3333","idLevel":10,"dteStart":"2026-01-01T00:00:00","codParentNode":"ROOT","dteEnd":null},{"idAction":0,"codHier":"H-3344","codDiv":"DIV-3345","codNode":"CUST-3345","idLevel":10,"dteStart":"2026-01-01T00:00:00","codParentNode":"ROOT","dteEnd":null},{"idAction":0,"codHier":"H-3345","codDiv":"DIV-3345","codNode":"CUST-3345","idLevel":10,"dteStart":"2026-01-01T00:00:00","codParentNode":"ROOT","dteEnd":null},{"idAction":0,"codHier":"H-4","codDiv":"DIV-4","codNode":"CUST-4","idLevel":4,"dteStart":"2026-01-01T14:44:00","codParentNode":"ROOT","dteEnd":"2026-01-02T14:44:00"},{"idAction":0,"codHier":"H-5555","codDiv":"DIV-5555","codNode":"CUST-5555","idLevel":10,"dteStart":"2026-01-01T00:00:00","codParentNode":"ROOT","dteEnd":null},{"idAction":0,"codHier":"H-6000","codDiv":"DIV-6000","codNode":"CUST-6000","idLevel":10,"dteStart":"2026-01-01T00:00:00","codParentNode":"ROOT","dteEnd":"2026-12-31T00:00:00"},{"idAction":0,"codHier":"H-6666","codDiv":"DIV-6666","codNode":"CUST-6666","idLevel":10,"dteStart":"2026-01-17T01:30:00","codParentNode":"ROOT","dteEnd":"2026-01-18T01:30:00"},{"idAction":0,"codHier":"H-6767","codDiv":"DIV-6767","codNode":"CUST-6767","idLevel":5,"dteStart":"2026-01-01T12:15:00","codParentNode":"ROOT","dteEnd":"2026-01-08T12:15:00"},{"idAction":0,"codHier":"H-7000","codDiv":"DIV-7000","codNode":"CUST-7000","idLevel":10,"dteStart":"2026-01-01T00:00:00","codParentNode":"ROOT","dteEnd":null},{"idAction":0,"codHier":"H-7777","codDiv":"DIV-7777","codNode":"CUST-7777","idLevel":10,"dteStart":"2026-01-01T00:00:00","codParentNode":"ROOT","dteEnd":null},{"idAction":0,"codHier":"H-7878","codDiv":"DIV-7878","codNode":"CUST-7878","idLevel":3,"dteStart":"2026-01-18T11:43:00","codParentNode":"ROOT","dteEnd":"2026-01-19T11:43:00"},{"idAction":0,"codHier":"H-8000","codDiv":"DIV-8000","codNode":"CUST-8000","idLevel":10,"dteStart":"2026-01-01T00:00:00","codParentNode":"ROOT","dteEnd":null},{"idAction":0,"codHier":"H-8888","codDiv":"DIV-8888","codNode":"CUST-8888","idLevel":10,"dteStart":"2026-01-01T00:00:00","codParentNode":"ROOT","dteEnd":null},{"idAction":0,"codHier":"H-9000","codDiv":"DIV-9000","codNode":"CUST-9000","idLevel":10,"dteStart":"2026-01-01T00:00:00","codParentNode":"ROOT","dteEnd":null},{"idAction":0,"codHier":"H-9999","codDiv":"DIV-9999","codNode":"CUST-9999","idLevel":10,"dteStart":"2026-01-01T00:00:00","codParentNode":"ROOT","dteEnd":null},{"idAction":0,"codHier":"HIER_CORP","codDiv":"DIV01","codNode":"NODE_9111","idLevel":1,"dteStart":"2026-01-15T00:00:00","codParentNode":"ROOT_NODE","dteEnd":null}]
2026-02-11 12:30:58.544 +05:00 [INF] HTTP GET /api/promotions/actions responded 200 in 119.9686 ms | User: haris (23) | IP: ::1 | RequestBody:  | ResponseBody: [{"idAction":3,"name":"PROMO_3","codDiv":"DIV_3","dteStartSellIn":"2026-02-01T00:00:00","dteEndSellIn":"2026-02-28T00:00:00","dteStartSellOut":"2026-01-25T00:00:00","dteEndSellOut":"2026-01-30T00:00:00","documentKey":"KEY_3","dteToShost":"2026-01-10T00:00:00","levParticipants":3},{"idAction":5,"name":"PROMO_5_5","codDiv":"DIV_5","dteStartSellIn":"2026-02-24T00:00:00","dteEndSellIn":"2026-02-21T00:00:00","dteStartSellOut":"2026-02-24T00:00:00","dteEndSellOut":"2026-02-27T00:00:00","documentKey":"DOC_KEY_is_5","dteToShost":"2026-01-18T00:00:00","levParticipants":55555555},{"idAction":6,"name":"PROMO_6","codDiv":"DIV_6","dteStartSellIn":"2026-02-01T00:00:00","dteEndSellIn":"2026-02-25T00:00:00","dteStartSellOut":"2026-01-15T00:00:00","dteEndSellOut":"2026-01-24T00:00:00","documentKey":"DOCC_6_KEY","dteToShost":"2026-01-15T00:00:00","levParticipants":6},{"idAction":7,"name":"PROMO_7","codDiv":"DIV_7","dteStartSellIn":"2026-02-06T12:05:00","dteEndSellIn":"2026-02-07T12:05:00","dteStartSellOut":"2026-02-08T12:05:00","dteEndSellOut":"2026-02-09T12:05:00","documentKey":"KEY_7","dteToShost":"2026-02-05T12:04:00","levParticipants":7},{"idAction":10,"name":"PROMO_10","codDiv":"DIV_10","dteStartSellIn":"2026-02-01T00:00:00","dteEndSellIn":"2026-02-26T00:00:00","dteStartSellOut":"2026-01-23T00:00:00","dteEndSellOut":"2026-01-24T00:00:00","documentKey":"DOCC_KEY_10","dteToShost":"2026-01-29T00:00:00","levParticipants":10},{"idAction":12,"name":"PROMO_12","codDiv":"DIV_12","dteStartSellIn":"2026-02-06T12:27:00","dteEndSellIn":"2026-02-07T12:27:00","dteStartSellOut":"2026-02-08T12:27:00","dteEndSellOut":"2026-02-09T12:27:00","documentKey":"KEY_12","dteToShost":"2026-02-03T12:26:00","levParticipants":12},{"idAction":24,"name":"PROMO_24","codDiv":"DIV_24","dteStartSellIn":"2026-02-05T12:48:00","dteEndSellIn":"2026-02-06T12:48:00","dteStartSellOut":"2026-02-07T12:48:00","dteEndSellOut":"2026-02-08T12:48:00","documentKey":"KEY_24","dteToShost":"2026-02-03T12:48:00","levParticipants":24},{"idAction":45,"name":"cccc","codDiv":"DIV01","dteStartSellIn":"2026-01-16T00:00:00","dteEndSellIn":"2026-01-17T00:00:00","dteStartSellOut":"2026-01-16T00:00:00","dteEndSellOut":"2026-01-17T00:00:00","documentKey":null,"dteToShost":null,"levParticipants":2},{"idAction":87,"name":"promo_87","codDiv":"DIV_87","dteStartSellIn":"2026-02-07T14:44:00","dteEndSellIn":"2026-02-10T14:44:00","dteStartSellOut":"2026-02-22T14:44:00","dteEndSellOut":"2026-02-26T14:44:00","documentKey":"KEY_87","dteToShost":"2026-02-03T14:44:00","levParticipants":87},{"idAction":98,"name":"PROMO_98","codDiv":"DIV_98","dteStartSellIn":"2026-01-08T18:25:00","dteEndSellIn":"2026-01-17T18:25:00","dteStartSellOut":"2026-01-28T18:25:00","dteEndSellOut":"2026-01-30T18:25:00","documentKey":"DOCC_98","dteToShost":"2026-01-31T18:25:00","levParticipants":98},{"idAction":100,"name":"PROMO_100","codDiv":"DIV_100","dteStartSellIn":"2026-02-11T14:08:00","dteEndSellIn":"2026-02-14T14:08:00","dteStartSellOut":"2026-02-22T14:08:00","dteEndSellOut":"2026-02-27T14:08:00","documentKey":"KEY_100","dteToShost":"2026-02-10T14:08:00","levParticipants":10},{"idAction":200,"name":"PROMO_200","codDiv":"DIV_200","dteStartSellIn":"2026-02-10T14:15:00","dteEndSellIn":"2026-02-28T14:15:00","dteStartSellOut":"2026-02-11T14:15:00","dteEndSellOut":"2026-02-23T14:15:00","documentKey":"KEY_200","dteToShost":"2026-02-14T14:14:00","levParticipants":20},{"idAction":321,"name":"PROMO_321","codDiv":"DIV_A","dteStartSellIn":"2026-02-01T18:27:00","dteEndSellIn":"2026-02-28T18:27:00","dteStartSellOut":"2026-02-04T18:27:00","dteEndSellOut":"2026-02-23T18:27:00","documentKey":"KEY_A","dteToShost":"2026-02-03T18:27:00","levParticipants":1},{"idAction":1111,"name":"PROMO_1111","codDiv":"DIV_1111","dteStartSellIn":"2026-01-01T17:00:00","dteEndSellIn":"2026-01-30T17:02:00","dteStartSellOut":"2026-01-17T17:02:00","dteEndSellOut":"2026-01-28T17:02:00","documentKey":"1111_DOCC_KEY","dteToShost":"2026-01-13T17:02:00","levParticipants":11},{"idAction":2020,"name":"Spring Special 2020","codDiv":"D-2020","dteStartSellIn":"2026-01-03T12:28:00","dteEndSellIn":"2026-01-04T12:28:00","dteStartSellOut":"2026-01-05T12:28:00","dteEndSellOut":"2026-01-06T12:28:00","documentKey":"DOC-SPRING-2020","dteToShost":"2026-01-02T12:28:00","levParticipants":1},{"idAction":2222,"name":"haseeb","codDiv":"DIV02","dteStartSellIn":"2026-02-01T00:00:00","dteEndSellIn":"2026-01-11T00:00:00","dteStartSellOut":"2026-01-28T00:00:00","dteEndSellOut":"2026-01-30T00:00:00","documentKey":"","dteToShost":null,"levParticipants":2},{"idAction":2323,"name":"Winter Sale Campaign 2323","codDiv":"D-2323","dteStartSellIn":"2026-01-19T14:39:00","dteEndSellIn":"2026-01-20T14:40:00","dteStartSellOut":"2026-01-21T14:40:00","dteEndSellOut":"2026-01-22T14:40:00","documentKey":"DOC-WINTER-2323","dteToShost":"2026-01-30T14:39:00","levParticipants":1},{"idAction":5005,"name":"bbb","codDiv":"DIV5005","dteStartSellIn":"2026-01-23T00:00:00","dteEndSellIn":"2026-01-30T00:00:00","dteStartSellOut":"2026-01-26T00:00:00","dteEndSellOut":"2026-01-18T00:00:00","documentKey":"555553","dteToShost":"2026-01-19T00:00:00","levParticipants":14},{"idAction":6000,"name":"Zero Redundancy Campaign 6000","codDiv":"DIV-6000","dteStartSellIn":"2026-02-01T00:00:00","dteEndSellIn":"2026-02-24T00:00:00","dteStartSellOut":"2026-02-01T00:00:00","dteEndSellOut":"2026-02-28T00:00:00","documentKey":"DOC-6000","dteToShost":"2026-01-05T00:00:00","levParticipants":1},{"idAction":6767,"name":"XTEL Launch Promo 6767","codDiv":"DIV-6767","dteStartSellIn":"2026-02-01T00:00:00","dteEndSellIn":"2026-02-28T00:00:00","dteStartSellOut":"2026-01-22T00:00:00","dteEndSellOut":"2026-01-23T00:00:00","documentKey":"DOC-XTEL-6767","dteToShost":"2026-01-03T00:00:00","levParticipants":1},{"idAction":7000,"name":"Atomic Campaign 7000","codDiv":"DIV-7000","dteStartSellIn":"2026-01-01T00:00:00","dteEndSellIn":"2026-01-31T00:00:00","dteStartSellOut":"2026-02-01T00:00:00","dteEndSellOut":"2026-02-28T00:00:00","documentKey":"DOC-7000","dteToShost":null,"levParticipants":1},{"idAction":8888,"name":"Atomic Campaign 8888 Complete","codDiv":"DIV-8888","dteStartSellIn":"2026-01-01T00:00:00","dteEndSellIn":"2026-01-31T00:00:00","dteStartSellOut":"2026-02-01T00:00:00","dteEndSellOut":"2026-02-28T00:00:00","documentKey":"DOC-8888","dteToShost":null,"levParticipants":1},{"idAction":9000,"name":"Balanced Atomic Campaign 9000","codDiv":"DIV-9000","dteStartSellIn":"2026-01-01T00:00:00","dteEndSellIn":"2026-01-31T00:00:00","dteStartSellOut":"2026-02-01T00:00:00","dteEndSellOut":"2026-02-28T00:00:00","documentKey":"DOC-9000","dteToShost":null,"levParticipants":1},{"idAction":9999,"name":"I should not exist in DB","codDiv":"DIV-9999","dteStartSellIn":"2026-01-01T00:00:00","dteEndSellIn":"2026-01-31T00:00:00","dteStartSellOut":"2026-02-01T00:00:00","dteEndSellOut":"2026-02-28T00:00:00","documentKey":"DOC-9999","dteToShost":null,"levParticipants":1}]
2026-02-11 12:30:58.571 +05:00 [INF] HTTP GET /api/promotions/customer-relations responded 200 in 146.9535 ms
2026-02-11 12:30:58.591 +05:00 [INF] JWT validated for haris
2026-02-11 12:30:58.578 +05:00 [INF] HTTP GET /api/promotions/actions responded 200 in 153.5403 ms
2026-02-11 12:30:58.597 +05:00 [INF] JWT validated for haris
2026-02-11 12:30:58.661 +05:00 [INF] Forwarding request GET /api/promotions/customer-relations to http://localhost:5137/api/promotions/customer-relations
2026-02-11 12:30:58.673 +05:00 [INF] Forwarding request GET /api/promotions/actions to http://localhost:5137/api/promotions/actions
2026-02-11 12:30:58.701 +05:00 [INF] JWT validated for haris
2026-02-11 12:30:58.710 +05:00 [INF] Forwarding request GET /api/participants/all to http://localhost:5137/api/participants/all
2026-02-11 12:30:58.757 +05:00 [INF] Received response 200 from http://localhost:5137/api/promotions/customer-relations
2026-02-11 12:30:58.764 +05:00 [INF] HTTP GET /api/promotions/customer-relations responded 200 in 173.8966 ms | User: haris (23) | IP: ::1 | RequestBody:  | ResponseBody: [{"idAction":0,"codHier":"5555","codDiv":"div5555","codNode":"f5555","idLevel":1,"dteStart":"2026-01-15T00:00:00","codParentNode":"root","dteEnd":null},{"idAction":0,"codHier":"56","codDiv":"565","codNode":"56","idLevel":55,"dteStart":"2026-01-29T00:44:00","codParentNode":"haseeb","dteEnd":"2026-01-26T00:44:00"},{"idAction":0,"codHier":"H_1","codDiv":"D_1","codNode":"D_1","idLevel":1,"dteStart":"2026-01-30T00:00:00","codParentNode":"ROOT","dteEnd":null},{"idAction":0,"codHier":"H_1","codDiv":"D_1","codNode":"N_1","idLevel":1,"dteStart":"2026-01-30T09:35:43.289","codParentNode":"ROOT","dteEnd":null},{"idAction":0,"codHier":"H_10","codDiv":"DIV_10","codNode":"NODE_10","idLevel":10,"dteStart":"2026-01-01T14:45:00","codParentNode":"ROOT_10","dteEnd":"2026-01-31T14:44:00"},{"idAction":0,"codHier":"H_100","codDiv":"DIV_100","codNode":"NODE_100","idLevel":10,"dteStart":"2026-02-09T13:54:00","codParentNode":"ROOT_100","dteEnd":"2026-02-10T13:54:00"},{"idAction":0,"codHier":"H_1111","codDiv":"DIV_1111","codNode":"NODE_1111","idLevel":11,"dteStart":"2026-01-01T17:00:00","codParentNode":"ROOT_1111","dteEnd":"2026-01-30T17:01:00"},{"idAction":0,"codHier":"H_12","codDiv":"DIV_12","codNode":"NODE_12","idLevel":12,"dteStart":"2026-02-03T12:26:00","codParentNode":"ROOT_12","dteEnd":"2026-02-06T12:26:00"},{"idAction":0,"codHier":"H_17","codDiv":"DIV_17","codNode":"NODE_17","idLevel":17,"dteStart":"2026-02-07T15:44:00","codParentNode":"ROOT_17","dteEnd":"2026-02-24T15:44:00"},{"idAction":0,"codHier":"H_19","codDiv":"DIV_19","codNode":"NODE_19","idLevel":19,"dteStart":"2026-02-04T13:59:00","codParentNode":"ROOT_19","dteEnd":"2026-02-05T13:59:00"},{"idAction":0,"codHier":"H_200","codDiv":"DIV_200","codNode":"NODE_200","idLevel":20,"dteStart":"2026-02-10T14:14:00","codParentNode":"ROOT_200","dteEnd":"2026-02-24T14:14:00"},{"idAction":0,"codHier":"H_21","codDiv":"DIV_21","codNode":"NODE_21","idLevel":21,"dteStart":"2026-02-05T14:01:00","codParentNode":"ROOT_21","dteEnd":"2026-02-07T14:01:00"},{"idAction":0,"codHier":"H_222","codDiv":"DIV_222","codNode":"NODE_222","idLevel":222,"dteStart":"2026-02-04T12:53:00","codParentNode":"ROOT_222","dteEnd":"2026-02-06T12:53:00"},{"idAction":0,"codHier":"H_24","codDiv":"DIV_24","codNode":"NODE_24","idLevel":24,"dteStart":"2026-02-04T12:48:00","codParentNode":"ROOT_24","dteEnd":"2026-02-05T12:48:00"},{"idAction":0,"codHier":"H_25","codDiv":"DIV_25","codNode":"NODE_25","idLevel":25,"dteStart":"2026-02-10T14:04:00","codParentNode":"ROOT_25","dteEnd":"2026-02-11T14:04:00"},{"idAction":0,"codHier":"H_3","codDiv":"DIV_3","codNode":"NODE_3","idLevel":3,"dteStart":"2026-01-01T10:45:00","codParentNode":"ROOT_3","dteEnd":"2026-01-30T10:44:00"},{"idAction":0,"codHier":"H_5","codDiv":"DIV_5","codNode":"NODE_5","idLevel":5,"dteStart":"2026-01-30T10:50:00","codParentNode":"ROOT_5","dteEnd":"2026-01-31T10:48:00"},{"idAction":0,"codHier":"H_6","codDiv":"DIV_6","codNode":"NODE_6","idLevel":6,"dteStart":"2026-01-30T15:01:00","codParentNode":"ROOT_6","dteEnd":"2026-01-31T15:01:00"},{"idAction":0,"codHier":"H_656565","codDiv":"DIV_656565","codNode":"C_656565","idLevel":9,"dteStart":"2026-01-20T00:00:00","codParentNode":"ROOT","dteEnd":null},{"idAction":0,"codHier":"H_676767","codDiv":"DIV_676767","codNode":"NODE_676767","idLevel":676767,"dteStart":"2026-01-31T00:00:00","codParentNode":"ROOT","dteEnd":null},{"idAction":0,"codHier":"H_7","codDiv":"DIV_7","codNode":"NODE_7","idLevel":7,"dteStart":"2026-02-02T12:04:00","codParentNode":"ROOT_7","dteEnd":"2026-02-04T12:04:00"},{"idAction":0,"codHier":"H_87","codDiv":"DIV_87","codNode":"NODE_87","idLevel":87,"dteStart":"2026-02-06T14:07:00","codParentNode":"ROOT_87","dteEnd":"2026-02-26T14:07:00"},{"idAction":0,"codHier":"H_98","codDiv":"DIV_98","codNode":"NODE_98","idLevel":98,"dteStart":"2026-01-30T18:25:00","codParentNode":"ROOT_98","dteEnd":"2026-01-31T18:25:00"},{"idAction":0,"codHier":"H_999","codDiv":"D_5878","codNode":"N_878","idLevel":8,"dteStart":"2026-01-14T00:00:00","codParentNode":"ROOT","dteEnd":null},{"idAction":0,"codHier":"H_A","codDiv":"DIV_A","codNode":"NODE_A","idLevel":1,"dteStart":"2026-02-01T18:26:00","codParentNode":"ROOT_A","dteEnd":"2026-02-14T18:26:00"},{"idAction":0,"codHier":"H-1010","codDiv":"D-1010","codNode":"C-1010","idLevel":1,"dteStart":"2026-01-01T11:54:00","codParentNode":"root","dteEnd":"2026-01-12T11:54:00"},{"idAction":0,"codHier":"H-11","codDiv":"DIV-11","codNode":"C-11","idLevel":11,"dteStart":"2026-01-01T15:05:00","codParentNode":"ROOT","dteEnd":"2026-01-31T15:05:00"},{"idAction":0,"codHier":"H-1111","codDiv":"DIV-1111","codNode":"CUST-1111","idLevel":10,"dteStart":"2026-01-01T00:00:00","codParentNode":"ROOT","dteEnd":null},{"idAction":0,"codHier":"H-1414","codDiv":"D-1414","codNode":"C-1414","idLevel":4,"dteStart":"2026-01-01T14:45:00","codParentNode":"ROOT","dteEnd":"2026-01-15T14:45:00"},{"idAction":0,"codHier":"H-2","codDiv":"DIV-2","codNode":"CUST-2","idLevel":2,"dteStart":"2026-01-01T12:40:00","codParentNode":"ROOT","dteEnd":"2026-01-16T12:37:00"},{"idAction":0,"codHier":"H-2","codDiv":"DIV-2","codNode":"CUST-2","idLevel":2,"dteStart":"2026-01-21T12:37:00","codParentNode":"ROOT","dteEnd":"2026-01-24T12:37:00"},{"idAction":0,"codHier":"H-2020","codDiv":"D-2020","codNode":"C-2020","idLevel":2,"dteStart":"2026-01-02T12:27:00","codParentNode":"root","dteEnd":"2026-01-30T12:27:00"},{"idAction":0,"codHier":"H-2255","codDiv":"DIV-2255","codNode":"CUST-2255","idLevel":10,"dteStart":"2026-01-01T00:00:00","codParentNode":"ROOT","dteEnd":null},{"idAction":0,"codHier":"H-2323","codDiv":"D-2323","codNode":"C-2323","idLevel":4,"dteStart":"2026-01-01T12:48:00","codParentNode":"ROOT","dteEnd":"2026-01-12T12:49:00"},{"idAction":0,"codHier":"H-3333","codDiv":"DIV-3333","codNode":"CUST-3333","idLevel":10,"dteStart":"2026-01-01T00:00:00","codParentNode":"ROOT","dteEnd":null},{"idAction":0,"codHier":"H-3344","codDiv":"DIV-3345","codNode":"CUST-3345","idLevel":10,"dteStart":"2026-01-01T00:00:00","codParentNode":"ROOT","dteEnd":null},{"idAction":0,"codHier":"H-3345","codDiv":"DIV-3345","codNode":"CUST-3345","idLevel":10,"dteStart":"2026-01-01T00:00:00","codParentNode":"ROOT","dteEnd":null},{"idAction":0,"codHier":"H-4","codDiv":"DIV-4","codNode":"CUST-4","idLevel":4,"dteStart":"2026-01-01T14:44:00","codParentNode":"ROOT","dteEnd":"2026-01-02T14:44:00"},{"idAction":0,"codHier":"H-5555","codDiv":"DIV-5555","codNode":"CUST-5555","idLevel":10,"dteStart":"2026-01-01T00:00:00","codParentNode":"ROOT","dteEnd":null},{"idAction":0,"codHier":"H-6000","codDiv":"DIV-6000","codNode":"CUST-6000","idLevel":10,"dteStart":"2026-01-01T00:00:00","codParentNode":"ROOT","dteEnd":"2026-12-31T00:00:00"},{"idAction":0,"codHier":"H-6666","codDiv":"DIV-6666","codNode":"CUST-6666","idLevel":10,"dteStart":"2026-01-17T01:30:00","codParentNode":"ROOT","dteEnd":"2026-01-18T01:30:00"},{"idAction":0,"codHier":"H-6767","codDiv":"DIV-6767","codNode":"CUST-6767","idLevel":5,"dteStart":"2026-01-01T12:15:00","codParentNode":"ROOT","dteEnd":"2026-01-08T12:15:00"},{"idAction":0,"codHier":"H-7000","codDiv":"DIV-7000","codNode":"CUST-7000","idLevel":10,"dteStart":"2026-01-01T00:00:00","codParentNode":"ROOT","dteEnd":null},{"idAction":0,"codHier":"H-7777","codDiv":"DIV-7777","codNode":"CUST-7777","idLevel":10,"dteStart":"2026-01-01T00:00:00","codParentNode":"ROOT","dteEnd":null},{"idAction":0,"codHier":"H-7878","codDiv":"DIV-7878","codNode":"CUST-7878","idLevel":3,"dteStart":"2026-01-18T11:43:00","codParentNode":"ROOT","dteEnd":"2026-01-19T11:43:00"},{"idAction":0,"codHier":"H-8000","codDiv":"DIV-8000","codNode":"CUST-8000","idLevel":10,"dteStart":"2026-01-01T00:00:00","codParentNode":"ROOT","dteEnd":null},{"idAction":0,"codHier":"H-8888","codDiv":"DIV-8888","codNode":"CUST-8888","idLevel":10,"dteStart":"2026-01-01T00:00:00","codParentNode":"ROOT","dteEnd":null},{"idAction":0,"codHier":"H-9000","codDiv":"DIV-9000","codNode":"CUST-9000","idLevel":10,"dteStart":"2026-01-01T00:00:00","codParentNode":"ROOT","dteEnd":null},{"idAction":0,"codHier":"H-9999","codDiv":"DIV-9999","codNode":"CUST-9999","idLevel":10,"dteStart":"2026-01-01T00:00:00","codParentNode":"ROOT","dteEnd":null},{"idAction":0,"codHier":"HIER_CORP","codDiv":"DIV01","codNode":"NODE_9111","idLevel":1,"dteStart":"2026-01-15T00:00:00","codParentNode":"ROOT_NODE","dteEnd":null}]
2026-02-11 12:30:58.775 +05:00 [INF] Received response 200 from http://localhost:5137/api/participants/all
2026-02-11 12:30:58.776 +05:00 [INF] HTTP GET /api/promotions/customer-relations responded 200 in 185.7352 ms
2026-02-11 12:30:58.780 +05:00 [INF] Received response 200 from http://localhost:5137/api/promotions/actions
2026-02-11 12:30:58.783 +05:00 [INF] HTTP GET /api/participants/all responded 200 in 88.2691 ms | User: haris (23) | IP: ::1 | RequestBody:  | ResponseBody: [{"idAction":3,"codParticipant":"N_1","flgInclusion":true,"codHier":"H_1","codDiv":"D_1","codNode":"N_1","idLevel":1,"dteStart":"2026-01-30T09:35:43.289"},{"idAction":3,"codParticipant":"NODE_3","flgInclusion":true,"codHier":"H_3","codDiv":"DIV_3","codNode":"NODE_3","idLevel":3,"dteStart":"2026-01-01T10:45:00"},{"idAction":3,"codParticipant":"NODE_5","flgInclusion":true,"codHier":"H_5","codDiv":"DIV_5","codNode":"NODE_5","idLevel":5,"dteStart":"2026-01-30T10:50:00"},{"idAction":5,"codParticipant":"NODE_5","flgInclusion":true,"codHier":"H_5","codDiv":"DIV_5","codNode":"NODE_5","idLevel":5,"dteStart":"2026-01-30T10:50:00"},{"idAction":6,"codParticipant":"N_9898","flgInclusion":true,"codHier":"H_999","codDiv":"D_5878","codNode":"N_878","idLevel":8,"dteStart":"2026-01-14T00:00:00"},{"idAction":6,"codParticipant":"NODE_3","flgInclusion":true,"codHier":"H_3","codDiv":"DIV_3","codNode":"NODE_3","idLevel":3,"dteStart":"2026-01-01T10:45:00"},{"idAction":6,"codParticipant":"NODE_5","flgInclusion":true,"codHier":"H_5","codDiv":"DIV_5","codNode":"NODE_5","idLevel":5,"dteStart":"2026-01-30T10:50:00"},{"idAction":6,"codParticipant":"NODE_6","flgInclusion":true,"codHier":"H_6","codDiv":"DIV_6","codNode":"NODE_6","idLevel":6,"dteStart":"2026-01-30T15:01:00"},{"idAction":6,"codParticipant":"NODE_676767","flgInclusion":true,"codHier":"H_676767","codDiv":"DIV_676767","codNode":"NODE_676767","idLevel":676767,"dteStart":"2026-01-31T00:00:00"},{"idAction":6,"codParticipant":"P-9000","flgInclusion":true,"codHier":"H-9000","codDiv":"DIV-9000","codNode":"CUST-9000","idLevel":10,"dteStart":"2026-01-01T00:00:00"},{"idAction":7,"codParticipant":"NODE_7","flgInclusion":true,"codHier":"H_7","codDiv":"DIV_7","codNode":"NODE_7","idLevel":7,"dteStart":"2026-02-02T12:04:00"},{"idAction":10,"codParticipant":"NODE_10","flgInclusion":true,"codHier":"H_10","codDiv":"DIV_10","codNode":"NODE_10","idLevel":10,"dteStart":"2026-01-01T14:45:00"},{"idAction":24,"codParticipant":"NODE_24","flgInclusion":true,"codHier":"H_24","codDiv":"DIV_24","codNode":"NODE_24","idLevel":24,"dteStart":"2026-02-04T12:48:00"},{"idAction":87,"codParticipant":"NODE_87","flgInclusion":true,"codHier":"H_87","codDiv":"DIV_87","codNode":"NODE_87","idLevel":87,"dteStart":"2026-02-06T14:07:00"},{"idAction":98,"codParticipant":"NODE_98","flgInclusion":true,"codHier":"H_98","codDiv":"DIV_98","codNode":"NODE_98","idLevel":98,"dteStart":"2026-01-30T18:25:00"},{"idAction":100,"codParticipant":"NODE_100","flgInclusion":true,"codHier":"H_100","codDiv":"DIV_100","codNode":"NODE_100","idLevel":10,"dteStart":"2026-02-09T13:54:00"},{"idAction":200,"codParticipant":"NODE_200","flgInclusion":true,"codHier":"H_200","codDiv":"DIV_200","codNode":"NODE_200","idLevel":20,"dteStart":"2026-02-10T14:14:00"},{"idAction":321,"codParticipant":"NODE_A","flgInclusion":true,"codHier":"H_A","codDiv":"DIV_A","codNode":"NODE_A","idLevel":1,"dteStart":"2026-02-01T18:26:00"},{"idAction":1111,"codParticipant":"NODE_1111","flgInclusion":true,"codHier":"H_1111","codDiv":"DIV_1111","codNode":"NODE_1111","idLevel":11,"dteStart":"2026-01-01T17:00:00"},{"idAction":2323,"codParticipant":"P-2323","flgInclusion":true,"codHier":"H-2323","codDiv":"D-2323","codNode":"C-2323","idLevel":4,"dteStart":"2026-01-01T12:48:00"},{"idAction":5005,"codParticipant":"","flgInclusion":true,"codHier":"H-9999","codDiv":"DIV-9999","codNode":"CUST-9999","idLevel":10,"dteStart":"2026-01-01T00:00:00"},{"idAction":6000,"codParticipant":"P-6000","flgInclusion":true,"codHier":"H-6000","codDiv":"DIV-6000","codNode":"CUST-6000","idLevel":10,"dteStart":"2026-01-01T00:00:00"},{"idAction":6767,"codParticipant":"P-6767","flgInclusion":false,"codHier":"H-6767","codDiv":"DIV-6767","codNode":"CUST-6767","idLevel":5,"dteStart":"2026-01-01T12:15:00"},{"idAction":7000,"codParticipant":"P-7000","flgInclusion":true,"codHier":"H-7000","codDiv":"DIV-7000","codNode":"CUST-7000","idLevel":10,"dteStart":"2026-01-01T00:00:00"},{"idAction":8888,"codParticipant":"P-8888","flgInclusion":true,"codHier":"H-8888","codDiv":"DIV-8888","codNode":"CUST-8888","idLevel":10,"dteStart":"2026-01-01T00:00:00"},{"idAction":9000,"codParticipant":"P-9000","flgInclusion":true,"codHier":"H-9000","codDiv":"DIV-9000","codNode":"CUST-9000","idLevel":10,"dteStart":"2026-01-01T00:00:00"},{"idAction":9999,"codParticipant":"P-9999","flgInclusion":true,"codHier":"H-9999","codDiv":"DIV-9999","codNode":"CUST-9999","idLevel":10,"dteStart":"2026-01-01T00:00:00"}]
2026-02-11 12:30:58.809 +05:00 [INF] HTTP GET /api/participants/all responded 200 in 114.0669 ms
2026-02-11 12:30:58.800 +05:00 [INF] HTTP GET /api/promotions/actions responded 200 in 203.3805 ms | User: haris (23) | IP: ::1 | RequestBody:  | ResponseBody: [{"idAction":3,"name":"PROMO_3","codDiv":"DIV_3","dteStartSellIn":"2026-02-01T00:00:00","dteEndSellIn":"2026-02-28T00:00:00","dteStartSellOut":"2026-01-25T00:00:00","dteEndSellOut":"2026-01-30T00:00:00","documentKey":"KEY_3","dteToShost":"2026-01-10T00:00:00","levParticipants":3},{"idAction":5,"name":"PROMO_5_5","codDiv":"DIV_5","dteStartSellIn":"2026-02-24T00:00:00","dteEndSellIn":"2026-02-21T00:00:00","dteStartSellOut":"2026-02-24T00:00:00","dteEndSellOut":"2026-02-27T00:00:00","documentKey":"DOC_KEY_is_5","dteToShost":"2026-01-18T00:00:00","levParticipants":55555555},{"idAction":6,"name":"PROMO_6","codDiv":"DIV_6","dteStartSellIn":"2026-02-01T00:00:00","dteEndSellIn":"2026-02-25T00:00:00","dteStartSellOut":"2026-01-15T00:00:00","dteEndSellOut":"2026-01-24T00:00:00","documentKey":"DOCC_6_KEY","dteToShost":"2026-01-15T00:00:00","levParticipants":6},{"idAction":7,"name":"PROMO_7","codDiv":"DIV_7","dteStartSellIn":"2026-02-06T12:05:00","dteEndSellIn":"2026-02-07T12:05:00","dteStartSellOut":"2026-02-08T12:05:00","dteEndSellOut":"2026-02-09T12:05:00","documentKey":"KEY_7","dteToShost":"2026-02-05T12:04:00","levParticipants":7},{"idAction":10,"name":"PROMO_10","codDiv":"DIV_10","dteStartSellIn":"2026-02-01T00:00:00","dteEndSellIn":"2026-02-26T00:00:00","dteStartSellOut":"2026-01-23T00:00:00","dteEndSellOut":"2026-01-24T00:00:00","documentKey":"DOCC_KEY_10","dteToShost":"2026-01-29T00:00:00","levParticipants":10},{"idAction":12,"name":"PROMO_12","codDiv":"DIV_12","dteStartSellIn":"2026-02-06T12:27:00","dteEndSellIn":"2026-02-07T12:27:00","dteStartSellOut":"2026-02-08T12:27:00","dteEndSellOut":"2026-02-09T12:27:00","documentKey":"KEY_12","dteToShost":"2026-02-03T12:26:00","levParticipants":12},{"idAction":24,"name":"PROMO_24","codDiv":"DIV_24","dteStartSellIn":"2026-02-05T12:48:00","dteEndSellIn":"2026-02-06T12:48:00","dteStartSellOut":"2026-02-07T12:48:00","dteEndSellOut":"2026-02-08T12:48:00","documentKey":"KEY_24","dteToShost":"2026-02-03T12:48:00","levParticipants":24},{"idAction":45,"name":"cccc","codDiv":"DIV01","dteStartSellIn":"2026-01-16T00:00:00","dteEndSellIn":"2026-01-17T00:00:00","dteStartSellOut":"2026-01-16T00:00:00","dteEndSellOut":"2026-01-17T00:00:00","documentKey":null,"dteToShost":null,"levParticipants":2},{"idAction":87,"name":"promo_87","codDiv":"DIV_87","dteStartSellIn":"2026-02-07T14:44:00","dteEndSellIn":"2026-02-10T14:44:00","dteStartSellOut":"2026-02-22T14:44:00","dteEndSellOut":"2026-02-26T14:44:00","documentKey":"KEY_87","dteToShost":"2026-02-03T14:44:00","levParticipants":87},{"idAction":98,"name":"PROMO_98","codDiv":"DIV_98","dteStartSellIn":"2026-01-08T18:25:00","dteEndSellIn":"2026-01-17T18:25:00","dteStartSellOut":"2026-01-28T18:25:00","dteEndSellOut":"2026-01-30T18:25:00","documentKey":"DOCC_98","dteToShost":"2026-01-31T18:25:00","levParticipants":98},{"idAction":100,"name":"PROMO_100","codDiv":"DIV_100","dteStartSellIn":"2026-02-11T14:08:00","dteEndSellIn":"2026-02-14T14:08:00","dteStartSellOut":"2026-02-22T14:08:00","dteEndSellOut":"2026-02-27T14:08:00","documentKey":"KEY_100","dteToShost":"2026-02-10T14:08:00","levParticipants":10},{"idAction":200,"name":"PROMO_200","codDiv":"DIV_200","dteStartSellIn":"2026-02-10T14:15:00","dteEndSellIn":"2026-02-28T14:15:00","dteStartSellOut":"2026-02-11T14:15:00","dteEndSellOut":"2026-02-23T14:15:00","documentKey":"KEY_200","dteToShost":"2026-02-14T14:14:00","levParticipants":20},{"idAction":321,"name":"PROMO_321","codDiv":"DIV_A","dteStartSellIn":"2026-02-01T18:27:00","dteEndSellIn":"2026-02-28T18:27:00","dteStartSellOut":"2026-02-04T18:27:00","dteEndSellOut":"2026-02-23T18:27:00","documentKey":"KEY_A","dteToShost":"2026-02-03T18:27:00","levParticipants":1},{"idAction":1111,"name":"PROMO_1111","codDiv":"DIV_1111","dteStartSellIn":"2026-01-01T17:00:00","dteEndSellIn":"2026-01-30T17:02:00","dteStartSellOut":"2026-01-17T17:02:00","dteEndSellOut":"2026-01-28T17:02:00","documentKey":"1111_DOCC_KEY","dteToShost":"2026-01-13T17:02:00","levParticipants":11},{"idAction":2020,"name":"Spring Special 2020","codDiv":"D-2020","dteStartSellIn":"2026-01-03T12:28:00","dteEndSellIn":"2026-01-04T12:28:00","dteStartSellOut":"2026-01-05T12:28:00","dteEndSellOut":"2026-01-06T12:28:00","documentKey":"DOC-SPRING-2020","dteToShost":"2026-01-02T12:28:00","levParticipants":1},{"idAction":2222,"name":"haseeb","codDiv":"DIV02","dteStartSellIn":"2026-02-01T00:00:00","dteEndSellIn":"2026-01-11T00:00:00","dteStartSellOut":"2026-01-28T00:00:00","dteEndSellOut":"2026-01-30T00:00:00","documentKey":"","dteToShost":null,"levParticipants":2},{"idAction":2323,"name":"Winter Sale Campaign 2323","codDiv":"D-2323","dteStartSellIn":"2026-01-19T14:39:00","dteEndSellIn":"2026-01-20T14:40:00","dteStartSellOut":"2026-01-21T14:40:00","dteEndSellOut":"2026-01-22T14:40:00","documentKey":"DOC-WINTER-2323","dteToShost":"2026-01-30T14:39:00","levParticipants":1},{"idAction":5005,"name":"bbb","codDiv":"DIV5005","dteStartSellIn":"2026-01-23T00:00:00","dteEndSellIn":"2026-01-30T00:00:00","dteStartSellOut":"2026-01-26T00:00:00","dteEndSellOut":"2026-01-18T00:00:00","documentKey":"555553","dteToShost":"2026-01-19T00:00:00","levParticipants":14},{"idAction":6000,"name":"Zero Redundancy Campaign 6000","codDiv":"DIV-6000","dteStartSellIn":"2026-02-01T00:00:00","dteEndSellIn":"2026-02-24T00:00:00","dteStartSellOut":"2026-02-01T00:00:00","dteEndSellOut":"2026-02-28T00:00:00","documentKey":"DOC-6000","dteToShost":"2026-01-05T00:00:00","levParticipants":1},{"idAction":6767,"name":"XTEL Launch Promo 6767","codDiv":"DIV-6767","dteStartSellIn":"2026-02-01T00:00:00","dteEndSellIn":"2026-02-28T00:00:00","dteStartSellOut":"2026-01-22T00:00:00","dteEndSellOut":"2026-01-23T00:00:00","documentKey":"DOC-XTEL-6767","dteToShost":"2026-01-03T00:00:00","levParticipants":1},{"idAction":7000,"name":"Atomic Campaign 7000","codDiv":"DIV-7000","dteStartSellIn":"2026-01-01T00:00:00","dteEndSellIn":"2026-01-31T00:00:00","dteStartSellOut":"2026-02-01T00:00:00","dteEndSellOut":"2026-02-28T00:00:00","documentKey":"DOC-7000","dteToShost":null,"levParticipants":1},{"idAction":8888,"name":"Atomic Campaign 8888 Complete","codDiv":"DIV-8888","dteStartSellIn":"2026-01-01T00:00:00","dteEndSellIn":"2026-01-31T00:00:00","dteStartSellOut":"2026-02-01T00:00:00","dteEndSellOut":"2026-02-28T00:00:00","documentKey":"DOC-8888","dteToShost":null,"levParticipants":1},{"idAction":9000,"name":"Balanced Atomic Campaign 9000","codDiv":"DIV-9000","dteStartSellIn":"2026-01-01T00:00:00","dteEndSellIn":"2026-01-31T00:00:00","dteStartSellOut":"2026-02-01T00:00:00","dteEndSellOut":"2026-02-28T00:00:00","documentKey":"DOC-9000","dteToShost":null,"levParticipants":1},{"idAction":9999,"name":"I should not exist in DB","codDiv":"DIV-9999","dteStartSellIn":"2026-01-01T00:00:00","dteEndSellIn":"2026-01-31T00:00:00","dteStartSellOut":"2026-02-01T00:00:00","dteEndSellOut":"2026-02-28T00:00:00","documentKey":"DOC-9999","dteToShost":null,"levParticipants":1}]
2026-02-11 12:30:58.827 +05:00 [INF] JWT validated for haris
2026-02-11 12:30:58.842 +05:00 [INF] HTTP GET /api/promotions/actions responded 200 in 245.9240 ms
2026-02-11 12:30:58.850 +05:00 [INF] Forwarding request GET /api/participants/all to http://localhost:5137/api/participants/all
2026-02-11 12:30:58.850 +05:00 [INF] JWT validated for haris
2026-02-11 12:30:58.861 +05:00 [INF] Forwarding request GET /api/promotions/delivery-points to http://localhost:5137/api/promotions/delivery-points
2026-02-11 12:30:58.912 +05:00 [INF] Received response 200 from http://localhost:5137/api/participants/all
2026-02-11 12:30:58.918 +05:00 [INF] HTTP GET /api/participants/all responded 200 in 91.3740 ms | User: haris (23) | IP: ::1 | RequestBody:  | ResponseBody: [{"idAction":3,"codParticipant":"N_1","flgInclusion":true,"codHier":"H_1","codDiv":"D_1","codNode":"N_1","idLevel":1,"dteStart":"2026-01-30T09:35:43.289"},{"idAction":3,"codParticipant":"NODE_3","flgInclusion":true,"codHier":"H_3","codDiv":"DIV_3","codNode":"NODE_3","idLevel":3,"dteStart":"2026-01-01T10:45:00"},{"idAction":3,"codParticipant":"NODE_5","flgInclusion":true,"codHier":"H_5","codDiv":"DIV_5","codNode":"NODE_5","idLevel":5,"dteStart":"2026-01-30T10:50:00"},{"idAction":5,"codParticipant":"NODE_5","flgInclusion":true,"codHier":"H_5","codDiv":"DIV_5","codNode":"NODE_5","idLevel":5,"dteStart":"2026-01-30T10:50:00"},{"idAction":6,"codParticipant":"N_9898","flgInclusion":true,"codHier":"H_999","codDiv":"D_5878","codNode":"N_878","idLevel":8,"dteStart":"2026-01-14T00:00:00"},{"idAction":6,"codParticipant":"NODE_3","flgInclusion":true,"codHier":"H_3","codDiv":"DIV_3","codNode":"NODE_3","idLevel":3,"dteStart":"2026-01-01T10:45:00"},{"idAction":6,"codParticipant":"NODE_5","flgInclusion":true,"codHier":"H_5","codDiv":"DIV_5","codNode":"NODE_5","idLevel":5,"dteStart":"2026-01-30T10:50:00"},{"idAction":6,"codParticipant":"NODE_6","flgInclusion":true,"codHier":"H_6","codDiv":"DIV_6","codNode":"NODE_6","idLevel":6,"dteStart":"2026-01-30T15:01:00"},{"idAction":6,"codParticipant":"NODE_676767","flgInclusion":true,"codHier":"H_676767","codDiv":"DIV_676767","codNode":"NODE_676767","idLevel":676767,"dteStart":"2026-01-31T00:00:00"},{"idAction":6,"codParticipant":"P-9000","flgInclusion":true,"codHier":"H-9000","codDiv":"DIV-9000","codNode":"CUST-9000","idLevel":10,"dteStart":"2026-01-01T00:00:00"},{"idAction":7,"codParticipant":"NODE_7","flgInclusion":true,"codHier":"H_7","codDiv":"DIV_7","codNode":"NODE_7","idLevel":7,"dteStart":"2026-02-02T12:04:00"},{"idAction":10,"codParticipant":"NODE_10","flgInclusion":true,"codHier":"H_10","codDiv":"DIV_10","codNode":"NODE_10","idLevel":10,"dteStart":"2026-01-01T14:45:00"},{"idAction":24,"codParticipant":"NODE_24","flgInclusion":true,"codHier":"H_24","codDiv":"DIV_24","codNode":"NODE_24","idLevel":24,"dteStart":"2026-02-04T12:48:00"},{"idAction":87,"codParticipant":"NODE_87","flgInclusion":true,"codHier":"H_87","codDiv":"DIV_87","codNode":"NODE_87","idLevel":87,"dteStart":"2026-02-06T14:07:00"},{"idAction":98,"codParticipant":"NODE_98","flgInclusion":true,"codHier":"H_98","codDiv":"DIV_98","codNode":"NODE_98","idLevel":98,"dteStart":"2026-01-30T18:25:00"},{"idAction":100,"codParticipant":"NODE_100","flgInclusion":true,"codHier":"H_100","codDiv":"DIV_100","codNode":"NODE_100","idLevel":10,"dteStart":"2026-02-09T13:54:00"},{"idAction":200,"codParticipant":"NODE_200","flgInclusion":true,"codHier":"H_200","codDiv":"DIV_200","codNode":"NODE_200","idLevel":20,"dteStart":"2026-02-10T14:14:00"},{"idAction":321,"codParticipant":"NODE_A","flgInclusion":true,"codHier":"H_A","codDiv":"DIV_A","codNode":"NODE_A","idLevel":1,"dteStart":"2026-02-01T18:26:00"},{"idAction":1111,"codParticipant":"NODE_1111","flgInclusion":true,"codHier":"H_1111","codDiv":"DIV_1111","codNode":"NODE_1111","idLevel":11,"dteStart":"2026-01-01T17:00:00"},{"idAction":2323,"codParticipant":"P-2323","flgInclusion":true,"codHier":"H-2323","codDiv":"D-2323","codNode":"C-2323","idLevel":4,"dteStart":"2026-01-01T12:48:00"},{"idAction":5005,"codParticipant":"","flgInclusion":true,"codHier":"H-9999","codDiv":"DIV-9999","codNode":"CUST-9999","idLevel":10,"dteStart":"2026-01-01T00:00:00"},{"idAction":6000,"codParticipant":"P-6000","flgInclusion":true,"codHier":"H-6000","codDiv":"DIV-6000","codNode":"CUST-6000","idLevel":10,"dteStart":"2026-01-01T00:00:00"},{"idAction":6767,"codParticipant":"P-6767","flgInclusion":false,"codHier":"H-6767","codDiv":"DIV-6767","codNode":"CUST-6767","idLevel":5,"dteStart":"2026-01-01T12:15:00"},{"idAction":7000,"codParticipant":"P-7000","flgInclusion":true,"codHier":"H-7000","codDiv":"DIV-7000","codNode":"CUST-7000","idLevel":10,"dteStart":"2026-01-01T00:00:00"},{"idAction":8888,"codParticipant":"P-8888","flgInclusion":true,"codHier":"H-8888","codDiv":"DIV-8888","codNode":"CUST-8888","idLevel":10,"dteStart":"2026-01-01T00:00:00"},{"idAction":9000,"codParticipant":"P-9000","flgInclusion":true,"codHier":"H-9000","codDiv":"DIV-9000","codNode":"CUST-9000","idLevel":10,"dteStart":"2026-01-01T00:00:00"},{"idAction":9999,"codParticipant":"P-9999","flgInclusion":true,"codHier":"H-9999","codDiv":"DIV-9999","codNode":"CUST-9999","idLevel":10,"dteStart":"2026-01-01T00:00:00"}]
2026-02-11 12:30:58.922 +05:00 [INF] Received response 200 from http://localhost:5137/api/promotions/delivery-points
2026-02-11 12:30:58.931 +05:00 [INF] HTTP GET /api/participants/all responded 200 in 104.6767 ms
2026-02-11 12:30:58.934 +05:00 [INF] HTTP GET /api/promotions/delivery-points responded 200 in 85.4920 ms | User: haris (23) | IP: ::1 | RequestBody:  | ResponseBody: [{"idAction":3,"codDeliveryPoint":"D_1","flgInclusion":true,"codHier":"H_1","codDiv":"D_1","codNode":"D_1","idLevel":1,"dteStart":"2026-01-30T00:00:00"},{"idAction":3,"codDeliveryPoint":"D_656565","flgInclusion":true,"codHier":"H_656565","codDiv":"DIV_656565","codNode":"C_656565","idLevel":9,"dteStart":"2026-01-20T00:00:00"},{"idAction":3,"codDeliveryPoint":"NODE_10","flgInclusion":true,"codHier":"H_10","codDiv":"DIV_10","codNode":"NODE_10","idLevel":10,"dteStart":"2026-01-01T14:45:00"},{"idAction":3,"codDeliveryPoint":"NODE_24","flgInclusion":true,"codHier":"H_24","codDiv":"DIV_24","codNode":"NODE_24","idLevel":24,"dteStart":"2026-02-04T12:48:00"},{"idAction":3,"codDeliveryPoint":"NODE_3","flgInclusion":false,"codHier":"H_3","codDiv":"DIV_3","codNode":"NODE_3","idLevel":3,"dteStart":"2026-01-01T10:45:00"},{"idAction":3,"codDeliveryPoint":"NODE_5","flgInclusion":false,"codHier":"H_5","codDiv":"DIV_5","codNode":"NODE_5","idLevel":5,"dteStart":"2026-01-30T10:50:00"},{"idAction":3,"codDeliveryPoint":"NODE_87","flgInclusion":true,"codHier":"H_87","codDiv":"DIV_87","codNode":"NODE_87","idLevel":87,"dteStart":"2026-02-06T14:07:00"},{"idAction":5,"codDeliveryPoint":"NODE_5","flgInclusion":false,"codHier":"H_5","codDiv":"DIV_5","codNode":"NODE_5","idLevel":5,"dteStart":"2026-01-30T10:50:00"},{"idAction":6,"codDeliveryPoint":"D_1","flgInclusion":true,"codHier":"H_1","codDiv":"D_1","codNode":"D_1","idLevel":1,"dteStart":"2026-01-30T00:00:00"},{"idAction":6,"codDeliveryPoint":"D_656565","flgInclusion":true,"codHier":"H_656565","codDiv":"DIV_656565","codNode":"C_656565","idLevel":9,"dteStart":"2026-01-20T00:00:00"},{"idAction":6,"codDeliveryPoint":"NODE_3","flgInclusion":false,"codHier":"H_3","codDiv":"DIV_3","codNode":"NODE_3","idLevel":3,"dteStart":"2026-01-01T10:45:00"},{"idAction":6,"codDeliveryPoint":"NODE_5","flgInclusion":false,"codHier":"H_5","codDiv":"DIV_5","codNode":"NODE_5","idLevel":5,"dteStart":"2026-01-30T10:50:00"},{"idAction":6,"codDeliveryPoint":"NODE_6","flgInclusion":true,"codHier":"H_6","codDiv":"DIV_6","codNode":"NODE_6","idLevel":6,"dteStart":"2026-01-30T15:01:00"},{"idAction":7,"codDeliveryPoint":"NODE_7","flgInclusion":true,"codHier":"H_7","codDiv":"DIV_7","codNode":"NODE_7","idLevel":7,"dteStart":"2026-02-02T12:04:00"},{"idAction":10,"codDeliveryPoint":"NODE_10","flgInclusion":true,"codHier":"H_10","codDiv":"DIV_10","codNode":"NODE_10","idLevel":10,"dteStart":"2026-01-01T14:45:00"},{"idAction":24,"codDeliveryPoint":"NODE_24","flgInclusion":true,"codHier":"H_24","codDiv":"DIV_24","codNode":"NODE_24","idLevel":24,"dteStart":"2026-02-04T12:48:00"},{"idAction":87,"codDeliveryPoint":"NODE_87","flgInclusion":true,"codHier":"H_87","codDiv":"DIV_87","codNode":"NODE_87","idLevel":87,"dteStart":"2026-02-06T14:07:00"},{"idAction":98,"codDeliveryPoint":"NODE_98","flgInclusion":true,"codHier":"H_98","codDiv":"DIV_98","codNode":"NODE_98","idLevel":98,"dteStart":"2026-01-30T18:25:00"},{"idAction":100,"codDeliveryPoint":"D_656565","flgInclusion":true,"codHier":"H_656565","codDiv":"DIV_656565","codNode":"C_656565","idLevel":9,"dteStart":"2026-01-20T00:00:00"},{"idAction":100,"codDeliveryPoint":"NODE_10","flgInclusion":true,"codHier":"H_10","codDiv":"DIV_10","codNode":"NODE_10","idLevel":10,"dteStart":"2026-01-01T14:45:00"},{"idAction":100,"codDeliveryPoint":"NODE_100","flgInclusion":true,"codHier":"H_100","codDiv":"DIV_100","codNode":"NODE_100","idLevel":10,"dteStart":"2026-02-09T13:54:00"},{"idAction":100,"codDeliveryPoint":"NODE_3","flgInclusion":false,"codHier":"H_3","codDiv":"DIV_3","codNode":"NODE_3","idLevel":3,"dteStart":"2026-01-01T10:45:00"},{"idAction":200,"codDeliveryPoint":"NODE_200","flgInclusion":true,"codHier":"H_200","codDiv":"DIV_200","codNode":"NODE_200","idLevel":20,"dteStart":"2026-02-10T14:14:00"},{"idAction":321,"codDeliveryPoint":"NODE_A","flgInclusion":true,"codHier":"H_A","codDiv":"DIV_A","codNode":"NODE_A","idLevel":1,"dteStart":"2026-02-01T18:26:00"},{"idAction":1111,"codDeliveryPoint":"NODE_1111","flgInclusion":true,"codHier":"H_1111","codDiv":"DIV_1111","codNode":"NODE_1111","idLevel":11,"dteStart":"2026-01-01T17:00:00"},{"idAction":5005,"codDeliveryPoint":"","flgInclusion":true,"codHier":"H-2255","codDiv":"DIV-2255","codNode":"CUST-2255","idLevel":10,"dteStart":"2026-01-01T00:00:00"},{"idAction":6767,"codDeliveryPoint":"DP-6767","flgInclusion":true,"codHier":"H-6767","codDiv":"DIV-6767","codNode":"CUST-6767","idLevel":5,"dteStart":"2026-01-01T12:15:00"},{"idAction":7000,"codDeliveryPoint":"DP-7000","flgInclusion":true,"codHier":"H-7000","codDiv":"DIV-7000","codNode":"CUST-7000","idLevel":10,"dteStart":"2026-01-01T00:00:00"}]
2026-02-11 12:30:58.953 +05:00 [INF] HTTP GET /api/promotions/delivery-points responded 200 in 104.2038 ms
2026-02-11 12:30:58.963 +05:00 [INF] JWT validated for haris
2026-02-11 12:30:58.968 +05:00 [INF] Forwarding request GET /api/promotions/delivery-points to http://localhost:5137/api/promotions/delivery-points
2026-02-11 12:30:59.048 +05:00 [INF] Received response 200 from http://localhost:5137/api/promotions/delivery-points
2026-02-11 12:30:59.066 +05:00 [INF] HTTP GET /api/promotions/delivery-points responded 200 in 103.2042 ms | User: haris (23) | IP: ::1 | RequestBody:  | ResponseBody: [{"idAction":3,"codDeliveryPoint":"D_1","flgInclusion":true,"codHier":"H_1","codDiv":"D_1","codNode":"D_1","idLevel":1,"dteStart":"2026-01-30T00:00:00"},{"idAction":3,"codDeliveryPoint":"D_656565","flgInclusion":true,"codHier":"H_656565","codDiv":"DIV_656565","codNode":"C_656565","idLevel":9,"dteStart":"2026-01-20T00:00:00"},{"idAction":3,"codDeliveryPoint":"NODE_10","flgInclusion":true,"codHier":"H_10","codDiv":"DIV_10","codNode":"NODE_10","idLevel":10,"dteStart":"2026-01-01T14:45:00"},{"idAction":3,"codDeliveryPoint":"NODE_24","flgInclusion":true,"codHier":"H_24","codDiv":"DIV_24","codNode":"NODE_24","idLevel":24,"dteStart":"2026-02-04T12:48:00"},{"idAction":3,"codDeliveryPoint":"NODE_3","flgInclusion":false,"codHier":"H_3","codDiv":"DIV_3","codNode":"NODE_3","idLevel":3,"dteStart":"2026-01-01T10:45:00"},{"idAction":3,"codDeliveryPoint":"NODE_5","flgInclusion":false,"codHier":"H_5","codDiv":"DIV_5","codNode":"NODE_5","idLevel":5,"dteStart":"2026-01-30T10:50:00"},{"idAction":3,"codDeliveryPoint":"NODE_87","flgInclusion":true,"codHier":"H_87","codDiv":"DIV_87","codNode":"NODE_87","idLevel":87,"dteStart":"2026-02-06T14:07:00"},{"idAction":5,"codDeliveryPoint":"NODE_5","flgInclusion":false,"codHier":"H_5","codDiv":"DIV_5","codNode":"NODE_5","idLevel":5,"dteStart":"2026-01-30T10:50:00"},{"idAction":6,"codDeliveryPoint":"D_1","flgInclusion":true,"codHier":"H_1","codDiv":"D_1","codNode":"D_1","idLevel":1,"dteStart":"2026-01-30T00:00:00"},{"idAction":6,"codDeliveryPoint":"D_656565","flgInclusion":true,"codHier":"H_656565","codDiv":"DIV_656565","codNode":"C_656565","idLevel":9,"dteStart":"2026-01-20T00:00:00"},{"idAction":6,"codDeliveryPoint":"NODE_3","flgInclusion":false,"codHier":"H_3","codDiv":"DIV_3","codNode":"NODE_3","idLevel":3,"dteStart":"2026-01-01T10:45:00"},{"idAction":6,"codDeliveryPoint":"NODE_5","flgInclusion":false,"codHier":"H_5","codDiv":"DIV_5","codNode":"NODE_5","idLevel":5,"dteStart":"2026-01-30T10:50:00"},{"idAction":6,"codDeliveryPoint":"NODE_6","flgInclusion":true,"codHier":"H_6","codDiv":"DIV_6","codNode":"NODE_6","idLevel":6,"dteStart":"2026-01-30T15:01:00"},{"idAction":7,"codDeliveryPoint":"NODE_7","flgInclusion":true,"codHier":"H_7","codDiv":"DIV_7","codNode":"NODE_7","idLevel":7,"dteStart":"2026-02-02T12:04:00"},{"idAction":10,"codDeliveryPoint":"NODE_10","flgInclusion":true,"codHier":"H_10","codDiv":"DIV_10","codNode":"NODE_10","idLevel":10,"dteStart":"2026-01-01T14:45:00"},{"idAction":24,"codDeliveryPoint":"NODE_24","flgInclusion":true,"codHier":"H_24","codDiv":"DIV_24","codNode":"NODE_24","idLevel":24,"dteStart":"2026-02-04T12:48:00"},{"idAction":87,"codDeliveryPoint":"NODE_87","flgInclusion":true,"codHier":"H_87","codDiv":"DIV_87","codNode":"NODE_87","idLevel":87,"dteStart":"2026-02-06T14:07:00"},{"idAction":98,"codDeliveryPoint":"NODE_98","flgInclusion":true,"codHier":"H_98","codDiv":"DIV_98","codNode":"NODE_98","idLevel":98,"dteStart":"2026-01-30T18:25:00"},{"idAction":100,"codDeliveryPoint":"D_656565","flgInclusion":true,"codHier":"H_656565","codDiv":"DIV_656565","codNode":"C_656565","idLevel":9,"dteStart":"2026-01-20T00:00:00"},{"idAction":100,"codDeliveryPoint":"NODE_10","flgInclusion":true,"codHier":"H_10","codDiv":"DIV_10","codNode":"NODE_10","idLevel":10,"dteStart":"2026-01-01T14:45:00"},{"idAction":100,"codDeliveryPoint":"NODE_100","flgInclusion":true,"codHier":"H_100","codDiv":"DIV_100","codNode":"NODE_100","idLevel":10,"dteStart":"2026-02-09T13:54:00"},{"idAction":100,"codDeliveryPoint":"NODE_3","flgInclusion":false,"codHier":"H_3","codDiv":"DIV_3","codNode":"NODE_3","idLevel":3,"dteStart":"2026-01-01T10:45:00"},{"idAction":200,"codDeliveryPoint":"NODE_200","flgInclusion":true,"codHier":"H_200","codDiv":"DIV_200","codNode":"NODE_200","idLevel":20,"dteStart":"2026-02-10T14:14:00"},{"idAction":321,"codDeliveryPoint":"NODE_A","flgInclusion":true,"codHier":"H_A","codDiv":"DIV_A","codNode":"NODE_A","idLevel":1,"dteStart":"2026-02-01T18:26:00"},{"idAction":1111,"codDeliveryPoint":"NODE_1111","flgInclusion":true,"codHier":"H_1111","codDiv":"DIV_1111","codNode":"NODE_1111","idLevel":11,"dteStart":"2026-01-01T17:00:00"},{"idAction":5005,"codDeliveryPoint":"","flgInclusion":true,"codHier":"H-2255","codDiv":"DIV-2255","codNode":"CUST-2255","idLevel":10,"dteStart":"2026-01-01T00:00:00"},{"idAction":6767,"codDeliveryPoint":"DP-6767","flgInclusion":true,"codHier":"H-6767","codDiv":"DIV-6767","codNode":"CUST-6767","idLevel":5,"dteStart":"2026-01-01T12:15:00"},{"idAction":7000,"codDeliveryPoint":"DP-7000","flgInclusion":true,"codHier":"H-7000","codDiv":"DIV-7000","codNode":"CUST-7000","idLevel":10,"dteStart":"2026-01-01T00:00:00"}]
2026-02-11 12:30:59.087 +05:00 [INF] HTTP GET /api/promotions/delivery-points responded 200 in 124.7217 ms
2026-02-11 12:31:02.090 +05:00 [INF] JWT validated for haris
2026-02-11 12:31:02.100 +05:00 [INF] Forwarding request GET /api/promotions/customer-relations to http://localhost:5137/api/promotions/customer-relations
2026-02-11 12:31:02.188 +05:00 [INF] Received response 200 from http://localhost:5137/api/promotions/customer-relations
2026-02-11 12:31:02.194 +05:00 [INF] HTTP GET /api/promotions/customer-relations responded 200 in 104.2453 ms | User: haris (23) | IP: ::1 | RequestBody:  | ResponseBody: [{"idAction":0,"codHier":"5555","codDiv":"div5555","codNode":"f5555","idLevel":1,"dteStart":"2026-01-15T00:00:00","codParentNode":"root","dteEnd":null},{"idAction":0,"codHier":"56","codDiv":"565","codNode":"56","idLevel":55,"dteStart":"2026-01-29T00:44:00","codParentNode":"haseeb","dteEnd":"2026-01-26T00:44:00"},{"idAction":0,"codHier":"H_1","codDiv":"D_1","codNode":"D_1","idLevel":1,"dteStart":"2026-01-30T00:00:00","codParentNode":"ROOT","dteEnd":null},{"idAction":0,"codHier":"H_1","codDiv":"D_1","codNode":"N_1","idLevel":1,"dteStart":"2026-01-30T09:35:43.289","codParentNode":"ROOT","dteEnd":null},{"idAction":0,"codHier":"H_10","codDiv":"DIV_10","codNode":"NODE_10","idLevel":10,"dteStart":"2026-01-01T14:45:00","codParentNode":"ROOT_10","dteEnd":"2026-01-31T14:44:00"},{"idAction":0,"codHier":"H_100","codDiv":"DIV_100","codNode":"NODE_100","idLevel":10,"dteStart":"2026-02-09T13:54:00","codParentNode":"ROOT_100","dteEnd":"2026-02-10T13:54:00"},{"idAction":0,"codHier":"H_1111","codDiv":"DIV_1111","codNode":"NODE_1111","idLevel":11,"dteStart":"2026-01-01T17:00:00","codParentNode":"ROOT_1111","dteEnd":"2026-01-30T17:01:00"},{"idAction":0,"codHier":"H_12","codDiv":"DIV_12","codNode":"NODE_12","idLevel":12,"dteStart":"2026-02-03T12:26:00","codParentNode":"ROOT_12","dteEnd":"2026-02-06T12:26:00"},{"idAction":0,"codHier":"H_17","codDiv":"DIV_17","codNode":"NODE_17","idLevel":17,"dteStart":"2026-02-07T15:44:00","codParentNode":"ROOT_17","dteEnd":"2026-02-24T15:44:00"},{"idAction":0,"codHier":"H_19","codDiv":"DIV_19","codNode":"NODE_19","idLevel":19,"dteStart":"2026-02-04T13:59:00","codParentNode":"ROOT_19","dteEnd":"2026-02-05T13:59:00"},{"idAction":0,"codHier":"H_200","codDiv":"DIV_200","codNode":"NODE_200","idLevel":20,"dteStart":"2026-02-10T14:14:00","codParentNode":"ROOT_200","dteEnd":"2026-02-24T14:14:00"},{"idAction":0,"codHier":"H_21","codDiv":"DIV_21","codNode":"NODE_21","idLevel":21,"dteStart":"2026-02-05T14:01:00","codParentNode":"ROOT_21","dteEnd":"2026-02-07T14:01:00"},{"idAction":0,"codHier":"H_222","codDiv":"DIV_222","codNode":"NODE_222","idLevel":222,"dteStart":"2026-02-04T12:53:00","codParentNode":"ROOT_222","dteEnd":"2026-02-06T12:53:00"},{"idAction":0,"codHier":"H_24","codDiv":"DIV_24","codNode":"NODE_24","idLevel":24,"dteStart":"2026-02-04T12:48:00","codParentNode":"ROOT_24","dteEnd":"2026-02-05T12:48:00"},{"idAction":0,"codHier":"H_25","codDiv":"DIV_25","codNode":"NODE_25","idLevel":25,"dteStart":"2026-02-10T14:04:00","codParentNode":"ROOT_25","dteEnd":"2026-02-11T14:04:00"},{"idAction":0,"codHier":"H_3","codDiv":"DIV_3","codNode":"NODE_3","idLevel":3,"dteStart":"2026-01-01T10:45:00","codParentNode":"ROOT_3","dteEnd":"2026-01-30T10:44:00"},{"idAction":0,"codHier":"H_5","codDiv":"DIV_5","codNode":"NODE_5","idLevel":5,"dteStart":"2026-01-30T10:50:00","codParentNode":"ROOT_5","dteEnd":"2026-01-31T10:48:00"},{"idAction":0,"codHier":"H_6","codDiv":"DIV_6","codNode":"NODE_6","idLevel":6,"dteStart":"2026-01-30T15:01:00","codParentNode":"ROOT_6","dteEnd":"2026-01-31T15:01:00"},{"idAction":0,"codHier":"H_656565","codDiv":"DIV_656565","codNode":"C_656565","idLevel":9,"dteStart":"2026-01-20T00:00:00","codParentNode":"ROOT","dteEnd":null},{"idAction":0,"codHier":"H_676767","codDiv":"DIV_676767","codNode":"NODE_676767","idLevel":676767,"dteStart":"2026-01-31T00:00:00","codParentNode":"ROOT","dteEnd":null},{"idAction":0,"codHier":"H_7","codDiv":"DIV_7","codNode":"NODE_7","idLevel":7,"dteStart":"2026-02-02T12:04:00","codParentNode":"ROOT_7","dteEnd":"2026-02-04T12:04:00"},{"idAction":0,"codHier":"H_87","codDiv":"DIV_87","codNode":"NODE_87","idLevel":87,"dteStart":"2026-02-06T14:07:00","codParentNode":"ROOT_87","dteEnd":"2026-02-26T14:07:00"},{"idAction":0,"codHier":"H_98","codDiv":"DIV_98","codNode":"NODE_98","idLevel":98,"dteStart":"2026-01-30T18:25:00","codParentNode":"ROOT_98","dteEnd":"2026-01-31T18:25:00"},{"idAction":0,"codHier":"H_999","codDiv":"D_5878","codNode":"N_878","idLevel":8,"dteStart":"2026-01-14T00:00:00","codParentNode":"ROOT","dteEnd":null},{"idAction":0,"codHier":"H_A","codDiv":"DIV_A","codNode":"NODE_A","idLevel":1,"dteStart":"2026-02-01T18:26:00","codParentNode":"ROOT_A","dteEnd":"2026-02-14T18:26:00"},{"idAction":0,"codHier":"H-1010","codDiv":"D-1010","codNode":"C-1010","idLevel":1,"dteStart":"2026-01-01T11:54:00","codParentNode":"root","dteEnd":"2026-01-12T11:54:00"},{"idAction":0,"codHier":"H-11","codDiv":"DIV-11","codNode":"C-11","idLevel":11,"dteStart":"2026-01-01T15:05:00","codParentNode":"ROOT","dteEnd":"2026-01-31T15:05:00"},{"idAction":0,"codHier":"H-1111","codDiv":"DIV-1111","codNode":"CUST-1111","idLevel":10,"dteStart":"2026-01-01T00:00:00","codParentNode":"ROOT","dteEnd":null},{"idAction":0,"codHier":"H-1414","codDiv":"D-1414","codNode":"C-1414","idLevel":4,"dteStart":"2026-01-01T14:45:00","codParentNode":"ROOT","dteEnd":"2026-01-15T14:45:00"},{"idAction":0,"codHier":"H-2","codDiv":"DIV-2","codNode":"CUST-2","idLevel":2,"dteStart":"2026-01-01T12:40:00","codParentNode":"ROOT","dteEnd":"2026-01-16T12:37:00"},{"idAction":0,"codHier":"H-2","codDiv":"DIV-2","codNode":"CUST-2","idLevel":2,"dteStart":"2026-01-21T12:37:00","codParentNode":"ROOT","dteEnd":"2026-01-24T12:37:00"},{"idAction":0,"codHier":"H-2020","codDiv":"D-2020","codNode":"C-2020","idLevel":2,"dteStart":"2026-01-02T12:27:00","codParentNode":"root","dteEnd":"2026-01-30T12:27:00"},{"idAction":0,"codHier":"H-2255","codDiv":"DIV-2255","codNode":"CUST-2255","idLevel":10,"dteStart":"2026-01-01T00:00:00","codParentNode":"ROOT","dteEnd":null},{"idAction":0,"codHier":"H-2323","codDiv":"D-2323","codNode":"C-2323","idLevel":4,"dteStart":"2026-01-01T12:48:00","codParentNode":"ROOT","dteEnd":"2026-01-12T12:49:00"},{"idAction":0,"codHier":"H-3333","codDiv":"DIV-3333","codNode":"CUST-3333","idLevel":10,"dteStart":"2026-01-01T00:00:00","codParentNode":"ROOT","dteEnd":null},{"idAction":0,"codHier":"H-3344","codDiv":"DIV-3345","codNode":"CUST-3345","idLevel":10,"dteStart":"2026-01-01T00:00:00","codParentNode":"ROOT","dteEnd":null},{"idAction":0,"codHier":"H-3345","codDiv":"DIV-3345","codNode":"CUST-3345","idLevel":10,"dteStart":"2026-01-01T00:00:00","codParentNode":"ROOT","dteEnd":null},{"idAction":0,"codHier":"H-4","codDiv":"DIV-4","codNode":"CUST-4","idLevel":4,"dteStart":"2026-01-01T14:44:00","codParentNode":"ROOT","dteEnd":"2026-01-02T14:44:00"},{"idAction":0,"codHier":"H-5555","codDiv":"DIV-5555","codNode":"CUST-5555","idLevel":10,"dteStart":"2026-01-01T00:00:00","codParentNode":"ROOT","dteEnd":null},{"idAction":0,"codHier":"H-6000","codDiv":"DIV-6000","codNode":"CUST-6000","idLevel":10,"dteStart":"2026-01-01T00:00:00","codParentNode":"ROOT","dteEnd":"2026-12-31T00:00:00"},{"idAction":0,"codHier":"H-6666","codDiv":"DIV-6666","codNode":"CUST-6666","idLevel":10,"dteStart":"2026-01-17T01:30:00","codParentNode":"ROOT","dteEnd":"2026-01-18T01:30:00"},{"idAction":0,"codHier":"H-6767","codDiv":"DIV-6767","codNode":"CUST-6767","idLevel":5,"dteStart":"2026-01-01T12:15:00","codParentNode":"ROOT","dteEnd":"2026-01-08T12:15:00"},{"idAction":0,"codHier":"H-7000","codDiv":"DIV-7000","codNode":"CUST-7000","idLevel":10,"dteStart":"2026-01-01T00:00:00","codParentNode":"ROOT","dteEnd":null},{"idAction":0,"codHier":"H-7777","codDiv":"DIV-7777","codNode":"CUST-7777","idLevel":10,"dteStart":"2026-01-01T00:00:00","codParentNode":"ROOT","dteEnd":null},{"idAction":0,"codHier":"H-7878","codDiv":"DIV-7878","codNode":"CUST-7878","idLevel":3,"dteStart":"2026-01-18T11:43:00","codParentNode":"ROOT","dteEnd":"2026-01-19T11:43:00"},{"idAction":0,"codHier":"H-8000","codDiv":"DIV-8000","codNode":"CUST-8000","idLevel":10,"dteStart":"2026-01-01T00:00:00","codParentNode":"ROOT","dteEnd":null},{"idAction":0,"codHier":"H-8888","codDiv":"DIV-8888","codNode":"CUST-8888","idLevel":10,"dteStart":"2026-01-01T00:00:00","codParentNode":"ROOT","dteEnd":null},{"idAction":0,"codHier":"H-9000","codDiv":"DIV-9000","codNode":"CUST-9000","idLevel":10,"dteStart":"2026-01-01T00:00:00","codParentNode":"ROOT","dteEnd":null},{"idAction":0,"codHier":"H-9999","codDiv":"DIV-9999","codNode":"CUST-9999","idLevel":10,"dteStart":"2026-01-01T00:00:00","codParentNode":"ROOT","dteEnd":null},{"idAction":0,"codHier":"HIER_CORP","codDiv":"DIV01","codNode":"NODE_9111","idLevel":1,"dteStart":"2026-01-15T00:00:00","codParentNode":"ROOT_NODE","dteEnd":null}]
2026-02-11 12:31:02.212 +05:00 [INF] HTTP GET /api/promotions/customer-relations responded 200 in 122.4546 ms
2026-02-11 12:31:02.227 +05:00 [INF] JWT validated for haris
2026-02-11 12:31:02.230 +05:00 [INF] Forwarding request GET /api/promotions/customer-relations to http://localhost:5137/api/promotions/customer-relations
2026-02-11 12:31:02.317 +05:00 [INF] Received response 200 from http://localhost:5137/api/promotions/customer-relations
2026-02-11 12:31:02.322 +05:00 [INF] HTTP GET /api/promotions/customer-relations responded 200 in 95.6791 ms | User: haris (23) | IP: ::1 | RequestBody:  | ResponseBody: [{"idAction":0,"codHier":"5555","codDiv":"div5555","codNode":"f5555","idLevel":1,"dteStart":"2026-01-15T00:00:00","codParentNode":"root","dteEnd":null},{"idAction":0,"codHier":"56","codDiv":"565","codNode":"56","idLevel":55,"dteStart":"2026-01-29T00:44:00","codParentNode":"haseeb","dteEnd":"2026-01-26T00:44:00"},{"idAction":0,"codHier":"H_1","codDiv":"D_1","codNode":"D_1","idLevel":1,"dteStart":"2026-01-30T00:00:00","codParentNode":"ROOT","dteEnd":null},{"idAction":0,"codHier":"H_1","codDiv":"D_1","codNode":"N_1","idLevel":1,"dteStart":"2026-01-30T09:35:43.289","codParentNode":"ROOT","dteEnd":null},{"idAction":0,"codHier":"H_10","codDiv":"DIV_10","codNode":"NODE_10","idLevel":10,"dteStart":"2026-01-01T14:45:00","codParentNode":"ROOT_10","dteEnd":"2026-01-31T14:44:00"},{"idAction":0,"codHier":"H_100","codDiv":"DIV_100","codNode":"NODE_100","idLevel":10,"dteStart":"2026-02-09T13:54:00","codParentNode":"ROOT_100","dteEnd":"2026-02-10T13:54:00"},{"idAction":0,"codHier":"H_1111","codDiv":"DIV_1111","codNode":"NODE_1111","idLevel":11,"dteStart":"2026-01-01T17:00:00","codParentNode":"ROOT_1111","dteEnd":"2026-01-30T17:01:00"},{"idAction":0,"codHier":"H_12","codDiv":"DIV_12","codNode":"NODE_12","idLevel":12,"dteStart":"2026-02-03T12:26:00","codParentNode":"ROOT_12","dteEnd":"2026-02-06T12:26:00"},{"idAction":0,"codHier":"H_17","codDiv":"DIV_17","codNode":"NODE_17","idLevel":17,"dteStart":"2026-02-07T15:44:00","codParentNode":"ROOT_17","dteEnd":"2026-02-24T15:44:00"},{"idAction":0,"codHier":"H_19","codDiv":"DIV_19","codNode":"NODE_19","idLevel":19,"dteStart":"2026-02-04T13:59:00","codParentNode":"ROOT_19","dteEnd":"2026-02-05T13:59:00"},{"idAction":0,"codHier":"H_200","codDiv":"DIV_200","codNode":"NODE_200","idLevel":20,"dteStart":"2026-02-10T14:14:00","codParentNode":"ROOT_200","dteEnd":"2026-02-24T14:14:00"},{"idAction":0,"codHier":"H_21","codDiv":"DIV_21","codNode":"NODE_21","idLevel":21,"dteStart":"2026-02-05T14:01:00","codParentNode":"ROOT_21","dteEnd":"2026-02-07T14:01:00"},{"idAction":0,"codHier":"H_222","codDiv":"DIV_222","codNode":"NODE_222","idLevel":222,"dteStart":"2026-02-04T12:53:00","codParentNode":"ROOT_222","dteEnd":"2026-02-06T12:53:00"},{"idAction":0,"codHier":"H_24","codDiv":"DIV_24","codNode":"NODE_24","idLevel":24,"dteStart":"2026-02-04T12:48:00","codParentNode":"ROOT_24","dteEnd":"2026-02-05T12:48:00"},{"idAction":0,"codHier":"H_25","codDiv":"DIV_25","codNode":"NODE_25","idLevel":25,"dteStart":"2026-02-10T14:04:00","codParentNode":"ROOT_25","dteEnd":"2026-02-11T14:04:00"},{"idAction":0,"codHier":"H_3","codDiv":"DIV_3","codNode":"NODE_3","idLevel":3,"dteStart":"2026-01-01T10:45:00","codParentNode":"ROOT_3","dteEnd":"2026-01-30T10:44:00"},{"idAction":0,"codHier":"H_5","codDiv":"DIV_5","codNode":"NODE_5","idLevel":5,"dteStart":"2026-01-30T10:50:00","codParentNode":"ROOT_5","dteEnd":"2026-01-31T10:48:00"},{"idAction":0,"codHier":"H_6","codDiv":"DIV_6","codNode":"NODE_6","idLevel":6,"dteStart":"2026-01-30T15:01:00","codParentNode":"ROOT_6","dteEnd":"2026-01-31T15:01:00"},{"idAction":0,"codHier":"H_656565","codDiv":"DIV_656565","codNode":"C_656565","idLevel":9,"dteStart":"2026-01-20T00:00:00","codParentNode":"ROOT","dteEnd":null},{"idAction":0,"codHier":"H_676767","codDiv":"DIV_676767","codNode":"NODE_676767","idLevel":676767,"dteStart":"2026-01-31T00:00:00","codParentNode":"ROOT","dteEnd":null},{"idAction":0,"codHier":"H_7","codDiv":"DIV_7","codNode":"NODE_7","idLevel":7,"dteStart":"2026-02-02T12:04:00","codParentNode":"ROOT_7","dteEnd":"2026-02-04T12:04:00"},{"idAction":0,"codHier":"H_87","codDiv":"DIV_87","codNode":"NODE_87","idLevel":87,"dteStart":"2026-02-06T14:07:00","codParentNode":"ROOT_87","dteEnd":"2026-02-26T14:07:00"},{"idAction":0,"codHier":"H_98","codDiv":"DIV_98","codNode":"NODE_98","idLevel":98,"dteStart":"2026-01-30T18:25:00","codParentNode":"ROOT_98","dteEnd":"2026-01-31T18:25:00"},{"idAction":0,"codHier":"H_999","codDiv":"D_5878","codNode":"N_878","idLevel":8,"dteStart":"2026-01-14T00:00:00","codParentNode":"ROOT","dteEnd":null},{"idAction":0,"codHier":"H_A","codDiv":"DIV_A","codNode":"NODE_A","idLevel":1,"dteStart":"2026-02-01T18:26:00","codParentNode":"ROOT_A","dteEnd":"2026-02-14T18:26:00"},{"idAction":0,"codHier":"H-1010","codDiv":"D-1010","codNode":"C-1010","idLevel":1,"dteStart":"2026-01-01T11:54:00","codParentNode":"root","dteEnd":"2026-01-12T11:54:00"},{"idAction":0,"codHier":"H-11","codDiv":"DIV-11","codNode":"C-11","idLevel":11,"dteStart":"2026-01-01T15:05:00","codParentNode":"ROOT","dteEnd":"2026-01-31T15:05:00"},{"idAction":0,"codHier":"H-1111","codDiv":"DIV-1111","codNode":"CUST-1111","idLevel":10,"dteStart":"2026-01-01T00:00:00","codParentNode":"ROOT","dteEnd":null},{"idAction":0,"codHier":"H-1414","codDiv":"D-1414","codNode":"C-1414","idLevel":4,"dteStart":"2026-01-01T14:45:00","codParentNode":"ROOT","dteEnd":"2026-01-15T14:45:00"},{"idAction":0,"codHier":"H-2","codDiv":"DIV-2","codNode":"CUST-2","idLevel":2,"dteStart":"2026-01-01T12:40:00","codParentNode":"ROOT","dteEnd":"2026-01-16T12:37:00"},{"idAction":0,"codHier":"H-2","codDiv":"DIV-2","codNode":"CUST-2","idLevel":2,"dteStart":"2026-01-21T12:37:00","codParentNode":"ROOT","dteEnd":"2026-01-24T12:37:00"},{"idAction":0,"codHier":"H-2020","codDiv":"D-2020","codNode":"C-2020","idLevel":2,"dteStart":"2026-01-02T12:27:00","codParentNode":"root","dteEnd":"2026-01-30T12:27:00"},{"idAction":0,"codHier":"H-2255","codDiv":"DIV-2255","codNode":"CUST-2255","idLevel":10,"dteStart":"2026-01-01T00:00:00","codParentNode":"ROOT","dteEnd":null},{"idAction":0,"codHier":"H-2323","codDiv":"D-2323","codNode":"C-2323","idLevel":4,"dteStart":"2026-01-01T12:48:00","codParentNode":"ROOT","dteEnd":"2026-01-12T12:49:00"},{"idAction":0,"codHier":"H-3333","codDiv":"DIV-3333","codNode":"CUST-3333","idLevel":10,"dteStart":"2026-01-01T00:00:00","codParentNode":"ROOT","dteEnd":null},{"idAction":0,"codHier":"H-3344","codDiv":"DIV-3345","codNode":"CUST-3345","idLevel":10,"dteStart":"2026-01-01T00:00:00","codParentNode":"ROOT","dteEnd":null},{"idAction":0,"codHier":"H-3345","codDiv":"DIV-3345","codNode":"CUST-3345","idLevel":10,"dteStart":"2026-01-01T00:00:00","codParentNode":"ROOT","dteEnd":null},{"idAction":0,"codHier":"H-4","codDiv":"DIV-4","codNode":"CUST-4","idLevel":4,"dteStart":"2026-01-01T14:44:00","codParentNode":"ROOT","dteEnd":"2026-01-02T14:44:00"},{"idAction":0,"codHier":"H-5555","codDiv":"DIV-5555","codNode":"CUST-5555","idLevel":10,"dteStart":"2026-01-01T00:00:00","codParentNode":"ROOT","dteEnd":null},{"idAction":0,"codHier":"H-6000","codDiv":"DIV-6000","codNode":"CUST-6000","idLevel":10,"dteStart":"2026-01-01T00:00:00","codParentNode":"ROOT","dteEnd":"2026-12-31T00:00:00"},{"idAction":0,"codHier":"H-6666","codDiv":"DIV-6666","codNode":"CUST-6666","idLevel":10,"dteStart":"2026-01-17T01:30:00","codParentNode":"ROOT","dteEnd":"2026-01-18T01:30:00"},{"idAction":0,"codHier":"H-6767","codDiv":"DIV-6767","codNode":"CUST-6767","idLevel":5,"dteStart":"2026-01-01T12:15:00","codParentNode":"ROOT","dteEnd":"2026-01-08T12:15:00"},{"idAction":0,"codHier":"H-7000","codDiv":"DIV-7000","codNode":"CUST-7000","idLevel":10,"dteStart":"2026-01-01T00:00:00","codParentNode":"ROOT","dteEnd":null},{"idAction":0,"codHier":"H-7777","codDiv":"DIV-7777","codNode":"CUST-7777","idLevel":10,"dteStart":"2026-01-01T00:00:00","codParentNode":"ROOT","dteEnd":null},{"idAction":0,"codHier":"H-7878","codDiv":"DIV-7878","codNode":"CUST-7878","idLevel":3,"dteStart":"2026-01-18T11:43:00","codParentNode":"ROOT","dteEnd":"2026-01-19T11:43:00"},{"idAction":0,"codHier":"H-8000","codDiv":"DIV-8000","codNode":"CUST-8000","idLevel":10,"dteStart":"2026-01-01T00:00:00","codParentNode":"ROOT","dteEnd":null},{"idAction":0,"codHier":"H-8888","codDiv":"DIV-8888","codNode":"CUST-8888","idLevel":10,"dteStart":"2026-01-01T00:00:00","codParentNode":"ROOT","dteEnd":null},{"idAction":0,"codHier":"H-9000","codDiv":"DIV-9000","codNode":"CUST-9000","idLevel":10,"dteStart":"2026-01-01T00:00:00","codParentNode":"ROOT","dteEnd":null},{"idAction":0,"codHier":"H-9999","codDiv":"DIV-9999","codNode":"CUST-9999","idLevel":10,"dteStart":"2026-01-01T00:00:00","codParentNode":"ROOT","dteEnd":null},{"idAction":0,"codHier":"HIER_CORP","codDiv":"DIV01","codNode":"NODE_9111","idLevel":1,"dteStart":"2026-01-15T00:00:00","codParentNode":"ROOT_NODE","dteEnd":null}]
2026-02-11 12:31:02.342 +05:00 [INF] HTTP GET /api/promotions/customer-relations responded 200 in 115.9012 ms
2026-02-11 12:31:03.058 +05:00 [INF] JWT validated for haris
2026-02-11 12:31:03.112 +05:00 [INF] HTTP GET /api/gateway/health responded 200 in 54.8909 ms | User: haris (23) | IP: ::1 | RequestBody:  | ResponseBody: {"status":"Healthy","timestamp":"2026-02-11T07:31:03.1112278Z","services":[{"service":"Promotions API","url":"http://localhost:5137/api/health","status":"Healthy","responseTime":"22ms","statusCode":200},{"service":"SSO API","url":"http://localhost:5253/api/health","status":"Healthy","responseTime":"24ms","statusCode":200}]}
2026-02-11 12:31:03.135 +05:00 [INF] HTTP GET /api/gateway/health responded 200 in 77.8545 ms
2026-02-11 12:31:08.031 +05:00 [INF] JWT validated for haris
2026-02-11 12:31:08.038 +05:00 [INF] Forwarding request GET /api/promotions/actions to http://localhost:5137/api/promotions/actions
2026-02-11 12:31:08.042 +05:00 [INF] JWT validated for haris
2026-02-11 12:31:08.081 +05:00 [INF] Forwarding request GET /api/promotions/customer-relations to http://localhost:5137/api/promotions/customer-relations
2026-02-11 12:31:08.083 +05:00 [INF] JWT validated for haris
2026-02-11 12:31:08.163 +05:00 [INF] Received response 200 from http://localhost:5137/api/promotions/actions
2026-02-11 12:31:08.203 +05:00 [INF] Received response 200 from http://localhost:5137/api/promotions/customer-relations
2026-02-11 12:31:08.211 +05:00 [INF] HTTP GET /api/promotions/actions responded 200 in 182.2440 ms | User: haris (23) | IP: ::1 | RequestBody:  | ResponseBody: [{"idAction":3,"name":"PROMO_3","codDiv":"DIV_3","dteStartSellIn":"2026-02-01T00:00:00","dteEndSellIn":"2026-02-28T00:00:00","dteStartSellOut":"2026-01-25T00:00:00","dteEndSellOut":"2026-01-30T00:00:00","documentKey":"KEY_3","dteToShost":"2026-01-10T00:00:00","levParticipants":3},{"idAction":5,"name":"PROMO_5_5","codDiv":"DIV_5","dteStartSellIn":"2026-02-24T00:00:00","dteEndSellIn":"2026-02-21T00:00:00","dteStartSellOut":"2026-02-24T00:00:00","dteEndSellOut":"2026-02-27T00:00:00","documentKey":"DOC_KEY_is_5","dteToShost":"2026-01-18T00:00:00","levParticipants":55555555},{"idAction":6,"name":"PROMO_6","codDiv":"DIV_6","dteStartSellIn":"2026-02-01T00:00:00","dteEndSellIn":"2026-02-25T00:00:00","dteStartSellOut":"2026-01-15T00:00:00","dteEndSellOut":"2026-01-24T00:00:00","documentKey":"DOCC_6_KEY","dteToShost":"2026-01-15T00:00:00","levParticipants":6},{"idAction":7,"name":"PROMO_7","codDiv":"DIV_7","dteStartSellIn":"2026-02-06T12:05:00","dteEndSellIn":"2026-02-07T12:05:00","dteStartSellOut":"2026-02-08T12:05:00","dteEndSellOut":"2026-02-09T12:05:00","documentKey":"KEY_7","dteToShost":"2026-02-05T12:04:00","levParticipants":7},{"idAction":10,"name":"PROMO_10","codDiv":"DIV_10","dteStartSellIn":"2026-02-01T00:00:00","dteEndSellIn":"2026-02-26T00:00:00","dteStartSellOut":"2026-01-23T00:00:00","dteEndSellOut":"2026-01-24T00:00:00","documentKey":"DOCC_KEY_10","dteToShost":"2026-01-29T00:00:00","levParticipants":10},{"idAction":12,"name":"PROMO_12","codDiv":"DIV_12","dteStartSellIn":"2026-02-06T12:27:00","dteEndSellIn":"2026-02-07T12:27:00","dteStartSellOut":"2026-02-08T12:27:00","dteEndSellOut":"2026-02-09T12:27:00","documentKey":"KEY_12","dteToShost":"2026-02-03T12:26:00","levParticipants":12},{"idAction":24,"name":"PROMO_24","codDiv":"DIV_24","dteStartSellIn":"2026-02-05T12:48:00","dteEndSellIn":"2026-02-06T12:48:00","dteStartSellOut":"2026-02-07T12:48:00","dteEndSellOut":"2026-02-08T12:48:00","documentKey":"KEY_24","dteToShost":"2026-02-03T12:48:00","levParticipants":24},{"idAction":45,"name":"cccc","codDiv":"DIV01","dteStartSellIn":"2026-01-16T00:00:00","dteEndSellIn":"2026-01-17T00:00:00","dteStartSellOut":"2026-01-16T00:00:00","dteEndSellOut":"2026-01-17T00:00:00","documentKey":null,"dteToShost":null,"levParticipants":2},{"idAction":87,"name":"promo_87","codDiv":"DIV_87","dteStartSellIn":"2026-02-07T14:44:00","dteEndSellIn":"2026-02-10T14:44:00","dteStartSellOut":"2026-02-22T14:44:00","dteEndSellOut":"2026-02-26T14:44:00","documentKey":"KEY_87","dteToShost":"2026-02-03T14:44:00","levParticipants":87},{"idAction":98,"name":"PROMO_98","codDiv":"DIV_98","dteStartSellIn":"2026-01-08T18:25:00","dteEndSellIn":"2026-01-17T18:25:00","dteStartSellOut":"2026-01-28T18:25:00","dteEndSellOut":"2026-01-30T18:25:00","documentKey":"DOCC_98","dteToShost":"2026-01-31T18:25:00","levParticipants":98},{"idAction":100,"name":"PROMO_100","codDiv":"DIV_100","dteStartSellIn":"2026-02-11T14:08:00","dteEndSellIn":"2026-02-14T14:08:00","dteStartSellOut":"2026-02-22T14:08:00","dteEndSellOut":"2026-02-27T14:08:00","documentKey":"KEY_100","dteToShost":"2026-02-10T14:08:00","levParticipants":10},{"idAction":200,"name":"PROMO_200","codDiv":"DIV_200","dteStartSellIn":"2026-02-10T14:15:00","dteEndSellIn":"2026-02-28T14:15:00","dteStartSellOut":"2026-02-11T14:15:00","dteEndSellOut":"2026-02-23T14:15:00","documentKey":"KEY_200","dteToShost":"2026-02-14T14:14:00","levParticipants":20},{"idAction":321,"name":"PROMO_321","codDiv":"DIV_A","dteStartSellIn":"2026-02-01T18:27:00","dteEndSellIn":"2026-02-28T18:27:00","dteStartSellOut":"2026-02-04T18:27:00","dteEndSellOut":"2026-02-23T18:27:00","documentKey":"KEY_A","dteToShost":"2026-02-03T18:27:00","levParticipants":1},{"idAction":1111,"name":"PROMO_1111","codDiv":"DIV_1111","dteStartSellIn":"2026-01-01T17:00:00","dteEndSellIn":"2026-01-30T17:02:00","dteStartSellOut":"2026-01-17T17:02:00","dteEndSellOut":"2026-01-28T17:02:00","documentKey":"1111_DOCC_KEY","dteToShost":"2026-01-13T17:02:00","levParticipants":11},{"idAction":2020,"name":"Spring Special 2020","codDiv":"D-2020","dteStartSellIn":"2026-01-03T12:28:00","dteEndSellIn":"2026-01-04T12:28:00","dteStartSellOut":"2026-01-05T12:28:00","dteEndSellOut":"2026-01-06T12:28:00","documentKey":"DOC-SPRING-2020","dteToShost":"2026-01-02T12:28:00","levParticipants":1},{"idAction":2222,"name":"haseeb","codDiv":"DIV02","dteStartSellIn":"2026-02-01T00:00:00","dteEndSellIn":"2026-01-11T00:00:00","dteStartSellOut":"2026-01-28T00:00:00","dteEndSellOut":"2026-01-30T00:00:00","documentKey":"","dteToShost":null,"levParticipants":2},{"idAction":2323,"name":"Winter Sale Campaign 2323","codDiv":"D-2323","dteStartSellIn":"2026-01-19T14:39:00","dteEndSellIn":"2026-01-20T14:40:00","dteStartSellOut":"2026-01-21T14:40:00","dteEndSellOut":"2026-01-22T14:40:00","documentKey":"DOC-WINTER-2323","dteToShost":"2026-01-30T14:39:00","levParticipants":1},{"idAction":5005,"name":"bbb","codDiv":"DIV5005","dteStartSellIn":"2026-01-23T00:00:00","dteEndSellIn":"2026-01-30T00:00:00","dteStartSellOut":"2026-01-26T00:00:00","dteEndSellOut":"2026-01-18T00:00:00","documentKey":"555553","dteToShost":"2026-01-19T00:00:00","levParticipants":14},{"idAction":6000,"name":"Zero Redundancy Campaign 6000","codDiv":"DIV-6000","dteStartSellIn":"2026-02-01T00:00:00","dteEndSellIn":"2026-02-24T00:00:00","dteStartSellOut":"2026-02-01T00:00:00","dteEndSellOut":"2026-02-28T00:00:00","documentKey":"DOC-6000","dteToShost":"2026-01-05T00:00:00","levParticipants":1},{"idAction":6767,"name":"XTEL Launch Promo 6767","codDiv":"DIV-6767","dteStartSellIn":"2026-02-01T00:00:00","dteEndSellIn":"2026-02-28T00:00:00","dteStartSellOut":"2026-01-22T00:00:00","dteEndSellOut":"2026-01-23T00:00:00","documentKey":"DOC-XTEL-6767","dteToShost":"2026-01-03T00:00:00","levParticipants":1},{"idAction":7000,"name":"Atomic Campaign 7000","codDiv":"DIV-7000","dteStartSellIn":"2026-01-01T00:00:00","dteEndSellIn":"2026-01-31T00:00:00","dteStartSellOut":"2026-02-01T00:00:00","dteEndSellOut":"2026-02-28T00:00:00","documentKey":"DOC-7000","dteToShost":null,"levParticipants":1},{"idAction":8888,"name":"Atomic Campaign 8888 Complete","codDiv":"DIV-8888","dteStartSellIn":"2026-01-01T00:00:00","dteEndSellIn":"2026-01-31T00:00:00","dteStartSellOut":"2026-02-01T00:00:00","dteEndSellOut":"2026-02-28T00:00:00","documentKey":"DOC-8888","dteToShost":null,"levParticipants":1},{"idAction":9000,"name":"Balanced Atomic Campaign 9000","codDiv":"DIV-9000","dteStartSellIn":"2026-01-01T00:00:00","dteEndSellIn":"2026-01-31T00:00:00","dteStartSellOut":"2026-02-01T00:00:00","dteEndSellOut":"2026-02-28T00:00:00","documentKey":"DOC-9000","dteToShost":null,"levParticipants":1},{"idAction":9999,"name":"I should not exist in DB","codDiv":"DIV-9999","dteStartSellIn":"2026-01-01T00:00:00","dteEndSellIn":"2026-01-31T00:00:00","dteStartSellOut":"2026-02-01T00:00:00","dteEndSellOut":"2026-02-28T00:00:00","documentKey":"DOC-9999","dteToShost":null,"levParticipants":1}]
2026-02-11 12:31:08.263 +05:00 [INF] HTTP GET /api/promotions/actions responded 200 in 233.6314 ms
2026-02-11 12:31:08.246 +05:00 [INF] HTTP GET /api/gateway/health responded 200 in 165.8694 ms | User: haris (23) | IP: ::1 | RequestBody:  | ResponseBody: {"status":"Healthy","timestamp":"2026-02-11T07:31:08.2452312Z","services":[{"service":"Promotions API","url":"http://localhost:5137/api/health","status":"Healthy","responseTime":"64ms","statusCode":200},{"service":"SSO API","url":"http://localhost:5253/api/health","status":"Healthy","responseTime":"70ms","statusCode":200}]}
2026-02-11 12:31:08.241 +05:00 [INF] HTTP GET /api/promotions/customer-relations responded 200 in 198.8381 ms | User: haris (23) | IP: ::1 | RequestBody:  | ResponseBody: [{"idAction":0,"codHier":"5555","codDiv":"div5555","codNode":"f5555","idLevel":1,"dteStart":"2026-01-15T00:00:00","codParentNode":"root","dteEnd":null},{"idAction":0,"codHier":"56","codDiv":"565","codNode":"56","idLevel":55,"dteStart":"2026-01-29T00:44:00","codParentNode":"haseeb","dteEnd":"2026-01-26T00:44:00"},{"idAction":0,"codHier":"H_1","codDiv":"D_1","codNode":"D_1","idLevel":1,"dteStart":"2026-01-30T00:00:00","codParentNode":"ROOT","dteEnd":null},{"idAction":0,"codHier":"H_1","codDiv":"D_1","codNode":"N_1","idLevel":1,"dteStart":"2026-01-30T09:35:43.289","codParentNode":"ROOT","dteEnd":null},{"idAction":0,"codHier":"H_10","codDiv":"DIV_10","codNode":"NODE_10","idLevel":10,"dteStart":"2026-01-01T14:45:00","codParentNode":"ROOT_10","dteEnd":"2026-01-31T14:44:00"},{"idAction":0,"codHier":"H_100","codDiv":"DIV_100","codNode":"NODE_100","idLevel":10,"dteStart":"2026-02-09T13:54:00","codParentNode":"ROOT_100","dteEnd":"2026-02-10T13:54:00"},{"idAction":0,"codHier":"H_1111","codDiv":"DIV_1111","codNode":"NODE_1111","idLevel":11,"dteStart":"2026-01-01T17:00:00","codParentNode":"ROOT_1111","dteEnd":"2026-01-30T17:01:00"},{"idAction":0,"codHier":"H_12","codDiv":"DIV_12","codNode":"NODE_12","idLevel":12,"dteStart":"2026-02-03T12:26:00","codParentNode":"ROOT_12","dteEnd":"2026-02-06T12:26:00"},{"idAction":0,"codHier":"H_17","codDiv":"DIV_17","codNode":"NODE_17","idLevel":17,"dteStart":"2026-02-07T15:44:00","codParentNode":"ROOT_17","dteEnd":"2026-02-24T15:44:00"},{"idAction":0,"codHier":"H_19","codDiv":"DIV_19","codNode":"NODE_19","idLevel":19,"dteStart":"2026-02-04T13:59:00","codParentNode":"ROOT_19","dteEnd":"2026-02-05T13:59:00"},{"idAction":0,"codHier":"H_200","codDiv":"DIV_200","codNode":"NODE_200","idLevel":20,"dteStart":"2026-02-10T14:14:00","codParentNode":"ROOT_200","dteEnd":"2026-02-24T14:14:00"},{"idAction":0,"codHier":"H_21","codDiv":"DIV_21","codNode":"NODE_21","idLevel":21,"dteStart":"2026-02-05T14:01:00","codParentNode":"ROOT_21","dteEnd":"2026-02-07T14:01:00"},{"idAction":0,"codHier":"H_222","codDiv":"DIV_222","codNode":"NODE_222","idLevel":222,"dteStart":"2026-02-04T12:53:00","codParentNode":"ROOT_222","dteEnd":"2026-02-06T12:53:00"},{"idAction":0,"codHier":"H_24","codDiv":"DIV_24","codNode":"NODE_24","idLevel":24,"dteStart":"2026-02-04T12:48:00","codParentNode":"ROOT_24","dteEnd":"2026-02-05T12:48:00"},{"idAction":0,"codHier":"H_25","codDiv":"DIV_25","codNode":"NODE_25","idLevel":25,"dteStart":"2026-02-10T14:04:00","codParentNode":"ROOT_25","dteEnd":"2026-02-11T14:04:00"},{"idAction":0,"codHier":"H_3","codDiv":"DIV_3","codNode":"NODE_3","idLevel":3,"dteStart":"2026-01-01T10:45:00","codParentNode":"ROOT_3","dteEnd":"2026-01-30T10:44:00"},{"idAction":0,"codHier":"H_5","codDiv":"DIV_5","codNode":"NODE_5","idLevel":5,"dteStart":"2026-01-30T10:50:00","codParentNode":"ROOT_5","dteEnd":"2026-01-31T10:48:00"},{"idAction":0,"codHier":"H_6","codDiv":"DIV_6","codNode":"NODE_6","idLevel":6,"dteStart":"2026-01-30T15:01:00","codParentNode":"ROOT_6","dteEnd":"2026-01-31T15:01:00"},{"idAction":0,"codHier":"H_656565","codDiv":"DIV_656565","codNode":"C_656565","idLevel":9,"dteStart":"2026-01-20T00:00:00","codParentNode":"ROOT","dteEnd":null},{"idAction":0,"codHier":"H_676767","codDiv":"DIV_676767","codNode":"NODE_676767","idLevel":676767,"dteStart":"2026-01-31T00:00:00","codParentNode":"ROOT","dteEnd":null},{"idAction":0,"codHier":"H_7","codDiv":"DIV_7","codNode":"NODE_7","idLevel":7,"dteStart":"2026-02-02T12:04:00","codParentNode":"ROOT_7","dteEnd":"2026-02-04T12:04:00"},{"idAction":0,"codHier":"H_87","codDiv":"DIV_87","codNode":"NODE_87","idLevel":87,"dteStart":"2026-02-06T14:07:00","codParentNode":"ROOT_87","dteEnd":"2026-02-26T14:07:00"},{"idAction":0,"codHier":"H_98","codDiv":"DIV_98","codNode":"NODE_98","idLevel":98,"dteStart":"2026-01-30T18:25:00","codParentNode":"ROOT_98","dteEnd":"2026-01-31T18:25:00"},{"idAction":0,"codHier":"H_999","codDiv":"D_5878","codNode":"N_878","idLevel":8,"dteStart":"2026-01-14T00:00:00","codParentNode":"ROOT","dteEnd":null},{"idAction":0,"codHier":"H_A","codDiv":"DIV_A","codNode":"NODE_A","idLevel":1,"dteStart":"2026-02-01T18:26:00","codParentNode":"ROOT_A","dteEnd":"2026-02-14T18:26:00"},{"idAction":0,"codHier":"H-1010","codDiv":"D-1010","codNode":"C-1010","idLevel":1,"dteStart":"2026-01-01T11:54:00","codParentNode":"root","dteEnd":"2026-01-12T11:54:00"},{"idAction":0,"codHier":"H-11","codDiv":"DIV-11","codNode":"C-11","idLevel":11,"dteStart":"2026-01-01T15:05:00","codParentNode":"ROOT","dteEnd":"2026-01-31T15:05:00"},{"idAction":0,"codHier":"H-1111","codDiv":"DIV-1111","codNode":"CUST-1111","idLevel":10,"dteStart":"2026-01-01T00:00:00","codParentNode":"ROOT","dteEnd":null},{"idAction":0,"codHier":"H-1414","codDiv":"D-1414","codNode":"C-1414","idLevel":4,"dteStart":"2026-01-01T14:45:00","codParentNode":"ROOT","dteEnd":"2026-01-15T14:45:00"},{"idAction":0,"codHier":"H-2","codDiv":"DIV-2","codNode":"CUST-2","idLevel":2,"dteStart":"2026-01-01T12:40:00","codParentNode":"ROOT","dteEnd":"2026-01-16T12:37:00"},{"idAction":0,"codHier":"H-2","codDiv":"DIV-2","codNode":"CUST-2","idLevel":2,"dteStart":"2026-01-21T12:37:00","codParentNode":"ROOT","dteEnd":"2026-01-24T12:37:00"},{"idAction":0,"codHier":"H-2020","codDiv":"D-2020","codNode":"C-2020","idLevel":2,"dteStart":"2026-01-02T12:27:00","codParentNode":"root","dteEnd":"2026-01-30T12:27:00"},{"idAction":0,"codHier":"H-2255","codDiv":"DIV-2255","codNode":"CUST-2255","idLevel":10,"dteStart":"2026-01-01T00:00:00","codParentNode":"ROOT","dteEnd":null},{"idAction":0,"codHier":"H-2323","codDiv":"D-2323","codNode":"C-2323","idLevel":4,"dteStart":"2026-01-01T12:48:00","codParentNode":"ROOT","dteEnd":"2026-01-12T12:49:00"},{"idAction":0,"codHier":"H-3333","codDiv":"DIV-3333","codNode":"CUST-3333","idLevel":10,"dteStart":"2026-01-01T00:00:00","codParentNode":"ROOT","dteEnd":null},{"idAction":0,"codHier":"H-3344","codDiv":"DIV-3345","codNode":"CUST-3345","idLevel":10,"dteStart":"2026-01-01T00:00:00","codParentNode":"ROOT","dteEnd":null},{"idAction":0,"codHier":"H-3345","codDiv":"DIV-3345","codNode":"CUST-3345","idLevel":10,"dteStart":"2026-01-01T00:00:00","codParentNode":"ROOT","dteEnd":null},{"idAction":0,"codHier":"H-4","codDiv":"DIV-4","codNode":"CUST-4","idLevel":4,"dteStart":"2026-01-01T14:44:00","codParentNode":"ROOT","dteEnd":"2026-01-02T14:44:00"},{"idAction":0,"codHier":"H-5555","codDiv":"DIV-5555","codNode":"CUST-5555","idLevel":10,"dteStart":"2026-01-01T00:00:00","codParentNode":"ROOT","dteEnd":null},{"idAction":0,"codHier":"H-6000","codDiv":"DIV-6000","codNode":"CUST-6000","idLevel":10,"dteStart":"2026-01-01T00:00:00","codParentNode":"ROOT","dteEnd":"2026-12-31T00:00:00"},{"idAction":0,"codHier":"H-6666","codDiv":"DIV-6666","codNode":"CUST-6666","idLevel":10,"dteStart":"2026-01-17T01:30:00","codParentNode":"ROOT","dteEnd":"2026-01-18T01:30:00"},{"idAction":0,"codHier":"H-6767","codDiv":"DIV-6767","codNode":"CUST-6767","idLevel":5,"dteStart":"2026-01-01T12:15:00","codParentNode":"ROOT","dteEnd":"2026-01-08T12:15:00"},{"idAction":0,"codHier":"H-7000","codDiv":"DIV-7000","codNode":"CUST-7000","idLevel":10,"dteStart":"2026-01-01T00:00:00","codParentNode":"ROOT","dteEnd":null},{"idAction":0,"codHier":"H-7777","codDiv":"DIV-7777","codNode":"CUST-7777","idLevel":10,"dteStart":"2026-01-01T00:00:00","codParentNode":"ROOT","dteEnd":null},{"idAction":0,"codHier":"H-7878","codDiv":"DIV-7878","codNode":"CUST-7878","idLevel":3,"dteStart":"2026-01-18T11:43:00","codParentNode":"ROOT","dteEnd":"2026-01-19T11:43:00"},{"idAction":0,"codHier":"H-8000","codDiv":"DIV-8000","codNode":"CUST-8000","idLevel":10,"dteStart":"2026-01-01T00:00:00","codParentNode":"ROOT","dteEnd":null},{"idAction":0,"codHier":"H-8888","codDiv":"DIV-8888","codNode":"CUST-8888","idLevel":10,"dteStart":"2026-01-01T00:00:00","codParentNode":"ROOT","dteEnd":null},{"idAction":0,"codHier":"H-9000","codDiv":"DIV-9000","codNode":"CUST-9000","idLevel":10,"dteStart":"2026-01-01T00:00:00","codParentNode":"ROOT","dteEnd":null},{"idAction":0,"codHier":"H-9999","codDiv":"DIV-9999","codNode":"CUST-9999","idLevel":10,"dteStart":"2026-01-01T00:00:00","codParentNode":"ROOT","dteEnd":null},{"idAction":0,"codHier":"HIER_CORP","codDiv":"DIV01","codNode":"NODE_9111","idLevel":1,"dteStart":"2026-01-15T00:00:00","codParentNode":"ROOT_NODE","dteEnd":null}]
2026-02-11 12:31:08.292 +05:00 [INF] JWT validated for haris
2026-02-11 12:31:08.330 +05:00 [INF] HTTP GET /api/gateway/health responded 200 in 249.3204 ms
2026-02-11 12:31:08.343 +05:00 [INF] Forwarding request GET /api/promotions/actions to http://localhost:5137/api/promotions/actions
2026-02-11 12:31:08.341 +05:00 [INF] HTTP GET /api/promotions/customer-relations responded 200 in 299.5406 ms
2026-02-11 12:31:08.354 +05:00 [INF] JWT validated for haris
2026-02-11 12:31:08.404 +05:00 [INF] Forwarding request GET /api/promotions/customer-relations to http://localhost:5137/api/promotions/customer-relations
2026-02-11 12:31:08.410 +05:00 [INF] JWT validated for haris
2026-02-11 12:31:08.423 +05:00 [INF] Forwarding request GET /api/participants/all to http://localhost:5137/api/participants/all
2026-02-11 12:31:08.439 +05:00 [INF] Received response 200 from http://localhost:5137/api/promotions/actions
2026-02-11 12:31:08.450 +05:00 [INF] HTTP GET /api/promotions/actions responded 200 in 158.6300 ms | User: haris (23) | IP: ::1 | RequestBody:  | ResponseBody: [{"idAction":3,"name":"PROMO_3","codDiv":"DIV_3","dteStartSellIn":"2026-02-01T00:00:00","dteEndSellIn":"2026-02-28T00:00:00","dteStartSellOut":"2026-01-25T00:00:00","dteEndSellOut":"2026-01-30T00:00:00","documentKey":"KEY_3","dteToShost":"2026-01-10T00:00:00","levParticipants":3},{"idAction":5,"name":"PROMO_5_5","codDiv":"DIV_5","dteStartSellIn":"2026-02-24T00:00:00","dteEndSellIn":"2026-02-21T00:00:00","dteStartSellOut":"2026-02-24T00:00:00","dteEndSellOut":"2026-02-27T00:00:00","documentKey":"DOC_KEY_is_5","dteToShost":"2026-01-18T00:00:00","levParticipants":55555555},{"idAction":6,"name":"PROMO_6","codDiv":"DIV_6","dteStartSellIn":"2026-02-01T00:00:00","dteEndSellIn":"2026-02-25T00:00:00","dteStartSellOut":"2026-01-15T00:00:00","dteEndSellOut":"2026-01-24T00:00:00","documentKey":"DOCC_6_KEY","dteToShost":"2026-01-15T00:00:00","levParticipants":6},{"idAction":7,"name":"PROMO_7","codDiv":"DIV_7","dteStartSellIn":"2026-02-06T12:05:00","dteEndSellIn":"2026-02-07T12:05:00","dteStartSellOut":"2026-02-08T12:05:00","dteEndSellOut":"2026-02-09T12:05:00","documentKey":"KEY_7","dteToShost":"2026-02-05T12:04:00","levParticipants":7},{"idAction":10,"name":"PROMO_10","codDiv":"DIV_10","dteStartSellIn":"2026-02-01T00:00:00","dteEndSellIn":"2026-02-26T00:00:00","dteStartSellOut":"2026-01-23T00:00:00","dteEndSellOut":"2026-01-24T00:00:00","documentKey":"DOCC_KEY_10","dteToShost":"2026-01-29T00:00:00","levParticipants":10},{"idAction":12,"name":"PROMO_12","codDiv":"DIV_12","dteStartSellIn":"2026-02-06T12:27:00","dteEndSellIn":"2026-02-07T12:27:00","dteStartSellOut":"2026-02-08T12:27:00","dteEndSellOut":"2026-02-09T12:27:00","documentKey":"KEY_12","dteToShost":"2026-02-03T12:26:00","levParticipants":12},{"idAction":24,"name":"PROMO_24","codDiv":"DIV_24","dteStartSellIn":"2026-02-05T12:48:00","dteEndSellIn":"2026-02-06T12:48:00","dteStartSellOut":"2026-02-07T12:48:00","dteEndSellOut":"2026-02-08T12:48:00","documentKey":"KEY_24","dteToShost":"2026-02-03T12:48:00","levParticipants":24},{"idAction":45,"name":"cccc","codDiv":"DIV01","dteStartSellIn":"2026-01-16T00:00:00","dteEndSellIn":"2026-01-17T00:00:00","dteStartSellOut":"2026-01-16T00:00:00","dteEndSellOut":"2026-01-17T00:00:00","documentKey":null,"dteToShost":null,"levParticipants":2},{"idAction":87,"name":"promo_87","codDiv":"DIV_87","dteStartSellIn":"2026-02-07T14:44:00","dteEndSellIn":"2026-02-10T14:44:00","dteStartSellOut":"2026-02-22T14:44:00","dteEndSellOut":"2026-02-26T14:44:00","documentKey":"KEY_87","dteToShost":"2026-02-03T14:44:00","levParticipants":87},{"idAction":98,"name":"PROMO_98","codDiv":"DIV_98","dteStartSellIn":"2026-01-08T18:25:00","dteEndSellIn":"2026-01-17T18:25:00","dteStartSellOut":"2026-01-28T18:25:00","dteEndSellOut":"2026-01-30T18:25:00","documentKey":"DOCC_98","dteToShost":"2026-01-31T18:25:00","levParticipants":98},{"idAction":100,"name":"PROMO_100","codDiv":"DIV_100","dteStartSellIn":"2026-02-11T14:08:00","dteEndSellIn":"2026-02-14T14:08:00","dteStartSellOut":"2026-02-22T14:08:00","dteEndSellOut":"2026-02-27T14:08:00","documentKey":"KEY_100","dteToShost":"2026-02-10T14:08:00","levParticipants":10},{"idAction":200,"name":"PROMO_200","codDiv":"DIV_200","dteStartSellIn":"2026-02-10T14:15:00","dteEndSellIn":"2026-02-28T14:15:00","dteStartSellOut":"2026-02-11T14:15:00","dteEndSellOut":"2026-02-23T14:15:00","documentKey":"KEY_200","dteToShost":"2026-02-14T14:14:00","levParticipants":20},{"idAction":321,"name":"PROMO_321","codDiv":"DIV_A","dteStartSellIn":"2026-02-01T18:27:00","dteEndSellIn":"2026-02-28T18:27:00","dteStartSellOut":"2026-02-04T18:27:00","dteEndSellOut":"2026-02-23T18:27:00","documentKey":"KEY_A","dteToShost":"2026-02-03T18:27:00","levParticipants":1},{"idAction":1111,"name":"PROMO_1111","codDiv":"DIV_1111","dteStartSellIn":"2026-01-01T17:00:00","dteEndSellIn":"2026-01-30T17:02:00","dteStartSellOut":"2026-01-17T17:02:00","dteEndSellOut":"2026-01-28T17:02:00","documentKey":"1111_DOCC_KEY","dteToShost":"2026-01-13T17:02:00","levParticipants":11},{"idAction":2020,"name":"Spring Special 2020","codDiv":"D-2020","dteStartSellIn":"2026-01-03T12:28:00","dteEndSellIn":"2026-01-04T12:28:00","dteStartSellOut":"2026-01-05T12:28:00","dteEndSellOut":"2026-01-06T12:28:00","documentKey":"DOC-SPRING-2020","dteToShost":"2026-01-02T12:28:00","levParticipants":1},{"idAction":2222,"name":"haseeb","codDiv":"DIV02","dteStartSellIn":"2026-02-01T00:00:00","dteEndSellIn":"2026-01-11T00:00:00","dteStartSellOut":"2026-01-28T00:00:00","dteEndSellOut":"2026-01-30T00:00:00","documentKey":"","dteToShost":null,"levParticipants":2},{"idAction":2323,"name":"Winter Sale Campaign 2323","codDiv":"D-2323","dteStartSellIn":"2026-01-19T14:39:00","dteEndSellIn":"2026-01-20T14:40:00","dteStartSellOut":"2026-01-21T14:40:00","dteEndSellOut":"2026-01-22T14:40:00","documentKey":"DOC-WINTER-2323","dteToShost":"2026-01-30T14:39:00","levParticipants":1},{"idAction":5005,"name":"bbb","codDiv":"DIV5005","dteStartSellIn":"2026-01-23T00:00:00","dteEndSellIn":"2026-01-30T00:00:00","dteStartSellOut":"2026-01-26T00:00:00","dteEndSellOut":"2026-01-18T00:00:00","documentKey":"555553","dteToShost":"2026-01-19T00:00:00","levParticipants":14},{"idAction":6000,"name":"Zero Redundancy Campaign 6000","codDiv":"DIV-6000","dteStartSellIn":"2026-02-01T00:00:00","dteEndSellIn":"2026-02-24T00:00:00","dteStartSellOut":"2026-02-01T00:00:00","dteEndSellOut":"2026-02-28T00:00:00","documentKey":"DOC-6000","dteToShost":"2026-01-05T00:00:00","levParticipants":1},{"idAction":6767,"name":"XTEL Launch Promo 6767","codDiv":"DIV-6767","dteStartSellIn":"2026-02-01T00:00:00","dteEndSellIn":"2026-02-28T00:00:00","dteStartSellOut":"2026-01-22T00:00:00","dteEndSellOut":"2026-01-23T00:00:00","documentKey":"DOC-XTEL-6767","dteToShost":"2026-01-03T00:00:00","levParticipants":1},{"idAction":7000,"name":"Atomic Campaign 7000","codDiv":"DIV-7000","dteStartSellIn":"2026-01-01T00:00:00","dteEndSellIn":"2026-01-31T00:00:00","dteStartSellOut":"2026-02-01T00:00:00","dteEndSellOut":"2026-02-28T00:00:00","documentKey":"DOC-7000","dteToShost":null,"levParticipants":1},{"idAction":8888,"name":"Atomic Campaign 8888 Complete","codDiv":"DIV-8888","dteStartSellIn":"2026-01-01T00:00:00","dteEndSellIn":"2026-01-31T00:00:00","dteStartSellOut":"2026-02-01T00:00:00","dteEndSellOut":"2026-02-28T00:00:00","documentKey":"DOC-8888","dteToShost":null,"levParticipants":1},{"idAction":9000,"name":"Balanced Atomic Campaign 9000","codDiv":"DIV-9000","dteStartSellIn":"2026-01-01T00:00:00","dteEndSellIn":"2026-01-31T00:00:00","dteStartSellOut":"2026-02-01T00:00:00","dteEndSellOut":"2026-02-28T00:00:00","documentKey":"DOC-9000","dteToShost":null,"levParticipants":1},{"idAction":9999,"name":"I should not exist in DB","codDiv":"DIV-9999","dteStartSellIn":"2026-01-01T00:00:00","dteEndSellIn":"2026-01-31T00:00:00","dteStartSellOut":"2026-02-01T00:00:00","dteEndSellOut":"2026-02-28T00:00:00","documentKey":"DOC-9999","dteToShost":null,"levParticipants":1}]
2026-02-11 12:31:08.468 +05:00 [INF] HTTP GET /api/promotions/actions responded 200 in 176.6591 ms
2026-02-11 12:31:08.471 +05:00 [INF] Received response 200 from http://localhost:5137/api/promotions/customer-relations
2026-02-11 12:31:08.482 +05:00 [INF] HTTP GET /api/promotions/customer-relations responded 200 in 128.8277 ms | User: haris (23) | IP: ::1 | RequestBody:  | ResponseBody: [{"idAction":0,"codHier":"5555","codDiv":"div5555","codNode":"f5555","idLevel":1,"dteStart":"2026-01-15T00:00:00","codParentNode":"root","dteEnd":null},{"idAction":0,"codHier":"56","codDiv":"565","codNode":"56","idLevel":55,"dteStart":"2026-01-29T00:44:00","codParentNode":"haseeb","dteEnd":"2026-01-26T00:44:00"},{"idAction":0,"codHier":"H_1","codDiv":"D_1","codNode":"D_1","idLevel":1,"dteStart":"2026-01-30T00:00:00","codParentNode":"ROOT","dteEnd":null},{"idAction":0,"codHier":"H_1","codDiv":"D_1","codNode":"N_1","idLevel":1,"dteStart":"2026-01-30T09:35:43.289","codParentNode":"ROOT","dteEnd":null},{"idAction":0,"codHier":"H_10","codDiv":"DIV_10","codNode":"NODE_10","idLevel":10,"dteStart":"2026-01-01T14:45:00","codParentNode":"ROOT_10","dteEnd":"2026-01-31T14:44:00"},{"idAction":0,"codHier":"H_100","codDiv":"DIV_100","codNode":"NODE_100","idLevel":10,"dteStart":"2026-02-09T13:54:00","codParentNode":"ROOT_100","dteEnd":"2026-02-10T13:54:00"},{"idAction":0,"codHier":"H_1111","codDiv":"DIV_1111","codNode":"NODE_1111","idLevel":11,"dteStart":"2026-01-01T17:00:00","codParentNode":"ROOT_1111","dteEnd":"2026-01-30T17:01:00"},{"idAction":0,"codHier":"H_12","codDiv":"DIV_12","codNode":"NODE_12","idLevel":12,"dteStart":"2026-02-03T12:26:00","codParentNode":"ROOT_12","dteEnd":"2026-02-06T12:26:00"},{"idAction":0,"codHier":"H_17","codDiv":"DIV_17","codNode":"NODE_17","idLevel":17,"dteStart":"2026-02-07T15:44:00","codParentNode":"ROOT_17","dteEnd":"2026-02-24T15:44:00"},{"idAction":0,"codHier":"H_19","codDiv":"DIV_19","codNode":"NODE_19","idLevel":19,"dteStart":"2026-02-04T13:59:00","codParentNode":"ROOT_19","dteEnd":"2026-02-05T13:59:00"},{"idAction":0,"codHier":"H_200","codDiv":"DIV_200","codNode":"NODE_200","idLevel":20,"dteStart":"2026-02-10T14:14:00","codParentNode":"ROOT_200","dteEnd":"2026-02-24T14:14:00"},{"idAction":0,"codHier":"H_21","codDiv":"DIV_21","codNode":"NODE_21","idLevel":21,"dteStart":"2026-02-05T14:01:00","codParentNode":"ROOT_21","dteEnd":"2026-02-07T14:01:00"},{"idAction":0,"codHier":"H_222","codDiv":"DIV_222","codNode":"NODE_222","idLevel":222,"dteStart":"2026-02-04T12:53:00","codParentNode":"ROOT_222","dteEnd":"2026-02-06T12:53:00"},{"idAction":0,"codHier":"H_24","codDiv":"DIV_24","codNode":"NODE_24","idLevel":24,"dteStart":"2026-02-04T12:48:00","codParentNode":"ROOT_24","dteEnd":"2026-02-05T12:48:00"},{"idAction":0,"codHier":"H_25","codDiv":"DIV_25","codNode":"NODE_25","idLevel":25,"dteStart":"2026-02-10T14:04:00","codParentNode":"ROOT_25","dteEnd":"2026-02-11T14:04:00"},{"idAction":0,"codHier":"H_3","codDiv":"DIV_3","codNode":"NODE_3","idLevel":3,"dteStart":"2026-01-01T10:45:00","codParentNode":"ROOT_3","dteEnd":"2026-01-30T10:44:00"},{"idAction":0,"codHier":"H_5","codDiv":"DIV_5","codNode":"NODE_5","idLevel":5,"dteStart":"2026-01-30T10:50:00","codParentNode":"ROOT_5","dteEnd":"2026-01-31T10:48:00"},{"idAction":0,"codHier":"H_6","codDiv":"DIV_6","codNode":"NODE_6","idLevel":6,"dteStart":"2026-01-30T15:01:00","codParentNode":"ROOT_6","dteEnd":"2026-01-31T15:01:00"},{"idAction":0,"codHier":"H_656565","codDiv":"DIV_656565","codNode":"C_656565","idLevel":9,"dteStart":"2026-01-20T00:00:00","codParentNode":"ROOT","dteEnd":null},{"idAction":0,"codHier":"H_676767","codDiv":"DIV_676767","codNode":"NODE_676767","idLevel":676767,"dteStart":"2026-01-31T00:00:00","codParentNode":"ROOT","dteEnd":null},{"idAction":0,"codHier":"H_7","codDiv":"DIV_7","codNode":"NODE_7","idLevel":7,"dteStart":"2026-02-02T12:04:00","codParentNode":"ROOT_7","dteEnd":"2026-02-04T12:04:00"},{"idAction":0,"codHier":"H_87","codDiv":"DIV_87","codNode":"NODE_87","idLevel":87,"dteStart":"2026-02-06T14:07:00","codParentNode":"ROOT_87","dteEnd":"2026-02-26T14:07:00"},{"idAction":0,"codHier":"H_98","codDiv":"DIV_98","codNode":"NODE_98","idLevel":98,"dteStart":"2026-01-30T18:25:00","codParentNode":"ROOT_98","dteEnd":"2026-01-31T18:25:00"},{"idAction":0,"codHier":"H_999","codDiv":"D_5878","codNode":"N_878","idLevel":8,"dteStart":"2026-01-14T00:00:00","codParentNode":"ROOT","dteEnd":null},{"idAction":0,"codHier":"H_A","codDiv":"DIV_A","codNode":"NODE_A","idLevel":1,"dteStart":"2026-02-01T18:26:00","codParentNode":"ROOT_A","dteEnd":"2026-02-14T18:26:00"},{"idAction":0,"codHier":"H-1010","codDiv":"D-1010","codNode":"C-1010","idLevel":1,"dteStart":"2026-01-01T11:54:00","codParentNode":"root","dteEnd":"2026-01-12T11:54:00"},{"idAction":0,"codHier":"H-11","codDiv":"DIV-11","codNode":"C-11","idLevel":11,"dteStart":"2026-01-01T15:05:00","codParentNode":"ROOT","dteEnd":"2026-01-31T15:05:00"},{"idAction":0,"codHier":"H-1111","codDiv":"DIV-1111","codNode":"CUST-1111","idLevel":10,"dteStart":"2026-01-01T00:00:00","codParentNode":"ROOT","dteEnd":null},{"idAction":0,"codHier":"H-1414","codDiv":"D-1414","codNode":"C-1414","idLevel":4,"dteStart":"2026-01-01T14:45:00","codParentNode":"ROOT","dteEnd":"2026-01-15T14:45:00"},{"idAction":0,"codHier":"H-2","codDiv":"DIV-2","codNode":"CUST-2","idLevel":2,"dteStart":"2026-01-01T12:40:00","codParentNode":"ROOT","dteEnd":"2026-01-16T12:37:00"},{"idAction":0,"codHier":"H-2","codDiv":"DIV-2","codNode":"CUST-2","idLevel":2,"dteStart":"2026-01-21T12:37:00","codParentNode":"ROOT","dteEnd":"2026-01-24T12:37:00"},{"idAction":0,"codHier":"H-2020","codDiv":"D-2020","codNode":"C-2020","idLevel":2,"dteStart":"2026-01-02T12:27:00","codParentNode":"root","dteEnd":"2026-01-30T12:27:00"},{"idAction":0,"codHier":"H-2255","codDiv":"DIV-2255","codNode":"CUST-2255","idLevel":10,"dteStart":"2026-01-01T00:00:00","codParentNode":"ROOT","dteEnd":null},{"idAction":0,"codHier":"H-2323","codDiv":"D-2323","codNode":"C-2323","idLevel":4,"dteStart":"2026-01-01T12:48:00","codParentNode":"ROOT","dteEnd":"2026-01-12T12:49:00"},{"idAction":0,"codHier":"H-3333","codDiv":"DIV-3333","codNode":"CUST-3333","idLevel":10,"dteStart":"2026-01-01T00:00:00","codParentNode":"ROOT","dteEnd":null},{"idAction":0,"codHier":"H-3344","codDiv":"DIV-3345","codNode":"CUST-3345","idLevel":10,"dteStart":"2026-01-01T00:00:00","codParentNode":"ROOT","dteEnd":null},{"idAction":0,"codHier":"H-3345","codDiv":"DIV-3345","codNode":"CUST-3345","idLevel":10,"dteStart":"2026-01-01T00:00:00","codParentNode":"ROOT","dteEnd":null},{"idAction":0,"codHier":"H-4","codDiv":"DIV-4","codNode":"CUST-4","idLevel":4,"dteStart":"2026-01-01T14:44:00","codParentNode":"ROOT","dteEnd":"2026-01-02T14:44:00"},{"idAction":0,"codHier":"H-5555","codDiv":"DIV-5555","codNode":"CUST-5555","idLevel":10,"dteStart":"2026-01-01T00:00:00","codParentNode":"ROOT","dteEnd":null},{"idAction":0,"codHier":"H-6000","codDiv":"DIV-6000","codNode":"CUST-6000","idLevel":10,"dteStart":"2026-01-01T00:00:00","codParentNode":"ROOT","dteEnd":"2026-12-31T00:00:00"},{"idAction":0,"codHier":"H-6666","codDiv":"DIV-6666","codNode":"CUST-6666","idLevel":10,"dteStart":"2026-01-17T01:30:00","codParentNode":"ROOT","dteEnd":"2026-01-18T01:30:00"},{"idAction":0,"codHier":"H-6767","codDiv":"DIV-6767","codNode":"CUST-6767","idLevel":5,"dteStart":"2026-01-01T12:15:00","codParentNode":"ROOT","dteEnd":"2026-01-08T12:15:00"},{"idAction":0,"codHier":"H-7000","codDiv":"DIV-7000","codNode":"CUST-7000","idLevel":10,"dteStart":"2026-01-01T00:00:00","codParentNode":"ROOT","dteEnd":null},{"idAction":0,"codHier":"H-7777","codDiv":"DIV-7777","codNode":"CUST-7777","idLevel":10,"dteStart":"2026-01-01T00:00:00","codParentNode":"ROOT","dteEnd":null},{"idAction":0,"codHier":"H-7878","codDiv":"DIV-7878","codNode":"CUST-7878","idLevel":3,"dteStart":"2026-01-18T11:43:00","codParentNode":"ROOT","dteEnd":"2026-01-19T11:43:00"},{"idAction":0,"codHier":"H-8000","codDiv":"DIV-8000","codNode":"CUST-8000","idLevel":10,"dteStart":"2026-01-01T00:00:00","codParentNode":"ROOT","dteEnd":null},{"idAction":0,"codHier":"H-8888","codDiv":"DIV-8888","codNode":"CUST-8888","idLevel":10,"dteStart":"2026-01-01T00:00:00","codParentNode":"ROOT","dteEnd":null},{"idAction":0,"codHier":"H-9000","codDiv":"DIV-9000","codNode":"CUST-9000","idLevel":10,"dteStart":"2026-01-01T00:00:00","codParentNode":"ROOT","dteEnd":null},{"idAction":0,"codHier":"H-9999","codDiv":"DIV-9999","codNode":"CUST-9999","idLevel":10,"dteStart":"2026-01-01T00:00:00","codParentNode":"ROOT","dteEnd":null},{"idAction":0,"codHier":"HIER_CORP","codDiv":"DIV01","codNode":"NODE_9111","idLevel":1,"dteStart":"2026-01-15T00:00:00","codParentNode":"ROOT_NODE","dteEnd":null}]
2026-02-11 12:31:08.488 +05:00 [INF] Received response 200 from http://localhost:5137/api/participants/all
2026-02-11 12:31:08.504 +05:00 [INF] HTTP GET /api/promotions/customer-relations responded 200 in 151.5216 ms
2026-02-11 12:31:08.507 +05:00 [INF] HTTP GET /api/participants/all responded 200 in 97.1790 ms | User: haris (23) | IP: ::1 | RequestBody:  | ResponseBody: [{"idAction":3,"codParticipant":"N_1","flgInclusion":true,"codHier":"H_1","codDiv":"D_1","codNode":"N_1","idLevel":1,"dteStart":"2026-01-30T09:35:43.289"},{"idAction":3,"codParticipant":"NODE_3","flgInclusion":true,"codHier":"H_3","codDiv":"DIV_3","codNode":"NODE_3","idLevel":3,"dteStart":"2026-01-01T10:45:00"},{"idAction":3,"codParticipant":"NODE_5","flgInclusion":true,"codHier":"H_5","codDiv":"DIV_5","codNode":"NODE_5","idLevel":5,"dteStart":"2026-01-30T10:50:00"},{"idAction":5,"codParticipant":"NODE_5","flgInclusion":true,"codHier":"H_5","codDiv":"DIV_5","codNode":"NODE_5","idLevel":5,"dteStart":"2026-01-30T10:50:00"},{"idAction":6,"codParticipant":"N_9898","flgInclusion":true,"codHier":"H_999","codDiv":"D_5878","codNode":"N_878","idLevel":8,"dteStart":"2026-01-14T00:00:00"},{"idAction":6,"codParticipant":"NODE_3","flgInclusion":true,"codHier":"H_3","codDiv":"DIV_3","codNode":"NODE_3","idLevel":3,"dteStart":"2026-01-01T10:45:00"},{"idAction":6,"codParticipant":"NODE_5","flgInclusion":true,"codHier":"H_5","codDiv":"DIV_5","codNode":"NODE_5","idLevel":5,"dteStart":"2026-01-30T10:50:00"},{"idAction":6,"codParticipant":"NODE_6","flgInclusion":true,"codHier":"H_6","codDiv":"DIV_6","codNode":"NODE_6","idLevel":6,"dteStart":"2026-01-30T15:01:00"},{"idAction":6,"codParticipant":"NODE_676767","flgInclusion":true,"codHier":"H_676767","codDiv":"DIV_676767","codNode":"NODE_676767","idLevel":676767,"dteStart":"2026-01-31T00:00:00"},{"idAction":6,"codParticipant":"P-9000","flgInclusion":true,"codHier":"H-9000","codDiv":"DIV-9000","codNode":"CUST-9000","idLevel":10,"dteStart":"2026-01-01T00:00:00"},{"idAction":7,"codParticipant":"NODE_7","flgInclusion":true,"codHier":"H_7","codDiv":"DIV_7","codNode":"NODE_7","idLevel":7,"dteStart":"2026-02-02T12:04:00"},{"idAction":10,"codParticipant":"NODE_10","flgInclusion":true,"codHier":"H_10","codDiv":"DIV_10","codNode":"NODE_10","idLevel":10,"dteStart":"2026-01-01T14:45:00"},{"idAction":24,"codParticipant":"NODE_24","flgInclusion":true,"codHier":"H_24","codDiv":"DIV_24","codNode":"NODE_24","idLevel":24,"dteStart":"2026-02-04T12:48:00"},{"idAction":87,"codParticipant":"NODE_87","flgInclusion":true,"codHier":"H_87","codDiv":"DIV_87","codNode":"NODE_87","idLevel":87,"dteStart":"2026-02-06T14:07:00"},{"idAction":98,"codParticipant":"NODE_98","flgInclusion":true,"codHier":"H_98","codDiv":"DIV_98","codNode":"NODE_98","idLevel":98,"dteStart":"2026-01-30T18:25:00"},{"idAction":100,"codParticipant":"NODE_100","flgInclusion":true,"codHier":"H_100","codDiv":"DIV_100","codNode":"NODE_100","idLevel":10,"dteStart":"2026-02-09T13:54:00"},{"idAction":200,"codParticipant":"NODE_200","flgInclusion":true,"codHier":"H_200","codDiv":"DIV_200","codNode":"NODE_200","idLevel":20,"dteStart":"2026-02-10T14:14:00"},{"idAction":321,"codParticipant":"NODE_A","flgInclusion":true,"codHier":"H_A","codDiv":"DIV_A","codNode":"NODE_A","idLevel":1,"dteStart":"2026-02-01T18:26:00"},{"idAction":1111,"codParticipant":"NODE_1111","flgInclusion":true,"codHier":"H_1111","codDiv":"DIV_1111","codNode":"NODE_1111","idLevel":11,"dteStart":"2026-01-01T17:00:00"},{"idAction":2323,"codParticipant":"P-2323","flgInclusion":true,"codHier":"H-2323","codDiv":"D-2323","codNode":"C-2323","idLevel":4,"dteStart":"2026-01-01T12:48:00"},{"idAction":5005,"codParticipant":"","flgInclusion":true,"codHier":"H-9999","codDiv":"DIV-9999","codNode":"CUST-9999","idLevel":10,"dteStart":"2026-01-01T00:00:00"},{"idAction":6000,"codParticipant":"P-6000","flgInclusion":true,"codHier":"H-6000","codDiv":"DIV-6000","codNode":"CUST-6000","idLevel":10,"dteStart":"2026-01-01T00:00:00"},{"idAction":6767,"codParticipant":"P-6767","flgInclusion":false,"codHier":"H-6767","codDiv":"DIV-6767","codNode":"CUST-6767","idLevel":5,"dteStart":"2026-01-01T12:15:00"},{"idAction":7000,"codParticipant":"P-7000","flgInclusion":true,"codHier":"H-7000","codDiv":"DIV-7000","codNode":"CUST-7000","idLevel":10,"dteStart":"2026-01-01T00:00:00"},{"idAction":8888,"codParticipant":"P-8888","flgInclusion":true,"codHier":"H-8888","codDiv":"DIV-8888","codNode":"CUST-8888","idLevel":10,"dteStart":"2026-01-01T00:00:00"},{"idAction":9000,"codParticipant":"P-9000","flgInclusion":true,"codHier":"H-9000","codDiv":"DIV-9000","codNode":"CUST-9000","idLevel":10,"dteStart":"2026-01-01T00:00:00"},{"idAction":9999,"codParticipant":"P-9999","flgInclusion":true,"codHier":"H-9999","codDiv":"DIV-9999","codNode":"CUST-9999","idLevel":10,"dteStart":"2026-01-01T00:00:00"}]
2026-02-11 12:31:08.534 +05:00 [INF] HTTP GET /api/participants/all responded 200 in 123.8428 ms
2026-02-11 12:31:08.545 +05:00 [INF] JWT validated for haris
2026-02-11 12:31:08.552 +05:00 [INF] Forwarding request GET /api/participants/all to http://localhost:5137/api/participants/all
2026-02-11 12:31:08.557 +05:00 [INF] JWT validated for haris
2026-02-11 12:31:08.573 +05:00 [INF] Forwarding request GET /api/promotions/delivery-points to http://localhost:5137/api/promotions/delivery-points
2026-02-11 12:31:08.638 +05:00 [INF] Received response 200 from http://localhost:5137/api/participants/all
2026-02-11 12:31:08.643 +05:00 [INF] HTTP GET /api/participants/all responded 200 in 99.0806 ms | User: haris (23) | IP: ::1 | RequestBody:  | ResponseBody: [{"idAction":3,"codParticipant":"N_1","flgInclusion":true,"codHier":"H_1","codDiv":"D_1","codNode":"N_1","idLevel":1,"dteStart":"2026-01-30T09:35:43.289"},{"idAction":3,"codParticipant":"NODE_3","flgInclusion":true,"codHier":"H_3","codDiv":"DIV_3","codNode":"NODE_3","idLevel":3,"dteStart":"2026-01-01T10:45:00"},{"idAction":3,"codParticipant":"NODE_5","flgInclusion":true,"codHier":"H_5","codDiv":"DIV_5","codNode":"NODE_5","idLevel":5,"dteStart":"2026-01-30T10:50:00"},{"idAction":5,"codParticipant":"NODE_5","flgInclusion":true,"codHier":"H_5","codDiv":"DIV_5","codNode":"NODE_5","idLevel":5,"dteStart":"2026-01-30T10:50:00"},{"idAction":6,"codParticipant":"N_9898","flgInclusion":true,"codHier":"H_999","codDiv":"D_5878","codNode":"N_878","idLevel":8,"dteStart":"2026-01-14T00:00:00"},{"idAction":6,"codParticipant":"NODE_3","flgInclusion":true,"codHier":"H_3","codDiv":"DIV_3","codNode":"NODE_3","idLevel":3,"dteStart":"2026-01-01T10:45:00"},{"idAction":6,"codParticipant":"NODE_5","flgInclusion":true,"codHier":"H_5","codDiv":"DIV_5","codNode":"NODE_5","idLevel":5,"dteStart":"2026-01-30T10:50:00"},{"idAction":6,"codParticipant":"NODE_6","flgInclusion":true,"codHier":"H_6","codDiv":"DIV_6","codNode":"NODE_6","idLevel":6,"dteStart":"2026-01-30T15:01:00"},{"idAction":6,"codParticipant":"NODE_676767","flgInclusion":true,"codHier":"H_676767","codDiv":"DIV_676767","codNode":"NODE_676767","idLevel":676767,"dteStart":"2026-01-31T00:00:00"},{"idAction":6,"codParticipant":"P-9000","flgInclusion":true,"codHier":"H-9000","codDiv":"DIV-9000","codNode":"CUST-9000","idLevel":10,"dteStart":"2026-01-01T00:00:00"},{"idAction":7,"codParticipant":"NODE_7","flgInclusion":true,"codHier":"H_7","codDiv":"DIV_7","codNode":"NODE_7","idLevel":7,"dteStart":"2026-02-02T12:04:00"},{"idAction":10,"codParticipant":"NODE_10","flgInclusion":true,"codHier":"H_10","codDiv":"DIV_10","codNode":"NODE_10","idLevel":10,"dteStart":"2026-01-01T14:45:00"},{"idAction":24,"codParticipant":"NODE_24","flgInclusion":true,"codHier":"H_24","codDiv":"DIV_24","codNode":"NODE_24","idLevel":24,"dteStart":"2026-02-04T12:48:00"},{"idAction":87,"codParticipant":"NODE_87","flgInclusion":true,"codHier":"H_87","codDiv":"DIV_87","codNode":"NODE_87","idLevel":87,"dteStart":"2026-02-06T14:07:00"},{"idAction":98,"codParticipant":"NODE_98","flgInclusion":true,"codHier":"H_98","codDiv":"DIV_98","codNode":"NODE_98","idLevel":98,"dteStart":"2026-01-30T18:25:00"},{"idAction":100,"codParticipant":"NODE_100","flgInclusion":true,"codHier":"H_100","codDiv":"DIV_100","codNode":"NODE_100","idLevel":10,"dteStart":"2026-02-09T13:54:00"},{"idAction":200,"codParticipant":"NODE_200","flgInclusion":true,"codHier":"H_200","codDiv":"DIV_200","codNode":"NODE_200","idLevel":20,"dteStart":"2026-02-10T14:14:00"},{"idAction":321,"codParticipant":"NODE_A","flgInclusion":true,"codHier":"H_A","codDiv":"DIV_A","codNode":"NODE_A","idLevel":1,"dteStart":"2026-02-01T18:26:00"},{"idAction":1111,"codParticipant":"NODE_1111","flgInclusion":true,"codHier":"H_1111","codDiv":"DIV_1111","codNode":"NODE_1111","idLevel":11,"dteStart":"2026-01-01T17:00:00"},{"idAction":2323,"codParticipant":"P-2323","flgInclusion":true,"codHier":"H-2323","codDiv":"D-2323","codNode":"C-2323","idLevel":4,"dteStart":"2026-01-01T12:48:00"},{"idAction":5005,"codParticipant":"","flgInclusion":true,"codHier":"H-9999","codDiv":"DIV-9999","codNode":"CUST-9999","idLevel":10,"dteStart":"2026-01-01T00:00:00"},{"idAction":6000,"codParticipant":"P-6000","flgInclusion":true,"codHier":"H-6000","codDiv":"DIV-6000","codNode":"CUST-6000","idLevel":10,"dteStart":"2026-01-01T00:00:00"},{"idAction":6767,"codParticipant":"P-6767","flgInclusion":false,"codHier":"H-6767","codDiv":"DIV-6767","codNode":"CUST-6767","idLevel":5,"dteStart":"2026-01-01T12:15:00"},{"idAction":7000,"codParticipant":"P-7000","flgInclusion":true,"codHier":"H-7000","codDiv":"DIV-7000","codNode":"CUST-7000","idLevel":10,"dteStart":"2026-01-01T00:00:00"},{"idAction":8888,"codParticipant":"P-8888","flgInclusion":true,"codHier":"H-8888","codDiv":"DIV-8888","codNode":"CUST-8888","idLevel":10,"dteStart":"2026-01-01T00:00:00"},{"idAction":9000,"codParticipant":"P-9000","flgInclusion":true,"codHier":"H-9000","codDiv":"DIV-9000","codNode":"CUST-9000","idLevel":10,"dteStart":"2026-01-01T00:00:00"},{"idAction":9999,"codParticipant":"P-9999","flgInclusion":true,"codHier":"H-9999","codDiv":"DIV-9999","codNode":"CUST-9999","idLevel":10,"dteStart":"2026-01-01T00:00:00"}]
2026-02-11 12:31:08.648 +05:00 [INF] Received response 200 from http://localhost:5137/api/promotions/delivery-points
2026-02-11 12:31:08.660 +05:00 [INF] HTTP GET /api/participants/all responded 200 in 115.4613 ms
2026-02-11 12:31:08.662 +05:00 [INF] HTTP GET /api/promotions/delivery-points responded 200 in 105.2807 ms | User: haris (23) | IP: ::1 | RequestBody:  | ResponseBody: [{"idAction":3,"codDeliveryPoint":"D_1","flgInclusion":true,"codHier":"H_1","codDiv":"D_1","codNode":"D_1","idLevel":1,"dteStart":"2026-01-30T00:00:00"},{"idAction":3,"codDeliveryPoint":"D_656565","flgInclusion":true,"codHier":"H_656565","codDiv":"DIV_656565","codNode":"C_656565","idLevel":9,"dteStart":"2026-01-20T00:00:00"},{"idAction":3,"codDeliveryPoint":"NODE_10","flgInclusion":true,"codHier":"H_10","codDiv":"DIV_10","codNode":"NODE_10","idLevel":10,"dteStart":"2026-01-01T14:45:00"},{"idAction":3,"codDeliveryPoint":"NODE_24","flgInclusion":true,"codHier":"H_24","codDiv":"DIV_24","codNode":"NODE_24","idLevel":24,"dteStart":"2026-02-04T12:48:00"},{"idAction":3,"codDeliveryPoint":"NODE_3","flgInclusion":false,"codHier":"H_3","codDiv":"DIV_3","codNode":"NODE_3","idLevel":3,"dteStart":"2026-01-01T10:45:00"},{"idAction":3,"codDeliveryPoint":"NODE_5","flgInclusion":false,"codHier":"H_5","codDiv":"DIV_5","codNode":"NODE_5","idLevel":5,"dteStart":"2026-01-30T10:50:00"},{"idAction":3,"codDeliveryPoint":"NODE_87","flgInclusion":true,"codHier":"H_87","codDiv":"DIV_87","codNode":"NODE_87","idLevel":87,"dteStart":"2026-02-06T14:07:00"},{"idAction":5,"codDeliveryPoint":"NODE_5","flgInclusion":false,"codHier":"H_5","codDiv":"DIV_5","codNode":"NODE_5","idLevel":5,"dteStart":"2026-01-30T10:50:00"},{"idAction":6,"codDeliveryPoint":"D_1","flgInclusion":true,"codHier":"H_1","codDiv":"D_1","codNode":"D_1","idLevel":1,"dteStart":"2026-01-30T00:00:00"},{"idAction":6,"codDeliveryPoint":"D_656565","flgInclusion":true,"codHier":"H_656565","codDiv":"DIV_656565","codNode":"C_656565","idLevel":9,"dteStart":"2026-01-20T00:00:00"},{"idAction":6,"codDeliveryPoint":"NODE_3","flgInclusion":false,"codHier":"H_3","codDiv":"DIV_3","codNode":"NODE_3","idLevel":3,"dteStart":"2026-01-01T10:45:00"},{"idAction":6,"codDeliveryPoint":"NODE_5","flgInclusion":false,"codHier":"H_5","codDiv":"DIV_5","codNode":"NODE_5","idLevel":5,"dteStart":"2026-01-30T10:50:00"},{"idAction":6,"codDeliveryPoint":"NODE_6","flgInclusion":true,"codHier":"H_6","codDiv":"DIV_6","codNode":"NODE_6","idLevel":6,"dteStart":"2026-01-30T15:01:00"},{"idAction":7,"codDeliveryPoint":"NODE_7","flgInclusion":true,"codHier":"H_7","codDiv":"DIV_7","codNode":"NODE_7","idLevel":7,"dteStart":"2026-02-02T12:04:00"},{"idAction":10,"codDeliveryPoint":"NODE_10","flgInclusion":true,"codHier":"H_10","codDiv":"DIV_10","codNode":"NODE_10","idLevel":10,"dteStart":"2026-01-01T14:45:00"},{"idAction":24,"codDeliveryPoint":"NODE_24","flgInclusion":true,"codHier":"H_24","codDiv":"DIV_24","codNode":"NODE_24","idLevel":24,"dteStart":"2026-02-04T12:48:00"},{"idAction":87,"codDeliveryPoint":"NODE_87","flgInclusion":true,"codHier":"H_87","codDiv":"DIV_87","codNode":"NODE_87","idLevel":87,"dteStart":"2026-02-06T14:07:00"},{"idAction":98,"codDeliveryPoint":"NODE_98","flgInclusion":true,"codHier":"H_98","codDiv":"DIV_98","codNode":"NODE_98","idLevel":98,"dteStart":"2026-01-30T18:25:00"},{"idAction":100,"codDeliveryPoint":"D_656565","flgInclusion":true,"codHier":"H_656565","codDiv":"DIV_656565","codNode":"C_656565","idLevel":9,"dteStart":"2026-01-20T00:00:00"},{"idAction":100,"codDeliveryPoint":"NODE_10","flgInclusion":true,"codHier":"H_10","codDiv":"DIV_10","codNode":"NODE_10","idLevel":10,"dteStart":"2026-01-01T14:45:00"},{"idAction":100,"codDeliveryPoint":"NODE_100","flgInclusion":true,"codHier":"H_100","codDiv":"DIV_100","codNode":"NODE_100","idLevel":10,"dteStart":"2026-02-09T13:54:00"},{"idAction":100,"codDeliveryPoint":"NODE_3","flgInclusion":false,"codHier":"H_3","codDiv":"DIV_3","codNode":"NODE_3","idLevel":3,"dteStart":"2026-01-01T10:45:00"},{"idAction":200,"codDeliveryPoint":"NODE_200","flgInclusion":true,"codHier":"H_200","codDiv":"DIV_200","codNode":"NODE_200","idLevel":20,"dteStart":"2026-02-10T14:14:00"},{"idAction":321,"codDeliveryPoint":"NODE_A","flgInclusion":true,"codHier":"H_A","codDiv":"DIV_A","codNode":"NODE_A","idLevel":1,"dteStart":"2026-02-01T18:26:00"},{"idAction":1111,"codDeliveryPoint":"NODE_1111","flgInclusion":true,"codHier":"H_1111","codDiv":"DIV_1111","codNode":"NODE_1111","idLevel":11,"dteStart":"2026-01-01T17:00:00"},{"idAction":5005,"codDeliveryPoint":"","flgInclusion":true,"codHier":"H-2255","codDiv":"DIV-2255","codNode":"CUST-2255","idLevel":10,"dteStart":"2026-01-01T00:00:00"},{"idAction":6767,"codDeliveryPoint":"DP-6767","flgInclusion":true,"codHier":"H-6767","codDiv":"DIV-6767","codNode":"CUST-6767","idLevel":5,"dteStart":"2026-01-01T12:15:00"},{"idAction":7000,"codDeliveryPoint":"DP-7000","flgInclusion":true,"codHier":"H-7000","codDiv":"DIV-7000","codNode":"CUST-7000","idLevel":10,"dteStart":"2026-01-01T00:00:00"}]
2026-02-11 12:31:08.684 +05:00 [INF] HTTP GET /api/promotions/delivery-points responded 200 in 126.8039 ms
2026-02-11 12:31:08.693 +05:00 [INF] JWT validated for haris
2026-02-11 12:31:08.697 +05:00 [INF] Forwarding request GET /api/promotions/delivery-points to http://localhost:5137/api/promotions/delivery-points
2026-02-11 12:31:08.752 +05:00 [INF] Received response 200 from http://localhost:5137/api/promotions/delivery-points
2026-02-11 12:31:08.758 +05:00 [INF] HTTP GET /api/promotions/delivery-points responded 200 in 65.9216 ms | User: haris (23) | IP: ::1 | RequestBody:  | ResponseBody: [{"idAction":3,"codDeliveryPoint":"D_1","flgInclusion":true,"codHier":"H_1","codDiv":"D_1","codNode":"D_1","idLevel":1,"dteStart":"2026-01-30T00:00:00"},{"idAction":3,"codDeliveryPoint":"D_656565","flgInclusion":true,"codHier":"H_656565","codDiv":"DIV_656565","codNode":"C_656565","idLevel":9,"dteStart":"2026-01-20T00:00:00"},{"idAction":3,"codDeliveryPoint":"NODE_10","flgInclusion":true,"codHier":"H_10","codDiv":"DIV_10","codNode":"NODE_10","idLevel":10,"dteStart":"2026-01-01T14:45:00"},{"idAction":3,"codDeliveryPoint":"NODE_24","flgInclusion":true,"codHier":"H_24","codDiv":"DIV_24","codNode":"NODE_24","idLevel":24,"dteStart":"2026-02-04T12:48:00"},{"idAction":3,"codDeliveryPoint":"NODE_3","flgInclusion":false,"codHier":"H_3","codDiv":"DIV_3","codNode":"NODE_3","idLevel":3,"dteStart":"2026-01-01T10:45:00"},{"idAction":3,"codDeliveryPoint":"NODE_5","flgInclusion":false,"codHier":"H_5","codDiv":"DIV_5","codNode":"NODE_5","idLevel":5,"dteStart":"2026-01-30T10:50:00"},{"idAction":3,"codDeliveryPoint":"NODE_87","flgInclusion":true,"codHier":"H_87","codDiv":"DIV_87","codNode":"NODE_87","idLevel":87,"dteStart":"2026-02-06T14:07:00"},{"idAction":5,"codDeliveryPoint":"NODE_5","flgInclusion":false,"codHier":"H_5","codDiv":"DIV_5","codNode":"NODE_5","idLevel":5,"dteStart":"2026-01-30T10:50:00"},{"idAction":6,"codDeliveryPoint":"D_1","flgInclusion":true,"codHier":"H_1","codDiv":"D_1","codNode":"D_1","idLevel":1,"dteStart":"2026-01-30T00:00:00"},{"idAction":6,"codDeliveryPoint":"D_656565","flgInclusion":true,"codHier":"H_656565","codDiv":"DIV_656565","codNode":"C_656565","idLevel":9,"dteStart":"2026-01-20T00:00:00"},{"idAction":6,"codDeliveryPoint":"NODE_3","flgInclusion":false,"codHier":"H_3","codDiv":"DIV_3","codNode":"NODE_3","idLevel":3,"dteStart":"2026-01-01T10:45:00"},{"idAction":6,"codDeliveryPoint":"NODE_5","flgInclusion":false,"codHier":"H_5","codDiv":"DIV_5","codNode":"NODE_5","idLevel":5,"dteStart":"2026-01-30T10:50:00"},{"idAction":6,"codDeliveryPoint":"NODE_6","flgInclusion":true,"codHier":"H_6","codDiv":"DIV_6","codNode":"NODE_6","idLevel":6,"dteStart":"2026-01-30T15:01:00"},{"idAction":7,"codDeliveryPoint":"NODE_7","flgInclusion":true,"codHier":"H_7","codDiv":"DIV_7","codNode":"NODE_7","idLevel":7,"dteStart":"2026-02-02T12:04:00"},{"idAction":10,"codDeliveryPoint":"NODE_10","flgInclusion":true,"codHier":"H_10","codDiv":"DIV_10","codNode":"NODE_10","idLevel":10,"dteStart":"2026-01-01T14:45:00"},{"idAction":24,"codDeliveryPoint":"NODE_24","flgInclusion":true,"codHier":"H_24","codDiv":"DIV_24","codNode":"NODE_24","idLevel":24,"dteStart":"2026-02-04T12:48:00"},{"idAction":87,"codDeliveryPoint":"NODE_87","flgInclusion":true,"codHier":"H_87","codDiv":"DIV_87","codNode":"NODE_87","idLevel":87,"dteStart":"2026-02-06T14:07:00"},{"idAction":98,"codDeliveryPoint":"NODE_98","flgInclusion":true,"codHier":"H_98","codDiv":"DIV_98","codNode":"NODE_98","idLevel":98,"dteStart":"2026-01-30T18:25:00"},{"idAction":100,"codDeliveryPoint":"D_656565","flgInclusion":true,"codHier":"H_656565","codDiv":"DIV_656565","codNode":"C_656565","idLevel":9,"dteStart":"2026-01-20T00:00:00"},{"idAction":100,"codDeliveryPoint":"NODE_10","flgInclusion":true,"codHier":"H_10","codDiv":"DIV_10","codNode":"NODE_10","idLevel":10,"dteStart":"2026-01-01T14:45:00"},{"idAction":100,"codDeliveryPoint":"NODE_100","flgInclusion":true,"codHier":"H_100","codDiv":"DIV_100","codNode":"NODE_100","idLevel":10,"dteStart":"2026-02-09T13:54:00"},{"idAction":100,"codDeliveryPoint":"NODE_3","flgInclusion":false,"codHier":"H_3","codDiv":"DIV_3","codNode":"NODE_3","idLevel":3,"dteStart":"2026-01-01T10:45:00"},{"idAction":200,"codDeliveryPoint":"NODE_200","flgInclusion":true,"codHier":"H_200","codDiv":"DIV_200","codNode":"NODE_200","idLevel":20,"dteStart":"2026-02-10T14:14:00"},{"idAction":321,"codDeliveryPoint":"NODE_A","flgInclusion":true,"codHier":"H_A","codDiv":"DIV_A","codNode":"NODE_A","idLevel":1,"dteStart":"2026-02-01T18:26:00"},{"idAction":1111,"codDeliveryPoint":"NODE_1111","flgInclusion":true,"codHier":"H_1111","codDiv":"DIV_1111","codNode":"NODE_1111","idLevel":11,"dteStart":"2026-01-01T17:00:00"},{"idAction":5005,"codDeliveryPoint":"","flgInclusion":true,"codHier":"H-2255","codDiv":"DIV-2255","codNode":"CUST-2255","idLevel":10,"dteStart":"2026-01-01T00:00:00"},{"idAction":6767,"codDeliveryPoint":"DP-6767","flgInclusion":true,"codHier":"H-6767","codDiv":"DIV-6767","codNode":"CUST-6767","idLevel":5,"dteStart":"2026-01-01T12:15:00"},{"idAction":7000,"codDeliveryPoint":"DP-7000","flgInclusion":true,"codHier":"H-7000","codDiv":"DIV-7000","codNode":"CUST-7000","idLevel":10,"dteStart":"2026-01-01T00:00:00"}]
2026-02-11 12:31:08.775 +05:00 [INF] HTTP GET /api/promotions/delivery-points responded 200 in 82.5768 ms
2026-02-11 12:31:10.976 +05:00 [INF] JWT validated for haris
2026-02-11 12:31:10.987 +05:00 [INF] Forwarding request GET /api/promotions/actions/300/complete to http://localhost:5137/api/promotions/actions/300/complete
2026-02-11 12:31:12.556 +05:00 [ERR] ERROR Proxying to http://localhost:5137/api/promotions/actions/300/complete
Polly.CircuitBreaker.BrokenCircuitException`1[System.Net.Http.HttpResponseMessage]: The circuit is now open and is not allowing calls.
   at Polly.CircuitBreaker.CircuitStateController`1.OnActionPreExecute()
   at Polly.CircuitBreaker.AsyncCircuitBreakerEngine.ImplementationAsync[TResult](Func`3 action, Context context, CancellationToken cancellationToken, Boolean continueOnCapturedContext, ExceptionPredicates shouldHandleExceptionPredicates, ResultPredicates`1 shouldHandleResultPredicates, ICircuitController`1 breakerController)
   at Polly.AsyncPolicy`1.ExecuteAsync(Func`3 action, Context context, CancellationToken cancellationToken, Boolean continueOnCapturedContext)
   at Microsoft.Extensions.Http.PolicyHttpMessageHandler.SendAsync(HttpRequestMessage request, CancellationToken cancellationToken)
   at Microsoft.Extensions.Http.PolicyHttpMessageHandler.SendCoreAsync(HttpRequestMessage request, Context context, CancellationToken cancellationToken)
   at Polly.Retry.AsyncRetryEngine.ImplementationAsync[TResult](Func`3 action, Context context, CancellationToken cancellationToken, ExceptionPredicates shouldRetryExceptionPredicates, ResultPredicates`1 shouldRetryResultPredicates, Func`5 onRetryAsync, Int32 permittedRetryCount, IEnumerable`1 sleepDurationsEnumerable, Func`4 sleepDurationProvider, Boolean continueOnCapturedContext)
   at Polly.AsyncPolicy`1.ExecuteAsync(Func`3 action, Context context, CancellationToken cancellationToken, Boolean continueOnCapturedContext)
   at Microsoft.Extensions.Http.PolicyHttpMessageHandler.SendAsync(HttpRequestMessage request, CancellationToken cancellationToken)
   at Microsoft.Extensions.Http.Logging.LoggingScopeHttpMessageHandler.<SendCoreAsync>g__Core|5_0(HttpRequestMessage request, Boolean useAsync, CancellationToken cancellationToken)
   at System.Net.Http.HttpClient.<SendAsync>g__Core|83_0(HttpRequestMessage request, HttpCompletionOption completionOption, CancellationTokenSource cts, Boolean disposeCts, CancellationTokenSource pendingRequestsCts, CancellationToken originalCancellationToken)
   at MyCompany.ApiGateway.Routing.DownstreamProxy.ProxyAsync(HttpContext context, String targetUrl) in C:\MyCompany\MyCompany\MyCompany.ApiGateway\Routing\DownstreamProxy.cs:line 62
2026-02-11 12:31:13.187 +05:00 [ERR] HTTP GET /api/promotions/actions/300/complete responded 500 in 2210.9595 ms
Polly.CircuitBreaker.BrokenCircuitException`1[System.Net.Http.HttpResponseMessage]: The circuit is now open and is not allowing calls.
   at Polly.CircuitBreaker.CircuitStateController`1.OnActionPreExecute()
   at Polly.CircuitBreaker.AsyncCircuitBreakerEngine.ImplementationAsync[TResult](Func`3 action, Context context, CancellationToken cancellationToken, Boolean continueOnCapturedContext, ExceptionPredicates shouldHandleExceptionPredicates, ResultPredicates`1 shouldHandleResultPredicates, ICircuitController`1 breakerController)
   at Polly.AsyncPolicy`1.ExecuteAsync(Func`3 action, Context context, CancellationToken cancellationToken, Boolean continueOnCapturedContext)
   at Microsoft.Extensions.Http.PolicyHttpMessageHandler.SendAsync(HttpRequestMessage request, CancellationToken cancellationToken)
   at Microsoft.Extensions.Http.PolicyHttpMessageHandler.SendCoreAsync(HttpRequestMessage request, Context context, CancellationToken cancellationToken)
   at Polly.Retry.AsyncRetryEngine.ImplementationAsync[TResult](Func`3 action, Context context, CancellationToken cancellationToken, ExceptionPredicates shouldRetryExceptionPredicates, ResultPredicates`1 shouldRetryResultPredicates, Func`5 onRetryAsync, Int32 permittedRetryCount, IEnumerable`1 sleepDurationsEnumerable, Func`4 sleepDurationProvider, Boolean continueOnCapturedContext)
   at Polly.AsyncPolicy`1.ExecuteAsync(Func`3 action, Context context, CancellationToken cancellationToken, Boolean continueOnCapturedContext)
   at Microsoft.Extensions.Http.PolicyHttpMessageHandler.SendAsync(HttpRequestMessage request, CancellationToken cancellationToken)
   at Microsoft.Extensions.Http.Logging.LoggingScopeHttpMessageHandler.<SendCoreAsync>g__Core|5_0(HttpRequestMessage request, Boolean useAsync, CancellationToken cancellationToken)
   at System.Net.Http.HttpClient.<SendAsync>g__Core|83_0(HttpRequestMessage request, HttpCompletionOption completionOption, CancellationTokenSource cts, Boolean disposeCts, CancellationTokenSource pendingRequestsCts, CancellationToken originalCancellationToken)
   at MyCompany.ApiGateway.Routing.DownstreamProxy.ProxyAsync(HttpContext context, String targetUrl) in C:\MyCompany\MyCompany\MyCompany.ApiGateway\Routing\DownstreamProxy.cs:line 62
   at Program.<>c.<<<Main>$>b__0_3>d.MoveNext() in C:\MyCompany\MyCompany\MyCompany.ApiGateway\Program.cs:line 99
--- End of stack trace from previous location ---
   at Microsoft.AspNetCore.Authorization.AuthorizationMiddleware.Invoke(HttpContext context)
   at Microsoft.AspNetCore.Authentication.AuthenticationMiddleware.Invoke(HttpContext context)
   at MyCompany.ApiGateway.Middlewares.CorrelationIdMiddleware.InvokeAsync(HttpContext context) in C:\MyCompany\MyCompany\MyCompany.ApiGateway\Middlewares\CorrelationIdMiddleware.cs:line 22
   at MyCompany.Common.Logging.Serilog.RequestLoggingMiddleware.Invoke(HttpContext context) in C:\MyCompany\MyCompany\BuildingBlocks\Common.Logging\Serilog\RequestLoggingMiddleware.cs:line 40
   at Serilog.AspNetCore.RequestLoggingMiddleware.Invoke(HttpContext httpContext)
2026-02-11 12:31:13.188 +05:00 [INF] JWT validated for haris
2026-02-11 12:31:13.421 +05:00 [ERR] Unhandled exception occurred while processing request
Polly.CircuitBreaker.BrokenCircuitException`1[System.Net.Http.HttpResponseMessage]: The circuit is now open and is not allowing calls.
   at Polly.CircuitBreaker.CircuitStateController`1.OnActionPreExecute()
   at Polly.CircuitBreaker.AsyncCircuitBreakerEngine.ImplementationAsync[TResult](Func`3 action, Context context, CancellationToken cancellationToken, Boolean continueOnCapturedContext, ExceptionPredicates shouldHandleExceptionPredicates, ResultPredicates`1 shouldHandleResultPredicates, ICircuitController`1 breakerController)
   at Polly.AsyncPolicy`1.ExecuteAsync(Func`3 action, Context context, CancellationToken cancellationToken, Boolean continueOnCapturedContext)
   at Microsoft.Extensions.Http.PolicyHttpMessageHandler.SendAsync(HttpRequestMessage request, CancellationToken cancellationToken)
   at Microsoft.Extensions.Http.PolicyHttpMessageHandler.SendCoreAsync(HttpRequestMessage request, Context context, CancellationToken cancellationToken)
   at Polly.Retry.AsyncRetryEngine.ImplementationAsync[TResult](Func`3 action, Context context, CancellationToken cancellationToken, ExceptionPredicates shouldRetryExceptionPredicates, ResultPredicates`1 shouldRetryResultPredicates, Func`5 onRetryAsync, Int32 permittedRetryCount, IEnumerable`1 sleepDurationsEnumerable, Func`4 sleepDurationProvider, Boolean continueOnCapturedContext)
   at Polly.AsyncPolicy`1.ExecuteAsync(Func`3 action, Context context, CancellationToken cancellationToken, Boolean continueOnCapturedContext)
   at Microsoft.Extensions.Http.PolicyHttpMessageHandler.SendAsync(HttpRequestMessage request, CancellationToken cancellationToken)
   at Microsoft.Extensions.Http.Logging.LoggingScopeHttpMessageHandler.<SendCoreAsync>g__Core|5_0(HttpRequestMessage request, Boolean useAsync, CancellationToken cancellationToken)
   at System.Net.Http.HttpClient.<SendAsync>g__Core|83_0(HttpRequestMessage request, HttpCompletionOption completionOption, CancellationTokenSource cts, Boolean disposeCts, CancellationTokenSource pendingRequestsCts, CancellationToken originalCancellationToken)
   at MyCompany.ApiGateway.Routing.DownstreamProxy.ProxyAsync(HttpContext context, String targetUrl) in C:\MyCompany\MyCompany\MyCompany.ApiGateway\Routing\DownstreamProxy.cs:line 62
   at Program.<>c.<<<Main>$>b__0_3>d.MoveNext() in C:\MyCompany\MyCompany\MyCompany.ApiGateway\Program.cs:line 99
--- End of stack trace from previous location ---
   at Microsoft.AspNetCore.Authorization.AuthorizationMiddleware.Invoke(HttpContext context)
   at Microsoft.AspNetCore.Authentication.AuthenticationMiddleware.Invoke(HttpContext context)
   at MyCompany.ApiGateway.Middlewares.CorrelationIdMiddleware.InvokeAsync(HttpContext context) in C:\MyCompany\MyCompany\MyCompany.ApiGateway\Middlewares\CorrelationIdMiddleware.cs:line 22
   at MyCompany.Common.Logging.Serilog.RequestLoggingMiddleware.Invoke(HttpContext context) in C:\MyCompany\MyCompany\BuildingBlocks\Common.Logging\Serilog\RequestLoggingMiddleware.cs:line 40
   at Serilog.AspNetCore.RequestLoggingMiddleware.Invoke(HttpContext httpContext)
   at MyCompany.ApiGateway.Middlewares.ExceptionHandlingMiddleware.InvokeAsync(HttpContext context) in C:\MyCompany\MyCompany\MyCompany.ApiGateway\Middlewares\ExceptionHandlingMiddleware.cs:line 27
2026-02-11 12:31:13.470 +05:00 [INF] HTTP GET /api/gateway/health responded 200 in 281.9323 ms | User: haris (23) | IP: ::1 | RequestBody:  | ResponseBody: {"status":"Healthy","timestamp":"2026-02-11T07:31:13.46891Z","services":[{"service":"Promotions API","url":"http://localhost:5137/api/health","status":"Healthy","responseTime":"177ms","statusCode":200},{"service":"SSO API","url":"http://localhost:5253/api/health","status":"Healthy","responseTime":"32ms","statusCode":200}]}
2026-02-11 12:31:13.486 +05:00 [INF] HTTP GET /api/gateway/health responded 200 in 298.3175 ms
2026-02-11 12:31:13.750 +05:00 [ERR] An unhandled exception has occurred while executing the request.
System.ObjectDisposedException: Cannot access a closed Stream.
   at System.IO.MemoryStream.WriteAsync(ReadOnlyMemory`1 buffer, CancellationToken cancellationToken)
--- End of stack trace from previous location ---
   at System.IO.Pipelines.StreamPipeWriter.FlushAsyncInternal(Boolean writeToStream, ReadOnlyMemory`1 data, CancellationToken cancellationToken)
   at System.Runtime.CompilerServices.PoolingAsyncValueTaskMethodBuilder`1.StateMachineBox`1.System.Threading.Tasks.Sources.IValueTaskSource<TResult>.GetResult(Int16 token)
   at System.Threading.Tasks.ValueTask`1.GetTaskForValueTaskSource(IValueTaskSource`1 t)
--- End of stack trace from previous location ---
   at MyCompany.ApiGateway.Middlewares.ExceptionHandlingMiddleware.InvokeAsync(HttpContext context) in C:\MyCompany\MyCompany\MyCompany.ApiGateway\Middlewares\ExceptionHandlingMiddleware.cs:line 69
   at Program.<>c.<<<Main>$>b__0_2>d.MoveNext() in C:\MyCompany\MyCompany\MyCompany.ApiGateway\Program.cs:line 53
--- End of stack trace from previous location ---
   at Microsoft.AspNetCore.Diagnostics.DeveloperExceptionPageMiddlewareImpl.Invoke(HttpContext context)
2026-02-11 12:31:13.796 +05:00 [ERR] An exception was thrown attempting to display the error page.
System.ObjectDisposedException: Cannot access a closed Stream.
   at System.IO.MemoryStream.WriteAsync(ReadOnlyMemory`1 buffer, CancellationToken cancellationToken)
--- End of stack trace from previous location ---
   at System.IO.Pipelines.StreamPipeWriter.FlushAsyncInternal(Boolean writeToStream, ReadOnlyMemory`1 data, CancellationToken cancellationToken)
   at System.Runtime.CompilerServices.PoolingAsyncValueTaskMethodBuilder`1.StateMachineBox`1.System.Threading.Tasks.Sources.IValueTaskSource<TResult>.GetResult(Int16 token)
   at System.Threading.Tasks.ValueTask`1.GetTaskForValueTaskSource(IValueTaskSource`1 t)
--- End of stack trace from previous location ---
   at Microsoft.AspNetCore.Diagnostics.DeveloperExceptionPageMiddlewareImpl.DisplayExceptionContent(ErrorContext errorContext)
   at Microsoft.AspNetCore.Diagnostics.DeveloperExceptionPageMiddlewareImpl.Invoke(HttpContext context)
2026-02-11 12:31:13.828 +05:00 [ERR] Connection id "0HNJ97SG0VAUU", Request id "0HNJ97SG0VAUU:00000001": An unhandled exception was thrown by the application.
System.ObjectDisposedException: Cannot access a closed Stream.
   at System.IO.MemoryStream.WriteAsync(ReadOnlyMemory`1 buffer, CancellationToken cancellationToken)
--- End of stack trace from previous location ---
   at System.IO.Pipelines.StreamPipeWriter.FlushAsyncInternal(Boolean writeToStream, ReadOnlyMemory`1 data, CancellationToken cancellationToken)
   at System.Runtime.CompilerServices.PoolingAsyncValueTaskMethodBuilder`1.StateMachineBox`1.System.Threading.Tasks.Sources.IValueTaskSource<TResult>.GetResult(Int16 token)
   at System.Threading.Tasks.ValueTask`1.GetTaskForValueTaskSource(IValueTaskSource`1 t)
--- End of stack trace from previous location ---
   at MyCompany.ApiGateway.Middlewares.ExceptionHandlingMiddleware.InvokeAsync(HttpContext context) in C:\MyCompany\MyCompany\MyCompany.ApiGateway\Middlewares\ExceptionHandlingMiddleware.cs:line 69
   at Program.<>c.<<<Main>$>b__0_2>d.MoveNext() in C:\MyCompany\MyCompany\MyCompany.ApiGateway\Program.cs:line 53
--- End of stack trace from previous location ---
   at Microsoft.AspNetCore.Diagnostics.DeveloperExceptionPageMiddlewareImpl.Invoke(HttpContext context)
   at Microsoft.AspNetCore.Diagnostics.DeveloperExceptionPageMiddlewareImpl.Invoke(HttpContext context)
   at Microsoft.WebTools.BrowserLink.Net.BrowserLinkMiddleware.InvokeAsync(HttpContext context)
   at Microsoft.AspNetCore.Watch.BrowserRefresh.BrowserRefreshMiddleware.InvokeAsync(HttpContext context)
   at Microsoft.AspNetCore.Server.Kestrel.Core.Internal.Http.HttpProtocol.ProcessRequests[TContext](IHttpApplication`1 application)
2026-02-11 12:31:18.054 +05:00 [INF] JWT validated for haris
2026-02-11 12:31:18.104 +05:00 [INF] JWT validated for haris
2026-02-11 12:31:18.120 +05:00 [INF] Forwarding request GET /api/promotions/customer-relations to http://localhost:5137/api/promotions/customer-relations
2026-02-11 12:31:18.266 +05:00 [ERR] ERROR Proxying to http://localhost:5137/api/promotions/customer-relations
Polly.CircuitBreaker.BrokenCircuitException`1[System.Net.Http.HttpResponseMessage]: The circuit is now open and is not allowing calls.
   at Polly.CircuitBreaker.CircuitStateController`1.OnActionPreExecute()
   at Polly.CircuitBreaker.AsyncCircuitBreakerEngine.ImplementationAsync[TResult](Func`3 action, Context context, CancellationToken cancellationToken, Boolean continueOnCapturedContext, ExceptionPredicates shouldHandleExceptionPredicates, ResultPredicates`1 shouldHandleResultPredicates, ICircuitController`1 breakerController)
   at Polly.AsyncPolicy`1.ExecuteAsync(Func`3 action, Context context, CancellationToken cancellationToken, Boolean continueOnCapturedContext)
   at Microsoft.Extensions.Http.PolicyHttpMessageHandler.SendAsync(HttpRequestMessage request, CancellationToken cancellationToken)
   at Microsoft.Extensions.Http.PolicyHttpMessageHandler.SendCoreAsync(HttpRequestMessage request, Context context, CancellationToken cancellationToken)
   at Polly.Retry.AsyncRetryEngine.ImplementationAsync[TResult](Func`3 action, Context context, CancellationToken cancellationToken, ExceptionPredicates shouldRetryExceptionPredicates, ResultPredicates`1 shouldRetryResultPredicates, Func`5 onRetryAsync, Int32 permittedRetryCount, IEnumerable`1 sleepDurationsEnumerable, Func`4 sleepDurationProvider, Boolean continueOnCapturedContext)
   at Polly.AsyncPolicy`1.ExecuteAsync(Func`3 action, Context context, CancellationToken cancellationToken, Boolean continueOnCapturedContext)
   at Microsoft.Extensions.Http.PolicyHttpMessageHandler.SendAsync(HttpRequestMessage request, CancellationToken cancellationToken)
   at Microsoft.Extensions.Http.Logging.LoggingScopeHttpMessageHandler.<SendCoreAsync>g__Core|5_0(HttpRequestMessage request, Boolean useAsync, CancellationToken cancellationToken)
   at System.Net.Http.HttpClient.<SendAsync>g__Core|83_0(HttpRequestMessage request, HttpCompletionOption completionOption, CancellationTokenSource cts, Boolean disposeCts, CancellationTokenSource pendingRequestsCts, CancellationToken originalCancellationToken)
   at MyCompany.ApiGateway.Routing.DownstreamProxy.ProxyAsync(HttpContext context, String targetUrl) in C:\MyCompany\MyCompany\MyCompany.ApiGateway\Routing\DownstreamProxy.cs:line 62
2026-02-11 12:31:18.269 +05:00 [INF] HTTP GET /api/gateway/health responded 200 in 214.6234 ms | User: haris (23) | IP: ::1 | RequestBody:  | ResponseBody: {"status":"Healthy","timestamp":"2026-02-11T07:31:18.2275552Z","services":[{"service":"Promotions API","url":"http://localhost:5137/api/health","status":"Healthy","responseTime":"41ms","statusCode":200},{"service":"SSO API","url":"http://localhost:5253/api/health","status":"Healthy","responseTime":"126ms","statusCode":200}]}
2026-02-11 12:31:18.426 +05:00 [INF] HTTP GET /api/gateway/health responded 200 in 371.8003 ms
2026-02-11 12:31:18.504 +05:00 [ERR] HTTP GET /api/promotions/customer-relations responded 500 in 401.5303 ms
Polly.CircuitBreaker.BrokenCircuitException`1[System.Net.Http.HttpResponseMessage]: The circuit is now open and is not allowing calls.
   at Polly.CircuitBreaker.CircuitStateController`1.OnActionPreExecute()
   at Polly.CircuitBreaker.AsyncCircuitBreakerEngine.ImplementationAsync[TResult](Func`3 action, Context context, CancellationToken cancellationToken, Boolean continueOnCapturedContext, ExceptionPredicates shouldHandleExceptionPredicates, ResultPredicates`1 shouldHandleResultPredicates, ICircuitController`1 breakerController)
   at Polly.AsyncPolicy`1.ExecuteAsync(Func`3 action, Context context, CancellationToken cancellationToken, Boolean continueOnCapturedContext)
   at Microsoft.Extensions.Http.PolicyHttpMessageHandler.SendAsync(HttpRequestMessage request, CancellationToken cancellationToken)
   at Microsoft.Extensions.Http.PolicyHttpMessageHandler.SendCoreAsync(HttpRequestMessage request, Context context, CancellationToken cancellationToken)
   at Polly.Retry.AsyncRetryEngine.ImplementationAsync[TResult](Func`3 action, Context context, CancellationToken cancellationToken, ExceptionPredicates shouldRetryExceptionPredicates, ResultPredicates`1 shouldRetryResultPredicates, Func`5 onRetryAsync, Int32 permittedRetryCount, IEnumerable`1 sleepDurationsEnumerable, Func`4 sleepDurationProvider, Boolean continueOnCapturedContext)
   at Polly.AsyncPolicy`1.ExecuteAsync(Func`3 action, Context context, CancellationToken cancellationToken, Boolean continueOnCapturedContext)
   at Microsoft.Extensions.Http.PolicyHttpMessageHandler.SendAsync(HttpRequestMessage request, CancellationToken cancellationToken)
   at Microsoft.Extensions.Http.Logging.LoggingScopeHttpMessageHandler.<SendCoreAsync>g__Core|5_0(HttpRequestMessage request, Boolean useAsync, CancellationToken cancellationToken)
   at System.Net.Http.HttpClient.<SendAsync>g__Core|83_0(HttpRequestMessage request, HttpCompletionOption completionOption, CancellationTokenSource cts, Boolean disposeCts, CancellationTokenSource pendingRequestsCts, CancellationToken originalCancellationToken)
   at MyCompany.ApiGateway.Routing.DownstreamProxy.ProxyAsync(HttpContext context, String targetUrl) in C:\MyCompany\MyCompany\MyCompany.ApiGateway\Routing\DownstreamProxy.cs:line 62
   at Program.<>c.<<<Main>$>b__0_3>d.MoveNext() in C:\MyCompany\MyCompany\MyCompany.ApiGateway\Program.cs:line 99
--- End of stack trace from previous location ---
   at Microsoft.AspNetCore.Authorization.AuthorizationMiddleware.Invoke(HttpContext context)
   at Microsoft.AspNetCore.Authentication.AuthenticationMiddleware.Invoke(HttpContext context)
   at MyCompany.ApiGateway.Middlewares.CorrelationIdMiddleware.InvokeAsync(HttpContext context) in C:\MyCompany\MyCompany\MyCompany.ApiGateway\Middlewares\CorrelationIdMiddleware.cs:line 22
   at MyCompany.Common.Logging.Serilog.RequestLoggingMiddleware.Invoke(HttpContext context) in C:\MyCompany\MyCompany\BuildingBlocks\Common.Logging\Serilog\RequestLoggingMiddleware.cs:line 40
   at Serilog.AspNetCore.RequestLoggingMiddleware.Invoke(HttpContext httpContext)
2026-02-11 12:31:18.590 +05:00 [ERR] Unhandled exception occurred while processing request
Polly.CircuitBreaker.BrokenCircuitException`1[System.Net.Http.HttpResponseMessage]: The circuit is now open and is not allowing calls.
   at Polly.CircuitBreaker.CircuitStateController`1.OnActionPreExecute()
   at Polly.CircuitBreaker.AsyncCircuitBreakerEngine.ImplementationAsync[TResult](Func`3 action, Context context, CancellationToken cancellationToken, Boolean continueOnCapturedContext, ExceptionPredicates shouldHandleExceptionPredicates, ResultPredicates`1 shouldHandleResultPredicates, ICircuitController`1 breakerController)
   at Polly.AsyncPolicy`1.ExecuteAsync(Func`3 action, Context context, CancellationToken cancellationToken, Boolean continueOnCapturedContext)
   at Microsoft.Extensions.Http.PolicyHttpMessageHandler.SendAsync(HttpRequestMessage request, CancellationToken cancellationToken)
   at Microsoft.Extensions.Http.PolicyHttpMessageHandler.SendCoreAsync(HttpRequestMessage request, Context context, CancellationToken cancellationToken)
   at Polly.Retry.AsyncRetryEngine.ImplementationAsync[TResult](Func`3 action, Context context, CancellationToken cancellationToken, ExceptionPredicates shouldRetryExceptionPredicates, ResultPredicates`1 shouldRetryResultPredicates, Func`5 onRetryAsync, Int32 permittedRetryCount, IEnumerable`1 sleepDurationsEnumerable, Func`4 sleepDurationProvider, Boolean continueOnCapturedContext)
   at Polly.AsyncPolicy`1.ExecuteAsync(Func`3 action, Context context, CancellationToken cancellationToken, Boolean continueOnCapturedContext)
   at Microsoft.Extensions.Http.PolicyHttpMessageHandler.SendAsync(HttpRequestMessage request, CancellationToken cancellationToken)
   at Microsoft.Extensions.Http.Logging.LoggingScopeHttpMessageHandler.<SendCoreAsync>g__Core|5_0(HttpRequestMessage request, Boolean useAsync, CancellationToken cancellationToken)
   at System.Net.Http.HttpClient.<SendAsync>g__Core|83_0(HttpRequestMessage request, HttpCompletionOption completionOption, CancellationTokenSource cts, Boolean disposeCts, CancellationTokenSource pendingRequestsCts, CancellationToken originalCancellationToken)
   at MyCompany.ApiGateway.Routing.DownstreamProxy.ProxyAsync(HttpContext context, String targetUrl) in C:\MyCompany\MyCompany\MyCompany.ApiGateway\Routing\DownstreamProxy.cs:line 62
   at Program.<>c.<<<Main>$>b__0_3>d.MoveNext() in C:\MyCompany\MyCompany\MyCompany.ApiGateway\Program.cs:line 99
--- End of stack trace from previous location ---
   at Microsoft.AspNetCore.Authorization.AuthorizationMiddleware.Invoke(HttpContext context)
   at Microsoft.AspNetCore.Authentication.AuthenticationMiddleware.Invoke(HttpContext context)
   at MyCompany.ApiGateway.Middlewares.CorrelationIdMiddleware.InvokeAsync(HttpContext context) in C:\MyCompany\MyCompany\MyCompany.ApiGateway\Middlewares\CorrelationIdMiddleware.cs:line 22
   at MyCompany.Common.Logging.Serilog.RequestLoggingMiddleware.Invoke(HttpContext context) in C:\MyCompany\MyCompany\BuildingBlocks\Common.Logging\Serilog\RequestLoggingMiddleware.cs:line 40
   at Serilog.AspNetCore.RequestLoggingMiddleware.Invoke(HttpContext httpContext)
   at MyCompany.ApiGateway.Middlewares.ExceptionHandlingMiddleware.InvokeAsync(HttpContext context) in C:\MyCompany\MyCompany\MyCompany.ApiGateway\Middlewares\ExceptionHandlingMiddleware.cs:line 27
2026-02-11 12:31:18.715 +05:00 [ERR] An unhandled exception has occurred while executing the request.
System.ObjectDisposedException: Cannot access a closed Stream.
   at System.IO.MemoryStream.WriteAsync(ReadOnlyMemory`1 buffer, CancellationToken cancellationToken)
--- End of stack trace from previous location ---
   at System.IO.Pipelines.StreamPipeWriter.FlushAsyncInternal(Boolean writeToStream, ReadOnlyMemory`1 data, CancellationToken cancellationToken)
   at System.Runtime.CompilerServices.PoolingAsyncValueTaskMethodBuilder`1.StateMachineBox`1.System.Threading.Tasks.Sources.IValueTaskSource<TResult>.GetResult(Int16 token)
   at System.Threading.Tasks.ValueTask`1.GetTaskForValueTaskSource(IValueTaskSource`1 t)
--- End of stack trace from previous location ---
   at MyCompany.ApiGateway.Middlewares.ExceptionHandlingMiddleware.InvokeAsync(HttpContext context) in C:\MyCompany\MyCompany\MyCompany.ApiGateway\Middlewares\ExceptionHandlingMiddleware.cs:line 69
   at Program.<>c.<<<Main>$>b__0_2>d.MoveNext() in C:\MyCompany\MyCompany\MyCompany.ApiGateway\Program.cs:line 53
--- End of stack trace from previous location ---
   at Microsoft.AspNetCore.Diagnostics.DeveloperExceptionPageMiddlewareImpl.Invoke(HttpContext context)
2026-02-11 12:31:18.733 +05:00 [ERR] An exception was thrown attempting to display the error page.
System.ObjectDisposedException: Cannot access a closed Stream.
   at System.IO.MemoryStream.WriteAsync(ReadOnlyMemory`1 buffer, CancellationToken cancellationToken)
--- End of stack trace from previous location ---
   at System.IO.Pipelines.StreamPipeWriter.FlushAsyncInternal(Boolean writeToStream, ReadOnlyMemory`1 data, CancellationToken cancellationToken)
   at System.Runtime.CompilerServices.PoolingAsyncValueTaskMethodBuilder`1.StateMachineBox`1.System.Threading.Tasks.Sources.IValueTaskSource<TResult>.GetResult(Int16 token)
   at System.Threading.Tasks.ValueTask`1.GetTaskForValueTaskSource(IValueTaskSource`1 t)
--- End of stack trace from previous location ---
   at Microsoft.AspNetCore.Diagnostics.DeveloperExceptionPageMiddlewareImpl.DisplayExceptionContent(ErrorContext errorContext)
   at Microsoft.AspNetCore.Diagnostics.DeveloperExceptionPageMiddlewareImpl.Invoke(HttpContext context)
2026-02-11 12:31:18.751 +05:00 [ERR] Connection id "0HNJ97SG0VAV1", Request id "0HNJ97SG0VAV1:00000001": An unhandled exception was thrown by the application.
System.ObjectDisposedException: Cannot access a closed Stream.
   at System.IO.MemoryStream.WriteAsync(ReadOnlyMemory`1 buffer, CancellationToken cancellationToken)
--- End of stack trace from previous location ---
   at System.IO.Pipelines.StreamPipeWriter.FlushAsyncInternal(Boolean writeToStream, ReadOnlyMemory`1 data, CancellationToken cancellationToken)
   at System.Runtime.CompilerServices.PoolingAsyncValueTaskMethodBuilder`1.StateMachineBox`1.System.Threading.Tasks.Sources.IValueTaskSource<TResult>.GetResult(Int16 token)
   at System.Threading.Tasks.ValueTask`1.GetTaskForValueTaskSource(IValueTaskSource`1 t)
--- End of stack trace from previous location ---
   at MyCompany.ApiGateway.Middlewares.ExceptionHandlingMiddleware.InvokeAsync(HttpContext context) in C:\MyCompany\MyCompany\MyCompany.ApiGateway\Middlewares\ExceptionHandlingMiddleware.cs:line 69
   at Program.<>c.<<<Main>$>b__0_2>d.MoveNext() in C:\MyCompany\MyCompany\MyCompany.ApiGateway\Program.cs:line 53
--- End of stack trace from previous location ---
   at Microsoft.AspNetCore.Diagnostics.DeveloperExceptionPageMiddlewareImpl.Invoke(HttpContext context)
   at Microsoft.AspNetCore.Diagnostics.DeveloperExceptionPageMiddlewareImpl.Invoke(HttpContext context)
   at Microsoft.WebTools.BrowserLink.Net.BrowserLinkMiddleware.InvokeAsync(HttpContext context)
   at Microsoft.AspNetCore.Watch.BrowserRefresh.BrowserRefreshMiddleware.InvokeAsync(HttpContext context)
   at Microsoft.AspNetCore.Server.Kestrel.Core.Internal.Http.HttpProtocol.ProcessRequests[TContext](IHttpApplication`1 application)
2026-02-11 12:31:18.786 +05:00 [INF] JWT validated for haris
2026-02-11 12:31:18.791 +05:00 [INF] Forwarding request GET /api/promotions/customer-relations to http://localhost:5137/api/promotions/customer-relations
2026-02-11 12:31:18.868 +05:00 [ERR] ERROR Proxying to http://localhost:5137/api/promotions/customer-relations
Polly.CircuitBreaker.BrokenCircuitException`1[System.Net.Http.HttpResponseMessage]: The circuit is now open and is not allowing calls.
   at Polly.CircuitBreaker.CircuitStateController`1.OnActionPreExecute()
   at Polly.CircuitBreaker.AsyncCircuitBreakerEngine.ImplementationAsync[TResult](Func`3 action, Context context, CancellationToken cancellationToken, Boolean continueOnCapturedContext, ExceptionPredicates shouldHandleExceptionPredicates, ResultPredicates`1 shouldHandleResultPredicates, ICircuitController`1 breakerController)
   at Polly.AsyncPolicy`1.ExecuteAsync(Func`3 action, Context context, CancellationToken cancellationToken, Boolean continueOnCapturedContext)
   at Microsoft.Extensions.Http.PolicyHttpMessageHandler.SendAsync(HttpRequestMessage request, CancellationToken cancellationToken)
   at Microsoft.Extensions.Http.PolicyHttpMessageHandler.SendCoreAsync(HttpRequestMessage request, Context context, CancellationToken cancellationToken)
   at Polly.Retry.AsyncRetryEngine.ImplementationAsync[TResult](Func`3 action, Context context, CancellationToken cancellationToken, ExceptionPredicates shouldRetryExceptionPredicates, ResultPredicates`1 shouldRetryResultPredicates, Func`5 onRetryAsync, Int32 permittedRetryCount, IEnumerable`1 sleepDurationsEnumerable, Func`4 sleepDurationProvider, Boolean continueOnCapturedContext)
   at Polly.AsyncPolicy`1.ExecuteAsync(Func`3 action, Context context, CancellationToken cancellationToken, Boolean continueOnCapturedContext)
   at Microsoft.Extensions.Http.PolicyHttpMessageHandler.SendAsync(HttpRequestMessage request, CancellationToken cancellationToken)
   at Microsoft.Extensions.Http.Logging.LoggingScopeHttpMessageHandler.<SendCoreAsync>g__Core|5_0(HttpRequestMessage request, Boolean useAsync, CancellationToken cancellationToken)
   at System.Net.Http.HttpClient.<SendAsync>g__Core|83_0(HttpRequestMessage request, HttpCompletionOption completionOption, CancellationTokenSource cts, Boolean disposeCts, CancellationTokenSource pendingRequestsCts, CancellationToken originalCancellationToken)
   at MyCompany.ApiGateway.Routing.DownstreamProxy.ProxyAsync(HttpContext context, String targetUrl) in C:\MyCompany\MyCompany\MyCompany.ApiGateway\Routing\DownstreamProxy.cs:line 62
2026-02-11 12:31:19.123 +05:00 [ERR] HTTP GET /api/promotions/customer-relations responded 500 in 337.5183 ms
Polly.CircuitBreaker.BrokenCircuitException`1[System.Net.Http.HttpResponseMessage]: The circuit is now open and is not allowing calls.
   at Polly.CircuitBreaker.CircuitStateController`1.OnActionPreExecute()
   at Polly.CircuitBreaker.AsyncCircuitBreakerEngine.ImplementationAsync[TResult](Func`3 action, Context context, CancellationToken cancellationToken, Boolean continueOnCapturedContext, ExceptionPredicates shouldHandleExceptionPredicates, ResultPredicates`1 shouldHandleResultPredicates, ICircuitController`1 breakerController)
   at Polly.AsyncPolicy`1.ExecuteAsync(Func`3 action, Context context, CancellationToken cancellationToken, Boolean continueOnCapturedContext)
   at Microsoft.Extensions.Http.PolicyHttpMessageHandler.SendAsync(HttpRequestMessage request, CancellationToken cancellationToken)
   at Microsoft.Extensions.Http.PolicyHttpMessageHandler.SendCoreAsync(HttpRequestMessage request, Context context, CancellationToken cancellationToken)
   at Polly.Retry.AsyncRetryEngine.ImplementationAsync[TResult](Func`3 action, Context context, CancellationToken cancellationToken, ExceptionPredicates shouldRetryExceptionPredicates, ResultPredicates`1 shouldRetryResultPredicates, Func`5 onRetryAsync, Int32 permittedRetryCount, IEnumerable`1 sleepDurationsEnumerable, Func`4 sleepDurationProvider, Boolean continueOnCapturedContext)
   at Polly.AsyncPolicy`1.ExecuteAsync(Func`3 action, Context context, CancellationToken cancellationToken, Boolean continueOnCapturedContext)
   at Microsoft.Extensions.Http.PolicyHttpMessageHandler.SendAsync(HttpRequestMessage request, CancellationToken cancellationToken)
   at Microsoft.Extensions.Http.Logging.LoggingScopeHttpMessageHandler.<SendCoreAsync>g__Core|5_0(HttpRequestMessage request, Boolean useAsync, CancellationToken cancellationToken)
   at System.Net.Http.HttpClient.<SendAsync>g__Core|83_0(HttpRequestMessage request, HttpCompletionOption completionOption, CancellationTokenSource cts, Boolean disposeCts, CancellationTokenSource pendingRequestsCts, CancellationToken originalCancellationToken)
   at MyCompany.ApiGateway.Routing.DownstreamProxy.ProxyAsync(HttpContext context, String targetUrl) in C:\MyCompany\MyCompany\MyCompany.ApiGateway\Routing\DownstreamProxy.cs:line 62
   at Program.<>c.<<<Main>$>b__0_3>d.MoveNext() in C:\MyCompany\MyCompany\MyCompany.ApiGateway\Program.cs:line 99
--- End of stack trace from previous location ---
   at Microsoft.AspNetCore.Authorization.AuthorizationMiddleware.Invoke(HttpContext context)
   at Microsoft.AspNetCore.Authentication.AuthenticationMiddleware.Invoke(HttpContext context)
   at MyCompany.ApiGateway.Middlewares.CorrelationIdMiddleware.InvokeAsync(HttpContext context) in C:\MyCompany\MyCompany\MyCompany.ApiGateway\Middlewares\CorrelationIdMiddleware.cs:line 22
   at MyCompany.Common.Logging.Serilog.RequestLoggingMiddleware.Invoke(HttpContext context) in C:\MyCompany\MyCompany\BuildingBlocks\Common.Logging\Serilog\RequestLoggingMiddleware.cs:line 40
   at Serilog.AspNetCore.RequestLoggingMiddleware.Invoke(HttpContext httpContext)
2026-02-11 12:31:19.210 +05:00 [ERR] Unhandled exception occurred while processing request
Polly.CircuitBreaker.BrokenCircuitException`1[System.Net.Http.HttpResponseMessage]: The circuit is now open and is not allowing calls.
   at Polly.CircuitBreaker.CircuitStateController`1.OnActionPreExecute()
   at Polly.CircuitBreaker.AsyncCircuitBreakerEngine.ImplementationAsync[TResult](Func`3 action, Context context, CancellationToken cancellationToken, Boolean continueOnCapturedContext, ExceptionPredicates shouldHandleExceptionPredicates, ResultPredicates`1 shouldHandleResultPredicates, ICircuitController`1 breakerController)
   at Polly.AsyncPolicy`1.ExecuteAsync(Func`3 action, Context context, CancellationToken cancellationToken, Boolean continueOnCapturedContext)
   at Microsoft.Extensions.Http.PolicyHttpMessageHandler.SendAsync(HttpRequestMessage request, CancellationToken cancellationToken)
   at Microsoft.Extensions.Http.PolicyHttpMessageHandler.SendCoreAsync(HttpRequestMessage request, Context context, CancellationToken cancellationToken)
   at Polly.Retry.AsyncRetryEngine.ImplementationAsync[TResult](Func`3 action, Context context, CancellationToken cancellationToken, ExceptionPredicates shouldRetryExceptionPredicates, ResultPredicates`1 shouldRetryResultPredicates, Func`5 onRetryAsync, Int32 permittedRetryCount, IEnumerable`1 sleepDurationsEnumerable, Func`4 sleepDurationProvider, Boolean continueOnCapturedContext)
   at Polly.AsyncPolicy`1.ExecuteAsync(Func`3 action, Context context, CancellationToken cancellationToken, Boolean continueOnCapturedContext)
   at Microsoft.Extensions.Http.PolicyHttpMessageHandler.SendAsync(HttpRequestMessage request, CancellationToken cancellationToken)
   at Microsoft.Extensions.Http.Logging.LoggingScopeHttpMessageHandler.<SendCoreAsync>g__Core|5_0(HttpRequestMessage request, Boolean useAsync, CancellationToken cancellationToken)
   at System.Net.Http.HttpClient.<SendAsync>g__Core|83_0(HttpRequestMessage request, HttpCompletionOption completionOption, CancellationTokenSource cts, Boolean disposeCts, CancellationTokenSource pendingRequestsCts, CancellationToken originalCancellationToken)
   at MyCompany.ApiGateway.Routing.DownstreamProxy.ProxyAsync(HttpContext context, String targetUrl) in C:\MyCompany\MyCompany\MyCompany.ApiGateway\Routing\DownstreamProxy.cs:line 62
   at Program.<>c.<<<Main>$>b__0_3>d.MoveNext() in C:\MyCompany\MyCompany\MyCompany.ApiGateway\Program.cs:line 99
--- End of stack trace from previous location ---
   at Microsoft.AspNetCore.Authorization.AuthorizationMiddleware.Invoke(HttpContext context)
   at Microsoft.AspNetCore.Authentication.AuthenticationMiddleware.Invoke(HttpContext context)
   at MyCompany.ApiGateway.Middlewares.CorrelationIdMiddleware.InvokeAsync(HttpContext context) in C:\MyCompany\MyCompany\MyCompany.ApiGateway\Middlewares\CorrelationIdMiddleware.cs:line 22
   at MyCompany.Common.Logging.Serilog.RequestLoggingMiddleware.Invoke(HttpContext context) in C:\MyCompany\MyCompany\BuildingBlocks\Common.Logging\Serilog\RequestLoggingMiddleware.cs:line 40
   at Serilog.AspNetCore.RequestLoggingMiddleware.Invoke(HttpContext httpContext)
   at MyCompany.ApiGateway.Middlewares.ExceptionHandlingMiddleware.InvokeAsync(HttpContext context) in C:\MyCompany\MyCompany\MyCompany.ApiGateway\Middlewares\ExceptionHandlingMiddleware.cs:line 27
2026-02-11 12:31:19.311 +05:00 [ERR] An unhandled exception has occurred while executing the request.
System.ObjectDisposedException: Cannot access a closed Stream.
   at System.IO.MemoryStream.WriteAsync(ReadOnlyMemory`1 buffer, CancellationToken cancellationToken)
--- End of stack trace from previous location ---
   at System.IO.Pipelines.StreamPipeWriter.FlushAsyncInternal(Boolean writeToStream, ReadOnlyMemory`1 data, CancellationToken cancellationToken)
   at System.Runtime.CompilerServices.PoolingAsyncValueTaskMethodBuilder`1.StateMachineBox`1.System.Threading.Tasks.Sources.IValueTaskSource<TResult>.GetResult(Int16 token)
   at System.Threading.Tasks.ValueTask`1.GetTaskForValueTaskSource(IValueTaskSource`1 t)
--- End of stack trace from previous location ---
   at MyCompany.ApiGateway.Middlewares.ExceptionHandlingMiddleware.InvokeAsync(HttpContext context) in C:\MyCompany\MyCompany\MyCompany.ApiGateway\Middlewares\ExceptionHandlingMiddleware.cs:line 69
   at Program.<>c.<<<Main>$>b__0_2>d.MoveNext() in C:\MyCompany\MyCompany\MyCompany.ApiGateway\Program.cs:line 53
--- End of stack trace from previous location ---
   at Microsoft.AspNetCore.Diagnostics.DeveloperExceptionPageMiddlewareImpl.Invoke(HttpContext context)
2026-02-11 12:31:19.336 +05:00 [ERR] An exception was thrown attempting to display the error page.
System.ObjectDisposedException: Cannot access a closed Stream.
   at System.IO.MemoryStream.WriteAsync(ReadOnlyMemory`1 buffer, CancellationToken cancellationToken)
--- End of stack trace from previous location ---
   at System.IO.Pipelines.StreamPipeWriter.FlushAsyncInternal(Boolean writeToStream, ReadOnlyMemory`1 data, CancellationToken cancellationToken)
   at System.Runtime.CompilerServices.PoolingAsyncValueTaskMethodBuilder`1.StateMachineBox`1.System.Threading.Tasks.Sources.IValueTaskSource<TResult>.GetResult(Int16 token)
   at System.Threading.Tasks.ValueTask`1.GetTaskForValueTaskSource(IValueTaskSource`1 t)
--- End of stack trace from previous location ---
   at Microsoft.AspNetCore.Diagnostics.DeveloperExceptionPageMiddlewareImpl.DisplayExceptionContent(ErrorContext errorContext)
   at Microsoft.AspNetCore.Diagnostics.DeveloperExceptionPageMiddlewareImpl.Invoke(HttpContext context)
2026-02-11 12:31:19.353 +05:00 [ERR] Connection id "0HNJ97SG0VAV2", Request id "0HNJ97SG0VAV2:00000001": An unhandled exception was thrown by the application.
System.ObjectDisposedException: Cannot access a closed Stream.
   at System.IO.MemoryStream.WriteAsync(ReadOnlyMemory`1 buffer, CancellationToken cancellationToken)
--- End of stack trace from previous location ---
   at System.IO.Pipelines.StreamPipeWriter.FlushAsyncInternal(Boolean writeToStream, ReadOnlyMemory`1 data, CancellationToken cancellationToken)
   at System.Runtime.CompilerServices.PoolingAsyncValueTaskMethodBuilder`1.StateMachineBox`1.System.Threading.Tasks.Sources.IValueTaskSource<TResult>.GetResult(Int16 token)
   at System.Threading.Tasks.ValueTask`1.GetTaskForValueTaskSource(IValueTaskSource`1 t)
--- End of stack trace from previous location ---
   at MyCompany.ApiGateway.Middlewares.ExceptionHandlingMiddleware.InvokeAsync(HttpContext context) in C:\MyCompany\MyCompany\MyCompany.ApiGateway\Middlewares\ExceptionHandlingMiddleware.cs:line 69
   at Program.<>c.<<<Main>$>b__0_2>d.MoveNext() in C:\MyCompany\MyCompany\MyCompany.ApiGateway\Program.cs:line 53
--- End of stack trace from previous location ---
   at Microsoft.AspNetCore.Diagnostics.DeveloperExceptionPageMiddlewareImpl.Invoke(HttpContext context)
   at Microsoft.AspNetCore.Diagnostics.DeveloperExceptionPageMiddlewareImpl.Invoke(HttpContext context)
   at Microsoft.WebTools.BrowserLink.Net.BrowserLinkMiddleware.InvokeAsync(HttpContext context)
   at Microsoft.AspNetCore.Watch.BrowserRefresh.BrowserRefreshMiddleware.InvokeAsync(HttpContext context)
   at Microsoft.AspNetCore.Server.Kestrel.Core.Internal.Http.HttpProtocol.ProcessRequests[TContext](IHttpApplication`1 application)
2026-02-11 12:31:23.058 +05:00 [INF] JWT validated for haris
2026-02-11 12:31:23.128 +05:00 [INF] HTTP GET /api/gateway/health responded 200 in 70.4634 ms | User: haris (23) | IP: ::1 | RequestBody:  | ResponseBody: {"status":"Healthy","timestamp":"2026-02-11T07:31:23.1275604Z","services":[{"service":"Promotions API","url":"http://localhost:5137/api/health","status":"Healthy","responseTime":"32ms","statusCode":200},{"service":"SSO API","url":"http://localhost:5253/api/health","status":"Healthy","responseTime":"25ms","statusCode":200}]}
2026-02-11 12:31:23.150 +05:00 [INF] HTTP GET /api/gateway/health responded 200 in 92.5478 ms
2026-02-11 12:31:28.061 +05:00 [INF] JWT validated for haris
2026-02-11 12:31:28.115 +05:00 [INF] HTTP GET /api/gateway/health responded 200 in 55.0122 ms | User: haris (23) | IP: ::1 | RequestBody:  | ResponseBody: {"status":"Healthy","timestamp":"2026-02-11T07:31:28.1144212Z","services":[{"service":"Promotions API","url":"http://localhost:5137/api/health","status":"Healthy","responseTime":"23ms","statusCode":200},{"service":"SSO API","url":"http://localhost:5253/api/health","status":"Healthy","responseTime":"24ms","statusCode":200}]}
2026-02-11 12:31:28.127 +05:00 [INF] HTTP GET /api/gateway/health responded 200 in 67.2525 ms
2026-02-11 12:31:33.067 +05:00 [INF] JWT validated for haris
2026-02-11 12:31:33.171 +05:00 [INF] HTTP GET /api/gateway/health responded 200 in 104.7468 ms | User: haris (23) | IP: ::1 | RequestBody:  | ResponseBody: {"status":"Healthy","timestamp":"2026-02-11T07:31:33.1702128Z","services":[{"service":"Promotions API","url":"http://localhost:5137/api/health","status":"Healthy","responseTime":"50ms","statusCode":200},{"service":"SSO API","url":"http://localhost:5253/api/health","status":"Healthy","responseTime":"42ms","statusCode":200}]}
2026-02-11 12:31:33.197 +05:00 [INF] HTTP GET /api/gateway/health responded 200 in 130.9889 ms
2026-02-11 12:31:38.067 +05:00 [INF] JWT validated for haris
2026-02-11 12:31:38.169 +05:00 [INF] HTTP GET /api/gateway/health responded 200 in 102.4295 ms | User: haris (23) | IP: ::1 | RequestBody:  | ResponseBody: {"status":"Healthy","timestamp":"2026-02-11T07:31:38.1676767Z","services":[{"service":"Promotions API","url":"http://localhost:5137/api/health","status":"Healthy","responseTime":"33ms","statusCode":200},{"service":"SSO API","url":"http://localhost:5253/api/health","status":"Healthy","responseTime":"53ms","statusCode":200}]}
2026-02-11 12:31:38.204 +05:00 [INF] HTTP GET /api/gateway/health responded 200 in 137.3504 ms
2026-02-11 12:31:43.066 +05:00 [INF] JWT validated for haris
2026-02-11 12:31:43.169 +05:00 [INF] HTTP GET /api/gateway/health responded 200 in 103.5639 ms | User: haris (23) | IP: ::1 | RequestBody:  | ResponseBody: {"status":"Healthy","timestamp":"2026-02-11T07:31:43.1689926Z","services":[{"service":"Promotions API","url":"http://localhost:5137/api/health","status":"Healthy","responseTime":"37ms","statusCode":200},{"service":"SSO API","url":"http://localhost:5253/api/health","status":"Healthy","responseTime":"53ms","statusCode":200}]}
2026-02-11 12:31:43.193 +05:00 [INF] HTTP GET /api/gateway/health responded 200 in 127.7328 ms
2026-02-11 12:31:49.880 +05:00 [INF] JWT validated for haris
2026-02-11 12:31:49.883 +05:00 [INF] JWT validated for haris
2026-02-11 12:31:49.894 +05:00 [INF] Forwarding request POST /api/promotions/customer-relations to http://localhost:5137/api/promotions/customer-relations
2026-02-11 12:31:49.955 +05:00 [INF] HTTP GET /api/gateway/health responded 200 in 75.5651 ms | User: haris (23) | IP: ::1 | RequestBody:  | ResponseBody: {"status":"Healthy","timestamp":"2026-02-11T07:31:49.954253Z","services":[{"service":"Promotions API","url":"http://localhost:5137/api/health","status":"Healthy","responseTime":"25ms","statusCode":200},{"service":"SSO API","url":"http://localhost:5253/api/health","status":"Healthy","responseTime":"43ms","statusCode":200}]}
2026-02-11 12:31:49.972 +05:00 [INF] HTTP GET /api/gateway/health responded 200 in 92.9522 ms
2026-02-11 12:31:50.723 +05:00 [INF] Received response 200 from http://localhost:5137/api/promotions/customer-relations
2026-02-11 12:31:50.731 +05:00 [INF] HTTP POST /api/promotions/customer-relations responded 200 in 851.3057 ms | User: haris (23) | IP: ::1 | RequestBody: {"codHier":"H_300","codDiv":"DIV_300","codNode":"NODE_300","idLevel":"30","dteStart":"2026-02-10T12:31","codParentNode":"ROOT_300","dteEnd":"2026-02-28T12:31"} | ResponseBody: 
2026-02-11 12:31:50.752 +05:00 [INF] HTTP POST /api/promotions/customer-relations responded 200 in 872.6345 ms
2026-02-11 12:31:51.623 +05:00 [INF] JWT validated for haris
2026-02-11 12:31:51.638 +05:00 [INF] Forwarding request GET /api/promotions/customer-relations to http://localhost:5137/api/promotions/customer-relations
2026-02-11 12:31:51.713 +05:00 [INF] Received response 200 from http://localhost:5137/api/promotions/customer-relations
2026-02-11 12:31:51.724 +05:00 [INF] HTTP GET /api/promotions/customer-relations responded 200 in 101.0201 ms | User: haris (23) | IP: ::1 | RequestBody:  | ResponseBody: [{"idAction":0,"codHier":"5555","codDiv":"div5555","codNode":"f5555","idLevel":1,"dteStart":"2026-01-15T00:00:00","codParentNode":"root","dteEnd":null},{"idAction":0,"codHier":"56","codDiv":"565","codNode":"56","idLevel":55,"dteStart":"2026-01-29T00:44:00","codParentNode":"haseeb","dteEnd":"2026-01-26T00:44:00"},{"idAction":0,"codHier":"H_1","codDiv":"D_1","codNode":"D_1","idLevel":1,"dteStart":"2026-01-30T00:00:00","codParentNode":"ROOT","dteEnd":null},{"idAction":0,"codHier":"H_1","codDiv":"D_1","codNode":"N_1","idLevel":1,"dteStart":"2026-01-30T09:35:43.289","codParentNode":"ROOT","dteEnd":null},{"idAction":0,"codHier":"H_10","codDiv":"DIV_10","codNode":"NODE_10","idLevel":10,"dteStart":"2026-01-01T14:45:00","codParentNode":"ROOT_10","dteEnd":"2026-01-31T14:44:00"},{"idAction":0,"codHier":"H_100","codDiv":"DIV_100","codNode":"NODE_100","idLevel":10,"dteStart":"2026-02-09T13:54:00","codParentNode":"ROOT_100","dteEnd":"2026-02-10T13:54:00"},{"idAction":0,"codHier":"H_1111","codDiv":"DIV_1111","codNode":"NODE_1111","idLevel":11,"dteStart":"2026-01-01T17:00:00","codParentNode":"ROOT_1111","dteEnd":"2026-01-30T17:01:00"},{"idAction":0,"codHier":"H_12","codDiv":"DIV_12","codNode":"NODE_12","idLevel":12,"dteStart":"2026-02-03T12:26:00","codParentNode":"ROOT_12","dteEnd":"2026-02-06T12:26:00"},{"idAction":0,"codHier":"H_17","codDiv":"DIV_17","codNode":"NODE_17","idLevel":17,"dteStart":"2026-02-07T15:44:00","codParentNode":"ROOT_17","dteEnd":"2026-02-24T15:44:00"},{"idAction":0,"codHier":"H_19","codDiv":"DIV_19","codNode":"NODE_19","idLevel":19,"dteStart":"2026-02-04T13:59:00","codParentNode":"ROOT_19","dteEnd":"2026-02-05T13:59:00"},{"idAction":0,"codHier":"H_200","codDiv":"DIV_200","codNode":"NODE_200","idLevel":20,"dteStart":"2026-02-10T14:14:00","codParentNode":"ROOT_200","dteEnd":"2026-02-24T14:14:00"},{"idAction":0,"codHier":"H_21","codDiv":"DIV_21","codNode":"NODE_21","idLevel":21,"dteStart":"2026-02-05T14:01:00","codParentNode":"ROOT_21","dteEnd":"2026-02-07T14:01:00"},{"idAction":0,"codHier":"H_222","codDiv":"DIV_222","codNode":"NODE_222","idLevel":222,"dteStart":"2026-02-04T12:53:00","codParentNode":"ROOT_222","dteEnd":"2026-02-06T12:53:00"},{"idAction":0,"codHier":"H_24","codDiv":"DIV_24","codNode":"NODE_24","idLevel":24,"dteStart":"2026-02-04T12:48:00","codParentNode":"ROOT_24","dteEnd":"2026-02-05T12:48:00"},{"idAction":0,"codHier":"H_25","codDiv":"DIV_25","codNode":"NODE_25","idLevel":25,"dteStart":"2026-02-10T14:04:00","codParentNode":"ROOT_25","dteEnd":"2026-02-11T14:04:00"},{"idAction":0,"codHier":"H_3","codDiv":"DIV_3","codNode":"NODE_3","idLevel":3,"dteStart":"2026-01-01T10:45:00","codParentNode":"ROOT_3","dteEnd":"2026-01-30T10:44:00"},{"idAction":0,"codHier":"H_300","codDiv":"DIV_300","codNode":"NODE_300","idLevel":30,"dteStart":"2026-02-10T12:31:00","codParentNode":"ROOT_300","dteEnd":"2026-02-28T12:31:00"},{"idAction":0,"codHier":"H_5","codDiv":"DIV_5","codNode":"NODE_5","idLevel":5,"dteStart":"2026-01-30T10:50:00","codParentNode":"ROOT_5","dteEnd":"2026-01-31T10:48:00"},{"idAction":0,"codHier":"H_6","codDiv":"DIV_6","codNode":"NODE_6","idLevel":6,"dteStart":"2026-01-30T15:01:00","codParentNode":"ROOT_6","dteEnd":"2026-01-31T15:01:00"},{"idAction":0,"codHier":"H_656565","codDiv":"DIV_656565","codNode":"C_656565","idLevel":9,"dteStart":"2026-01-20T00:00:00","codParentNode":"ROOT","dteEnd":null},{"idAction":0,"codHier":"H_676767","codDiv":"DIV_676767","codNode":"NODE_676767","idLevel":676767,"dteStart":"2026-01-31T00:00:00","codParentNode":"ROOT","dteEnd":null},{"idAction":0,"codHier":"H_7","codDiv":"DIV_7","codNode":"NODE_7","idLevel":7,"dteStart":"2026-02-02T12:04:00","codParentNode":"ROOT_7","dteEnd":"2026-02-04T12:04:00"},{"idAction":0,"codHier":"H_87","codDiv":"DIV_87","codNode":"NODE_87","idLevel":87,"dteStart":"2026-02-06T14:07:00","codParentNode":"ROOT_87","dteEnd":"2026-02-26T14:07:00"},{"idAction":0,"codHier":"H_98","codDiv":"DIV_98","codNode":"NODE_98","idLevel":98,"dteStart":"2026-01-30T18:25:00","codParentNode":"ROOT_98","dteEnd":"2026-01-31T18:25:00"},{"idAction":0,"codHier":"H_999","codDiv":"D_5878","codNode":"N_878","idLevel":8,"dteStart":"2026-01-14T00:00:00","codParentNode":"ROOT","dteEnd":null},{"idAction":0,"codHier":"H_A","codDiv":"DIV_A","codNode":"NODE_A","idLevel":1,"dteStart":"2026-02-01T18:26:00","codParentNode":"ROOT_A","dteEnd":"2026-02-14T18:26:00"},{"idAction":0,"codHier":"H-1010","codDiv":"D-1010","codNode":"C-1010","idLevel":1,"dteStart":"2026-01-01T11:54:00","codParentNode":"root","dteEnd":"2026-01-12T11:54:00"},{"idAction":0,"codHier":"H-11","codDiv":"DIV-11","codNode":"C-11","idLevel":11,"dteStart":"2026-01-01T15:05:00","codParentNode":"ROOT","dteEnd":"2026-01-31T15:05:00"},{"idAction":0,"codHier":"H-1111","codDiv":"DIV-1111","codNode":"CUST-1111","idLevel":10,"dteStart":"2026-01-01T00:00:00","codParentNode":"ROOT","dteEnd":null},{"idAction":0,"codHier":"H-1414","codDiv":"D-1414","codNode":"C-1414","idLevel":4,"dteStart":"2026-01-01T14:45:00","codParentNode":"ROOT","dteEnd":"2026-01-15T14:45:00"},{"idAction":0,"codHier":"H-2","codDiv":"DIV-2","codNode":"CUST-2","idLevel":2,"dteStart":"2026-01-01T12:40:00","codParentNode":"ROOT","dteEnd":"2026-01-16T12:37:00"},{"idAction":0,"codHier":"H-2","codDiv":"DIV-2","codNode":"CUST-2","idLevel":2,"dteStart":"2026-01-21T12:37:00","codParentNode":"ROOT","dteEnd":"2026-01-24T12:37:00"},{"idAction":0,"codHier":"H-2020","codDiv":"D-2020","codNode":"C-2020","idLevel":2,"dteStart":"2026-01-02T12:27:00","codParentNode":"root","dteEnd":"2026-01-30T12:27:00"},{"idAction":0,"codHier":"H-2255","codDiv":"DIV-2255","codNode":"CUST-2255","idLevel":10,"dteStart":"2026-01-01T00:00:00","codParentNode":"ROOT","dteEnd":null},{"idAction":0,"codHier":"H-2323","codDiv":"D-2323","codNode":"C-2323","idLevel":4,"dteStart":"2026-01-01T12:48:00","codParentNode":"ROOT","dteEnd":"2026-01-12T12:49:00"},{"idAction":0,"codHier":"H-3333","codDiv":"DIV-3333","codNode":"CUST-3333","idLevel":10,"dteStart":"2026-01-01T00:00:00","codParentNode":"ROOT","dteEnd":null},{"idAction":0,"codHier":"H-3344","codDiv":"DIV-3345","codNode":"CUST-3345","idLevel":10,"dteStart":"2026-01-01T00:00:00","codParentNode":"ROOT","dteEnd":null},{"idAction":0,"codHier":"H-3345","codDiv":"DIV-3345","codNode":"CUST-3345","idLevel":10,"dteStart":"2026-01-01T00:00:00","codParentNode":"ROOT","dteEnd":null},{"idAction":0,"codHier":"H-4","codDiv":"DIV-4","codNode":"CUST-4","idLevel":4,"dteStart":"2026-01-01T14:44:00","codParentNode":"ROOT","dteEnd":"2026-01-02T14:44:00"},{"idAction":0,"codHier":"H-5555","codDiv":"DIV-5555","codNode":"CUST-5555","idLevel":10,"dteStart":"2026-01-01T00:00:00","codParentNode":"ROOT","dteEnd":null},{"idAction":0,"codHier":"H-6000","codDiv":"DIV-6000","codNode":"CUST-6000","idLevel":10,"dteStart":"2026-01-01T00:00:00","codParentNode":"ROOT","dteEnd":"2026-12-31T00:00:00"},{"idAction":0,"codHier":"H-6666","codDiv":"DIV-6666","codNode":"CUST-6666","idLevel":10,"dteStart":"2026-01-17T01:30:00","codParentNode":"ROOT","dteEnd":"2026-01-18T01:30:00"},{"idAction":0,"codHier":"H-6767","codDiv":"DIV-6767","codNode":"CUST-6767","idLevel":5,"dteStart":"2026-01-01T12:15:00","codParentNode":"ROOT","dteEnd":"2026-01-08T12:15:00"},{"idAction":0,"codHier":"H-7000","codDiv":"DIV-7000","codNode":"CUST-7000","idLevel":10,"dteStart":"2026-01-01T00:00:00","codParentNode":"ROOT","dteEnd":null},{"idAction":0,"codHier":"H-7777","codDiv":"DIV-7777","codNode":"CUST-7777","idLevel":10,"dteStart":"2026-01-01T00:00:00","codParentNode":"ROOT","dteEnd":null},{"idAction":0,"codHier":"H-7878","codDiv":"DIV-7878","codNode":"CUST-7878","idLevel":3,"dteStart":"2026-01-18T11:43:00","codParentNode":"ROOT","dteEnd":"2026-01-19T11:43:00"},{"idAction":0,"codHier":"H-8000","codDiv":"DIV-8000","codNode":"CUST-8000","idLevel":10,"dteStart":"2026-01-01T00:00:00","codParentNode":"ROOT","dteEnd":null},{"idAction":0,"codHier":"H-8888","codDiv":"DIV-8888","codNode":"CUST-8888","idLevel":10,"dteStart":"2026-01-01T00:00:00","codParentNode":"ROOT","dteEnd":null},{"idAction":0,"codHier":"H-9000","codDiv":"DIV-9000","codNode":"CUST-9000","idLevel":10,"dteStart":"2026-01-01T00:00:00","codParentNode":"ROOT","dteEnd":null},{"idAction":0,"codHier":"H-9999","codDiv":"DIV-9999","codNode":"CUST-9999","idLevel":10,"dteStart":"2026-01-01T00:00:00","codParentNode":"ROOT","dteEnd":null},{"idAction":0,"codHier":"HIER_CORP","codDiv":"DIV01","codNode":"NODE_9111","idLevel":1,"dteStart":"2026-01-15T00:00:00","codParentNode":"ROOT_NODE","dteEnd":null}]
2026-02-11 12:31:51.753 +05:00 [INF] HTTP GET /api/promotions/customer-relations responded 200 in 130.4295 ms
2026-02-11 12:31:53.060 +05:00 [INF] JWT validated for haris
2026-02-11 12:31:53.159 +05:00 [INF] HTTP GET /api/gateway/health responded 200 in 99.5656 ms | User: haris (23) | IP: ::1 | RequestBody:  | ResponseBody: {"status":"Healthy","timestamp":"2026-02-11T07:31:53.1568801Z","services":[{"service":"Promotions API","url":"http://localhost:5137/api/health","status":"Healthy","responseTime":"51ms","statusCode":200},{"service":"SSO API","url":"http://localhost:5253/api/health","status":"Healthy","responseTime":"39ms","statusCode":200}]}
2026-02-11 12:31:53.179 +05:00 [INF] HTTP GET /api/gateway/health responded 200 in 119.8771 ms
2026-02-11 12:31:53.732 +05:00 [INF] JWT validated for haris
2026-02-11 12:31:53.738 +05:00 [INF] Forwarding request GET /api/promotions/actions to http://localhost:5137/api/promotions/actions
2026-02-11 12:31:53.743 +05:00 [INF] JWT validated for haris
2026-02-11 12:31:53.757 +05:00 [INF] Forwarding request GET /api/promotions/customer-relations to http://localhost:5137/api/promotions/customer-relations
2026-02-11 12:31:53.849 +05:00 [INF] Received response 200 from http://localhost:5137/api/promotions/actions
2026-02-11 12:31:53.856 +05:00 [INF] Received response 200 from http://localhost:5137/api/promotions/customer-relations
2026-02-11 12:31:53.859 +05:00 [INF] HTTP GET /api/promotions/actions responded 200 in 127.9332 ms | User: haris (23) | IP: ::1 | RequestBody:  | ResponseBody: [{"idAction":3,"name":"PROMO_3","codDiv":"DIV_3","dteStartSellIn":"2026-02-01T00:00:00","dteEndSellIn":"2026-02-28T00:00:00","dteStartSellOut":"2026-01-25T00:00:00","dteEndSellOut":"2026-01-30T00:00:00","documentKey":"KEY_3","dteToShost":"2026-01-10T00:00:00","levParticipants":3},{"idAction":5,"name":"PROMO_5_5","codDiv":"DIV_5","dteStartSellIn":"2026-02-24T00:00:00","dteEndSellIn":"2026-02-21T00:00:00","dteStartSellOut":"2026-02-24T00:00:00","dteEndSellOut":"2026-02-27T00:00:00","documentKey":"DOC_KEY_is_5","dteToShost":"2026-01-18T00:00:00","levParticipants":55555555},{"idAction":6,"name":"PROMO_6","codDiv":"DIV_6","dteStartSellIn":"2026-02-01T00:00:00","dteEndSellIn":"2026-02-25T00:00:00","dteStartSellOut":"2026-01-15T00:00:00","dteEndSellOut":"2026-01-24T00:00:00","documentKey":"DOCC_6_KEY","dteToShost":"2026-01-15T00:00:00","levParticipants":6},{"idAction":7,"name":"PROMO_7","codDiv":"DIV_7","dteStartSellIn":"2026-02-06T12:05:00","dteEndSellIn":"2026-02-07T12:05:00","dteStartSellOut":"2026-02-08T12:05:00","dteEndSellOut":"2026-02-09T12:05:00","documentKey":"KEY_7","dteToShost":"2026-02-05T12:04:00","levParticipants":7},{"idAction":10,"name":"PROMO_10","codDiv":"DIV_10","dteStartSellIn":"2026-02-01T00:00:00","dteEndSellIn":"2026-02-26T00:00:00","dteStartSellOut":"2026-01-23T00:00:00","dteEndSellOut":"2026-01-24T00:00:00","documentKey":"DOCC_KEY_10","dteToShost":"2026-01-29T00:00:00","levParticipants":10},{"idAction":12,"name":"PROMO_12","codDiv":"DIV_12","dteStartSellIn":"2026-02-06T12:27:00","dteEndSellIn":"2026-02-07T12:27:00","dteStartSellOut":"2026-02-08T12:27:00","dteEndSellOut":"2026-02-09T12:27:00","documentKey":"KEY_12","dteToShost":"2026-02-03T12:26:00","levParticipants":12},{"idAction":24,"name":"PROMO_24","codDiv":"DIV_24","dteStartSellIn":"2026-02-05T12:48:00","dteEndSellIn":"2026-02-06T12:48:00","dteStartSellOut":"2026-02-07T12:48:00","dteEndSellOut":"2026-02-08T12:48:00","documentKey":"KEY_24","dteToShost":"2026-02-03T12:48:00","levParticipants":24},{"idAction":45,"name":"cccc","codDiv":"DIV01","dteStartSellIn":"2026-01-16T00:00:00","dteEndSellIn":"2026-01-17T00:00:00","dteStartSellOut":"2026-01-16T00:00:00","dteEndSellOut":"2026-01-17T00:00:00","documentKey":null,"dteToShost":null,"levParticipants":2},{"idAction":87,"name":"promo_87","codDiv":"DIV_87","dteStartSellIn":"2026-02-07T14:44:00","dteEndSellIn":"2026-02-10T14:44:00","dteStartSellOut":"2026-02-22T14:44:00","dteEndSellOut":"2026-02-26T14:44:00","documentKey":"KEY_87","dteToShost":"2026-02-03T14:44:00","levParticipants":87},{"idAction":98,"name":"PROMO_98","codDiv":"DIV_98","dteStartSellIn":"2026-01-08T18:25:00","dteEndSellIn":"2026-01-17T18:25:00","dteStartSellOut":"2026-01-28T18:25:00","dteEndSellOut":"2026-01-30T18:25:00","documentKey":"DOCC_98","dteToShost":"2026-01-31T18:25:00","levParticipants":98},{"idAction":100,"name":"PROMO_100","codDiv":"DIV_100","dteStartSellIn":"2026-02-11T14:08:00","dteEndSellIn":"2026-02-14T14:08:00","dteStartSellOut":"2026-02-22T14:08:00","dteEndSellOut":"2026-02-27T14:08:00","documentKey":"KEY_100","dteToShost":"2026-02-10T14:08:00","levParticipants":10},{"idAction":200,"name":"PROMO_200","codDiv":"DIV_200","dteStartSellIn":"2026-02-10T14:15:00","dteEndSellIn":"2026-02-28T14:15:00","dteStartSellOut":"2026-02-11T14:15:00","dteEndSellOut":"2026-02-23T14:15:00","documentKey":"KEY_200","dteToShost":"2026-02-14T14:14:00","levParticipants":20},{"idAction":321,"name":"PROMO_321","codDiv":"DIV_A","dteStartSellIn":"2026-02-01T18:27:00","dteEndSellIn":"2026-02-28T18:27:00","dteStartSellOut":"2026-02-04T18:27:00","dteEndSellOut":"2026-02-23T18:27:00","documentKey":"KEY_A","dteToShost":"2026-02-03T18:27:00","levParticipants":1},{"idAction":1111,"name":"PROMO_1111","codDiv":"DIV_1111","dteStartSellIn":"2026-01-01T17:00:00","dteEndSellIn":"2026-01-30T17:02:00","dteStartSellOut":"2026-01-17T17:02:00","dteEndSellOut":"2026-01-28T17:02:00","documentKey":"1111_DOCC_KEY","dteToShost":"2026-01-13T17:02:00","levParticipants":11},{"idAction":2020,"name":"Spring Special 2020","codDiv":"D-2020","dteStartSellIn":"2026-01-03T12:28:00","dteEndSellIn":"2026-01-04T12:28:00","dteStartSellOut":"2026-01-05T12:28:00","dteEndSellOut":"2026-01-06T12:28:00","documentKey":"DOC-SPRING-2020","dteToShost":"2026-01-02T12:28:00","levParticipants":1},{"idAction":2222,"name":"haseeb","codDiv":"DIV02","dteStartSellIn":"2026-02-01T00:00:00","dteEndSellIn":"2026-01-11T00:00:00","dteStartSellOut":"2026-01-28T00:00:00","dteEndSellOut":"2026-01-30T00:00:00","documentKey":"","dteToShost":null,"levParticipants":2},{"idAction":2323,"name":"Winter Sale Campaign 2323","codDiv":"D-2323","dteStartSellIn":"2026-01-19T14:39:00","dteEndSellIn":"2026-01-20T14:40:00","dteStartSellOut":"2026-01-21T14:40:00","dteEndSellOut":"2026-01-22T14:40:00","documentKey":"DOC-WINTER-2323","dteToShost":"2026-01-30T14:39:00","levParticipants":1},{"idAction":5005,"name":"bbb","codDiv":"DIV5005","dteStartSellIn":"2026-01-23T00:00:00","dteEndSellIn":"2026-01-30T00:00:00","dteStartSellOut":"2026-01-26T00:00:00","dteEndSellOut":"2026-01-18T00:00:00","documentKey":"555553","dteToShost":"2026-01-19T00:00:00","levParticipants":14},{"idAction":6000,"name":"Zero Redundancy Campaign 6000","codDiv":"DIV-6000","dteStartSellIn":"2026-02-01T00:00:00","dteEndSellIn":"2026-02-24T00:00:00","dteStartSellOut":"2026-02-01T00:00:00","dteEndSellOut":"2026-02-28T00:00:00","documentKey":"DOC-6000","dteToShost":"2026-01-05T00:00:00","levParticipants":1},{"idAction":6767,"name":"XTEL Launch Promo 6767","codDiv":"DIV-6767","dteStartSellIn":"2026-02-01T00:00:00","dteEndSellIn":"2026-02-28T00:00:00","dteStartSellOut":"2026-01-22T00:00:00","dteEndSellOut":"2026-01-23T00:00:00","documentKey":"DOC-XTEL-6767","dteToShost":"2026-01-03T00:00:00","levParticipants":1},{"idAction":7000,"name":"Atomic Campaign 7000","codDiv":"DIV-7000","dteStartSellIn":"2026-01-01T00:00:00","dteEndSellIn":"2026-01-31T00:00:00","dteStartSellOut":"2026-02-01T00:00:00","dteEndSellOut":"2026-02-28T00:00:00","documentKey":"DOC-7000","dteToShost":null,"levParticipants":1},{"idAction":8888,"name":"Atomic Campaign 8888 Complete","codDiv":"DIV-8888","dteStartSellIn":"2026-01-01T00:00:00","dteEndSellIn":"2026-01-31T00:00:00","dteStartSellOut":"2026-02-01T00:00:00","dteEndSellOut":"2026-02-28T00:00:00","documentKey":"DOC-8888","dteToShost":null,"levParticipants":1},{"idAction":9000,"name":"Balanced Atomic Campaign 9000","codDiv":"DIV-9000","dteStartSellIn":"2026-01-01T00:00:00","dteEndSellIn":"2026-01-31T00:00:00","dteStartSellOut":"2026-02-01T00:00:00","dteEndSellOut":"2026-02-28T00:00:00","documentKey":"DOC-9000","dteToShost":null,"levParticipants":1},{"idAction":9999,"name":"I should not exist in DB","codDiv":"DIV-9999","dteStartSellIn":"2026-01-01T00:00:00","dteEndSellIn":"2026-01-31T00:00:00","dteStartSellOut":"2026-02-01T00:00:00","dteEndSellOut":"2026-02-28T00:00:00","documentKey":"DOC-9999","dteToShost":null,"levParticipants":1}]
2026-02-11 12:31:53.867 +05:00 [INF] HTTP GET /api/promotions/customer-relations responded 200 in 124.5238 ms | User: haris (23) | IP: ::1 | RequestBody:  | ResponseBody: [{"idAction":0,"codHier":"5555","codDiv":"div5555","codNode":"f5555","idLevel":1,"dteStart":"2026-01-15T00:00:00","codParentNode":"root","dteEnd":null},{"idAction":0,"codHier":"56","codDiv":"565","codNode":"56","idLevel":55,"dteStart":"2026-01-29T00:44:00","codParentNode":"haseeb","dteEnd":"2026-01-26T00:44:00"},{"idAction":0,"codHier":"H_1","codDiv":"D_1","codNode":"D_1","idLevel":1,"dteStart":"2026-01-30T00:00:00","codParentNode":"ROOT","dteEnd":null},{"idAction":0,"codHier":"H_1","codDiv":"D_1","codNode":"N_1","idLevel":1,"dteStart":"2026-01-30T09:35:43.289","codParentNode":"ROOT","dteEnd":null},{"idAction":0,"codHier":"H_10","codDiv":"DIV_10","codNode":"NODE_10","idLevel":10,"dteStart":"2026-01-01T14:45:00","codParentNode":"ROOT_10","dteEnd":"2026-01-31T14:44:00"},{"idAction":0,"codHier":"H_100","codDiv":"DIV_100","codNode":"NODE_100","idLevel":10,"dteStart":"2026-02-09T13:54:00","codParentNode":"ROOT_100","dteEnd":"2026-02-10T13:54:00"},{"idAction":0,"codHier":"H_1111","codDiv":"DIV_1111","codNode":"NODE_1111","idLevel":11,"dteStart":"2026-01-01T17:00:00","codParentNode":"ROOT_1111","dteEnd":"2026-01-30T17:01:00"},{"idAction":0,"codHier":"H_12","codDiv":"DIV_12","codNode":"NODE_12","idLevel":12,"dteStart":"2026-02-03T12:26:00","codParentNode":"ROOT_12","dteEnd":"2026-02-06T12:26:00"},{"idAction":0,"codHier":"H_17","codDiv":"DIV_17","codNode":"NODE_17","idLevel":17,"dteStart":"2026-02-07T15:44:00","codParentNode":"ROOT_17","dteEnd":"2026-02-24T15:44:00"},{"idAction":0,"codHier":"H_19","codDiv":"DIV_19","codNode":"NODE_19","idLevel":19,"dteStart":"2026-02-04T13:59:00","codParentNode":"ROOT_19","dteEnd":"2026-02-05T13:59:00"},{"idAction":0,"codHier":"H_200","codDiv":"DIV_200","codNode":"NODE_200","idLevel":20,"dteStart":"2026-02-10T14:14:00","codParentNode":"ROOT_200","dteEnd":"2026-02-24T14:14:00"},{"idAction":0,"codHier":"H_21","codDiv":"DIV_21","codNode":"NODE_21","idLevel":21,"dteStart":"2026-02-05T14:01:00","codParentNode":"ROOT_21","dteEnd":"2026-02-07T14:01:00"},{"idAction":0,"codHier":"H_222","codDiv":"DIV_222","codNode":"NODE_222","idLevel":222,"dteStart":"2026-02-04T12:53:00","codParentNode":"ROOT_222","dteEnd":"2026-02-06T12:53:00"},{"idAction":0,"codHier":"H_24","codDiv":"DIV_24","codNode":"NODE_24","idLevel":24,"dteStart":"2026-02-04T12:48:00","codParentNode":"ROOT_24","dteEnd":"2026-02-05T12:48:00"},{"idAction":0,"codHier":"H_25","codDiv":"DIV_25","codNode":"NODE_25","idLevel":25,"dteStart":"2026-02-10T14:04:00","codParentNode":"ROOT_25","dteEnd":"2026-02-11T14:04:00"},{"idAction":0,"codHier":"H_3","codDiv":"DIV_3","codNode":"NODE_3","idLevel":3,"dteStart":"2026-01-01T10:45:00","codParentNode":"ROOT_3","dteEnd":"2026-01-30T10:44:00"},{"idAction":0,"codHier":"H_300","codDiv":"DIV_300","codNode":"NODE_300","idLevel":30,"dteStart":"2026-02-10T12:31:00","codParentNode":"ROOT_300","dteEnd":"2026-02-28T12:31:00"},{"idAction":0,"codHier":"H_5","codDiv":"DIV_5","codNode":"NODE_5","idLevel":5,"dteStart":"2026-01-30T10:50:00","codParentNode":"ROOT_5","dteEnd":"2026-01-31T10:48:00"},{"idAction":0,"codHier":"H_6","codDiv":"DIV_6","codNode":"NODE_6","idLevel":6,"dteStart":"2026-01-30T15:01:00","codParentNode":"ROOT_6","dteEnd":"2026-01-31T15:01:00"},{"idAction":0,"codHier":"H_656565","codDiv":"DIV_656565","codNode":"C_656565","idLevel":9,"dteStart":"2026-01-20T00:00:00","codParentNode":"ROOT","dteEnd":null},{"idAction":0,"codHier":"H_676767","codDiv":"DIV_676767","codNode":"NODE_676767","idLevel":676767,"dteStart":"2026-01-31T00:00:00","codParentNode":"ROOT","dteEnd":null},{"idAction":0,"codHier":"H_7","codDiv":"DIV_7","codNode":"NODE_7","idLevel":7,"dteStart":"2026-02-02T12:04:00","codParentNode":"ROOT_7","dteEnd":"2026-02-04T12:04:00"},{"idAction":0,"codHier":"H_87","codDiv":"DIV_87","codNode":"NODE_87","idLevel":87,"dteStart":"2026-02-06T14:07:00","codParentNode":"ROOT_87","dteEnd":"2026-02-26T14:07:00"},{"idAction":0,"codHier":"H_98","codDiv":"DIV_98","codNode":"NODE_98","idLevel":98,"dteStart":"2026-01-30T18:25:00","codParentNode":"ROOT_98","dteEnd":"2026-01-31T18:25:00"},{"idAction":0,"codHier":"H_999","codDiv":"D_5878","codNode":"N_878","idLevel":8,"dteStart":"2026-01-14T00:00:00","codParentNode":"ROOT","dteEnd":null},{"idAction":0,"codHier":"H_A","codDiv":"DIV_A","codNode":"NODE_A","idLevel":1,"dteStart":"2026-02-01T18:26:00","codParentNode":"ROOT_A","dteEnd":"2026-02-14T18:26:00"},{"idAction":0,"codHier":"H-1010","codDiv":"D-1010","codNode":"C-1010","idLevel":1,"dteStart":"2026-01-01T11:54:00","codParentNode":"root","dteEnd":"2026-01-12T11:54:00"},{"idAction":0,"codHier":"H-11","codDiv":"DIV-11","codNode":"C-11","idLevel":11,"dteStart":"2026-01-01T15:05:00","codParentNode":"ROOT","dteEnd":"2026-01-31T15:05:00"},{"idAction":0,"codHier":"H-1111","codDiv":"DIV-1111","codNode":"CUST-1111","idLevel":10,"dteStart":"2026-01-01T00:00:00","codParentNode":"ROOT","dteEnd":null},{"idAction":0,"codHier":"H-1414","codDiv":"D-1414","codNode":"C-1414","idLevel":4,"dteStart":"2026-01-01T14:45:00","codParentNode":"ROOT","dteEnd":"2026-01-15T14:45:00"},{"idAction":0,"codHier":"H-2","codDiv":"DIV-2","codNode":"CUST-2","idLevel":2,"dteStart":"2026-01-01T12:40:00","codParentNode":"ROOT","dteEnd":"2026-01-16T12:37:00"},{"idAction":0,"codHier":"H-2","codDiv":"DIV-2","codNode":"CUST-2","idLevel":2,"dteStart":"2026-01-21T12:37:00","codParentNode":"ROOT","dteEnd":"2026-01-24T12:37:00"},{"idAction":0,"codHier":"H-2020","codDiv":"D-2020","codNode":"C-2020","idLevel":2,"dteStart":"2026-01-02T12:27:00","codParentNode":"root","dteEnd":"2026-01-30T12:27:00"},{"idAction":0,"codHier":"H-2255","codDiv":"DIV-2255","codNode":"CUST-2255","idLevel":10,"dteStart":"2026-01-01T00:00:00","codParentNode":"ROOT","dteEnd":null},{"idAction":0,"codHier":"H-2323","codDiv":"D-2323","codNode":"C-2323","idLevel":4,"dteStart":"2026-01-01T12:48:00","codParentNode":"ROOT","dteEnd":"2026-01-12T12:49:00"},{"idAction":0,"codHier":"H-3333","codDiv":"DIV-3333","codNode":"CUST-3333","idLevel":10,"dteStart":"2026-01-01T00:00:00","codParentNode":"ROOT","dteEnd":null},{"idAction":0,"codHier":"H-3344","codDiv":"DIV-3345","codNode":"CUST-3345","idLevel":10,"dteStart":"2026-01-01T00:00:00","codParentNode":"ROOT","dteEnd":null},{"idAction":0,"codHier":"H-3345","codDiv":"DIV-3345","codNode":"CUST-3345","idLevel":10,"dteStart":"2026-01-01T00:00:00","codParentNode":"ROOT","dteEnd":null},{"idAction":0,"codHier":"H-4","codDiv":"DIV-4","codNode":"CUST-4","idLevel":4,"dteStart":"2026-01-01T14:44:00","codParentNode":"ROOT","dteEnd":"2026-01-02T14:44:00"},{"idAction":0,"codHier":"H-5555","codDiv":"DIV-5555","codNode":"CUST-5555","idLevel":10,"dteStart":"2026-01-01T00:00:00","codParentNode":"ROOT","dteEnd":null},{"idAction":0,"codHier":"H-6000","codDiv":"DIV-6000","codNode":"CUST-6000","idLevel":10,"dteStart":"2026-01-01T00:00:00","codParentNode":"ROOT","dteEnd":"2026-12-31T00:00:00"},{"idAction":0,"codHier":"H-6666","codDiv":"DIV-6666","codNode":"CUST-6666","idLevel":10,"dteStart":"2026-01-17T01:30:00","codParentNode":"ROOT","dteEnd":"2026-01-18T01:30:00"},{"idAction":0,"codHier":"H-6767","codDiv":"DIV-6767","codNode":"CUST-6767","idLevel":5,"dteStart":"2026-01-01T12:15:00","codParentNode":"ROOT","dteEnd":"2026-01-08T12:15:00"},{"idAction":0,"codHier":"H-7000","codDiv":"DIV-7000","codNode":"CUST-7000","idLevel":10,"dteStart":"2026-01-01T00:00:00","codParentNode":"ROOT","dteEnd":null},{"idAction":0,"codHier":"H-7777","codDiv":"DIV-7777","codNode":"CUST-7777","idLevel":10,"dteStart":"2026-01-01T00:00:00","codParentNode":"ROOT","dteEnd":null},{"idAction":0,"codHier":"H-7878","codDiv":"DIV-7878","codNode":"CUST-7878","idLevel":3,"dteStart":"2026-01-18T11:43:00","codParentNode":"ROOT","dteEnd":"2026-01-19T11:43:00"},{"idAction":0,"codHier":"H-8000","codDiv":"DIV-8000","codNode":"CUST-8000","idLevel":10,"dteStart":"2026-01-01T00:00:00","codParentNode":"ROOT","dteEnd":null},{"idAction":0,"codHier":"H-8888","codDiv":"DIV-8888","codNode":"CUST-8888","idLevel":10,"dteStart":"2026-01-01T00:00:00","codParentNode":"ROOT","dteEnd":null},{"idAction":0,"codHier":"H-9000","codDiv":"DIV-9000","codNode":"CUST-9000","idLevel":10,"dteStart":"2026-01-01T00:00:00","codParentNode":"ROOT","dteEnd":null},{"idAction":0,"codHier":"H-9999","codDiv":"DIV-9999","codNode":"CUST-9999","idLevel":10,"dteStart":"2026-01-01T00:00:00","codParentNode":"ROOT","dteEnd":null},{"idAction":0,"codHier":"HIER_CORP","codDiv":"DIV01","codNode":"NODE_9111","idLevel":1,"dteStart":"2026-01-15T00:00:00","codParentNode":"ROOT_NODE","dteEnd":null}]
2026-02-11 12:31:53.893 +05:00 [INF] HTTP GET /api/promotions/actions responded 200 in 161.8534 ms
2026-02-11 12:31:53.904 +05:00 [INF] HTTP GET /api/promotions/customer-relations responded 200 in 161.9684 ms
2026-02-11 12:31:53.910 +05:00 [INF] JWT validated for haris
2026-02-11 12:31:53.920 +05:00 [INF] JWT validated for haris
2026-02-11 12:31:53.942 +05:00 [INF] Forwarding request GET /api/promotions/actions to http://localhost:5137/api/promotions/actions
2026-02-11 12:31:53.943 +05:00 [INF] Forwarding request GET /api/promotions/customer-relations to http://localhost:5137/api/promotions/customer-relations
2026-02-11 12:31:53.971 +05:00 [INF] JWT validated for haris
2026-02-11 12:31:54.005 +05:00 [INF] Forwarding request GET /api/participants/all to http://localhost:5137/api/participants/all
2026-02-11 12:31:54.089 +05:00 [INF] Received response 200 from http://localhost:5137/api/promotions/actions
2026-02-11 12:31:54.116 +05:00 [INF] HTTP GET /api/promotions/actions responded 200 in 206.6998 ms | User: haris (23) | IP: ::1 | RequestBody:  | ResponseBody: [{"idAction":3,"name":"PROMO_3","codDiv":"DIV_3","dteStartSellIn":"2026-02-01T00:00:00","dteEndSellIn":"2026-02-28T00:00:00","dteStartSellOut":"2026-01-25T00:00:00","dteEndSellOut":"2026-01-30T00:00:00","documentKey":"KEY_3","dteToShost":"2026-01-10T00:00:00","levParticipants":3},{"idAction":5,"name":"PROMO_5_5","codDiv":"DIV_5","dteStartSellIn":"2026-02-24T00:00:00","dteEndSellIn":"2026-02-21T00:00:00","dteStartSellOut":"2026-02-24T00:00:00","dteEndSellOut":"2026-02-27T00:00:00","documentKey":"DOC_KEY_is_5","dteToShost":"2026-01-18T00:00:00","levParticipants":55555555},{"idAction":6,"name":"PROMO_6","codDiv":"DIV_6","dteStartSellIn":"2026-02-01T00:00:00","dteEndSellIn":"2026-02-25T00:00:00","dteStartSellOut":"2026-01-15T00:00:00","dteEndSellOut":"2026-01-24T00:00:00","documentKey":"DOCC_6_KEY","dteToShost":"2026-01-15T00:00:00","levParticipants":6},{"idAction":7,"name":"PROMO_7","codDiv":"DIV_7","dteStartSellIn":"2026-02-06T12:05:00","dteEndSellIn":"2026-02-07T12:05:00","dteStartSellOut":"2026-02-08T12:05:00","dteEndSellOut":"2026-02-09T12:05:00","documentKey":"KEY_7","dteToShost":"2026-02-05T12:04:00","levParticipants":7},{"idAction":10,"name":"PROMO_10","codDiv":"DIV_10","dteStartSellIn":"2026-02-01T00:00:00","dteEndSellIn":"2026-02-26T00:00:00","dteStartSellOut":"2026-01-23T00:00:00","dteEndSellOut":"2026-01-24T00:00:00","documentKey":"DOCC_KEY_10","dteToShost":"2026-01-29T00:00:00","levParticipants":10},{"idAction":12,"name":"PROMO_12","codDiv":"DIV_12","dteStartSellIn":"2026-02-06T12:27:00","dteEndSellIn":"2026-02-07T12:27:00","dteStartSellOut":"2026-02-08T12:27:00","dteEndSellOut":"2026-02-09T12:27:00","documentKey":"KEY_12","dteToShost":"2026-02-03T12:26:00","levParticipants":12},{"idAction":24,"name":"PROMO_24","codDiv":"DIV_24","dteStartSellIn":"2026-02-05T12:48:00","dteEndSellIn":"2026-02-06T12:48:00","dteStartSellOut":"2026-02-07T12:48:00","dteEndSellOut":"2026-02-08T12:48:00","documentKey":"KEY_24","dteToShost":"2026-02-03T12:48:00","levParticipants":24},{"idAction":45,"name":"cccc","codDiv":"DIV01","dteStartSellIn":"2026-01-16T00:00:00","dteEndSellIn":"2026-01-17T00:00:00","dteStartSellOut":"2026-01-16T00:00:00","dteEndSellOut":"2026-01-17T00:00:00","documentKey":null,"dteToShost":null,"levParticipants":2},{"idAction":87,"name":"promo_87","codDiv":"DIV_87","dteStartSellIn":"2026-02-07T14:44:00","dteEndSellIn":"2026-02-10T14:44:00","dteStartSellOut":"2026-02-22T14:44:00","dteEndSellOut":"2026-02-26T14:44:00","documentKey":"KEY_87","dteToShost":"2026-02-03T14:44:00","levParticipants":87},{"idAction":98,"name":"PROMO_98","codDiv":"DIV_98","dteStartSellIn":"2026-01-08T18:25:00","dteEndSellIn":"2026-01-17T18:25:00","dteStartSellOut":"2026-01-28T18:25:00","dteEndSellOut":"2026-01-30T18:25:00","documentKey":"DOCC_98","dteToShost":"2026-01-31T18:25:00","levParticipants":98},{"idAction":100,"name":"PROMO_100","codDiv":"DIV_100","dteStartSellIn":"2026-02-11T14:08:00","dteEndSellIn":"2026-02-14T14:08:00","dteStartSellOut":"2026-02-22T14:08:00","dteEndSellOut":"2026-02-27T14:08:00","documentKey":"KEY_100","dteToShost":"2026-02-10T14:08:00","levParticipants":10},{"idAction":200,"name":"PROMO_200","codDiv":"DIV_200","dteStartSellIn":"2026-02-10T14:15:00","dteEndSellIn":"2026-02-28T14:15:00","dteStartSellOut":"2026-02-11T14:15:00","dteEndSellOut":"2026-02-23T14:15:00","documentKey":"KEY_200","dteToShost":"2026-02-14T14:14:00","levParticipants":20},{"idAction":321,"name":"PROMO_321","codDiv":"DIV_A","dteStartSellIn":"2026-02-01T18:27:00","dteEndSellIn":"2026-02-28T18:27:00","dteStartSellOut":"2026-02-04T18:27:00","dteEndSellOut":"2026-02-23T18:27:00","documentKey":"KEY_A","dteToShost":"2026-02-03T18:27:00","levParticipants":1},{"idAction":1111,"name":"PROMO_1111","codDiv":"DIV_1111","dteStartSellIn":"2026-01-01T17:00:00","dteEndSellIn":"2026-01-30T17:02:00","dteStartSellOut":"2026-01-17T17:02:00","dteEndSellOut":"2026-01-28T17:02:00","documentKey":"1111_DOCC_KEY","dteToShost":"2026-01-13T17:02:00","levParticipants":11},{"idAction":2020,"name":"Spring Special 2020","codDiv":"D-2020","dteStartSellIn":"2026-01-03T12:28:00","dteEndSellIn":"2026-01-04T12:28:00","dteStartSellOut":"2026-01-05T12:28:00","dteEndSellOut":"2026-01-06T12:28:00","documentKey":"DOC-SPRING-2020","dteToShost":"2026-01-02T12:28:00","levParticipants":1},{"idAction":2222,"name":"haseeb","codDiv":"DIV02","dteStartSellIn":"2026-02-01T00:00:00","dteEndSellIn":"2026-01-11T00:00:00","dteStartSellOut":"2026-01-28T00:00:00","dteEndSellOut":"2026-01-30T00:00:00","documentKey":"","dteToShost":null,"levParticipants":2},{"idAction":2323,"name":"Winter Sale Campaign 2323","codDiv":"D-2323","dteStartSellIn":"2026-01-19T14:39:00","dteEndSellIn":"2026-01-20T14:40:00","dteStartSellOut":"2026-01-21T14:40:00","dteEndSellOut":"2026-01-22T14:40:00","documentKey":"DOC-WINTER-2323","dteToShost":"2026-01-30T14:39:00","levParticipants":1},{"idAction":5005,"name":"bbb","codDiv":"DIV5005","dteStartSellIn":"2026-01-23T00:00:00","dteEndSellIn":"2026-01-30T00:00:00","dteStartSellOut":"2026-01-26T00:00:00","dteEndSellOut":"2026-01-18T00:00:00","documentKey":"555553","dteToShost":"2026-01-19T00:00:00","levParticipants":14},{"idAction":6000,"name":"Zero Redundancy Campaign 6000","codDiv":"DIV-6000","dteStartSellIn":"2026-02-01T00:00:00","dteEndSellIn":"2026-02-24T00:00:00","dteStartSellOut":"2026-02-01T00:00:00","dteEndSellOut":"2026-02-28T00:00:00","documentKey":"DOC-6000","dteToShost":"2026-01-05T00:00:00","levParticipants":1},{"idAction":6767,"name":"XTEL Launch Promo 6767","codDiv":"DIV-6767","dteStartSellIn":"2026-02-01T00:00:00","dteEndSellIn":"2026-02-28T00:00:00","dteStartSellOut":"2026-01-22T00:00:00","dteEndSellOut":"2026-01-23T00:00:00","documentKey":"DOC-XTEL-6767","dteToShost":"2026-01-03T00:00:00","levParticipants":1},{"idAction":7000,"name":"Atomic Campaign 7000","codDiv":"DIV-7000","dteStartSellIn":"2026-01-01T00:00:00","dteEndSellIn":"2026-01-31T00:00:00","dteStartSellOut":"2026-02-01T00:00:00","dteEndSellOut":"2026-02-28T00:00:00","documentKey":"DOC-7000","dteToShost":null,"levParticipants":1},{"idAction":8888,"name":"Atomic Campaign 8888 Complete","codDiv":"DIV-8888","dteStartSellIn":"2026-01-01T00:00:00","dteEndSellIn":"2026-01-31T00:00:00","dteStartSellOut":"2026-02-01T00:00:00","dteEndSellOut":"2026-02-28T00:00:00","documentKey":"DOC-8888","dteToShost":null,"levParticipants":1},{"idAction":9000,"name":"Balanced Atomic Campaign 9000","codDiv":"DIV-9000","dteStartSellIn":"2026-01-01T00:00:00","dteEndSellIn":"2026-01-31T00:00:00","dteStartSellOut":"2026-02-01T00:00:00","dteEndSellOut":"2026-02-28T00:00:00","documentKey":"DOC-9000","dteToShost":null,"levParticipants":1},{"idAction":9999,"name":"I should not exist in DB","codDiv":"DIV-9999","dteStartSellIn":"2026-01-01T00:00:00","dteEndSellIn":"2026-01-31T00:00:00","dteStartSellOut":"2026-02-01T00:00:00","dteEndSellOut":"2026-02-28T00:00:00","documentKey":"DOC-9999","dteToShost":null,"levParticipants":1}]
2026-02-11 12:31:54.142 +05:00 [INF] Received response 200 from http://localhost:5137/api/promotions/customer-relations
2026-02-11 12:31:54.151 +05:00 [INF] HTTP GET /api/promotions/actions responded 200 in 241.3714 ms
2026-02-11 12:31:54.155 +05:00 [INF] Received response 200 from http://localhost:5137/api/participants/all
2026-02-11 12:31:54.157 +05:00 [INF] HTTP GET /api/promotions/customer-relations responded 200 in 238.5824 ms | User: haris (23) | IP: ::1 | RequestBody:  | ResponseBody: [{"idAction":0,"codHier":"5555","codDiv":"div5555","codNode":"f5555","idLevel":1,"dteStart":"2026-01-15T00:00:00","codParentNode":"root","dteEnd":null},{"idAction":0,"codHier":"56","codDiv":"565","codNode":"56","idLevel":55,"dteStart":"2026-01-29T00:44:00","codParentNode":"haseeb","dteEnd":"2026-01-26T00:44:00"},{"idAction":0,"codHier":"H_1","codDiv":"D_1","codNode":"D_1","idLevel":1,"dteStart":"2026-01-30T00:00:00","codParentNode":"ROOT","dteEnd":null},{"idAction":0,"codHier":"H_1","codDiv":"D_1","codNode":"N_1","idLevel":1,"dteStart":"2026-01-30T09:35:43.289","codParentNode":"ROOT","dteEnd":null},{"idAction":0,"codHier":"H_10","codDiv":"DIV_10","codNode":"NODE_10","idLevel":10,"dteStart":"2026-01-01T14:45:00","codParentNode":"ROOT_10","dteEnd":"2026-01-31T14:44:00"},{"idAction":0,"codHier":"H_100","codDiv":"DIV_100","codNode":"NODE_100","idLevel":10,"dteStart":"2026-02-09T13:54:00","codParentNode":"ROOT_100","dteEnd":"2026-02-10T13:54:00"},{"idAction":0,"codHier":"H_1111","codDiv":"DIV_1111","codNode":"NODE_1111","idLevel":11,"dteStart":"2026-01-01T17:00:00","codParentNode":"ROOT_1111","dteEnd":"2026-01-30T17:01:00"},{"idAction":0,"codHier":"H_12","codDiv":"DIV_12","codNode":"NODE_12","idLevel":12,"dteStart":"2026-02-03T12:26:00","codParentNode":"ROOT_12","dteEnd":"2026-02-06T12:26:00"},{"idAction":0,"codHier":"H_17","codDiv":"DIV_17","codNode":"NODE_17","idLevel":17,"dteStart":"2026-02-07T15:44:00","codParentNode":"ROOT_17","dteEnd":"2026-02-24T15:44:00"},{"idAction":0,"codHier":"H_19","codDiv":"DIV_19","codNode":"NODE_19","idLevel":19,"dteStart":"2026-02-04T13:59:00","codParentNode":"ROOT_19","dteEnd":"2026-02-05T13:59:00"},{"idAction":0,"codHier":"H_200","codDiv":"DIV_200","codNode":"NODE_200","idLevel":20,"dteStart":"2026-02-10T14:14:00","codParentNode":"ROOT_200","dteEnd":"2026-02-24T14:14:00"},{"idAction":0,"codHier":"H_21","codDiv":"DIV_21","codNode":"NODE_21","idLevel":21,"dteStart":"2026-02-05T14:01:00","codParentNode":"ROOT_21","dteEnd":"2026-02-07T14:01:00"},{"idAction":0,"codHier":"H_222","codDiv":"DIV_222","codNode":"NODE_222","idLevel":222,"dteStart":"2026-02-04T12:53:00","codParentNode":"ROOT_222","dteEnd":"2026-02-06T12:53:00"},{"idAction":0,"codHier":"H_24","codDiv":"DIV_24","codNode":"NODE_24","idLevel":24,"dteStart":"2026-02-04T12:48:00","codParentNode":"ROOT_24","dteEnd":"2026-02-05T12:48:00"},{"idAction":0,"codHier":"H_25","codDiv":"DIV_25","codNode":"NODE_25","idLevel":25,"dteStart":"2026-02-10T14:04:00","codParentNode":"ROOT_25","dteEnd":"2026-02-11T14:04:00"},{"idAction":0,"codHier":"H_3","codDiv":"DIV_3","codNode":"NODE_3","idLevel":3,"dteStart":"2026-01-01T10:45:00","codParentNode":"ROOT_3","dteEnd":"2026-01-30T10:44:00"},{"idAction":0,"codHier":"H_300","codDiv":"DIV_300","codNode":"NODE_300","idLevel":30,"dteStart":"2026-02-10T12:31:00","codParentNode":"ROOT_300","dteEnd":"2026-02-28T12:31:00"},{"idAction":0,"codHier":"H_5","codDiv":"DIV_5","codNode":"NODE_5","idLevel":5,"dteStart":"2026-01-30T10:50:00","codParentNode":"ROOT_5","dteEnd":"2026-01-31T10:48:00"},{"idAction":0,"codHier":"H_6","codDiv":"DIV_6","codNode":"NODE_6","idLevel":6,"dteStart":"2026-01-30T15:01:00","codParentNode":"ROOT_6","dteEnd":"2026-01-31T15:01:00"},{"idAction":0,"codHier":"H_656565","codDiv":"DIV_656565","codNode":"C_656565","idLevel":9,"dteStart":"2026-01-20T00:00:00","codParentNode":"ROOT","dteEnd":null},{"idAction":0,"codHier":"H_676767","codDiv":"DIV_676767","codNode":"NODE_676767","idLevel":676767,"dteStart":"2026-01-31T00:00:00","codParentNode":"ROOT","dteEnd":null},{"idAction":0,"codHier":"H_7","codDiv":"DIV_7","codNode":"NODE_7","idLevel":7,"dteStart":"2026-02-02T12:04:00","codParentNode":"ROOT_7","dteEnd":"2026-02-04T12:04:00"},{"idAction":0,"codHier":"H_87","codDiv":"DIV_87","codNode":"NODE_87","idLevel":87,"dteStart":"2026-02-06T14:07:00","codParentNode":"ROOT_87","dteEnd":"2026-02-26T14:07:00"},{"idAction":0,"codHier":"H_98","codDiv":"DIV_98","codNode":"NODE_98","idLevel":98,"dteStart":"2026-01-30T18:25:00","codParentNode":"ROOT_98","dteEnd":"2026-01-31T18:25:00"},{"idAction":0,"codHier":"H_999","codDiv":"D_5878","codNode":"N_878","idLevel":8,"dteStart":"2026-01-14T00:00:00","codParentNode":"ROOT","dteEnd":null},{"idAction":0,"codHier":"H_A","codDiv":"DIV_A","codNode":"NODE_A","idLevel":1,"dteStart":"2026-02-01T18:26:00","codParentNode":"ROOT_A","dteEnd":"2026-02-14T18:26:00"},{"idAction":0,"codHier":"H-1010","codDiv":"D-1010","codNode":"C-1010","idLevel":1,"dteStart":"2026-01-01T11:54:00","codParentNode":"root","dteEnd":"2026-01-12T11:54:00"},{"idAction":0,"codHier":"H-11","codDiv":"DIV-11","codNode":"C-11","idLevel":11,"dteStart":"2026-01-01T15:05:00","codParentNode":"ROOT","dteEnd":"2026-01-31T15:05:00"},{"idAction":0,"codHier":"H-1111","codDiv":"DIV-1111","codNode":"CUST-1111","idLevel":10,"dteStart":"2026-01-01T00:00:00","codParentNode":"ROOT","dteEnd":null},{"idAction":0,"codHier":"H-1414","codDiv":"D-1414","codNode":"C-1414","idLevel":4,"dteStart":"2026-01-01T14:45:00","codParentNode":"ROOT","dteEnd":"2026-01-15T14:45:00"},{"idAction":0,"codHier":"H-2","codDiv":"DIV-2","codNode":"CUST-2","idLevel":2,"dteStart":"2026-01-01T12:40:00","codParentNode":"ROOT","dteEnd":"2026-01-16T12:37:00"},{"idAction":0,"codHier":"H-2","codDiv":"DIV-2","codNode":"CUST-2","idLevel":2,"dteStart":"2026-01-21T12:37:00","codParentNode":"ROOT","dteEnd":"2026-01-24T12:37:00"},{"idAction":0,"codHier":"H-2020","codDiv":"D-2020","codNode":"C-2020","idLevel":2,"dteStart":"2026-01-02T12:27:00","codParentNode":"root","dteEnd":"2026-01-30T12:27:00"},{"idAction":0,"codHier":"H-2255","codDiv":"DIV-2255","codNode":"CUST-2255","idLevel":10,"dteStart":"2026-01-01T00:00:00","codParentNode":"ROOT","dteEnd":null},{"idAction":0,"codHier":"H-2323","codDiv":"D-2323","codNode":"C-2323","idLevel":4,"dteStart":"2026-01-01T12:48:00","codParentNode":"ROOT","dteEnd":"2026-01-12T12:49:00"},{"idAction":0,"codHier":"H-3333","codDiv":"DIV-3333","codNode":"CUST-3333","idLevel":10,"dteStart":"2026-01-01T00:00:00","codParentNode":"ROOT","dteEnd":null},{"idAction":0,"codHier":"H-3344","codDiv":"DIV-3345","codNode":"CUST-3345","idLevel":10,"dteStart":"2026-01-01T00:00:00","codParentNode":"ROOT","dteEnd":null},{"idAction":0,"codHier":"H-3345","codDiv":"DIV-3345","codNode":"CUST-3345","idLevel":10,"dteStart":"2026-01-01T00:00:00","codParentNode":"ROOT","dteEnd":null},{"idAction":0,"codHier":"H-4","codDiv":"DIV-4","codNode":"CUST-4","idLevel":4,"dteStart":"2026-01-01T14:44:00","codParentNode":"ROOT","dteEnd":"2026-01-02T14:44:00"},{"idAction":0,"codHier":"H-5555","codDiv":"DIV-5555","codNode":"CUST-5555","idLevel":10,"dteStart":"2026-01-01T00:00:00","codParentNode":"ROOT","dteEnd":null},{"idAction":0,"codHier":"H-6000","codDiv":"DIV-6000","codNode":"CUST-6000","idLevel":10,"dteStart":"2026-01-01T00:00:00","codParentNode":"ROOT","dteEnd":"2026-12-31T00:00:00"},{"idAction":0,"codHier":"H-6666","codDiv":"DIV-6666","codNode":"CUST-6666","idLevel":10,"dteStart":"2026-01-17T01:30:00","codParentNode":"ROOT","dteEnd":"2026-01-18T01:30:00"},{"idAction":0,"codHier":"H-6767","codDiv":"DIV-6767","codNode":"CUST-6767","idLevel":5,"dteStart":"2026-01-01T12:15:00","codParentNode":"ROOT","dteEnd":"2026-01-08T12:15:00"},{"idAction":0,"codHier":"H-7000","codDiv":"DIV-7000","codNode":"CUST-7000","idLevel":10,"dteStart":"2026-01-01T00:00:00","codParentNode":"ROOT","dteEnd":null},{"idAction":0,"codHier":"H-7777","codDiv":"DIV-7777","codNode":"CUST-7777","idLevel":10,"dteStart":"2026-01-01T00:00:00","codParentNode":"ROOT","dteEnd":null},{"idAction":0,"codHier":"H-7878","codDiv":"DIV-7878","codNode":"CUST-7878","idLevel":3,"dteStart":"2026-01-18T11:43:00","codParentNode":"ROOT","dteEnd":"2026-01-19T11:43:00"},{"idAction":0,"codHier":"H-8000","codDiv":"DIV-8000","codNode":"CUST-8000","idLevel":10,"dteStart":"2026-01-01T00:00:00","codParentNode":"ROOT","dteEnd":null},{"idAction":0,"codHier":"H-8888","codDiv":"DIV-8888","codNode":"CUST-8888","idLevel":10,"dteStart":"2026-01-01T00:00:00","codParentNode":"ROOT","dteEnd":null},{"idAction":0,"codHier":"H-9000","codDiv":"DIV-9000","codNode":"CUST-9000","idLevel":10,"dteStart":"2026-01-01T00:00:00","codParentNode":"ROOT","dteEnd":null},{"idAction":0,"codHier":"H-9999","codDiv":"DIV-9999","codNode":"CUST-9999","idLevel":10,"dteStart":"2026-01-01T00:00:00","codParentNode":"ROOT","dteEnd":null},{"idAction":0,"codHier":"HIER_CORP","codDiv":"DIV01","codNode":"NODE_9111","idLevel":1,"dteStart":"2026-01-15T00:00:00","codParentNode":"ROOT_NODE","dteEnd":null}]
2026-02-11 12:31:54.175 +05:00 [INF] HTTP GET /api/participants/all responded 200 in 204.1523 ms | User: haris (23) | IP: ::1 | RequestBody:  | ResponseBody: [{"idAction":3,"codParticipant":"N_1","flgInclusion":true,"codHier":"H_1","codDiv":"D_1","codNode":"N_1","idLevel":1,"dteStart":"2026-01-30T09:35:43.289"},{"idAction":3,"codParticipant":"NODE_3","flgInclusion":true,"codHier":"H_3","codDiv":"DIV_3","codNode":"NODE_3","idLevel":3,"dteStart":"2026-01-01T10:45:00"},{"idAction":3,"codParticipant":"NODE_5","flgInclusion":true,"codHier":"H_5","codDiv":"DIV_5","codNode":"NODE_5","idLevel":5,"dteStart":"2026-01-30T10:50:00"},{"idAction":5,"codParticipant":"NODE_5","flgInclusion":true,"codHier":"H_5","codDiv":"DIV_5","codNode":"NODE_5","idLevel":5,"dteStart":"2026-01-30T10:50:00"},{"idAction":6,"codParticipant":"N_9898","flgInclusion":true,"codHier":"H_999","codDiv":"D_5878","codNode":"N_878","idLevel":8,"dteStart":"2026-01-14T00:00:00"},{"idAction":6,"codParticipant":"NODE_3","flgInclusion":true,"codHier":"H_3","codDiv":"DIV_3","codNode":"NODE_3","idLevel":3,"dteStart":"2026-01-01T10:45:00"},{"idAction":6,"codParticipant":"NODE_5","flgInclusion":true,"codHier":"H_5","codDiv":"DIV_5","codNode":"NODE_5","idLevel":5,"dteStart":"2026-01-30T10:50:00"},{"idAction":6,"codParticipant":"NODE_6","flgInclusion":true,"codHier":"H_6","codDiv":"DIV_6","codNode":"NODE_6","idLevel":6,"dteStart":"2026-01-30T15:01:00"},{"idAction":6,"codParticipant":"NODE_676767","flgInclusion":true,"codHier":"H_676767","codDiv":"DIV_676767","codNode":"NODE_676767","idLevel":676767,"dteStart":"2026-01-31T00:00:00"},{"idAction":6,"codParticipant":"P-9000","flgInclusion":true,"codHier":"H-9000","codDiv":"DIV-9000","codNode":"CUST-9000","idLevel":10,"dteStart":"2026-01-01T00:00:00"},{"idAction":7,"codParticipant":"NODE_7","flgInclusion":true,"codHier":"H_7","codDiv":"DIV_7","codNode":"NODE_7","idLevel":7,"dteStart":"2026-02-02T12:04:00"},{"idAction":10,"codParticipant":"NODE_10","flgInclusion":true,"codHier":"H_10","codDiv":"DIV_10","codNode":"NODE_10","idLevel":10,"dteStart":"2026-01-01T14:45:00"},{"idAction":24,"codParticipant":"NODE_24","flgInclusion":true,"codHier":"H_24","codDiv":"DIV_24","codNode":"NODE_24","idLevel":24,"dteStart":"2026-02-04T12:48:00"},{"idAction":87,"codParticipant":"NODE_87","flgInclusion":true,"codHier":"H_87","codDiv":"DIV_87","codNode":"NODE_87","idLevel":87,"dteStart":"2026-02-06T14:07:00"},{"idAction":98,"codParticipant":"NODE_98","flgInclusion":true,"codHier":"H_98","codDiv":"DIV_98","codNode":"NODE_98","idLevel":98,"dteStart":"2026-01-30T18:25:00"},{"idAction":100,"codParticipant":"NODE_100","flgInclusion":true,"codHier":"H_100","codDiv":"DIV_100","codNode":"NODE_100","idLevel":10,"dteStart":"2026-02-09T13:54:00"},{"idAction":200,"codParticipant":"NODE_200","flgInclusion":true,"codHier":"H_200","codDiv":"DIV_200","codNode":"NODE_200","idLevel":20,"dteStart":"2026-02-10T14:14:00"},{"idAction":321,"codParticipant":"NODE_A","flgInclusion":true,"codHier":"H_A","codDiv":"DIV_A","codNode":"NODE_A","idLevel":1,"dteStart":"2026-02-01T18:26:00"},{"idAction":1111,"codParticipant":"NODE_1111","flgInclusion":true,"codHier":"H_1111","codDiv":"DIV_1111","codNode":"NODE_1111","idLevel":11,"dteStart":"2026-01-01T17:00:00"},{"idAction":2323,"codParticipant":"P-2323","flgInclusion":true,"codHier":"H-2323","codDiv":"D-2323","codNode":"C-2323","idLevel":4,"dteStart":"2026-01-01T12:48:00"},{"idAction":5005,"codParticipant":"","flgInclusion":true,"codHier":"H-9999","codDiv":"DIV-9999","codNode":"CUST-9999","idLevel":10,"dteStart":"2026-01-01T00:00:00"},{"idAction":6000,"codParticipant":"P-6000","flgInclusion":true,"codHier":"H-6000","codDiv":"DIV-6000","codNode":"CUST-6000","idLevel":10,"dteStart":"2026-01-01T00:00:00"},{"idAction":6767,"codParticipant":"P-6767","flgInclusion":false,"codHier":"H-6767","codDiv":"DIV-6767","codNode":"CUST-6767","idLevel":5,"dteStart":"2026-01-01T12:15:00"},{"idAction":7000,"codParticipant":"P-7000","flgInclusion":true,"codHier":"H-7000","codDiv":"DIV-7000","codNode":"CUST-7000","idLevel":10,"dteStart":"2026-01-01T00:00:00"},{"idAction":8888,"codParticipant":"P-8888","flgInclusion":true,"codHier":"H-8888","codDiv":"DIV-8888","codNode":"CUST-8888","idLevel":10,"dteStart":"2026-01-01T00:00:00"},{"idAction":9000,"codParticipant":"P-9000","flgInclusion":true,"codHier":"H-9000","codDiv":"DIV-9000","codNode":"CUST-9000","idLevel":10,"dteStart":"2026-01-01T00:00:00"},{"idAction":9999,"codParticipant":"P-9999","flgInclusion":true,"codHier":"H-9999","codDiv":"DIV-9999","codNode":"CUST-9999","idLevel":10,"dteStart":"2026-01-01T00:00:00"}]
2026-02-11 12:31:54.182 +05:00 [INF] HTTP GET /api/promotions/customer-relations responded 200 in 263.1671 ms
2026-02-11 12:31:54.197 +05:00 [INF] HTTP GET /api/participants/all responded 200 in 225.8423 ms
2026-02-11 12:31:54.222 +05:00 [INF] JWT validated for haris
2026-02-11 12:31:54.235 +05:00 [INF] Forwarding request GET /api/participants/all to http://localhost:5137/api/participants/all
2026-02-11 12:31:54.237 +05:00 [INF] JWT validated for haris
2026-02-11 12:31:54.252 +05:00 [INF] Forwarding request GET /api/promotions/delivery-points to http://localhost:5137/api/promotions/delivery-points
2026-02-11 12:31:54.292 +05:00 [INF] Received response 200 from http://localhost:5137/api/participants/all
2026-02-11 12:31:54.298 +05:00 [INF] HTTP GET /api/participants/all responded 200 in 77.1721 ms | User: haris (23) | IP: ::1 | RequestBody:  | ResponseBody: [{"idAction":3,"codParticipant":"N_1","flgInclusion":true,"codHier":"H_1","codDiv":"D_1","codNode":"N_1","idLevel":1,"dteStart":"2026-01-30T09:35:43.289"},{"idAction":3,"codParticipant":"NODE_3","flgInclusion":true,"codHier":"H_3","codDiv":"DIV_3","codNode":"NODE_3","idLevel":3,"dteStart":"2026-01-01T10:45:00"},{"idAction":3,"codParticipant":"NODE_5","flgInclusion":true,"codHier":"H_5","codDiv":"DIV_5","codNode":"NODE_5","idLevel":5,"dteStart":"2026-01-30T10:50:00"},{"idAction":5,"codParticipant":"NODE_5","flgInclusion":true,"codHier":"H_5","codDiv":"DIV_5","codNode":"NODE_5","idLevel":5,"dteStart":"2026-01-30T10:50:00"},{"idAction":6,"codParticipant":"N_9898","flgInclusion":true,"codHier":"H_999","codDiv":"D_5878","codNode":"N_878","idLevel":8,"dteStart":"2026-01-14T00:00:00"},{"idAction":6,"codParticipant":"NODE_3","flgInclusion":true,"codHier":"H_3","codDiv":"DIV_3","codNode":"NODE_3","idLevel":3,"dteStart":"2026-01-01T10:45:00"},{"idAction":6,"codParticipant":"NODE_5","flgInclusion":true,"codHier":"H_5","codDiv":"DIV_5","codNode":"NODE_5","idLevel":5,"dteStart":"2026-01-30T10:50:00"},{"idAction":6,"codParticipant":"NODE_6","flgInclusion":true,"codHier":"H_6","codDiv":"DIV_6","codNode":"NODE_6","idLevel":6,"dteStart":"2026-01-30T15:01:00"},{"idAction":6,"codParticipant":"NODE_676767","flgInclusion":true,"codHier":"H_676767","codDiv":"DIV_676767","codNode":"NODE_676767","idLevel":676767,"dteStart":"2026-01-31T00:00:00"},{"idAction":6,"codParticipant":"P-9000","flgInclusion":true,"codHier":"H-9000","codDiv":"DIV-9000","codNode":"CUST-9000","idLevel":10,"dteStart":"2026-01-01T00:00:00"},{"idAction":7,"codParticipant":"NODE_7","flgInclusion":true,"codHier":"H_7","codDiv":"DIV_7","codNode":"NODE_7","idLevel":7,"dteStart":"2026-02-02T12:04:00"},{"idAction":10,"codParticipant":"NODE_10","flgInclusion":true,"codHier":"H_10","codDiv":"DIV_10","codNode":"NODE_10","idLevel":10,"dteStart":"2026-01-01T14:45:00"},{"idAction":24,"codParticipant":"NODE_24","flgInclusion":true,"codHier":"H_24","codDiv":"DIV_24","codNode":"NODE_24","idLevel":24,"dteStart":"2026-02-04T12:48:00"},{"idAction":87,"codParticipant":"NODE_87","flgInclusion":true,"codHier":"H_87","codDiv":"DIV_87","codNode":"NODE_87","idLevel":87,"dteStart":"2026-02-06T14:07:00"},{"idAction":98,"codParticipant":"NODE_98","flgInclusion":true,"codHier":"H_98","codDiv":"DIV_98","codNode":"NODE_98","idLevel":98,"dteStart":"2026-01-30T18:25:00"},{"idAction":100,"codParticipant":"NODE_100","flgInclusion":true,"codHier":"H_100","codDiv":"DIV_100","codNode":"NODE_100","idLevel":10,"dteStart":"2026-02-09T13:54:00"},{"idAction":200,"codParticipant":"NODE_200","flgInclusion":true,"codHier":"H_200","codDiv":"DIV_200","codNode":"NODE_200","idLevel":20,"dteStart":"2026-02-10T14:14:00"},{"idAction":321,"codParticipant":"NODE_A","flgInclusion":true,"codHier":"H_A","codDiv":"DIV_A","codNode":"NODE_A","idLevel":1,"dteStart":"2026-02-01T18:26:00"},{"idAction":1111,"codParticipant":"NODE_1111","flgInclusion":true,"codHier":"H_1111","codDiv":"DIV_1111","codNode":"NODE_1111","idLevel":11,"dteStart":"2026-01-01T17:00:00"},{"idAction":2323,"codParticipant":"P-2323","flgInclusion":true,"codHier":"H-2323","codDiv":"D-2323","codNode":"C-2323","idLevel":4,"dteStart":"2026-01-01T12:48:00"},{"idAction":5005,"codParticipant":"","flgInclusion":true,"codHier":"H-9999","codDiv":"DIV-9999","codNode":"CUST-9999","idLevel":10,"dteStart":"2026-01-01T00:00:00"},{"idAction":6000,"codParticipant":"P-6000","flgInclusion":true,"codHier":"H-6000","codDiv":"DIV-6000","codNode":"CUST-6000","idLevel":10,"dteStart":"2026-01-01T00:00:00"},{"idAction":6767,"codParticipant":"P-6767","flgInclusion":false,"codHier":"H-6767","codDiv":"DIV-6767","codNode":"CUST-6767","idLevel":5,"dteStart":"2026-01-01T12:15:00"},{"idAction":7000,"codParticipant":"P-7000","flgInclusion":true,"codHier":"H-7000","codDiv":"DIV-7000","codNode":"CUST-7000","idLevel":10,"dteStart":"2026-01-01T00:00:00"},{"idAction":8888,"codParticipant":"P-8888","flgInclusion":true,"codHier":"H-8888","codDiv":"DIV-8888","codNode":"CUST-8888","idLevel":10,"dteStart":"2026-01-01T00:00:00"},{"idAction":9000,"codParticipant":"P-9000","flgInclusion":true,"codHier":"H-9000","codDiv":"DIV-9000","codNode":"CUST-9000","idLevel":10,"dteStart":"2026-01-01T00:00:00"},{"idAction":9999,"codParticipant":"P-9999","flgInclusion":true,"codHier":"H-9999","codDiv":"DIV-9999","codNode":"CUST-9999","idLevel":10,"dteStart":"2026-01-01T00:00:00"}]
2026-02-11 12:31:54.302 +05:00 [INF] Received response 200 from http://localhost:5137/api/promotions/delivery-points
2026-02-11 12:31:54.310 +05:00 [INF] HTTP GET /api/participants/all responded 200 in 89.0588 ms
2026-02-11 12:31:54.315 +05:00 [INF] HTTP GET /api/promotions/delivery-points responded 200 in 78.6464 ms | User: haris (23) | IP: ::1 | RequestBody:  | ResponseBody: [{"idAction":3,"codDeliveryPoint":"D_1","flgInclusion":true,"codHier":"H_1","codDiv":"D_1","codNode":"D_1","idLevel":1,"dteStart":"2026-01-30T00:00:00"},{"idAction":3,"codDeliveryPoint":"D_656565","flgInclusion":true,"codHier":"H_656565","codDiv":"DIV_656565","codNode":"C_656565","idLevel":9,"dteStart":"2026-01-20T00:00:00"},{"idAction":3,"codDeliveryPoint":"NODE_10","flgInclusion":true,"codHier":"H_10","codDiv":"DIV_10","codNode":"NODE_10","idLevel":10,"dteStart":"2026-01-01T14:45:00"},{"idAction":3,"codDeliveryPoint":"NODE_24","flgInclusion":true,"codHier":"H_24","codDiv":"DIV_24","codNode":"NODE_24","idLevel":24,"dteStart":"2026-02-04T12:48:00"},{"idAction":3,"codDeliveryPoint":"NODE_3","flgInclusion":false,"codHier":"H_3","codDiv":"DIV_3","codNode":"NODE_3","idLevel":3,"dteStart":"2026-01-01T10:45:00"},{"idAction":3,"codDeliveryPoint":"NODE_5","flgInclusion":false,"codHier":"H_5","codDiv":"DIV_5","codNode":"NODE_5","idLevel":5,"dteStart":"2026-01-30T10:50:00"},{"idAction":3,"codDeliveryPoint":"NODE_87","flgInclusion":true,"codHier":"H_87","codDiv":"DIV_87","codNode":"NODE_87","idLevel":87,"dteStart":"2026-02-06T14:07:00"},{"idAction":5,"codDeliveryPoint":"NODE_5","flgInclusion":false,"codHier":"H_5","codDiv":"DIV_5","codNode":"NODE_5","idLevel":5,"dteStart":"2026-01-30T10:50:00"},{"idAction":6,"codDeliveryPoint":"D_1","flgInclusion":true,"codHier":"H_1","codDiv":"D_1","codNode":"D_1","idLevel":1,"dteStart":"2026-01-30T00:00:00"},{"idAction":6,"codDeliveryPoint":"D_656565","flgInclusion":true,"codHier":"H_656565","codDiv":"DIV_656565","codNode":"C_656565","idLevel":9,"dteStart":"2026-01-20T00:00:00"},{"idAction":6,"codDeliveryPoint":"NODE_3","flgInclusion":false,"codHier":"H_3","codDiv":"DIV_3","codNode":"NODE_3","idLevel":3,"dteStart":"2026-01-01T10:45:00"},{"idAction":6,"codDeliveryPoint":"NODE_5","flgInclusion":false,"codHier":"H_5","codDiv":"DIV_5","codNode":"NODE_5","idLevel":5,"dteStart":"2026-01-30T10:50:00"},{"idAction":6,"codDeliveryPoint":"NODE_6","flgInclusion":true,"codHier":"H_6","codDiv":"DIV_6","codNode":"NODE_6","idLevel":6,"dteStart":"2026-01-30T15:01:00"},{"idAction":7,"codDeliveryPoint":"NODE_7","flgInclusion":true,"codHier":"H_7","codDiv":"DIV_7","codNode":"NODE_7","idLevel":7,"dteStart":"2026-02-02T12:04:00"},{"idAction":10,"codDeliveryPoint":"NODE_10","flgInclusion":true,"codHier":"H_10","codDiv":"DIV_10","codNode":"NODE_10","idLevel":10,"dteStart":"2026-01-01T14:45:00"},{"idAction":24,"codDeliveryPoint":"NODE_24","flgInclusion":true,"codHier":"H_24","codDiv":"DIV_24","codNode":"NODE_24","idLevel":24,"dteStart":"2026-02-04T12:48:00"},{"idAction":87,"codDeliveryPoint":"NODE_87","flgInclusion":true,"codHier":"H_87","codDiv":"DIV_87","codNode":"NODE_87","idLevel":87,"dteStart":"2026-02-06T14:07:00"},{"idAction":98,"codDeliveryPoint":"NODE_98","flgInclusion":true,"codHier":"H_98","codDiv":"DIV_98","codNode":"NODE_98","idLevel":98,"dteStart":"2026-01-30T18:25:00"},{"idAction":100,"codDeliveryPoint":"D_656565","flgInclusion":true,"codHier":"H_656565","codDiv":"DIV_656565","codNode":"C_656565","idLevel":9,"dteStart":"2026-01-20T00:00:00"},{"idAction":100,"codDeliveryPoint":"NODE_10","flgInclusion":true,"codHier":"H_10","codDiv":"DIV_10","codNode":"NODE_10","idLevel":10,"dteStart":"2026-01-01T14:45:00"},{"idAction":100,"codDeliveryPoint":"NODE_100","flgInclusion":true,"codHier":"H_100","codDiv":"DIV_100","codNode":"NODE_100","idLevel":10,"dteStart":"2026-02-09T13:54:00"},{"idAction":100,"codDeliveryPoint":"NODE_3","flgInclusion":false,"codHier":"H_3","codDiv":"DIV_3","codNode":"NODE_3","idLevel":3,"dteStart":"2026-01-01T10:45:00"},{"idAction":200,"codDeliveryPoint":"NODE_200","flgInclusion":true,"codHier":"H_200","codDiv":"DIV_200","codNode":"NODE_200","idLevel":20,"dteStart":"2026-02-10T14:14:00"},{"idAction":321,"codDeliveryPoint":"NODE_A","flgInclusion":true,"codHier":"H_A","codDiv":"DIV_A","codNode":"NODE_A","idLevel":1,"dteStart":"2026-02-01T18:26:00"},{"idAction":1111,"codDeliveryPoint":"NODE_1111","flgInclusion":true,"codHier":"H_1111","codDiv":"DIV_1111","codNode":"NODE_1111","idLevel":11,"dteStart":"2026-01-01T17:00:00"},{"idAction":5005,"codDeliveryPoint":"","flgInclusion":true,"codHier":"H-2255","codDiv":"DIV-2255","codNode":"CUST-2255","idLevel":10,"dteStart":"2026-01-01T00:00:00"},{"idAction":6767,"codDeliveryPoint":"DP-6767","flgInclusion":true,"codHier":"H-6767","codDiv":"DIV-6767","codNode":"CUST-6767","idLevel":5,"dteStart":"2026-01-01T12:15:00"},{"idAction":7000,"codDeliveryPoint":"DP-7000","flgInclusion":true,"codHier":"H-7000","codDiv":"DIV-7000","codNode":"CUST-7000","idLevel":10,"dteStart":"2026-01-01T00:00:00"}]
2026-02-11 12:31:54.334 +05:00 [INF] HTTP GET /api/promotions/delivery-points responded 200 in 97.4251 ms
2026-02-11 12:31:54.350 +05:00 [INF] JWT validated for haris
2026-02-11 12:31:54.353 +05:00 [INF] Forwarding request GET /api/promotions/delivery-points to http://localhost:5137/api/promotions/delivery-points
2026-02-11 12:31:54.393 +05:00 [INF] Received response 200 from http://localhost:5137/api/promotions/delivery-points
2026-02-11 12:31:54.399 +05:00 [INF] HTTP GET /api/promotions/delivery-points responded 200 in 50.5685 ms | User: haris (23) | IP: ::1 | RequestBody:  | ResponseBody: [{"idAction":3,"codDeliveryPoint":"D_1","flgInclusion":true,"codHier":"H_1","codDiv":"D_1","codNode":"D_1","idLevel":1,"dteStart":"2026-01-30T00:00:00"},{"idAction":3,"codDeliveryPoint":"D_656565","flgInclusion":true,"codHier":"H_656565","codDiv":"DIV_656565","codNode":"C_656565","idLevel":9,"dteStart":"2026-01-20T00:00:00"},{"idAction":3,"codDeliveryPoint":"NODE_10","flgInclusion":true,"codHier":"H_10","codDiv":"DIV_10","codNode":"NODE_10","idLevel":10,"dteStart":"2026-01-01T14:45:00"},{"idAction":3,"codDeliveryPoint":"NODE_24","flgInclusion":true,"codHier":"H_24","codDiv":"DIV_24","codNode":"NODE_24","idLevel":24,"dteStart":"2026-02-04T12:48:00"},{"idAction":3,"codDeliveryPoint":"NODE_3","flgInclusion":false,"codHier":"H_3","codDiv":"DIV_3","codNode":"NODE_3","idLevel":3,"dteStart":"2026-01-01T10:45:00"},{"idAction":3,"codDeliveryPoint":"NODE_5","flgInclusion":false,"codHier":"H_5","codDiv":"DIV_5","codNode":"NODE_5","idLevel":5,"dteStart":"2026-01-30T10:50:00"},{"idAction":3,"codDeliveryPoint":"NODE_87","flgInclusion":true,"codHier":"H_87","codDiv":"DIV_87","codNode":"NODE_87","idLevel":87,"dteStart":"2026-02-06T14:07:00"},{"idAction":5,"codDeliveryPoint":"NODE_5","flgInclusion":false,"codHier":"H_5","codDiv":"DIV_5","codNode":"NODE_5","idLevel":5,"dteStart":"2026-01-30T10:50:00"},{"idAction":6,"codDeliveryPoint":"D_1","flgInclusion":true,"codHier":"H_1","codDiv":"D_1","codNode":"D_1","idLevel":1,"dteStart":"2026-01-30T00:00:00"},{"idAction":6,"codDeliveryPoint":"D_656565","flgInclusion":true,"codHier":"H_656565","codDiv":"DIV_656565","codNode":"C_656565","idLevel":9,"dteStart":"2026-01-20T00:00:00"},{"idAction":6,"codDeliveryPoint":"NODE_3","flgInclusion":false,"codHier":"H_3","codDiv":"DIV_3","codNode":"NODE_3","idLevel":3,"dteStart":"2026-01-01T10:45:00"},{"idAction":6,"codDeliveryPoint":"NODE_5","flgInclusion":false,"codHier":"H_5","codDiv":"DIV_5","codNode":"NODE_5","idLevel":5,"dteStart":"2026-01-30T10:50:00"},{"idAction":6,"codDeliveryPoint":"NODE_6","flgInclusion":true,"codHier":"H_6","codDiv":"DIV_6","codNode":"NODE_6","idLevel":6,"dteStart":"2026-01-30T15:01:00"},{"idAction":7,"codDeliveryPoint":"NODE_7","flgInclusion":true,"codHier":"H_7","codDiv":"DIV_7","codNode":"NODE_7","idLevel":7,"dteStart":"2026-02-02T12:04:00"},{"idAction":10,"codDeliveryPoint":"NODE_10","flgInclusion":true,"codHier":"H_10","codDiv":"DIV_10","codNode":"NODE_10","idLevel":10,"dteStart":"2026-01-01T14:45:00"},{"idAction":24,"codDeliveryPoint":"NODE_24","flgInclusion":true,"codHier":"H_24","codDiv":"DIV_24","codNode":"NODE_24","idLevel":24,"dteStart":"2026-02-04T12:48:00"},{"idAction":87,"codDeliveryPoint":"NODE_87","flgInclusion":true,"codHier":"H_87","codDiv":"DIV_87","codNode":"NODE_87","idLevel":87,"dteStart":"2026-02-06T14:07:00"},{"idAction":98,"codDeliveryPoint":"NODE_98","flgInclusion":true,"codHier":"H_98","codDiv":"DIV_98","codNode":"NODE_98","idLevel":98,"dteStart":"2026-01-30T18:25:00"},{"idAction":100,"codDeliveryPoint":"D_656565","flgInclusion":true,"codHier":"H_656565","codDiv":"DIV_656565","codNode":"C_656565","idLevel":9,"dteStart":"2026-01-20T00:00:00"},{"idAction":100,"codDeliveryPoint":"NODE_10","flgInclusion":true,"codHier":"H_10","codDiv":"DIV_10","codNode":"NODE_10","idLevel":10,"dteStart":"2026-01-01T14:45:00"},{"idAction":100,"codDeliveryPoint":"NODE_100","flgInclusion":true,"codHier":"H_100","codDiv":"DIV_100","codNode":"NODE_100","idLevel":10,"dteStart":"2026-02-09T13:54:00"},{"idAction":100,"codDeliveryPoint":"NODE_3","flgInclusion":false,"codHier":"H_3","codDiv":"DIV_3","codNode":"NODE_3","idLevel":3,"dteStart":"2026-01-01T10:45:00"},{"idAction":200,"codDeliveryPoint":"NODE_200","flgInclusion":true,"codHier":"H_200","codDiv":"DIV_200","codNode":"NODE_200","idLevel":20,"dteStart":"2026-02-10T14:14:00"},{"idAction":321,"codDeliveryPoint":"NODE_A","flgInclusion":true,"codHier":"H_A","codDiv":"DIV_A","codNode":"NODE_A","idLevel":1,"dteStart":"2026-02-01T18:26:00"},{"idAction":1111,"codDeliveryPoint":"NODE_1111","flgInclusion":true,"codHier":"H_1111","codDiv":"DIV_1111","codNode":"NODE_1111","idLevel":11,"dteStart":"2026-01-01T17:00:00"},{"idAction":5005,"codDeliveryPoint":"","flgInclusion":true,"codHier":"H-2255","codDiv":"DIV-2255","codNode":"CUST-2255","idLevel":10,"dteStart":"2026-01-01T00:00:00"},{"idAction":6767,"codDeliveryPoint":"DP-6767","flgInclusion":true,"codHier":"H-6767","codDiv":"DIV-6767","codNode":"CUST-6767","idLevel":5,"dteStart":"2026-01-01T12:15:00"},{"idAction":7000,"codDeliveryPoint":"DP-7000","flgInclusion":true,"codHier":"H-7000","codDiv":"DIV-7000","codNode":"CUST-7000","idLevel":10,"dteStart":"2026-01-01T00:00:00"}]
2026-02-11 12:31:54.410 +05:00 [INF] HTTP GET /api/promotions/delivery-points responded 200 in 61.7773 ms
2026-02-11 12:31:58.061 +05:00 [INF] JWT validated for haris
2026-02-11 12:31:58.212 +05:00 [INF] HTTP GET /api/gateway/health responded 200 in 151.5806 ms | User: haris (23) | IP: ::1 | RequestBody:  | ResponseBody: {"status":"Healthy","timestamp":"2026-02-11T07:31:58.2101102Z","services":[{"service":"Promotions API","url":"http://localhost:5137/api/health","status":"Healthy","responseTime":"34ms","statusCode":200},{"service":"SSO API","url":"http://localhost:5253/api/health","status":"Healthy","responseTime":"107ms","statusCode":200}]}
2026-02-11 12:31:58.234 +05:00 [INF] HTTP GET /api/gateway/health responded 200 in 174.2237 ms
2026-02-11 12:32:03.081 +05:00 [INF] JWT validated for haris
2026-02-11 12:32:03.172 +05:00 [INF] HTTP GET /api/gateway/health responded 200 in 91.9265 ms | User: haris (23) | IP: ::1 | RequestBody:  | ResponseBody: {"status":"Healthy","timestamp":"2026-02-11T07:32:03.1715499Z","services":[{"service":"Promotions API","url":"http://localhost:5137/api/health","status":"Healthy","responseTime":"47ms","statusCode":200},{"service":"SSO API","url":"http://localhost:5253/api/health","status":"Healthy","responseTime":"31ms","statusCode":200}]}
2026-02-11 12:32:03.187 +05:00 [INF] HTTP GET /api/gateway/health responded 200 in 106.6566 ms
2026-02-11 12:32:08.067 +05:00 [INF] JWT validated for haris
2026-02-11 12:32:08.170 +05:00 [INF] HTTP GET /api/gateway/health responded 200 in 103.5648 ms | User: haris (23) | IP: ::1 | RequestBody:  | ResponseBody: {"status":"Healthy","timestamp":"2026-02-11T07:32:08.1691075Z","services":[{"service":"Promotions API","url":"http://localhost:5137/api/health","status":"Healthy","responseTime":"54ms","statusCode":200},{"service":"SSO API","url":"http://localhost:5253/api/health","status":"Healthy","responseTime":"36ms","statusCode":200}]}
2026-02-11 12:32:08.184 +05:00 [INF] HTTP GET /api/gateway/health responded 200 in 117.6063 ms
2026-02-11 12:32:13.058 +05:00 [INF] JWT validated for haris
2026-02-11 12:32:13.170 +05:00 [INF] HTTP GET /api/gateway/health responded 200 in 113.1644 ms | User: haris (23) | IP: ::1 | RequestBody:  | ResponseBody: {"status":"Healthy","timestamp":"2026-02-11T07:32:13.1697921Z","services":[{"service":"Promotions API","url":"http://localhost:5137/api/health","status":"Healthy","responseTime":"50ms","statusCode":200},{"service":"SSO API","url":"http://localhost:5253/api/health","status":"Healthy","responseTime":"48ms","statusCode":200}]}
2026-02-11 12:32:13.201 +05:00 [INF] HTTP GET /api/gateway/health responded 200 in 143.2448 ms
2026-02-11 12:32:18.072 +05:00 [INF] JWT validated for haris
2026-02-11 12:32:18.188 +05:00 [INF] HTTP GET /api/gateway/health responded 200 in 116.0963 ms | User: haris (23) | IP: ::1 | RequestBody:  | ResponseBody: {"status":"Healthy","timestamp":"2026-02-11T07:32:18.1860229Z","services":[{"service":"Promotions API","url":"http://localhost:5137/api/health","status":"Healthy","responseTime":"60ms","statusCode":200},{"service":"SSO API","url":"http://localhost:5253/api/health","status":"Healthy","responseTime":"43ms","statusCode":200}]}
2026-02-11 12:32:18.208 +05:00 [INF] HTTP GET /api/gateway/health responded 200 in 136.0277 ms
2026-02-11 12:32:23.071 +05:00 [INF] JWT validated for haris
2026-02-11 12:32:23.186 +05:00 [INF] HTTP GET /api/gateway/health responded 200 in 115.6518 ms | User: haris (23) | IP: ::1 | RequestBody:  | ResponseBody: {"status":"Healthy","timestamp":"2026-02-11T07:32:23.1853087Z","services":[{"service":"Promotions API","url":"http://localhost:5137/api/health","status":"Healthy","responseTime":"62ms","statusCode":200},{"service":"SSO API","url":"http://localhost:5253/api/health","status":"Healthy","responseTime":"39ms","statusCode":200}]}
2026-02-11 12:32:23.209 +05:00 [INF] HTTP GET /api/gateway/health responded 200 in 138.0059 ms
2026-02-11 12:32:28.077 +05:00 [INF] JWT validated for haris
2026-02-11 12:32:28.204 +05:00 [INF] HTTP GET /api/gateway/health responded 200 in 127.3665 ms | User: haris (23) | IP: ::1 | RequestBody:  | ResponseBody: {"status":"Healthy","timestamp":"2026-02-11T07:32:28.203867Z","services":[{"service":"Promotions API","url":"http://localhost:5137/api/health","status":"Healthy","responseTime":"59ms","statusCode":200},{"service":"SSO API","url":"http://localhost:5253/api/health","status":"Healthy","responseTime":"57ms","statusCode":200}]}
2026-02-11 12:32:28.233 +05:00 [INF] HTTP GET /api/gateway/health responded 200 in 156.1066 ms
2026-02-11 12:32:33.056 +05:00 [INF] JWT validated for haris
2026-02-11 12:32:33.173 +05:00 [INF] HTTP GET /api/gateway/health responded 200 in 117.1726 ms | User: haris (23) | IP: ::1 | RequestBody:  | ResponseBody: {"status":"Healthy","timestamp":"2026-02-11T07:32:33.172438Z","services":[{"service":"Promotions API","url":"http://localhost:5137/api/health","status":"Healthy","responseTime":"63ms","statusCode":200},{"service":"SSO API","url":"http://localhost:5253/api/health","status":"Healthy","responseTime":"37ms","statusCode":200}]}
2026-02-11 12:32:33.187 +05:00 [INF] HTTP GET /api/gateway/health responded 200 in 131.2534 ms
2026-02-11 12:32:38.070 +05:00 [INF] JWT validated for haris
2026-02-11 12:32:38.192 +05:00 [INF] HTTP GET /api/gateway/health responded 200 in 121.6760 ms | User: haris (23) | IP: ::1 | RequestBody:  | ResponseBody: {"status":"Healthy","timestamp":"2026-02-11T07:32:38.1910112Z","services":[{"service":"Promotions API","url":"http://localhost:5137/api/health","status":"Healthy","responseTime":"59ms","statusCode":200},{"service":"SSO API","url":"http://localhost:5253/api/health","status":"Healthy","responseTime":"42ms","statusCode":200}]}
2026-02-11 12:32:38.220 +05:00 [INF] HTTP GET /api/gateway/health responded 200 in 150.4089 ms
2026-02-11 12:32:43.061 +05:00 [INF] JWT validated for haris
2026-02-11 12:32:43.194 +05:00 [INF] HTTP GET /api/gateway/health responded 200 in 133.0520 ms | User: haris (23) | IP: ::1 | RequestBody:  | ResponseBody: {"status":"Healthy","timestamp":"2026-02-11T07:32:43.1929939Z","services":[{"service":"Promotions API","url":"http://localhost:5137/api/health","status":"Healthy","responseTime":"68ms","statusCode":200},{"service":"SSO API","url":"http://localhost:5253/api/health","status":"Healthy","responseTime":"55ms","statusCode":200}]}
2026-02-11 12:32:43.221 +05:00 [INF] HTTP GET /api/gateway/health responded 200 in 160.0657 ms
2026-02-11 12:32:48.070 +05:00 [INF] JWT validated for haris
2026-02-11 12:32:48.199 +05:00 [INF] HTTP GET /api/gateway/health responded 200 in 128.3274 ms | User: haris (23) | IP: ::1 | RequestBody:  | ResponseBody: {"status":"Healthy","timestamp":"2026-02-11T07:32:48.1978359Z","services":[{"service":"Promotions API","url":"http://localhost:5137/api/health","status":"Healthy","responseTime":"61ms","statusCode":200},{"service":"SSO API","url":"http://localhost:5253/api/health","status":"Healthy","responseTime":"44ms","statusCode":200}]}
2026-02-11 12:32:48.211 +05:00 [INF] HTTP GET /api/gateway/health responded 200 in 140.4815 ms
2026-02-11 12:32:53.061 +05:00 [INF] JWT validated for haris
2026-02-11 12:32:53.309 +05:00 [INF] HTTP GET /api/gateway/health responded 200 in 247.9474 ms | User: haris (23) | IP: ::1 | RequestBody:  | ResponseBody: {"status":"Healthy","timestamp":"2026-02-11T07:32:53.3069229Z","services":[{"service":"Promotions API","url":"http://localhost:5137/api/health","status":"Healthy","responseTime":"40ms","statusCode":200},{"service":"SSO API","url":"http://localhost:5253/api/health","status":"Healthy","responseTime":"172ms","statusCode":200}]}
2026-02-11 12:32:53.336 +05:00 [INF] HTTP GET /api/gateway/health responded 200 in 275.2427 ms
2026-02-11 12:32:58.061 +05:00 [INF] JWT validated for haris
2026-02-11 12:32:58.160 +05:00 [INF] HTTP GET /api/gateway/health responded 200 in 98.9918 ms | User: haris (23) | IP: ::1 | RequestBody:  | ResponseBody: {"status":"Healthy","timestamp":"2026-02-11T07:32:58.1593477Z","services":[{"service":"Promotions API","url":"http://localhost:5137/api/health","status":"Healthy","responseTime":"44ms","statusCode":200},{"service":"SSO API","url":"http://localhost:5253/api/health","status":"Healthy","responseTime":"39ms","statusCode":200}]}
2026-02-11 12:32:58.211 +05:00 [INF] HTTP GET /api/gateway/health responded 200 in 150.6450 ms
2026-02-11 12:33:03.061 +05:00 [INF] JWT validated for haris
2026-02-11 12:33:03.166 +05:00 [INF] HTTP GET /api/gateway/health responded 200 in 105.9609 ms | User: haris (23) | IP: ::1 | RequestBody:  | ResponseBody: {"status":"Healthy","timestamp":"2026-02-11T07:33:03.1648074Z","services":[{"service":"Promotions API","url":"http://localhost:5137/api/health","status":"Healthy","responseTime":"54ms","statusCode":200},{"service":"SSO API","url":"http://localhost:5253/api/health","status":"Healthy","responseTime":"36ms","statusCode":200}]}
2026-02-11 12:33:03.183 +05:00 [INF] HTTP GET /api/gateway/health responded 200 in 122.9008 ms
2026-02-11 12:33:08.072 +05:00 [INF] JWT validated for haris
2026-02-11 12:33:08.208 +05:00 [INF] HTTP GET /api/gateway/health responded 200 in 136.4628 ms | User: haris (23) | IP: ::1 | RequestBody:  | ResponseBody: {"status":"Healthy","timestamp":"2026-02-11T07:33:08.2043742Z","services":[{"service":"Promotions API","url":"http://localhost:5137/api/health","status":"Healthy","responseTime":"56ms","statusCode":200},{"service":"SSO API","url":"http://localhost:5253/api/health","status":"Healthy","responseTime":"65ms","statusCode":200}]}
2026-02-11 12:33:08.234 +05:00 [INF] HTTP GET /api/gateway/health responded 200 in 162.8410 ms
2026-02-11 12:33:13.058 +05:00 [INF] JWT validated for haris
2026-02-11 12:33:13.198 +05:00 [INF] HTTP GET /api/gateway/health responded 200 in 140.6068 ms | User: haris (23) | IP: ::1 | RequestBody:  | ResponseBody: {"status":"Healthy","timestamp":"2026-02-11T07:33:13.1981038Z","services":[{"service":"Promotions API","url":"http://localhost:5137/api/health","status":"Healthy","responseTime":"88ms","statusCode":200},{"service":"SSO API","url":"http://localhost:5253/api/health","status":"Healthy","responseTime":"39ms","statusCode":200}]}
2026-02-11 12:33:13.211 +05:00 [INF] HTTP GET /api/gateway/health responded 200 in 153.0457 ms
2026-02-11 12:33:18.129 +05:00 [INF] JWT validated for haris
2026-02-11 12:33:18.239 +05:00 [INF] HTTP GET /api/gateway/health responded 200 in 109.2394 ms | User: haris (23) | IP: ::1 | RequestBody:  | ResponseBody: {"status":"Healthy","timestamp":"2026-02-11T07:33:18.2379966Z","services":[{"service":"Promotions API","url":"http://localhost:5137/api/health","status":"Healthy","responseTime":"60ms","statusCode":200},{"service":"SSO API","url":"http://localhost:5253/api/health","status":"Healthy","responseTime":"26ms","statusCode":200}]}
2026-02-11 12:33:18.265 +05:00 [INF] HTTP GET /api/gateway/health responded 200 in 135.1831 ms
2026-02-11 12:33:23.063 +05:00 [INF] JWT validated for haris
2026-02-11 12:33:23.169 +05:00 [INF] HTTP GET /api/gateway/health responded 200 in 106.4108 ms | User: haris (23) | IP: ::1 | RequestBody:  | ResponseBody: {"status":"Healthy","timestamp":"2026-02-11T07:33:23.1689963Z","services":[{"service":"Promotions API","url":"http://localhost:5137/api/health","status":"Healthy","responseTime":"58ms","statusCode":200},{"service":"SSO API","url":"http://localhost:5253/api/health","status":"Healthy","responseTime":"34ms","statusCode":200}]}
2026-02-11 12:33:23.181 +05:00 [INF] HTTP GET /api/gateway/health responded 200 in 118.6636 ms
2026-02-11 12:33:28.071 +05:00 [INF] JWT validated for haris
2026-02-11 12:33:28.155 +05:00 [INF] HTTP GET /api/gateway/health responded 200 in 85.1164 ms | User: haris (23) | IP: ::1 | RequestBody:  | ResponseBody: {"status":"Healthy","timestamp":"2026-02-11T07:33:28.1552994Z","services":[{"service":"Promotions API","url":"http://localhost:5137/api/health","status":"Healthy","responseTime":"32ms","statusCode":200},{"service":"SSO API","url":"http://localhost:5253/api/health","status":"Healthy","responseTime":"38ms","statusCode":200}]}
2026-02-11 12:33:28.170 +05:00 [INF] HTTP GET /api/gateway/health responded 200 in 99.6739 ms
2026-02-11 12:33:33.065 +05:00 [INF] JWT validated for haris
2026-02-11 12:33:33.138 +05:00 [INF] HTTP GET /api/gateway/health responded 200 in 72.6235 ms | User: haris (23) | IP: ::1 | RequestBody:  | ResponseBody: {"status":"Healthy","timestamp":"2026-02-11T07:33:33.1371979Z","services":[{"service":"Promotions API","url":"http://localhost:5137/api/health","status":"Healthy","responseTime":"31ms","statusCode":200},{"service":"SSO API","url":"http://localhost:5253/api/health","status":"Healthy","responseTime":"21ms","statusCode":200}]}
2026-02-11 12:33:33.154 +05:00 [INF] HTTP GET /api/gateway/health responded 200 in 88.5580 ms
2026-02-11 12:33:36.856 +05:00 [INF] JWT validated for haris
2026-02-11 12:33:36.867 +05:00 [INF] Forwarding request POST /api/promotions/actions/atomic to http://localhost:5137/api/promotions/actions/atomic
2026-02-11 12:33:37.928 +05:00 [INF] Received response 200 from http://localhost:5137/api/promotions/actions/atomic
2026-02-11 12:33:37.935 +05:00 [INF] HTTP POST /api/promotions/actions/atomic responded 200 in 1079.3497 ms | User: haris (23) | IP: ::1 | RequestBody: {"idAction":300,"name":"PROMO_300","codDiv":"DIV_300","dteStartSellIn":"2026-02-10T12:32","dteEndSellIn":"2026-02-28T12:32","dteStartSellOut":"2026-02-16T12:32","dteEndSellOut":"2026-02-27T12:32","documentKey":"KEY_300","dteToShost":"2026-02-20T12:32","levParticipants":30,"participants":[{"codParticipant":"NODE_300","flgInclusion":true,"codHier":"H_300","codDiv":"DIV_300","codNode":"NODE_300","idLevel":30,"dteStart":"2026-02-10T12:31:00"}],"deliveryPoints":[{"codDeliveryPoint":"NODE_300","flgInclusion":true,"codHier":"H_300","codDiv":"DIV_300","codNode":"NODE_300","idLevel":30,"dteStart":"2026-02-10T12:31:00"}],"products":[{"codProduct":"PRD_300","levProduct":30,"codDisplay":"DSP_300","codDiv":"DIV_300","qtyEstimated":3200,"perceDiscount1":4.5,"perceDiscount2":5.5,"numMeasure":0,"codMeasure":"MEASURE_300","details":[{"codNode":"NODE_300","codDiv":"DIV_300","flgInclusion":true,"articles":[{"codDiv":"DIV_300","codNode":"NODE_300","codNode1":"HHHHHH","codNode2":"QQQQQQQQ","codNodeN":"UUUUUUUU"}]}],"measureFields":[{"fieldName":"300_PROMO","formula":"G*g/300"}]}]} | ResponseBody: 
2026-02-11 12:33:37.948 +05:00 [INF] HTTP POST /api/promotions/actions/atomic responded 200 in 1092.7307 ms
2026-02-11 12:33:39.348 +05:00 [INF] JWT validated for haris
2026-02-11 12:33:39.359 +05:00 [INF] Forwarding request GET /api/promotions/actions to http://localhost:5137/api/promotions/actions
2026-02-11 12:33:39.366 +05:00 [INF] JWT validated for haris
2026-02-11 12:33:39.494 +05:00 [INF] Received response 200 from http://localhost:5137/api/promotions/actions
2026-02-11 12:33:39.525 +05:00 [INF] HTTP GET /api/promotions/actions responded 200 in 176.6513 ms | User: haris (23) | IP: ::1 | RequestBody:  | ResponseBody: [{"idAction":3,"name":"PROMO_3","codDiv":"DIV_3","dteStartSellIn":"2026-02-01T00:00:00","dteEndSellIn":"2026-02-28T00:00:00","dteStartSellOut":"2026-01-25T00:00:00","dteEndSellOut":"2026-01-30T00:00:00","documentKey":"KEY_3","dteToShost":"2026-01-10T00:00:00","levParticipants":3},{"idAction":5,"name":"PROMO_5_5","codDiv":"DIV_5","dteStartSellIn":"2026-02-24T00:00:00","dteEndSellIn":"2026-02-21T00:00:00","dteStartSellOut":"2026-02-24T00:00:00","dteEndSellOut":"2026-02-27T00:00:00","documentKey":"DOC_KEY_is_5","dteToShost":"2026-01-18T00:00:00","levParticipants":55555555},{"idAction":6,"name":"PROMO_6","codDiv":"DIV_6","dteStartSellIn":"2026-02-01T00:00:00","dteEndSellIn":"2026-02-25T00:00:00","dteStartSellOut":"2026-01-15T00:00:00","dteEndSellOut":"2026-01-24T00:00:00","documentKey":"DOCC_6_KEY","dteToShost":"2026-01-15T00:00:00","levParticipants":6},{"idAction":7,"name":"PROMO_7","codDiv":"DIV_7","dteStartSellIn":"2026-02-06T12:05:00","dteEndSellIn":"2026-02-07T12:05:00","dteStartSellOut":"2026-02-08T12:05:00","dteEndSellOut":"2026-02-09T12:05:00","documentKey":"KEY_7","dteToShost":"2026-02-05T12:04:00","levParticipants":7},{"idAction":10,"name":"PROMO_10","codDiv":"DIV_10","dteStartSellIn":"2026-02-01T00:00:00","dteEndSellIn":"2026-02-26T00:00:00","dteStartSellOut":"2026-01-23T00:00:00","dteEndSellOut":"2026-01-24T00:00:00","documentKey":"DOCC_KEY_10","dteToShost":"2026-01-29T00:00:00","levParticipants":10},{"idAction":12,"name":"PROMO_12","codDiv":"DIV_12","dteStartSellIn":"2026-02-06T12:27:00","dteEndSellIn":"2026-02-07T12:27:00","dteStartSellOut":"2026-02-08T12:27:00","dteEndSellOut":"2026-02-09T12:27:00","documentKey":"KEY_12","dteToShost":"2026-02-03T12:26:00","levParticipants":12},{"idAction":24,"name":"PROMO_24","codDiv":"DIV_24","dteStartSellIn":"2026-02-05T12:48:00","dteEndSellIn":"2026-02-06T12:48:00","dteStartSellOut":"2026-02-07T12:48:00","dteEndSellOut":"2026-02-08T12:48:00","documentKey":"KEY_24","dteToShost":"2026-02-03T12:48:00","levParticipants":24},{"idAction":45,"name":"cccc","codDiv":"DIV01","dteStartSellIn":"2026-01-16T00:00:00","dteEndSellIn":"2026-01-17T00:00:00","dteStartSellOut":"2026-01-16T00:00:00","dteEndSellOut":"2026-01-17T00:00:00","documentKey":null,"dteToShost":null,"levParticipants":2},{"idAction":87,"name":"promo_87","codDiv":"DIV_87","dteStartSellIn":"2026-02-07T14:44:00","dteEndSellIn":"2026-02-10T14:44:00","dteStartSellOut":"2026-02-22T14:44:00","dteEndSellOut":"2026-02-26T14:44:00","documentKey":"KEY_87","dteToShost":"2026-02-03T14:44:00","levParticipants":87},{"idAction":98,"name":"PROMO_98","codDiv":"DIV_98","dteStartSellIn":"2026-01-08T18:25:00","dteEndSellIn":"2026-01-17T18:25:00","dteStartSellOut":"2026-01-28T18:25:00","dteEndSellOut":"2026-01-30T18:25:00","documentKey":"DOCC_98","dteToShost":"2026-01-31T18:25:00","levParticipants":98},{"idAction":100,"name":"PROMO_100","codDiv":"DIV_100","dteStartSellIn":"2026-02-11T14:08:00","dteEndSellIn":"2026-02-14T14:08:00","dteStartSellOut":"2026-02-22T14:08:00","dteEndSellOut":"2026-02-27T14:08:00","documentKey":"KEY_100","dteToShost":"2026-02-10T14:08:00","levParticipants":10},{"idAction":200,"name":"PROMO_200","codDiv":"DIV_200","dteStartSellIn":"2026-02-10T14:15:00","dteEndSellIn":"2026-02-28T14:15:00","dteStartSellOut":"2026-02-11T14:15:00","dteEndSellOut":"2026-02-23T14:15:00","documentKey":"KEY_200","dteToShost":"2026-02-14T14:14:00","levParticipants":20},{"idAction":300,"name":"PROMO_300","codDiv":"DIV_300","dteStartSellIn":"2026-02-10T12:32:00","dteEndSellIn":"2026-02-28T12:32:00","dteStartSellOut":"2026-02-16T12:32:00","dteEndSellOut":"2026-02-27T12:32:00","documentKey":"KEY_300","dteToShost":"2026-02-20T12:32:00","levParticipants":30},{"idAction":321,"name":"PROMO_321","codDiv":"DIV_A","dteStartSellIn":"2026-02-01T18:27:00","dteEndSellIn":"2026-02-28T18:27:00","dteStartSellOut":"2026-02-04T18:27:00","dteEndSellOut":"2026-02-23T18:27:00","documentKey":"KEY_A","dteToShost":"2026-02-03T18:27:00","levParticipants":1},{"idAction":1111,"name":"PROMO_1111","codDiv":"DIV_1111","dteStartSellIn":"2026-01-01T17:00:00","dteEndSellIn":"2026-01-30T17:02:00","dteStartSellOut":"2026-01-17T17:02:00","dteEndSellOut":"2026-01-28T17:02:00","documentKey":"1111_DOCC_KEY","dteToShost":"2026-01-13T17:02:00","levParticipants":11},{"idAction":2020,"name":"Spring Special 2020","codDiv":"D-2020","dteStartSellIn":"2026-01-03T12:28:00","dteEndSellIn":"2026-01-04T12:28:00","dteStartSellOut":"2026-01-05T12:28:00","dteEndSellOut":"2026-01-06T12:28:00","documentKey":"DOC-SPRING-2020","dteToShost":"2026-01-02T12:28:00","levParticipants":1},{"idAction":2222,"name":"haseeb","codDiv":"DIV02","dteStartSellIn":"2026-02-01T00:00:00","dteEndSellIn":"2026-01-11T00:00:00","dteStartSellOut":"2026-01-28T00:00:00","dteEndSellOut":"2026-01-30T00:00:00","documentKey":"","dteToShost":null,"levParticipants":2},{"idAction":2323,"name":"Winter Sale Campaign 2323","codDiv":"D-2323","dteStartSellIn":"2026-01-19T14:39:00","dteEndSellIn":"2026-01-20T14:40:00","dteStartSellOut":"2026-01-21T14:40:00","dteEndSellOut":"2026-01-22T14:40:00","documentKey":"DOC-WINTER-2323","dteToShost":"2026-01-30T14:39:00","levParticipants":1},{"idAction":5005,"name":"bbb","codDiv":"DIV5005","dteStartSellIn":"2026-01-23T00:00:00","dteEndSellIn":"2026-01-30T00:00:00","dteStartSellOut":"2026-01-26T00:00:00","dteEndSellOut":"2026-01-18T00:00:00","documentKey":"555553","dteToShost":"2026-01-19T00:00:00","levParticipants":14},{"idAction":6000,"name":"Zero Redundancy Campaign 6000","codDiv":"DIV-6000","dteStartSellIn":"2026-02-01T00:00:00","dteEndSellIn":"2026-02-24T00:00:00","dteStartSellOut":"2026-02-01T00:00:00","dteEndSellOut":"2026-02-28T00:00:00","documentKey":"DOC-6000","dteToShost":"2026-01-05T00:00:00","levParticipants":1},{"idAction":6767,"name":"XTEL Launch Promo 6767","codDiv":"DIV-6767","dteStartSellIn":"2026-02-01T00:00:00","dteEndSellIn":"2026-02-28T00:00:00","dteStartSellOut":"2026-01-22T00:00:00","dteEndSellOut":"2026-01-23T00:00:00","documentKey":"DOC-XTEL-6767","dteToShost":"2026-01-03T00:00:00","levParticipants":1},{"idAction":7000,"name":"Atomic Campaign 7000","codDiv":"DIV-7000","dteStartSellIn":"2026-01-01T00:00:00","dteEndSellIn":"2026-01-31T00:00:00","dteStartSellOut":"2026-02-01T00:00:00","dteEndSellOut":"2026-02-28T00:00:00","documentKey":"DOC-7000","dteToShost":null,"levParticipants":1},{"idAction":8888,"name":"Atomic Campaign 8888 Complete","codDiv":"DIV-8888","dteStartSellIn":"2026-01-01T00:00:00","dteEndSellIn":"2026-01-31T00:00:00","dteStartSellOut":"2026-02-01T00:00:00","dteEndSellOut":"2026-02-28T00:00:00","documentKey":"DOC-8888","dteToShost":null,"levParticipants":1},{"idAction":9000,"name":"Balanced Atomic Campaign 9000","codDiv":"DIV-9000","dteStartSellIn":"2026-01-01T00:00:00","dteEndSellIn":"2026-01-31T00:00:00","dteStartSellOut":"2026-02-01T00:00:00","dteEndSellOut":"2026-02-28T00:00:00","documentKey":"DOC-9000","dteToShost":null,"levParticipants":1},{"idAction":9999,"name":"I should not exist in DB","codDiv":"DIV-9999","dteStartSellIn":"2026-01-01T00:00:00","dteEndSellIn":"2026-01-31T00:00:00","dteStartSellOut":"2026-02-01T00:00:00","dteEndSellOut":"2026-02-28T00:00:00","documentKey":"DOC-9999","dteToShost":null,"levParticipants":1}]
2026-02-11 12:33:39.556 +05:00 [INF] HTTP GET /api/gateway/health responded 200 in 190.2940 ms | User: haris (23) | IP: ::1 | RequestBody:  | ResponseBody: {"status":"Healthy","timestamp":"2026-02-11T07:33:39.5541748Z","services":[{"service":"Promotions API","url":"http://localhost:5137/api/health","status":"Healthy","responseTime":"101ms","statusCode":200},{"service":"SSO API","url":"http://localhost:5253/api/health","status":"Healthy","responseTime":"50ms","statusCode":200}]}
2026-02-11 12:33:39.563 +05:00 [INF] HTTP GET /api/promotions/actions responded 200 in 215.2491 ms
2026-02-11 12:33:39.581 +05:00 [INF] HTTP GET /api/gateway/health responded 200 in 215.2613 ms
2026-02-11 12:33:42.651 +05:00 [INF] JWT validated for haris
2026-02-11 12:33:42.661 +05:00 [INF] Forwarding request GET /api/promotions/actions/300/complete to http://localhost:5137/api/promotions/actions/300/complete
2026-02-11 12:33:42.916 +05:00 [INF] Received response 200 from http://localhost:5137/api/promotions/actions/300/complete
2026-02-11 12:33:42.924 +05:00 [INF] HTTP GET /api/promotions/actions/300/complete responded 200 in 272.9445 ms | User: haris (23) | IP: ::1 | RequestBody:  | ResponseBody: {"promoAction":{"idAction":300,"name":"PROMO_300","codDiv":"DIV_300","dteStartSellIn":"2026-02-10T12:32:00","dteEndSellIn":"2026-02-28T12:32:00","dteStartSellOut":"2026-02-16T12:32:00","dteEndSellOut":"2026-02-27T12:32:00","documentKey":"KEY_300","dteToShost":"2026-02-20T12:32:00","levParticipants":30},"products":[{"idAction":300,"codProduct":"PRD_300","levProduct":30,"codDisplay":"DSP_300","codDiv":"DIV_300","qtyEstimated":3200.00,"perceDiscount1":4.50,"perceDiscount2":5.50,"numMeasure":0.00,"codMeasure":"MEASURE_300","details":[{"idAction":300,"codProduct":"PRD_300","levProduct":30,"codDisplay":"DSP_300","codNode":"NODE_300","codDiv":"DIV_300","flgInclusion":true,"articles":[{"idAction":300,"codProduct":"PRD_300","levProduct":30,"codDisplay":"DSP_300","codDiv":"DIV_300","codNode":"NODE_300","codNode1":"HHHHHH","codNode2":"QQQQQQQQ","codNodeN":"UUUUUUUU"}]}],"measureFields":[{"codDiv":"DIV_300","codMeasure":"MEASURE_300","fieldName":"300_PROMO","formula":"G*g/300"}]}],"articles":[{"idAction":300,"codProduct":"PRD_300","levProduct":30,"codDisplay":"DSP_300","codDiv":"DIV_300","codNode":"NODE_300","codNode1":"HHHHHH","codNode2":"QQQQQQQQ","codNodeN":"UUUUUUUU"}],"measureFields":[{"codDiv":"DIV_300","codMeasure":"MEASURE_300","fieldName":"300_PROMO","formula":"G*g/300"}],"participants":[{"idAction":300,"codParticipant":"NODE_300","flgInclusion":true,"codHier":"H_300","codDiv":"DIV_300","codNode":"NODE_300","idLevel":30,"dteStart":"0001-01-01T00:00:00"}],"deliveryPoints":[{"idAction":300,"codDeliveryPoint":"NODE_300","flgInclusion":true,"codHier":"H_300","codDiv":"DIV_300","codNode":"NODE_300","idLevel":30,"dteStart":"0001-01-01T00:00:00"}],"productDetails":[{"idAction":300,"codProduct":"PRD_300","levProduct":30,"codDisplay":"DSP_300","codNode":"NODE_300","codDiv":"DIV_300","flgInclusion":true,"articles":[{"idAction":300,"codProduct":"PRD_300","levProduct":30,"codDisplay":"DSP_300","codDiv":"DIV_300","codNode":"NODE_300","codNode1":"HHHHHH","codNode2":"QQQQQQQQ","codNodeN":"UUUUUUUU"}]}],"customers":[{"idAction":300,"codHier":"H_300","codDiv":"DIV_300","codNode":"NODE_300","idLevel":30,"dteStart":"2026-02-10T12:31:00","codParentNode":"ROOT_300","dteEnd":"2026-02-28T12:31:00"}]}
2026-02-11 12:33:42.939 +05:00 [INF] HTTP GET /api/promotions/actions/300/complete responded 200 in 287.8600 ms
2026-02-11 12:33:43.068 +05:00 [INF] JWT validated for haris
2026-02-11 12:33:43.165 +05:00 [INF] HTTP GET /api/gateway/health responded 200 in 97.0111 ms | User: haris (23) | IP: ::1 | RequestBody:  | ResponseBody: {"status":"Healthy","timestamp":"2026-02-11T07:33:43.164505Z","services":[{"service":"Promotions API","url":"http://localhost:5137/api/health","status":"Healthy","responseTime":"49ms","statusCode":200},{"service":"SSO API","url":"http://localhost:5253/api/health","status":"Healthy","responseTime":"34ms","statusCode":200}]}
2026-02-11 12:33:43.194 +05:00 [INF] HTTP GET /api/gateway/health responded 200 in 126.2265 ms
2026-02-11 12:33:48.060 +05:00 [INF] JWT validated for haris
2026-02-11 12:33:48.162 +05:00 [INF] HTTP GET /api/gateway/health responded 200 in 102.1867 ms | User: haris (23) | IP: ::1 | RequestBody:  | ResponseBody: {"status":"Healthy","timestamp":"2026-02-11T07:33:48.1616943Z","services":[{"service":"Promotions API","url":"http://localhost:5137/api/health","status":"Healthy","responseTime":"52ms","statusCode":200},{"service":"SSO API","url":"http://localhost:5253/api/health","status":"Healthy","responseTime":"36ms","statusCode":200}]}
2026-02-11 12:33:48.182 +05:00 [INF] HTTP GET /api/gateway/health responded 200 in 122.4162 ms
2026-02-11 12:33:50.881 +05:00 [INF] JWT validated for haris
2026-02-11 12:33:50.898 +05:00 [INF] Forwarding request GET /api/participants/all to http://localhost:5137/api/participants/all
2026-02-11 12:33:50.901 +05:00 [INF] JWT validated for haris
2026-02-11 12:33:50.950 +05:00 [INF] Forwarding request GET /api/promotions/customer-relations to http://localhost:5137/api/promotions/customer-relations
2026-02-11 12:33:51.019 +05:00 [INF] Received response 200 from http://localhost:5137/api/participants/all
2026-02-11 12:33:51.032 +05:00 [INF] Received response 200 from http://localhost:5137/api/promotions/customer-relations
2026-02-11 12:33:51.036 +05:00 [INF] HTTP GET /api/participants/all responded 200 in 155.0690 ms | User: haris (23) | IP: ::1 | RequestBody:  | ResponseBody: [{"idAction":3,"codParticipant":"N_1","flgInclusion":true,"codHier":"H_1","codDiv":"D_1","codNode":"N_1","idLevel":1,"dteStart":"2026-01-30T09:35:43.289"},{"idAction":3,"codParticipant":"NODE_3","flgInclusion":true,"codHier":"H_3","codDiv":"DIV_3","codNode":"NODE_3","idLevel":3,"dteStart":"2026-01-01T10:45:00"},{"idAction":3,"codParticipant":"NODE_5","flgInclusion":true,"codHier":"H_5","codDiv":"DIV_5","codNode":"NODE_5","idLevel":5,"dteStart":"2026-01-30T10:50:00"},{"idAction":5,"codParticipant":"NODE_5","flgInclusion":true,"codHier":"H_5","codDiv":"DIV_5","codNode":"NODE_5","idLevel":5,"dteStart":"2026-01-30T10:50:00"},{"idAction":6,"codParticipant":"N_9898","flgInclusion":true,"codHier":"H_999","codDiv":"D_5878","codNode":"N_878","idLevel":8,"dteStart":"2026-01-14T00:00:00"},{"idAction":6,"codParticipant":"NODE_3","flgInclusion":true,"codHier":"H_3","codDiv":"DIV_3","codNode":"NODE_3","idLevel":3,"dteStart":"2026-01-01T10:45:00"},{"idAction":6,"codParticipant":"NODE_5","flgInclusion":true,"codHier":"H_5","codDiv":"DIV_5","codNode":"NODE_5","idLevel":5,"dteStart":"2026-01-30T10:50:00"},{"idAction":6,"codParticipant":"NODE_6","flgInclusion":true,"codHier":"H_6","codDiv":"DIV_6","codNode":"NODE_6","idLevel":6,"dteStart":"2026-01-30T15:01:00"},{"idAction":6,"codParticipant":"NODE_676767","flgInclusion":true,"codHier":"H_676767","codDiv":"DIV_676767","codNode":"NODE_676767","idLevel":676767,"dteStart":"2026-01-31T00:00:00"},{"idAction":6,"codParticipant":"P-9000","flgInclusion":true,"codHier":"H-9000","codDiv":"DIV-9000","codNode":"CUST-9000","idLevel":10,"dteStart":"2026-01-01T00:00:00"},{"idAction":7,"codParticipant":"NODE_7","flgInclusion":true,"codHier":"H_7","codDiv":"DIV_7","codNode":"NODE_7","idLevel":7,"dteStart":"2026-02-02T12:04:00"},{"idAction":10,"codParticipant":"NODE_10","flgInclusion":true,"codHier":"H_10","codDiv":"DIV_10","codNode":"NODE_10","idLevel":10,"dteStart":"2026-01-01T14:45:00"},{"idAction":24,"codParticipant":"NODE_24","flgInclusion":true,"codHier":"H_24","codDiv":"DIV_24","codNode":"NODE_24","idLevel":24,"dteStart":"2026-02-04T12:48:00"},{"idAction":87,"codParticipant":"NODE_87","flgInclusion":true,"codHier":"H_87","codDiv":"DIV_87","codNode":"NODE_87","idLevel":87,"dteStart":"2026-02-06T14:07:00"},{"idAction":98,"codParticipant":"NODE_98","flgInclusion":true,"codHier":"H_98","codDiv":"DIV_98","codNode":"NODE_98","idLevel":98,"dteStart":"2026-01-30T18:25:00"},{"idAction":100,"codParticipant":"NODE_100","flgInclusion":true,"codHier":"H_100","codDiv":"DIV_100","codNode":"NODE_100","idLevel":10,"dteStart":"2026-02-09T13:54:00"},{"idAction":200,"codParticipant":"NODE_200","flgInclusion":true,"codHier":"H_200","codDiv":"DIV_200","codNode":"NODE_200","idLevel":20,"dteStart":"2026-02-10T14:14:00"},{"idAction":300,"codParticipant":"NODE_300","flgInclusion":true,"codHier":"H_300","codDiv":"DIV_300","codNode":"NODE_300","idLevel":30,"dteStart":"2026-02-10T12:31:00"},{"idAction":321,"codParticipant":"NODE_A","flgInclusion":true,"codHier":"H_A","codDiv":"DIV_A","codNode":"NODE_A","idLevel":1,"dteStart":"2026-02-01T18:26:00"},{"idAction":1111,"codParticipant":"NODE_1111","flgInclusion":true,"codHier":"H_1111","codDiv":"DIV_1111","codNode":"NODE_1111","idLevel":11,"dteStart":"2026-01-01T17:00:00"},{"idAction":2323,"codParticipant":"P-2323","flgInclusion":true,"codHier":"H-2323","codDiv":"D-2323","codNode":"C-2323","idLevel":4,"dteStart":"2026-01-01T12:48:00"},{"idAction":5005,"codParticipant":"","flgInclusion":true,"codHier":"H-9999","codDiv":"DIV-9999","codNode":"CUST-9999","idLevel":10,"dteStart":"2026-01-01T00:00:00"},{"idAction":6000,"codParticipant":"P-6000","flgInclusion":true,"codHier":"H-6000","codDiv":"DIV-6000","codNode":"CUST-6000","idLevel":10,"dteStart":"2026-01-01T00:00:00"},{"idAction":6767,"codParticipant":"P-6767","flgInclusion":false,"codHier":"H-6767","codDiv":"DIV-6767","codNode":"CUST-6767","idLevel":5,"dteStart":"2026-01-01T12:15:00"},{"idAction":7000,"codParticipant":"P-7000","flgInclusion":true,"codHier":"H-7000","codDiv":"DIV-7000","codNode":"CUST-7000","idLevel":10,"dteStart":"2026-01-01T00:00:00"},{"idAction":8888,"codParticipant":"P-8888","flgInclusion":true,"codHier":"H-8888","codDiv":"DIV-8888","codNode":"CUST-8888","idLevel":10,"dteStart":"2026-01-01T00:00:00"},{"idAction":9000,"codParticipant":"P-9000","flgInclusion":true,"codHier":"H-9000","codDiv":"DIV-9000","codNode":"CUST-9000","idLevel":10,"dteStart":"2026-01-01T00:00:00"},{"idAction":9999,"codParticipant":"P-9999","flgInclusion":true,"codHier":"H-9999","codDiv":"DIV-9999","codNode":"CUST-9999","idLevel":10,"dteStart":"2026-01-01T00:00:00"}]
2026-02-11 12:33:51.044 +05:00 [INF] HTTP GET /api/promotions/customer-relations responded 200 in 142.8250 ms | User: haris (23) | IP: ::1 | RequestBody:  | ResponseBody: [{"idAction":0,"codHier":"5555","codDiv":"div5555","codNode":"f5555","idLevel":1,"dteStart":"2026-01-15T00:00:00","codParentNode":"root","dteEnd":null},{"idAction":0,"codHier":"56","codDiv":"565","codNode":"56","idLevel":55,"dteStart":"2026-01-29T00:44:00","codParentNode":"haseeb","dteEnd":"2026-01-26T00:44:00"},{"idAction":0,"codHier":"H_1","codDiv":"D_1","codNode":"D_1","idLevel":1,"dteStart":"2026-01-30T00:00:00","codParentNode":"ROOT","dteEnd":null},{"idAction":0,"codHier":"H_1","codDiv":"D_1","codNode":"N_1","idLevel":1,"dteStart":"2026-01-30T09:35:43.289","codParentNode":"ROOT","dteEnd":null},{"idAction":0,"codHier":"H_10","codDiv":"DIV_10","codNode":"NODE_10","idLevel":10,"dteStart":"2026-01-01T14:45:00","codParentNode":"ROOT_10","dteEnd":"2026-01-31T14:44:00"},{"idAction":0,"codHier":"H_100","codDiv":"DIV_100","codNode":"NODE_100","idLevel":10,"dteStart":"2026-02-09T13:54:00","codParentNode":"ROOT_100","dteEnd":"2026-02-10T13:54:00"},{"idAction":0,"codHier":"H_1111","codDiv":"DIV_1111","codNode":"NODE_1111","idLevel":11,"dteStart":"2026-01-01T17:00:00","codParentNode":"ROOT_1111","dteEnd":"2026-01-30T17:01:00"},{"idAction":0,"codHier":"H_12","codDiv":"DIV_12","codNode":"NODE_12","idLevel":12,"dteStart":"2026-02-03T12:26:00","codParentNode":"ROOT_12","dteEnd":"2026-02-06T12:26:00"},{"idAction":0,"codHier":"H_17","codDiv":"DIV_17","codNode":"NODE_17","idLevel":17,"dteStart":"2026-02-07T15:44:00","codParentNode":"ROOT_17","dteEnd":"2026-02-24T15:44:00"},{"idAction":0,"codHier":"H_19","codDiv":"DIV_19","codNode":"NODE_19","idLevel":19,"dteStart":"2026-02-04T13:59:00","codParentNode":"ROOT_19","dteEnd":"2026-02-05T13:59:00"},{"idAction":0,"codHier":"H_200","codDiv":"DIV_200","codNode":"NODE_200","idLevel":20,"dteStart":"2026-02-10T14:14:00","codParentNode":"ROOT_200","dteEnd":"2026-02-24T14:14:00"},{"idAction":0,"codHier":"H_21","codDiv":"DIV_21","codNode":"NODE_21","idLevel":21,"dteStart":"2026-02-05T14:01:00","codParentNode":"ROOT_21","dteEnd":"2026-02-07T14:01:00"},{"idAction":0,"codHier":"H_222","codDiv":"DIV_222","codNode":"NODE_222","idLevel":222,"dteStart":"2026-02-04T12:53:00","codParentNode":"ROOT_222","dteEnd":"2026-02-06T12:53:00"},{"idAction":0,"codHier":"H_24","codDiv":"DIV_24","codNode":"NODE_24","idLevel":24,"dteStart":"2026-02-04T12:48:00","codParentNode":"ROOT_24","dteEnd":"2026-02-05T12:48:00"},{"idAction":0,"codHier":"H_25","codDiv":"DIV_25","codNode":"NODE_25","idLevel":25,"dteStart":"2026-02-10T14:04:00","codParentNode":"ROOT_25","dteEnd":"2026-02-11T14:04:00"},{"idAction":0,"codHier":"H_3","codDiv":"DIV_3","codNode":"NODE_3","idLevel":3,"dteStart":"2026-01-01T10:45:00","codParentNode":"ROOT_3","dteEnd":"2026-01-30T10:44:00"},{"idAction":0,"codHier":"H_300","codDiv":"DIV_300","codNode":"NODE_300","idLevel":30,"dteStart":"2026-02-10T12:31:00","codParentNode":"ROOT_300","dteEnd":"2026-02-28T12:31:00"},{"idAction":0,"codHier":"H_5","codDiv":"DIV_5","codNode":"NODE_5","idLevel":5,"dteStart":"2026-01-30T10:50:00","codParentNode":"ROOT_5","dteEnd":"2026-01-31T10:48:00"},{"idAction":0,"codHier":"H_6","codDiv":"DIV_6","codNode":"NODE_6","idLevel":6,"dteStart":"2026-01-30T15:01:00","codParentNode":"ROOT_6","dteEnd":"2026-01-31T15:01:00"},{"idAction":0,"codHier":"H_656565","codDiv":"DIV_656565","codNode":"C_656565","idLevel":9,"dteStart":"2026-01-20T00:00:00","codParentNode":"ROOT","dteEnd":null},{"idAction":0,"codHier":"H_676767","codDiv":"DIV_676767","codNode":"NODE_676767","idLevel":676767,"dteStart":"2026-01-31T00:00:00","codParentNode":"ROOT","dteEnd":null},{"idAction":0,"codHier":"H_7","codDiv":"DIV_7","codNode":"NODE_7","idLevel":7,"dteStart":"2026-02-02T12:04:00","codParentNode":"ROOT_7","dteEnd":"2026-02-04T12:04:00"},{"idAction":0,"codHier":"H_87","codDiv":"DIV_87","codNode":"NODE_87","idLevel":87,"dteStart":"2026-02-06T14:07:00","codParentNode":"ROOT_87","dteEnd":"2026-02-26T14:07:00"},{"idAction":0,"codHier":"H_98","codDiv":"DIV_98","codNode":"NODE_98","idLevel":98,"dteStart":"2026-01-30T18:25:00","codParentNode":"ROOT_98","dteEnd":"2026-01-31T18:25:00"},{"idAction":0,"codHier":"H_999","codDiv":"D_5878","codNode":"N_878","idLevel":8,"dteStart":"2026-01-14T00:00:00","codParentNode":"ROOT","dteEnd":null},{"idAction":0,"codHier":"H_A","codDiv":"DIV_A","codNode":"NODE_A","idLevel":1,"dteStart":"2026-02-01T18:26:00","codParentNode":"ROOT_A","dteEnd":"2026-02-14T18:26:00"},{"idAction":0,"codHier":"H-1010","codDiv":"D-1010","codNode":"C-1010","idLevel":1,"dteStart":"2026-01-01T11:54:00","codParentNode":"root","dteEnd":"2026-01-12T11:54:00"},{"idAction":0,"codHier":"H-11","codDiv":"DIV-11","codNode":"C-11","idLevel":11,"dteStart":"2026-01-01T15:05:00","codParentNode":"ROOT","dteEnd":"2026-01-31T15:05:00"},{"idAction":0,"codHier":"H-1111","codDiv":"DIV-1111","codNode":"CUST-1111","idLevel":10,"dteStart":"2026-01-01T00:00:00","codParentNode":"ROOT","dteEnd":null},{"idAction":0,"codHier":"H-1414","codDiv":"D-1414","codNode":"C-1414","idLevel":4,"dteStart":"2026-01-01T14:45:00","codParentNode":"ROOT","dteEnd":"2026-01-15T14:45:00"},{"idAction":0,"codHier":"H-2","codDiv":"DIV-2","codNode":"CUST-2","idLevel":2,"dteStart":"2026-01-01T12:40:00","codParentNode":"ROOT","dteEnd":"2026-01-16T12:37:00"},{"idAction":0,"codHier":"H-2","codDiv":"DIV-2","codNode":"CUST-2","idLevel":2,"dteStart":"2026-01-21T12:37:00","codParentNode":"ROOT","dteEnd":"2026-01-24T12:37:00"},{"idAction":0,"codHier":"H-2020","codDiv":"D-2020","codNode":"C-2020","idLevel":2,"dteStart":"2026-01-02T12:27:00","codParentNode":"root","dteEnd":"2026-01-30T12:27:00"},{"idAction":0,"codHier":"H-2255","codDiv":"DIV-2255","codNode":"CUST-2255","idLevel":10,"dteStart":"2026-01-01T00:00:00","codParentNode":"ROOT","dteEnd":null},{"idAction":0,"codHier":"H-2323","codDiv":"D-2323","codNode":"C-2323","idLevel":4,"dteStart":"2026-01-01T12:48:00","codParentNode":"ROOT","dteEnd":"2026-01-12T12:49:00"},{"idAction":0,"codHier":"H-3333","codDiv":"DIV-3333","codNode":"CUST-3333","idLevel":10,"dteStart":"2026-01-01T00:00:00","codParentNode":"ROOT","dteEnd":null},{"idAction":0,"codHier":"H-3344","codDiv":"DIV-3345","codNode":"CUST-3345","idLevel":10,"dteStart":"2026-01-01T00:00:00","codParentNode":"ROOT","dteEnd":null},{"idAction":0,"codHier":"H-3345","codDiv":"DIV-3345","codNode":"CUST-3345","idLevel":10,"dteStart":"2026-01-01T00:00:00","codParentNode":"ROOT","dteEnd":null},{"idAction":0,"codHier":"H-4","codDiv":"DIV-4","codNode":"CUST-4","idLevel":4,"dteStart":"2026-01-01T14:44:00","codParentNode":"ROOT","dteEnd":"2026-01-02T14:44:00"},{"idAction":0,"codHier":"H-5555","codDiv":"DIV-5555","codNode":"CUST-5555","idLevel":10,"dteStart":"2026-01-01T00:00:00","codParentNode":"ROOT","dteEnd":null},{"idAction":0,"codHier":"H-6000","codDiv":"DIV-6000","codNode":"CUST-6000","idLevel":10,"dteStart":"2026-01-01T00:00:00","codParentNode":"ROOT","dteEnd":"2026-12-31T00:00:00"},{"idAction":0,"codHier":"H-6666","codDiv":"DIV-6666","codNode":"CUST-6666","idLevel":10,"dteStart":"2026-01-17T01:30:00","codParentNode":"ROOT","dteEnd":"2026-01-18T01:30:00"},{"idAction":0,"codHier":"H-6767","codDiv":"DIV-6767","codNode":"CUST-6767","idLevel":5,"dteStart":"2026-01-01T12:15:00","codParentNode":"ROOT","dteEnd":"2026-01-08T12:15:00"},{"idAction":0,"codHier":"H-7000","codDiv":"DIV-7000","codNode":"CUST-7000","idLevel":10,"dteStart":"2026-01-01T00:00:00","codParentNode":"ROOT","dteEnd":null},{"idAction":0,"codHier":"H-7777","codDiv":"DIV-7777","codNode":"CUST-7777","idLevel":10,"dteStart":"2026-01-01T00:00:00","codParentNode":"ROOT","dteEnd":null},{"idAction":0,"codHier":"H-7878","codDiv":"DIV-7878","codNode":"CUST-7878","idLevel":3,"dteStart":"2026-01-18T11:43:00","codParentNode":"ROOT","dteEnd":"2026-01-19T11:43:00"},{"idAction":0,"codHier":"H-8000","codDiv":"DIV-8000","codNode":"CUST-8000","idLevel":10,"dteStart":"2026-01-01T00:00:00","codParentNode":"ROOT","dteEnd":null},{"idAction":0,"codHier":"H-8888","codDiv":"DIV-8888","codNode":"CUST-8888","idLevel":10,"dteStart":"2026-01-01T00:00:00","codParentNode":"ROOT","dteEnd":null},{"idAction":0,"codHier":"H-9000","codDiv":"DIV-9000","codNode":"CUST-9000","idLevel":10,"dteStart":"2026-01-01T00:00:00","codParentNode":"ROOT","dteEnd":null},{"idAction":0,"codHier":"H-9999","codDiv":"DIV-9999","codNode":"CUST-9999","idLevel":10,"dteStart":"2026-01-01T00:00:00","codParentNode":"ROOT","dteEnd":null},{"idAction":0,"codHier":"HIER_CORP","codDiv":"DIV01","codNode":"NODE_9111","idLevel":1,"dteStart":"2026-01-15T00:00:00","codParentNode":"ROOT_NODE","dteEnd":null}]
2026-02-11 12:33:51.079 +05:00 [INF] HTTP GET /api/promotions/customer-relations responded 200 in 177.7754 ms
2026-02-11 12:33:51.084 +05:00 [INF] JWT validated for haris
2026-02-11 12:33:51.070 +05:00 [INF] HTTP GET /api/participants/all responded 200 in 188.9266 ms
2026-02-11 12:33:51.090 +05:00 [INF] JWT validated for haris
2026-02-11 12:33:51.122 +05:00 [INF] Forwarding request GET /api/participants/all to http://localhost:5137/api/participants/all
2026-02-11 12:33:51.130 +05:00 [INF] Forwarding request GET /api/promotions/customer-relations to http://localhost:5137/api/promotions/customer-relations
2026-02-11 12:33:51.195 +05:00 [INF] Received response 200 from http://localhost:5137/api/promotions/customer-relations
2026-02-11 12:33:51.202 +05:00 [INF] Received response 200 from http://localhost:5137/api/participants/all
2026-02-11 12:33:51.205 +05:00 [INF] HTTP GET /api/promotions/customer-relations responded 200 in 114.8736 ms | User: haris (23) | IP: ::1 | RequestBody:  | ResponseBody: [{"idAction":0,"codHier":"5555","codDiv":"div5555","codNode":"f5555","idLevel":1,"dteStart":"2026-01-15T00:00:00","codParentNode":"root","dteEnd":null},{"idAction":0,"codHier":"56","codDiv":"565","codNode":"56","idLevel":55,"dteStart":"2026-01-29T00:44:00","codParentNode":"haseeb","dteEnd":"2026-01-26T00:44:00"},{"idAction":0,"codHier":"H_1","codDiv":"D_1","codNode":"D_1","idLevel":1,"dteStart":"2026-01-30T00:00:00","codParentNode":"ROOT","dteEnd":null},{"idAction":0,"codHier":"H_1","codDiv":"D_1","codNode":"N_1","idLevel":1,"dteStart":"2026-01-30T09:35:43.289","codParentNode":"ROOT","dteEnd":null},{"idAction":0,"codHier":"H_10","codDiv":"DIV_10","codNode":"NODE_10","idLevel":10,"dteStart":"2026-01-01T14:45:00","codParentNode":"ROOT_10","dteEnd":"2026-01-31T14:44:00"},{"idAction":0,"codHier":"H_100","codDiv":"DIV_100","codNode":"NODE_100","idLevel":10,"dteStart":"2026-02-09T13:54:00","codParentNode":"ROOT_100","dteEnd":"2026-02-10T13:54:00"},{"idAction":0,"codHier":"H_1111","codDiv":"DIV_1111","codNode":"NODE_1111","idLevel":11,"dteStart":"2026-01-01T17:00:00","codParentNode":"ROOT_1111","dteEnd":"2026-01-30T17:01:00"},{"idAction":0,"codHier":"H_12","codDiv":"DIV_12","codNode":"NODE_12","idLevel":12,"dteStart":"2026-02-03T12:26:00","codParentNode":"ROOT_12","dteEnd":"2026-02-06T12:26:00"},{"idAction":0,"codHier":"H_17","codDiv":"DIV_17","codNode":"NODE_17","idLevel":17,"dteStart":"2026-02-07T15:44:00","codParentNode":"ROOT_17","dteEnd":"2026-02-24T15:44:00"},{"idAction":0,"codHier":"H_19","codDiv":"DIV_19","codNode":"NODE_19","idLevel":19,"dteStart":"2026-02-04T13:59:00","codParentNode":"ROOT_19","dteEnd":"2026-02-05T13:59:00"},{"idAction":0,"codHier":"H_200","codDiv":"DIV_200","codNode":"NODE_200","idLevel":20,"dteStart":"2026-02-10T14:14:00","codParentNode":"ROOT_200","dteEnd":"2026-02-24T14:14:00"},{"idAction":0,"codHier":"H_21","codDiv":"DIV_21","codNode":"NODE_21","idLevel":21,"dteStart":"2026-02-05T14:01:00","codParentNode":"ROOT_21","dteEnd":"2026-02-07T14:01:00"},{"idAction":0,"codHier":"H_222","codDiv":"DIV_222","codNode":"NODE_222","idLevel":222,"dteStart":"2026-02-04T12:53:00","codParentNode":"ROOT_222","dteEnd":"2026-02-06T12:53:00"},{"idAction":0,"codHier":"H_24","codDiv":"DIV_24","codNode":"NODE_24","idLevel":24,"dteStart":"2026-02-04T12:48:00","codParentNode":"ROOT_24","dteEnd":"2026-02-05T12:48:00"},{"idAction":0,"codHier":"H_25","codDiv":"DIV_25","codNode":"NODE_25","idLevel":25,"dteStart":"2026-02-10T14:04:00","codParentNode":"ROOT_25","dteEnd":"2026-02-11T14:04:00"},{"idAction":0,"codHier":"H_3","codDiv":"DIV_3","codNode":"NODE_3","idLevel":3,"dteStart":"2026-01-01T10:45:00","codParentNode":"ROOT_3","dteEnd":"2026-01-30T10:44:00"},{"idAction":0,"codHier":"H_300","codDiv":"DIV_300","codNode":"NODE_300","idLevel":30,"dteStart":"2026-02-10T12:31:00","codParentNode":"ROOT_300","dteEnd":"2026-02-28T12:31:00"},{"idAction":0,"codHier":"H_5","codDiv":"DIV_5","codNode":"NODE_5","idLevel":5,"dteStart":"2026-01-30T10:50:00","codParentNode":"ROOT_5","dteEnd":"2026-01-31T10:48:00"},{"idAction":0,"codHier":"H_6","codDiv":"DIV_6","codNode":"NODE_6","idLevel":6,"dteStart":"2026-01-30T15:01:00","codParentNode":"ROOT_6","dteEnd":"2026-01-31T15:01:00"},{"idAction":0,"codHier":"H_656565","codDiv":"DIV_656565","codNode":"C_656565","idLevel":9,"dteStart":"2026-01-20T00:00:00","codParentNode":"ROOT","dteEnd":null},{"idAction":0,"codHier":"H_676767","codDiv":"DIV_676767","codNode":"NODE_676767","idLevel":676767,"dteStart":"2026-01-31T00:00:00","codParentNode":"ROOT","dteEnd":null},{"idAction":0,"codHier":"H_7","codDiv":"DIV_7","codNode":"NODE_7","idLevel":7,"dteStart":"2026-02-02T12:04:00","codParentNode":"ROOT_7","dteEnd":"2026-02-04T12:04:00"},{"idAction":0,"codHier":"H_87","codDiv":"DIV_87","codNode":"NODE_87","idLevel":87,"dteStart":"2026-02-06T14:07:00","codParentNode":"ROOT_87","dteEnd":"2026-02-26T14:07:00"},{"idAction":0,"codHier":"H_98","codDiv":"DIV_98","codNode":"NODE_98","idLevel":98,"dteStart":"2026-01-30T18:25:00","codParentNode":"ROOT_98","dteEnd":"2026-01-31T18:25:00"},{"idAction":0,"codHier":"H_999","codDiv":"D_5878","codNode":"N_878","idLevel":8,"dteStart":"2026-01-14T00:00:00","codParentNode":"ROOT","dteEnd":null},{"idAction":0,"codHier":"H_A","codDiv":"DIV_A","codNode":"NODE_A","idLevel":1,"dteStart":"2026-02-01T18:26:00","codParentNode":"ROOT_A","dteEnd":"2026-02-14T18:26:00"},{"idAction":0,"codHier":"H-1010","codDiv":"D-1010","codNode":"C-1010","idLevel":1,"dteStart":"2026-01-01T11:54:00","codParentNode":"root","dteEnd":"2026-01-12T11:54:00"},{"idAction":0,"codHier":"H-11","codDiv":"DIV-11","codNode":"C-11","idLevel":11,"dteStart":"2026-01-01T15:05:00","codParentNode":"ROOT","dteEnd":"2026-01-31T15:05:00"},{"idAction":0,"codHier":"H-1111","codDiv":"DIV-1111","codNode":"CUST-1111","idLevel":10,"dteStart":"2026-01-01T00:00:00","codParentNode":"ROOT","dteEnd":null},{"idAction":0,"codHier":"H-1414","codDiv":"D-1414","codNode":"C-1414","idLevel":4,"dteStart":"2026-01-01T14:45:00","codParentNode":"ROOT","dteEnd":"2026-01-15T14:45:00"},{"idAction":0,"codHier":"H-2","codDiv":"DIV-2","codNode":"CUST-2","idLevel":2,"dteStart":"2026-01-01T12:40:00","codParentNode":"ROOT","dteEnd":"2026-01-16T12:37:00"},{"idAction":0,"codHier":"H-2","codDiv":"DIV-2","codNode":"CUST-2","idLevel":2,"dteStart":"2026-01-21T12:37:00","codParentNode":"ROOT","dteEnd":"2026-01-24T12:37:00"},{"idAction":0,"codHier":"H-2020","codDiv":"D-2020","codNode":"C-2020","idLevel":2,"dteStart":"2026-01-02T12:27:00","codParentNode":"root","dteEnd":"2026-01-30T12:27:00"},{"idAction":0,"codHier":"H-2255","codDiv":"DIV-2255","codNode":"CUST-2255","idLevel":10,"dteStart":"2026-01-01T00:00:00","codParentNode":"ROOT","dteEnd":null},{"idAction":0,"codHier":"H-2323","codDiv":"D-2323","codNode":"C-2323","idLevel":4,"dteStart":"2026-01-01T12:48:00","codParentNode":"ROOT","dteEnd":"2026-01-12T12:49:00"},{"idAction":0,"codHier":"H-3333","codDiv":"DIV-3333","codNode":"CUST-3333","idLevel":10,"dteStart":"2026-01-01T00:00:00","codParentNode":"ROOT","dteEnd":null},{"idAction":0,"codHier":"H-3344","codDiv":"DIV-3345","codNode":"CUST-3345","idLevel":10,"dteStart":"2026-01-01T00:00:00","codParentNode":"ROOT","dteEnd":null},{"idAction":0,"codHier":"H-3345","codDiv":"DIV-3345","codNode":"CUST-3345","idLevel":10,"dteStart":"2026-01-01T00:00:00","codParentNode":"ROOT","dteEnd":null},{"idAction":0,"codHier":"H-4","codDiv":"DIV-4","codNode":"CUST-4","idLevel":4,"dteStart":"2026-01-01T14:44:00","codParentNode":"ROOT","dteEnd":"2026-01-02T14:44:00"},{"idAction":0,"codHier":"H-5555","codDiv":"DIV-5555","codNode":"CUST-5555","idLevel":10,"dteStart":"2026-01-01T00:00:00","codParentNode":"ROOT","dteEnd":null},{"idAction":0,"codHier":"H-6000","codDiv":"DIV-6000","codNode":"CUST-6000","idLevel":10,"dteStart":"2026-01-01T00:00:00","codParentNode":"ROOT","dteEnd":"2026-12-31T00:00:00"},{"idAction":0,"codHier":"H-6666","codDiv":"DIV-6666","codNode":"CUST-6666","idLevel":10,"dteStart":"2026-01-17T01:30:00","codParentNode":"ROOT","dteEnd":"2026-01-18T01:30:00"},{"idAction":0,"codHier":"H-6767","codDiv":"DIV-6767","codNode":"CUST-6767","idLevel":5,"dteStart":"2026-01-01T12:15:00","codParentNode":"ROOT","dteEnd":"2026-01-08T12:15:00"},{"idAction":0,"codHier":"H-7000","codDiv":"DIV-7000","codNode":"CUST-7000","idLevel":10,"dteStart":"2026-01-01T00:00:00","codParentNode":"ROOT","dteEnd":null},{"idAction":0,"codHier":"H-7777","codDiv":"DIV-7777","codNode":"CUST-7777","idLevel":10,"dteStart":"2026-01-01T00:00:00","codParentNode":"ROOT","dteEnd":null},{"idAction":0,"codHier":"H-7878","codDiv":"DIV-7878","codNode":"CUST-7878","idLevel":3,"dteStart":"2026-01-18T11:43:00","codParentNode":"ROOT","dteEnd":"2026-01-19T11:43:00"},{"idAction":0,"codHier":"H-8000","codDiv":"DIV-8000","codNode":"CUST-8000","idLevel":10,"dteStart":"2026-01-01T00:00:00","codParentNode":"ROOT","dteEnd":null},{"idAction":0,"codHier":"H-8888","codDiv":"DIV-8888","codNode":"CUST-8888","idLevel":10,"dteStart":"2026-01-01T00:00:00","codParentNode":"ROOT","dteEnd":null},{"idAction":0,"codHier":"H-9000","codDiv":"DIV-9000","codNode":"CUST-9000","idLevel":10,"dteStart":"2026-01-01T00:00:00","codParentNode":"ROOT","dteEnd":null},{"idAction":0,"codHier":"H-9999","codDiv":"DIV-9999","codNode":"CUST-9999","idLevel":10,"dteStart":"2026-01-01T00:00:00","codParentNode":"ROOT","dteEnd":null},{"idAction":0,"codHier":"HIER_CORP","codDiv":"DIV01","codNode":"NODE_9111","idLevel":1,"dteStart":"2026-01-15T00:00:00","codParentNode":"ROOT_NODE","dteEnd":null}]
2026-02-11 12:33:51.212 +05:00 [INF] HTTP GET /api/participants/all responded 200 in 128.3214 ms | User: haris (23) | IP: ::1 | RequestBody:  | ResponseBody: [{"idAction":3,"codParticipant":"N_1","flgInclusion":true,"codHier":"H_1","codDiv":"D_1","codNode":"N_1","idLevel":1,"dteStart":"2026-01-30T09:35:43.289"},{"idAction":3,"codParticipant":"NODE_3","flgInclusion":true,"codHier":"H_3","codDiv":"DIV_3","codNode":"NODE_3","idLevel":3,"dteStart":"2026-01-01T10:45:00"},{"idAction":3,"codParticipant":"NODE_5","flgInclusion":true,"codHier":"H_5","codDiv":"DIV_5","codNode":"NODE_5","idLevel":5,"dteStart":"2026-01-30T10:50:00"},{"idAction":5,"codParticipant":"NODE_5","flgInclusion":true,"codHier":"H_5","codDiv":"DIV_5","codNode":"NODE_5","idLevel":5,"dteStart":"2026-01-30T10:50:00"},{"idAction":6,"codParticipant":"N_9898","flgInclusion":true,"codHier":"H_999","codDiv":"D_5878","codNode":"N_878","idLevel":8,"dteStart":"2026-01-14T00:00:00"},{"idAction":6,"codParticipant":"NODE_3","flgInclusion":true,"codHier":"H_3","codDiv":"DIV_3","codNode":"NODE_3","idLevel":3,"dteStart":"2026-01-01T10:45:00"},{"idAction":6,"codParticipant":"NODE_5","flgInclusion":true,"codHier":"H_5","codDiv":"DIV_5","codNode":"NODE_5","idLevel":5,"dteStart":"2026-01-30T10:50:00"},{"idAction":6,"codParticipant":"NODE_6","flgInclusion":true,"codHier":"H_6","codDiv":"DIV_6","codNode":"NODE_6","idLevel":6,"dteStart":"2026-01-30T15:01:00"},{"idAction":6,"codParticipant":"NODE_676767","flgInclusion":true,"codHier":"H_676767","codDiv":"DIV_676767","codNode":"NODE_676767","idLevel":676767,"dteStart":"2026-01-31T00:00:00"},{"idAction":6,"codParticipant":"P-9000","flgInclusion":true,"codHier":"H-9000","codDiv":"DIV-9000","codNode":"CUST-9000","idLevel":10,"dteStart":"2026-01-01T00:00:00"},{"idAction":7,"codParticipant":"NODE_7","flgInclusion":true,"codHier":"H_7","codDiv":"DIV_7","codNode":"NODE_7","idLevel":7,"dteStart":"2026-02-02T12:04:00"},{"idAction":10,"codParticipant":"NODE_10","flgInclusion":true,"codHier":"H_10","codDiv":"DIV_10","codNode":"NODE_10","idLevel":10,"dteStart":"2026-01-01T14:45:00"},{"idAction":24,"codParticipant":"NODE_24","flgInclusion":true,"codHier":"H_24","codDiv":"DIV_24","codNode":"NODE_24","idLevel":24,"dteStart":"2026-02-04T12:48:00"},{"idAction":87,"codParticipant":"NODE_87","flgInclusion":true,"codHier":"H_87","codDiv":"DIV_87","codNode":"NODE_87","idLevel":87,"dteStart":"2026-02-06T14:07:00"},{"idAction":98,"codParticipant":"NODE_98","flgInclusion":true,"codHier":"H_98","codDiv":"DIV_98","codNode":"NODE_98","idLevel":98,"dteStart":"2026-01-30T18:25:00"},{"idAction":100,"codParticipant":"NODE_100","flgInclusion":true,"codHier":"H_100","codDiv":"DIV_100","codNode":"NODE_100","idLevel":10,"dteStart":"2026-02-09T13:54:00"},{"idAction":200,"codParticipant":"NODE_200","flgInclusion":true,"codHier":"H_200","codDiv":"DIV_200","codNode":"NODE_200","idLevel":20,"dteStart":"2026-02-10T14:14:00"},{"idAction":300,"codParticipant":"NODE_300","flgInclusion":true,"codHier":"H_300","codDiv":"DIV_300","codNode":"NODE_300","idLevel":30,"dteStart":"2026-02-10T12:31:00"},{"idAction":321,"codParticipant":"NODE_A","flgInclusion":true,"codHier":"H_A","codDiv":"DIV_A","codNode":"NODE_A","idLevel":1,"dteStart":"2026-02-01T18:26:00"},{"idAction":1111,"codParticipant":"NODE_1111","flgInclusion":true,"codHier":"H_1111","codDiv":"DIV_1111","codNode":"NODE_1111","idLevel":11,"dteStart":"2026-01-01T17:00:00"},{"idAction":2323,"codParticipant":"P-2323","flgInclusion":true,"codHier":"H-2323","codDiv":"D-2323","codNode":"C-2323","idLevel":4,"dteStart":"2026-01-01T12:48:00"},{"idAction":5005,"codParticipant":"","flgInclusion":true,"codHier":"H-9999","codDiv":"DIV-9999","codNode":"CUST-9999","idLevel":10,"dteStart":"2026-01-01T00:00:00"},{"idAction":6000,"codParticipant":"P-6000","flgInclusion":true,"codHier":"H-6000","codDiv":"DIV-6000","codNode":"CUST-6000","idLevel":10,"dteStart":"2026-01-01T00:00:00"},{"idAction":6767,"codParticipant":"P-6767","flgInclusion":false,"codHier":"H-6767","codDiv":"DIV-6767","codNode":"CUST-6767","idLevel":5,"dteStart":"2026-01-01T12:15:00"},{"idAction":7000,"codParticipant":"P-7000","flgInclusion":true,"codHier":"H-7000","codDiv":"DIV-7000","codNode":"CUST-7000","idLevel":10,"dteStart":"2026-01-01T00:00:00"},{"idAction":8888,"codParticipant":"P-8888","flgInclusion":true,"codHier":"H-8888","codDiv":"DIV-8888","codNode":"CUST-8888","idLevel":10,"dteStart":"2026-01-01T00:00:00"},{"idAction":9000,"codParticipant":"P-9000","flgInclusion":true,"codHier":"H-9000","codDiv":"DIV-9000","codNode":"CUST-9000","idLevel":10,"dteStart":"2026-01-01T00:00:00"},{"idAction":9999,"codParticipant":"P-9999","flgInclusion":true,"codHier":"H-9999","codDiv":"DIV-9999","codNode":"CUST-9999","idLevel":10,"dteStart":"2026-01-01T00:00:00"}]
2026-02-11 12:33:51.229 +05:00 [INF] HTTP GET /api/promotions/customer-relations responded 200 in 138.9381 ms
2026-02-11 12:33:51.233 +05:00 [INF] HTTP GET /api/participants/all responded 200 in 149.4602 ms
2026-02-11 12:33:53.062 +05:00 [INF] JWT validated for haris
2026-02-11 12:33:53.159 +05:00 [INF] HTTP GET /api/gateway/health responded 200 in 97.4223 ms | User: haris (23) | IP: ::1 | RequestBody:  | ResponseBody: {"status":"Healthy","timestamp":"2026-02-11T07:33:53.1586886Z","services":[{"service":"Promotions API","url":"http://localhost:5137/api/health","status":"Healthy","responseTime":"53ms","statusCode":200},{"service":"SSO API","url":"http://localhost:5253/api/health","status":"Healthy","responseTime":"29ms","statusCode":200}]}
2026-02-11 12:33:53.182 +05:00 [INF] HTTP GET /api/gateway/health responded 200 in 119.6825 ms
2026-02-11 12:33:53.988 +05:00 [INF] JWT validated for haris
2026-02-11 12:33:54.003 +05:00 [INF] Forwarding request GET /api/promotions/actions to http://localhost:5137/api/promotions/actions
2026-02-11 12:33:54.093 +05:00 [INF] Received response 200 from http://localhost:5137/api/promotions/actions
2026-02-11 12:33:54.103 +05:00 [INF] HTTP GET /api/promotions/actions responded 200 in 115.5333 ms | User: haris (23) | IP: ::1 | RequestBody:  | ResponseBody: [{"idAction":3,"name":"PROMO_3","codDiv":"DIV_3","dteStartSellIn":"2026-02-01T00:00:00","dteEndSellIn":"2026-02-28T00:00:00","dteStartSellOut":"2026-01-25T00:00:00","dteEndSellOut":"2026-01-30T00:00:00","documentKey":"KEY_3","dteToShost":"2026-01-10T00:00:00","levParticipants":3},{"idAction":5,"name":"PROMO_5_5","codDiv":"DIV_5","dteStartSellIn":"2026-02-24T00:00:00","dteEndSellIn":"2026-02-21T00:00:00","dteStartSellOut":"2026-02-24T00:00:00","dteEndSellOut":"2026-02-27T00:00:00","documentKey":"DOC_KEY_is_5","dteToShost":"2026-01-18T00:00:00","levParticipants":55555555},{"idAction":6,"name":"PROMO_6","codDiv":"DIV_6","dteStartSellIn":"2026-02-01T00:00:00","dteEndSellIn":"2026-02-25T00:00:00","dteStartSellOut":"2026-01-15T00:00:00","dteEndSellOut":"2026-01-24T00:00:00","documentKey":"DOCC_6_KEY","dteToShost":"2026-01-15T00:00:00","levParticipants":6},{"idAction":7,"name":"PROMO_7","codDiv":"DIV_7","dteStartSellIn":"2026-02-06T12:05:00","dteEndSellIn":"2026-02-07T12:05:00","dteStartSellOut":"2026-02-08T12:05:00","dteEndSellOut":"2026-02-09T12:05:00","documentKey":"KEY_7","dteToShost":"2026-02-05T12:04:00","levParticipants":7},{"idAction":10,"name":"PROMO_10","codDiv":"DIV_10","dteStartSellIn":"2026-02-01T00:00:00","dteEndSellIn":"2026-02-26T00:00:00","dteStartSellOut":"2026-01-23T00:00:00","dteEndSellOut":"2026-01-24T00:00:00","documentKey":"DOCC_KEY_10","dteToShost":"2026-01-29T00:00:00","levParticipants":10},{"idAction":12,"name":"PROMO_12","codDiv":"DIV_12","dteStartSellIn":"2026-02-06T12:27:00","dteEndSellIn":"2026-02-07T12:27:00","dteStartSellOut":"2026-02-08T12:27:00","dteEndSellOut":"2026-02-09T12:27:00","documentKey":"KEY_12","dteToShost":"2026-02-03T12:26:00","levParticipants":12},{"idAction":24,"name":"PROMO_24","codDiv":"DIV_24","dteStartSellIn":"2026-02-05T12:48:00","dteEndSellIn":"2026-02-06T12:48:00","dteStartSellOut":"2026-02-07T12:48:00","dteEndSellOut":"2026-02-08T12:48:00","documentKey":"KEY_24","dteToShost":"2026-02-03T12:48:00","levParticipants":24},{"idAction":45,"name":"cccc","codDiv":"DIV01","dteStartSellIn":"2026-01-16T00:00:00","dteEndSellIn":"2026-01-17T00:00:00","dteStartSellOut":"2026-01-16T00:00:00","dteEndSellOut":"2026-01-17T00:00:00","documentKey":null,"dteToShost":null,"levParticipants":2},{"idAction":87,"name":"promo_87","codDiv":"DIV_87","dteStartSellIn":"2026-02-07T14:44:00","dteEndSellIn":"2026-02-10T14:44:00","dteStartSellOut":"2026-02-22T14:44:00","dteEndSellOut":"2026-02-26T14:44:00","documentKey":"KEY_87","dteToShost":"2026-02-03T14:44:00","levParticipants":87},{"idAction":98,"name":"PROMO_98","codDiv":"DIV_98","dteStartSellIn":"2026-01-08T18:25:00","dteEndSellIn":"2026-01-17T18:25:00","dteStartSellOut":"2026-01-28T18:25:00","dteEndSellOut":"2026-01-30T18:25:00","documentKey":"DOCC_98","dteToShost":"2026-01-31T18:25:00","levParticipants":98},{"idAction":100,"name":"PROMO_100","codDiv":"DIV_100","dteStartSellIn":"2026-02-11T14:08:00","dteEndSellIn":"2026-02-14T14:08:00","dteStartSellOut":"2026-02-22T14:08:00","dteEndSellOut":"2026-02-27T14:08:00","documentKey":"KEY_100","dteToShost":"2026-02-10T14:08:00","levParticipants":10},{"idAction":200,"name":"PROMO_200","codDiv":"DIV_200","dteStartSellIn":"2026-02-10T14:15:00","dteEndSellIn":"2026-02-28T14:15:00","dteStartSellOut":"2026-02-11T14:15:00","dteEndSellOut":"2026-02-23T14:15:00","documentKey":"KEY_200","dteToShost":"2026-02-14T14:14:00","levParticipants":20},{"idAction":300,"name":"PROMO_300","codDiv":"DIV_300","dteStartSellIn":"2026-02-10T12:32:00","dteEndSellIn":"2026-02-28T12:32:00","dteStartSellOut":"2026-02-16T12:32:00","dteEndSellOut":"2026-02-27T12:32:00","documentKey":"KEY_300","dteToShost":"2026-02-20T12:32:00","levParticipants":30},{"idAction":321,"name":"PROMO_321","codDiv":"DIV_A","dteStartSellIn":"2026-02-01T18:27:00","dteEndSellIn":"2026-02-28T18:27:00","dteStartSellOut":"2026-02-04T18:27:00","dteEndSellOut":"2026-02-23T18:27:00","documentKey":"KEY_A","dteToShost":"2026-02-03T18:27:00","levParticipants":1},{"idAction":1111,"name":"PROMO_1111","codDiv":"DIV_1111","dteStartSellIn":"2026-01-01T17:00:00","dteEndSellIn":"2026-01-30T17:02:00","dteStartSellOut":"2026-01-17T17:02:00","dteEndSellOut":"2026-01-28T17:02:00","documentKey":"1111_DOCC_KEY","dteToShost":"2026-01-13T17:02:00","levParticipants":11},{"idAction":2020,"name":"Spring Special 2020","codDiv":"D-2020","dteStartSellIn":"2026-01-03T12:28:00","dteEndSellIn":"2026-01-04T12:28:00","dteStartSellOut":"2026-01-05T12:28:00","dteEndSellOut":"2026-01-06T12:28:00","documentKey":"DOC-SPRING-2020","dteToShost":"2026-01-02T12:28:00","levParticipants":1},{"idAction":2222,"name":"haseeb","codDiv":"DIV02","dteStartSellIn":"2026-02-01T00:00:00","dteEndSellIn":"2026-01-11T00:00:00","dteStartSellOut":"2026-01-28T00:00:00","dteEndSellOut":"2026-01-30T00:00:00","documentKey":"","dteToShost":null,"levParticipants":2},{"idAction":2323,"name":"Winter Sale Campaign 2323","codDiv":"D-2323","dteStartSellIn":"2026-01-19T14:39:00","dteEndSellIn":"2026-01-20T14:40:00","dteStartSellOut":"2026-01-21T14:40:00","dteEndSellOut":"2026-01-22T14:40:00","documentKey":"DOC-WINTER-2323","dteToShost":"2026-01-30T14:39:00","levParticipants":1},{"idAction":5005,"name":"bbb","codDiv":"DIV5005","dteStartSellIn":"2026-01-23T00:00:00","dteEndSellIn":"2026-01-30T00:00:00","dteStartSellOut":"2026-01-26T00:00:00","dteEndSellOut":"2026-01-18T00:00:00","documentKey":"555553","dteToShost":"2026-01-19T00:00:00","levParticipants":14},{"idAction":6000,"name":"Zero Redundancy Campaign 6000","codDiv":"DIV-6000","dteStartSellIn":"2026-02-01T00:00:00","dteEndSellIn":"2026-02-24T00:00:00","dteStartSellOut":"2026-02-01T00:00:00","dteEndSellOut":"2026-02-28T00:00:00","documentKey":"DOC-6000","dteToShost":"2026-01-05T00:00:00","levParticipants":1},{"idAction":6767,"name":"XTEL Launch Promo 6767","codDiv":"DIV-6767","dteStartSellIn":"2026-02-01T00:00:00","dteEndSellIn":"2026-02-28T00:00:00","dteStartSellOut":"2026-01-22T00:00:00","dteEndSellOut":"2026-01-23T00:00:00","documentKey":"DOC-XTEL-6767","dteToShost":"2026-01-03T00:00:00","levParticipants":1},{"idAction":7000,"name":"Atomic Campaign 7000","codDiv":"DIV-7000","dteStartSellIn":"2026-01-01T00:00:00","dteEndSellIn":"2026-01-31T00:00:00","dteStartSellOut":"2026-02-01T00:00:00","dteEndSellOut":"2026-02-28T00:00:00","documentKey":"DOC-7000","dteToShost":null,"levParticipants":1},{"idAction":8888,"name":"Atomic Campaign 8888 Complete","codDiv":"DIV-8888","dteStartSellIn":"2026-01-01T00:00:00","dteEndSellIn":"2026-01-31T00:00:00","dteStartSellOut":"2026-02-01T00:00:00","dteEndSellOut":"2026-02-28T00:00:00","documentKey":"DOC-8888","dteToShost":null,"levParticipants":1},{"idAction":9000,"name":"Balanced Atomic Campaign 9000","codDiv":"DIV-9000","dteStartSellIn":"2026-01-01T00:00:00","dteEndSellIn":"2026-01-31T00:00:00","dteStartSellOut":"2026-02-01T00:00:00","dteEndSellOut":"2026-02-28T00:00:00","documentKey":"DOC-9000","dteToShost":null,"levParticipants":1},{"idAction":9999,"name":"I should not exist in DB","codDiv":"DIV-9999","dteStartSellIn":"2026-01-01T00:00:00","dteEndSellIn":"2026-01-31T00:00:00","dteStartSellOut":"2026-02-01T00:00:00","dteEndSellOut":"2026-02-28T00:00:00","documentKey":"DOC-9999","dteToShost":null,"levParticipants":1}]
2026-02-11 12:33:54.153 +05:00 [INF] HTTP GET /api/promotions/actions responded 200 in 165.4139 ms
2026-02-11 12:33:58.093 +05:00 [INF] JWT validated for haris
2026-02-11 12:33:58.215 +05:00 [INF] HTTP GET /api/gateway/health responded 200 in 122.9501 ms | User: haris (23) | IP: ::1 | RequestBody:  | ResponseBody: {"status":"Healthy","timestamp":"2026-02-11T07:33:58.2146049Z","services":[{"service":"Promotions API","url":"http://localhost:5137/api/health","status":"Healthy","responseTime":"60ms","statusCode":200},{"service":"SSO API","url":"http://localhost:5253/api/health","status":"Healthy","responseTime":"43ms","statusCode":200}]}
2026-02-11 12:33:58.231 +05:00 [INF] HTTP GET /api/gateway/health responded 200 in 138.9079 ms
2026-02-11 12:34:01.683 +05:00 [INF] JWT validated for haris
2026-02-11 12:34:01.703 +05:00 [INF] Forwarding request POST /api/actions/300/participants to http://localhost:5137/api/actions/300/participants
2026-02-11 12:34:01.717 +05:00 [INF] JWT validated for haris
2026-02-11 12:34:01.707 +05:00 [INF] JWT validated for haris
2026-02-11 12:34:01.711 +05:00 [INF] JWT validated for haris
2026-02-11 12:34:01.778 +05:00 [INF] Forwarding request POST /api/actions/300/participants to http://localhost:5137/api/actions/300/participants
2026-02-11 12:34:01.786 +05:00 [INF] Forwarding request POST /api/actions/300/participants to http://localhost:5137/api/actions/300/participants
2026-02-11 12:34:01.802 +05:00 [INF] Forwarding request POST /api/actions/300/participants to http://localhost:5137/api/actions/300/participants
2026-02-11 12:34:02.023 +05:00 [INF] Received response 200 from http://localhost:5137/api/actions/300/participants
2026-02-11 12:34:02.029 +05:00 [INF] Received response 200 from http://localhost:5137/api/actions/300/participants
2026-02-11 12:34:02.034 +05:00 [INF] HTTP POST /api/actions/300/participants responded 200 in 331.0317 ms | User: haris (23) | IP: ::1 | RequestBody: {"idAction":300,"codParticipant":"NODE_676767","codHier":"H_676767","codDiv":"DIV_676767","codNode":"NODE_676767","idLevel":676767,"flgInclusion":true,"dteStart":"2026-01-31T00:00:00"} | ResponseBody: 
2026-02-11 12:34:02.038 +05:00 [INF] Received response 200 from http://localhost:5137/api/actions/300/participants
2026-02-11 12:34:02.045 +05:00 [INF] Received response 200 from http://localhost:5137/api/actions/300/participants
2026-02-11 12:34:02.066 +05:00 [INF] HTTP POST /api/actions/300/participants responded 200 in 349.9795 ms | User: haris (23) | IP: ::1 | RequestBody: {"idAction":300,"codParticipant":"NODE_6","codHier":"H_6","codDiv":"DIV_6","codNode":"NODE_6","idLevel":6,"flgInclusion":true,"dteStart":"2026-01-30T15:01:00"} | ResponseBody: 
2026-02-11 12:34:02.085 +05:00 [INF] HTTP POST /api/actions/300/participants responded 200 in 381.6611 ms
2026-02-11 12:34:02.088 +05:00 [INF] HTTP POST /api/actions/300/participants responded 200 in 380.2774 ms | User: haris (23) | IP: ::1 | RequestBody: {"idAction":300,"codParticipant":"NODE_5","codHier":"H_5","codDiv":"DIV_5","codNode":"NODE_5","idLevel":5,"flgInclusion":true,"dteStart":"2026-01-30T10:50:00"} | ResponseBody: 
2026-02-11 12:34:02.098 +05:00 [INF] HTTP POST /api/actions/300/participants responded 200 in 415.1615 ms | User: haris (23) | IP: ::1 | RequestBody: {"idAction":300,"codParticipant":"NODE_3","codHier":"H_3","codDiv":"DIV_3","codNode":"NODE_3","idLevel":3,"flgInclusion":true,"dteStart":"2026-01-01T10:45:00"} | ResponseBody: 
2026-02-11 12:34:02.114 +05:00 [INF] HTTP POST /api/actions/300/participants responded 200 in 397.5277 ms
2026-02-11 12:34:02.145 +05:00 [INF] HTTP POST /api/actions/300/participants responded 200 in 437.3006 ms
2026-02-11 12:34:02.156 +05:00 [INF] HTTP POST /api/actions/300/participants responded 200 in 473.6788 ms
2026-02-11 12:34:02.203 +05:00 [INF] JWT validated for haris
2026-02-11 12:34:02.207 +05:00 [INF] Forwarding request GET /api/participants/all to http://localhost:5137/api/participants/all
2026-02-11 12:34:02.257 +05:00 [INF] Received response 200 from http://localhost:5137/api/participants/all
2026-02-11 12:34:02.264 +05:00 [INF] HTTP GET /api/participants/all responded 200 in 60.9943 ms | User: haris (23) | IP: ::1 | RequestBody:  | ResponseBody: [{"idAction":3,"codParticipant":"N_1","flgInclusion":true,"codHier":"H_1","codDiv":"D_1","codNode":"N_1","idLevel":1,"dteStart":"2026-01-30T09:35:43.289"},{"idAction":3,"codParticipant":"NODE_3","flgInclusion":true,"codHier":"H_3","codDiv":"DIV_3","codNode":"NODE_3","idLevel":3,"dteStart":"2026-01-01T10:45:00"},{"idAction":3,"codParticipant":"NODE_5","flgInclusion":true,"codHier":"H_5","codDiv":"DIV_5","codNode":"NODE_5","idLevel":5,"dteStart":"2026-01-30T10:50:00"},{"idAction":5,"codParticipant":"NODE_5","flgInclusion":true,"codHier":"H_5","codDiv":"DIV_5","codNode":"NODE_5","idLevel":5,"dteStart":"2026-01-30T10:50:00"},{"idAction":6,"codParticipant":"N_9898","flgInclusion":true,"codHier":"H_999","codDiv":"D_5878","codNode":"N_878","idLevel":8,"dteStart":"2026-01-14T00:00:00"},{"idAction":6,"codParticipant":"NODE_3","flgInclusion":true,"codHier":"H_3","codDiv":"DIV_3","codNode":"NODE_3","idLevel":3,"dteStart":"2026-01-01T10:45:00"},{"idAction":6,"codParticipant":"NODE_5","flgInclusion":true,"codHier":"H_5","codDiv":"DIV_5","codNode":"NODE_5","idLevel":5,"dteStart":"2026-01-30T10:50:00"},{"idAction":6,"codParticipant":"NODE_6","flgInclusion":true,"codHier":"H_6","codDiv":"DIV_6","codNode":"NODE_6","idLevel":6,"dteStart":"2026-01-30T15:01:00"},{"idAction":6,"codParticipant":"NODE_676767","flgInclusion":true,"codHier":"H_676767","codDiv":"DIV_676767","codNode":"NODE_676767","idLevel":676767,"dteStart":"2026-01-31T00:00:00"},{"idAction":6,"codParticipant":"P-9000","flgInclusion":true,"codHier":"H-9000","codDiv":"DIV-9000","codNode":"CUST-9000","idLevel":10,"dteStart":"2026-01-01T00:00:00"},{"idAction":7,"codParticipant":"NODE_7","flgInclusion":true,"codHier":"H_7","codDiv":"DIV_7","codNode":"NODE_7","idLevel":7,"dteStart":"2026-02-02T12:04:00"},{"idAction":10,"codParticipant":"NODE_10","flgInclusion":true,"codHier":"H_10","codDiv":"DIV_10","codNode":"NODE_10","idLevel":10,"dteStart":"2026-01-01T14:45:00"},{"idAction":24,"codParticipant":"NODE_24","flgInclusion":true,"codHier":"H_24","codDiv":"DIV_24","codNode":"NODE_24","idLevel":24,"dteStart":"2026-02-04T12:48:00"},{"idAction":87,"codParticipant":"NODE_87","flgInclusion":true,"codHier":"H_87","codDiv":"DIV_87","codNode":"NODE_87","idLevel":87,"dteStart":"2026-02-06T14:07:00"},{"idAction":98,"codParticipant":"NODE_98","flgInclusion":true,"codHier":"H_98","codDiv":"DIV_98","codNode":"NODE_98","idLevel":98,"dteStart":"2026-01-30T18:25:00"},{"idAction":100,"codParticipant":"NODE_100","flgInclusion":true,"codHier":"H_100","codDiv":"DIV_100","codNode":"NODE_100","idLevel":10,"dteStart":"2026-02-09T13:54:00"},{"idAction":200,"codParticipant":"NODE_200","flgInclusion":true,"codHier":"H_200","codDiv":"DIV_200","codNode":"NODE_200","idLevel":20,"dteStart":"2026-02-10T14:14:00"},{"idAction":300,"codParticipant":"NODE_3","flgInclusion":true,"codHier":"H_3","codDiv":"DIV_3","codNode":"NODE_3","idLevel":3,"dteStart":"2026-01-01T10:45:00"},{"idAction":300,"codParticipant":"NODE_300","flgInclusion":true,"codHier":"H_300","codDiv":"DIV_300","codNode":"NODE_300","idLevel":30,"dteStart":"2026-02-10T12:31:00"},{"idAction":300,"codParticipant":"NODE_5","flgInclusion":true,"codHier":"H_5","codDiv":"DIV_5","codNode":"NODE_5","idLevel":5,"dteStart":"2026-01-30T10:50:00"},{"idAction":300,"codParticipant":"NODE_6","flgInclusion":true,"codHier":"H_6","codDiv":"DIV_6","codNode":"NODE_6","idLevel":6,"dteStart":"2026-01-30T15:01:00"},{"idAction":300,"codParticipant":"NODE_676767","flgInclusion":true,"codHier":"H_676767","codDiv":"DIV_676767","codNode":"NODE_676767","idLevel":676767,"dteStart":"2026-01-31T00:00:00"},{"idAction":321,"codParticipant":"NODE_A","flgInclusion":true,"codHier":"H_A","codDiv":"DIV_A","codNode":"NODE_A","idLevel":1,"dteStart":"2026-02-01T18:26:00"},{"idAction":1111,"codParticipant":"NODE_1111","flgInclusion":true,"codHier":"H_1111","codDiv":"DIV_1111","codNode":"NODE_1111","idLevel":11,"dteStart":"2026-01-01T17:00:00"},{"idAction":2323,"codParticipant":"P-2323","flgInclusion":true,"codHier":"H-2323","codDiv":"D-2323","codNode":"C-2323","idLevel":4,"dteStart":"2026-01-01T12:48:00"},{"idAction":5005,"codParticipant":"","flgInclusion":true,"codHier":"H-9999","codDiv":"DIV-9999","codNode":"CUST-9999","idLevel":10,"dteStart":"2026-01-01T00:00:00"},{"idAction":6000,"codParticipant":"P-6000","flgInclusion":true,"codHier":"H-6000","codDiv":"DIV-6000","codNode":"CUST-6000","idLevel":10,"dteStart":"2026-01-01T00:00:00"},{"idAction":6767,"codParticipant":"P-6767","flgInclusion":false,"codHier":"H-6767","codDiv":"DIV-6767","codNode":"CUST-6767","idLevel":5,"dteStart":"2026-01-01T12:15:00"},{"idAction":7000,"codParticipant":"P-7000","flgInclusion":true,"codHier":"H-7000","codDiv":"DIV-7000","codNode":"CUST-7000","idLevel":10,"dteStart":"2026-01-01T00:00:00"},{"idAction":8888,"codParticipant":"P-8888","flgInclusion":true,"codHier":"H-8888","codDiv":"DIV-8888","codNode":"CUST-8888","idLevel":10,"dteStart":"2026-01-01T00:00:00"},{"idAction":9000,"codParticipant":"P-9000","flgInclusion":true,"codHier":"H-9000","codDiv":"DIV-9000","codNode":"CUST-9000","idLevel":10,"dteStart":"2026-01-01T00:00:00"},{"idAction":9999,"codParticipant":"P-9999","flgInclusion":true,"codHier":"H-9999","codDiv":"DIV-9999","codNode":"CUST-9999","idLevel":10,"dteStart":"2026-01-01T00:00:00"}]
2026-02-11 12:34:02.285 +05:00 [INF] HTTP GET /api/participants/all responded 200 in 82.8293 ms
2026-02-11 12:34:03.552 +05:00 [INF] JWT validated for haris
2026-02-11 12:34:03.673 +05:00 [INF] HTTP GET /api/gateway/health responded 200 in 121.2652 ms | User: haris (23) | IP: ::1 | RequestBody:  | ResponseBody: {"status":"Healthy","timestamp":"2026-02-11T07:34:03.6715186Z","services":[{"service":"Promotions API","url":"http://localhost:5137/api/health","status":"Healthy","responseTime":"51ms","statusCode":200},{"service":"SSO API","url":"http://localhost:5253/api/health","status":"Healthy","responseTime":"52ms","statusCode":200}]}
2026-02-11 12:34:03.693 +05:00 [INF] HTTP GET /api/gateway/health responded 200 in 141.1431 ms
2026-02-11 12:34:04.733 +05:00 [INF] JWT validated for haris
2026-02-11 12:34:04.745 +05:00 [INF] Forwarding request GET /api/promotions/products to http://localhost:5137/api/promotions/products
2026-02-11 12:34:04.989 +05:00 [INF] Received response 200 from http://localhost:5137/api/promotions/products
2026-02-11 12:34:05.012 +05:00 [INF] HTTP GET /api/promotions/products responded 200 in 279.1376 ms | User: haris (23) | IP: ::1 | RequestBody:  | ResponseBody: [{"idAction":3,"codProduct":"PRD_24","levProduct":1,"codDisplay":"DS-_24","codDiv":"DIV_24","qtyEstimated":345.00,"perceDiscount1":0.50,"perceDiscount2":0.90,"numMeasure":8.00,"codMeasure":"MEASURE_24","details":[],"measureFields":[]},{"idAction":3,"codProduct":"PRD_3","levProduct":3,"codDisplay":"DSP_3","codDiv":"DIV_3","qtyEstimated":3450.00,"perceDiscount1":0.50,"perceDiscount2":9.00,"numMeasure":676.00,"codMeasure":"MEASURE_3","details":[{"idAction":3,"codProduct":"PRD_3","levProduct":3,"codDisplay":"DSP_3","codNode":"NODE_3","codDiv":"DIV_3","flgInclusion":true,"articles":[{"idAction":3,"codProduct":"PRD_3","levProduct":3,"codDisplay":"DSP_3","codDiv":"DIV_3","codNode":"NODE_3","codNode1":"AAA","codNode2":"BBB","codNodeN":"CCC"}]}],"measureFields":[]},{"idAction":3,"codProduct":"prd_33","levProduct":1,"codDisplay":"dsp_33","codDiv":"div_33","qtyEstimated":4000.00,"perceDiscount1":0.40,"perceDiscount2":0.90,"numMeasure":339.00,"codMeasure":"measure_33","details":[{"idAction":3,"codProduct":"prd_33","levProduct":1,"codDisplay":"dsp_33","codNode":"node_33","codDiv":"div_33","flgInclusion":true,"articles":[{"idAction":3,"codProduct":"prd_33","levProduct":1,"codDisplay":"dsp_33","codDiv":"div_33","codNode":"node_33","codNode1":"ddd","codNode2":"fff","codNodeN":"ggg"}]}],"measureFields":[]},{"idAction":3,"codProduct":"PRD_96","levProduct":1,"codDisplay":"DSP_96","codDiv":"DIV_96","qtyEstimated":869785.00,"perceDiscount1":4.50,"perceDiscount2":6.50,"numMeasure":667.00,"codMeasure":"MEASURE_96","details":[{"idAction":3,"codProduct":"PRD_96","levProduct":1,"codDisplay":"DSP_96","codNode":"NODE_96","codDiv":"DIV_96","flgInclusion":true,"articles":[{"idAction":3,"codProduct":"PRD_96","levProduct":1,"codDisplay":"DSP_96","codDiv":"DIV_96","codNode":"NODE_96","codNode1":"AAAAAA","codNode2":"SSSSSSSSSS","codNodeN":"DDDDDDDDDD"}]}],"measureFields":[]},{"idAction":3,"codProduct":"PROD-9000","levProduct":1,"codDisplay":"DISP-9000","codDiv":"DIV-9000","qtyEstimated":2000.00,"perceDiscount1":0.60,"perceDiscount2":0.90,"numMeasure":66.00,"codMeasure":"measure_9000","details":[{"idAction":3,"codProduct":"PROD-9000","levProduct":1,"codDisplay":"DISP-9000","codNode":"NODE-9000","codDiv":"DIV-9000","flgInclusion":true,"articles":[{"idAction":3,"codProduct":"PROD-9000","levProduct":1,"codDisplay":"DISP-9000","codDiv":"DIV-9000","codNode":"NODE-9000","codNode1":"A1","codNode2":null,"codNodeN":null}]}],"measureFields":[]},{"idAction":5,"codProduct":"PRD_3","levProduct":1,"codDisplay":"DSP_3","codDiv":"DIV_3","qtyEstimated":3450.00,"perceDiscount1":0.50,"perceDiscount2":9.00,"numMeasure":0.00,"codMeasure":"MEASURE_3","details":[{"idAction":5,"codProduct":"PRD_3","levProduct":1,"codDisplay":"DSP_3","codNode":"NODE_3","codDiv":"DIV_3","flgInclusion":true,"articles":[{"idAction":5,"codProduct":"PRD_3","levProduct":1,"codDisplay":"DSP_3","codDiv":"DIV_3","codNode":"NODE_3","codNode1":"AAA","codNode2":"BBB","codNodeN":"CCC"}]}],"measureFields":[]},{"idAction":5,"codProduct":"prd_33","levProduct":1,"codDisplay":"dsp_33","codDiv":"div_33","qtyEstimated":4000.00,"perceDiscount1":0.40,"perceDiscount2":0.90,"numMeasure":339.00,"codMeasure":"measure_33","details":[{"idAction":5,"codProduct":"prd_33","levProduct":1,"codDisplay":"dsp_33","codNode":"node_33","codDiv":"div_33","flgInclusion":true,"articles":[{"idAction":5,"codProduct":"prd_33","levProduct":1,"codDisplay":"dsp_33","codDiv":"div_33","codNode":"node_33","codNode1":"ddd","codNode2":"fff","codNodeN":"ggg"}]}],"measureFields":[]},{"idAction":5,"codProduct":"PRD_333","levProduct":1,"codDisplay":"DSP_333","codDiv":"DIV_333","qtyEstimated":4500.00,"perceDiscount1":0.80,"perceDiscount2":9.10,"numMeasure":556540.00,"codMeasure":"MEASURE_333","details":[{"idAction":5,"codProduct":"PRD_333","levProduct":1,"codDisplay":"DSP_333","codNode":"NODE_333","codDiv":"DIV_333","flgInclusion":true,"articles":[{"idAction":5,"codProduct":"PRD_333","levProduct":1,"codDisplay":"DSP_333","codDiv":"DIV_333","codNode":"NODE_333","codNode1":"PPP","codNode2":"LLL","codNodeN":"MMM"}]}],"measureFields":[]},{"idAction":5,"codProduct":"PRD_5","levProduct":5,"codDisplay":"DSP_5","codDiv":"DIV_5","qtyEstimated":2500.00,"perceDiscount1":6.70,"perceDiscount2":8.90,"numMeasure":0.00,"codMeasure":"MEASURE_5","details":[{"idAction":5,"codProduct":"PRD_5","levProduct":5,"codDisplay":"DSP_5","codNode":"NODE_5","codDiv":"DIV_5","flgInclusion":true,"articles":[{"idAction":5,"codProduct":"PRD_5","levProduct":5,"codDisplay":"DSP_5","codDiv":"DIV_5","codNode":"NODE_5","codNode1":"RRR","codNode2":"TTT","codNodeN":"YYY"}]}],"measureFields":[]},{"idAction":5,"codProduct":"PROD-9000","levProduct":1,"codDisplay":"DISP-9000","codDiv":"DIV-9000","qtyEstimated":2000.00,"perceDiscount1":0.60,"perceDiscount2":0.90,"numMeasure":66.00,"codMeasure":"measure_9000","details":[{"idAction":5,"codProduct":"PROD-9000","levProduct":1,"codDisplay":"DISP-9000","codNode":"NODE-9000","codDiv":"DIV-9000","flgInclusion":true,"articles":[{"idAction":5,"codProduct":"PROD-9000","levProduct":1,"codDisplay":"DISP-9000","codDiv":"DIV-9000","codNode":"NODE-9000","codNode1":"A1","codNode2":null,"codNodeN":null}]}],"measureFields":[]},{"idAction":6,"codProduct":"PRD_1","levProduct":1,"codDisplay":"DIV_1","codDiv":"DIV_1","qtyEstimated":78.00,"perceDiscount1":6.00,"perceDiscount2":8.00,"numMeasure":78788.00,"codMeasure":"1","details":[],"measureFields":[]},{"idAction":6,"codProduct":"PRD_3","levProduct":1,"codDisplay":"DSP_3","codDiv":"DIV_3","qtyEstimated":3450.00,"perceDiscount1":0.50,"perceDiscount2":9.00,"numMeasure":676.00,"codMeasure":"MEASURE_3","details":[{"idAction":6,"codProduct":"PRD_3","levProduct":1,"codDisplay":"DSP_3","codNode":"NODE_3","codDiv":"DIV_3","flgInclusion":true,"articles":[{"idAction":6,"codProduct":"PRD_3","levProduct":1,"codDisplay":"DSP_3","codDiv":"DIV_3","codNode":"NODE_3","codNode1":"AAA","codNode2":"BBB","codNodeN":"CCC"}]}],"measureFields":[]},{"idAction":6,"codProduct":"PRD_6","levProduct":6,"codDisplay":"DSP_6","codDiv":"DIV_6","qtyEstimated":60606.00,"perceDiscount1":9.90,"perceDiscount2":7.80,"numMeasure":0.00,"codMeasure":"MEASURE_6","details":[{"idAction":6,"codProduct":"PRD_6","levProduct":6,"codDisplay":"DSP_6","codNode":"NODE_6","codDiv":"DIV_6","flgInclusion":true,"articles":[{"idAction":6,"codProduct":"PRD_6","levProduct":6,"codDisplay":"DSP_6","codDiv":"DIV_6","codNode":"NODE_6","codNode1":"KKK","codNode2":"LLL","codNodeN":"MMM"}]}],"measureFields":[]},{"idAction":6,"codProduct":"PRD_66666","levProduct":1,"codDisplay":"DSP_66666","codDiv":"DIV_66666","qtyEstimated":600000.00,"perceDiscount1":6.60,"perceDiscount2":3.40,"numMeasure":8758939.00,"codMeasure":"MEASURE_66666","details":[{"idAction":6,"codProduct":"PRD_66666","levProduct":1,"codDisplay":"DSP_66666","codNode":"NODE_66666","codDiv":"DIV_66666","flgInclusion":true,"articles":[{"idAction":6,"codProduct":"PRD_66666","levProduct":1,"codDisplay":"DSP_66666","codDiv":"DIV_66666","codNode":"NODE_66666","codNode1":"KKKKKKKKK","codNode2":"VVVVVVV","codNodeN":"VVVVVVVVVVVV"}]}],"measureFields":[]},{"idAction":7,"codProduct":"PRD_7","levProduct":7,"codDisplay":"DSP_7","codDiv":"DIV_7","qtyEstimated":7000.00,"perceDiscount1":6.70,"perceDiscount2":7.70,"numMeasure":0.00,"codMeasure":"MEASURE_7","details":[{"idAction":7,"codProduct":"PRD_7","levProduct":7,"codDisplay":"DSP_7","codNode":"NODE_7","codDiv":"DIV_7","flgInclusion":true,"articles":[{"idAction":7,"codProduct":"PRD_7","levProduct":7,"codDisplay":"DSP_7","codDiv":"DIV_7","codNode":"NODE_7","codNode1":"JHJK","codNode2":"JKBHHUI","codNodeN":"KKKK"}]}],"measureFields":[]},{"idAction":10,"codProduct":"PRD_10","levProduct":10,"codDisplay":"DSP_10","codDiv":"DIV_10","qtyEstimated":5000.00,"perceDiscount1":0.70,"perceDiscount2":9.80,"numMeasure":0.00,"codMeasure":"MEASURE_10","details":[{"idAction":10,"codProduct":"PRD_10","levProduct":10,"codDisplay":"DSP_10","codNode":"NODE_10","codDiv":"DIV_10","flgInclusion":true,"articles":[{"idAction":10,"codProduct":"PRD_10","levProduct":10,"codDisplay":"DSP_10","codDiv":"DIV_10","codNode":"NODE_10","codNode1":"QQQ","codNode2":"WWW","codNodeN":"EEE"}]}],"measureFields":[]},{"idAction":10,"codProduct":"PROD-5555","levProduct":1,"codDisplay":"DISP-5555","codDiv":"DIV-5555","qtyEstimated":500.00,"perceDiscount1":0.80,"perceDiscount2":0.10,"numMeasure":5555.00,"codMeasure":"measure_55555","details":[{"idAction":10,"codProduct":"PROD-5555","levProduct":1,"codDisplay":"DISP-5555","codNode":"NODE-5555","codDiv":"DIV-5555","flgInclusion":true,"articles":[{"idAction":10,"codProduct":"PROD-5555","levProduct":1,"codDisplay":"DISP-5555","codDiv":"DIV-5555","codNode":"NODE-5555","codNode1":null,"codNode2":null,"codNodeN":null}]}],"measureFields":[]},{"idAction":10,"codProduct":"PROD-8888","levProduct":1,"codDisplay":"DISP-8888","codDiv":"DIV-8888","qtyEstimated":2000.00,"perceDiscount1":0.00,"perceDiscount2":0.00,"numMeasure":0.00,"codMeasure":null,"details":[{"idAction":10,"codProduct":"PROD-8888","levProduct":1,"codDisplay":"DISP-8888","codNode":"NODE-8888","codDiv":"DIV-8888","flgInclusion":true,"articles":[{"idAction":10,"codProduct":"PROD-8888","levProduct":1,"codDisplay":"DISP-8888","codDiv":"DIV-8888","codNode":"NODE-8888","codNode1":"A1","codNode2":null,"codNodeN":null}]}],"measureFields":[]},{"idAction":12,"codProduct":"PRD_12","levProduct":11,"codDisplay":"DSP_12","codDiv":"DIV_12","qtyEstimated":1200.00,"perceDiscount1":7.80,"perceDiscount2":3.40,"numMeasure":0.00,"codMeasure":"MEASURE_12","details":[{"idAction":12,"codProduct":"PRD_12","levProduct":11,"codDisplay":"DSP_12","codNode":"NODE_12","codDiv":"DIV_12","flgInclusion":true,"articles":[{"idAction":12,"codProduct":"PRD_12","levProduct":11,"codDisplay":"DSP_12","codDiv":"DIV_12","codNode":"NODE_12","codNode1":"NODEEE_34R42","codNode2":"ADFRGWFA","codNodeN":"AEFWGVFWEFSCEW"}]}],"measureFields":[]},{"idAction":24,"codProduct":"PRD_24","levProduct":23,"codDisplay":"DSP_24","codDiv":"DIV_24","qtyEstimated":2499.00,"perceDiscount1":24.90,"perceDiscount2":24.80,"numMeasure":0.00,"codMeasure":"24","details":[{"idAction":24,"codProduct":"PRD_24","levProduct":23,"codDisplay":"DSP_24","codNode":"NODE_24","codDiv":"DIV_24","flgInclusion":true,"articles":[{"idAction":24,"codProduct":"PRD_24","levProduct":23,"codDisplay":"DSP_24","codDiv":"DIV_24","codNode":"NODE_24","codNode1":"LLLLLLLLLLLLL","codNode2":"KKKKKKKKKKKKKKKKK","codNodeN":"MMMMMMMMMMMMMMM"}]}],"measureFields":[]},{"idAction":87,"codProduct":"PRD_87","levProduct":87,"codDisplay":"DSP_87","codDiv":"DIV_87","qtyEstimated":8700.00,"perceDiscount1":8.70,"perceDiscount2":6.70,"numMeasure":0.00,"codMeasure":"MEASURE_87","details":[{"idAction":87,"codProduct":"PRD_87","levProduct":87,"codDisplay":"DSP_87","codNode":"NODE_87","codDiv":"DIV_87","flgInclusion":true,"articles":[{"idAction":87,"codProduct":"PRD_87","levProduct":87,"codDisplay":"DSP_87","codDiv":"DIV_87","codNode":"NODE_87","codNode1":"KHGUYGUH","codNode2":"IUGFTYDGUI","codNodeN":"YFGUHIO"}]}],"measureFields":[]},{"idAction":98,"codProduct":"PRD_3","levProduct":1,"codDisplay":"DSP_3","codDiv":"DIV_3","qtyEstimated":3450.00,"perceDiscount1":0.50,"perceDiscount2":9.00,"numMeasure":676.00,"codMeasure":"MEASURE_3","details":[{"idAction":98,"codProduct":"PRD_3","levProduct":1,"codDisplay":"DSP_3","codNode":"NODE_3","codDiv":"DIV_3","flgInclusion":true,"articles":[{"idAction":98,"codProduct":"PRD_3","levProduct":1,"codDisplay":"DSP_3","codDiv":"DIV_3","codNode":"NODE_3","codNode1":"AAA","codNode2":"BBB","codNodeN":"CCC"}]}],"measureFields":[]},{"idAction":98,"codProduct":"prd_33","levProduct":1,"codDisplay":"dsp_33","codDiv":"div_33","qtyEstimated":4000.00,"perceDiscount1":0.40,"perceDiscount2":0.90,"numMeasure":339.00,"codMeasure":"measure_33","details":[{"idAction":98,"codProduct":"prd_33","levProduct":1,"codDisplay":"dsp_33","codNode":"node_33","codDiv":"div_33","flgInclusion":true,"articles":[{"idAction":98,"codProduct":"prd_33","levProduct":1,"codDisplay":"dsp_33","codDiv":"div_33","codNode":"node_33","codNode1":"ddd","codNode2":"fff","codNodeN":"ggg"}]}],"measureFields":[]},{"idAction":98,"codProduct":"PRD_98","levProduct":98,"codDisplay":"DSP_98","codDiv":"DIV_98","qtyEstimated":34453.00,"perceDiscount1":0.90,"perceDiscount2":3.70,"numMeasure":0.00,"codMeasure":"MEASURE_98","details":[{"idAction":98,"codProduct":"PRD_98","levProduct":98,"codDisplay":"DSP_98","codNode":"NODE_98","codDiv":"DIV_98","flgInclusion":true,"articles":[{"idAction":98,"codProduct":"PRD_98","levProduct":98,"codDisplay":"DSP_98","codDiv":"DIV_98","codNode":"NODE_98","codNode1":"KHQGDKQE","codNode2":"DEQDED","codNodeN":"EEE"}]}],"measureFields":[]},{"idAction":98,"codProduct":"PROD-9000","levProduct":1,"codDisplay":"DISP-9000","codDiv":"DIV-9000","qtyEstimated":2000.00,"perceDiscount1":0.60,"perceDiscount2":0.90,"numMeasure":66.00,"codMeasure":"measure_9000","details":[{"idAction":98,"codProduct":"PROD-9000","levProduct":1,"codDisplay":"DISP-9000","codNode":"NODE-9000","codDiv":"DIV-9000","flgInclusion":true,"articles":[{"idAction":98,"codProduct":"PROD-9000","levProduct":1,"codDisplay":"DISP-9000","codDiv":"DIV-9000","codNode":"NODE-9000","codNode1":"A1","codNode2":null,"codNodeN":null}]}],"measureFields":[]},{"idAction":100,"codProduct":"PRD_1","levProduct":1,"codDisplay":"DIV_1","codDiv":"DIV_1","qtyEstimated":78.00,"perceDiscount1":6.00,"perceDiscount2":8.00,"numMeasure":78788.00,"codMeasure":"1","details":[],"measureFields":[]},{"idAction":100,"codProduct":"PRD_10","levProduct":1,"codDisplay":"DSP_10","codDiv":"DIV_10","qtyEstimated":5000.00,"perceDiscount1":0.70,"perceDiscount2":9.80,"numMeasure":0.00,"codMeasure":"MEASURE_10","details":[{"idAction":100,"codProduct":"PRD_10","levProduct":1,"codDisplay":"DSP_10","codNode":"NODE_10","codDiv":"DIV_10","flgInclusion":true,"articles":[{"idAction":100,"codProduct":"PRD_10","levProduct":1,"codDisplay":"DSP_10","codDiv":"DIV_10","codNode":"NODE_10","codNode1":"QQQ","codNode2":"WWW","codNodeN":"EEE"}]}],"measureFields":[]},{"idAction":100,"codProduct":"PRD_100","levProduct":1,"codDisplay":"DSP_100","codDiv":"DIV_100","qtyEstimated":1290.00,"perceDiscount1":3.40,"perceDiscount2":6.70,"numMeasure":0.00,"codMeasure":"MEASURE_100","details":[{"idAction":100,"codProduct":"PRD_100","levProduct":1,"codDisplay":"DSP_100","codNode":"NODE_100","codDiv":"DIV_100","flgInclusion":true,"articles":[{"idAction":100,"codProduct":"PRD_100","levProduct":1,"codDisplay":"DSP_100","codDiv":"DIV_100","codNode":"NODE_100","codNode1":"HHHHHHHH","codNode2":"JJJJJJJ","codNodeN":"KKKKKKK"}]}],"measureFields":[]},{"idAction":100,"codProduct":"PRD_100","levProduct":10,"codDisplay":"DSP_100","codDiv":"DIV_100","qtyEstimated":1290.00,"perceDiscount1":3.40,"perceDiscount2":6.70,"numMeasure":0.00,"codMeasure":"MEASURE_100","details":[{"idAction":100,"codProduct":"PRD_100","levProduct":10,"codDisplay":"DSP_100","codNode":"NODE_100","codDiv":"DIV_100","flgInclusion":true,"articles":[{"idAction":100,"codProduct":"PRD_100","levProduct":10,"codDisplay":"DSP_100","codDiv":"DIV_100","codNode":"NODE_100","codNode1":"HHHHHHHH","codNode2":"JJJJJJJ","codNodeN":"KKKKKKK"}]}],"measureFields":[]},{"idAction":100,"codProduct":"PRD_24","levProduct":1,"codDisplay":"DS-_24","codDiv":"DIV_24","qtyEstimated":345.00,"perceDiscount1":0.50,"perceDiscount2":0.90,"numMeasure":8.00,"codMeasure":"MEASURE_24","details":[],"measureFields":[]},{"idAction":100,"codProduct":"PRD_3","levProduct":1,"codDisplay":"DSP_3","codDiv":"DIV_3","qtyEstimated":3450.00,"perceDiscount1":0.50,"perceDiscount2":9.00,"numMeasure":676.00,"codMeasure":"MEASURE_3","details":[{"idAction":100,"codProduct":"PRD_3","levProduct":1,"codDisplay":"DSP_3","codNode":"NODE_3","codDiv":"DIV_3","flgInclusion":true,"articles":[{"idAction":100,"codProduct":"PRD_3","levProduct":1,"codDisplay":"DSP_3","codDiv":"DIV_3","codNode":"NODE_3","codNode1":"AAA","codNode2":"BBB","codNodeN":"CCC"}]}],"measureFields":[]},{"idAction":100,"codProduct":"prd_33","levProduct":1,"codDisplay":"dsp_33","codDiv":"div_33","qtyEstimated":4000.00,"perceDiscount1":0.40,"perceDiscount2":0.90,"numMeasure":339.00,"codMeasure":"measure_33","details":[{"idAction":100,"codProduct":"prd_33","levProduct":1,"codDisplay":"dsp_33","codNode":"node_33","codDiv":"div_33","flgInclusion":true,"articles":[{"idAction":100,"codProduct":"prd_33","levProduct":1,"codDisplay":"dsp_33","codDiv":"div_33","codNode":"node_33","codNode1":"ddd","codNode2":"fff","codNodeN":"ggg"}]}],"measureFields":[]},{"idAction":100,"codProduct":"PRD_5","levProduct":1,"codDisplay":"DSP_5","codDiv":"DIV_5","qtyEstimated":2500.00,"perceDiscount1":6.70,"perceDiscount2":8.90,"numMeasure":0.00,"codMeasure":"MEASURE_5","details":[{"idAction":100,"codProduct":"PRD_5","levProduct":1,"codDisplay":"DSP_5","codNode":"NODE_5","codDiv":"DIV_5","flgInclusion":true,"articles":[{"idAction":100,"codProduct":"PRD_5","levProduct":1,"codDisplay":"DSP_5","codDiv":"DIV_5","codNode":"NODE_5","codNode1":"RRR","codNode2":"TTT","codNodeN":"YYY"}]}],"measureFields":[]},{"idAction":100,"codProduct":"PRD_6","levProduct":1,"codDisplay":"DSP_6","codDiv":"DIV_6","qtyEstimated":60606.00,"perceDiscount1":9.90,"perceDiscount2":7.80,"numMeasure":0.00,"codMeasure":"MEASURE_6","details":[{"idAction":100,"codProduct":"PRD_6","levProduct":1,"codDisplay":"DSP_6","codNode":"NODE_6","codDiv":"DIV_6","flgInclusion":true,"articles":[{"idAction":100,"codProduct":"PRD_6","levProduct":1,"codDisplay":"DSP_6","codDiv":"DIV_6","codNode":"NODE_6","codNode1":"KKK","codNode2":"LLL","codNodeN":"MMM"}]}],"measureFields":[]},{"idAction":100,"codProduct":"PRD_66666","levProduct":1,"codDisplay":"DSP_66666","codDiv":"DIV_66666","qtyEstimated":600000.00,"perceDiscount1":6.60,"perceDiscount2":3.40,"numMeasure":8758939.00,"codMeasure":"MEASURE_66666","details":[{"idAction":100,"codProduct":"PRD_66666","levProduct":1,"codDisplay":"DSP_66666","codNode":"NODE_66666","codDiv":"DIV_66666","flgInclusion":true,"articles":[{"idAction":100,"codProduct":"PRD_66666","levProduct":1,"codDisplay":"DSP_66666","codDiv":"DIV_66666","codNode":"NODE_66666","codNode1":"KKKKKKKKK","codNode2":"VVVVVVV","codNodeN":"VVVVVVVVVVVV"}]}],"measureFields":[]},{"idAction":100,"codProduct":"PRD_7","levProduct":1,"codDisplay":"DSP_7","codDiv":"DIV_7","qtyEstimated":7000.00,"perceDiscount1":6.70,"perceDiscount2":7.70,"numMeasure":0.00,"codMeasure":"MEASURE_7","details":[{"idAction":100,"codProduct":"PRD_7","levProduct":1,"codDisplay":"DSP_7","codNode":"NODE_7","codDiv":"DIV_7","flgInclusion":true,"articles":[{"idAction":100,"codProduct":"PRD_7","levProduct":1,"codDisplay":"DSP_7","codDiv":"DIV_7","codNode":"NODE_7","codNode1":"JHJK","codNode2":"JKBHHUI","codNodeN":"KKKK"}]}],"measureFields":[]},{"idAction":100,"codProduct":"PRD_7777","levProduct":1,"codDisplay":"DSP_7777","codDiv":"DIV_7777","qtyEstimated":3423.00,"perceDiscount1":9.80,"perceDiscount2":5.60,"numMeasure":3432.00,"codMeasure":"MEASURE_7777","details":[{"idAction":100,"codProduct":"PRD_7777","levProduct":1,"codDisplay":"DSP_7777","codNode":"NODE_7777","codDiv":"DIV_7777","flgInclusion":true,"articles":[{"idAction":100,"codProduct":"PRD_7777","levProduct":1,"codDisplay":"DSP_7777","codDiv":"DIV_7777","codNode":"NODE_7777","codNode1":"ABC","codNode2":"DEF","codNodeN":"HBJ"}]}],"measureFields":[]},{"idAction":100,"codProduct":"PRD_96","levProduct":1,"codDisplay":"DSP_96","codDiv":"DIV_96","qtyEstimated":869785.00,"perceDiscount1":4.50,"perceDiscount2":6.50,"numMeasure":667.00,"codMeasure":"MEASURE_96","details":[{"idAction":100,"codProduct":"PRD_96","levProduct":1,"codDisplay":"DSP_96","codNode":"NODE_96","codDiv":"DIV_96","flgInclusion":true,"articles":[{"idAction":100,"codProduct":"PRD_96","levProduct":1,"codDisplay":"DSP_96","codDiv":"DIV_96","codNode":"NODE_96","codNode1":"AAAAAA","codNode2":"SSSSSSSSSS","codNodeN":"DDDDDDDDDD"}]}],"measureFields":[]},{"idAction":100,"codProduct":"PROD-5555","levProduct":1,"codDisplay":"DISP-5555","codDiv":"DIV-5555","qtyEstimated":500.00,"perceDiscount1":0.80,"perceDiscount2":0.10,"numMeasure":5555.00,"codMeasure":"measure_55555","details":[{"idAction":100,"codProduct":"PROD-5555","levProduct":1,"codDisplay":"DISP-5555","codNode":"NODE-5555","codDiv":"DIV-5555","flgInclusion":true,"articles":[{"idAction":100,"codProduct":"PROD-5555","levProduct":1,"codDisplay":"DISP-5555","codDiv":"DIV-5555","codNode":"NODE-5555","codNode1":null,"codNode2":null,"codNodeN":null}]}],"measureFields":[]},{"idAction":100,"codProduct":"PROD-8888","levProduct":1,"codDisplay":"DISP-8888","codDiv":"DIV-8888","qtyEstimated":2000.00,"perceDiscount1":0.00,"perceDiscount2":0.00,"numMeasure":0.00,"codMeasure":null,"details":[{"idAction":100,"codProduct":"PROD-8888","levProduct":1,"codDisplay":"DISP-8888","codNode":"NODE-8888","codDiv":"DIV-8888","flgInclusion":true,"articles":[{"idAction":100,"codProduct":"PROD-8888","levProduct":1,"codDisplay":"DISP-8888","codDiv":"DIV-8888","codNode":"NODE-8888","codNode1":"A1","codNode2":null,"codNodeN":null}]}],"measureFields":[]},{"idAction":100,"codProduct":"PROD-9000","levProduct":1,"codDisplay":"DISP-9000","codDiv":"DIV-9000","qtyEstimated":2000.00,"perceDiscount1":0.60,"perceDiscount2":0.90,"numMeasure":66.00,"codMeasure":"measure_9000","details":[{"idAction":100,"codProduct":"PROD-9000","levProduct":1,"codDisplay":"DISP-9000","codNode":"NODE-9000","codDiv":"DIV-9000","flgInclusion":true,"articles":[{"idAction":100,"codProduct":"PROD-9000","levProduct":1,"codDisplay":"DISP-9000","codDiv":"DIV-9000","codNode":"NODE-9000","codNode1":"A1","codNode2":null,"codNodeN":null}]}],"measureFields":[]},{"idAction":200,"codProduct":"PRD_200","levProduct":20,"codDisplay":"DSP_200","codDiv":"DIV_200","qtyEstimated":20000.00,"perceDiscount1":3.50,"perceDiscount2":5.50,"numMeasure":0.00,"codMeasure":"MEASURE_200","details":[{"idAction":200,"codProduct":"PRD_200","levProduct":20,"codDisplay":"DSP_200","codNode":"NODE_200","codDiv":"DIV_200","flgInclusion":true,"articles":[{"idAction":200,"codProduct":"PRD_200","levProduct":20,"codDisplay":"DSP_200","codDiv":"DIV_200","codNode":"NODE_200","codNode1":"TTT","codNode2":"YYY","codNodeN":"UUU"}]}],"measureFields":[]},{"idAction":200,"codProduct":"PROD-1111","levProduct":1,"codDisplay":"DISP-1111","codDiv":"DIV-1111","qtyEstimated":0.00,"perceDiscount1":0.00,"perceDiscount2":0.00,"numMeasure":1.00,"codMeasure":"EA","details":[{"idAction":200,"codProduct":"PROD-1111","levProduct":1,"codDisplay":"DISP-1111","codNode":"ddd","codDiv":"DIV5005","flgInclusion":true,"articles":[]}],"measureFields":[]},{"idAction":300,"codProduct":"PRD_300","levProduct":30,"codDisplay":"DSP_300","codDiv":"DIV_300","qtyEstimated":3200.00,"perceDiscount1":4.50,"perceDiscount2":5.50,"numMeasure":0.00,"codMeasure":"MEASURE_300","details":[{"idAction":300,"codProduct":"PRD_300","levProduct":30,"codDisplay":"DSP_300","codNode":"NODE_300","codDiv":"DIV_300","flgInclusion":true,"articles":[{"idAction":300,"codProduct":"PRD_300","levProduct":30,"codDisplay":"DSP_300","codDiv":"DIV_300","codNode":"NODE_300","codNode1":"HHHHHH","codNode2":"QQQQQQQQ","codNodeN":"UUUUUUUU"}]}],"measureFields":[]},{"idAction":321,"codProduct":"PRD_3","levProduct":1,"codDisplay":"DSP_3","codDiv":"DIV_3","qtyEstimated":3450.00,"perceDiscount1":0.50,"perceDiscount2":9.00,"numMeasure":676.00,"codMeasure":"MEASURE_3","details":[{"idAction":321,"codProduct":"PRD_3","levProduct":1,"codDisplay":"DSP_3","codNode":"NODE_3","codDiv":"DIV_3","flgInclusion":true,"articles":[{"idAction":321,"codProduct":"PRD_3","levProduct":1,"codDisplay":"DSP_3","codDiv":"DIV_3","codNode":"NODE_3","codNode1":"AAA","codNode2":"BBB","codNodeN":"CCC"}]}],"measureFields":[]},{"idAction":321,"codProduct":"prd_33","levProduct":1,"codDisplay":"dsp_33","codDiv":"div_33","qtyEstimated":4000.00,"perceDiscount1":0.40,"perceDiscount2":0.90,"numMeasure":339.00,"codMeasure":"measure_33","details":[{"idAction":321,"codProduct":"prd_33","levProduct":1,"codDisplay":"dsp_33","codNode":"node_33","codDiv":"div_33","flgInclusion":true,"articles":[{"idAction":321,"codProduct":"prd_33","levProduct":1,"codDisplay":"dsp_33","codDiv":"div_33","codNode":"node_33","codNode1":"ddd","codNode2":"fff","codNodeN":"ggg"}]}],"measureFields":[]},{"idAction":321,"codProduct":"PRD_A","levProduct":1,"codDisplay":"DSP_A","codDiv":"DIV_A","qtyEstimated":78765.00,"perceDiscount1":9.80,"perceDiscount2":2.10,"numMeasure":0.00,"codMeasure":"MEASURE_A","details":[{"idAction":321,"codProduct":"PRD_A","levProduct":1,"codDisplay":"DSP_A","codNode":"NODE_A","codDiv":"DIV_A","flgInclusion":true,"articles":[{"idAction":321,"codProduct":"PRD_A","levProduct":1,"codDisplay":"DSP_A","codDiv":"DIV_A","codNode":"NODE_A","codNode1":"KKKKKKKKK","codNode2":"WWWWWWWWWW","codNodeN":"WEEEEEEEE"}]}],"measureFields":[]},{"idAction":321,"codProduct":"PROD-9000","levProduct":1,"codDisplay":"DISP-9000","codDiv":"DIV-9000","qtyEstimated":2000.00,"perceDiscount1":0.60,"perceDiscount2":0.90,"numMeasure":66.00,"codMeasure":"measure_9000","details":[{"idAction":321,"codProduct":"PROD-9000","levProduct":1,"codDisplay":"DISP-9000","codNode":"NODE-9000","codDiv":"DIV-9000","flgInclusion":true,"articles":[{"idAction":321,"codProduct":"PROD-9000","levProduct":1,"codDisplay":"DISP-9000","codDiv":"DIV-9000","codNode":"NODE-9000","codNode1":"A1","codNode2":null,"codNodeN":null}]}],"measureFields":[]},{"idAction":1111,"codProduct":"PRD_1","levProduct":1,"codDisplay":"DIV_1","codDiv":"DIV_1","qtyEstimated":78.00,"perceDiscount1":6.00,"perceDiscount2":8.00,"numMeasure":78788.00,"codMeasure":"1","details":[],"measureFields":[]},{"idAction":1111,"codProduct":"PRD_1","levProduct":1,"codDisplay":"DSP_1","codDiv":"DIV_1","qtyEstimated":11.00,"perceDiscount1":9.80,"perceDiscount2":6.70,"numMeasure":11.00,"codMeasure":"MEASURE_1","details":[{"idAction":1111,"codProduct":"PRD_1","levProduct":1,"codDisplay":"DSP_1","codNode":"NODE_1","codDiv":"DIV_1","flgInclusion":true,"articles":[{"idAction":1111,"codProduct":"PRD_1","levProduct":1,"codDisplay":"DSP_1","codDiv":"DIV_1","codNode":"NODE_1","codNode1":"NN","codNode2":"MM","codNodeN":"ZZ"}]}],"measureFields":[]},{"idAction":1111,"codProduct":"PRD_1111","levProduct":11,"codDisplay":"DSP_1111","codDiv":"DIV_1111","qtyEstimated":6756.00,"perceDiscount1":9.81,"perceDiscount2":8.90,"numMeasure":0.00,"codMeasure":"MEASURE_1111","details":[{"idAction":1111,"codProduct":"PRD_1111","levProduct":11,"codDisplay":"DSP_1111","codNode":"NODE_1111","codDiv":"DIV_1111","flgInclusion":true,"articles":[{"idAction":1111,"codProduct":"PRD_1111","levProduct":11,"codDisplay":"DSP_1111","codDiv":"DIV_1111","codNode":"NODE_1111","codNode1":"CCCCCC","codNode2":"AAAAAAA","codNodeN":"BBBBBBBB"}]}],"measureFields":[]},{"idAction":1111,"codProduct":"PRD_24","levProduct":1,"codDisplay":"DS-_24","codDiv":"DIV_24","qtyEstimated":345.00,"perceDiscount1":0.50,"perceDiscount2":0.90,"numMeasure":8.00,"codMeasure":"MEASURE_24","details":[],"measureFields":[]},{"idAction":1111,"codProduct":"PRD_44","levProduct":1,"codDisplay":"DSP_44","codDiv":"DIC_44","qtyEstimated":44.00,"perceDiscount1":0.10,"perceDiscount2":0.50,"numMeasure":76.00,"codMeasure":"MEASURE_44","details":[],"measureFields":[]},{"idAction":1111,"codProduct":"PRD_765","levProduct":1,"codDisplay":"DSP_567","codDiv":"DIV_765","qtyEstimated":5.60,"perceDiscount1":0.50,"perceDiscount2":0.40,"numMeasure":999.00,"codMeasure":"765","details":[],"measureFields":[]},{"idAction":1111,"codProduct":"PROD-1111","levProduct":1,"codDisplay":"DISP-1111","codDiv":"DIV-1111","qtyEstimated":0.00,"perceDiscount1":0.00,"perceDiscount2":0.00,"numMeasure":1.00,"codMeasure":"EA","details":[{"idAction":1111,"codProduct":"PROD-1111","levProduct":1,"codDisplay":"DISP-1111","codNode":"ddd","codDiv":"DIV5005","flgInclusion":true,"articles":[]}],"measureFields":[]},{"idAction":1111,"codProduct":"PROD-2323","levProduct":1,"codDisplay":"DSP-2323","codDiv":"D-2322","qtyEstimated":2340.00,"perceDiscount1":0.40,"perceDiscount2":45.00,"numMeasure":0.00,"codMeasure":"PALLET","details":[{"idAction":1111,"codProduct":"PROD-2323","levProduct":1,"codDisplay":"DSP-2323","codNode":"NODE-2323","codDiv":"D-2323","flgInclusion":true,"articles":[{"idAction":1111,"codProduct":"PROD-2323","levProduct":1,"codDisplay":"DSP-2323","codDiv":"D-2323","codNode":"NODE-2323","codNode1":"A1-2323","codNode2":"A2-2323","codNodeN":"AN-2323"}]}],"measureFields":[]},{"idAction":2020,"codProduct":"PRD_1","levProduct":1,"codDisplay":"DIV_1","codDiv":"DIV_1","qtyEstimated":78.00,"perceDiscount1":6.00,"perceDiscount2":8.00,"numMeasure":78788.00,"codMeasure":"1","details":[],"measureFields":[]},{"idAction":2020,"codProduct":"PRD_24","levProduct":1,"codDisplay":"DS-_24","codDiv":"DIV_24","qtyEstimated":345.00,"perceDiscount1":0.50,"perceDiscount2":0.90,"numMeasure":8.00,"codMeasure":"MEASURE_24","details":[],"measureFields":[]},{"idAction":2020,"codProduct":"PRD_44","levProduct":1,"codDisplay":"DSP_44","codDiv":"DIC_44","qtyEstimated":44.00,"perceDiscount1":0.10,"perceDiscount2":0.50,"numMeasure":76.00,"codMeasure":"MEASURE_44","details":[],"measureFields":[]},{"idAction":2020,"codProduct":"PRD_765","levProduct":0,"codDisplay":"DSP_765","codDiv":"DIV_765","qtyEstimated":234.00,"perceDiscount1":0.50,"perceDiscount2":0.56,"numMeasure":765.00,"codMeasure":"MEASURE_765","details":[],"measureFields":[]},{"idAction":2020,"codProduct":"PRD_765","levProduct":0,"codDisplay":"DSP-765","codDiv":"DIV_765","qtyEstimated":345.00,"perceDiscount1":3.55,"perceDiscount2":67.00,"numMeasure":765.00,"codMeasure":"MEASURE_765","details":[],"measureFields":[]},{"idAction":2020,"codProduct":"PRD-2020","levProduct":1,"codDisplay":"DSP-2020","codDiv":"D-2020","qtyEstimated":2000.00,"perceDiscount1":11.00,"perceDiscount2":23.00,"numMeasure":0.00,"codMeasure":"BOX","details":[{"idAction":2020,"codProduct":"PRD-2020","levProduct":1,"codDisplay":"DSP-2020","codNode":"NODE-2020","codDiv":"D-2020","flgInclusion":true,"articles":[{"idAction":2020,"codProduct":"PRD-2020","levProduct":1,"codDisplay":"DSP-2020","codDiv":"D-2020","codNode":"NODE-2020","codNode1":"A1-2020","codNode2":"A2-2020","codNodeN":"AN-2020"}]}],"measureFields":[]},{"idAction":2323,"codProduct":"PRD_08","levProduct":0,"codDisplay":"DSP_08","codDiv":"DIV_08","qtyEstimated":11.00,"perceDiscount1":22.00,"perceDiscount2":2.00,"numMeasure":2.00,"codMeasure":"08","details":[],"measureFields":[]},{"idAction":2323,"codProduct":"PRD_1","levProduct":1,"codDisplay":"DIV_1","codDiv":"DIV_1","qtyEstimated":78.00,"perceDiscount1":6.00,"perceDiscount2":8.00,"numMeasure":78788.00,"codMeasure":"1","details":[],"measureFields":[]},{"idAction":2323,"codProduct":"PRD_23","levProduct":0,"codDisplay":"DSP_23","codDiv":"DIV_23","qtyEstimated":28.00,"perceDiscount1":7.00,"perceDiscount2":2.00,"numMeasure":7.00,"codMeasure":"MEASURE_23","details":[],"measureFields":[]},{"idAction":2323,"codProduct":"PRD_24","levProduct":1,"codDisplay":"DS-_24","codDiv":"DIV_24","qtyEstimated":345.00,"perceDiscount1":0.50,"perceDiscount2":0.90,"numMeasure":8.00,"codMeasure":"MEASURE_24","details":[],"measureFields":[]},{"idAction":2323,"codProduct":"PRD_34","levProduct":1,"codDisplay":"DSP_34","codDiv":"DIV_34","qtyEstimated":2345.00,"perceDiscount1":0.60,"perceDiscount2":8.87,"numMeasure":34.00,"codMeasure":"MEASURE_34","details":[],"measureFields":[]},{"idAction":2323,"codProduct":"PRD_44","levProduct":1,"codDisplay":"DSP_44","codDiv":"DIC_44","qtyEstimated":44.00,"perceDiscount1":0.10,"perceDiscount2":0.50,"numMeasure":76.00,"codMeasure":"MEASURE_44","details":[],"measureFields":[]},{"idAction":2323,"codProduct":"PRD_55","levProduct":1,"codDisplay":"DSP_55","codDiv":"DIV_55","qtyEstimated":66.00,"perceDiscount1":0.50,"perceDiscount2":0.10,"numMeasure":34.00,"codMeasure":"55","details":[],"measureFields":[]},{"idAction":2323,"codProduct":"PRD_765","levProduct":0,"codDisplay":"DSP_567","codDiv":"DIV_765","qtyEstimated":5.60,"perceDiscount1":0.50,"perceDiscount2":0.40,"numMeasure":999.00,"codMeasure":"765","details":[],"measureFields":[]},{"idAction":2323,"codProduct":"PROD-2323","levProduct":1,"codDisplay":"DSP-2323","codDiv":"D-2322","qtyEstimated":2340.00,"perceDiscount1":0.40,"perceDiscount2":45.00,"numMeasure":0.00,"codMeasure":"PALLET","details":[{"idAction":2323,"codProduct":"PROD-2323","levProduct":1,"codDisplay":"DSP-2323","codNode":"NODE-2323","codDiv":"D-2323","flgInclusion":true,"articles":[{"idAction":2323,"codProduct":"PROD-2323","levProduct":1,"codDisplay":"DSP-2323","codDiv":"D-2323","codNode":"NODE-2323","codNode1":"A1-2323","codNode2":"A2-2323","codNodeN":"AN-2323"}]}],"measureFields":[]},{"idAction":5005,"codProduct":"PROD-1111","levProduct":1,"codDisplay":"DISP-1111","codDiv":"DIV-1111","qtyEstimated":0.00,"perceDiscount1":0.00,"perceDiscount2":0.00,"numMeasure":1.00,"codMeasure":"EA","details":[{"idAction":5005,"codProduct":"PROD-1111","levProduct":1,"codDisplay":"DISP-1111","codNode":"ddd","codDiv":"DIV5005","flgInclusion":true,"articles":[]}],"measureFields":[]},{"idAction":6000,"codProduct":"PRD_6666","levProduct":1,"codDisplay":"DSP_6666","codDiv":"DIV_6666","qtyEstimated":14.00,"perceDiscount1":0.80,"perceDiscount2":8.90,"numMeasure":654.00,"codMeasure":"MEASURE_6666","details":[],"measureFields":[]},{"idAction":6000,"codProduct":"PRD_99","levProduct":1,"codDisplay":"DSP_99","codDiv":"DIV_99","qtyEstimated":456.00,"perceDiscount1":9.80,"perceDiscount2":7.70,"numMeasure":999.00,"codMeasure":"MEASURE_99","details":[{"idAction":6000,"codProduct":"PRD_99","levProduct":1,"codDisplay":"DSP_99","codNode":"NODE_99","codDiv":"DIV_99","flgInclusion":true,"articles":[{"idAction":6000,"codProduct":"PRD_99","levProduct":1,"codDisplay":"DSP_99","codDiv":"DIV_99","codNode":"NODE_99","codNode1":"HBKK","codNode2":"KHNKH","codNodeN":"IYGFTUFTY"}]}],"measureFields":[]},{"idAction":6000,"codProduct":"PROD-6000","levProduct":1,"codDisplay":"DISP-6000","codDiv":"DIV-6000","qtyEstimated":100.00,"perceDiscount1":15.00,"perceDiscount2":0.00,"numMeasure":1.00,"codMeasure":"UNIT","details":[{"idAction":6000,"codProduct":"PROD-6000","levProduct":1,"codDisplay":"DISP-6000","codNode":"DET-6000","codDiv":"DIV-6000","flgInclusion":true,"articles":[{"idAction":6000,"codProduct":"PROD-6000","levProduct":1,"codDisplay":"DISP-6000","codDiv":"DIV-6000","codNode":"DET-6000","codNode1":"SKU-6001","codNode2":"V-GOLD","codNodeN":"SIZE-XL"}]}],"measureFields":[]},{"idAction":6767,"codProduct":"PRD_7777","levProduct":1,"codDisplay":"DSP_7777","codDiv":"DIV_7777","qtyEstimated":3423.00,"perceDiscount1":9.80,"perceDiscount2":5.60,"numMeasure":3432.00,"codMeasure":"MEASURE_7777","details":[{"idAction":6767,"codProduct":"PRD_7777","levProduct":1,"codDisplay":"DSP_7777","codNode":"NODE_7777","codDiv":"DIV_7777","flgInclusion":true,"articles":[{"idAction":6767,"codProduct":"PRD_7777","levProduct":1,"codDisplay":"DSP_7777","codDiv":"DIV_7777","codNode":"NODE_7777","codNode1":"ABC","codNode2":"DEF","codNodeN":"HBJ"}]}],"measureFields":[]},{"idAction":6767,"codProduct":"PROD-6767","levProduct":1,"codDisplay":"DSP-6767","codDiv":"DIV-6767","qtyEstimated":5000.00,"perceDiscount1":23.50,"perceDiscount2":45.60,"numMeasure":0.00,"codMeasure":"PALLET","details":[{"idAction":6767,"codProduct":"PROD-6767","levProduct":1,"codDisplay":"DSP-6767","codNode":"NODE-6767","codDiv":"DIV-6767","flgInclusion":true,"articles":[{"idAction":6767,"codProduct":"PROD-6767","levProduct":1,"codDisplay":"DSP-6767","codDiv":"DIV-6767","codNode":"NODE-6767","codNode1":"A1-6767","codNode2":"A2-6767","codNodeN":"AN-6767"}]}],"measureFields":[]},{"idAction":7000,"codProduct":"PROD-7000","levProduct":1,"codDisplay":"DISP-7000","codDiv":"DIV-7000","qtyEstimated":500.00,"perceDiscount1":null,"perceDiscount2":null,"numMeasure":null,"codMeasure":null,"details":[],"measureFields":[]},{"idAction":8888,"codProduct":"PROD-5555","levProduct":1,"codDisplay":"DISP-5555","codDiv":"DIV-5555","qtyEstimated":500.00,"perceDiscount1":0.00,"perceDiscount2":0.00,"numMeasure":0.00,"codMeasure":null,"details":[{"idAction":8888,"codProduct":"PROD-5555","levProduct":1,"codDisplay":"DISP-5555","codNode":"NODE-5555","codDiv":"DIV-5555","flgInclusion":true,"articles":[{"idAction":8888,"codProduct":"PROD-5555","levProduct":1,"codDisplay":"DISP-5555","codDiv":"DIV-5555","codNode":"NODE-5555","codNode1":null,"codNode2":null,"codNodeN":null}]}],"measureFields":[]}]
2026-02-11 12:34:05.087 +05:00 [INF] HTTP GET /api/promotions/products responded 200 in 353.7523 ms
2026-02-11 12:34:05.136 +05:00 [INF] JWT validated for haris
2026-02-11 12:34:05.146 +05:00 [INF] Forwarding request GET /api/promotions/products to http://localhost:5137/api/promotions/products
2026-02-11 12:34:05.263 +05:00 [INF] Received response 200 from http://localhost:5137/api/promotions/products
2026-02-11 12:34:05.268 +05:00 [INF] HTTP GET /api/promotions/products responded 200 in 132.8147 ms | User: haris (23) | IP: ::1 | RequestBody:  | ResponseBody: [{"idAction":3,"codProduct":"PRD_24","levProduct":1,"codDisplay":"DS-_24","codDiv":"DIV_24","qtyEstimated":345.00,"perceDiscount1":0.50,"perceDiscount2":0.90,"numMeasure":8.00,"codMeasure":"MEASURE_24","details":[],"measureFields":[]},{"idAction":3,"codProduct":"PRD_3","levProduct":3,"codDisplay":"DSP_3","codDiv":"DIV_3","qtyEstimated":3450.00,"perceDiscount1":0.50,"perceDiscount2":9.00,"numMeasure":676.00,"codMeasure":"MEASURE_3","details":[{"idAction":3,"codProduct":"PRD_3","levProduct":3,"codDisplay":"DSP_3","codNode":"NODE_3","codDiv":"DIV_3","flgInclusion":true,"articles":[{"idAction":3,"codProduct":"PRD_3","levProduct":3,"codDisplay":"DSP_3","codDiv":"DIV_3","codNode":"NODE_3","codNode1":"AAA","codNode2":"BBB","codNodeN":"CCC"}]}],"measureFields":[]},{"idAction":3,"codProduct":"prd_33","levProduct":1,"codDisplay":"dsp_33","codDiv":"div_33","qtyEstimated":4000.00,"perceDiscount1":0.40,"perceDiscount2":0.90,"numMeasure":339.00,"codMeasure":"measure_33","details":[{"idAction":3,"codProduct":"prd_33","levProduct":1,"codDisplay":"dsp_33","codNode":"node_33","codDiv":"div_33","flgInclusion":true,"articles":[{"idAction":3,"codProduct":"prd_33","levProduct":1,"codDisplay":"dsp_33","codDiv":"div_33","codNode":"node_33","codNode1":"ddd","codNode2":"fff","codNodeN":"ggg"}]}],"measureFields":[]},{"idAction":3,"codProduct":"PRD_96","levProduct":1,"codDisplay":"DSP_96","codDiv":"DIV_96","qtyEstimated":869785.00,"perceDiscount1":4.50,"perceDiscount2":6.50,"numMeasure":667.00,"codMeasure":"MEASURE_96","details":[{"idAction":3,"codProduct":"PRD_96","levProduct":1,"codDisplay":"DSP_96","codNode":"NODE_96","codDiv":"DIV_96","flgInclusion":true,"articles":[{"idAction":3,"codProduct":"PRD_96","levProduct":1,"codDisplay":"DSP_96","codDiv":"DIV_96","codNode":"NODE_96","codNode1":"AAAAAA","codNode2":"SSSSSSSSSS","codNodeN":"DDDDDDDDDD"}]}],"measureFields":[]},{"idAction":3,"codProduct":"PROD-9000","levProduct":1,"codDisplay":"DISP-9000","codDiv":"DIV-9000","qtyEstimated":2000.00,"perceDiscount1":0.60,"perceDiscount2":0.90,"numMeasure":66.00,"codMeasure":"measure_9000","details":[{"idAction":3,"codProduct":"PROD-9000","levProduct":1,"codDisplay":"DISP-9000","codNode":"NODE-9000","codDiv":"DIV-9000","flgInclusion":true,"articles":[{"idAction":3,"codProduct":"PROD-9000","levProduct":1,"codDisplay":"DISP-9000","codDiv":"DIV-9000","codNode":"NODE-9000","codNode1":"A1","codNode2":null,"codNodeN":null}]}],"measureFields":[]},{"idAction":5,"codProduct":"PRD_3","levProduct":1,"codDisplay":"DSP_3","codDiv":"DIV_3","qtyEstimated":3450.00,"perceDiscount1":0.50,"perceDiscount2":9.00,"numMeasure":0.00,"codMeasure":"MEASURE_3","details":[{"idAction":5,"codProduct":"PRD_3","levProduct":1,"codDisplay":"DSP_3","codNode":"NODE_3","codDiv":"DIV_3","flgInclusion":true,"articles":[{"idAction":5,"codProduct":"PRD_3","levProduct":1,"codDisplay":"DSP_3","codDiv":"DIV_3","codNode":"NODE_3","codNode1":"AAA","codNode2":"BBB","codNodeN":"CCC"}]}],"measureFields":[]},{"idAction":5,"codProduct":"prd_33","levProduct":1,"codDisplay":"dsp_33","codDiv":"div_33","qtyEstimated":4000.00,"perceDiscount1":0.40,"perceDiscount2":0.90,"numMeasure":339.00,"codMeasure":"measure_33","details":[{"idAction":5,"codProduct":"prd_33","levProduct":1,"codDisplay":"dsp_33","codNode":"node_33","codDiv":"div_33","flgInclusion":true,"articles":[{"idAction":5,"codProduct":"prd_33","levProduct":1,"codDisplay":"dsp_33","codDiv":"div_33","codNode":"node_33","codNode1":"ddd","codNode2":"fff","codNodeN":"ggg"}]}],"measureFields":[]},{"idAction":5,"codProduct":"PRD_333","levProduct":1,"codDisplay":"DSP_333","codDiv":"DIV_333","qtyEstimated":4500.00,"perceDiscount1":0.80,"perceDiscount2":9.10,"numMeasure":556540.00,"codMeasure":"MEASURE_333","details":[{"idAction":5,"codProduct":"PRD_333","levProduct":1,"codDisplay":"DSP_333","codNode":"NODE_333","codDiv":"DIV_333","flgInclusion":true,"articles":[{"idAction":5,"codProduct":"PRD_333","levProduct":1,"codDisplay":"DSP_333","codDiv":"DIV_333","codNode":"NODE_333","codNode1":"PPP","codNode2":"LLL","codNodeN":"MMM"}]}],"measureFields":[]},{"idAction":5,"codProduct":"PRD_5","levProduct":5,"codDisplay":"DSP_5","codDiv":"DIV_5","qtyEstimated":2500.00,"perceDiscount1":6.70,"perceDiscount2":8.90,"numMeasure":0.00,"codMeasure":"MEASURE_5","details":[{"idAction":5,"codProduct":"PRD_5","levProduct":5,"codDisplay":"DSP_5","codNode":"NODE_5","codDiv":"DIV_5","flgInclusion":true,"articles":[{"idAction":5,"codProduct":"PRD_5","levProduct":5,"codDisplay":"DSP_5","codDiv":"DIV_5","codNode":"NODE_5","codNode1":"RRR","codNode2":"TTT","codNodeN":"YYY"}]}],"measureFields":[]},{"idAction":5,"codProduct":"PROD-9000","levProduct":1,"codDisplay":"DISP-9000","codDiv":"DIV-9000","qtyEstimated":2000.00,"perceDiscount1":0.60,"perceDiscount2":0.90,"numMeasure":66.00,"codMeasure":"measure_9000","details":[{"idAction":5,"codProduct":"PROD-9000","levProduct":1,"codDisplay":"DISP-9000","codNode":"NODE-9000","codDiv":"DIV-9000","flgInclusion":true,"articles":[{"idAction":5,"codProduct":"PROD-9000","levProduct":1,"codDisplay":"DISP-9000","codDiv":"DIV-9000","codNode":"NODE-9000","codNode1":"A1","codNode2":null,"codNodeN":null}]}],"measureFields":[]},{"idAction":6,"codProduct":"PRD_1","levProduct":1,"codDisplay":"DIV_1","codDiv":"DIV_1","qtyEstimated":78.00,"perceDiscount1":6.00,"perceDiscount2":8.00,"numMeasure":78788.00,"codMeasure":"1","details":[],"measureFields":[]},{"idAction":6,"codProduct":"PRD_3","levProduct":1,"codDisplay":"DSP_3","codDiv":"DIV_3","qtyEstimated":3450.00,"perceDiscount1":0.50,"perceDiscount2":9.00,"numMeasure":676.00,"codMeasure":"MEASURE_3","details":[{"idAction":6,"codProduct":"PRD_3","levProduct":1,"codDisplay":"DSP_3","codNode":"NODE_3","codDiv":"DIV_3","flgInclusion":true,"articles":[{"idAction":6,"codProduct":"PRD_3","levProduct":1,"codDisplay":"DSP_3","codDiv":"DIV_3","codNode":"NODE_3","codNode1":"AAA","codNode2":"BBB","codNodeN":"CCC"}]}],"measureFields":[]},{"idAction":6,"codProduct":"PRD_6","levProduct":6,"codDisplay":"DSP_6","codDiv":"DIV_6","qtyEstimated":60606.00,"perceDiscount1":9.90,"perceDiscount2":7.80,"numMeasure":0.00,"codMeasure":"MEASURE_6","details":[{"idAction":6,"codProduct":"PRD_6","levProduct":6,"codDisplay":"DSP_6","codNode":"NODE_6","codDiv":"DIV_6","flgInclusion":true,"articles":[{"idAction":6,"codProduct":"PRD_6","levProduct":6,"codDisplay":"DSP_6","codDiv":"DIV_6","codNode":"NODE_6","codNode1":"KKK","codNode2":"LLL","codNodeN":"MMM"}]}],"measureFields":[]},{"idAction":6,"codProduct":"PRD_66666","levProduct":1,"codDisplay":"DSP_66666","codDiv":"DIV_66666","qtyEstimated":600000.00,"perceDiscount1":6.60,"perceDiscount2":3.40,"numMeasure":8758939.00,"codMeasure":"MEASURE_66666","details":[{"idAction":6,"codProduct":"PRD_66666","levProduct":1,"codDisplay":"DSP_66666","codNode":"NODE_66666","codDiv":"DIV_66666","flgInclusion":true,"articles":[{"idAction":6,"codProduct":"PRD_66666","levProduct":1,"codDisplay":"DSP_66666","codDiv":"DIV_66666","codNode":"NODE_66666","codNode1":"KKKKKKKKK","codNode2":"VVVVVVV","codNodeN":"VVVVVVVVVVVV"}]}],"measureFields":[]},{"idAction":7,"codProduct":"PRD_7","levProduct":7,"codDisplay":"DSP_7","codDiv":"DIV_7","qtyEstimated":7000.00,"perceDiscount1":6.70,"perceDiscount2":7.70,"numMeasure":0.00,"codMeasure":"MEASURE_7","details":[{"idAction":7,"codProduct":"PRD_7","levProduct":7,"codDisplay":"DSP_7","codNode":"NODE_7","codDiv":"DIV_7","flgInclusion":true,"articles":[{"idAction":7,"codProduct":"PRD_7","levProduct":7,"codDisplay":"DSP_7","codDiv":"DIV_7","codNode":"NODE_7","codNode1":"JHJK","codNode2":"JKBHHUI","codNodeN":"KKKK"}]}],"measureFields":[]},{"idAction":10,"codProduct":"PRD_10","levProduct":10,"codDisplay":"DSP_10","codDiv":"DIV_10","qtyEstimated":5000.00,"perceDiscount1":0.70,"perceDiscount2":9.80,"numMeasure":0.00,"codMeasure":"MEASURE_10","details":[{"idAction":10,"codProduct":"PRD_10","levProduct":10,"codDisplay":"DSP_10","codNode":"NODE_10","codDiv":"DIV_10","flgInclusion":true,"articles":[{"idAction":10,"codProduct":"PRD_10","levProduct":10,"codDisplay":"DSP_10","codDiv":"DIV_10","codNode":"NODE_10","codNode1":"QQQ","codNode2":"WWW","codNodeN":"EEE"}]}],"measureFields":[]},{"idAction":10,"codProduct":"PROD-5555","levProduct":1,"codDisplay":"DISP-5555","codDiv":"DIV-5555","qtyEstimated":500.00,"perceDiscount1":0.80,"perceDiscount2":0.10,"numMeasure":5555.00,"codMeasure":"measure_55555","details":[{"idAction":10,"codProduct":"PROD-5555","levProduct":1,"codDisplay":"DISP-5555","codNode":"NODE-5555","codDiv":"DIV-5555","flgInclusion":true,"articles":[{"idAction":10,"codProduct":"PROD-5555","levProduct":1,"codDisplay":"DISP-5555","codDiv":"DIV-5555","codNode":"NODE-5555","codNode1":null,"codNode2":null,"codNodeN":null}]}],"measureFields":[]},{"idAction":10,"codProduct":"PROD-8888","levProduct":1,"codDisplay":"DISP-8888","codDiv":"DIV-8888","qtyEstimated":2000.00,"perceDiscount1":0.00,"perceDiscount2":0.00,"numMeasure":0.00,"codMeasure":null,"details":[{"idAction":10,"codProduct":"PROD-8888","levProduct":1,"codDisplay":"DISP-8888","codNode":"NODE-8888","codDiv":"DIV-8888","flgInclusion":true,"articles":[{"idAction":10,"codProduct":"PROD-8888","levProduct":1,"codDisplay":"DISP-8888","codDiv":"DIV-8888","codNode":"NODE-8888","codNode1":"A1","codNode2":null,"codNodeN":null}]}],"measureFields":[]},{"idAction":12,"codProduct":"PRD_12","levProduct":11,"codDisplay":"DSP_12","codDiv":"DIV_12","qtyEstimated":1200.00,"perceDiscount1":7.80,"perceDiscount2":3.40,"numMeasure":0.00,"codMeasure":"MEASURE_12","details":[{"idAction":12,"codProduct":"PRD_12","levProduct":11,"codDisplay":"DSP_12","codNode":"NODE_12","codDiv":"DIV_12","flgInclusion":true,"articles":[{"idAction":12,"codProduct":"PRD_12","levProduct":11,"codDisplay":"DSP_12","codDiv":"DIV_12","codNode":"NODE_12","codNode1":"NODEEE_34R42","codNode2":"ADFRGWFA","codNodeN":"AEFWGVFWEFSCEW"}]}],"measureFields":[]},{"idAction":24,"codProduct":"PRD_24","levProduct":23,"codDisplay":"DSP_24","codDiv":"DIV_24","qtyEstimated":2499.00,"perceDiscount1":24.90,"perceDiscount2":24.80,"numMeasure":0.00,"codMeasure":"24","details":[{"idAction":24,"codProduct":"PRD_24","levProduct":23,"codDisplay":"DSP_24","codNode":"NODE_24","codDiv":"DIV_24","flgInclusion":true,"articles":[{"idAction":24,"codProduct":"PRD_24","levProduct":23,"codDisplay":"DSP_24","codDiv":"DIV_24","codNode":"NODE_24","codNode1":"LLLLLLLLLLLLL","codNode2":"KKKKKKKKKKKKKKKKK","codNodeN":"MMMMMMMMMMMMMMM"}]}],"measureFields":[]},{"idAction":87,"codProduct":"PRD_87","levProduct":87,"codDisplay":"DSP_87","codDiv":"DIV_87","qtyEstimated":8700.00,"perceDiscount1":8.70,"perceDiscount2":6.70,"numMeasure":0.00,"codMeasure":"MEASURE_87","details":[{"idAction":87,"codProduct":"PRD_87","levProduct":87,"codDisplay":"DSP_87","codNode":"NODE_87","codDiv":"DIV_87","flgInclusion":true,"articles":[{"idAction":87,"codProduct":"PRD_87","levProduct":87,"codDisplay":"DSP_87","codDiv":"DIV_87","codNode":"NODE_87","codNode1":"KHGUYGUH","codNode2":"IUGFTYDGUI","codNodeN":"YFGUHIO"}]}],"measureFields":[]},{"idAction":98,"codProduct":"PRD_3","levProduct":1,"codDisplay":"DSP_3","codDiv":"DIV_3","qtyEstimated":3450.00,"perceDiscount1":0.50,"perceDiscount2":9.00,"numMeasure":676.00,"codMeasure":"MEASURE_3","details":[{"idAction":98,"codProduct":"PRD_3","levProduct":1,"codDisplay":"DSP_3","codNode":"NODE_3","codDiv":"DIV_3","flgInclusion":true,"articles":[{"idAction":98,"codProduct":"PRD_3","levProduct":1,"codDisplay":"DSP_3","codDiv":"DIV_3","codNode":"NODE_3","codNode1":"AAA","codNode2":"BBB","codNodeN":"CCC"}]}],"measureFields":[]},{"idAction":98,"codProduct":"prd_33","levProduct":1,"codDisplay":"dsp_33","codDiv":"div_33","qtyEstimated":4000.00,"perceDiscount1":0.40,"perceDiscount2":0.90,"numMeasure":339.00,"codMeasure":"measure_33","details":[{"idAction":98,"codProduct":"prd_33","levProduct":1,"codDisplay":"dsp_33","codNode":"node_33","codDiv":"div_33","flgInclusion":true,"articles":[{"idAction":98,"codProduct":"prd_33","levProduct":1,"codDisplay":"dsp_33","codDiv":"div_33","codNode":"node_33","codNode1":"ddd","codNode2":"fff","codNodeN":"ggg"}]}],"measureFields":[]},{"idAction":98,"codProduct":"PRD_98","levProduct":98,"codDisplay":"DSP_98","codDiv":"DIV_98","qtyEstimated":34453.00,"perceDiscount1":0.90,"perceDiscount2":3.70,"numMeasure":0.00,"codMeasure":"MEASURE_98","details":[{"idAction":98,"codProduct":"PRD_98","levProduct":98,"codDisplay":"DSP_98","codNode":"NODE_98","codDiv":"DIV_98","flgInclusion":true,"articles":[{"idAction":98,"codProduct":"PRD_98","levProduct":98,"codDisplay":"DSP_98","codDiv":"DIV_98","codNode":"NODE_98","codNode1":"KHQGDKQE","codNode2":"DEQDED","codNodeN":"EEE"}]}],"measureFields":[]},{"idAction":98,"codProduct":"PROD-9000","levProduct":1,"codDisplay":"DISP-9000","codDiv":"DIV-9000","qtyEstimated":2000.00,"perceDiscount1":0.60,"perceDiscount2":0.90,"numMeasure":66.00,"codMeasure":"measure_9000","details":[{"idAction":98,"codProduct":"PROD-9000","levProduct":1,"codDisplay":"DISP-9000","codNode":"NODE-9000","codDiv":"DIV-9000","flgInclusion":true,"articles":[{"idAction":98,"codProduct":"PROD-9000","levProduct":1,"codDisplay":"DISP-9000","codDiv":"DIV-9000","codNode":"NODE-9000","codNode1":"A1","codNode2":null,"codNodeN":null}]}],"measureFields":[]},{"idAction":100,"codProduct":"PRD_1","levProduct":1,"codDisplay":"DIV_1","codDiv":"DIV_1","qtyEstimated":78.00,"perceDiscount1":6.00,"perceDiscount2":8.00,"numMeasure":78788.00,"codMeasure":"1","details":[],"measureFields":[]},{"idAction":100,"codProduct":"PRD_10","levProduct":1,"codDisplay":"DSP_10","codDiv":"DIV_10","qtyEstimated":5000.00,"perceDiscount1":0.70,"perceDiscount2":9.80,"numMeasure":0.00,"codMeasure":"MEASURE_10","details":[{"idAction":100,"codProduct":"PRD_10","levProduct":1,"codDisplay":"DSP_10","codNode":"NODE_10","codDiv":"DIV_10","flgInclusion":true,"articles":[{"idAction":100,"codProduct":"PRD_10","levProduct":1,"codDisplay":"DSP_10","codDiv":"DIV_10","codNode":"NODE_10","codNode1":"QQQ","codNode2":"WWW","codNodeN":"EEE"}]}],"measureFields":[]},{"idAction":100,"codProduct":"PRD_100","levProduct":1,"codDisplay":"DSP_100","codDiv":"DIV_100","qtyEstimated":1290.00,"perceDiscount1":3.40,"perceDiscount2":6.70,"numMeasure":0.00,"codMeasure":"MEASURE_100","details":[{"idAction":100,"codProduct":"PRD_100","levProduct":1,"codDisplay":"DSP_100","codNode":"NODE_100","codDiv":"DIV_100","flgInclusion":true,"articles":[{"idAction":100,"codProduct":"PRD_100","levProduct":1,"codDisplay":"DSP_100","codDiv":"DIV_100","codNode":"NODE_100","codNode1":"HHHHHHHH","codNode2":"JJJJJJJ","codNodeN":"KKKKKKK"}]}],"measureFields":[]},{"idAction":100,"codProduct":"PRD_100","levProduct":10,"codDisplay":"DSP_100","codDiv":"DIV_100","qtyEstimated":1290.00,"perceDiscount1":3.40,"perceDiscount2":6.70,"numMeasure":0.00,"codMeasure":"MEASURE_100","details":[{"idAction":100,"codProduct":"PRD_100","levProduct":10,"codDisplay":"DSP_100","codNode":"NODE_100","codDiv":"DIV_100","flgInclusion":true,"articles":[{"idAction":100,"codProduct":"PRD_100","levProduct":10,"codDisplay":"DSP_100","codDiv":"DIV_100","codNode":"NODE_100","codNode1":"HHHHHHHH","codNode2":"JJJJJJJ","codNodeN":"KKKKKKK"}]}],"measureFields":[]},{"idAction":100,"codProduct":"PRD_24","levProduct":1,"codDisplay":"DS-_24","codDiv":"DIV_24","qtyEstimated":345.00,"perceDiscount1":0.50,"perceDiscount2":0.90,"numMeasure":8.00,"codMeasure":"MEASURE_24","details":[],"measureFields":[]},{"idAction":100,"codProduct":"PRD_3","levProduct":1,"codDisplay":"DSP_3","codDiv":"DIV_3","qtyEstimated":3450.00,"perceDiscount1":0.50,"perceDiscount2":9.00,"numMeasure":676.00,"codMeasure":"MEASURE_3","details":[{"idAction":100,"codProduct":"PRD_3","levProduct":1,"codDisplay":"DSP_3","codNode":"NODE_3","codDiv":"DIV_3","flgInclusion":true,"articles":[{"idAction":100,"codProduct":"PRD_3","levProduct":1,"codDisplay":"DSP_3","codDiv":"DIV_3","codNode":"NODE_3","codNode1":"AAA","codNode2":"BBB","codNodeN":"CCC"}]}],"measureFields":[]},{"idAction":100,"codProduct":"prd_33","levProduct":1,"codDisplay":"dsp_33","codDiv":"div_33","qtyEstimated":4000.00,"perceDiscount1":0.40,"perceDiscount2":0.90,"numMeasure":339.00,"codMeasure":"measure_33","details":[{"idAction":100,"codProduct":"prd_33","levProduct":1,"codDisplay":"dsp_33","codNode":"node_33","codDiv":"div_33","flgInclusion":true,"articles":[{"idAction":100,"codProduct":"prd_33","levProduct":1,"codDisplay":"dsp_33","codDiv":"div_33","codNode":"node_33","codNode1":"ddd","codNode2":"fff","codNodeN":"ggg"}]}],"measureFields":[]},{"idAction":100,"codProduct":"PRD_5","levProduct":1,"codDisplay":"DSP_5","codDiv":"DIV_5","qtyEstimated":2500.00,"perceDiscount1":6.70,"perceDiscount2":8.90,"numMeasure":0.00,"codMeasure":"MEASURE_5","details":[{"idAction":100,"codProduct":"PRD_5","levProduct":1,"codDisplay":"DSP_5","codNode":"NODE_5","codDiv":"DIV_5","flgInclusion":true,"articles":[{"idAction":100,"codProduct":"PRD_5","levProduct":1,"codDisplay":"DSP_5","codDiv":"DIV_5","codNode":"NODE_5","codNode1":"RRR","codNode2":"TTT","codNodeN":"YYY"}]}],"measureFields":[]},{"idAction":100,"codProduct":"PRD_6","levProduct":1,"codDisplay":"DSP_6","codDiv":"DIV_6","qtyEstimated":60606.00,"perceDiscount1":9.90,"perceDiscount2":7.80,"numMeasure":0.00,"codMeasure":"MEASURE_6","details":[{"idAction":100,"codProduct":"PRD_6","levProduct":1,"codDisplay":"DSP_6","codNode":"NODE_6","codDiv":"DIV_6","flgInclusion":true,"articles":[{"idAction":100,"codProduct":"PRD_6","levProduct":1,"codDisplay":"DSP_6","codDiv":"DIV_6","codNode":"NODE_6","codNode1":"KKK","codNode2":"LLL","codNodeN":"MMM"}]}],"measureFields":[]},{"idAction":100,"codProduct":"PRD_66666","levProduct":1,"codDisplay":"DSP_66666","codDiv":"DIV_66666","qtyEstimated":600000.00,"perceDiscount1":6.60,"perceDiscount2":3.40,"numMeasure":8758939.00,"codMeasure":"MEASURE_66666","details":[{"idAction":100,"codProduct":"PRD_66666","levProduct":1,"codDisplay":"DSP_66666","codNode":"NODE_66666","codDiv":"DIV_66666","flgInclusion":true,"articles":[{"idAction":100,"codProduct":"PRD_66666","levProduct":1,"codDisplay":"DSP_66666","codDiv":"DIV_66666","codNode":"NODE_66666","codNode1":"KKKKKKKKK","codNode2":"VVVVVVV","codNodeN":"VVVVVVVVVVVV"}]}],"measureFields":[]},{"idAction":100,"codProduct":"PRD_7","levProduct":1,"codDisplay":"DSP_7","codDiv":"DIV_7","qtyEstimated":7000.00,"perceDiscount1":6.70,"perceDiscount2":7.70,"numMeasure":0.00,"codMeasure":"MEASURE_7","details":[{"idAction":100,"codProduct":"PRD_7","levProduct":1,"codDisplay":"DSP_7","codNode":"NODE_7","codDiv":"DIV_7","flgInclusion":true,"articles":[{"idAction":100,"codProduct":"PRD_7","levProduct":1,"codDisplay":"DSP_7","codDiv":"DIV_7","codNode":"NODE_7","codNode1":"JHJK","codNode2":"JKBHHUI","codNodeN":"KKKK"}]}],"measureFields":[]},{"idAction":100,"codProduct":"PRD_7777","levProduct":1,"codDisplay":"DSP_7777","codDiv":"DIV_7777","qtyEstimated":3423.00,"perceDiscount1":9.80,"perceDiscount2":5.60,"numMeasure":3432.00,"codMeasure":"MEASURE_7777","details":[{"idAction":100,"codProduct":"PRD_7777","levProduct":1,"codDisplay":"DSP_7777","codNode":"NODE_7777","codDiv":"DIV_7777","flgInclusion":true,"articles":[{"idAction":100,"codProduct":"PRD_7777","levProduct":1,"codDisplay":"DSP_7777","codDiv":"DIV_7777","codNode":"NODE_7777","codNode1":"ABC","codNode2":"DEF","codNodeN":"HBJ"}]}],"measureFields":[]},{"idAction":100,"codProduct":"PRD_96","levProduct":1,"codDisplay":"DSP_96","codDiv":"DIV_96","qtyEstimated":869785.00,"perceDiscount1":4.50,"perceDiscount2":6.50,"numMeasure":667.00,"codMeasure":"MEASURE_96","details":[{"idAction":100,"codProduct":"PRD_96","levProduct":1,"codDisplay":"DSP_96","codNode":"NODE_96","codDiv":"DIV_96","flgInclusion":true,"articles":[{"idAction":100,"codProduct":"PRD_96","levProduct":1,"codDisplay":"DSP_96","codDiv":"DIV_96","codNode":"NODE_96","codNode1":"AAAAAA","codNode2":"SSSSSSSSSS","codNodeN":"DDDDDDDDDD"}]}],"measureFields":[]},{"idAction":100,"codProduct":"PROD-5555","levProduct":1,"codDisplay":"DISP-5555","codDiv":"DIV-5555","qtyEstimated":500.00,"perceDiscount1":0.80,"perceDiscount2":0.10,"numMeasure":5555.00,"codMeasure":"measure_55555","details":[{"idAction":100,"codProduct":"PROD-5555","levProduct":1,"codDisplay":"DISP-5555","codNode":"NODE-5555","codDiv":"DIV-5555","flgInclusion":true,"articles":[{"idAction":100,"codProduct":"PROD-5555","levProduct":1,"codDisplay":"DISP-5555","codDiv":"DIV-5555","codNode":"NODE-5555","codNode1":null,"codNode2":null,"codNodeN":null}]}],"measureFields":[]},{"idAction":100,"codProduct":"PROD-8888","levProduct":1,"codDisplay":"DISP-8888","codDiv":"DIV-8888","qtyEstimated":2000.00,"perceDiscount1":0.00,"perceDiscount2":0.00,"numMeasure":0.00,"codMeasure":null,"details":[{"idAction":100,"codProduct":"PROD-8888","levProduct":1,"codDisplay":"DISP-8888","codNode":"NODE-8888","codDiv":"DIV-8888","flgInclusion":true,"articles":[{"idAction":100,"codProduct":"PROD-8888","levProduct":1,"codDisplay":"DISP-8888","codDiv":"DIV-8888","codNode":"NODE-8888","codNode1":"A1","codNode2":null,"codNodeN":null}]}],"measureFields":[]},{"idAction":100,"codProduct":"PROD-9000","levProduct":1,"codDisplay":"DISP-9000","codDiv":"DIV-9000","qtyEstimated":2000.00,"perceDiscount1":0.60,"perceDiscount2":0.90,"numMeasure":66.00,"codMeasure":"measure_9000","details":[{"idAction":100,"codProduct":"PROD-9000","levProduct":1,"codDisplay":"DISP-9000","codNode":"NODE-9000","codDiv":"DIV-9000","flgInclusion":true,"articles":[{"idAction":100,"codProduct":"PROD-9000","levProduct":1,"codDisplay":"DISP-9000","codDiv":"DIV-9000","codNode":"NODE-9000","codNode1":"A1","codNode2":null,"codNodeN":null}]}],"measureFields":[]},{"idAction":200,"codProduct":"PRD_200","levProduct":20,"codDisplay":"DSP_200","codDiv":"DIV_200","qtyEstimated":20000.00,"perceDiscount1":3.50,"perceDiscount2":5.50,"numMeasure":0.00,"codMeasure":"MEASURE_200","details":[{"idAction":200,"codProduct":"PRD_200","levProduct":20,"codDisplay":"DSP_200","codNode":"NODE_200","codDiv":"DIV_200","flgInclusion":true,"articles":[{"idAction":200,"codProduct":"PRD_200","levProduct":20,"codDisplay":"DSP_200","codDiv":"DIV_200","codNode":"NODE_200","codNode1":"TTT","codNode2":"YYY","codNodeN":"UUU"}]}],"measureFields":[]},{"idAction":200,"codProduct":"PROD-1111","levProduct":1,"codDisplay":"DISP-1111","codDiv":"DIV-1111","qtyEstimated":0.00,"perceDiscount1":0.00,"perceDiscount2":0.00,"numMeasure":1.00,"codMeasure":"EA","details":[{"idAction":200,"codProduct":"PROD-1111","levProduct":1,"codDisplay":"DISP-1111","codNode":"ddd","codDiv":"DIV5005","flgInclusion":true,"articles":[]}],"measureFields":[]},{"idAction":300,"codProduct":"PRD_300","levProduct":30,"codDisplay":"DSP_300","codDiv":"DIV_300","qtyEstimated":3200.00,"perceDiscount1":4.50,"perceDiscount2":5.50,"numMeasure":0.00,"codMeasure":"MEASURE_300","details":[{"idAction":300,"codProduct":"PRD_300","levProduct":30,"codDisplay":"DSP_300","codNode":"NODE_300","codDiv":"DIV_300","flgInclusion":true,"articles":[{"idAction":300,"codProduct":"PRD_300","levProduct":30,"codDisplay":"DSP_300","codDiv":"DIV_300","codNode":"NODE_300","codNode1":"HHHHHH","codNode2":"QQQQQQQQ","codNodeN":"UUUUUUUU"}]}],"measureFields":[]},{"idAction":321,"codProduct":"PRD_3","levProduct":1,"codDisplay":"DSP_3","codDiv":"DIV_3","qtyEstimated":3450.00,"perceDiscount1":0.50,"perceDiscount2":9.00,"numMeasure":676.00,"codMeasure":"MEASURE_3","details":[{"idAction":321,"codProduct":"PRD_3","levProduct":1,"codDisplay":"DSP_3","codNode":"NODE_3","codDiv":"DIV_3","flgInclusion":true,"articles":[{"idAction":321,"codProduct":"PRD_3","levProduct":1,"codDisplay":"DSP_3","codDiv":"DIV_3","codNode":"NODE_3","codNode1":"AAA","codNode2":"BBB","codNodeN":"CCC"}]}],"measureFields":[]},{"idAction":321,"codProduct":"prd_33","levProduct":1,"codDisplay":"dsp_33","codDiv":"div_33","qtyEstimated":4000.00,"perceDiscount1":0.40,"perceDiscount2":0.90,"numMeasure":339.00,"codMeasure":"measure_33","details":[{"idAction":321,"codProduct":"prd_33","levProduct":1,"codDisplay":"dsp_33","codNode":"node_33","codDiv":"div_33","flgInclusion":true,"articles":[{"idAction":321,"codProduct":"prd_33","levProduct":1,"codDisplay":"dsp_33","codDiv":"div_33","codNode":"node_33","codNode1":"ddd","codNode2":"fff","codNodeN":"ggg"}]}],"measureFields":[]},{"idAction":321,"codProduct":"PRD_A","levProduct":1,"codDisplay":"DSP_A","codDiv":"DIV_A","qtyEstimated":78765.00,"perceDiscount1":9.80,"perceDiscount2":2.10,"numMeasure":0.00,"codMeasure":"MEASURE_A","details":[{"idAction":321,"codProduct":"PRD_A","levProduct":1,"codDisplay":"DSP_A","codNode":"NODE_A","codDiv":"DIV_A","flgInclusion":true,"articles":[{"idAction":321,"codProduct":"PRD_A","levProduct":1,"codDisplay":"DSP_A","codDiv":"DIV_A","codNode":"NODE_A","codNode1":"KKKKKKKKK","codNode2":"WWWWWWWWWW","codNodeN":"WEEEEEEEE"}]}],"measureFields":[]},{"idAction":321,"codProduct":"PROD-9000","levProduct":1,"codDisplay":"DISP-9000","codDiv":"DIV-9000","qtyEstimated":2000.00,"perceDiscount1":0.60,"perceDiscount2":0.90,"numMeasure":66.00,"codMeasure":"measure_9000","details":[{"idAction":321,"codProduct":"PROD-9000","levProduct":1,"codDisplay":"DISP-9000","codNode":"NODE-9000","codDiv":"DIV-9000","flgInclusion":true,"articles":[{"idAction":321,"codProduct":"PROD-9000","levProduct":1,"codDisplay":"DISP-9000","codDiv":"DIV-9000","codNode":"NODE-9000","codNode1":"A1","codNode2":null,"codNodeN":null}]}],"measureFields":[]},{"idAction":1111,"codProduct":"PRD_1","levProduct":1,"codDisplay":"DIV_1","codDiv":"DIV_1","qtyEstimated":78.00,"perceDiscount1":6.00,"perceDiscount2":8.00,"numMeasure":78788.00,"codMeasure":"1","details":[],"measureFields":[]},{"idAction":1111,"codProduct":"PRD_1","levProduct":1,"codDisplay":"DSP_1","codDiv":"DIV_1","qtyEstimated":11.00,"perceDiscount1":9.80,"perceDiscount2":6.70,"numMeasure":11.00,"codMeasure":"MEASURE_1","details":[{"idAction":1111,"codProduct":"PRD_1","levProduct":1,"codDisplay":"DSP_1","codNode":"NODE_1","codDiv":"DIV_1","flgInclusion":true,"articles":[{"idAction":1111,"codProduct":"PRD_1","levProduct":1,"codDisplay":"DSP_1","codDiv":"DIV_1","codNode":"NODE_1","codNode1":"NN","codNode2":"MM","codNodeN":"ZZ"}]}],"measureFields":[]},{"idAction":1111,"codProduct":"PRD_1111","levProduct":11,"codDisplay":"DSP_1111","codDiv":"DIV_1111","qtyEstimated":6756.00,"perceDiscount1":9.81,"perceDiscount2":8.90,"numMeasure":0.00,"codMeasure":"MEASURE_1111","details":[{"idAction":1111,"codProduct":"PRD_1111","levProduct":11,"codDisplay":"DSP_1111","codNode":"NODE_1111","codDiv":"DIV_1111","flgInclusion":true,"articles":[{"idAction":1111,"codProduct":"PRD_1111","levProduct":11,"codDisplay":"DSP_1111","codDiv":"DIV_1111","codNode":"NODE_1111","codNode1":"CCCCCC","codNode2":"AAAAAAA","codNodeN":"BBBBBBBB"}]}],"measureFields":[]},{"idAction":1111,"codProduct":"PRD_24","levProduct":1,"codDisplay":"DS-_24","codDiv":"DIV_24","qtyEstimated":345.00,"perceDiscount1":0.50,"perceDiscount2":0.90,"numMeasure":8.00,"codMeasure":"MEASURE_24","details":[],"measureFields":[]},{"idAction":1111,"codProduct":"PRD_44","levProduct":1,"codDisplay":"DSP_44","codDiv":"DIC_44","qtyEstimated":44.00,"perceDiscount1":0.10,"perceDiscount2":0.50,"numMeasure":76.00,"codMeasure":"MEASURE_44","details":[],"measureFields":[]},{"idAction":1111,"codProduct":"PRD_765","levProduct":1,"codDisplay":"DSP_567","codDiv":"DIV_765","qtyEstimated":5.60,"perceDiscount1":0.50,"perceDiscount2":0.40,"numMeasure":999.00,"codMeasure":"765","details":[],"measureFields":[]},{"idAction":1111,"codProduct":"PROD-1111","levProduct":1,"codDisplay":"DISP-1111","codDiv":"DIV-1111","qtyEstimated":0.00,"perceDiscount1":0.00,"perceDiscount2":0.00,"numMeasure":1.00,"codMeasure":"EA","details":[{"idAction":1111,"codProduct":"PROD-1111","levProduct":1,"codDisplay":"DISP-1111","codNode":"ddd","codDiv":"DIV5005","flgInclusion":true,"articles":[]}],"measureFields":[]},{"idAction":1111,"codProduct":"PROD-2323","levProduct":1,"codDisplay":"DSP-2323","codDiv":"D-2322","qtyEstimated":2340.00,"perceDiscount1":0.40,"perceDiscount2":45.00,"numMeasure":0.00,"codMeasure":"PALLET","details":[{"idAction":1111,"codProduct":"PROD-2323","levProduct":1,"codDisplay":"DSP-2323","codNode":"NODE-2323","codDiv":"D-2323","flgInclusion":true,"articles":[{"idAction":1111,"codProduct":"PROD-2323","levProduct":1,"codDisplay":"DSP-2323","codDiv":"D-2323","codNode":"NODE-2323","codNode1":"A1-2323","codNode2":"A2-2323","codNodeN":"AN-2323"}]}],"measureFields":[]},{"idAction":2020,"codProduct":"PRD_1","levProduct":1,"codDisplay":"DIV_1","codDiv":"DIV_1","qtyEstimated":78.00,"perceDiscount1":6.00,"perceDiscount2":8.00,"numMeasure":78788.00,"codMeasure":"1","details":[],"measureFields":[]},{"idAction":2020,"codProduct":"PRD_24","levProduct":1,"codDisplay":"DS-_24","codDiv":"DIV_24","qtyEstimated":345.00,"perceDiscount1":0.50,"perceDiscount2":0.90,"numMeasure":8.00,"codMeasure":"MEASURE_24","details":[],"measureFields":[]},{"idAction":2020,"codProduct":"PRD_44","levProduct":1,"codDisplay":"DSP_44","codDiv":"DIC_44","qtyEstimated":44.00,"perceDiscount1":0.10,"perceDiscount2":0.50,"numMeasure":76.00,"codMeasure":"MEASURE_44","details":[],"measureFields":[]},{"idAction":2020,"codProduct":"PRD_765","levProduct":0,"codDisplay":"DSP_765","codDiv":"DIV_765","qtyEstimated":234.00,"perceDiscount1":0.50,"perceDiscount2":0.56,"numMeasure":765.00,"codMeasure":"MEASURE_765","details":[],"measureFields":[]},{"idAction":2020,"codProduct":"PRD_765","levProduct":0,"codDisplay":"DSP-765","codDiv":"DIV_765","qtyEstimated":345.00,"perceDiscount1":3.55,"perceDiscount2":67.00,"numMeasure":765.00,"codMeasure":"MEASURE_765","details":[],"measureFields":[]},{"idAction":2020,"codProduct":"PRD-2020","levProduct":1,"codDisplay":"DSP-2020","codDiv":"D-2020","qtyEstimated":2000.00,"perceDiscount1":11.00,"perceDiscount2":23.00,"numMeasure":0.00,"codMeasure":"BOX","details":[{"idAction":2020,"codProduct":"PRD-2020","levProduct":1,"codDisplay":"DSP-2020","codNode":"NODE-2020","codDiv":"D-2020","flgInclusion":true,"articles":[{"idAction":2020,"codProduct":"PRD-2020","levProduct":1,"codDisplay":"DSP-2020","codDiv":"D-2020","codNode":"NODE-2020","codNode1":"A1-2020","codNode2":"A2-2020","codNodeN":"AN-2020"}]}],"measureFields":[]},{"idAction":2323,"codProduct":"PRD_08","levProduct":0,"codDisplay":"DSP_08","codDiv":"DIV_08","qtyEstimated":11.00,"perceDiscount1":22.00,"perceDiscount2":2.00,"numMeasure":2.00,"codMeasure":"08","details":[],"measureFields":[]},{"idAction":2323,"codProduct":"PRD_1","levProduct":1,"codDisplay":"DIV_1","codDiv":"DIV_1","qtyEstimated":78.00,"perceDiscount1":6.00,"perceDiscount2":8.00,"numMeasure":78788.00,"codMeasure":"1","details":[],"measureFields":[]},{"idAction":2323,"codProduct":"PRD_23","levProduct":0,"codDisplay":"DSP_23","codDiv":"DIV_23","qtyEstimated":28.00,"perceDiscount1":7.00,"perceDiscount2":2.00,"numMeasure":7.00,"codMeasure":"MEASURE_23","details":[],"measureFields":[]},{"idAction":2323,"codProduct":"PRD_24","levProduct":1,"codDisplay":"DS-_24","codDiv":"DIV_24","qtyEstimated":345.00,"perceDiscount1":0.50,"perceDiscount2":0.90,"numMeasure":8.00,"codMeasure":"MEASURE_24","details":[],"measureFields":[]},{"idAction":2323,"codProduct":"PRD_34","levProduct":1,"codDisplay":"DSP_34","codDiv":"DIV_34","qtyEstimated":2345.00,"perceDiscount1":0.60,"perceDiscount2":8.87,"numMeasure":34.00,"codMeasure":"MEASURE_34","details":[],"measureFields":[]},{"idAction":2323,"codProduct":"PRD_44","levProduct":1,"codDisplay":"DSP_44","codDiv":"DIC_44","qtyEstimated":44.00,"perceDiscount1":0.10,"perceDiscount2":0.50,"numMeasure":76.00,"codMeasure":"MEASURE_44","details":[],"measureFields":[]},{"idAction":2323,"codProduct":"PRD_55","levProduct":1,"codDisplay":"DSP_55","codDiv":"DIV_55","qtyEstimated":66.00,"perceDiscount1":0.50,"perceDiscount2":0.10,"numMeasure":34.00,"codMeasure":"55","details":[],"measureFields":[]},{"idAction":2323,"codProduct":"PRD_765","levProduct":0,"codDisplay":"DSP_567","codDiv":"DIV_765","qtyEstimated":5.60,"perceDiscount1":0.50,"perceDiscount2":0.40,"numMeasure":999.00,"codMeasure":"765","details":[],"measureFields":[]},{"idAction":2323,"codProduct":"PROD-2323","levProduct":1,"codDisplay":"DSP-2323","codDiv":"D-2322","qtyEstimated":2340.00,"perceDiscount1":0.40,"perceDiscount2":45.00,"numMeasure":0.00,"codMeasure":"PALLET","details":[{"idAction":2323,"codProduct":"PROD-2323","levProduct":1,"codDisplay":"DSP-2323","codNode":"NODE-2323","codDiv":"D-2323","flgInclusion":true,"articles":[{"idAction":2323,"codProduct":"PROD-2323","levProduct":1,"codDisplay":"DSP-2323","codDiv":"D-2323","codNode":"NODE-2323","codNode1":"A1-2323","codNode2":"A2-2323","codNodeN":"AN-2323"}]}],"measureFields":[]},{"idAction":5005,"codProduct":"PROD-1111","levProduct":1,"codDisplay":"DISP-1111","codDiv":"DIV-1111","qtyEstimated":0.00,"perceDiscount1":0.00,"perceDiscount2":0.00,"numMeasure":1.00,"codMeasure":"EA","details":[{"idAction":5005,"codProduct":"PROD-1111","levProduct":1,"codDisplay":"DISP-1111","codNode":"ddd","codDiv":"DIV5005","flgInclusion":true,"articles":[]}],"measureFields":[]},{"idAction":6000,"codProduct":"PRD_6666","levProduct":1,"codDisplay":"DSP_6666","codDiv":"DIV_6666","qtyEstimated":14.00,"perceDiscount1":0.80,"perceDiscount2":8.90,"numMeasure":654.00,"codMeasure":"MEASURE_6666","details":[],"measureFields":[]},{"idAction":6000,"codProduct":"PRD_99","levProduct":1,"codDisplay":"DSP_99","codDiv":"DIV_99","qtyEstimated":456.00,"perceDiscount1":9.80,"perceDiscount2":7.70,"numMeasure":999.00,"codMeasure":"MEASURE_99","details":[{"idAction":6000,"codProduct":"PRD_99","levProduct":1,"codDisplay":"DSP_99","codNode":"NODE_99","codDiv":"DIV_99","flgInclusion":true,"articles":[{"idAction":6000,"codProduct":"PRD_99","levProduct":1,"codDisplay":"DSP_99","codDiv":"DIV_99","codNode":"NODE_99","codNode1":"HBKK","codNode2":"KHNKH","codNodeN":"IYGFTUFTY"}]}],"measureFields":[]},{"idAction":6000,"codProduct":"PROD-6000","levProduct":1,"codDisplay":"DISP-6000","codDiv":"DIV-6000","qtyEstimated":100.00,"perceDiscount1":15.00,"perceDiscount2":0.00,"numMeasure":1.00,"codMeasure":"UNIT","details":[{"idAction":6000,"codProduct":"PROD-6000","levProduct":1,"codDisplay":"DISP-6000","codNode":"DET-6000","codDiv":"DIV-6000","flgInclusion":true,"articles":[{"idAction":6000,"codProduct":"PROD-6000","levProduct":1,"codDisplay":"DISP-6000","codDiv":"DIV-6000","codNode":"DET-6000","codNode1":"SKU-6001","codNode2":"V-GOLD","codNodeN":"SIZE-XL"}]}],"measureFields":[]},{"idAction":6767,"codProduct":"PRD_7777","levProduct":1,"codDisplay":"DSP_7777","codDiv":"DIV_7777","qtyEstimated":3423.00,"perceDiscount1":9.80,"perceDiscount2":5.60,"numMeasure":3432.00,"codMeasure":"MEASURE_7777","details":[{"idAction":6767,"codProduct":"PRD_7777","levProduct":1,"codDisplay":"DSP_7777","codNode":"NODE_7777","codDiv":"DIV_7777","flgInclusion":true,"articles":[{"idAction":6767,"codProduct":"PRD_7777","levProduct":1,"codDisplay":"DSP_7777","codDiv":"DIV_7777","codNode":"NODE_7777","codNode1":"ABC","codNode2":"DEF","codNodeN":"HBJ"}]}],"measureFields":[]},{"idAction":6767,"codProduct":"PROD-6767","levProduct":1,"codDisplay":"DSP-6767","codDiv":"DIV-6767","qtyEstimated":5000.00,"perceDiscount1":23.50,"perceDiscount2":45.60,"numMeasure":0.00,"codMeasure":"PALLET","details":[{"idAction":6767,"codProduct":"PROD-6767","levProduct":1,"codDisplay":"DSP-6767","codNode":"NODE-6767","codDiv":"DIV-6767","flgInclusion":true,"articles":[{"idAction":6767,"codProduct":"PROD-6767","levProduct":1,"codDisplay":"DSP-6767","codDiv":"DIV-6767","codNode":"NODE-6767","codNode1":"A1-6767","codNode2":"A2-6767","codNodeN":"AN-6767"}]}],"measureFields":[]},{"idAction":7000,"codProduct":"PROD-7000","levProduct":1,"codDisplay":"DISP-7000","codDiv":"DIV-7000","qtyEstimated":500.00,"perceDiscount1":null,"perceDiscount2":null,"numMeasure":null,"codMeasure":null,"details":[],"measureFields":[]},{"idAction":8888,"codProduct":"PROD-5555","levProduct":1,"codDisplay":"DISP-5555","codDiv":"DIV-5555","qtyEstimated":500.00,"perceDiscount1":0.00,"perceDiscount2":0.00,"numMeasure":0.00,"codMeasure":null,"details":[{"idAction":8888,"codProduct":"PROD-5555","levProduct":1,"codDisplay":"DISP-5555","codNode":"NODE-5555","codDiv":"DIV-5555","flgInclusion":true,"articles":[{"idAction":8888,"codProduct":"PROD-5555","levProduct":1,"codDisplay":"DISP-5555","codDiv":"DIV-5555","codNode":"NODE-5555","codNode1":null,"codNode2":null,"codNodeN":null}]}],"measureFields":[]}]
2026-02-11 12:34:05.292 +05:00 [INF] HTTP GET /api/promotions/products responded 200 in 156.9660 ms
2026-02-11 12:34:06.594 +05:00 [INF] JWT validated for haris
2026-02-11 12:34:06.599 +05:00 [INF] Forwarding request GET /api/promotions/actions to http://localhost:5137/api/promotions/actions
2026-02-11 12:34:06.703 +05:00 [INF] Received response 200 from http://localhost:5137/api/promotions/actions
2026-02-11 12:34:06.712 +05:00 [INF] HTTP GET /api/promotions/actions responded 200 in 118.9150 ms | User: haris (23) | IP: ::1 | RequestBody:  | ResponseBody: [{"idAction":3,"name":"PROMO_3","codDiv":"DIV_3","dteStartSellIn":"2026-02-01T00:00:00","dteEndSellIn":"2026-02-28T00:00:00","dteStartSellOut":"2026-01-25T00:00:00","dteEndSellOut":"2026-01-30T00:00:00","documentKey":"KEY_3","dteToShost":"2026-01-10T00:00:00","levParticipants":3},{"idAction":5,"name":"PROMO_5_5","codDiv":"DIV_5","dteStartSellIn":"2026-02-24T00:00:00","dteEndSellIn":"2026-02-21T00:00:00","dteStartSellOut":"2026-02-24T00:00:00","dteEndSellOut":"2026-02-27T00:00:00","documentKey":"DOC_KEY_is_5","dteToShost":"2026-01-18T00:00:00","levParticipants":55555555},{"idAction":6,"name":"PROMO_6","codDiv":"DIV_6","dteStartSellIn":"2026-02-01T00:00:00","dteEndSellIn":"2026-02-25T00:00:00","dteStartSellOut":"2026-01-15T00:00:00","dteEndSellOut":"2026-01-24T00:00:00","documentKey":"DOCC_6_KEY","dteToShost":"2026-01-15T00:00:00","levParticipants":6},{"idAction":7,"name":"PROMO_7","codDiv":"DIV_7","dteStartSellIn":"2026-02-06T12:05:00","dteEndSellIn":"2026-02-07T12:05:00","dteStartSellOut":"2026-02-08T12:05:00","dteEndSellOut":"2026-02-09T12:05:00","documentKey":"KEY_7","dteToShost":"2026-02-05T12:04:00","levParticipants":7},{"idAction":10,"name":"PROMO_10","codDiv":"DIV_10","dteStartSellIn":"2026-02-01T00:00:00","dteEndSellIn":"2026-02-26T00:00:00","dteStartSellOut":"2026-01-23T00:00:00","dteEndSellOut":"2026-01-24T00:00:00","documentKey":"DOCC_KEY_10","dteToShost":"2026-01-29T00:00:00","levParticipants":10},{"idAction":12,"name":"PROMO_12","codDiv":"DIV_12","dteStartSellIn":"2026-02-06T12:27:00","dteEndSellIn":"2026-02-07T12:27:00","dteStartSellOut":"2026-02-08T12:27:00","dteEndSellOut":"2026-02-09T12:27:00","documentKey":"KEY_12","dteToShost":"2026-02-03T12:26:00","levParticipants":12},{"idAction":24,"name":"PROMO_24","codDiv":"DIV_24","dteStartSellIn":"2026-02-05T12:48:00","dteEndSellIn":"2026-02-06T12:48:00","dteStartSellOut":"2026-02-07T12:48:00","dteEndSellOut":"2026-02-08T12:48:00","documentKey":"KEY_24","dteToShost":"2026-02-03T12:48:00","levParticipants":24},{"idAction":45,"name":"cccc","codDiv":"DIV01","dteStartSellIn":"2026-01-16T00:00:00","dteEndSellIn":"2026-01-17T00:00:00","dteStartSellOut":"2026-01-16T00:00:00","dteEndSellOut":"2026-01-17T00:00:00","documentKey":null,"dteToShost":null,"levParticipants":2},{"idAction":87,"name":"promo_87","codDiv":"DIV_87","dteStartSellIn":"2026-02-07T14:44:00","dteEndSellIn":"2026-02-10T14:44:00","dteStartSellOut":"2026-02-22T14:44:00","dteEndSellOut":"2026-02-26T14:44:00","documentKey":"KEY_87","dteToShost":"2026-02-03T14:44:00","levParticipants":87},{"idAction":98,"name":"PROMO_98","codDiv":"DIV_98","dteStartSellIn":"2026-01-08T18:25:00","dteEndSellIn":"2026-01-17T18:25:00","dteStartSellOut":"2026-01-28T18:25:00","dteEndSellOut":"2026-01-30T18:25:00","documentKey":"DOCC_98","dteToShost":"2026-01-31T18:25:00","levParticipants":98},{"idAction":100,"name":"PROMO_100","codDiv":"DIV_100","dteStartSellIn":"2026-02-11T14:08:00","dteEndSellIn":"2026-02-14T14:08:00","dteStartSellOut":"2026-02-22T14:08:00","dteEndSellOut":"2026-02-27T14:08:00","documentKey":"KEY_100","dteToShost":"2026-02-10T14:08:00","levParticipants":10},{"idAction":200,"name":"PROMO_200","codDiv":"DIV_200","dteStartSellIn":"2026-02-10T14:15:00","dteEndSellIn":"2026-02-28T14:15:00","dteStartSellOut":"2026-02-11T14:15:00","dteEndSellOut":"2026-02-23T14:15:00","documentKey":"KEY_200","dteToShost":"2026-02-14T14:14:00","levParticipants":20},{"idAction":300,"name":"PROMO_300","codDiv":"DIV_300","dteStartSellIn":"2026-02-10T12:32:00","dteEndSellIn":"2026-02-28T12:32:00","dteStartSellOut":"2026-02-16T12:32:00","dteEndSellOut":"2026-02-27T12:32:00","documentKey":"KEY_300","dteToShost":"2026-02-20T12:32:00","levParticipants":30},{"idAction":321,"name":"PROMO_321","codDiv":"DIV_A","dteStartSellIn":"2026-02-01T18:27:00","dteEndSellIn":"2026-02-28T18:27:00","dteStartSellOut":"2026-02-04T18:27:00","dteEndSellOut":"2026-02-23T18:27:00","documentKey":"KEY_A","dteToShost":"2026-02-03T18:27:00","levParticipants":1},{"idAction":1111,"name":"PROMO_1111","codDiv":"DIV_1111","dteStartSellIn":"2026-01-01T17:00:00","dteEndSellIn":"2026-01-30T17:02:00","dteStartSellOut":"2026-01-17T17:02:00","dteEndSellOut":"2026-01-28T17:02:00","documentKey":"1111_DOCC_KEY","dteToShost":"2026-01-13T17:02:00","levParticipants":11},{"idAction":2020,"name":"Spring Special 2020","codDiv":"D-2020","dteStartSellIn":"2026-01-03T12:28:00","dteEndSellIn":"2026-01-04T12:28:00","dteStartSellOut":"2026-01-05T12:28:00","dteEndSellOut":"2026-01-06T12:28:00","documentKey":"DOC-SPRING-2020","dteToShost":"2026-01-02T12:28:00","levParticipants":1},{"idAction":2222,"name":"haseeb","codDiv":"DIV02","dteStartSellIn":"2026-02-01T00:00:00","dteEndSellIn":"2026-01-11T00:00:00","dteStartSellOut":"2026-01-28T00:00:00","dteEndSellOut":"2026-01-30T00:00:00","documentKey":"","dteToShost":null,"levParticipants":2},{"idAction":2323,"name":"Winter Sale Campaign 2323","codDiv":"D-2323","dteStartSellIn":"2026-01-19T14:39:00","dteEndSellIn":"2026-01-20T14:40:00","dteStartSellOut":"2026-01-21T14:40:00","dteEndSellOut":"2026-01-22T14:40:00","documentKey":"DOC-WINTER-2323","dteToShost":"2026-01-30T14:39:00","levParticipants":1},{"idAction":5005,"name":"bbb","codDiv":"DIV5005","dteStartSellIn":"2026-01-23T00:00:00","dteEndSellIn":"2026-01-30T00:00:00","dteStartSellOut":"2026-01-26T00:00:00","dteEndSellOut":"2026-01-18T00:00:00","documentKey":"555553","dteToShost":"2026-01-19T00:00:00","levParticipants":14},{"idAction":6000,"name":"Zero Redundancy Campaign 6000","codDiv":"DIV-6000","dteStartSellIn":"2026-02-01T00:00:00","dteEndSellIn":"2026-02-24T00:00:00","dteStartSellOut":"2026-02-01T00:00:00","dteEndSellOut":"2026-02-28T00:00:00","documentKey":"DOC-6000","dteToShost":"2026-01-05T00:00:00","levParticipants":1},{"idAction":6767,"name":"XTEL Launch Promo 6767","codDiv":"DIV-6767","dteStartSellIn":"2026-02-01T00:00:00","dteEndSellIn":"2026-02-28T00:00:00","dteStartSellOut":"2026-01-22T00:00:00","dteEndSellOut":"2026-01-23T00:00:00","documentKey":"DOC-XTEL-6767","dteToShost":"2026-01-03T00:00:00","levParticipants":1},{"idAction":7000,"name":"Atomic Campaign 7000","codDiv":"DIV-7000","dteStartSellIn":"2026-01-01T00:00:00","dteEndSellIn":"2026-01-31T00:00:00","dteStartSellOut":"2026-02-01T00:00:00","dteEndSellOut":"2026-02-28T00:00:00","documentKey":"DOC-7000","dteToShost":null,"levParticipants":1},{"idAction":8888,"name":"Atomic Campaign 8888 Complete","codDiv":"DIV-8888","dteStartSellIn":"2026-01-01T00:00:00","dteEndSellIn":"2026-01-31T00:00:00","dteStartSellOut":"2026-02-01T00:00:00","dteEndSellOut":"2026-02-28T00:00:00","documentKey":"DOC-8888","dteToShost":null,"levParticipants":1},{"idAction":9000,"name":"Balanced Atomic Campaign 9000","codDiv":"DIV-9000","dteStartSellIn":"2026-01-01T00:00:00","dteEndSellIn":"2026-01-31T00:00:00","dteStartSellOut":"2026-02-01T00:00:00","dteEndSellOut":"2026-02-28T00:00:00","documentKey":"DOC-9000","dteToShost":null,"levParticipants":1},{"idAction":9999,"name":"I should not exist in DB","codDiv":"DIV-9999","dteStartSellIn":"2026-01-01T00:00:00","dteEndSellIn":"2026-01-31T00:00:00","dteStartSellOut":"2026-02-01T00:00:00","dteEndSellOut":"2026-02-28T00:00:00","documentKey":"DOC-9999","dteToShost":null,"levParticipants":1}]
2026-02-11 12:34:06.754 +05:00 [INF] HTTP GET /api/promotions/actions responded 200 in 160.1346 ms
2026-02-11 12:34:08.063 +05:00 [INF] JWT validated for haris
2026-02-11 12:34:08.186 +05:00 [INF] HTTP GET /api/gateway/health responded 200 in 124.3749 ms | User: haris (23) | IP: ::1 | RequestBody:  | ResponseBody: {"status":"Healthy","timestamp":"2026-02-11T07:34:08.1860846Z","services":[{"service":"Promotions API","url":"http://localhost:5137/api/health","status":"Healthy","responseTime":"68ms","statusCode":200},{"service":"SSO API","url":"http://localhost:5253/api/health","status":"Healthy","responseTime":"33ms","statusCode":200}]}
2026-02-11 12:34:08.196 +05:00 [INF] HTTP GET /api/gateway/health responded 200 in 134.6725 ms
2026-02-11 12:34:13.125 +05:00 [INF] JWT validated for haris
2026-02-11 12:34:13.246 +05:00 [INF] HTTP GET /api/gateway/health responded 200 in 121.9837 ms | User: haris (23) | IP: ::1 | RequestBody:  | ResponseBody: {"status":"Healthy","timestamp":"2026-02-11T07:34:13.246107Z","services":[{"service":"Promotions API","url":"http://localhost:5137/api/health","status":"Healthy","responseTime":"58ms","statusCode":200},{"service":"SSO API","url":"http://localhost:5253/api/health","status":"Healthy","responseTime":"46ms","statusCode":200}]}
2026-02-11 12:34:13.268 +05:00 [INF] HTTP GET /api/gateway/health responded 200 in 144.1045 ms
2026-02-11 12:34:14.638 +05:00 [INF] JWT validated for haris
2026-02-11 12:34:14.640 +05:00 [INF] JWT validated for haris
2026-02-11 12:34:14.657 +05:00 [INF] Forwarding request POST /api/promotions/products to http://localhost:5137/api/promotions/products
2026-02-11 12:34:14.663 +05:00 [INF] Forwarding request POST /api/promotions/products to http://localhost:5137/api/promotions/products
2026-02-11 12:34:15.049 +05:00 [INF] Received response 200 from http://localhost:5137/api/promotions/products
2026-02-11 12:34:15.053 +05:00 [INF] Received response 200 from http://localhost:5137/api/promotions/products
2026-02-11 12:34:15.054 +05:00 [INF] HTTP POST /api/promotions/products responded 200 in 417.0033 ms | User: haris (23) | IP: ::1 | RequestBody: {"codProduct":"PROD-9000","codDisplay":"DISP-9000","levProduct":1,"codDiv":"DIV-9000","codMeasure":"measure_9000","qtyEstimated":2000,"perceDiscount1":0.6,"perceDiscount2":0.9,"numMeasure":66,"idAction":300,"details":[{"codNode":"NODE-9000","codDiv":"DIV-9000","flgInclusion":true,"articles":[{"codNode1":"A1","codNode":"NODE-9000","codDiv":"DIV-9000"}]}],"measureFields":[]} | ResponseBody: 
2026-02-11 12:34:15.062 +05:00 [INF] HTTP POST /api/promotions/products responded 200 in 422.6604 ms | User: haris (23) | IP: ::1 | RequestBody: {"codProduct":"PRD_96","codDisplay":"DSP_96","levProduct":1,"codDiv":"DIV_96","codMeasure":"MEASURE_96","qtyEstimated":869785,"perceDiscount1":4.5,"perceDiscount2":6.5,"numMeasure":667,"idAction":300,"details":[{"codNode":"NODE_96","codDiv":"DIV_96","flgInclusion":true,"articles":[{"codNode1":"AAAAAA","codNode2":"SSSSSSSSSS","codNodeN":"DDDDDDDDDD","codNode":"NODE_96","codDiv":"DIV_96"}]}],"measureFields":[]} | ResponseBody: 
2026-02-11 12:34:15.067 +05:00 [INF] HTTP POST /api/promotions/products responded 200 in 429.4903 ms
2026-02-11 12:34:15.095 +05:00 [INF] HTTP POST /api/promotions/products responded 200 in 456.0521 ms
2026-02-11 12:34:15.155 +05:00 [INF] JWT validated for haris
2026-02-11 12:34:15.164 +05:00 [INF] Forwarding request GET /api/promotions/products to http://localhost:5137/api/promotions/products
2026-02-11 12:34:15.281 +05:00 [INF] Received response 200 from http://localhost:5137/api/promotions/products
2026-02-11 12:34:15.291 +05:00 [INF] HTTP GET /api/promotions/products responded 200 in 135.8373 ms | User: haris (23) | IP: ::1 | RequestBody:  | ResponseBody: [{"idAction":3,"codProduct":"PRD_24","levProduct":1,"codDisplay":"DS-_24","codDiv":"DIV_24","qtyEstimated":345.00,"perceDiscount1":0.50,"perceDiscount2":0.90,"numMeasure":8.00,"codMeasure":"MEASURE_24","details":[],"measureFields":[]},{"idAction":3,"codProduct":"PRD_3","levProduct":3,"codDisplay":"DSP_3","codDiv":"DIV_3","qtyEstimated":3450.00,"perceDiscount1":0.50,"perceDiscount2":9.00,"numMeasure":676.00,"codMeasure":"MEASURE_3","details":[{"idAction":3,"codProduct":"PRD_3","levProduct":3,"codDisplay":"DSP_3","codNode":"NODE_3","codDiv":"DIV_3","flgInclusion":true,"articles":[{"idAction":3,"codProduct":"PRD_3","levProduct":3,"codDisplay":"DSP_3","codDiv":"DIV_3","codNode":"NODE_3","codNode1":"AAA","codNode2":"BBB","codNodeN":"CCC"}]}],"measureFields":[]},{"idAction":3,"codProduct":"prd_33","levProduct":1,"codDisplay":"dsp_33","codDiv":"div_33","qtyEstimated":4000.00,"perceDiscount1":0.40,"perceDiscount2":0.90,"numMeasure":339.00,"codMeasure":"measure_33","details":[{"idAction":3,"codProduct":"prd_33","levProduct":1,"codDisplay":"dsp_33","codNode":"node_33","codDiv":"div_33","flgInclusion":true,"articles":[{"idAction":3,"codProduct":"prd_33","levProduct":1,"codDisplay":"dsp_33","codDiv":"div_33","codNode":"node_33","codNode1":"ddd","codNode2":"fff","codNodeN":"ggg"}]}],"measureFields":[]},{"idAction":3,"codProduct":"PRD_96","levProduct":1,"codDisplay":"DSP_96","codDiv":"DIV_96","qtyEstimated":869785.00,"perceDiscount1":4.50,"perceDiscount2":6.50,"numMeasure":667.00,"codMeasure":"MEASURE_96","details":[{"idAction":3,"codProduct":"PRD_96","levProduct":1,"codDisplay":"DSP_96","codNode":"NODE_96","codDiv":"DIV_96","flgInclusion":true,"articles":[{"idAction":3,"codProduct":"PRD_96","levProduct":1,"codDisplay":"DSP_96","codDiv":"DIV_96","codNode":"NODE_96","codNode1":"AAAAAA","codNode2":"SSSSSSSSSS","codNodeN":"DDDDDDDDDD"}]}],"measureFields":[]},{"idAction":3,"codProduct":"PROD-9000","levProduct":1,"codDisplay":"DISP-9000","codDiv":"DIV-9000","qtyEstimated":2000.00,"perceDiscount1":0.60,"perceDiscount2":0.90,"numMeasure":66.00,"codMeasure":"measure_9000","details":[{"idAction":3,"codProduct":"PROD-9000","levProduct":1,"codDisplay":"DISP-9000","codNode":"NODE-9000","codDiv":"DIV-9000","flgInclusion":true,"articles":[{"idAction":3,"codProduct":"PROD-9000","levProduct":1,"codDisplay":"DISP-9000","codDiv":"DIV-9000","codNode":"NODE-9000","codNode1":"A1","codNode2":null,"codNodeN":null}]}],"measureFields":[]},{"idAction":5,"codProduct":"PRD_3","levProduct":1,"codDisplay":"DSP_3","codDiv":"DIV_3","qtyEstimated":3450.00,"perceDiscount1":0.50,"perceDiscount2":9.00,"numMeasure":0.00,"codMeasure":"MEASURE_3","details":[{"idAction":5,"codProduct":"PRD_3","levProduct":1,"codDisplay":"DSP_3","codNode":"NODE_3","codDiv":"DIV_3","flgInclusion":true,"articles":[{"idAction":5,"codProduct":"PRD_3","levProduct":1,"codDisplay":"DSP_3","codDiv":"DIV_3","codNode":"NODE_3","codNode1":"AAA","codNode2":"BBB","codNodeN":"CCC"}]}],"measureFields":[]},{"idAction":5,"codProduct":"prd_33","levProduct":1,"codDisplay":"dsp_33","codDiv":"div_33","qtyEstimated":4000.00,"perceDiscount1":0.40,"perceDiscount2":0.90,"numMeasure":339.00,"codMeasure":"measure_33","details":[{"idAction":5,"codProduct":"prd_33","levProduct":1,"codDisplay":"dsp_33","codNode":"node_33","codDiv":"div_33","flgInclusion":true,"articles":[{"idAction":5,"codProduct":"prd_33","levProduct":1,"codDisplay":"dsp_33","codDiv":"div_33","codNode":"node_33","codNode1":"ddd","codNode2":"fff","codNodeN":"ggg"}]}],"measureFields":[]},{"idAction":5,"codProduct":"PRD_333","levProduct":1,"codDisplay":"DSP_333","codDiv":"DIV_333","qtyEstimated":4500.00,"perceDiscount1":0.80,"perceDiscount2":9.10,"numMeasure":556540.00,"codMeasure":"MEASURE_333","details":[{"idAction":5,"codProduct":"PRD_333","levProduct":1,"codDisplay":"DSP_333","codNode":"NODE_333","codDiv":"DIV_333","flgInclusion":true,"articles":[{"idAction":5,"codProduct":"PRD_333","levProduct":1,"codDisplay":"DSP_333","codDiv":"DIV_333","codNode":"NODE_333","codNode1":"PPP","codNode2":"LLL","codNodeN":"MMM"}]}],"measureFields":[]},{"idAction":5,"codProduct":"PRD_5","levProduct":5,"codDisplay":"DSP_5","codDiv":"DIV_5","qtyEstimated":2500.00,"perceDiscount1":6.70,"perceDiscount2":8.90,"numMeasure":0.00,"codMeasure":"MEASURE_5","details":[{"idAction":5,"codProduct":"PRD_5","levProduct":5,"codDisplay":"DSP_5","codNode":"NODE_5","codDiv":"DIV_5","flgInclusion":true,"articles":[{"idAction":5,"codProduct":"PRD_5","levProduct":5,"codDisplay":"DSP_5","codDiv":"DIV_5","codNode":"NODE_5","codNode1":"RRR","codNode2":"TTT","codNodeN":"YYY"}]}],"measureFields":[]},{"idAction":5,"codProduct":"PROD-9000","levProduct":1,"codDisplay":"DISP-9000","codDiv":"DIV-9000","qtyEstimated":2000.00,"perceDiscount1":0.60,"perceDiscount2":0.90,"numMeasure":66.00,"codMeasure":"measure_9000","details":[{"idAction":5,"codProduct":"PROD-9000","levProduct":1,"codDisplay":"DISP-9000","codNode":"NODE-9000","codDiv":"DIV-9000","flgInclusion":true,"articles":[{"idAction":5,"codProduct":"PROD-9000","levProduct":1,"codDisplay":"DISP-9000","codDiv":"DIV-9000","codNode":"NODE-9000","codNode1":"A1","codNode2":null,"codNodeN":null}]}],"measureFields":[]},{"idAction":6,"codProduct":"PRD_1","levProduct":1,"codDisplay":"DIV_1","codDiv":"DIV_1","qtyEstimated":78.00,"perceDiscount1":6.00,"perceDiscount2":8.00,"numMeasure":78788.00,"codMeasure":"1","details":[],"measureFields":[]},{"idAction":6,"codProduct":"PRD_3","levProduct":1,"codDisplay":"DSP_3","codDiv":"DIV_3","qtyEstimated":3450.00,"perceDiscount1":0.50,"perceDiscount2":9.00,"numMeasure":676.00,"codMeasure":"MEASURE_3","details":[{"idAction":6,"codProduct":"PRD_3","levProduct":1,"codDisplay":"DSP_3","codNode":"NODE_3","codDiv":"DIV_3","flgInclusion":true,"articles":[{"idAction":6,"codProduct":"PRD_3","levProduct":1,"codDisplay":"DSP_3","codDiv":"DIV_3","codNode":"NODE_3","codNode1":"AAA","codNode2":"BBB","codNodeN":"CCC"}]}],"measureFields":[]},{"idAction":6,"codProduct":"PRD_6","levProduct":6,"codDisplay":"DSP_6","codDiv":"DIV_6","qtyEstimated":60606.00,"perceDiscount1":9.90,"perceDiscount2":7.80,"numMeasure":0.00,"codMeasure":"MEASURE_6","details":[{"idAction":6,"codProduct":"PRD_6","levProduct":6,"codDisplay":"DSP_6","codNode":"NODE_6","codDiv":"DIV_6","flgInclusion":true,"articles":[{"idAction":6,"codProduct":"PRD_6","levProduct":6,"codDisplay":"DSP_6","codDiv":"DIV_6","codNode":"NODE_6","codNode1":"KKK","codNode2":"LLL","codNodeN":"MMM"}]}],"measureFields":[]},{"idAction":6,"codProduct":"PRD_66666","levProduct":1,"codDisplay":"DSP_66666","codDiv":"DIV_66666","qtyEstimated":600000.00,"perceDiscount1":6.60,"perceDiscount2":3.40,"numMeasure":8758939.00,"codMeasure":"MEASURE_66666","details":[{"idAction":6,"codProduct":"PRD_66666","levProduct":1,"codDisplay":"DSP_66666","codNode":"NODE_66666","codDiv":"DIV_66666","flgInclusion":true,"articles":[{"idAction":6,"codProduct":"PRD_66666","levProduct":1,"codDisplay":"DSP_66666","codDiv":"DIV_66666","codNode":"NODE_66666","codNode1":"KKKKKKKKK","codNode2":"VVVVVVV","codNodeN":"VVVVVVVVVVVV"}]}],"measureFields":[]},{"idAction":7,"codProduct":"PRD_7","levProduct":7,"codDisplay":"DSP_7","codDiv":"DIV_7","qtyEstimated":7000.00,"perceDiscount1":6.70,"perceDiscount2":7.70,"numMeasure":0.00,"codMeasure":"MEASURE_7","details":[{"idAction":7,"codProduct":"PRD_7","levProduct":7,"codDisplay":"DSP_7","codNode":"NODE_7","codDiv":"DIV_7","flgInclusion":true,"articles":[{"idAction":7,"codProduct":"PRD_7","levProduct":7,"codDisplay":"DSP_7","codDiv":"DIV_7","codNode":"NODE_7","codNode1":"JHJK","codNode2":"JKBHHUI","codNodeN":"KKKK"}]}],"measureFields":[]},{"idAction":10,"codProduct":"PRD_10","levProduct":10,"codDisplay":"DSP_10","codDiv":"DIV_10","qtyEstimated":5000.00,"perceDiscount1":0.70,"perceDiscount2":9.80,"numMeasure":0.00,"codMeasure":"MEASURE_10","details":[{"idAction":10,"codProduct":"PRD_10","levProduct":10,"codDisplay":"DSP_10","codNode":"NODE_10","codDiv":"DIV_10","flgInclusion":true,"articles":[{"idAction":10,"codProduct":"PRD_10","levProduct":10,"codDisplay":"DSP_10","codDiv":"DIV_10","codNode":"NODE_10","codNode1":"QQQ","codNode2":"WWW","codNodeN":"EEE"}]}],"measureFields":[]},{"idAction":10,"codProduct":"PROD-5555","levProduct":1,"codDisplay":"DISP-5555","codDiv":"DIV-5555","qtyEstimated":500.00,"perceDiscount1":0.80,"perceDiscount2":0.10,"numMeasure":5555.00,"codMeasure":"measure_55555","details":[{"idAction":10,"codProduct":"PROD-5555","levProduct":1,"codDisplay":"DISP-5555","codNode":"NODE-5555","codDiv":"DIV-5555","flgInclusion":true,"articles":[{"idAction":10,"codProduct":"PROD-5555","levProduct":1,"codDisplay":"DISP-5555","codDiv":"DIV-5555","codNode":"NODE-5555","codNode1":null,"codNode2":null,"codNodeN":null}]}],"measureFields":[]},{"idAction":10,"codProduct":"PROD-8888","levProduct":1,"codDisplay":"DISP-8888","codDiv":"DIV-8888","qtyEstimated":2000.00,"perceDiscount1":0.00,"perceDiscount2":0.00,"numMeasure":0.00,"codMeasure":null,"details":[{"idAction":10,"codProduct":"PROD-8888","levProduct":1,"codDisplay":"DISP-8888","codNode":"NODE-8888","codDiv":"DIV-8888","flgInclusion":true,"articles":[{"idAction":10,"codProduct":"PROD-8888","levProduct":1,"codDisplay":"DISP-8888","codDiv":"DIV-8888","codNode":"NODE-8888","codNode1":"A1","codNode2":null,"codNodeN":null}]}],"measureFields":[]},{"idAction":12,"codProduct":"PRD_12","levProduct":11,"codDisplay":"DSP_12","codDiv":"DIV_12","qtyEstimated":1200.00,"perceDiscount1":7.80,"perceDiscount2":3.40,"numMeasure":0.00,"codMeasure":"MEASURE_12","details":[{"idAction":12,"codProduct":"PRD_12","levProduct":11,"codDisplay":"DSP_12","codNode":"NODE_12","codDiv":"DIV_12","flgInclusion":true,"articles":[{"idAction":12,"codProduct":"PRD_12","levProduct":11,"codDisplay":"DSP_12","codDiv":"DIV_12","codNode":"NODE_12","codNode1":"NODEEE_34R42","codNode2":"ADFRGWFA","codNodeN":"AEFWGVFWEFSCEW"}]}],"measureFields":[]},{"idAction":24,"codProduct":"PRD_24","levProduct":23,"codDisplay":"DSP_24","codDiv":"DIV_24","qtyEstimated":2499.00,"perceDiscount1":24.90,"perceDiscount2":24.80,"numMeasure":0.00,"codMeasure":"24","details":[{"idAction":24,"codProduct":"PRD_24","levProduct":23,"codDisplay":"DSP_24","codNode":"NODE_24","codDiv":"DIV_24","flgInclusion":true,"articles":[{"idAction":24,"codProduct":"PRD_24","levProduct":23,"codDisplay":"DSP_24","codDiv":"DIV_24","codNode":"NODE_24","codNode1":"LLLLLLLLLLLLL","codNode2":"KKKKKKKKKKKKKKKKK","codNodeN":"MMMMMMMMMMMMMMM"}]}],"measureFields":[]},{"idAction":87,"codProduct":"PRD_87","levProduct":87,"codDisplay":"DSP_87","codDiv":"DIV_87","qtyEstimated":8700.00,"perceDiscount1":8.70,"perceDiscount2":6.70,"numMeasure":0.00,"codMeasure":"MEASURE_87","details":[{"idAction":87,"codProduct":"PRD_87","levProduct":87,"codDisplay":"DSP_87","codNode":"NODE_87","codDiv":"DIV_87","flgInclusion":true,"articles":[{"idAction":87,"codProduct":"PRD_87","levProduct":87,"codDisplay":"DSP_87","codDiv":"DIV_87","codNode":"NODE_87","codNode1":"KHGUYGUH","codNode2":"IUGFTYDGUI","codNodeN":"YFGUHIO"}]}],"measureFields":[]},{"idAction":98,"codProduct":"PRD_3","levProduct":1,"codDisplay":"DSP_3","codDiv":"DIV_3","qtyEstimated":3450.00,"perceDiscount1":0.50,"perceDiscount2":9.00,"numMeasure":676.00,"codMeasure":"MEASURE_3","details":[{"idAction":98,"codProduct":"PRD_3","levProduct":1,"codDisplay":"DSP_3","codNode":"NODE_3","codDiv":"DIV_3","flgInclusion":true,"articles":[{"idAction":98,"codProduct":"PRD_3","levProduct":1,"codDisplay":"DSP_3","codDiv":"DIV_3","codNode":"NODE_3","codNode1":"AAA","codNode2":"BBB","codNodeN":"CCC"}]}],"measureFields":[]},{"idAction":98,"codProduct":"prd_33","levProduct":1,"codDisplay":"dsp_33","codDiv":"div_33","qtyEstimated":4000.00,"perceDiscount1":0.40,"perceDiscount2":0.90,"numMeasure":339.00,"codMeasure":"measure_33","details":[{"idAction":98,"codProduct":"prd_33","levProduct":1,"codDisplay":"dsp_33","codNode":"node_33","codDiv":"div_33","flgInclusion":true,"articles":[{"idAction":98,"codProduct":"prd_33","levProduct":1,"codDisplay":"dsp_33","codDiv":"div_33","codNode":"node_33","codNode1":"ddd","codNode2":"fff","codNodeN":"ggg"}]}],"measureFields":[]},{"idAction":98,"codProduct":"PRD_98","levProduct":98,"codDisplay":"DSP_98","codDiv":"DIV_98","qtyEstimated":34453.00,"perceDiscount1":0.90,"perceDiscount2":3.70,"numMeasure":0.00,"codMeasure":"MEASURE_98","details":[{"idAction":98,"codProduct":"PRD_98","levProduct":98,"codDisplay":"DSP_98","codNode":"NODE_98","codDiv":"DIV_98","flgInclusion":true,"articles":[{"idAction":98,"codProduct":"PRD_98","levProduct":98,"codDisplay":"DSP_98","codDiv":"DIV_98","codNode":"NODE_98","codNode1":"KHQGDKQE","codNode2":"DEQDED","codNodeN":"EEE"}]}],"measureFields":[]},{"idAction":98,"codProduct":"PROD-9000","levProduct":1,"codDisplay":"DISP-9000","codDiv":"DIV-9000","qtyEstimated":2000.00,"perceDiscount1":0.60,"perceDiscount2":0.90,"numMeasure":66.00,"codMeasure":"measure_9000","details":[{"idAction":98,"codProduct":"PROD-9000","levProduct":1,"codDisplay":"DISP-9000","codNode":"NODE-9000","codDiv":"DIV-9000","flgInclusion":true,"articles":[{"idAction":98,"codProduct":"PROD-9000","levProduct":1,"codDisplay":"DISP-9000","codDiv":"DIV-9000","codNode":"NODE-9000","codNode1":"A1","codNode2":null,"codNodeN":null}]}],"measureFields":[]},{"idAction":100,"codProduct":"PRD_1","levProduct":1,"codDisplay":"DIV_1","codDiv":"DIV_1","qtyEstimated":78.00,"perceDiscount1":6.00,"perceDiscount2":8.00,"numMeasure":78788.00,"codMeasure":"1","details":[],"measureFields":[]},{"idAction":100,"codProduct":"PRD_10","levProduct":1,"codDisplay":"DSP_10","codDiv":"DIV_10","qtyEstimated":5000.00,"perceDiscount1":0.70,"perceDiscount2":9.80,"numMeasure":0.00,"codMeasure":"MEASURE_10","details":[{"idAction":100,"codProduct":"PRD_10","levProduct":1,"codDisplay":"DSP_10","codNode":"NODE_10","codDiv":"DIV_10","flgInclusion":true,"articles":[{"idAction":100,"codProduct":"PRD_10","levProduct":1,"codDisplay":"DSP_10","codDiv":"DIV_10","codNode":"NODE_10","codNode1":"QQQ","codNode2":"WWW","codNodeN":"EEE"}]}],"measureFields":[]},{"idAction":100,"codProduct":"PRD_100","levProduct":1,"codDisplay":"DSP_100","codDiv":"DIV_100","qtyEstimated":1290.00,"perceDiscount1":3.40,"perceDiscount2":6.70,"numMeasure":0.00,"codMeasure":"MEASURE_100","details":[{"idAction":100,"codProduct":"PRD_100","levProduct":1,"codDisplay":"DSP_100","codNode":"NODE_100","codDiv":"DIV_100","flgInclusion":true,"articles":[{"idAction":100,"codProduct":"PRD_100","levProduct":1,"codDisplay":"DSP_100","codDiv":"DIV_100","codNode":"NODE_100","codNode1":"HHHHHHHH","codNode2":"JJJJJJJ","codNodeN":"KKKKKKK"}]}],"measureFields":[]},{"idAction":100,"codProduct":"PRD_100","levProduct":10,"codDisplay":"DSP_100","codDiv":"DIV_100","qtyEstimated":1290.00,"perceDiscount1":3.40,"perceDiscount2":6.70,"numMeasure":0.00,"codMeasure":"MEASURE_100","details":[{"idAction":100,"codProduct":"PRD_100","levProduct":10,"codDisplay":"DSP_100","codNode":"NODE_100","codDiv":"DIV_100","flgInclusion":true,"articles":[{"idAction":100,"codProduct":"PRD_100","levProduct":10,"codDisplay":"DSP_100","codDiv":"DIV_100","codNode":"NODE_100","codNode1":"HHHHHHHH","codNode2":"JJJJJJJ","codNodeN":"KKKKKKK"}]}],"measureFields":[]},{"idAction":100,"codProduct":"PRD_24","levProduct":1,"codDisplay":"DS-_24","codDiv":"DIV_24","qtyEstimated":345.00,"perceDiscount1":0.50,"perceDiscount2":0.90,"numMeasure":8.00,"codMeasure":"MEASURE_24","details":[],"measureFields":[]},{"idAction":100,"codProduct":"PRD_3","levProduct":1,"codDisplay":"DSP_3","codDiv":"DIV_3","qtyEstimated":3450.00,"perceDiscount1":0.50,"perceDiscount2":9.00,"numMeasure":676.00,"codMeasure":"MEASURE_3","details":[{"idAction":100,"codProduct":"PRD_3","levProduct":1,"codDisplay":"DSP_3","codNode":"NODE_3","codDiv":"DIV_3","flgInclusion":true,"articles":[{"idAction":100,"codProduct":"PRD_3","levProduct":1,"codDisplay":"DSP_3","codDiv":"DIV_3","codNode":"NODE_3","codNode1":"AAA","codNode2":"BBB","codNodeN":"CCC"}]}],"measureFields":[]},{"idAction":100,"codProduct":"prd_33","levProduct":1,"codDisplay":"dsp_33","codDiv":"div_33","qtyEstimated":4000.00,"perceDiscount1":0.40,"perceDiscount2":0.90,"numMeasure":339.00,"codMeasure":"measure_33","details":[{"idAction":100,"codProduct":"prd_33","levProduct":1,"codDisplay":"dsp_33","codNode":"node_33","codDiv":"div_33","flgInclusion":true,"articles":[{"idAction":100,"codProduct":"prd_33","levProduct":1,"codDisplay":"dsp_33","codDiv":"div_33","codNode":"node_33","codNode1":"ddd","codNode2":"fff","codNodeN":"ggg"}]}],"measureFields":[]},{"idAction":100,"codProduct":"PRD_5","levProduct":1,"codDisplay":"DSP_5","codDiv":"DIV_5","qtyEstimated":2500.00,"perceDiscount1":6.70,"perceDiscount2":8.90,"numMeasure":0.00,"codMeasure":"MEASURE_5","details":[{"idAction":100,"codProduct":"PRD_5","levProduct":1,"codDisplay":"DSP_5","codNode":"NODE_5","codDiv":"DIV_5","flgInclusion":true,"articles":[{"idAction":100,"codProduct":"PRD_5","levProduct":1,"codDisplay":"DSP_5","codDiv":"DIV_5","codNode":"NODE_5","codNode1":"RRR","codNode2":"TTT","codNodeN":"YYY"}]}],"measureFields":[]},{"idAction":100,"codProduct":"PRD_6","levProduct":1,"codDisplay":"DSP_6","codDiv":"DIV_6","qtyEstimated":60606.00,"perceDiscount1":9.90,"perceDiscount2":7.80,"numMeasure":0.00,"codMeasure":"MEASURE_6","details":[{"idAction":100,"codProduct":"PRD_6","levProduct":1,"codDisplay":"DSP_6","codNode":"NODE_6","codDiv":"DIV_6","flgInclusion":true,"articles":[{"idAction":100,"codProduct":"PRD_6","levProduct":1,"codDisplay":"DSP_6","codDiv":"DIV_6","codNode":"NODE_6","codNode1":"KKK","codNode2":"LLL","codNodeN":"MMM"}]}],"measureFields":[]},{"idAction":100,"codProduct":"PRD_66666","levProduct":1,"codDisplay":"DSP_66666","codDiv":"DIV_66666","qtyEstimated":600000.00,"perceDiscount1":6.60,"perceDiscount2":3.40,"numMeasure":8758939.00,"codMeasure":"MEASURE_66666","details":[{"idAction":100,"codProduct":"PRD_66666","levProduct":1,"codDisplay":"DSP_66666","codNode":"NODE_66666","codDiv":"DIV_66666","flgInclusion":true,"articles":[{"idAction":100,"codProduct":"PRD_66666","levProduct":1,"codDisplay":"DSP_66666","codDiv":"DIV_66666","codNode":"NODE_66666","codNode1":"KKKKKKKKK","codNode2":"VVVVVVV","codNodeN":"VVVVVVVVVVVV"}]}],"measureFields":[]},{"idAction":100,"codProduct":"PRD_7","levProduct":1,"codDisplay":"DSP_7","codDiv":"DIV_7","qtyEstimated":7000.00,"perceDiscount1":6.70,"perceDiscount2":7.70,"numMeasure":0.00,"codMeasure":"MEASURE_7","details":[{"idAction":100,"codProduct":"PRD_7","levProduct":1,"codDisplay":"DSP_7","codNode":"NODE_7","codDiv":"DIV_7","flgInclusion":true,"articles":[{"idAction":100,"codProduct":"PRD_7","levProduct":1,"codDisplay":"DSP_7","codDiv":"DIV_7","codNode":"NODE_7","codNode1":"JHJK","codNode2":"JKBHHUI","codNodeN":"KKKK"}]}],"measureFields":[]},{"idAction":100,"codProduct":"PRD_7777","levProduct":1,"codDisplay":"DSP_7777","codDiv":"DIV_7777","qtyEstimated":3423.00,"perceDiscount1":9.80,"perceDiscount2":5.60,"numMeasure":3432.00,"codMeasure":"MEASURE_7777","details":[{"idAction":100,"codProduct":"PRD_7777","levProduct":1,"codDisplay":"DSP_7777","codNode":"NODE_7777","codDiv":"DIV_7777","flgInclusion":true,"articles":[{"idAction":100,"codProduct":"PRD_7777","levProduct":1,"codDisplay":"DSP_7777","codDiv":"DIV_7777","codNode":"NODE_7777","codNode1":"ABC","codNode2":"DEF","codNodeN":"HBJ"}]}],"measureFields":[]},{"idAction":100,"codProduct":"PRD_96","levProduct":1,"codDisplay":"DSP_96","codDiv":"DIV_96","qtyEstimated":869785.00,"perceDiscount1":4.50,"perceDiscount2":6.50,"numMeasure":667.00,"codMeasure":"MEASURE_96","details":[{"idAction":100,"codProduct":"PRD_96","levProduct":1,"codDisplay":"DSP_96","codNode":"NODE_96","codDiv":"DIV_96","flgInclusion":true,"articles":[{"idAction":100,"codProduct":"PRD_96","levProduct":1,"codDisplay":"DSP_96","codDiv":"DIV_96","codNode":"NODE_96","codNode1":"AAAAAA","codNode2":"SSSSSSSSSS","codNodeN":"DDDDDDDDDD"}]}],"measureFields":[]},{"idAction":100,"codProduct":"PROD-5555","levProduct":1,"codDisplay":"DISP-5555","codDiv":"DIV-5555","qtyEstimated":500.00,"perceDiscount1":0.80,"perceDiscount2":0.10,"numMeasure":5555.00,"codMeasure":"measure_55555","details":[{"idAction":100,"codProduct":"PROD-5555","levProduct":1,"codDisplay":"DISP-5555","codNode":"NODE-5555","codDiv":"DIV-5555","flgInclusion":true,"articles":[{"idAction":100,"codProduct":"PROD-5555","levProduct":1,"codDisplay":"DISP-5555","codDiv":"DIV-5555","codNode":"NODE-5555","codNode1":null,"codNode2":null,"codNodeN":null}]}],"measureFields":[]},{"idAction":100,"codProduct":"PROD-8888","levProduct":1,"codDisplay":"DISP-8888","codDiv":"DIV-8888","qtyEstimated":2000.00,"perceDiscount1":0.00,"perceDiscount2":0.00,"numMeasure":0.00,"codMeasure":null,"details":[{"idAction":100,"codProduct":"PROD-8888","levProduct":1,"codDisplay":"DISP-8888","codNode":"NODE-8888","codDiv":"DIV-8888","flgInclusion":true,"articles":[{"idAction":100,"codProduct":"PROD-8888","levProduct":1,"codDisplay":"DISP-8888","codDiv":"DIV-8888","codNode":"NODE-8888","codNode1":"A1","codNode2":null,"codNodeN":null}]}],"measureFields":[]},{"idAction":100,"codProduct":"PROD-9000","levProduct":1,"codDisplay":"DISP-9000","codDiv":"DIV-9000","qtyEstimated":2000.00,"perceDiscount1":0.60,"perceDiscount2":0.90,"numMeasure":66.00,"codMeasure":"measure_9000","details":[{"idAction":100,"codProduct":"PROD-9000","levProduct":1,"codDisplay":"DISP-9000","codNode":"NODE-9000","codDiv":"DIV-9000","flgInclusion":true,"articles":[{"idAction":100,"codProduct":"PROD-9000","levProduct":1,"codDisplay":"DISP-9000","codDiv":"DIV-9000","codNode":"NODE-9000","codNode1":"A1","codNode2":null,"codNodeN":null}]}],"measureFields":[]},{"idAction":200,"codProduct":"PRD_200","levProduct":20,"codDisplay":"DSP_200","codDiv":"DIV_200","qtyEstimated":20000.00,"perceDiscount1":3.50,"perceDiscount2":5.50,"numMeasure":0.00,"codMeasure":"MEASURE_200","details":[{"idAction":200,"codProduct":"PRD_200","levProduct":20,"codDisplay":"DSP_200","codNode":"NODE_200","codDiv":"DIV_200","flgInclusion":true,"articles":[{"idAction":200,"codProduct":"PRD_200","levProduct":20,"codDisplay":"DSP_200","codDiv":"DIV_200","codNode":"NODE_200","codNode1":"TTT","codNode2":"YYY","codNodeN":"UUU"}]}],"measureFields":[]},{"idAction":200,"codProduct":"PROD-1111","levProduct":1,"codDisplay":"DISP-1111","codDiv":"DIV-1111","qtyEstimated":0.00,"perceDiscount1":0.00,"perceDiscount2":0.00,"numMeasure":1.00,"codMeasure":"EA","details":[{"idAction":200,"codProduct":"PROD-1111","levProduct":1,"codDisplay":"DISP-1111","codNode":"ddd","codDiv":"DIV5005","flgInclusion":true,"articles":[]}],"measureFields":[]},{"idAction":300,"codProduct":"PRD_300","levProduct":30,"codDisplay":"DSP_300","codDiv":"DIV_300","qtyEstimated":3200.00,"perceDiscount1":4.50,"perceDiscount2":5.50,"numMeasure":0.00,"codMeasure":"MEASURE_300","details":[{"idAction":300,"codProduct":"PRD_300","levProduct":30,"codDisplay":"DSP_300","codNode":"NODE_300","codDiv":"DIV_300","flgInclusion":true,"articles":[{"idAction":300,"codProduct":"PRD_300","levProduct":30,"codDisplay":"DSP_300","codDiv":"DIV_300","codNode":"NODE_300","codNode1":"HHHHHH","codNode2":"QQQQQQQQ","codNodeN":"UUUUUUUU"}]}],"measureFields":[]},{"idAction":300,"codProduct":"PRD_96","levProduct":1,"codDisplay":"DSP_96","codDiv":"DIV_96","qtyEstimated":869785.00,"perceDiscount1":4.50,"perceDiscount2":6.50,"numMeasure":667.00,"codMeasure":"MEASURE_96","details":[{"idAction":300,"codProduct":"PRD_96","levProduct":1,"codDisplay":"DSP_96","codNode":"NODE_96","codDiv":"DIV_96","flgInclusion":true,"articles":[{"idAction":300,"codProduct":"PRD_96","levProduct":1,"codDisplay":"DSP_96","codDiv":"DIV_96","codNode":"NODE_96","codNode1":"AAAAAA","codNode2":"SSSSSSSSSS","codNodeN":"DDDDDDDDDD"}]}],"measureFields":[]},{"idAction":300,"codProduct":"PROD-9000","levProduct":1,"codDisplay":"DISP-9000","codDiv":"DIV-9000","qtyEstimated":2000.00,"perceDiscount1":0.60,"perceDiscount2":0.90,"numMeasure":66.00,"codMeasure":"measure_9000","details":[{"idAction":300,"codProduct":"PROD-9000","levProduct":1,"codDisplay":"DISP-9000","codNode":"NODE-9000","codDiv":"DIV-9000","flgInclusion":true,"articles":[{"idAction":300,"codProduct":"PROD-9000","levProduct":1,"codDisplay":"DISP-9000","codDiv":"DIV-9000","codNode":"NODE-9000","codNode1":"A1","codNode2":null,"codNodeN":null}]}],"measureFields":[]},{"idAction":321,"codProduct":"PRD_3","levProduct":1,"codDisplay":"DSP_3","codDiv":"DIV_3","qtyEstimated":3450.00,"perceDiscount1":0.50,"perceDiscount2":9.00,"numMeasure":676.00,"codMeasure":"MEASURE_3","details":[{"idAction":321,"codProduct":"PRD_3","levProduct":1,"codDisplay":"DSP_3","codNode":"NODE_3","codDiv":"DIV_3","flgInclusion":true,"articles":[{"idAction":321,"codProduct":"PRD_3","levProduct":1,"codDisplay":"DSP_3","codDiv":"DIV_3","codNode":"NODE_3","codNode1":"AAA","codNode2":"BBB","codNodeN":"CCC"}]}],"measureFields":[]},{"idAction":321,"codProduct":"prd_33","levProduct":1,"codDisplay":"dsp_33","codDiv":"div_33","qtyEstimated":4000.00,"perceDiscount1":0.40,"perceDiscount2":0.90,"numMeasure":339.00,"codMeasure":"measure_33","details":[{"idAction":321,"codProduct":"prd_33","levProduct":1,"codDisplay":"dsp_33","codNode":"node_33","codDiv":"div_33","flgInclusion":true,"articles":[{"idAction":321,"codProduct":"prd_33","levProduct":1,"codDisplay":"dsp_33","codDiv":"div_33","codNode":"node_33","codNode1":"ddd","codNode2":"fff","codNodeN":"ggg"}]}],"measureFields":[]},{"idAction":321,"codProduct":"PRD_A","levProduct":1,"codDisplay":"DSP_A","codDiv":"DIV_A","qtyEstimated":78765.00,"perceDiscount1":9.80,"perceDiscount2":2.10,"numMeasure":0.00,"codMeasure":"MEASURE_A","details":[{"idAction":321,"codProduct":"PRD_A","levProduct":1,"codDisplay":"DSP_A","codNode":"NODE_A","codDiv":"DIV_A","flgInclusion":true,"articles":[{"idAction":321,"codProduct":"PRD_A","levProduct":1,"codDisplay":"DSP_A","codDiv":"DIV_A","codNode":"NODE_A","codNode1":"KKKKKKKKK","codNode2":"WWWWWWWWWW","codNodeN":"WEEEEEEEE"}]}],"measureFields":[]},{"idAction":321,"codProduct":"PROD-9000","levProduct":1,"codDisplay":"DISP-9000","codDiv":"DIV-9000","qtyEstimated":2000.00,"perceDiscount1":0.60,"perceDiscount2":0.90,"numMeasure":66.00,"codMeasure":"measure_9000","details":[{"idAction":321,"codProduct":"PROD-9000","levProduct":1,"codDisplay":"DISP-9000","codNode":"NODE-9000","codDiv":"DIV-9000","flgInclusion":true,"articles":[{"idAction":321,"codProduct":"PROD-9000","levProduct":1,"codDisplay":"DISP-9000","codDiv":"DIV-9000","codNode":"NODE-9000","codNode1":"A1","codNode2":null,"codNodeN":null}]}],"measureFields":[]},{"idAction":1111,"codProduct":"PRD_1","levProduct":1,"codDisplay":"DIV_1","codDiv":"DIV_1","qtyEstimated":78.00,"perceDiscount1":6.00,"perceDiscount2":8.00,"numMeasure":78788.00,"codMeasure":"1","details":[],"measureFields":[]},{"idAction":1111,"codProduct":"PRD_1","levProduct":1,"codDisplay":"DSP_1","codDiv":"DIV_1","qtyEstimated":11.00,"perceDiscount1":9.80,"perceDiscount2":6.70,"numMeasure":11.00,"codMeasure":"MEASURE_1","details":[{"idAction":1111,"codProduct":"PRD_1","levProduct":1,"codDisplay":"DSP_1","codNode":"NODE_1","codDiv":"DIV_1","flgInclusion":true,"articles":[{"idAction":1111,"codProduct":"PRD_1","levProduct":1,"codDisplay":"DSP_1","codDiv":"DIV_1","codNode":"NODE_1","codNode1":"NN","codNode2":"MM","codNodeN":"ZZ"}]}],"measureFields":[]},{"idAction":1111,"codProduct":"PRD_1111","levProduct":11,"codDisplay":"DSP_1111","codDiv":"DIV_1111","qtyEstimated":6756.00,"perceDiscount1":9.81,"perceDiscount2":8.90,"numMeasure":0.00,"codMeasure":"MEASURE_1111","details":[{"idAction":1111,"codProduct":"PRD_1111","levProduct":11,"codDisplay":"DSP_1111","codNode":"NODE_1111","codDiv":"DIV_1111","flgInclusion":true,"articles":[{"idAction":1111,"codProduct":"PRD_1111","levProduct":11,"codDisplay":"DSP_1111","codDiv":"DIV_1111","codNode":"NODE_1111","codNode1":"CCCCCC","codNode2":"AAAAAAA","codNodeN":"BBBBBBBB"}]}],"measureFields":[]},{"idAction":1111,"codProduct":"PRD_24","levProduct":1,"codDisplay":"DS-_24","codDiv":"DIV_24","qtyEstimated":345.00,"perceDiscount1":0.50,"perceDiscount2":0.90,"numMeasure":8.00,"codMeasure":"MEASURE_24","details":[],"measureFields":[]},{"idAction":1111,"codProduct":"PRD_44","levProduct":1,"codDisplay":"DSP_44","codDiv":"DIC_44","qtyEstimated":44.00,"perceDiscount1":0.10,"perceDiscount2":0.50,"numMeasure":76.00,"codMeasure":"MEASURE_44","details":[],"measureFields":[]},{"idAction":1111,"codProduct":"PRD_765","levProduct":1,"codDisplay":"DSP_567","codDiv":"DIV_765","qtyEstimated":5.60,"perceDiscount1":0.50,"perceDiscount2":0.40,"numMeasure":999.00,"codMeasure":"765","details":[],"measureFields":[]},{"idAction":1111,"codProduct":"PROD-1111","levProduct":1,"codDisplay":"DISP-1111","codDiv":"DIV-1111","qtyEstimated":0.00,"perceDiscount1":0.00,"perceDiscount2":0.00,"numMeasure":1.00,"codMeasure":"EA","details":[{"idAction":1111,"codProduct":"PROD-1111","levProduct":1,"codDisplay":"DISP-1111","codNode":"ddd","codDiv":"DIV5005","flgInclusion":true,"articles":[]}],"measureFields":[]},{"idAction":1111,"codProduct":"PROD-2323","levProduct":1,"codDisplay":"DSP-2323","codDiv":"D-2322","qtyEstimated":2340.00,"perceDiscount1":0.40,"perceDiscount2":45.00,"numMeasure":0.00,"codMeasure":"PALLET","details":[{"idAction":1111,"codProduct":"PROD-2323","levProduct":1,"codDisplay":"DSP-2323","codNode":"NODE-2323","codDiv":"D-2323","flgInclusion":true,"articles":[{"idAction":1111,"codProduct":"PROD-2323","levProduct":1,"codDisplay":"DSP-2323","codDiv":"D-2323","codNode":"NODE-2323","codNode1":"A1-2323","codNode2":"A2-2323","codNodeN":"AN-2323"}]}],"measureFields":[]},{"idAction":2020,"codProduct":"PRD_1","levProduct":1,"codDisplay":"DIV_1","codDiv":"DIV_1","qtyEstimated":78.00,"perceDiscount1":6.00,"perceDiscount2":8.00,"numMeasure":78788.00,"codMeasure":"1","details":[],"measureFields":[]},{"idAction":2020,"codProduct":"PRD_24","levProduct":1,"codDisplay":"DS-_24","codDiv":"DIV_24","qtyEstimated":345.00,"perceDiscount1":0.50,"perceDiscount2":0.90,"numMeasure":8.00,"codMeasure":"MEASURE_24","details":[],"measureFields":[]},{"idAction":2020,"codProduct":"PRD_44","levProduct":1,"codDisplay":"DSP_44","codDiv":"DIC_44","qtyEstimated":44.00,"perceDiscount1":0.10,"perceDiscount2":0.50,"numMeasure":76.00,"codMeasure":"MEASURE_44","details":[],"measureFields":[]},{"idAction":2020,"codProduct":"PRD_765","levProduct":0,"codDisplay":"DSP_765","codDiv":"DIV_765","qtyEstimated":234.00,"perceDiscount1":0.50,"perceDiscount2":0.56,"numMeasure":765.00,"codMeasure":"MEASURE_765","details":[],"measureFields":[]},{"idAction":2020,"codProduct":"PRD_765","levProduct":0,"codDisplay":"DSP-765","codDiv":"DIV_765","qtyEstimated":345.00,"perceDiscount1":3.55,"perceDiscount2":67.00,"numMeasure":765.00,"codMeasure":"MEASURE_765","details":[],"measureFields":[]},{"idAction":2020,"codProduct":"PRD-2020","levProduct":1,"codDisplay":"DSP-2020","codDiv":"D-2020","qtyEstimated":2000.00,"perceDiscount1":11.00,"perceDiscount2":23.00,"numMeasure":0.00,"codMeasure":"BOX","details":[{"idAction":2020,"codProduct":"PRD-2020","levProduct":1,"codDisplay":"DSP-2020","codNode":"NODE-2020","codDiv":"D-2020","flgInclusion":true,"articles":[{"idAction":2020,"codProduct":"PRD-2020","levProduct":1,"codDisplay":"DSP-2020","codDiv":"D-2020","codNode":"NODE-2020","codNode1":"A1-2020","codNode2":"A2-2020","codNodeN":"AN-2020"}]}],"measureFields":[]},{"idAction":2323,"codProduct":"PRD_08","levProduct":0,"codDisplay":"DSP_08","codDiv":"DIV_08","qtyEstimated":11.00,"perceDiscount1":22.00,"perceDiscount2":2.00,"numMeasure":2.00,"codMeasure":"08","details":[],"measureFields":[]},{"idAction":2323,"codProduct":"PRD_1","levProduct":1,"codDisplay":"DIV_1","codDiv":"DIV_1","qtyEstimated":78.00,"perceDiscount1":6.00,"perceDiscount2":8.00,"numMeasure":78788.00,"codMeasure":"1","details":[],"measureFields":[]},{"idAction":2323,"codProduct":"PRD_23","levProduct":0,"codDisplay":"DSP_23","codDiv":"DIV_23","qtyEstimated":28.00,"perceDiscount1":7.00,"perceDiscount2":2.00,"numMeasure":7.00,"codMeasure":"MEASURE_23","details":[],"measureFields":[]},{"idAction":2323,"codProduct":"PRD_24","levProduct":1,"codDisplay":"DS-_24","codDiv":"DIV_24","qtyEstimated":345.00,"perceDiscount1":0.50,"perceDiscount2":0.90,"numMeasure":8.00,"codMeasure":"MEASURE_24","details":[],"measureFields":[]},{"idAction":2323,"codProduct":"PRD_34","levProduct":1,"codDisplay":"DSP_34","codDiv":"DIV_34","qtyEstimated":2345.00,"perceDiscount1":0.60,"perceDiscount2":8.87,"numMeasure":34.00,"codMeasure":"MEASURE_34","details":[],"measureFields":[]},{"idAction":2323,"codProduct":"PRD_44","levProduct":1,"codDisplay":"DSP_44","codDiv":"DIC_44","qtyEstimated":44.00,"perceDiscount1":0.10,"perceDiscount2":0.50,"numMeasure":76.00,"codMeasure":"MEASURE_44","details":[],"measureFields":[]},{"idAction":2323,"codProduct":"PRD_55","levProduct":1,"codDisplay":"DSP_55","codDiv":"DIV_55","qtyEstimated":66.00,"perceDiscount1":0.50,"perceDiscount2":0.10,"numMeasure":34.00,"codMeasure":"55","details":[],"measureFields":[]},{"idAction":2323,"codProduct":"PRD_765","levProduct":0,"codDisplay":"DSP_567","codDiv":"DIV_765","qtyEstimated":5.60,"perceDiscount1":0.50,"perceDiscount2":0.40,"numMeasure":999.00,"codMeasure":"765","details":[],"measureFields":[]},{"idAction":2323,"codProduct":"PROD-2323","levProduct":1,"codDisplay":"DSP-2323","codDiv":"D-2322","qtyEstimated":2340.00,"perceDiscount1":0.40,"perceDiscount2":45.00,"numMeasure":0.00,"codMeasure":"PALLET","details":[{"idAction":2323,"codProduct":"PROD-2323","levProduct":1,"codDisplay":"DSP-2323","codNode":"NODE-2323","codDiv":"D-2323","flgInclusion":true,"articles":[{"idAction":2323,"codProduct":"PROD-2323","levProduct":1,"codDisplay":"DSP-2323","codDiv":"D-2323","codNode":"NODE-2323","codNode1":"A1-2323","codNode2":"A2-2323","codNodeN":"AN-2323"}]}],"measureFields":[]},{"idAction":5005,"codProduct":"PROD-1111","levProduct":1,"codDisplay":"DISP-1111","codDiv":"DIV-1111","qtyEstimated":0.00,"perceDiscount1":0.00,"perceDiscount2":0.00,"numMeasure":1.00,"codMeasure":"EA","details":[{"idAction":5005,"codProduct":"PROD-1111","levProduct":1,"codDisplay":"DISP-1111","codNode":"ddd","codDiv":"DIV5005","flgInclusion":true,"articles":[]}],"measureFields":[]},{"idAction":6000,"codProduct":"PRD_6666","levProduct":1,"codDisplay":"DSP_6666","codDiv":"DIV_6666","qtyEstimated":14.00,"perceDiscount1":0.80,"perceDiscount2":8.90,"numMeasure":654.00,"codMeasure":"MEASURE_6666","details":[],"measureFields":[]},{"idAction":6000,"codProduct":"PRD_99","levProduct":1,"codDisplay":"DSP_99","codDiv":"DIV_99","qtyEstimated":456.00,"perceDiscount1":9.80,"perceDiscount2":7.70,"numMeasure":999.00,"codMeasure":"MEASURE_99","details":[{"idAction":6000,"codProduct":"PRD_99","levProduct":1,"codDisplay":"DSP_99","codNode":"NODE_99","codDiv":"DIV_99","flgInclusion":true,"articles":[{"idAction":6000,"codProduct":"PRD_99","levProduct":1,"codDisplay":"DSP_99","codDiv":"DIV_99","codNode":"NODE_99","codNode1":"HBKK","codNode2":"KHNKH","codNodeN":"IYGFTUFTY"}]}],"measureFields":[]},{"idAction":6000,"codProduct":"PROD-6000","levProduct":1,"codDisplay":"DISP-6000","codDiv":"DIV-6000","qtyEstimated":100.00,"perceDiscount1":15.00,"perceDiscount2":0.00,"numMeasure":1.00,"codMeasure":"UNIT","details":[{"idAction":6000,"codProduct":"PROD-6000","levProduct":1,"codDisplay":"DISP-6000","codNode":"DET-6000","codDiv":"DIV-6000","flgInclusion":true,"articles":[{"idAction":6000,"codProduct":"PROD-6000","levProduct":1,"codDisplay":"DISP-6000","codDiv":"DIV-6000","codNode":"DET-6000","codNode1":"SKU-6001","codNode2":"V-GOLD","codNodeN":"SIZE-XL"}]}],"measureFields":[]},{"idAction":6767,"codProduct":"PRD_7777","levProduct":1,"codDisplay":"DSP_7777","codDiv":"DIV_7777","qtyEstimated":3423.00,"perceDiscount1":9.80,"perceDiscount2":5.60,"numMeasure":3432.00,"codMeasure":"MEASURE_7777","details":[{"idAction":6767,"codProduct":"PRD_7777","levProduct":1,"codDisplay":"DSP_7777","codNode":"NODE_7777","codDiv":"DIV_7777","flgInclusion":true,"articles":[{"idAction":6767,"codProduct":"PRD_7777","levProduct":1,"codDisplay":"DSP_7777","codDiv":"DIV_7777","codNode":"NODE_7777","codNode1":"ABC","codNode2":"DEF","codNodeN":"HBJ"}]}],"measureFields":[]},{"idAction":6767,"codProduct":"PROD-6767","levProduct":1,"codDisplay":"DSP-6767","codDiv":"DIV-6767","qtyEstimated":5000.00,"perceDiscount1":23.50,"perceDiscount2":45.60,"numMeasure":0.00,"codMeasure":"PALLET","details":[{"idAction":6767,"codProduct":"PROD-6767","levProduct":1,"codDisplay":"DSP-6767","codNode":"NODE-6767","codDiv":"DIV-6767","flgInclusion":true,"articles":[{"idAction":6767,"codProduct":"PROD-6767","levProduct":1,"codDisplay":"DSP-6767","codDiv":"DIV-6767","codNode":"NODE-6767","codNode1":"A1-6767","codNode2":"A2-6767","codNodeN":"AN-6767"}]}],"measureFields":[]},{"idAction":7000,"codProduct":"PROD-7000","levProduct":1,"codDisplay":"DISP-7000","codDiv":"DIV-7000","qtyEstimated":500.00,"perceDiscount1":null,"perceDiscount2":null,"numMeasure":null,"codMeasure":null,"details":[],"measureFields":[]},{"idAction":8888,"codProduct":"PROD-5555","levProduct":1,"codDisplay":"DISP-5555","codDiv":"DIV-5555","qtyEstimated":500.00,"perceDiscount1":0.00,"perceDiscount2":0.00,"numMeasure":0.00,"codMeasure":null,"details":[{"idAction":8888,"codProduct":"PROD-5555","levProduct":1,"codDisplay":"DISP-5555","codNode":"NODE-5555","codDiv":"DIV-5555","flgInclusion":true,"articles":[{"idAction":8888,"codProduct":"PROD-5555","levProduct":1,"codDisplay":"DISP-5555","codDiv":"DIV-5555","codNode":"NODE-5555","codNode1":null,"codNode2":null,"codNodeN":null}]}],"measureFields":[]}]
2026-02-11 12:34:15.331 +05:00 [INF] HTTP GET /api/promotions/products responded 200 in 175.5387 ms
2026-02-11 12:34:18.059 +05:00 [INF] JWT validated for haris
2026-02-11 12:34:18.165 +05:00 [INF] HTTP GET /api/gateway/health responded 200 in 107.0857 ms | User: haris (23) | IP: ::1 | RequestBody:  | ResponseBody: {"status":"Healthy","timestamp":"2026-02-11T07:34:18.1646362Z","services":[{"service":"Promotions API","url":"http://localhost:5137/api/health","status":"Healthy","responseTime":"44ms","statusCode":200},{"service":"SSO API","url":"http://localhost:5253/api/health","status":"Healthy","responseTime":"56ms","statusCode":200}]}
2026-02-11 12:34:18.195 +05:00 [INF] HTTP GET /api/gateway/health responded 200 in 136.8544 ms
2026-02-11 12:34:18.516 +05:00 [INF] JWT validated for haris
2026-02-11 12:34:18.527 +05:00 [INF] Forwarding request GET /api/promotions/actions to http://localhost:5137/api/promotions/actions
2026-02-11 12:34:18.541 +05:00 [INF] JWT validated for haris
2026-02-11 12:34:18.565 +05:00 [INF] Forwarding request GET /api/promotions/customer-relations to http://localhost:5137/api/promotions/customer-relations
2026-02-11 12:34:18.630 +05:00 [INF] Received response 200 from http://localhost:5137/api/promotions/actions
2026-02-11 12:34:18.643 +05:00 [INF] Received response 200 from http://localhost:5137/api/promotions/customer-relations
2026-02-11 12:34:18.647 +05:00 [INF] HTTP GET /api/promotions/actions responded 200 in 131.5539 ms | User: haris (23) | IP: ::1 | RequestBody:  | ResponseBody: [{"idAction":3,"name":"PROMO_3","codDiv":"DIV_3","dteStartSellIn":"2026-02-01T00:00:00","dteEndSellIn":"2026-02-28T00:00:00","dteStartSellOut":"2026-01-25T00:00:00","dteEndSellOut":"2026-01-30T00:00:00","documentKey":"KEY_3","dteToShost":"2026-01-10T00:00:00","levParticipants":3},{"idAction":5,"name":"PROMO_5_5","codDiv":"DIV_5","dteStartSellIn":"2026-02-24T00:00:00","dteEndSellIn":"2026-02-21T00:00:00","dteStartSellOut":"2026-02-24T00:00:00","dteEndSellOut":"2026-02-27T00:00:00","documentKey":"DOC_KEY_is_5","dteToShost":"2026-01-18T00:00:00","levParticipants":55555555},{"idAction":6,"name":"PROMO_6","codDiv":"DIV_6","dteStartSellIn":"2026-02-01T00:00:00","dteEndSellIn":"2026-02-25T00:00:00","dteStartSellOut":"2026-01-15T00:00:00","dteEndSellOut":"2026-01-24T00:00:00","documentKey":"DOCC_6_KEY","dteToShost":"2026-01-15T00:00:00","levParticipants":6},{"idAction":7,"name":"PROMO_7","codDiv":"DIV_7","dteStartSellIn":"2026-02-06T12:05:00","dteEndSellIn":"2026-02-07T12:05:00","dteStartSellOut":"2026-02-08T12:05:00","dteEndSellOut":"2026-02-09T12:05:00","documentKey":"KEY_7","dteToShost":"2026-02-05T12:04:00","levParticipants":7},{"idAction":10,"name":"PROMO_10","codDiv":"DIV_10","dteStartSellIn":"2026-02-01T00:00:00","dteEndSellIn":"2026-02-26T00:00:00","dteStartSellOut":"2026-01-23T00:00:00","dteEndSellOut":"2026-01-24T00:00:00","documentKey":"DOCC_KEY_10","dteToShost":"2026-01-29T00:00:00","levParticipants":10},{"idAction":12,"name":"PROMO_12","codDiv":"DIV_12","dteStartSellIn":"2026-02-06T12:27:00","dteEndSellIn":"2026-02-07T12:27:00","dteStartSellOut":"2026-02-08T12:27:00","dteEndSellOut":"2026-02-09T12:27:00","documentKey":"KEY_12","dteToShost":"2026-02-03T12:26:00","levParticipants":12},{"idAction":24,"name":"PROMO_24","codDiv":"DIV_24","dteStartSellIn":"2026-02-05T12:48:00","dteEndSellIn":"2026-02-06T12:48:00","dteStartSellOut":"2026-02-07T12:48:00","dteEndSellOut":"2026-02-08T12:48:00","documentKey":"KEY_24","dteToShost":"2026-02-03T12:48:00","levParticipants":24},{"idAction":45,"name":"cccc","codDiv":"DIV01","dteStartSellIn":"2026-01-16T00:00:00","dteEndSellIn":"2026-01-17T00:00:00","dteStartSellOut":"2026-01-16T00:00:00","dteEndSellOut":"2026-01-17T00:00:00","documentKey":null,"dteToShost":null,"levParticipants":2},{"idAction":87,"name":"promo_87","codDiv":"DIV_87","dteStartSellIn":"2026-02-07T14:44:00","dteEndSellIn":"2026-02-10T14:44:00","dteStartSellOut":"2026-02-22T14:44:00","dteEndSellOut":"2026-02-26T14:44:00","documentKey":"KEY_87","dteToShost":"2026-02-03T14:44:00","levParticipants":87},{"idAction":98,"name":"PROMO_98","codDiv":"DIV_98","dteStartSellIn":"2026-01-08T18:25:00","dteEndSellIn":"2026-01-17T18:25:00","dteStartSellOut":"2026-01-28T18:25:00","dteEndSellOut":"2026-01-30T18:25:00","documentKey":"DOCC_98","dteToShost":"2026-01-31T18:25:00","levParticipants":98},{"idAction":100,"name":"PROMO_100","codDiv":"DIV_100","dteStartSellIn":"2026-02-11T14:08:00","dteEndSellIn":"2026-02-14T14:08:00","dteStartSellOut":"2026-02-22T14:08:00","dteEndSellOut":"2026-02-27T14:08:00","documentKey":"KEY_100","dteToShost":"2026-02-10T14:08:00","levParticipants":10},{"idAction":200,"name":"PROMO_200","codDiv":"DIV_200","dteStartSellIn":"2026-02-10T14:15:00","dteEndSellIn":"2026-02-28T14:15:00","dteStartSellOut":"2026-02-11T14:15:00","dteEndSellOut":"2026-02-23T14:15:00","documentKey":"KEY_200","dteToShost":"2026-02-14T14:14:00","levParticipants":20},{"idAction":300,"name":"PROMO_300","codDiv":"DIV_300","dteStartSellIn":"2026-02-10T12:32:00","dteEndSellIn":"2026-02-28T12:32:00","dteStartSellOut":"2026-02-16T12:32:00","dteEndSellOut":"2026-02-27T12:32:00","documentKey":"KEY_300","dteToShost":"2026-02-20T12:32:00","levParticipants":30},{"idAction":321,"name":"PROMO_321","codDiv":"DIV_A","dteStartSellIn":"2026-02-01T18:27:00","dteEndSellIn":"2026-02-28T18:27:00","dteStartSellOut":"2026-02-04T18:27:00","dteEndSellOut":"2026-02-23T18:27:00","documentKey":"KEY_A","dteToShost":"2026-02-03T18:27:00","levParticipants":1},{"idAction":1111,"name":"PROMO_1111","codDiv":"DIV_1111","dteStartSellIn":"2026-01-01T17:00:00","dteEndSellIn":"2026-01-30T17:02:00","dteStartSellOut":"2026-01-17T17:02:00","dteEndSellOut":"2026-01-28T17:02:00","documentKey":"1111_DOCC_KEY","dteToShost":"2026-01-13T17:02:00","levParticipants":11},{"idAction":2020,"name":"Spring Special 2020","codDiv":"D-2020","dteStartSellIn":"2026-01-03T12:28:00","dteEndSellIn":"2026-01-04T12:28:00","dteStartSellOut":"2026-01-05T12:28:00","dteEndSellOut":"2026-01-06T12:28:00","documentKey":"DOC-SPRING-2020","dteToShost":"2026-01-02T12:28:00","levParticipants":1},{"idAction":2222,"name":"haseeb","codDiv":"DIV02","dteStartSellIn":"2026-02-01T00:00:00","dteEndSellIn":"2026-01-11T00:00:00","dteStartSellOut":"2026-01-28T00:00:00","dteEndSellOut":"2026-01-30T00:00:00","documentKey":"","dteToShost":null,"levParticipants":2},{"idAction":2323,"name":"Winter Sale Campaign 2323","codDiv":"D-2323","dteStartSellIn":"2026-01-19T14:39:00","dteEndSellIn":"2026-01-20T14:40:00","dteStartSellOut":"2026-01-21T14:40:00","dteEndSellOut":"2026-01-22T14:40:00","documentKey":"DOC-WINTER-2323","dteToShost":"2026-01-30T14:39:00","levParticipants":1},{"idAction":5005,"name":"bbb","codDiv":"DIV5005","dteStartSellIn":"2026-01-23T00:00:00","dteEndSellIn":"2026-01-30T00:00:00","dteStartSellOut":"2026-01-26T00:00:00","dteEndSellOut":"2026-01-18T00:00:00","documentKey":"555553","dteToShost":"2026-01-19T00:00:00","levParticipants":14},{"idAction":6000,"name":"Zero Redundancy Campaign 6000","codDiv":"DIV-6000","dteStartSellIn":"2026-02-01T00:00:00","dteEndSellIn":"2026-02-24T00:00:00","dteStartSellOut":"2026-02-01T00:00:00","dteEndSellOut":"2026-02-28T00:00:00","documentKey":"DOC-6000","dteToShost":"2026-01-05T00:00:00","levParticipants":1},{"idAction":6767,"name":"XTEL Launch Promo 6767","codDiv":"DIV-6767","dteStartSellIn":"2026-02-01T00:00:00","dteEndSellIn":"2026-02-28T00:00:00","dteStartSellOut":"2026-01-22T00:00:00","dteEndSellOut":"2026-01-23T00:00:00","documentKey":"DOC-XTEL-6767","dteToShost":"2026-01-03T00:00:00","levParticipants":1},{"idAction":7000,"name":"Atomic Campaign 7000","codDiv":"DIV-7000","dteStartSellIn":"2026-01-01T00:00:00","dteEndSellIn":"2026-01-31T00:00:00","dteStartSellOut":"2026-02-01T00:00:00","dteEndSellOut":"2026-02-28T00:00:00","documentKey":"DOC-7000","dteToShost":null,"levParticipants":1},{"idAction":8888,"name":"Atomic Campaign 8888 Complete","codDiv":"DIV-8888","dteStartSellIn":"2026-01-01T00:00:00","dteEndSellIn":"2026-01-31T00:00:00","dteStartSellOut":"2026-02-01T00:00:00","dteEndSellOut":"2026-02-28T00:00:00","documentKey":"DOC-8888","dteToShost":null,"levParticipants":1},{"idAction":9000,"name":"Balanced Atomic Campaign 9000","codDiv":"DIV-9000","dteStartSellIn":"2026-01-01T00:00:00","dteEndSellIn":"2026-01-31T00:00:00","dteStartSellOut":"2026-02-01T00:00:00","dteEndSellOut":"2026-02-28T00:00:00","documentKey":"DOC-9000","dteToShost":null,"levParticipants":1},{"idAction":9999,"name":"I should not exist in DB","codDiv":"DIV-9999","dteStartSellIn":"2026-01-01T00:00:00","dteEndSellIn":"2026-01-31T00:00:00","dteStartSellOut":"2026-02-01T00:00:00","dteEndSellOut":"2026-02-28T00:00:00","documentKey":"DOC-9999","dteToShost":null,"levParticipants":1}]
2026-02-11 12:34:18.652 +05:00 [INF] HTTP GET /api/promotions/customer-relations responded 200 in 111.1148 ms | User: haris (23) | IP: ::1 | RequestBody:  | ResponseBody: [{"idAction":0,"codHier":"5555","codDiv":"div5555","codNode":"f5555","idLevel":1,"dteStart":"2026-01-15T00:00:00","codParentNode":"root","dteEnd":null},{"idAction":0,"codHier":"56","codDiv":"565","codNode":"56","idLevel":55,"dteStart":"2026-01-29T00:44:00","codParentNode":"haseeb","dteEnd":"2026-01-26T00:44:00"},{"idAction":0,"codHier":"H_1","codDiv":"D_1","codNode":"D_1","idLevel":1,"dteStart":"2026-01-30T00:00:00","codParentNode":"ROOT","dteEnd":null},{"idAction":0,"codHier":"H_1","codDiv":"D_1","codNode":"N_1","idLevel":1,"dteStart":"2026-01-30T09:35:43.289","codParentNode":"ROOT","dteEnd":null},{"idAction":0,"codHier":"H_10","codDiv":"DIV_10","codNode":"NODE_10","idLevel":10,"dteStart":"2026-01-01T14:45:00","codParentNode":"ROOT_10","dteEnd":"2026-01-31T14:44:00"},{"idAction":0,"codHier":"H_100","codDiv":"DIV_100","codNode":"NODE_100","idLevel":10,"dteStart":"2026-02-09T13:54:00","codParentNode":"ROOT_100","dteEnd":"2026-02-10T13:54:00"},{"idAction":0,"codHier":"H_1111","codDiv":"DIV_1111","codNode":"NODE_1111","idLevel":11,"dteStart":"2026-01-01T17:00:00","codParentNode":"ROOT_1111","dteEnd":"2026-01-30T17:01:00"},{"idAction":0,"codHier":"H_12","codDiv":"DIV_12","codNode":"NODE_12","idLevel":12,"dteStart":"2026-02-03T12:26:00","codParentNode":"ROOT_12","dteEnd":"2026-02-06T12:26:00"},{"idAction":0,"codHier":"H_17","codDiv":"DIV_17","codNode":"NODE_17","idLevel":17,"dteStart":"2026-02-07T15:44:00","codParentNode":"ROOT_17","dteEnd":"2026-02-24T15:44:00"},{"idAction":0,"codHier":"H_19","codDiv":"DIV_19","codNode":"NODE_19","idLevel":19,"dteStart":"2026-02-04T13:59:00","codParentNode":"ROOT_19","dteEnd":"2026-02-05T13:59:00"},{"idAction":0,"codHier":"H_200","codDiv":"DIV_200","codNode":"NODE_200","idLevel":20,"dteStart":"2026-02-10T14:14:00","codParentNode":"ROOT_200","dteEnd":"2026-02-24T14:14:00"},{"idAction":0,"codHier":"H_21","codDiv":"DIV_21","codNode":"NODE_21","idLevel":21,"dteStart":"2026-02-05T14:01:00","codParentNode":"ROOT_21","dteEnd":"2026-02-07T14:01:00"},{"idAction":0,"codHier":"H_222","codDiv":"DIV_222","codNode":"NODE_222","idLevel":222,"dteStart":"2026-02-04T12:53:00","codParentNode":"ROOT_222","dteEnd":"2026-02-06T12:53:00"},{"idAction":0,"codHier":"H_24","codDiv":"DIV_24","codNode":"NODE_24","idLevel":24,"dteStart":"2026-02-04T12:48:00","codParentNode":"ROOT_24","dteEnd":"2026-02-05T12:48:00"},{"idAction":0,"codHier":"H_25","codDiv":"DIV_25","codNode":"NODE_25","idLevel":25,"dteStart":"2026-02-10T14:04:00","codParentNode":"ROOT_25","dteEnd":"2026-02-11T14:04:00"},{"idAction":0,"codHier":"H_3","codDiv":"DIV_3","codNode":"NODE_3","idLevel":3,"dteStart":"2026-01-01T10:45:00","codParentNode":"ROOT_3","dteEnd":"2026-01-30T10:44:00"},{"idAction":0,"codHier":"H_300","codDiv":"DIV_300","codNode":"NODE_300","idLevel":30,"dteStart":"2026-02-10T12:31:00","codParentNode":"ROOT_300","dteEnd":"2026-02-28T12:31:00"},{"idAction":0,"codHier":"H_5","codDiv":"DIV_5","codNode":"NODE_5","idLevel":5,"dteStart":"2026-01-30T10:50:00","codParentNode":"ROOT_5","dteEnd":"2026-01-31T10:48:00"},{"idAction":0,"codHier":"H_6","codDiv":"DIV_6","codNode":"NODE_6","idLevel":6,"dteStart":"2026-01-30T15:01:00","codParentNode":"ROOT_6","dteEnd":"2026-01-31T15:01:00"},{"idAction":0,"codHier":"H_656565","codDiv":"DIV_656565","codNode":"C_656565","idLevel":9,"dteStart":"2026-01-20T00:00:00","codParentNode":"ROOT","dteEnd":null},{"idAction":0,"codHier":"H_676767","codDiv":"DIV_676767","codNode":"NODE_676767","idLevel":676767,"dteStart":"2026-01-31T00:00:00","codParentNode":"ROOT","dteEnd":null},{"idAction":0,"codHier":"H_7","codDiv":"DIV_7","codNode":"NODE_7","idLevel":7,"dteStart":"2026-02-02T12:04:00","codParentNode":"ROOT_7","dteEnd":"2026-02-04T12:04:00"},{"idAction":0,"codHier":"H_87","codDiv":"DIV_87","codNode":"NODE_87","idLevel":87,"dteStart":"2026-02-06T14:07:00","codParentNode":"ROOT_87","dteEnd":"2026-02-26T14:07:00"},{"idAction":0,"codHier":"H_98","codDiv":"DIV_98","codNode":"NODE_98","idLevel":98,"dteStart":"2026-01-30T18:25:00","codParentNode":"ROOT_98","dteEnd":"2026-01-31T18:25:00"},{"idAction":0,"codHier":"H_999","codDiv":"D_5878","codNode":"N_878","idLevel":8,"dteStart":"2026-01-14T00:00:00","codParentNode":"ROOT","dteEnd":null},{"idAction":0,"codHier":"H_A","codDiv":"DIV_A","codNode":"NODE_A","idLevel":1,"dteStart":"2026-02-01T18:26:00","codParentNode":"ROOT_A","dteEnd":"2026-02-14T18:26:00"},{"idAction":0,"codHier":"H-1010","codDiv":"D-1010","codNode":"C-1010","idLevel":1,"dteStart":"2026-01-01T11:54:00","codParentNode":"root","dteEnd":"2026-01-12T11:54:00"},{"idAction":0,"codHier":"H-11","codDiv":"DIV-11","codNode":"C-11","idLevel":11,"dteStart":"2026-01-01T15:05:00","codParentNode":"ROOT","dteEnd":"2026-01-31T15:05:00"},{"idAction":0,"codHier":"H-1111","codDiv":"DIV-1111","codNode":"CUST-1111","idLevel":10,"dteStart":"2026-01-01T00:00:00","codParentNode":"ROOT","dteEnd":null},{"idAction":0,"codHier":"H-1414","codDiv":"D-1414","codNode":"C-1414","idLevel":4,"dteStart":"2026-01-01T14:45:00","codParentNode":"ROOT","dteEnd":"2026-01-15T14:45:00"},{"idAction":0,"codHier":"H-2","codDiv":"DIV-2","codNode":"CUST-2","idLevel":2,"dteStart":"2026-01-01T12:40:00","codParentNode":"ROOT","dteEnd":"2026-01-16T12:37:00"},{"idAction":0,"codHier":"H-2","codDiv":"DIV-2","codNode":"CUST-2","idLevel":2,"dteStart":"2026-01-21T12:37:00","codParentNode":"ROOT","dteEnd":"2026-01-24T12:37:00"},{"idAction":0,"codHier":"H-2020","codDiv":"D-2020","codNode":"C-2020","idLevel":2,"dteStart":"2026-01-02T12:27:00","codParentNode":"root","dteEnd":"2026-01-30T12:27:00"},{"idAction":0,"codHier":"H-2255","codDiv":"DIV-2255","codNode":"CUST-2255","idLevel":10,"dteStart":"2026-01-01T00:00:00","codParentNode":"ROOT","dteEnd":null},{"idAction":0,"codHier":"H-2323","codDiv":"D-2323","codNode":"C-2323","idLevel":4,"dteStart":"2026-01-01T12:48:00","codParentNode":"ROOT","dteEnd":"2026-01-12T12:49:00"},{"idAction":0,"codHier":"H-3333","codDiv":"DIV-3333","codNode":"CUST-3333","idLevel":10,"dteStart":"2026-01-01T00:00:00","codParentNode":"ROOT","dteEnd":null},{"idAction":0,"codHier":"H-3344","codDiv":"DIV-3345","codNode":"CUST-3345","idLevel":10,"dteStart":"2026-01-01T00:00:00","codParentNode":"ROOT","dteEnd":null},{"idAction":0,"codHier":"H-3345","codDiv":"DIV-3345","codNode":"CUST-3345","idLevel":10,"dteStart":"2026-01-01T00:00:00","codParentNode":"ROOT","dteEnd":null},{"idAction":0,"codHier":"H-4","codDiv":"DIV-4","codNode":"CUST-4","idLevel":4,"dteStart":"2026-01-01T14:44:00","codParentNode":"ROOT","dteEnd":"2026-01-02T14:44:00"},{"idAction":0,"codHier":"H-5555","codDiv":"DIV-5555","codNode":"CUST-5555","idLevel":10,"dteStart":"2026-01-01T00:00:00","codParentNode":"ROOT","dteEnd":null},{"idAction":0,"codHier":"H-6000","codDiv":"DIV-6000","codNode":"CUST-6000","idLevel":10,"dteStart":"2026-01-01T00:00:00","codParentNode":"ROOT","dteEnd":"2026-12-31T00:00:00"},{"idAction":0,"codHier":"H-6666","codDiv":"DIV-6666","codNode":"CUST-6666","idLevel":10,"dteStart":"2026-01-17T01:30:00","codParentNode":"ROOT","dteEnd":"2026-01-18T01:30:00"},{"idAction":0,"codHier":"H-6767","codDiv":"DIV-6767","codNode":"CUST-6767","idLevel":5,"dteStart":"2026-01-01T12:15:00","codParentNode":"ROOT","dteEnd":"2026-01-08T12:15:00"},{"idAction":0,"codHier":"H-7000","codDiv":"DIV-7000","codNode":"CUST-7000","idLevel":10,"dteStart":"2026-01-01T00:00:00","codParentNode":"ROOT","dteEnd":null},{"idAction":0,"codHier":"H-7777","codDiv":"DIV-7777","codNode":"CUST-7777","idLevel":10,"dteStart":"2026-01-01T00:00:00","codParentNode":"ROOT","dteEnd":null},{"idAction":0,"codHier":"H-7878","codDiv":"DIV-7878","codNode":"CUST-7878","idLevel":3,"dteStart":"2026-01-18T11:43:00","codParentNode":"ROOT","dteEnd":"2026-01-19T11:43:00"},{"idAction":0,"codHier":"H-8000","codDiv":"DIV-8000","codNode":"CUST-8000","idLevel":10,"dteStart":"2026-01-01T00:00:00","codParentNode":"ROOT","dteEnd":null},{"idAction":0,"codHier":"H-8888","codDiv":"DIV-8888","codNode":"CUST-8888","idLevel":10,"dteStart":"2026-01-01T00:00:00","codParentNode":"ROOT","dteEnd":null},{"idAction":0,"codHier":"H-9000","codDiv":"DIV-9000","codNode":"CUST-9000","idLevel":10,"dteStart":"2026-01-01T00:00:00","codParentNode":"ROOT","dteEnd":null},{"idAction":0,"codHier":"H-9999","codDiv":"DIV-9999","codNode":"CUST-9999","idLevel":10,"dteStart":"2026-01-01T00:00:00","codParentNode":"ROOT","dteEnd":null},{"idAction":0,"codHier":"HIER_CORP","codDiv":"DIV01","codNode":"NODE_9111","idLevel":1,"dteStart":"2026-01-15T00:00:00","codParentNode":"ROOT_NODE","dteEnd":null}]
2026-02-11 12:34:18.674 +05:00 [INF] HTTP GET /api/promotions/actions responded 200 in 158.2034 ms
2026-02-11 12:34:18.685 +05:00 [INF] JWT validated for haris
2026-02-11 12:34:18.682 +05:00 [INF] HTTP GET /api/promotions/customer-relations responded 200 in 141.1783 ms
2026-02-11 12:34:18.694 +05:00 [INF] JWT validated for haris
2026-02-11 12:34:18.698 +05:00 [INF] Forwarding request GET /api/promotions/actions to http://localhost:5137/api/promotions/actions
2026-02-11 12:34:18.710 +05:00 [INF] Forwarding request GET /api/promotions/customer-relations to http://localhost:5137/api/promotions/customer-relations
2026-02-11 12:34:18.728 +05:00 [INF] JWT validated for haris
2026-02-11 12:34:18.749 +05:00 [INF] Forwarding request GET /api/participants/all to http://localhost:5137/api/participants/all
2026-02-11 12:34:18.795 +05:00 [INF] Received response 200 from http://localhost:5137/api/promotions/actions
2026-02-11 12:34:18.816 +05:00 [INF] Received response 200 from http://localhost:5137/api/promotions/customer-relations
2026-02-11 12:34:18.823 +05:00 [INF] HTTP GET /api/promotions/actions responded 200 in 138.9166 ms | User: haris (23) | IP: ::1 | RequestBody:  | ResponseBody: [{"idAction":3,"name":"PROMO_3","codDiv":"DIV_3","dteStartSellIn":"2026-02-01T00:00:00","dteEndSellIn":"2026-02-28T00:00:00","dteStartSellOut":"2026-01-25T00:00:00","dteEndSellOut":"2026-01-30T00:00:00","documentKey":"KEY_3","dteToShost":"2026-01-10T00:00:00","levParticipants":3},{"idAction":5,"name":"PROMO_5_5","codDiv":"DIV_5","dteStartSellIn":"2026-02-24T00:00:00","dteEndSellIn":"2026-02-21T00:00:00","dteStartSellOut":"2026-02-24T00:00:00","dteEndSellOut":"2026-02-27T00:00:00","documentKey":"DOC_KEY_is_5","dteToShost":"2026-01-18T00:00:00","levParticipants":55555555},{"idAction":6,"name":"PROMO_6","codDiv":"DIV_6","dteStartSellIn":"2026-02-01T00:00:00","dteEndSellIn":"2026-02-25T00:00:00","dteStartSellOut":"2026-01-15T00:00:00","dteEndSellOut":"2026-01-24T00:00:00","documentKey":"DOCC_6_KEY","dteToShost":"2026-01-15T00:00:00","levParticipants":6},{"idAction":7,"name":"PROMO_7","codDiv":"DIV_7","dteStartSellIn":"2026-02-06T12:05:00","dteEndSellIn":"2026-02-07T12:05:00","dteStartSellOut":"2026-02-08T12:05:00","dteEndSellOut":"2026-02-09T12:05:00","documentKey":"KEY_7","dteToShost":"2026-02-05T12:04:00","levParticipants":7},{"idAction":10,"name":"PROMO_10","codDiv":"DIV_10","dteStartSellIn":"2026-02-01T00:00:00","dteEndSellIn":"2026-02-26T00:00:00","dteStartSellOut":"2026-01-23T00:00:00","dteEndSellOut":"2026-01-24T00:00:00","documentKey":"DOCC_KEY_10","dteToShost":"2026-01-29T00:00:00","levParticipants":10},{"idAction":12,"name":"PROMO_12","codDiv":"DIV_12","dteStartSellIn":"2026-02-06T12:27:00","dteEndSellIn":"2026-02-07T12:27:00","dteStartSellOut":"2026-02-08T12:27:00","dteEndSellOut":"2026-02-09T12:27:00","documentKey":"KEY_12","dteToShost":"2026-02-03T12:26:00","levParticipants":12},{"idAction":24,"name":"PROMO_24","codDiv":"DIV_24","dteStartSellIn":"2026-02-05T12:48:00","dteEndSellIn":"2026-02-06T12:48:00","dteStartSellOut":"2026-02-07T12:48:00","dteEndSellOut":"2026-02-08T12:48:00","documentKey":"KEY_24","dteToShost":"2026-02-03T12:48:00","levParticipants":24},{"idAction":45,"name":"cccc","codDiv":"DIV01","dteStartSellIn":"2026-01-16T00:00:00","dteEndSellIn":"2026-01-17T00:00:00","dteStartSellOut":"2026-01-16T00:00:00","dteEndSellOut":"2026-01-17T00:00:00","documentKey":null,"dteToShost":null,"levParticipants":2},{"idAction":87,"name":"promo_87","codDiv":"DIV_87","dteStartSellIn":"2026-02-07T14:44:00","dteEndSellIn":"2026-02-10T14:44:00","dteStartSellOut":"2026-02-22T14:44:00","dteEndSellOut":"2026-02-26T14:44:00","documentKey":"KEY_87","dteToShost":"2026-02-03T14:44:00","levParticipants":87},{"idAction":98,"name":"PROMO_98","codDiv":"DIV_98","dteStartSellIn":"2026-01-08T18:25:00","dteEndSellIn":"2026-01-17T18:25:00","dteStartSellOut":"2026-01-28T18:25:00","dteEndSellOut":"2026-01-30T18:25:00","documentKey":"DOCC_98","dteToShost":"2026-01-31T18:25:00","levParticipants":98},{"idAction":100,"name":"PROMO_100","codDiv":"DIV_100","dteStartSellIn":"2026-02-11T14:08:00","dteEndSellIn":"2026-02-14T14:08:00","dteStartSellOut":"2026-02-22T14:08:00","dteEndSellOut":"2026-02-27T14:08:00","documentKey":"KEY_100","dteToShost":"2026-02-10T14:08:00","levParticipants":10},{"idAction":200,"name":"PROMO_200","codDiv":"DIV_200","dteStartSellIn":"2026-02-10T14:15:00","dteEndSellIn":"2026-02-28T14:15:00","dteStartSellOut":"2026-02-11T14:15:00","dteEndSellOut":"2026-02-23T14:15:00","documentKey":"KEY_200","dteToShost":"2026-02-14T14:14:00","levParticipants":20},{"idAction":300,"name":"PROMO_300","codDiv":"DIV_300","dteStartSellIn":"2026-02-10T12:32:00","dteEndSellIn":"2026-02-28T12:32:00","dteStartSellOut":"2026-02-16T12:32:00","dteEndSellOut":"2026-02-27T12:32:00","documentKey":"KEY_300","dteToShost":"2026-02-20T12:32:00","levParticipants":30},{"idAction":321,"name":"PROMO_321","codDiv":"DIV_A","dteStartSellIn":"2026-02-01T18:27:00","dteEndSellIn":"2026-02-28T18:27:00","dteStartSellOut":"2026-02-04T18:27:00","dteEndSellOut":"2026-02-23T18:27:00","documentKey":"KEY_A","dteToShost":"2026-02-03T18:27:00","levParticipants":1},{"idAction":1111,"name":"PROMO_1111","codDiv":"DIV_1111","dteStartSellIn":"2026-01-01T17:00:00","dteEndSellIn":"2026-01-30T17:02:00","dteStartSellOut":"2026-01-17T17:02:00","dteEndSellOut":"2026-01-28T17:02:00","documentKey":"1111_DOCC_KEY","dteToShost":"2026-01-13T17:02:00","levParticipants":11},{"idAction":2020,"name":"Spring Special 2020","codDiv":"D-2020","dteStartSellIn":"2026-01-03T12:28:00","dteEndSellIn":"2026-01-04T12:28:00","dteStartSellOut":"2026-01-05T12:28:00","dteEndSellOut":"2026-01-06T12:28:00","documentKey":"DOC-SPRING-2020","dteToShost":"2026-01-02T12:28:00","levParticipants":1},{"idAction":2222,"name":"haseeb","codDiv":"DIV02","dteStartSellIn":"2026-02-01T00:00:00","dteEndSellIn":"2026-01-11T00:00:00","dteStartSellOut":"2026-01-28T00:00:00","dteEndSellOut":"2026-01-30T00:00:00","documentKey":"","dteToShost":null,"levParticipants":2},{"idAction":2323,"name":"Winter Sale Campaign 2323","codDiv":"D-2323","dteStartSellIn":"2026-01-19T14:39:00","dteEndSellIn":"2026-01-20T14:40:00","dteStartSellOut":"2026-01-21T14:40:00","dteEndSellOut":"2026-01-22T14:40:00","documentKey":"DOC-WINTER-2323","dteToShost":"2026-01-30T14:39:00","levParticipants":1},{"idAction":5005,"name":"bbb","codDiv":"DIV5005","dteStartSellIn":"2026-01-23T00:00:00","dteEndSellIn":"2026-01-30T00:00:00","dteStartSellOut":"2026-01-26T00:00:00","dteEndSellOut":"2026-01-18T00:00:00","documentKey":"555553","dteToShost":"2026-01-19T00:00:00","levParticipants":14},{"idAction":6000,"name":"Zero Redundancy Campaign 6000","codDiv":"DIV-6000","dteStartSellIn":"2026-02-01T00:00:00","dteEndSellIn":"2026-02-24T00:00:00","dteStartSellOut":"2026-02-01T00:00:00","dteEndSellOut":"2026-02-28T00:00:00","documentKey":"DOC-6000","dteToShost":"2026-01-05T00:00:00","levParticipants":1},{"idAction":6767,"name":"XTEL Launch Promo 6767","codDiv":"DIV-6767","dteStartSellIn":"2026-02-01T00:00:00","dteEndSellIn":"2026-02-28T00:00:00","dteStartSellOut":"2026-01-22T00:00:00","dteEndSellOut":"2026-01-23T00:00:00","documentKey":"DOC-XTEL-6767","dteToShost":"2026-01-03T00:00:00","levParticipants":1},{"idAction":7000,"name":"Atomic Campaign 7000","codDiv":"DIV-7000","dteStartSellIn":"2026-01-01T00:00:00","dteEndSellIn":"2026-01-31T00:00:00","dteStartSellOut":"2026-02-01T00:00:00","dteEndSellOut":"2026-02-28T00:00:00","documentKey":"DOC-7000","dteToShost":null,"levParticipants":1},{"idAction":8888,"name":"Atomic Campaign 8888 Complete","codDiv":"DIV-8888","dteStartSellIn":"2026-01-01T00:00:00","dteEndSellIn":"2026-01-31T00:00:00","dteStartSellOut":"2026-02-01T00:00:00","dteEndSellOut":"2026-02-28T00:00:00","documentKey":"DOC-8888","dteToShost":null,"levParticipants":1},{"idAction":9000,"name":"Balanced Atomic Campaign 9000","codDiv":"DIV-9000","dteStartSellIn":"2026-01-01T00:00:00","dteEndSellIn":"2026-01-31T00:00:00","dteStartSellOut":"2026-02-01T00:00:00","dteEndSellOut":"2026-02-28T00:00:00","documentKey":"DOC-9000","dteToShost":null,"levParticipants":1},{"idAction":9999,"name":"I should not exist in DB","codDiv":"DIV-9999","dteStartSellIn":"2026-01-01T00:00:00","dteEndSellIn":"2026-01-31T00:00:00","dteStartSellOut":"2026-02-01T00:00:00","dteEndSellOut":"2026-02-28T00:00:00","documentKey":"DOC-9999","dteToShost":null,"levParticipants":1}]
2026-02-11 12:34:18.833 +05:00 [INF] HTTP GET /api/promotions/customer-relations responded 200 in 139.9959 ms | User: haris (23) | IP: ::1 | RequestBody:  | ResponseBody: [{"idAction":0,"codHier":"5555","codDiv":"div5555","codNode":"f5555","idLevel":1,"dteStart":"2026-01-15T00:00:00","codParentNode":"root","dteEnd":null},{"idAction":0,"codHier":"56","codDiv":"565","codNode":"56","idLevel":55,"dteStart":"2026-01-29T00:44:00","codParentNode":"haseeb","dteEnd":"2026-01-26T00:44:00"},{"idAction":0,"codHier":"H_1","codDiv":"D_1","codNode":"D_1","idLevel":1,"dteStart":"2026-01-30T00:00:00","codParentNode":"ROOT","dteEnd":null},{"idAction":0,"codHier":"H_1","codDiv":"D_1","codNode":"N_1","idLevel":1,"dteStart":"2026-01-30T09:35:43.289","codParentNode":"ROOT","dteEnd":null},{"idAction":0,"codHier":"H_10","codDiv":"DIV_10","codNode":"NODE_10","idLevel":10,"dteStart":"2026-01-01T14:45:00","codParentNode":"ROOT_10","dteEnd":"2026-01-31T14:44:00"},{"idAction":0,"codHier":"H_100","codDiv":"DIV_100","codNode":"NODE_100","idLevel":10,"dteStart":"2026-02-09T13:54:00","codParentNode":"ROOT_100","dteEnd":"2026-02-10T13:54:00"},{"idAction":0,"codHier":"H_1111","codDiv":"DIV_1111","codNode":"NODE_1111","idLevel":11,"dteStart":"2026-01-01T17:00:00","codParentNode":"ROOT_1111","dteEnd":"2026-01-30T17:01:00"},{"idAction":0,"codHier":"H_12","codDiv":"DIV_12","codNode":"NODE_12","idLevel":12,"dteStart":"2026-02-03T12:26:00","codParentNode":"ROOT_12","dteEnd":"2026-02-06T12:26:00"},{"idAction":0,"codHier":"H_17","codDiv":"DIV_17","codNode":"NODE_17","idLevel":17,"dteStart":"2026-02-07T15:44:00","codParentNode":"ROOT_17","dteEnd":"2026-02-24T15:44:00"},{"idAction":0,"codHier":"H_19","codDiv":"DIV_19","codNode":"NODE_19","idLevel":19,"dteStart":"2026-02-04T13:59:00","codParentNode":"ROOT_19","dteEnd":"2026-02-05T13:59:00"},{"idAction":0,"codHier":"H_200","codDiv":"DIV_200","codNode":"NODE_200","idLevel":20,"dteStart":"2026-02-10T14:14:00","codParentNode":"ROOT_200","dteEnd":"2026-02-24T14:14:00"},{"idAction":0,"codHier":"H_21","codDiv":"DIV_21","codNode":"NODE_21","idLevel":21,"dteStart":"2026-02-05T14:01:00","codParentNode":"ROOT_21","dteEnd":"2026-02-07T14:01:00"},{"idAction":0,"codHier":"H_222","codDiv":"DIV_222","codNode":"NODE_222","idLevel":222,"dteStart":"2026-02-04T12:53:00","codParentNode":"ROOT_222","dteEnd":"2026-02-06T12:53:00"},{"idAction":0,"codHier":"H_24","codDiv":"DIV_24","codNode":"NODE_24","idLevel":24,"dteStart":"2026-02-04T12:48:00","codParentNode":"ROOT_24","dteEnd":"2026-02-05T12:48:00"},{"idAction":0,"codHier":"H_25","codDiv":"DIV_25","codNode":"NODE_25","idLevel":25,"dteStart":"2026-02-10T14:04:00","codParentNode":"ROOT_25","dteEnd":"2026-02-11T14:04:00"},{"idAction":0,"codHier":"H_3","codDiv":"DIV_3","codNode":"NODE_3","idLevel":3,"dteStart":"2026-01-01T10:45:00","codParentNode":"ROOT_3","dteEnd":"2026-01-30T10:44:00"},{"idAction":0,"codHier":"H_300","codDiv":"DIV_300","codNode":"NODE_300","idLevel":30,"dteStart":"2026-02-10T12:31:00","codParentNode":"ROOT_300","dteEnd":"2026-02-28T12:31:00"},{"idAction":0,"codHier":"H_5","codDiv":"DIV_5","codNode":"NODE_5","idLevel":5,"dteStart":"2026-01-30T10:50:00","codParentNode":"ROOT_5","dteEnd":"2026-01-31T10:48:00"},{"idAction":0,"codHier":"H_6","codDiv":"DIV_6","codNode":"NODE_6","idLevel":6,"dteStart":"2026-01-30T15:01:00","codParentNode":"ROOT_6","dteEnd":"2026-01-31T15:01:00"},{"idAction":0,"codHier":"H_656565","codDiv":"DIV_656565","codNode":"C_656565","idLevel":9,"dteStart":"2026-01-20T00:00:00","codParentNode":"ROOT","dteEnd":null},{"idAction":0,"codHier":"H_676767","codDiv":"DIV_676767","codNode":"NODE_676767","idLevel":676767,"dteStart":"2026-01-31T00:00:00","codParentNode":"ROOT","dteEnd":null},{"idAction":0,"codHier":"H_7","codDiv":"DIV_7","codNode":"NODE_7","idLevel":7,"dteStart":"2026-02-02T12:04:00","codParentNode":"ROOT_7","dteEnd":"2026-02-04T12:04:00"},{"idAction":0,"codHier":"H_87","codDiv":"DIV_87","codNode":"NODE_87","idLevel":87,"dteStart":"2026-02-06T14:07:00","codParentNode":"ROOT_87","dteEnd":"2026-02-26T14:07:00"},{"idAction":0,"codHier":"H_98","codDiv":"DIV_98","codNode":"NODE_98","idLevel":98,"dteStart":"2026-01-30T18:25:00","codParentNode":"ROOT_98","dteEnd":"2026-01-31T18:25:00"},{"idAction":0,"codHier":"H_999","codDiv":"D_5878","codNode":"N_878","idLevel":8,"dteStart":"2026-01-14T00:00:00","codParentNode":"ROOT","dteEnd":null},{"idAction":0,"codHier":"H_A","codDiv":"DIV_A","codNode":"NODE_A","idLevel":1,"dteStart":"2026-02-01T18:26:00","codParentNode":"ROOT_A","dteEnd":"2026-02-14T18:26:00"},{"idAction":0,"codHier":"H-1010","codDiv":"D-1010","codNode":"C-1010","idLevel":1,"dteStart":"2026-01-01T11:54:00","codParentNode":"root","dteEnd":"2026-01-12T11:54:00"},{"idAction":0,"codHier":"H-11","codDiv":"DIV-11","codNode":"C-11","idLevel":11,"dteStart":"2026-01-01T15:05:00","codParentNode":"ROOT","dteEnd":"2026-01-31T15:05:00"},{"idAction":0,"codHier":"H-1111","codDiv":"DIV-1111","codNode":"CUST-1111","idLevel":10,"dteStart":"2026-01-01T00:00:00","codParentNode":"ROOT","dteEnd":null},{"idAction":0,"codHier":"H-1414","codDiv":"D-1414","codNode":"C-1414","idLevel":4,"dteStart":"2026-01-01T14:45:00","codParentNode":"ROOT","dteEnd":"2026-01-15T14:45:00"},{"idAction":0,"codHier":"H-2","codDiv":"DIV-2","codNode":"CUST-2","idLevel":2,"dteStart":"2026-01-01T12:40:00","codParentNode":"ROOT","dteEnd":"2026-01-16T12:37:00"},{"idAction":0,"codHier":"H-2","codDiv":"DIV-2","codNode":"CUST-2","idLevel":2,"dteStart":"2026-01-21T12:37:00","codParentNode":"ROOT","dteEnd":"2026-01-24T12:37:00"},{"idAction":0,"codHier":"H-2020","codDiv":"D-2020","codNode":"C-2020","idLevel":2,"dteStart":"2026-01-02T12:27:00","codParentNode":"root","dteEnd":"2026-01-30T12:27:00"},{"idAction":0,"codHier":"H-2255","codDiv":"DIV-2255","codNode":"CUST-2255","idLevel":10,"dteStart":"2026-01-01T00:00:00","codParentNode":"ROOT","dteEnd":null},{"idAction":0,"codHier":"H-2323","codDiv":"D-2323","codNode":"C-2323","idLevel":4,"dteStart":"2026-01-01T12:48:00","codParentNode":"ROOT","dteEnd":"2026-01-12T12:49:00"},{"idAction":0,"codHier":"H-3333","codDiv":"DIV-3333","codNode":"CUST-3333","idLevel":10,"dteStart":"2026-01-01T00:00:00","codParentNode":"ROOT","dteEnd":null},{"idAction":0,"codHier":"H-3344","codDiv":"DIV-3345","codNode":"CUST-3345","idLevel":10,"dteStart":"2026-01-01T00:00:00","codParentNode":"ROOT","dteEnd":null},{"idAction":0,"codHier":"H-3345","codDiv":"DIV-3345","codNode":"CUST-3345","idLevel":10,"dteStart":"2026-01-01T00:00:00","codParentNode":"ROOT","dteEnd":null},{"idAction":0,"codHier":"H-4","codDiv":"DIV-4","codNode":"CUST-4","idLevel":4,"dteStart":"2026-01-01T14:44:00","codParentNode":"ROOT","dteEnd":"2026-01-02T14:44:00"},{"idAction":0,"codHier":"H-5555","codDiv":"DIV-5555","codNode":"CUST-5555","idLevel":10,"dteStart":"2026-01-01T00:00:00","codParentNode":"ROOT","dteEnd":null},{"idAction":0,"codHier":"H-6000","codDiv":"DIV-6000","codNode":"CUST-6000","idLevel":10,"dteStart":"2026-01-01T00:00:00","codParentNode":"ROOT","dteEnd":"2026-12-31T00:00:00"},{"idAction":0,"codHier":"H-6666","codDiv":"DIV-6666","codNode":"CUST-6666","idLevel":10,"dteStart":"2026-01-17T01:30:00","codParentNode":"ROOT","dteEnd":"2026-01-18T01:30:00"},{"idAction":0,"codHier":"H-6767","codDiv":"DIV-6767","codNode":"CUST-6767","idLevel":5,"dteStart":"2026-01-01T12:15:00","codParentNode":"ROOT","dteEnd":"2026-01-08T12:15:00"},{"idAction":0,"codHier":"H-7000","codDiv":"DIV-7000","codNode":"CUST-7000","idLevel":10,"dteStart":"2026-01-01T00:00:00","codParentNode":"ROOT","dteEnd":null},{"idAction":0,"codHier":"H-7777","codDiv":"DIV-7777","codNode":"CUST-7777","idLevel":10,"dteStart":"2026-01-01T00:00:00","codParentNode":"ROOT","dteEnd":null},{"idAction":0,"codHier":"H-7878","codDiv":"DIV-7878","codNode":"CUST-7878","idLevel":3,"dteStart":"2026-01-18T11:43:00","codParentNode":"ROOT","dteEnd":"2026-01-19T11:43:00"},{"idAction":0,"codHier":"H-8000","codDiv":"DIV-8000","codNode":"CUST-8000","idLevel":10,"dteStart":"2026-01-01T00:00:00","codParentNode":"ROOT","dteEnd":null},{"idAction":0,"codHier":"H-8888","codDiv":"DIV-8888","codNode":"CUST-8888","idLevel":10,"dteStart":"2026-01-01T00:00:00","codParentNode":"ROOT","dteEnd":null},{"idAction":0,"codHier":"H-9000","codDiv":"DIV-9000","codNode":"CUST-9000","idLevel":10,"dteStart":"2026-01-01T00:00:00","codParentNode":"ROOT","dteEnd":null},{"idAction":0,"codHier":"H-9999","codDiv":"DIV-9999","codNode":"CUST-9999","idLevel":10,"dteStart":"2026-01-01T00:00:00","codParentNode":"ROOT","dteEnd":null},{"idAction":0,"codHier":"HIER_CORP","codDiv":"DIV01","codNode":"NODE_9111","idLevel":1,"dteStart":"2026-01-15T00:00:00","codParentNode":"ROOT_NODE","dteEnd":null}]
2026-02-11 12:34:18.842 +05:00 [INF] Received response 200 from http://localhost:5137/api/participants/all
2026-02-11 12:34:18.854 +05:00 [INF] HTTP GET /api/promotions/actions responded 200 in 169.8003 ms
2026-02-11 12:34:18.863 +05:00 [INF] HTTP GET /api/promotions/customer-relations responded 200 in 169.8533 ms
2026-02-11 12:34:18.868 +05:00 [INF] HTTP GET /api/participants/all responded 200 in 141.6508 ms | User: haris (23) | IP: ::1 | RequestBody:  | ResponseBody: [{"idAction":3,"codParticipant":"N_1","flgInclusion":true,"codHier":"H_1","codDiv":"D_1","codNode":"N_1","idLevel":1,"dteStart":"2026-01-30T09:35:43.289"},{"idAction":3,"codParticipant":"NODE_3","flgInclusion":true,"codHier":"H_3","codDiv":"DIV_3","codNode":"NODE_3","idLevel":3,"dteStart":"2026-01-01T10:45:00"},{"idAction":3,"codParticipant":"NODE_5","flgInclusion":true,"codHier":"H_5","codDiv":"DIV_5","codNode":"NODE_5","idLevel":5,"dteStart":"2026-01-30T10:50:00"},{"idAction":5,"codParticipant":"NODE_5","flgInclusion":true,"codHier":"H_5","codDiv":"DIV_5","codNode":"NODE_5","idLevel":5,"dteStart":"2026-01-30T10:50:00"},{"idAction":6,"codParticipant":"N_9898","flgInclusion":true,"codHier":"H_999","codDiv":"D_5878","codNode":"N_878","idLevel":8,"dteStart":"2026-01-14T00:00:00"},{"idAction":6,"codParticipant":"NODE_3","flgInclusion":true,"codHier":"H_3","codDiv":"DIV_3","codNode":"NODE_3","idLevel":3,"dteStart":"2026-01-01T10:45:00"},{"idAction":6,"codParticipant":"NODE_5","flgInclusion":true,"codHier":"H_5","codDiv":"DIV_5","codNode":"NODE_5","idLevel":5,"dteStart":"2026-01-30T10:50:00"},{"idAction":6,"codParticipant":"NODE_6","flgInclusion":true,"codHier":"H_6","codDiv":"DIV_6","codNode":"NODE_6","idLevel":6,"dteStart":"2026-01-30T15:01:00"},{"idAction":6,"codParticipant":"NODE_676767","flgInclusion":true,"codHier":"H_676767","codDiv":"DIV_676767","codNode":"NODE_676767","idLevel":676767,"dteStart":"2026-01-31T00:00:00"},{"idAction":6,"codParticipant":"P-9000","flgInclusion":true,"codHier":"H-9000","codDiv":"DIV-9000","codNode":"CUST-9000","idLevel":10,"dteStart":"2026-01-01T00:00:00"},{"idAction":7,"codParticipant":"NODE_7","flgInclusion":true,"codHier":"H_7","codDiv":"DIV_7","codNode":"NODE_7","idLevel":7,"dteStart":"2026-02-02T12:04:00"},{"idAction":10,"codParticipant":"NODE_10","flgInclusion":true,"codHier":"H_10","codDiv":"DIV_10","codNode":"NODE_10","idLevel":10,"dteStart":"2026-01-01T14:45:00"},{"idAction":24,"codParticipant":"NODE_24","flgInclusion":true,"codHier":"H_24","codDiv":"DIV_24","codNode":"NODE_24","idLevel":24,"dteStart":"2026-02-04T12:48:00"},{"idAction":87,"codParticipant":"NODE_87","flgInclusion":true,"codHier":"H_87","codDiv":"DIV_87","codNode":"NODE_87","idLevel":87,"dteStart":"2026-02-06T14:07:00"},{"idAction":98,"codParticipant":"NODE_98","flgInclusion":true,"codHier":"H_98","codDiv":"DIV_98","codNode":"NODE_98","idLevel":98,"dteStart":"2026-01-30T18:25:00"},{"idAction":100,"codParticipant":"NODE_100","flgInclusion":true,"codHier":"H_100","codDiv":"DIV_100","codNode":"NODE_100","idLevel":10,"dteStart":"2026-02-09T13:54:00"},{"idAction":200,"codParticipant":"NODE_200","flgInclusion":true,"codHier":"H_200","codDiv":"DIV_200","codNode":"NODE_200","idLevel":20,"dteStart":"2026-02-10T14:14:00"},{"idAction":300,"codParticipant":"NODE_3","flgInclusion":true,"codHier":"H_3","codDiv":"DIV_3","codNode":"NODE_3","idLevel":3,"dteStart":"2026-01-01T10:45:00"},{"idAction":300,"codParticipant":"NODE_300","flgInclusion":true,"codHier":"H_300","codDiv":"DIV_300","codNode":"NODE_300","idLevel":30,"dteStart":"2026-02-10T12:31:00"},{"idAction":300,"codParticipant":"NODE_5","flgInclusion":true,"codHier":"H_5","codDiv":"DIV_5","codNode":"NODE_5","idLevel":5,"dteStart":"2026-01-30T10:50:00"},{"idAction":300,"codParticipant":"NODE_6","flgInclusion":true,"codHier":"H_6","codDiv":"DIV_6","codNode":"NODE_6","idLevel":6,"dteStart":"2026-01-30T15:01:00"},{"idAction":300,"codParticipant":"NODE_676767","flgInclusion":true,"codHier":"H_676767","codDiv":"DIV_676767","codNode":"NODE_676767","idLevel":676767,"dteStart":"2026-01-31T00:00:00"},{"idAction":321,"codParticipant":"NODE_A","flgInclusion":true,"codHier":"H_A","codDiv":"DIV_A","codNode":"NODE_A","idLevel":1,"dteStart":"2026-02-01T18:26:00"},{"idAction":1111,"codParticipant":"NODE_1111","flgInclusion":true,"codHier":"H_1111","codDiv":"DIV_1111","codNode":"NODE_1111","idLevel":11,"dteStart":"2026-01-01T17:00:00"},{"idAction":2323,"codParticipant":"P-2323","flgInclusion":true,"codHier":"H-2323","codDiv":"D-2323","codNode":"C-2323","idLevel":4,"dteStart":"2026-01-01T12:48:00"},{"idAction":5005,"codParticipant":"","flgInclusion":true,"codHier":"H-9999","codDiv":"DIV-9999","codNode":"CUST-9999","idLevel":10,"dteStart":"2026-01-01T00:00:00"},{"idAction":6000,"codParticipant":"P-6000","flgInclusion":true,"codHier":"H-6000","codDiv":"DIV-6000","codNode":"CUST-6000","idLevel":10,"dteStart":"2026-01-01T00:00:00"},{"idAction":6767,"codParticipant":"P-6767","flgInclusion":false,"codHier":"H-6767","codDiv":"DIV-6767","codNode":"CUST-6767","idLevel":5,"dteStart":"2026-01-01T12:15:00"},{"idAction":7000,"codParticipant":"P-7000","flgInclusion":true,"codHier":"H-7000","codDiv":"DIV-7000","codNode":"CUST-7000","idLevel":10,"dteStart":"2026-01-01T00:00:00"},{"idAction":8888,"codParticipant":"P-8888","flgInclusion":true,"codHier":"H-8888","codDiv":"DIV-8888","codNode":"CUST-8888","idLevel":10,"dteStart":"2026-01-01T00:00:00"},{"idAction":9000,"codParticipant":"P-9000","flgInclusion":true,"codHier":"H-9000","codDiv":"DIV-9000","codNode":"CUST-9000","idLevel":10,"dteStart":"2026-01-01T00:00:00"},{"idAction":9999,"codParticipant":"P-9999","flgInclusion":true,"codHier":"H-9999","codDiv":"DIV-9999","codNode":"CUST-9999","idLevel":10,"dteStart":"2026-01-01T00:00:00"}]
2026-02-11 12:34:18.888 +05:00 [INF] HTTP GET /api/participants/all responded 200 in 162.1055 ms
2026-02-11 12:34:18.896 +05:00 [INF] JWT validated for haris
2026-02-11 12:34:18.899 +05:00 [INF] Forwarding request GET /api/participants/all to http://localhost:5137/api/participants/all
2026-02-11 12:34:18.903 +05:00 [INF] JWT validated for haris
2026-02-11 12:34:18.915 +05:00 [INF] Forwarding request GET /api/promotions/delivery-points to http://localhost:5137/api/promotions/delivery-points
2026-02-11 12:34:18.956 +05:00 [INF] Received response 200 from http://localhost:5137/api/participants/all
2026-02-11 12:34:18.962 +05:00 [INF] HTTP GET /api/participants/all responded 200 in 66.7171 ms | User: haris (23) | IP: ::1 | RequestBody:  | ResponseBody: [{"idAction":3,"codParticipant":"N_1","flgInclusion":true,"codHier":"H_1","codDiv":"D_1","codNode":"N_1","idLevel":1,"dteStart":"2026-01-30T09:35:43.289"},{"idAction":3,"codParticipant":"NODE_3","flgInclusion":true,"codHier":"H_3","codDiv":"DIV_3","codNode":"NODE_3","idLevel":3,"dteStart":"2026-01-01T10:45:00"},{"idAction":3,"codParticipant":"NODE_5","flgInclusion":true,"codHier":"H_5","codDiv":"DIV_5","codNode":"NODE_5","idLevel":5,"dteStart":"2026-01-30T10:50:00"},{"idAction":5,"codParticipant":"NODE_5","flgInclusion":true,"codHier":"H_5","codDiv":"DIV_5","codNode":"NODE_5","idLevel":5,"dteStart":"2026-01-30T10:50:00"},{"idAction":6,"codParticipant":"N_9898","flgInclusion":true,"codHier":"H_999","codDiv":"D_5878","codNode":"N_878","idLevel":8,"dteStart":"2026-01-14T00:00:00"},{"idAction":6,"codParticipant":"NODE_3","flgInclusion":true,"codHier":"H_3","codDiv":"DIV_3","codNode":"NODE_3","idLevel":3,"dteStart":"2026-01-01T10:45:00"},{"idAction":6,"codParticipant":"NODE_5","flgInclusion":true,"codHier":"H_5","codDiv":"DIV_5","codNode":"NODE_5","idLevel":5,"dteStart":"2026-01-30T10:50:00"},{"idAction":6,"codParticipant":"NODE_6","flgInclusion":true,"codHier":"H_6","codDiv":"DIV_6","codNode":"NODE_6","idLevel":6,"dteStart":"2026-01-30T15:01:00"},{"idAction":6,"codParticipant":"NODE_676767","flgInclusion":true,"codHier":"H_676767","codDiv":"DIV_676767","codNode":"NODE_676767","idLevel":676767,"dteStart":"2026-01-31T00:00:00"},{"idAction":6,"codParticipant":"P-9000","flgInclusion":true,"codHier":"H-9000","codDiv":"DIV-9000","codNode":"CUST-9000","idLevel":10,"dteStart":"2026-01-01T00:00:00"},{"idAction":7,"codParticipant":"NODE_7","flgInclusion":true,"codHier":"H_7","codDiv":"DIV_7","codNode":"NODE_7","idLevel":7,"dteStart":"2026-02-02T12:04:00"},{"idAction":10,"codParticipant":"NODE_10","flgInclusion":true,"codHier":"H_10","codDiv":"DIV_10","codNode":"NODE_10","idLevel":10,"dteStart":"2026-01-01T14:45:00"},{"idAction":24,"codParticipant":"NODE_24","flgInclusion":true,"codHier":"H_24","codDiv":"DIV_24","codNode":"NODE_24","idLevel":24,"dteStart":"2026-02-04T12:48:00"},{"idAction":87,"codParticipant":"NODE_87","flgInclusion":true,"codHier":"H_87","codDiv":"DIV_87","codNode":"NODE_87","idLevel":87,"dteStart":"2026-02-06T14:07:00"},{"idAction":98,"codParticipant":"NODE_98","flgInclusion":true,"codHier":"H_98","codDiv":"DIV_98","codNode":"NODE_98","idLevel":98,"dteStart":"2026-01-30T18:25:00"},{"idAction":100,"codParticipant":"NODE_100","flgInclusion":true,"codHier":"H_100","codDiv":"DIV_100","codNode":"NODE_100","idLevel":10,"dteStart":"2026-02-09T13:54:00"},{"idAction":200,"codParticipant":"NODE_200","flgInclusion":true,"codHier":"H_200","codDiv":"DIV_200","codNode":"NODE_200","idLevel":20,"dteStart":"2026-02-10T14:14:00"},{"idAction":300,"codParticipant":"NODE_3","flgInclusion":true,"codHier":"H_3","codDiv":"DIV_3","codNode":"NODE_3","idLevel":3,"dteStart":"2026-01-01T10:45:00"},{"idAction":300,"codParticipant":"NODE_300","flgInclusion":true,"codHier":"H_300","codDiv":"DIV_300","codNode":"NODE_300","idLevel":30,"dteStart":"2026-02-10T12:31:00"},{"idAction":300,"codParticipant":"NODE_5","flgInclusion":true,"codHier":"H_5","codDiv":"DIV_5","codNode":"NODE_5","idLevel":5,"dteStart":"2026-01-30T10:50:00"},{"idAction":300,"codParticipant":"NODE_6","flgInclusion":true,"codHier":"H_6","codDiv":"DIV_6","codNode":"NODE_6","idLevel":6,"dteStart":"2026-01-30T15:01:00"},{"idAction":300,"codParticipant":"NODE_676767","flgInclusion":true,"codHier":"H_676767","codDiv":"DIV_676767","codNode":"NODE_676767","idLevel":676767,"dteStart":"2026-01-31T00:00:00"},{"idAction":321,"codParticipant":"NODE_A","flgInclusion":true,"codHier":"H_A","codDiv":"DIV_A","codNode":"NODE_A","idLevel":1,"dteStart":"2026-02-01T18:26:00"},{"idAction":1111,"codParticipant":"NODE_1111","flgInclusion":true,"codHier":"H_1111","codDiv":"DIV_1111","codNode":"NODE_1111","idLevel":11,"dteStart":"2026-01-01T17:00:00"},{"idAction":2323,"codParticipant":"P-2323","flgInclusion":true,"codHier":"H-2323","codDiv":"D-2323","codNode":"C-2323","idLevel":4,"dteStart":"2026-01-01T12:48:00"},{"idAction":5005,"codParticipant":"","flgInclusion":true,"codHier":"H-9999","codDiv":"DIV-9999","codNode":"CUST-9999","idLevel":10,"dteStart":"2026-01-01T00:00:00"},{"idAction":6000,"codParticipant":"P-6000","flgInclusion":true,"codHier":"H-6000","codDiv":"DIV-6000","codNode":"CUST-6000","idLevel":10,"dteStart":"2026-01-01T00:00:00"},{"idAction":6767,"codParticipant":"P-6767","flgInclusion":false,"codHier":"H-6767","codDiv":"DIV-6767","codNode":"CUST-6767","idLevel":5,"dteStart":"2026-01-01T12:15:00"},{"idAction":7000,"codParticipant":"P-7000","flgInclusion":true,"codHier":"H-7000","codDiv":"DIV-7000","codNode":"CUST-7000","idLevel":10,"dteStart":"2026-01-01T00:00:00"},{"idAction":8888,"codParticipant":"P-8888","flgInclusion":true,"codHier":"H-8888","codDiv":"DIV-8888","codNode":"CUST-8888","idLevel":10,"dteStart":"2026-01-01T00:00:00"},{"idAction":9000,"codParticipant":"P-9000","flgInclusion":true,"codHier":"H-9000","codDiv":"DIV-9000","codNode":"CUST-9000","idLevel":10,"dteStart":"2026-01-01T00:00:00"},{"idAction":9999,"codParticipant":"P-9999","flgInclusion":true,"codHier":"H-9999","codDiv":"DIV-9999","codNode":"CUST-9999","idLevel":10,"dteStart":"2026-01-01T00:00:00"}]
2026-02-11 12:34:18.968 +05:00 [INF] Received response 200 from http://localhost:5137/api/promotions/delivery-points
2026-02-11 12:34:18.979 +05:00 [INF] HTTP GET /api/participants/all responded 200 in 83.7116 ms
2026-02-11 12:34:18.981 +05:00 [INF] HTTP GET /api/promotions/delivery-points responded 200 in 79.1079 ms | User: haris (23) | IP: ::1 | RequestBody:  | ResponseBody: [{"idAction":3,"codDeliveryPoint":"D_1","flgInclusion":true,"codHier":"H_1","codDiv":"D_1","codNode":"D_1","idLevel":1,"dteStart":"2026-01-30T00:00:00"},{"idAction":3,"codDeliveryPoint":"D_656565","flgInclusion":true,"codHier":"H_656565","codDiv":"DIV_656565","codNode":"C_656565","idLevel":9,"dteStart":"2026-01-20T00:00:00"},{"idAction":3,"codDeliveryPoint":"NODE_10","flgInclusion":true,"codHier":"H_10","codDiv":"DIV_10","codNode":"NODE_10","idLevel":10,"dteStart":"2026-01-01T14:45:00"},{"idAction":3,"codDeliveryPoint":"NODE_24","flgInclusion":true,"codHier":"H_24","codDiv":"DIV_24","codNode":"NODE_24","idLevel":24,"dteStart":"2026-02-04T12:48:00"},{"idAction":3,"codDeliveryPoint":"NODE_3","flgInclusion":false,"codHier":"H_3","codDiv":"DIV_3","codNode":"NODE_3","idLevel":3,"dteStart":"2026-01-01T10:45:00"},{"idAction":3,"codDeliveryPoint":"NODE_5","flgInclusion":false,"codHier":"H_5","codDiv":"DIV_5","codNode":"NODE_5","idLevel":5,"dteStart":"2026-01-30T10:50:00"},{"idAction":3,"codDeliveryPoint":"NODE_87","flgInclusion":true,"codHier":"H_87","codDiv":"DIV_87","codNode":"NODE_87","idLevel":87,"dteStart":"2026-02-06T14:07:00"},{"idAction":5,"codDeliveryPoint":"NODE_5","flgInclusion":false,"codHier":"H_5","codDiv":"DIV_5","codNode":"NODE_5","idLevel":5,"dteStart":"2026-01-30T10:50:00"},{"idAction":6,"codDeliveryPoint":"D_1","flgInclusion":true,"codHier":"H_1","codDiv":"D_1","codNode":"D_1","idLevel":1,"dteStart":"2026-01-30T00:00:00"},{"idAction":6,"codDeliveryPoint":"D_656565","flgInclusion":true,"codHier":"H_656565","codDiv":"DIV_656565","codNode":"C_656565","idLevel":9,"dteStart":"2026-01-20T00:00:00"},{"idAction":6,"codDeliveryPoint":"NODE_3","flgInclusion":false,"codHier":"H_3","codDiv":"DIV_3","codNode":"NODE_3","idLevel":3,"dteStart":"2026-01-01T10:45:00"},{"idAction":6,"codDeliveryPoint":"NODE_5","flgInclusion":false,"codHier":"H_5","codDiv":"DIV_5","codNode":"NODE_5","idLevel":5,"dteStart":"2026-01-30T10:50:00"},{"idAction":6,"codDeliveryPoint":"NODE_6","flgInclusion":true,"codHier":"H_6","codDiv":"DIV_6","codNode":"NODE_6","idLevel":6,"dteStart":"2026-01-30T15:01:00"},{"idAction":7,"codDeliveryPoint":"NODE_7","flgInclusion":true,"codHier":"H_7","codDiv":"DIV_7","codNode":"NODE_7","idLevel":7,"dteStart":"2026-02-02T12:04:00"},{"idAction":10,"codDeliveryPoint":"NODE_10","flgInclusion":true,"codHier":"H_10","codDiv":"DIV_10","codNode":"NODE_10","idLevel":10,"dteStart":"2026-01-01T14:45:00"},{"idAction":24,"codDeliveryPoint":"NODE_24","flgInclusion":true,"codHier":"H_24","codDiv":"DIV_24","codNode":"NODE_24","idLevel":24,"dteStart":"2026-02-04T12:48:00"},{"idAction":87,"codDeliveryPoint":"NODE_87","flgInclusion":true,"codHier":"H_87","codDiv":"DIV_87","codNode":"NODE_87","idLevel":87,"dteStart":"2026-02-06T14:07:00"},{"idAction":98,"codDeliveryPoint":"NODE_98","flgInclusion":true,"codHier":"H_98","codDiv":"DIV_98","codNode":"NODE_98","idLevel":98,"dteStart":"2026-01-30T18:25:00"},{"idAction":100,"codDeliveryPoint":"D_656565","flgInclusion":true,"codHier":"H_656565","codDiv":"DIV_656565","codNode":"C_656565","idLevel":9,"dteStart":"2026-01-20T00:00:00"},{"idAction":100,"codDeliveryPoint":"NODE_10","flgInclusion":true,"codHier":"H_10","codDiv":"DIV_10","codNode":"NODE_10","idLevel":10,"dteStart":"2026-01-01T14:45:00"},{"idAction":100,"codDeliveryPoint":"NODE_100","flgInclusion":true,"codHier":"H_100","codDiv":"DIV_100","codNode":"NODE_100","idLevel":10,"dteStart":"2026-02-09T13:54:00"},{"idAction":100,"codDeliveryPoint":"NODE_3","flgInclusion":false,"codHier":"H_3","codDiv":"DIV_3","codNode":"NODE_3","idLevel":3,"dteStart":"2026-01-01T10:45:00"},{"idAction":200,"codDeliveryPoint":"NODE_200","flgInclusion":true,"codHier":"H_200","codDiv":"DIV_200","codNode":"NODE_200","idLevel":20,"dteStart":"2026-02-10T14:14:00"},{"idAction":300,"codDeliveryPoint":"NODE_300","flgInclusion":true,"codHier":"H_300","codDiv":"DIV_300","codNode":"NODE_300","idLevel":30,"dteStart":"2026-02-10T12:31:00"},{"idAction":321,"codDeliveryPoint":"NODE_A","flgInclusion":true,"codHier":"H_A","codDiv":"DIV_A","codNode":"NODE_A","idLevel":1,"dteStart":"2026-02-01T18:26:00"},{"idAction":1111,"codDeliveryPoint":"NODE_1111","flgInclusion":true,"codHier":"H_1111","codDiv":"DIV_1111","codNode":"NODE_1111","idLevel":11,"dteStart":"2026-01-01T17:00:00"},{"idAction":5005,"codDeliveryPoint":"","flgInclusion":true,"codHier":"H-2255","codDiv":"DIV-2255","codNode":"CUST-2255","idLevel":10,"dteStart":"2026-01-01T00:00:00"},{"idAction":6767,"codDeliveryPoint":"DP-6767","flgInclusion":true,"codHier":"H-6767","codDiv":"DIV-6767","codNode":"CUST-6767","idLevel":5,"dteStart":"2026-01-01T12:15:00"},{"idAction":7000,"codDeliveryPoint":"DP-7000","flgInclusion":true,"codHier":"H-7000","codDiv":"DIV-7000","codNode":"CUST-7000","idLevel":10,"dteStart":"2026-01-01T00:00:00"}]
2026-02-11 12:34:19.002 +05:00 [INF] HTTP GET /api/promotions/delivery-points responded 200 in 99.7618 ms
2026-02-11 12:34:19.012 +05:00 [INF] JWT validated for haris
2026-02-11 12:34:19.016 +05:00 [INF] Forwarding request GET /api/promotions/delivery-points to http://localhost:5137/api/promotions/delivery-points
2026-02-11 12:34:19.067 +05:00 [INF] Received response 200 from http://localhost:5137/api/promotions/delivery-points
2026-02-11 12:34:19.075 +05:00 [INF] HTTP GET /api/promotions/delivery-points responded 200 in 62.7333 ms | User: haris (23) | IP: ::1 | RequestBody:  | ResponseBody: [{"idAction":3,"codDeliveryPoint":"D_1","flgInclusion":true,"codHier":"H_1","codDiv":"D_1","codNode":"D_1","idLevel":1,"dteStart":"2026-01-30T00:00:00"},{"idAction":3,"codDeliveryPoint":"D_656565","flgInclusion":true,"codHier":"H_656565","codDiv":"DIV_656565","codNode":"C_656565","idLevel":9,"dteStart":"2026-01-20T00:00:00"},{"idAction":3,"codDeliveryPoint":"NODE_10","flgInclusion":true,"codHier":"H_10","codDiv":"DIV_10","codNode":"NODE_10","idLevel":10,"dteStart":"2026-01-01T14:45:00"},{"idAction":3,"codDeliveryPoint":"NODE_24","flgInclusion":true,"codHier":"H_24","codDiv":"DIV_24","codNode":"NODE_24","idLevel":24,"dteStart":"2026-02-04T12:48:00"},{"idAction":3,"codDeliveryPoint":"NODE_3","flgInclusion":false,"codHier":"H_3","codDiv":"DIV_3","codNode":"NODE_3","idLevel":3,"dteStart":"2026-01-01T10:45:00"},{"idAction":3,"codDeliveryPoint":"NODE_5","flgInclusion":false,"codHier":"H_5","codDiv":"DIV_5","codNode":"NODE_5","idLevel":5,"dteStart":"2026-01-30T10:50:00"},{"idAction":3,"codDeliveryPoint":"NODE_87","flgInclusion":true,"codHier":"H_87","codDiv":"DIV_87","codNode":"NODE_87","idLevel":87,"dteStart":"2026-02-06T14:07:00"},{"idAction":5,"codDeliveryPoint":"NODE_5","flgInclusion":false,"codHier":"H_5","codDiv":"DIV_5","codNode":"NODE_5","idLevel":5,"dteStart":"2026-01-30T10:50:00"},{"idAction":6,"codDeliveryPoint":"D_1","flgInclusion":true,"codHier":"H_1","codDiv":"D_1","codNode":"D_1","idLevel":1,"dteStart":"2026-01-30T00:00:00"},{"idAction":6,"codDeliveryPoint":"D_656565","flgInclusion":true,"codHier":"H_656565","codDiv":"DIV_656565","codNode":"C_656565","idLevel":9,"dteStart":"2026-01-20T00:00:00"},{"idAction":6,"codDeliveryPoint":"NODE_3","flgInclusion":false,"codHier":"H_3","codDiv":"DIV_3","codNode":"NODE_3","idLevel":3,"dteStart":"2026-01-01T10:45:00"},{"idAction":6,"codDeliveryPoint":"NODE_5","flgInclusion":false,"codHier":"H_5","codDiv":"DIV_5","codNode":"NODE_5","idLevel":5,"dteStart":"2026-01-30T10:50:00"},{"idAction":6,"codDeliveryPoint":"NODE_6","flgInclusion":true,"codHier":"H_6","codDiv":"DIV_6","codNode":"NODE_6","idLevel":6,"dteStart":"2026-01-30T15:01:00"},{"idAction":7,"codDeliveryPoint":"NODE_7","flgInclusion":true,"codHier":"H_7","codDiv":"DIV_7","codNode":"NODE_7","idLevel":7,"dteStart":"2026-02-02T12:04:00"},{"idAction":10,"codDeliveryPoint":"NODE_10","flgInclusion":true,"codHier":"H_10","codDiv":"DIV_10","codNode":"NODE_10","idLevel":10,"dteStart":"2026-01-01T14:45:00"},{"idAction":24,"codDeliveryPoint":"NODE_24","flgInclusion":true,"codHier":"H_24","codDiv":"DIV_24","codNode":"NODE_24","idLevel":24,"dteStart":"2026-02-04T12:48:00"},{"idAction":87,"codDeliveryPoint":"NODE_87","flgInclusion":true,"codHier":"H_87","codDiv":"DIV_87","codNode":"NODE_87","idLevel":87,"dteStart":"2026-02-06T14:07:00"},{"idAction":98,"codDeliveryPoint":"NODE_98","flgInclusion":true,"codHier":"H_98","codDiv":"DIV_98","codNode":"NODE_98","idLevel":98,"dteStart":"2026-01-30T18:25:00"},{"idAction":100,"codDeliveryPoint":"D_656565","flgInclusion":true,"codHier":"H_656565","codDiv":"DIV_656565","codNode":"C_656565","idLevel":9,"dteStart":"2026-01-20T00:00:00"},{"idAction":100,"codDeliveryPoint":"NODE_10","flgInclusion":true,"codHier":"H_10","codDiv":"DIV_10","codNode":"NODE_10","idLevel":10,"dteStart":"2026-01-01T14:45:00"},{"idAction":100,"codDeliveryPoint":"NODE_100","flgInclusion":true,"codHier":"H_100","codDiv":"DIV_100","codNode":"NODE_100","idLevel":10,"dteStart":"2026-02-09T13:54:00"},{"idAction":100,"codDeliveryPoint":"NODE_3","flgInclusion":false,"codHier":"H_3","codDiv":"DIV_3","codNode":"NODE_3","idLevel":3,"dteStart":"2026-01-01T10:45:00"},{"idAction":200,"codDeliveryPoint":"NODE_200","flgInclusion":true,"codHier":"H_200","codDiv":"DIV_200","codNode":"NODE_200","idLevel":20,"dteStart":"2026-02-10T14:14:00"},{"idAction":300,"codDeliveryPoint":"NODE_300","flgInclusion":true,"codHier":"H_300","codDiv":"DIV_300","codNode":"NODE_300","idLevel":30,"dteStart":"2026-02-10T12:31:00"},{"idAction":321,"codDeliveryPoint":"NODE_A","flgInclusion":true,"codHier":"H_A","codDiv":"DIV_A","codNode":"NODE_A","idLevel":1,"dteStart":"2026-02-01T18:26:00"},{"idAction":1111,"codDeliveryPoint":"NODE_1111","flgInclusion":true,"codHier":"H_1111","codDiv":"DIV_1111","codNode":"NODE_1111","idLevel":11,"dteStart":"2026-01-01T17:00:00"},{"idAction":5005,"codDeliveryPoint":"","flgInclusion":true,"codHier":"H-2255","codDiv":"DIV-2255","codNode":"CUST-2255","idLevel":10,"dteStart":"2026-01-01T00:00:00"},{"idAction":6767,"codDeliveryPoint":"DP-6767","flgInclusion":true,"codHier":"H-6767","codDiv":"DIV-6767","codNode":"CUST-6767","idLevel":5,"dteStart":"2026-01-01T12:15:00"},{"idAction":7000,"codDeliveryPoint":"DP-7000","flgInclusion":true,"codHier":"H-7000","codDiv":"DIV-7000","codNode":"CUST-7000","idLevel":10,"dteStart":"2026-01-01T00:00:00"}]
2026-02-11 12:34:19.090 +05:00 [INF] HTTP GET /api/promotions/delivery-points responded 200 in 77.6082 ms
2026-02-11 12:34:22.330 +05:00 [INF] JWT validated for haris
2026-02-11 12:34:22.347 +05:00 [INF] Forwarding request GET /api/promotions/actions/300/complete to http://localhost:5137/api/promotions/actions/300/complete
2026-02-11 12:34:22.542 +05:00 [INF] Received response 200 from http://localhost:5137/api/promotions/actions/300/complete
2026-02-11 12:34:22.550 +05:00 [INF] HTTP GET /api/promotions/actions/300/complete responded 200 in 220.4773 ms | User: haris (23) | IP: ::1 | RequestBody:  | ResponseBody: {"promoAction":{"idAction":300,"name":"PROMO_300","codDiv":"DIV_300","dteStartSellIn":"2026-02-10T12:32:00","dteEndSellIn":"2026-02-28T12:32:00","dteStartSellOut":"2026-02-16T12:32:00","dteEndSellOut":"2026-02-27T12:32:00","documentKey":"KEY_300","dteToShost":"2026-02-20T12:32:00","levParticipants":30},"products":[{"idAction":300,"codProduct":"PRD_300","levProduct":30,"codDisplay":"DSP_300","codDiv":"DIV_300","qtyEstimated":3200.00,"perceDiscount1":4.50,"perceDiscount2":5.50,"numMeasure":0.00,"codMeasure":"MEASURE_300","details":[{"idAction":300,"codProduct":"PRD_300","levProduct":30,"codDisplay":"DSP_300","codNode":"NODE_300","codDiv":"DIV_300","flgInclusion":true,"articles":[{"idAction":300,"codProduct":"PRD_300","levProduct":30,"codDisplay":"DSP_300","codDiv":"DIV_300","codNode":"NODE_300","codNode1":"HHHHHH","codNode2":"QQQQQQQQ","codNodeN":"UUUUUUUU"}]}],"measureFields":[{"codDiv":"DIV_300","codMeasure":"MEASURE_300","fieldName":"300_PROMO","formula":"G*g/300"}]},{"idAction":300,"codProduct":"PRD_96","levProduct":1,"codDisplay":"DSP_96","codDiv":"DIV_96","qtyEstimated":869785.00,"perceDiscount1":4.50,"perceDiscount2":6.50,"numMeasure":667.00,"codMeasure":"MEASURE_96","details":[{"idAction":300,"codProduct":"PRD_96","levProduct":1,"codDisplay":"DSP_96","codNode":"NODE_96","codDiv":"DIV_96","flgInclusion":true,"articles":[{"idAction":300,"codProduct":"PRD_96","levProduct":1,"codDisplay":"DSP_96","codDiv":"DIV_96","codNode":"NODE_96","codNode1":"AAAAAA","codNode2":"SSSSSSSSSS","codNodeN":"DDDDDDDDDD"}]}],"measureFields":[{"codDiv":"DIV_96","codMeasure":"MEASURE_96","fieldName":"PROMO_96","formula":"M*M/96"}]},{"idAction":300,"codProduct":"PROD-9000","levProduct":1,"codDisplay":"DISP-9000","codDiv":"DIV-9000","qtyEstimated":2000.00,"perceDiscount1":0.60,"perceDiscount2":0.90,"numMeasure":66.00,"codMeasure":"measure_9000","details":[{"idAction":300,"codProduct":"PROD-9000","levProduct":1,"codDisplay":"DISP-9000","codNode":"NODE-9000","codDiv":"DIV-9000","flgInclusion":true,"articles":[{"idAction":300,"codProduct":"PROD-9000","levProduct":1,"codDisplay":"DISP-9000","codDiv":"DIV-9000","codNode":"NODE-9000","codNode1":"A1","codNode2":null,"codNodeN":null}]}],"measureFields":[]}],"articles":[{"idAction":300,"codProduct":"PRD_300","levProduct":30,"codDisplay":"DSP_300","codDiv":"DIV_300","codNode":"NODE_300","codNode1":"HHHHHH","codNode2":"QQQQQQQQ","codNodeN":"UUUUUUUU"},{"idAction":300,"codProduct":"PRD_96","levProduct":1,"codDisplay":"DSP_96","codDiv":"DIV_96","codNode":"NODE_96","codNode1":"AAAAAA","codNode2":"SSSSSSSSSS","codNodeN":"DDDDDDDDDD"},{"idAction":300,"codProduct":"PROD-9000","levProduct":1,"codDisplay":"DISP-9000","codDiv":"DIV-9000","codNode":"NODE-9000","codNode1":"A1","codNode2":null,"codNodeN":null}],"measureFields":[{"codDiv":"DIV_300","codMeasure":"MEASURE_300","fieldName":"300_PROMO","formula":"G*g/300"},{"codDiv":"DIV_96","codMeasure":"MEASURE_96","fieldName":"PROMO_96","formula":"M*M/96"}],"participants":[{"idAction":300,"codParticipant":"NODE_3","flgInclusion":true,"codHier":"H_3","codDiv":"DIV_3","codNode":"NODE_3","idLevel":3,"dteStart":"0001-01-01T00:00:00"},{"idAction":300,"codParticipant":"NODE_300","flgInclusion":true,"codHier":"H_300","codDiv":"DIV_300","codNode":"NODE_300","idLevel":30,"dteStart":"0001-01-01T00:00:00"},{"idAction":300,"codParticipant":"NODE_5","flgInclusion":true,"codHier":"H_5","codDiv":"DIV_5","codNode":"NODE_5","idLevel":5,"dteStart":"0001-01-01T00:00:00"},{"idAction":300,"codParticipant":"NODE_6","flgInclusion":true,"codHier":"H_6","codDiv":"DIV_6","codNode":"NODE_6","idLevel":6,"dteStart":"0001-01-01T00:00:00"},{"idAction":300,"codParticipant":"NODE_676767","flgInclusion":true,"codHier":"H_676767","codDiv":"DIV_676767","codNode":"NODE_676767","idLevel":676767,"dteStart":"0001-01-01T00:00:00"}],"deliveryPoints":[{"idAction":300,"codDeliveryPoint":"NODE_300","flgInclusion":true,"codHier":"H_300","codDiv":"DIV_300","codNode":"NODE_300","idLevel":30,"dteStart":"0001-01-01T00:00:00"}],"productDetails":[{"idAction":300,"codProduct":"PRD_300","levProduct":30,"codDisplay":"DSP_300","codNode":"NODE_300","codDiv":"DIV_300","flgInclusion":true,"articles":[{"idAction":300,"codProduct":"PRD_300","levProduct":30,"codDisplay":"DSP_300","codDiv":"DIV_300","codNode":"NODE_300","codNode1":"HHHHHH","codNode2":"QQQQQQQQ","codNodeN":"UUUUUUUU"}]},{"idAction":300,"codProduct":"PRD_96","levProduct":1,"codDisplay":"DSP_96","codNode":"NODE_96","codDiv":"DIV_96","flgInclusion":true,"articles":[{"idAction":300,"codProduct":"PRD_96","levProduct":1,"codDisplay":"DSP_96","codDiv":"DIV_96","codNode":"NODE_96","codNode1":"AAAAAA","codNode2":"SSSSSSSSSS","codNodeN":"DDDDDDDDDD"}]},{"idAction":300,"codProduct":"PROD-9000","levProduct":1,"codDisplay":"DISP-9000","codNode":"NODE-9000","codDiv":"DIV-9000","flgInclusion":true,"articles":[{"idAction":300,"codProduct":"PROD-9000","levProduct":1,"codDisplay":"DISP-9000","codDiv":"DIV-9000","codNode":"NODE-9000","codNode1":"A1","codNode2":null,"codNodeN":null}]}],"customers":[{"idAction":300,"codHier":"H_3","codDiv":"DIV_3","codNode":"NODE_3","idLevel":3,"dteStart":"2026-01-01T10:45:00","codParentNode":"ROOT_3","dteEnd":"2026-01-30T10:44:00"},{"idAction":300,"codHier":"H_300","codDiv":"DIV_300","codNode":"NODE_300","idLevel":30,"dteStart":"2026-02-10T12:31:00","codParentNode":"ROOT_300","dteEnd":"2026-02-28T12:31:00"},{"idAction":300,"codHier":"H_5","codDiv":"DIV_5","codNode":"NODE_5","idLevel":5,"dteStart":"2026-01-30T10:50:00","codParentNode":"ROOT_5","dteEnd":"2026-01-31T10:48:00"},{"idAction":300,"codHier":"H_6","codDiv":"DIV_6","codNode":"NODE_6","idLevel":6,"dteStart":"2026-01-30T15:01:00","codParentNode":"ROOT_6","dteEnd":"2026-01-31T15:01:00"},{"idAction":300,"codHier":"H_676767","codDiv":"DIV_676767","codNode":"NODE_676767","idLevel":676767,"dteStart":"2026-01-31T00:00:00","codParentNode":"ROOT","dteEnd":null}]}
2026-02-11 12:34:22.568 +05:00 [INF] HTTP GET /api/promotions/actions/300/complete responded 200 in 238.6483 ms
2026-02-11 12:34:23.060 +05:00 [INF] JWT validated for haris
2026-02-11 12:34:23.146 +05:00 [INF] HTTP GET /api/gateway/health responded 200 in 86.7007 ms | User: haris (23) | IP: ::1 | RequestBody:  | ResponseBody: {"status":"Healthy","timestamp":"2026-02-11T07:34:23.1459519Z","services":[{"service":"Promotions API","url":"http://localhost:5137/api/health","status":"Healthy","responseTime":"43ms","statusCode":200},{"service":"SSO API","url":"http://localhost:5253/api/health","status":"Healthy","responseTime":"35ms","statusCode":200}]}
2026-02-11 12:34:23.166 +05:00 [INF] HTTP GET /api/gateway/health responded 200 in 106.0931 ms
2026-02-11 12:34:28.059 +05:00 [INF] JWT validated for haris
2026-02-11 12:34:28.167 +05:00 [INF] HTTP GET /api/gateway/health responded 200 in 108.1920 ms | User: haris (23) | IP: ::1 | RequestBody:  | ResponseBody: {"status":"Healthy","timestamp":"2026-02-11T07:34:28.1670187Z","services":[{"service":"Promotions API","url":"http://localhost:5137/api/health","status":"Healthy","responseTime":"59ms","statusCode":200},{"service":"SSO API","url":"http://localhost:5253/api/health","status":"Healthy","responseTime":"35ms","statusCode":200}]}
2026-02-11 12:34:28.181 +05:00 [INF] HTTP GET /api/gateway/health responded 200 in 121.9539 ms
2026-02-11 12:34:33.120 +05:00 [INF] JWT validated for haris
2026-02-11 12:34:33.185 +05:00 [INF] HTTP GET /api/gateway/health responded 200 in 65.9964 ms | User: haris (23) | IP: ::1 | RequestBody:  | ResponseBody: {"status":"Healthy","timestamp":"2026-02-11T07:34:33.1848993Z","services":[{"service":"Promotions API","url":"http://localhost:5137/api/health","status":"Healthy","responseTime":"19ms","statusCode":200},{"service":"SSO API","url":"http://localhost:5253/api/health","status":"Healthy","responseTime":"38ms","statusCode":200}]}
2026-02-11 12:34:33.204 +05:00 [INF] HTTP GET /api/gateway/health responded 200 in 85.1880 ms
2026-02-11 12:34:38.058 +05:00 [INF] JWT validated for haris
2026-02-11 12:34:38.188 +05:00 [INF] HTTP GET /api/gateway/health responded 200 in 130.1650 ms | User: haris (23) | IP: ::1 | RequestBody:  | ResponseBody: {"status":"Healthy","timestamp":"2026-02-11T07:34:38.1876686Z","services":[{"service":"Promotions API","url":"http://localhost:5137/api/health","status":"Healthy","responseTime":"75ms","statusCode":200},{"service":"SSO API","url":"http://localhost:5253/api/health","status":"Healthy","responseTime":"49ms","statusCode":200}]}
2026-02-11 12:34:38.216 +05:00 [INF] HTTP GET /api/gateway/health responded 200 in 157.8377 ms
2026-02-11 12:34:43.068 +05:00 [INF] JWT validated for haris
2026-02-11 12:34:43.175 +05:00 [INF] HTTP GET /api/gateway/health responded 200 in 106.9280 ms | User: haris (23) | IP: ::1 | RequestBody:  | ResponseBody: {"status":"Healthy","timestamp":"2026-02-11T07:34:43.1748156Z","services":[{"service":"Promotions API","url":"http://localhost:5137/api/health","status":"Healthy","responseTime":"55ms","statusCode":200},{"service":"SSO API","url":"http://localhost:5253/api/health","status":"Healthy","responseTime":"41ms","statusCode":200}]}
2026-02-11 12:34:43.192 +05:00 [INF] HTTP GET /api/gateway/health responded 200 in 123.5116 ms
2026-02-11 12:34:48.065 +05:00 [INF] JWT validated for haris
2026-02-11 12:34:48.153 +05:00 [INF] HTTP GET /api/gateway/health responded 200 in 87.5335 ms | User: haris (23) | IP: ::1 | RequestBody:  | ResponseBody: {"status":"Healthy","timestamp":"2026-02-11T07:34:48.1514697Z","services":[{"service":"Promotions API","url":"http://localhost:5137/api/health","status":"Healthy","responseTime":"44ms","statusCode":200},{"service":"SSO API","url":"http://localhost:5253/api/health","status":"Healthy","responseTime":"31ms","statusCode":200}]}
2026-02-11 12:34:48.167 +05:00 [INF] HTTP GET /api/gateway/health responded 200 in 101.5768 ms
2026-02-11 12:34:52.874 +05:00 [INF] JWT validated for haris
2026-02-11 12:34:52.885 +05:00 [INF] Forwarding request GET /api/promotions/actions/300/complete to http://localhost:5137/api/promotions/actions/300/complete
2026-02-11 12:34:53.035 +05:00 [INF] Received response 200 from http://localhost:5137/api/promotions/actions/300/complete
2026-02-11 12:34:53.045 +05:00 [INF] HTTP GET /api/promotions/actions/300/complete responded 200 in 170.4123 ms | User: haris (23) | IP: ::1 | RequestBody:  | ResponseBody: {"promoAction":{"idAction":300,"name":"PROMO_300","codDiv":"DIV_300","dteStartSellIn":"2026-02-10T12:32:00","dteEndSellIn":"2026-02-28T12:32:00","dteStartSellOut":"2026-02-16T12:32:00","dteEndSellOut":"2026-02-27T12:32:00","documentKey":"KEY_300","dteToShost":"2026-02-20T12:32:00","levParticipants":30},"products":[{"idAction":300,"codProduct":"PRD_300","levProduct":30,"codDisplay":"DSP_300","codDiv":"DIV_300","qtyEstimated":3200.00,"perceDiscount1":4.50,"perceDiscount2":5.50,"numMeasure":0.00,"codMeasure":"MEASURE_300","details":[{"idAction":300,"codProduct":"PRD_300","levProduct":30,"codDisplay":"DSP_300","codNode":"NODE_300","codDiv":"DIV_300","flgInclusion":true,"articles":[{"idAction":300,"codProduct":"PRD_300","levProduct":30,"codDisplay":"DSP_300","codDiv":"DIV_300","codNode":"NODE_300","codNode1":"HHHHHH","codNode2":"QQQQQQQQ","codNodeN":"UUUUUUUU"}]}],"measureFields":[{"codDiv":"DIV_300","codMeasure":"MEASURE_300","fieldName":"300_PROMO","formula":"G*g/300"}]},{"idAction":300,"codProduct":"PRD_96","levProduct":1,"codDisplay":"DSP_96","codDiv":"DIV_96","qtyEstimated":869785.00,"perceDiscount1":4.50,"perceDiscount2":6.50,"numMeasure":667.00,"codMeasure":"MEASURE_96","details":[{"idAction":300,"codProduct":"PRD_96","levProduct":1,"codDisplay":"DSP_96","codNode":"NODE_96","codDiv":"DIV_96","flgInclusion":true,"articles":[{"idAction":300,"codProduct":"PRD_96","levProduct":1,"codDisplay":"DSP_96","codDiv":"DIV_96","codNode":"NODE_96","codNode1":"AAAAAA","codNode2":"SSSSSSSSSS","codNodeN":"DDDDDDDDDD"}]}],"measureFields":[{"codDiv":"DIV_96","codMeasure":"MEASURE_96","fieldName":"PROMO_96","formula":"M*M/96"}]},{"idAction":300,"codProduct":"PROD-9000","levProduct":1,"codDisplay":"DISP-9000","codDiv":"DIV-9000","qtyEstimated":2000.00,"perceDiscount1":0.60,"perceDiscount2":0.90,"numMeasure":66.00,"codMeasure":"measure_9000","details":[{"idAction":300,"codProduct":"PROD-9000","levProduct":1,"codDisplay":"DISP-9000","codNode":"NODE-9000","codDiv":"DIV-9000","flgInclusion":true,"articles":[{"idAction":300,"codProduct":"PROD-9000","levProduct":1,"codDisplay":"DISP-9000","codDiv":"DIV-9000","codNode":"NODE-9000","codNode1":"A1","codNode2":null,"codNodeN":null}]}],"measureFields":[]}],"articles":[{"idAction":300,"codProduct":"PRD_300","levProduct":30,"codDisplay":"DSP_300","codDiv":"DIV_300","codNode":"NODE_300","codNode1":"HHHHHH","codNode2":"QQQQQQQQ","codNodeN":"UUUUUUUU"},{"idAction":300,"codProduct":"PRD_96","levProduct":1,"codDisplay":"DSP_96","codDiv":"DIV_96","codNode":"NODE_96","codNode1":"AAAAAA","codNode2":"SSSSSSSSSS","codNodeN":"DDDDDDDDDD"},{"idAction":300,"codProduct":"PROD-9000","levProduct":1,"codDisplay":"DISP-9000","codDiv":"DIV-9000","codNode":"NODE-9000","codNode1":"A1","codNode2":null,"codNodeN":null}],"measureFields":[{"codDiv":"DIV_300","codMeasure":"MEASURE_300","fieldName":"300_PROMO","formula":"G*g/300"},{"codDiv":"DIV_96","codMeasure":"MEASURE_96","fieldName":"PROMO_96","formula":"M*M/96"}],"participants":[{"idAction":300,"codParticipant":"NODE_3","flgInclusion":true,"codHier":"H_3","codDiv":"DIV_3","codNode":"NODE_3","idLevel":3,"dteStart":"0001-01-01T00:00:00"},{"idAction":300,"codParticipant":"NODE_300","flgInclusion":true,"codHier":"H_300","codDiv":"DIV_300","codNode":"NODE_300","idLevel":30,"dteStart":"0001-01-01T00:00:00"},{"idAction":300,"codParticipant":"NODE_5","flgInclusion":true,"codHier":"H_5","codDiv":"DIV_5","codNode":"NODE_5","idLevel":5,"dteStart":"0001-01-01T00:00:00"},{"idAction":300,"codParticipant":"NODE_6","flgInclusion":true,"codHier":"H_6","codDiv":"DIV_6","codNode":"NODE_6","idLevel":6,"dteStart":"0001-01-01T00:00:00"},{"idAction":300,"codParticipant":"NODE_676767","flgInclusion":true,"codHier":"H_676767","codDiv":"DIV_676767","codNode":"NODE_676767","idLevel":676767,"dteStart":"0001-01-01T00:00:00"}],"deliveryPoints":[{"idAction":300,"codDeliveryPoint":"NODE_300","flgInclusion":true,"codHier":"H_300","codDiv":"DIV_300","codNode":"NODE_300","idLevel":30,"dteStart":"0001-01-01T00:00:00"}],"productDetails":[{"idAction":300,"codProduct":"PRD_300","levProduct":30,"codDisplay":"DSP_300","codNode":"NODE_300","codDiv":"DIV_300","flgInclusion":true,"articles":[{"idAction":300,"codProduct":"PRD_300","levProduct":30,"codDisplay":"DSP_300","codDiv":"DIV_300","codNode":"NODE_300","codNode1":"HHHHHH","codNode2":"QQQQQQQQ","codNodeN":"UUUUUUUU"}]},{"idAction":300,"codProduct":"PRD_96","levProduct":1,"codDisplay":"DSP_96","codNode":"NODE_96","codDiv":"DIV_96","flgInclusion":true,"articles":[{"idAction":300,"codProduct":"PRD_96","levProduct":1,"codDisplay":"DSP_96","codDiv":"DIV_96","codNode":"NODE_96","codNode1":"AAAAAA","codNode2":"SSSSSSSSSS","codNodeN":"DDDDDDDDDD"}]},{"idAction":300,"codProduct":"PROD-9000","levProduct":1,"codDisplay":"DISP-9000","codNode":"NODE-9000","codDiv":"DIV-9000","flgInclusion":true,"articles":[{"idAction":300,"codProduct":"PROD-9000","levProduct":1,"codDisplay":"DISP-9000","codDiv":"DIV-9000","codNode":"NODE-9000","codNode1":"A1","codNode2":null,"codNodeN":null}]}],"customers":[{"idAction":300,"codHier":"H_3","codDiv":"DIV_3","codNode":"NODE_3","idLevel":3,"dteStart":"2026-01-01T10:45:00","codParentNode":"ROOT_3","dteEnd":"2026-01-30T10:44:00"},{"idAction":300,"codHier":"H_300","codDiv":"DIV_300","codNode":"NODE_300","idLevel":30,"dteStart":"2026-02-10T12:31:00","codParentNode":"ROOT_300","dteEnd":"2026-02-28T12:31:00"},{"idAction":300,"codHier":"H_5","codDiv":"DIV_5","codNode":"NODE_5","idLevel":5,"dteStart":"2026-01-30T10:50:00","codParentNode":"ROOT_5","dteEnd":"2026-01-31T10:48:00"},{"idAction":300,"codHier":"H_6","codDiv":"DIV_6","codNode":"NODE_6","idLevel":6,"dteStart":"2026-01-30T15:01:00","codParentNode":"ROOT_6","dteEnd":"2026-01-31T15:01:00"},{"idAction":300,"codHier":"H_676767","codDiv":"DIV_676767","codNode":"NODE_676767","idLevel":676767,"dteStart":"2026-01-31T00:00:00","codParentNode":"ROOT","dteEnd":null}]}
2026-02-11 12:34:53.067 +05:00 [INF] JWT validated for haris
2026-02-11 12:34:53.071 +05:00 [INF] HTTP GET /api/promotions/actions/300/complete responded 200 in 196.3984 ms
2026-02-11 12:34:53.144 +05:00 [INF] HTTP GET /api/gateway/health responded 200 in 77.6574 ms | User: haris (23) | IP: ::1 | RequestBody:  | ResponseBody: {"status":"Healthy","timestamp":"2026-02-11T07:34:53.1430204Z","services":[{"service":"Promotions API","url":"http://localhost:5137/api/health","status":"Healthy","responseTime":"30ms","statusCode":200},{"service":"SSO API","url":"http://localhost:5253/api/health","status":"Healthy","responseTime":"31ms","statusCode":200}]}
2026-02-11 12:34:53.159 +05:00 [INF] HTTP GET /api/gateway/health responded 200 in 92.9751 ms
2026-02-11 12:34:58.061 +05:00 [INF] JWT validated for haris
2026-02-11 12:34:58.126 +05:00 [INF] HTTP GET /api/gateway/health responded 200 in 64.9618 ms | User: haris (23) | IP: ::1 | RequestBody:  | ResponseBody: {"status":"Healthy","timestamp":"2026-02-11T07:34:58.1256849Z","services":[{"service":"Promotions API","url":"http://localhost:5137/api/health","status":"Healthy","responseTime":"27ms","statusCode":200},{"service":"SSO API","url":"http://localhost:5253/api/health","status":"Healthy","responseTime":"19ms","statusCode":200}]}
2026-02-11 12:34:58.141 +05:00 [INF] HTTP GET /api/gateway/health responded 200 in 79.8830 ms
2026-02-11 12:35:03.062 +05:00 [INF] JWT validated for haris
2026-02-11 12:35:03.124 +05:00 [INF] HTTP GET /api/gateway/health responded 200 in 62.4421 ms | User: haris (23) | IP: ::1 | RequestBody:  | ResponseBody: {"status":"Healthy","timestamp":"2026-02-11T07:35:03.1236634Z","services":[{"service":"Promotions API","url":"http://localhost:5137/api/health","status":"Healthy","responseTime":"29ms","statusCode":200},{"service":"SSO API","url":"http://localhost:5253/api/health","status":"Healthy","responseTime":"24ms","statusCode":200}]}
2026-02-11 12:35:03.136 +05:00 [INF] HTTP GET /api/gateway/health responded 200 in 74.2284 ms
2026-02-11 12:35:06.399 +05:00 [INF] JWT validated for haris
2026-02-11 12:35:06.408 +05:00 [INF] Forwarding request GET /api/promotions/customer-relations to http://localhost:5137/api/promotions/customer-relations
2026-02-11 12:35:06.474 +05:00 [INF] Received response 200 from http://localhost:5137/api/promotions/customer-relations
2026-02-11 12:35:06.480 +05:00 [INF] HTTP GET /api/promotions/customer-relations responded 200 in 81.2864 ms | User: haris (23) | IP: ::1 | RequestBody:  | ResponseBody: [{"idAction":0,"codHier":"5555","codDiv":"div5555","codNode":"f5555","idLevel":1,"dteStart":"2026-01-15T00:00:00","codParentNode":"root","dteEnd":null},{"idAction":0,"codHier":"56","codDiv":"565","codNode":"56","idLevel":55,"dteStart":"2026-01-29T00:44:00","codParentNode":"haseeb","dteEnd":"2026-01-26T00:44:00"},{"idAction":0,"codHier":"H_1","codDiv":"D_1","codNode":"D_1","idLevel":1,"dteStart":"2026-01-30T00:00:00","codParentNode":"ROOT","dteEnd":null},{"idAction":0,"codHier":"H_1","codDiv":"D_1","codNode":"N_1","idLevel":1,"dteStart":"2026-01-30T09:35:43.289","codParentNode":"ROOT","dteEnd":null},{"idAction":0,"codHier":"H_10","codDiv":"DIV_10","codNode":"NODE_10","idLevel":10,"dteStart":"2026-01-01T14:45:00","codParentNode":"ROOT_10","dteEnd":"2026-01-31T14:44:00"},{"idAction":0,"codHier":"H_100","codDiv":"DIV_100","codNode":"NODE_100","idLevel":10,"dteStart":"2026-02-09T13:54:00","codParentNode":"ROOT_100","dteEnd":"2026-02-10T13:54:00"},{"idAction":0,"codHier":"H_1111","codDiv":"DIV_1111","codNode":"NODE_1111","idLevel":11,"dteStart":"2026-01-01T17:00:00","codParentNode":"ROOT_1111","dteEnd":"2026-01-30T17:01:00"},{"idAction":0,"codHier":"H_12","codDiv":"DIV_12","codNode":"NODE_12","idLevel":12,"dteStart":"2026-02-03T12:26:00","codParentNode":"ROOT_12","dteEnd":"2026-02-06T12:26:00"},{"idAction":0,"codHier":"H_17","codDiv":"DIV_17","codNode":"NODE_17","idLevel":17,"dteStart":"2026-02-07T15:44:00","codParentNode":"ROOT_17","dteEnd":"2026-02-24T15:44:00"},{"idAction":0,"codHier":"H_19","codDiv":"DIV_19","codNode":"NODE_19","idLevel":19,"dteStart":"2026-02-04T13:59:00","codParentNode":"ROOT_19","dteEnd":"2026-02-05T13:59:00"},{"idAction":0,"codHier":"H_200","codDiv":"DIV_200","codNode":"NODE_200","idLevel":20,"dteStart":"2026-02-10T14:14:00","codParentNode":"ROOT_200","dteEnd":"2026-02-24T14:14:00"},{"idAction":0,"codHier":"H_21","codDiv":"DIV_21","codNode":"NODE_21","idLevel":21,"dteStart":"2026-02-05T14:01:00","codParentNode":"ROOT_21","dteEnd":"2026-02-07T14:01:00"},{"idAction":0,"codHier":"H_222","codDiv":"DIV_222","codNode":"NODE_222","idLevel":222,"dteStart":"2026-02-04T12:53:00","codParentNode":"ROOT_222","dteEnd":"2026-02-06T12:53:00"},{"idAction":0,"codHier":"H_24","codDiv":"DIV_24","codNode":"NODE_24","idLevel":24,"dteStart":"2026-02-04T12:48:00","codParentNode":"ROOT_24","dteEnd":"2026-02-05T12:48:00"},{"idAction":0,"codHier":"H_25","codDiv":"DIV_25","codNode":"NODE_25","idLevel":25,"dteStart":"2026-02-10T14:04:00","codParentNode":"ROOT_25","dteEnd":"2026-02-11T14:04:00"},{"idAction":0,"codHier":"H_3","codDiv":"DIV_3","codNode":"NODE_3","idLevel":3,"dteStart":"2026-01-01T10:45:00","codParentNode":"ROOT_3","dteEnd":"2026-01-30T10:44:00"},{"idAction":0,"codHier":"H_300","codDiv":"DIV_300","codNode":"NODE_300","idLevel":30,"dteStart":"2026-02-10T12:31:00","codParentNode":"ROOT_300","dteEnd":"2026-02-28T12:31:00"},{"idAction":0,"codHier":"H_5","codDiv":"DIV_5","codNode":"NODE_5","idLevel":5,"dteStart":"2026-01-30T10:50:00","codParentNode":"ROOT_5","dteEnd":"2026-01-31T10:48:00"},{"idAction":0,"codHier":"H_6","codDiv":"DIV_6","codNode":"NODE_6","idLevel":6,"dteStart":"2026-01-30T15:01:00","codParentNode":"ROOT_6","dteEnd":"2026-01-31T15:01:00"},{"idAction":0,"codHier":"H_656565","codDiv":"DIV_656565","codNode":"C_656565","idLevel":9,"dteStart":"2026-01-20T00:00:00","codParentNode":"ROOT","dteEnd":null},{"idAction":0,"codHier":"H_676767","codDiv":"DIV_676767","codNode":"NODE_676767","idLevel":676767,"dteStart":"2026-01-31T00:00:00","codParentNode":"ROOT","dteEnd":null},{"idAction":0,"codHier":"H_7","codDiv":"DIV_7","codNode":"NODE_7","idLevel":7,"dteStart":"2026-02-02T12:04:00","codParentNode":"ROOT_7","dteEnd":"2026-02-04T12:04:00"},{"idAction":0,"codHier":"H_87","codDiv":"DIV_87","codNode":"NODE_87","idLevel":87,"dteStart":"2026-02-06T14:07:00","codParentNode":"ROOT_87","dteEnd":"2026-02-26T14:07:00"},{"idAction":0,"codHier":"H_98","codDiv":"DIV_98","codNode":"NODE_98","idLevel":98,"dteStart":"2026-01-30T18:25:00","codParentNode":"ROOT_98","dteEnd":"2026-01-31T18:25:00"},{"idAction":0,"codHier":"H_999","codDiv":"D_5878","codNode":"N_878","idLevel":8,"dteStart":"2026-01-14T00:00:00","codParentNode":"ROOT","dteEnd":null},{"idAction":0,"codHier":"H_A","codDiv":"DIV_A","codNode":"NODE_A","idLevel":1,"dteStart":"2026-02-01T18:26:00","codParentNode":"ROOT_A","dteEnd":"2026-02-14T18:26:00"},{"idAction":0,"codHier":"H-1010","codDiv":"D-1010","codNode":"C-1010","idLevel":1,"dteStart":"2026-01-01T11:54:00","codParentNode":"root","dteEnd":"2026-01-12T11:54:00"},{"idAction":0,"codHier":"H-11","codDiv":"DIV-11","codNode":"C-11","idLevel":11,"dteStart":"2026-01-01T15:05:00","codParentNode":"ROOT","dteEnd":"2026-01-31T15:05:00"},{"idAction":0,"codHier":"H-1111","codDiv":"DIV-1111","codNode":"CUST-1111","idLevel":10,"dteStart":"2026-01-01T00:00:00","codParentNode":"ROOT","dteEnd":null},{"idAction":0,"codHier":"H-1414","codDiv":"D-1414","codNode":"C-1414","idLevel":4,"dteStart":"2026-01-01T14:45:00","codParentNode":"ROOT","dteEnd":"2026-01-15T14:45:00"},{"idAction":0,"codHier":"H-2","codDiv":"DIV-2","codNode":"CUST-2","idLevel":2,"dteStart":"2026-01-01T12:40:00","codParentNode":"ROOT","dteEnd":"2026-01-16T12:37:00"},{"idAction":0,"codHier":"H-2","codDiv":"DIV-2","codNode":"CUST-2","idLevel":2,"dteStart":"2026-01-21T12:37:00","codParentNode":"ROOT","dteEnd":"2026-01-24T12:37:00"},{"idAction":0,"codHier":"H-2020","codDiv":"D-2020","codNode":"C-2020","idLevel":2,"dteStart":"2026-01-02T12:27:00","codParentNode":"root","dteEnd":"2026-01-30T12:27:00"},{"idAction":0,"codHier":"H-2255","codDiv":"DIV-2255","codNode":"CUST-2255","idLevel":10,"dteStart":"2026-01-01T00:00:00","codParentNode":"ROOT","dteEnd":null},{"idAction":0,"codHier":"H-2323","codDiv":"D-2323","codNode":"C-2323","idLevel":4,"dteStart":"2026-01-01T12:48:00","codParentNode":"ROOT","dteEnd":"2026-01-12T12:49:00"},{"idAction":0,"codHier":"H-3333","codDiv":"DIV-3333","codNode":"CUST-3333","idLevel":10,"dteStart":"2026-01-01T00:00:00","codParentNode":"ROOT","dteEnd":null},{"idAction":0,"codHier":"H-3344","codDiv":"DIV-3345","codNode":"CUST-3345","idLevel":10,"dteStart":"2026-01-01T00:00:00","codParentNode":"ROOT","dteEnd":null},{"idAction":0,"codHier":"H-3345","codDiv":"DIV-3345","codNode":"CUST-3345","idLevel":10,"dteStart":"2026-01-01T00:00:00","codParentNode":"ROOT","dteEnd":null},{"idAction":0,"codHier":"H-4","codDiv":"DIV-4","codNode":"CUST-4","idLevel":4,"dteStart":"2026-01-01T14:44:00","codParentNode":"ROOT","dteEnd":"2026-01-02T14:44:00"},{"idAction":0,"codHier":"H-5555","codDiv":"DIV-5555","codNode":"CUST-5555","idLevel":10,"dteStart":"2026-01-01T00:00:00","codParentNode":"ROOT","dteEnd":null},{"idAction":0,"codHier":"H-6000","codDiv":"DIV-6000","codNode":"CUST-6000","idLevel":10,"dteStart":"2026-01-01T00:00:00","codParentNode":"ROOT","dteEnd":"2026-12-31T00:00:00"},{"idAction":0,"codHier":"H-6666","codDiv":"DIV-6666","codNode":"CUST-6666","idLevel":10,"dteStart":"2026-01-17T01:30:00","codParentNode":"ROOT","dteEnd":"2026-01-18T01:30:00"},{"idAction":0,"codHier":"H-6767","codDiv":"DIV-6767","codNode":"CUST-6767","idLevel":5,"dteStart":"2026-01-01T12:15:00","codParentNode":"ROOT","dteEnd":"2026-01-08T12:15:00"},{"idAction":0,"codHier":"H-7000","codDiv":"DIV-7000","codNode":"CUST-7000","idLevel":10,"dteStart":"2026-01-01T00:00:00","codParentNode":"ROOT","dteEnd":null},{"idAction":0,"codHier":"H-7777","codDiv":"DIV-7777","codNode":"CUST-7777","idLevel":10,"dteStart":"2026-01-01T00:00:00","codParentNode":"ROOT","dteEnd":null},{"idAction":0,"codHier":"H-7878","codDiv":"DIV-7878","codNode":"CUST-7878","idLevel":3,"dteStart":"2026-01-18T11:43:00","codParentNode":"ROOT","dteEnd":"2026-01-19T11:43:00"},{"idAction":0,"codHier":"H-8000","codDiv":"DIV-8000","codNode":"CUST-8000","idLevel":10,"dteStart":"2026-01-01T00:00:00","codParentNode":"ROOT","dteEnd":null},{"idAction":0,"codHier":"H-8888","codDiv":"DIV-8888","codNode":"CUST-8888","idLevel":10,"dteStart":"2026-01-01T00:00:00","codParentNode":"ROOT","dteEnd":null},{"idAction":0,"codHier":"H-9000","codDiv":"DIV-9000","codNode":"CUST-9000","idLevel":10,"dteStart":"2026-01-01T00:00:00","codParentNode":"ROOT","dteEnd":null},{"idAction":0,"codHier":"H-9999","codDiv":"DIV-9999","codNode":"CUST-9999","idLevel":10,"dteStart":"2026-01-01T00:00:00","codParentNode":"ROOT","dteEnd":null},{"idAction":0,"codHier":"HIER_CORP","codDiv":"DIV01","codNode":"NODE_9111","idLevel":1,"dteStart":"2026-01-15T00:00:00","codParentNode":"ROOT_NODE","dteEnd":null}]
2026-02-11 12:35:06.509 +05:00 [INF] HTTP GET /api/promotions/customer-relations responded 200 in 109.7704 ms
2026-02-11 12:35:06.519 +05:00 [INF] JWT validated for haris
2026-02-11 12:35:06.527 +05:00 [INF] Forwarding request GET /api/promotions/customer-relations to http://localhost:5137/api/promotions/customer-relations
2026-02-11 12:35:06.584 +05:00 [INF] Received response 200 from http://localhost:5137/api/promotions/customer-relations
2026-02-11 12:35:06.593 +05:00 [INF] HTTP GET /api/promotions/customer-relations responded 200 in 74.6992 ms | User: haris (23) | IP: ::1 | RequestBody:  | ResponseBody: [{"idAction":0,"codHier":"5555","codDiv":"div5555","codNode":"f5555","idLevel":1,"dteStart":"2026-01-15T00:00:00","codParentNode":"root","dteEnd":null},{"idAction":0,"codHier":"56","codDiv":"565","codNode":"56","idLevel":55,"dteStart":"2026-01-29T00:44:00","codParentNode":"haseeb","dteEnd":"2026-01-26T00:44:00"},{"idAction":0,"codHier":"H_1","codDiv":"D_1","codNode":"D_1","idLevel":1,"dteStart":"2026-01-30T00:00:00","codParentNode":"ROOT","dteEnd":null},{"idAction":0,"codHier":"H_1","codDiv":"D_1","codNode":"N_1","idLevel":1,"dteStart":"2026-01-30T09:35:43.289","codParentNode":"ROOT","dteEnd":null},{"idAction":0,"codHier":"H_10","codDiv":"DIV_10","codNode":"NODE_10","idLevel":10,"dteStart":"2026-01-01T14:45:00","codParentNode":"ROOT_10","dteEnd":"2026-01-31T14:44:00"},{"idAction":0,"codHier":"H_100","codDiv":"DIV_100","codNode":"NODE_100","idLevel":10,"dteStart":"2026-02-09T13:54:00","codParentNode":"ROOT_100","dteEnd":"2026-02-10T13:54:00"},{"idAction":0,"codHier":"H_1111","codDiv":"DIV_1111","codNode":"NODE_1111","idLevel":11,"dteStart":"2026-01-01T17:00:00","codParentNode":"ROOT_1111","dteEnd":"2026-01-30T17:01:00"},{"idAction":0,"codHier":"H_12","codDiv":"DIV_12","codNode":"NODE_12","idLevel":12,"dteStart":"2026-02-03T12:26:00","codParentNode":"ROOT_12","dteEnd":"2026-02-06T12:26:00"},{"idAction":0,"codHier":"H_17","codDiv":"DIV_17","codNode":"NODE_17","idLevel":17,"dteStart":"2026-02-07T15:44:00","codParentNode":"ROOT_17","dteEnd":"2026-02-24T15:44:00"},{"idAction":0,"codHier":"H_19","codDiv":"DIV_19","codNode":"NODE_19","idLevel":19,"dteStart":"2026-02-04T13:59:00","codParentNode":"ROOT_19","dteEnd":"2026-02-05T13:59:00"},{"idAction":0,"codHier":"H_200","codDiv":"DIV_200","codNode":"NODE_200","idLevel":20,"dteStart":"2026-02-10T14:14:00","codParentNode":"ROOT_200","dteEnd":"2026-02-24T14:14:00"},{"idAction":0,"codHier":"H_21","codDiv":"DIV_21","codNode":"NODE_21","idLevel":21,"dteStart":"2026-02-05T14:01:00","codParentNode":"ROOT_21","dteEnd":"2026-02-07T14:01:00"},{"idAction":0,"codHier":"H_222","codDiv":"DIV_222","codNode":"NODE_222","idLevel":222,"dteStart":"2026-02-04T12:53:00","codParentNode":"ROOT_222","dteEnd":"2026-02-06T12:53:00"},{"idAction":0,"codHier":"H_24","codDiv":"DIV_24","codNode":"NODE_24","idLevel":24,"dteStart":"2026-02-04T12:48:00","codParentNode":"ROOT_24","dteEnd":"2026-02-05T12:48:00"},{"idAction":0,"codHier":"H_25","codDiv":"DIV_25","codNode":"NODE_25","idLevel":25,"dteStart":"2026-02-10T14:04:00","codParentNode":"ROOT_25","dteEnd":"2026-02-11T14:04:00"},{"idAction":0,"codHier":"H_3","codDiv":"DIV_3","codNode":"NODE_3","idLevel":3,"dteStart":"2026-01-01T10:45:00","codParentNode":"ROOT_3","dteEnd":"2026-01-30T10:44:00"},{"idAction":0,"codHier":"H_300","codDiv":"DIV_300","codNode":"NODE_300","idLevel":30,"dteStart":"2026-02-10T12:31:00","codParentNode":"ROOT_300","dteEnd":"2026-02-28T12:31:00"},{"idAction":0,"codHier":"H_5","codDiv":"DIV_5","codNode":"NODE_5","idLevel":5,"dteStart":"2026-01-30T10:50:00","codParentNode":"ROOT_5","dteEnd":"2026-01-31T10:48:00"},{"idAction":0,"codHier":"H_6","codDiv":"DIV_6","codNode":"NODE_6","idLevel":6,"dteStart":"2026-01-30T15:01:00","codParentNode":"ROOT_6","dteEnd":"2026-01-31T15:01:00"},{"idAction":0,"codHier":"H_656565","codDiv":"DIV_656565","codNode":"C_656565","idLevel":9,"dteStart":"2026-01-20T00:00:00","codParentNode":"ROOT","dteEnd":null},{"idAction":0,"codHier":"H_676767","codDiv":"DIV_676767","codNode":"NODE_676767","idLevel":676767,"dteStart":"2026-01-31T00:00:00","codParentNode":"ROOT","dteEnd":null},{"idAction":0,"codHier":"H_7","codDiv":"DIV_7","codNode":"NODE_7","idLevel":7,"dteStart":"2026-02-02T12:04:00","codParentNode":"ROOT_7","dteEnd":"2026-02-04T12:04:00"},{"idAction":0,"codHier":"H_87","codDiv":"DIV_87","codNode":"NODE_87","idLevel":87,"dteStart":"2026-02-06T14:07:00","codParentNode":"ROOT_87","dteEnd":"2026-02-26T14:07:00"},{"idAction":0,"codHier":"H_98","codDiv":"DIV_98","codNode":"NODE_98","idLevel":98,"dteStart":"2026-01-30T18:25:00","codParentNode":"ROOT_98","dteEnd":"2026-01-31T18:25:00"},{"idAction":0,"codHier":"H_999","codDiv":"D_5878","codNode":"N_878","idLevel":8,"dteStart":"2026-01-14T00:00:00","codParentNode":"ROOT","dteEnd":null},{"idAction":0,"codHier":"H_A","codDiv":"DIV_A","codNode":"NODE_A","idLevel":1,"dteStart":"2026-02-01T18:26:00","codParentNode":"ROOT_A","dteEnd":"2026-02-14T18:26:00"},{"idAction":0,"codHier":"H-1010","codDiv":"D-1010","codNode":"C-1010","idLevel":1,"dteStart":"2026-01-01T11:54:00","codParentNode":"root","dteEnd":"2026-01-12T11:54:00"},{"idAction":0,"codHier":"H-11","codDiv":"DIV-11","codNode":"C-11","idLevel":11,"dteStart":"2026-01-01T15:05:00","codParentNode":"ROOT","dteEnd":"2026-01-31T15:05:00"},{"idAction":0,"codHier":"H-1111","codDiv":"DIV-1111","codNode":"CUST-1111","idLevel":10,"dteStart":"2026-01-01T00:00:00","codParentNode":"ROOT","dteEnd":null},{"idAction":0,"codHier":"H-1414","codDiv":"D-1414","codNode":"C-1414","idLevel":4,"dteStart":"2026-01-01T14:45:00","codParentNode":"ROOT","dteEnd":"2026-01-15T14:45:00"},{"idAction":0,"codHier":"H-2","codDiv":"DIV-2","codNode":"CUST-2","idLevel":2,"dteStart":"2026-01-01T12:40:00","codParentNode":"ROOT","dteEnd":"2026-01-16T12:37:00"},{"idAction":0,"codHier":"H-2","codDiv":"DIV-2","codNode":"CUST-2","idLevel":2,"dteStart":"2026-01-21T12:37:00","codParentNode":"ROOT","dteEnd":"2026-01-24T12:37:00"},{"idAction":0,"codHier":"H-2020","codDiv":"D-2020","codNode":"C-2020","idLevel":2,"dteStart":"2026-01-02T12:27:00","codParentNode":"root","dteEnd":"2026-01-30T12:27:00"},{"idAction":0,"codHier":"H-2255","codDiv":"DIV-2255","codNode":"CUST-2255","idLevel":10,"dteStart":"2026-01-01T00:00:00","codParentNode":"ROOT","dteEnd":null},{"idAction":0,"codHier":"H-2323","codDiv":"D-2323","codNode":"C-2323","idLevel":4,"dteStart":"2026-01-01T12:48:00","codParentNode":"ROOT","dteEnd":"2026-01-12T12:49:00"},{"idAction":0,"codHier":"H-3333","codDiv":"DIV-3333","codNode":"CUST-3333","idLevel":10,"dteStart":"2026-01-01T00:00:00","codParentNode":"ROOT","dteEnd":null},{"idAction":0,"codHier":"H-3344","codDiv":"DIV-3345","codNode":"CUST-3345","idLevel":10,"dteStart":"2026-01-01T00:00:00","codParentNode":"ROOT","dteEnd":null},{"idAction":0,"codHier":"H-3345","codDiv":"DIV-3345","codNode":"CUST-3345","idLevel":10,"dteStart":"2026-01-01T00:00:00","codParentNode":"ROOT","dteEnd":null},{"idAction":0,"codHier":"H-4","codDiv":"DIV-4","codNode":"CUST-4","idLevel":4,"dteStart":"2026-01-01T14:44:00","codParentNode":"ROOT","dteEnd":"2026-01-02T14:44:00"},{"idAction":0,"codHier":"H-5555","codDiv":"DIV-5555","codNode":"CUST-5555","idLevel":10,"dteStart":"2026-01-01T00:00:00","codParentNode":"ROOT","dteEnd":null},{"idAction":0,"codHier":"H-6000","codDiv":"DIV-6000","codNode":"CUST-6000","idLevel":10,"dteStart":"2026-01-01T00:00:00","codParentNode":"ROOT","dteEnd":"2026-12-31T00:00:00"},{"idAction":0,"codHier":"H-6666","codDiv":"DIV-6666","codNode":"CUST-6666","idLevel":10,"dteStart":"2026-01-17T01:30:00","codParentNode":"ROOT","dteEnd":"2026-01-18T01:30:00"},{"idAction":0,"codHier":"H-6767","codDiv":"DIV-6767","codNode":"CUST-6767","idLevel":5,"dteStart":"2026-01-01T12:15:00","codParentNode":"ROOT","dteEnd":"2026-01-08T12:15:00"},{"idAction":0,"codHier":"H-7000","codDiv":"DIV-7000","codNode":"CUST-7000","idLevel":10,"dteStart":"2026-01-01T00:00:00","codParentNode":"ROOT","dteEnd":null},{"idAction":0,"codHier":"H-7777","codDiv":"DIV-7777","codNode":"CUST-7777","idLevel":10,"dteStart":"2026-01-01T00:00:00","codParentNode":"ROOT","dteEnd":null},{"idAction":0,"codHier":"H-7878","codDiv":"DIV-7878","codNode":"CUST-7878","idLevel":3,"dteStart":"2026-01-18T11:43:00","codParentNode":"ROOT","dteEnd":"2026-01-19T11:43:00"},{"idAction":0,"codHier":"H-8000","codDiv":"DIV-8000","codNode":"CUST-8000","idLevel":10,"dteStart":"2026-01-01T00:00:00","codParentNode":"ROOT","dteEnd":null},{"idAction":0,"codHier":"H-8888","codDiv":"DIV-8888","codNode":"CUST-8888","idLevel":10,"dteStart":"2026-01-01T00:00:00","codParentNode":"ROOT","dteEnd":null},{"idAction":0,"codHier":"H-9000","codDiv":"DIV-9000","codNode":"CUST-9000","idLevel":10,"dteStart":"2026-01-01T00:00:00","codParentNode":"ROOT","dteEnd":null},{"idAction":0,"codHier":"H-9999","codDiv":"DIV-9999","codNode":"CUST-9999","idLevel":10,"dteStart":"2026-01-01T00:00:00","codParentNode":"ROOT","dteEnd":null},{"idAction":0,"codHier":"HIER_CORP","codDiv":"DIV01","codNode":"NODE_9111","idLevel":1,"dteStart":"2026-01-15T00:00:00","codParentNode":"ROOT_NODE","dteEnd":null}]
2026-02-11 12:35:06.625 +05:00 [INF] HTTP GET /api/promotions/customer-relations responded 200 in 106.6775 ms
2026-02-11 12:35:08.063 +05:00 [INF] JWT validated for haris
2026-02-11 12:35:08.166 +05:00 [INF] HTTP GET /api/gateway/health responded 200 in 102.3020 ms | User: haris (23) | IP: ::1 | RequestBody:  | ResponseBody: {"status":"Healthy","timestamp":"2026-02-11T07:35:08.1655058Z","services":[{"service":"Promotions API","url":"http://localhost:5137/api/health","status":"Healthy","responseTime":"50ms","statusCode":200},{"service":"SSO API","url":"http://localhost:5253/api/health","status":"Healthy","responseTime":"36ms","statusCode":200}]}
2026-02-11 12:35:08.181 +05:00 [INF] HTTP GET /api/gateway/health responded 200 in 117.8107 ms
2026-02-11 12:35:13.060 +05:00 [INF] JWT validated for haris
2026-02-11 12:35:13.143 +05:00 [INF] HTTP GET /api/gateway/health responded 200 in 82.7344 ms | User: haris (23) | IP: ::1 | RequestBody:  | ResponseBody: {"status":"Healthy","timestamp":"2026-02-11T07:35:13.142253Z","services":[{"service":"Promotions API","url":"http://localhost:5137/api/health","status":"Healthy","responseTime":"37ms","statusCode":200},{"service":"SSO API","url":"http://localhost:5253/api/health","status":"Healthy","responseTime":"26ms","statusCode":200}]}
2026-02-11 12:35:13.162 +05:00 [INF] HTTP GET /api/gateway/health responded 200 in 101.9529 ms
2026-02-11 12:35:17.674 +05:00 [INF] JWT validated for haris
2026-02-11 12:35:17.674 +05:00 [INF] JWT validated for haris
2026-02-11 12:35:17.674 +05:00 [INF] JWT validated for haris
2026-02-11 12:35:17.674 +05:00 [INF] JWT validated for haris
2026-02-11 12:35:17.675 +05:00 [INF] JWT validated for haris
2026-02-11 12:35:17.730 +05:00 [INF] Forwarding request GET /api/participants/all to http://localhost:5137/api/participants/all
2026-02-11 12:35:17.732 +05:00 [INF] Forwarding request GET /api/promotions/customer-relations to http://localhost:5137/api/promotions/customer-relations
2026-02-11 12:35:17.734 +05:00 [INF] Forwarding request GET /api/promotions/dashboard/metrics to http://localhost:5137/api/promotions/dashboard/metrics
2026-02-11 12:35:17.737 +05:00 [INF] Forwarding request GET /api/promotions/delivery-points to http://localhost:5137/api/promotions/delivery-points
2026-02-11 12:35:17.739 +05:00 [INF] Forwarding request GET /api/promotions/actions to http://localhost:5137/api/promotions/actions
2026-02-11 12:35:17.874 +05:00 [INF] Received response 200 from http://localhost:5137/api/participants/all
2026-02-11 12:35:17.883 +05:00 [INF] Received response 200 from http://localhost:5137/api/promotions/customer-relations
2026-02-11 12:35:17.890 +05:00 [INF] HTTP GET /api/participants/all responded 200 in 217.5434 ms | User: haris (23) | IP: ::1 | RequestBody:  | ResponseBody: [{"idAction":3,"codParticipant":"N_1","flgInclusion":true,"codHier":"H_1","codDiv":"D_1","codNode":"N_1","idLevel":1,"dteStart":"2026-01-30T09:35:43.289"},{"idAction":3,"codParticipant":"NODE_3","flgInclusion":true,"codHier":"H_3","codDiv":"DIV_3","codNode":"NODE_3","idLevel":3,"dteStart":"2026-01-01T10:45:00"},{"idAction":3,"codParticipant":"NODE_5","flgInclusion":true,"codHier":"H_5","codDiv":"DIV_5","codNode":"NODE_5","idLevel":5,"dteStart":"2026-01-30T10:50:00"},{"idAction":5,"codParticipant":"NODE_5","flgInclusion":true,"codHier":"H_5","codDiv":"DIV_5","codNode":"NODE_5","idLevel":5,"dteStart":"2026-01-30T10:50:00"},{"idAction":6,"codParticipant":"N_9898","flgInclusion":true,"codHier":"H_999","codDiv":"D_5878","codNode":"N_878","idLevel":8,"dteStart":"2026-01-14T00:00:00"},{"idAction":6,"codParticipant":"NODE_3","flgInclusion":true,"codHier":"H_3","codDiv":"DIV_3","codNode":"NODE_3","idLevel":3,"dteStart":"2026-01-01T10:45:00"},{"idAction":6,"codParticipant":"NODE_5","flgInclusion":true,"codHier":"H_5","codDiv":"DIV_5","codNode":"NODE_5","idLevel":5,"dteStart":"2026-01-30T10:50:00"},{"idAction":6,"codParticipant":"NODE_6","flgInclusion":true,"codHier":"H_6","codDiv":"DIV_6","codNode":"NODE_6","idLevel":6,"dteStart":"2026-01-30T15:01:00"},{"idAction":6,"codParticipant":"NODE_676767","flgInclusion":true,"codHier":"H_676767","codDiv":"DIV_676767","codNode":"NODE_676767","idLevel":676767,"dteStart":"2026-01-31T00:00:00"},{"idAction":6,"codParticipant":"P-9000","flgInclusion":true,"codHier":"H-9000","codDiv":"DIV-9000","codNode":"CUST-9000","idLevel":10,"dteStart":"2026-01-01T00:00:00"},{"idAction":7,"codParticipant":"NODE_7","flgInclusion":true,"codHier":"H_7","codDiv":"DIV_7","codNode":"NODE_7","idLevel":7,"dteStart":"2026-02-02T12:04:00"},{"idAction":10,"codParticipant":"NODE_10","flgInclusion":true,"codHier":"H_10","codDiv":"DIV_10","codNode":"NODE_10","idLevel":10,"dteStart":"2026-01-01T14:45:00"},{"idAction":24,"codParticipant":"NODE_24","flgInclusion":true,"codHier":"H_24","codDiv":"DIV_24","codNode":"NODE_24","idLevel":24,"dteStart":"2026-02-04T12:48:00"},{"idAction":87,"codParticipant":"NODE_87","flgInclusion":true,"codHier":"H_87","codDiv":"DIV_87","codNode":"NODE_87","idLevel":87,"dteStart":"2026-02-06T14:07:00"},{"idAction":98,"codParticipant":"NODE_98","flgInclusion":true,"codHier":"H_98","codDiv":"DIV_98","codNode":"NODE_98","idLevel":98,"dteStart":"2026-01-30T18:25:00"},{"idAction":100,"codParticipant":"NODE_100","flgInclusion":true,"codHier":"H_100","codDiv":"DIV_100","codNode":"NODE_100","idLevel":10,"dteStart":"2026-02-09T13:54:00"},{"idAction":200,"codParticipant":"NODE_200","flgInclusion":true,"codHier":"H_200","codDiv":"DIV_200","codNode":"NODE_200","idLevel":20,"dteStart":"2026-02-10T14:14:00"},{"idAction":300,"codParticipant":"NODE_3","flgInclusion":true,"codHier":"H_3","codDiv":"DIV_3","codNode":"NODE_3","idLevel":3,"dteStart":"2026-01-01T10:45:00"},{"idAction":300,"codParticipant":"NODE_300","flgInclusion":true,"codHier":"H_300","codDiv":"DIV_300","codNode":"NODE_300","idLevel":30,"dteStart":"2026-02-10T12:31:00"},{"idAction":300,"codParticipant":"NODE_5","flgInclusion":true,"codHier":"H_5","codDiv":"DIV_5","codNode":"NODE_5","idLevel":5,"dteStart":"2026-01-30T10:50:00"},{"idAction":300,"codParticipant":"NODE_6","flgInclusion":true,"codHier":"H_6","codDiv":"DIV_6","codNode":"NODE_6","idLevel":6,"dteStart":"2026-01-30T15:01:00"},{"idAction":300,"codParticipant":"NODE_676767","flgInclusion":true,"codHier":"H_676767","codDiv":"DIV_676767","codNode":"NODE_676767","idLevel":676767,"dteStart":"2026-01-31T00:00:00"},{"idAction":321,"codParticipant":"NODE_A","flgInclusion":true,"codHier":"H_A","codDiv":"DIV_A","codNode":"NODE_A","idLevel":1,"dteStart":"2026-02-01T18:26:00"},{"idAction":1111,"codParticipant":"NODE_1111","flgInclusion":true,"codHier":"H_1111","codDiv":"DIV_1111","codNode":"NODE_1111","idLevel":11,"dteStart":"2026-01-01T17:00:00"},{"idAction":2323,"codParticipant":"P-2323","flgInclusion":true,"codHier":"H-2323","codDiv":"D-2323","codNode":"C-2323","idLevel":4,"dteStart":"2026-01-01T12:48:00"},{"idAction":5005,"codParticipant":"","flgInclusion":true,"codHier":"H-9999","codDiv":"DIV-9999","codNode":"CUST-9999","idLevel":10,"dteStart":"2026-01-01T00:00:00"},{"idAction":6000,"codParticipant":"P-6000","flgInclusion":true,"codHier":"H-6000","codDiv":"DIV-6000","codNode":"CUST-6000","idLevel":10,"dteStart":"2026-01-01T00:00:00"},{"idAction":6767,"codParticipant":"P-6767","flgInclusion":false,"codHier":"H-6767","codDiv":"DIV-6767","codNode":"CUST-6767","idLevel":5,"dteStart":"2026-01-01T12:15:00"},{"idAction":7000,"codParticipant":"P-7000","flgInclusion":true,"codHier":"H-7000","codDiv":"DIV-7000","codNode":"CUST-7000","idLevel":10,"dteStart":"2026-01-01T00:00:00"},{"idAction":8888,"codParticipant":"P-8888","flgInclusion":true,"codHier":"H-8888","codDiv":"DIV-8888","codNode":"CUST-8888","idLevel":10,"dteStart":"2026-01-01T00:00:00"},{"idAction":9000,"codParticipant":"P-9000","flgInclusion":true,"codHier":"H-9000","codDiv":"DIV-9000","codNode":"CUST-9000","idLevel":10,"dteStart":"2026-01-01T00:00:00"},{"idAction":9999,"codParticipant":"P-9999","flgInclusion":true,"codHier":"H-9999","codDiv":"DIV-9999","codNode":"CUST-9999","idLevel":10,"dteStart":"2026-01-01T00:00:00"}]
2026-02-11 12:35:17.925 +05:00 [INF] HTTP GET /api/participants/all responded 200 in 252.7901 ms
2026-02-11 12:35:17.929 +05:00 [INF] HTTP GET /api/promotions/customer-relations responded 200 in 255.5618 ms | User: haris (23) | IP: ::1 | RequestBody:  | ResponseBody: [{"idAction":0,"codHier":"5555","codDiv":"div5555","codNode":"f5555","idLevel":1,"dteStart":"2026-01-15T00:00:00","codParentNode":"root","dteEnd":null},{"idAction":0,"codHier":"56","codDiv":"565","codNode":"56","idLevel":55,"dteStart":"2026-01-29T00:44:00","codParentNode":"haseeb","dteEnd":"2026-01-26T00:44:00"},{"idAction":0,"codHier":"H_1","codDiv":"D_1","codNode":"D_1","idLevel":1,"dteStart":"2026-01-30T00:00:00","codParentNode":"ROOT","dteEnd":null},{"idAction":0,"codHier":"H_1","codDiv":"D_1","codNode":"N_1","idLevel":1,"dteStart":"2026-01-30T09:35:43.289","codParentNode":"ROOT","dteEnd":null},{"idAction":0,"codHier":"H_10","codDiv":"DIV_10","codNode":"NODE_10","idLevel":10,"dteStart":"2026-01-01T14:45:00","codParentNode":"ROOT_10","dteEnd":"2026-01-31T14:44:00"},{"idAction":0,"codHier":"H_100","codDiv":"DIV_100","codNode":"NODE_100","idLevel":10,"dteStart":"2026-02-09T13:54:00","codParentNode":"ROOT_100","dteEnd":"2026-02-10T13:54:00"},{"idAction":0,"codHier":"H_1111","codDiv":"DIV_1111","codNode":"NODE_1111","idLevel":11,"dteStart":"2026-01-01T17:00:00","codParentNode":"ROOT_1111","dteEnd":"2026-01-30T17:01:00"},{"idAction":0,"codHier":"H_12","codDiv":"DIV_12","codNode":"NODE_12","idLevel":12,"dteStart":"2026-02-03T12:26:00","codParentNode":"ROOT_12","dteEnd":"2026-02-06T12:26:00"},{"idAction":0,"codHier":"H_17","codDiv":"DIV_17","codNode":"NODE_17","idLevel":17,"dteStart":"2026-02-07T15:44:00","codParentNode":"ROOT_17","dteEnd":"2026-02-24T15:44:00"},{"idAction":0,"codHier":"H_19","codDiv":"DIV_19","codNode":"NODE_19","idLevel":19,"dteStart":"2026-02-04T13:59:00","codParentNode":"ROOT_19","dteEnd":"2026-02-05T13:59:00"},{"idAction":0,"codHier":"H_200","codDiv":"DIV_200","codNode":"NODE_200","idLevel":20,"dteStart":"2026-02-10T14:14:00","codParentNode":"ROOT_200","dteEnd":"2026-02-24T14:14:00"},{"idAction":0,"codHier":"H_21","codDiv":"DIV_21","codNode":"NODE_21","idLevel":21,"dteStart":"2026-02-05T14:01:00","codParentNode":"ROOT_21","dteEnd":"2026-02-07T14:01:00"},{"idAction":0,"codHier":"H_222","codDiv":"DIV_222","codNode":"NODE_222","idLevel":222,"dteStart":"2026-02-04T12:53:00","codParentNode":"ROOT_222","dteEnd":"2026-02-06T12:53:00"},{"idAction":0,"codHier":"H_24","codDiv":"DIV_24","codNode":"NODE_24","idLevel":24,"dteStart":"2026-02-04T12:48:00","codParentNode":"ROOT_24","dteEnd":"2026-02-05T12:48:00"},{"idAction":0,"codHier":"H_25","codDiv":"DIV_25","codNode":"NODE_25","idLevel":25,"dteStart":"2026-02-10T14:04:00","codParentNode":"ROOT_25","dteEnd":"2026-02-11T14:04:00"},{"idAction":0,"codHier":"H_3","codDiv":"DIV_3","codNode":"NODE_3","idLevel":3,"dteStart":"2026-01-01T10:45:00","codParentNode":"ROOT_3","dteEnd":"2026-01-30T10:44:00"},{"idAction":0,"codHier":"H_300","codDiv":"DIV_300","codNode":"NODE_300","idLevel":30,"dteStart":"2026-02-10T12:31:00","codParentNode":"ROOT_300","dteEnd":"2026-02-28T12:31:00"},{"idAction":0,"codHier":"H_5","codDiv":"DIV_5","codNode":"NODE_5","idLevel":5,"dteStart":"2026-01-30T10:50:00","codParentNode":"ROOT_5","dteEnd":"2026-01-31T10:48:00"},{"idAction":0,"codHier":"H_6","codDiv":"DIV_6","codNode":"NODE_6","idLevel":6,"dteStart":"2026-01-30T15:01:00","codParentNode":"ROOT_6","dteEnd":"2026-01-31T15:01:00"},{"idAction":0,"codHier":"H_656565","codDiv":"DIV_656565","codNode":"C_656565","idLevel":9,"dteStart":"2026-01-20T00:00:00","codParentNode":"ROOT","dteEnd":null},{"idAction":0,"codHier":"H_676767","codDiv":"DIV_676767","codNode":"NODE_676767","idLevel":676767,"dteStart":"2026-01-31T00:00:00","codParentNode":"ROOT","dteEnd":null},{"idAction":0,"codHier":"H_7","codDiv":"DIV_7","codNode":"NODE_7","idLevel":7,"dteStart":"2026-02-02T12:04:00","codParentNode":"ROOT_7","dteEnd":"2026-02-04T12:04:00"},{"idAction":0,"codHier":"H_87","codDiv":"DIV_87","codNode":"NODE_87","idLevel":87,"dteStart":"2026-02-06T14:07:00","codParentNode":"ROOT_87","dteEnd":"2026-02-26T14:07:00"},{"idAction":0,"codHier":"H_98","codDiv":"DIV_98","codNode":"NODE_98","idLevel":98,"dteStart":"2026-01-30T18:25:00","codParentNode":"ROOT_98","dteEnd":"2026-01-31T18:25:00"},{"idAction":0,"codHier":"H_999","codDiv":"D_5878","codNode":"N_878","idLevel":8,"dteStart":"2026-01-14T00:00:00","codParentNode":"ROOT","dteEnd":null},{"idAction":0,"codHier":"H_A","codDiv":"DIV_A","codNode":"NODE_A","idLevel":1,"dteStart":"2026-02-01T18:26:00","codParentNode":"ROOT_A","dteEnd":"2026-02-14T18:26:00"},{"idAction":0,"codHier":"H-1010","codDiv":"D-1010","codNode":"C-1010","idLevel":1,"dteStart":"2026-01-01T11:54:00","codParentNode":"root","dteEnd":"2026-01-12T11:54:00"},{"idAction":0,"codHier":"H-11","codDiv":"DIV-11","codNode":"C-11","idLevel":11,"dteStart":"2026-01-01T15:05:00","codParentNode":"ROOT","dteEnd":"2026-01-31T15:05:00"},{"idAction":0,"codHier":"H-1111","codDiv":"DIV-1111","codNode":"CUST-1111","idLevel":10,"dteStart":"2026-01-01T00:00:00","codParentNode":"ROOT","dteEnd":null},{"idAction":0,"codHier":"H-1414","codDiv":"D-1414","codNode":"C-1414","idLevel":4,"dteStart":"2026-01-01T14:45:00","codParentNode":"ROOT","dteEnd":"2026-01-15T14:45:00"},{"idAction":0,"codHier":"H-2","codDiv":"DIV-2","codNode":"CUST-2","idLevel":2,"dteStart":"2026-01-01T12:40:00","codParentNode":"ROOT","dteEnd":"2026-01-16T12:37:00"},{"idAction":0,"codHier":"H-2","codDiv":"DIV-2","codNode":"CUST-2","idLevel":2,"dteStart":"2026-01-21T12:37:00","codParentNode":"ROOT","dteEnd":"2026-01-24T12:37:00"},{"idAction":0,"codHier":"H-2020","codDiv":"D-2020","codNode":"C-2020","idLevel":2,"dteStart":"2026-01-02T12:27:00","codParentNode":"root","dteEnd":"2026-01-30T12:27:00"},{"idAction":0,"codHier":"H-2255","codDiv":"DIV-2255","codNode":"CUST-2255","idLevel":10,"dteStart":"2026-01-01T00:00:00","codParentNode":"ROOT","dteEnd":null},{"idAction":0,"codHier":"H-2323","codDiv":"D-2323","codNode":"C-2323","idLevel":4,"dteStart":"2026-01-01T12:48:00","codParentNode":"ROOT","dteEnd":"2026-01-12T12:49:00"},{"idAction":0,"codHier":"H-3333","codDiv":"DIV-3333","codNode":"CUST-3333","idLevel":10,"dteStart":"2026-01-01T00:00:00","codParentNode":"ROOT","dteEnd":null},{"idAction":0,"codHier":"H-3344","codDiv":"DIV-3345","codNode":"CUST-3345","idLevel":10,"dteStart":"2026-01-01T00:00:00","codParentNode":"ROOT","dteEnd":null},{"idAction":0,"codHier":"H-3345","codDiv":"DIV-3345","codNode":"CUST-3345","idLevel":10,"dteStart":"2026-01-01T00:00:00","codParentNode":"ROOT","dteEnd":null},{"idAction":0,"codHier":"H-4","codDiv":"DIV-4","codNode":"CUST-4","idLevel":4,"dteStart":"2026-01-01T14:44:00","codParentNode":"ROOT","dteEnd":"2026-01-02T14:44:00"},{"idAction":0,"codHier":"H-5555","codDiv":"DIV-5555","codNode":"CUST-5555","idLevel":10,"dteStart":"2026-01-01T00:00:00","codParentNode":"ROOT","dteEnd":null},{"idAction":0,"codHier":"H-6000","codDiv":"DIV-6000","codNode":"CUST-6000","idLevel":10,"dteStart":"2026-01-01T00:00:00","codParentNode":"ROOT","dteEnd":"2026-12-31T00:00:00"},{"idAction":0,"codHier":"H-6666","codDiv":"DIV-6666","codNode":"CUST-6666","idLevel":10,"dteStart":"2026-01-17T01:30:00","codParentNode":"ROOT","dteEnd":"2026-01-18T01:30:00"},{"idAction":0,"codHier":"H-6767","codDiv":"DIV-6767","codNode":"CUST-6767","idLevel":5,"dteStart":"2026-01-01T12:15:00","codParentNode":"ROOT","dteEnd":"2026-01-08T12:15:00"},{"idAction":0,"codHier":"H-7000","codDiv":"DIV-7000","codNode":"CUST-7000","idLevel":10,"dteStart":"2026-01-01T00:00:00","codParentNode":"ROOT","dteEnd":null},{"idAction":0,"codHier":"H-7777","codDiv":"DIV-7777","codNode":"CUST-7777","idLevel":10,"dteStart":"2026-01-01T00:00:00","codParentNode":"ROOT","dteEnd":null},{"idAction":0,"codHier":"H-7878","codDiv":"DIV-7878","codNode":"CUST-7878","idLevel":3,"dteStart":"2026-01-18T11:43:00","codParentNode":"ROOT","dteEnd":"2026-01-19T11:43:00"},{"idAction":0,"codHier":"H-8000","codDiv":"DIV-8000","codNode":"CUST-8000","idLevel":10,"dteStart":"2026-01-01T00:00:00","codParentNode":"ROOT","dteEnd":null},{"idAction":0,"codHier":"H-8888","codDiv":"DIV-8888","codNode":"CUST-8888","idLevel":10,"dteStart":"2026-01-01T00:00:00","codParentNode":"ROOT","dteEnd":null},{"idAction":0,"codHier":"H-9000","codDiv":"DIV-9000","codNode":"CUST-9000","idLevel":10,"dteStart":"2026-01-01T00:00:00","codParentNode":"ROOT","dteEnd":null},{"idAction":0,"codHier":"H-9999","codDiv":"DIV-9999","codNode":"CUST-9999","idLevel":10,"dteStart":"2026-01-01T00:00:00","codParentNode":"ROOT","dteEnd":null},{"idAction":0,"codHier":"HIER_CORP","codDiv":"DIV01","codNode":"NODE_9111","idLevel":1,"dteStart":"2026-01-15T00:00:00","codParentNode":"ROOT_NODE","dteEnd":null}]
2026-02-11 12:35:17.935 +05:00 [INF] JWT validated for haris
2026-02-11 12:35:17.950 +05:00 [INF] HTTP GET /api/promotions/customer-relations responded 200 in 275.8919 ms
2026-02-11 12:35:17.952 +05:00 [INF] Received response 200 from http://localhost:5137/api/promotions/actions
2026-02-11 12:35:17.951 +05:00 [INF] Forwarding request GET /api/participants/all to http://localhost:5137/api/participants/all
2026-02-11 12:35:17.990 +05:00 [INF] HTTP GET /api/promotions/actions responded 200 in 311.7284 ms | User: haris (23) | IP: ::1 | RequestBody:  | ResponseBody: [{"idAction":3,"name":"PROMO_3","codDiv":"DIV_3","dteStartSellIn":"2026-02-01T00:00:00","dteEndSellIn":"2026-02-28T00:00:00","dteStartSellOut":"2026-01-25T00:00:00","dteEndSellOut":"2026-01-30T00:00:00","documentKey":"KEY_3","dteToShost":"2026-01-10T00:00:00","levParticipants":3},{"idAction":5,"name":"PROMO_5_5","codDiv":"DIV_5","dteStartSellIn":"2026-02-24T00:00:00","dteEndSellIn":"2026-02-21T00:00:00","dteStartSellOut":"2026-02-24T00:00:00","dteEndSellOut":"2026-02-27T00:00:00","documentKey":"DOC_KEY_is_5","dteToShost":"2026-01-18T00:00:00","levParticipants":55555555},{"idAction":6,"name":"PROMO_6","codDiv":"DIV_6","dteStartSellIn":"2026-02-01T00:00:00","dteEndSellIn":"2026-02-25T00:00:00","dteStartSellOut":"2026-01-15T00:00:00","dteEndSellOut":"2026-01-24T00:00:00","documentKey":"DOCC_6_KEY","dteToShost":"2026-01-15T00:00:00","levParticipants":6},{"idAction":7,"name":"PROMO_7","codDiv":"DIV_7","dteStartSellIn":"2026-02-06T12:05:00","dteEndSellIn":"2026-02-07T12:05:00","dteStartSellOut":"2026-02-08T12:05:00","dteEndSellOut":"2026-02-09T12:05:00","documentKey":"KEY_7","dteToShost":"2026-02-05T12:04:00","levParticipants":7},{"idAction":10,"name":"PROMO_10","codDiv":"DIV_10","dteStartSellIn":"2026-02-01T00:00:00","dteEndSellIn":"2026-02-26T00:00:00","dteStartSellOut":"2026-01-23T00:00:00","dteEndSellOut":"2026-01-24T00:00:00","documentKey":"DOCC_KEY_10","dteToShost":"2026-01-29T00:00:00","levParticipants":10},{"idAction":12,"name":"PROMO_12","codDiv":"DIV_12","dteStartSellIn":"2026-02-06T12:27:00","dteEndSellIn":"2026-02-07T12:27:00","dteStartSellOut":"2026-02-08T12:27:00","dteEndSellOut":"2026-02-09T12:27:00","documentKey":"KEY_12","dteToShost":"2026-02-03T12:26:00","levParticipants":12},{"idAction":24,"name":"PROMO_24","codDiv":"DIV_24","dteStartSellIn":"2026-02-05T12:48:00","dteEndSellIn":"2026-02-06T12:48:00","dteStartSellOut":"2026-02-07T12:48:00","dteEndSellOut":"2026-02-08T12:48:00","documentKey":"KEY_24","dteToShost":"2026-02-03T12:48:00","levParticipants":24},{"idAction":45,"name":"cccc","codDiv":"DIV01","dteStartSellIn":"2026-01-16T00:00:00","dteEndSellIn":"2026-01-17T00:00:00","dteStartSellOut":"2026-01-16T00:00:00","dteEndSellOut":"2026-01-17T00:00:00","documentKey":null,"dteToShost":null,"levParticipants":2},{"idAction":87,"name":"promo_87","codDiv":"DIV_87","dteStartSellIn":"2026-02-07T14:44:00","dteEndSellIn":"2026-02-10T14:44:00","dteStartSellOut":"2026-02-22T14:44:00","dteEndSellOut":"2026-02-26T14:44:00","documentKey":"KEY_87","dteToShost":"2026-02-03T14:44:00","levParticipants":87},{"idAction":98,"name":"PROMO_98","codDiv":"DIV_98","dteStartSellIn":"2026-01-08T18:25:00","dteEndSellIn":"2026-01-17T18:25:00","dteStartSellOut":"2026-01-28T18:25:00","dteEndSellOut":"2026-01-30T18:25:00","documentKey":"DOCC_98","dteToShost":"2026-01-31T18:25:00","levParticipants":98},{"idAction":100,"name":"PROMO_100","codDiv":"DIV_100","dteStartSellIn":"2026-02-11T14:08:00","dteEndSellIn":"2026-02-14T14:08:00","dteStartSellOut":"2026-02-22T14:08:00","dteEndSellOut":"2026-02-27T14:08:00","documentKey":"KEY_100","dteToShost":"2026-02-10T14:08:00","levParticipants":10},{"idAction":200,"name":"PROMO_200","codDiv":"DIV_200","dteStartSellIn":"2026-02-10T14:15:00","dteEndSellIn":"2026-02-28T14:15:00","dteStartSellOut":"2026-02-11T14:15:00","dteEndSellOut":"2026-02-23T14:15:00","documentKey":"KEY_200","dteToShost":"2026-02-14T14:14:00","levParticipants":20},{"idAction":300,"name":"PROMO_300","codDiv":"DIV_300","dteStartSellIn":"2026-02-10T12:32:00","dteEndSellIn":"2026-02-28T12:32:00","dteStartSellOut":"2026-02-16T12:32:00","dteEndSellOut":"2026-02-27T12:32:00","documentKey":"KEY_300","dteToShost":"2026-02-20T12:32:00","levParticipants":30},{"idAction":321,"name":"PROMO_321","codDiv":"DIV_A","dteStartSellIn":"2026-02-01T18:27:00","dteEndSellIn":"2026-02-28T18:27:00","dteStartSellOut":"2026-02-04T18:27:00","dteEndSellOut":"2026-02-23T18:27:00","documentKey":"KEY_A","dteToShost":"2026-02-03T18:27:00","levParticipants":1},{"idAction":1111,"name":"PROMO_1111","codDiv":"DIV_1111","dteStartSellIn":"2026-01-01T17:00:00","dteEndSellIn":"2026-01-30T17:02:00","dteStartSellOut":"2026-01-17T17:02:00","dteEndSellOut":"2026-01-28T17:02:00","documentKey":"1111_DOCC_KEY","dteToShost":"2026-01-13T17:02:00","levParticipants":11},{"idAction":2020,"name":"Spring Special 2020","codDiv":"D-2020","dteStartSellIn":"2026-01-03T12:28:00","dteEndSellIn":"2026-01-04T12:28:00","dteStartSellOut":"2026-01-05T12:28:00","dteEndSellOut":"2026-01-06T12:28:00","documentKey":"DOC-SPRING-2020","dteToShost":"2026-01-02T12:28:00","levParticipants":1},{"idAction":2222,"name":"haseeb","codDiv":"DIV02","dteStartSellIn":"2026-02-01T00:00:00","dteEndSellIn":"2026-01-11T00:00:00","dteStartSellOut":"2026-01-28T00:00:00","dteEndSellOut":"2026-01-30T00:00:00","documentKey":"","dteToShost":null,"levParticipants":2},{"idAction":2323,"name":"Winter Sale Campaign 2323","codDiv":"D-2323","dteStartSellIn":"2026-01-19T14:39:00","dteEndSellIn":"2026-01-20T14:40:00","dteStartSellOut":"2026-01-21T14:40:00","dteEndSellOut":"2026-01-22T14:40:00","documentKey":"DOC-WINTER-2323","dteToShost":"2026-01-30T14:39:00","levParticipants":1},{"idAction":5005,"name":"bbb","codDiv":"DIV5005","dteStartSellIn":"2026-01-23T00:00:00","dteEndSellIn":"2026-01-30T00:00:00","dteStartSellOut":"2026-01-26T00:00:00","dteEndSellOut":"2026-01-18T00:00:00","documentKey":"555553","dteToShost":"2026-01-19T00:00:00","levParticipants":14},{"idAction":6000,"name":"Zero Redundancy Campaign 6000","codDiv":"DIV-6000","dteStartSellIn":"2026-02-01T00:00:00","dteEndSellIn":"2026-02-24T00:00:00","dteStartSellOut":"2026-02-01T00:00:00","dteEndSellOut":"2026-02-28T00:00:00","documentKey":"DOC-6000","dteToShost":"2026-01-05T00:00:00","levParticipants":1},{"idAction":6767,"name":"XTEL Launch Promo 6767","codDiv":"DIV-6767","dteStartSellIn":"2026-02-01T00:00:00","dteEndSellIn":"2026-02-28T00:00:00","dteStartSellOut":"2026-01-22T00:00:00","dteEndSellOut":"2026-01-23T00:00:00","documentKey":"DOC-XTEL-6767","dteToShost":"2026-01-03T00:00:00","levParticipants":1},{"idAction":7000,"name":"Atomic Campaign 7000","codDiv":"DIV-7000","dteStartSellIn":"2026-01-01T00:00:00","dteEndSellIn":"2026-01-31T00:00:00","dteStartSellOut":"2026-02-01T00:00:00","dteEndSellOut":"2026-02-28T00:00:00","documentKey":"DOC-7000","dteToShost":null,"levParticipants":1},{"idAction":8888,"name":"Atomic Campaign 8888 Complete","codDiv":"DIV-8888","dteStartSellIn":"2026-01-01T00:00:00","dteEndSellIn":"2026-01-31T00:00:00","dteStartSellOut":"2026-02-01T00:00:00","dteEndSellOut":"2026-02-28T00:00:00","documentKey":"DOC-8888","dteToShost":null,"levParticipants":1},{"idAction":9000,"name":"Balanced Atomic Campaign 9000","codDiv":"DIV-9000","dteStartSellIn":"2026-01-01T00:00:00","dteEndSellIn":"2026-01-31T00:00:00","dteStartSellOut":"2026-02-01T00:00:00","dteEndSellOut":"2026-02-28T00:00:00","documentKey":"DOC-9000","dteToShost":null,"levParticipants":1},{"idAction":9999,"name":"I should not exist in DB","codDiv":"DIV-9999","dteStartSellIn":"2026-01-01T00:00:00","dteEndSellIn":"2026-01-31T00:00:00","dteStartSellOut":"2026-02-01T00:00:00","dteEndSellOut":"2026-02-28T00:00:00","documentKey":"DOC-9999","dteToShost":null,"levParticipants":1}]
2026-02-11 12:35:17.966 +05:00 [INF] JWT validated for haris
2026-02-11 12:35:17.968 +05:00 [INF] Received response 200 from http://localhost:5137/api/promotions/delivery-points
2026-02-11 12:35:18.024 +05:00 [INF] HTTP GET /api/promotions/actions responded 200 in 355.8566 ms
2026-02-11 12:35:18.025 +05:00 [INF] Forwarding request GET /api/promotions/customer-relations to http://localhost:5137/api/promotions/customer-relations
2026-02-11 12:35:18.032 +05:00 [INF] JWT validated for haris
2026-02-11 12:35:18.032 +05:00 [INF] Received response 200 from http://localhost:5137/api/participants/all
2026-02-11 12:35:18.026 +05:00 [INF] Received response 200 from http://localhost:5137/api/promotions/dashboard/metrics
2026-02-11 12:35:18.052 +05:00 [INF] Forwarding request GET /api/promotions/actions to http://localhost:5137/api/promotions/actions
2026-02-11 12:35:18.028 +05:00 [INF] HTTP GET /api/promotions/delivery-points responded 200 in 354.1264 ms | User: haris (23) | IP: ::1 | RequestBody:  | ResponseBody: [{"idAction":3,"codDeliveryPoint":"D_1","flgInclusion":true,"codHier":"H_1","codDiv":"D_1","codNode":"D_1","idLevel":1,"dteStart":"2026-01-30T00:00:00"},{"idAction":3,"codDeliveryPoint":"D_656565","flgInclusion":true,"codHier":"H_656565","codDiv":"DIV_656565","codNode":"C_656565","idLevel":9,"dteStart":"2026-01-20T00:00:00"},{"idAction":3,"codDeliveryPoint":"NODE_10","flgInclusion":true,"codHier":"H_10","codDiv":"DIV_10","codNode":"NODE_10","idLevel":10,"dteStart":"2026-01-01T14:45:00"},{"idAction":3,"codDeliveryPoint":"NODE_24","flgInclusion":true,"codHier":"H_24","codDiv":"DIV_24","codNode":"NODE_24","idLevel":24,"dteStart":"2026-02-04T12:48:00"},{"idAction":3,"codDeliveryPoint":"NODE_3","flgInclusion":false,"codHier":"H_3","codDiv":"DIV_3","codNode":"NODE_3","idLevel":3,"dteStart":"2026-01-01T10:45:00"},{"idAction":3,"codDeliveryPoint":"NODE_5","flgInclusion":false,"codHier":"H_5","codDiv":"DIV_5","codNode":"NODE_5","idLevel":5,"dteStart":"2026-01-30T10:50:00"},{"idAction":3,"codDeliveryPoint":"NODE_87","flgInclusion":true,"codHier":"H_87","codDiv":"DIV_87","codNode":"NODE_87","idLevel":87,"dteStart":"2026-02-06T14:07:00"},{"idAction":5,"codDeliveryPoint":"NODE_5","flgInclusion":false,"codHier":"H_5","codDiv":"DIV_5","codNode":"NODE_5","idLevel":5,"dteStart":"2026-01-30T10:50:00"},{"idAction":6,"codDeliveryPoint":"D_1","flgInclusion":true,"codHier":"H_1","codDiv":"D_1","codNode":"D_1","idLevel":1,"dteStart":"2026-01-30T00:00:00"},{"idAction":6,"codDeliveryPoint":"D_656565","flgInclusion":true,"codHier":"H_656565","codDiv":"DIV_656565","codNode":"C_656565","idLevel":9,"dteStart":"2026-01-20T00:00:00"},{"idAction":6,"codDeliveryPoint":"NODE_3","flgInclusion":false,"codHier":"H_3","codDiv":"DIV_3","codNode":"NODE_3","idLevel":3,"dteStart":"2026-01-01T10:45:00"},{"idAction":6,"codDeliveryPoint":"NODE_5","flgInclusion":false,"codHier":"H_5","codDiv":"DIV_5","codNode":"NODE_5","idLevel":5,"dteStart":"2026-01-30T10:50:00"},{"idAction":6,"codDeliveryPoint":"NODE_6","flgInclusion":true,"codHier":"H_6","codDiv":"DIV_6","codNode":"NODE_6","idLevel":6,"dteStart":"2026-01-30T15:01:00"},{"idAction":7,"codDeliveryPoint":"NODE_7","flgInclusion":true,"codHier":"H_7","codDiv":"DIV_7","codNode":"NODE_7","idLevel":7,"dteStart":"2026-02-02T12:04:00"},{"idAction":10,"codDeliveryPoint":"NODE_10","flgInclusion":true,"codHier":"H_10","codDiv":"DIV_10","codNode":"NODE_10","idLevel":10,"dteStart":"2026-01-01T14:45:00"},{"idAction":24,"codDeliveryPoint":"NODE_24","flgInclusion":true,"codHier":"H_24","codDiv":"DIV_24","codNode":"NODE_24","idLevel":24,"dteStart":"2026-02-04T12:48:00"},{"idAction":87,"codDeliveryPoint":"NODE_87","flgInclusion":true,"codHier":"H_87","codDiv":"DIV_87","codNode":"NODE_87","idLevel":87,"dteStart":"2026-02-06T14:07:00"},{"idAction":98,"codDeliveryPoint":"NODE_98","flgInclusion":true,"codHier":"H_98","codDiv":"DIV_98","codNode":"NODE_98","idLevel":98,"dteStart":"2026-01-30T18:25:00"},{"idAction":100,"codDeliveryPoint":"D_656565","flgInclusion":true,"codHier":"H_656565","codDiv":"DIV_656565","codNode":"C_656565","idLevel":9,"dteStart":"2026-01-20T00:00:00"},{"idAction":100,"codDeliveryPoint":"NODE_10","flgInclusion":true,"codHier":"H_10","codDiv":"DIV_10","codNode":"NODE_10","idLevel":10,"dteStart":"2026-01-01T14:45:00"},{"idAction":100,"codDeliveryPoint":"NODE_100","flgInclusion":true,"codHier":"H_100","codDiv":"DIV_100","codNode":"NODE_100","idLevel":10,"dteStart":"2026-02-09T13:54:00"},{"idAction":100,"codDeliveryPoint":"NODE_3","flgInclusion":false,"codHier":"H_3","codDiv":"DIV_3","codNode":"NODE_3","idLevel":3,"dteStart":"2026-01-01T10:45:00"},{"idAction":200,"codDeliveryPoint":"NODE_200","flgInclusion":true,"codHier":"H_200","codDiv":"DIV_200","codNode":"NODE_200","idLevel":20,"dteStart":"2026-02-10T14:14:00"},{"idAction":300,"codDeliveryPoint":"NODE_300","flgInclusion":true,"codHier":"H_300","codDiv":"DIV_300","codNode":"NODE_300","idLevel":30,"dteStart":"2026-02-10T12:31:00"},{"idAction":321,"codDeliveryPoint":"NODE_A","flgInclusion":true,"codHier":"H_A","codDiv":"DIV_A","codNode":"NODE_A","idLevel":1,"dteStart":"2026-02-01T18:26:00"},{"idAction":1111,"codDeliveryPoint":"NODE_1111","flgInclusion":true,"codHier":"H_1111","codDiv":"DIV_1111","codNode":"NODE_1111","idLevel":11,"dteStart":"2026-01-01T17:00:00"},{"idAction":5005,"codDeliveryPoint":"","flgInclusion":true,"codHier":"H-2255","codDiv":"DIV-2255","codNode":"CUST-2255","idLevel":10,"dteStart":"2026-01-01T00:00:00"},{"idAction":6767,"codDeliveryPoint":"DP-6767","flgInclusion":true,"codHier":"H-6767","codDiv":"DIV-6767","codNode":"CUST-6767","idLevel":5,"dteStart":"2026-01-01T12:15:00"},{"idAction":7000,"codDeliveryPoint":"DP-7000","flgInclusion":true,"codHier":"H-7000","codDiv":"DIV-7000","codNode":"CUST-7000","idLevel":10,"dteStart":"2026-01-01T00:00:00"}]
2026-02-11 12:35:18.056 +05:00 [INF] HTTP GET /api/participants/all responded 200 in 121.4535 ms | User: haris (23) | IP: ::1 | RequestBody:  | ResponseBody: [{"idAction":3,"codParticipant":"N_1","flgInclusion":true,"codHier":"H_1","codDiv":"D_1","codNode":"N_1","idLevel":1,"dteStart":"2026-01-30T09:35:43.289"},{"idAction":3,"codParticipant":"NODE_3","flgInclusion":true,"codHier":"H_3","codDiv":"DIV_3","codNode":"NODE_3","idLevel":3,"dteStart":"2026-01-01T10:45:00"},{"idAction":3,"codParticipant":"NODE_5","flgInclusion":true,"codHier":"H_5","codDiv":"DIV_5","codNode":"NODE_5","idLevel":5,"dteStart":"2026-01-30T10:50:00"},{"idAction":5,"codParticipant":"NODE_5","flgInclusion":true,"codHier":"H_5","codDiv":"DIV_5","codNode":"NODE_5","idLevel":5,"dteStart":"2026-01-30T10:50:00"},{"idAction":6,"codParticipant":"N_9898","flgInclusion":true,"codHier":"H_999","codDiv":"D_5878","codNode":"N_878","idLevel":8,"dteStart":"2026-01-14T00:00:00"},{"idAction":6,"codParticipant":"NODE_3","flgInclusion":true,"codHier":"H_3","codDiv":"DIV_3","codNode":"NODE_3","idLevel":3,"dteStart":"2026-01-01T10:45:00"},{"idAction":6,"codParticipant":"NODE_5","flgInclusion":true,"codHier":"H_5","codDiv":"DIV_5","codNode":"NODE_5","idLevel":5,"dteStart":"2026-01-30T10:50:00"},{"idAction":6,"codParticipant":"NODE_6","flgInclusion":true,"codHier":"H_6","codDiv":"DIV_6","codNode":"NODE_6","idLevel":6,"dteStart":"2026-01-30T15:01:00"},{"idAction":6,"codParticipant":"NODE_676767","flgInclusion":true,"codHier":"H_676767","codDiv":"DIV_676767","codNode":"NODE_676767","idLevel":676767,"dteStart":"2026-01-31T00:00:00"},{"idAction":6,"codParticipant":"P-9000","flgInclusion":true,"codHier":"H-9000","codDiv":"DIV-9000","codNode":"CUST-9000","idLevel":10,"dteStart":"2026-01-01T00:00:00"},{"idAction":7,"codParticipant":"NODE_7","flgInclusion":true,"codHier":"H_7","codDiv":"DIV_7","codNode":"NODE_7","idLevel":7,"dteStart":"2026-02-02T12:04:00"},{"idAction":10,"codParticipant":"NODE_10","flgInclusion":true,"codHier":"H_10","codDiv":"DIV_10","codNode":"NODE_10","idLevel":10,"dteStart":"2026-01-01T14:45:00"},{"idAction":24,"codParticipant":"NODE_24","flgInclusion":true,"codHier":"H_24","codDiv":"DIV_24","codNode":"NODE_24","idLevel":24,"dteStart":"2026-02-04T12:48:00"},{"idAction":87,"codParticipant":"NODE_87","flgInclusion":true,"codHier":"H_87","codDiv":"DIV_87","codNode":"NODE_87","idLevel":87,"dteStart":"2026-02-06T14:07:00"},{"idAction":98,"codParticipant":"NODE_98","flgInclusion":true,"codHier":"H_98","codDiv":"DIV_98","codNode":"NODE_98","idLevel":98,"dteStart":"2026-01-30T18:25:00"},{"idAction":100,"codParticipant":"NODE_100","flgInclusion":true,"codHier":"H_100","codDiv":"DIV_100","codNode":"NODE_100","idLevel":10,"dteStart":"2026-02-09T13:54:00"},{"idAction":200,"codParticipant":"NODE_200","flgInclusion":true,"codHier":"H_200","codDiv":"DIV_200","codNode":"NODE_200","idLevel":20,"dteStart":"2026-02-10T14:14:00"},{"idAction":300,"codParticipant":"NODE_3","flgInclusion":true,"codHier":"H_3","codDiv":"DIV_3","codNode":"NODE_3","idLevel":3,"dteStart":"2026-01-01T10:45:00"},{"idAction":300,"codParticipant":"NODE_300","flgInclusion":true,"codHier":"H_300","codDiv":"DIV_300","codNode":"NODE_300","idLevel":30,"dteStart":"2026-02-10T12:31:00"},{"idAction":300,"codParticipant":"NODE_5","flgInclusion":true,"codHier":"H_5","codDiv":"DIV_5","codNode":"NODE_5","idLevel":5,"dteStart":"2026-01-30T10:50:00"},{"idAction":300,"codParticipant":"NODE_6","flgInclusion":true,"codHier":"H_6","codDiv":"DIV_6","codNode":"NODE_6","idLevel":6,"dteStart":"2026-01-30T15:01:00"},{"idAction":300,"codParticipant":"NODE_676767","flgInclusion":true,"codHier":"H_676767","codDiv":"DIV_676767","codNode":"NODE_676767","idLevel":676767,"dteStart":"2026-01-31T00:00:00"},{"idAction":321,"codParticipant":"NODE_A","flgInclusion":true,"codHier":"H_A","codDiv":"DIV_A","codNode":"NODE_A","idLevel":1,"dteStart":"2026-02-01T18:26:00"},{"idAction":1111,"codParticipant":"NODE_1111","flgInclusion":true,"codHier":"H_1111","codDiv":"DIV_1111","codNode":"NODE_1111","idLevel":11,"dteStart":"2026-01-01T17:00:00"},{"idAction":2323,"codParticipant":"P-2323","flgInclusion":true,"codHier":"H-2323","codDiv":"D-2323","codNode":"C-2323","idLevel":4,"dteStart":"2026-01-01T12:48:00"},{"idAction":5005,"codParticipant":"","flgInclusion":true,"codHier":"H-9999","codDiv":"DIV-9999","codNode":"CUST-9999","idLevel":10,"dteStart":"2026-01-01T00:00:00"},{"idAction":6000,"codParticipant":"P-6000","flgInclusion":true,"codHier":"H-6000","codDiv":"DIV-6000","codNode":"CUST-6000","idLevel":10,"dteStart":"2026-01-01T00:00:00"},{"idAction":6767,"codParticipant":"P-6767","flgInclusion":false,"codHier":"H-6767","codDiv":"DIV-6767","codNode":"CUST-6767","idLevel":5,"dteStart":"2026-01-01T12:15:00"},{"idAction":7000,"codParticipant":"P-7000","flgInclusion":true,"codHier":"H-7000","codDiv":"DIV-7000","codNode":"CUST-7000","idLevel":10,"dteStart":"2026-01-01T00:00:00"},{"idAction":8888,"codParticipant":"P-8888","flgInclusion":true,"codHier":"H-8888","codDiv":"DIV-8888","codNode":"CUST-8888","idLevel":10,"dteStart":"2026-01-01T00:00:00"},{"idAction":9000,"codParticipant":"P-9000","flgInclusion":true,"codHier":"H-9000","codDiv":"DIV-9000","codNode":"CUST-9000","idLevel":10,"dteStart":"2026-01-01T00:00:00"},{"idAction":9999,"codParticipant":"P-9999","flgInclusion":true,"codHier":"H-9999","codDiv":"DIV-9999","codNode":"CUST-9999","idLevel":10,"dteStart":"2026-01-01T00:00:00"}]
2026-02-11 12:35:18.060 +05:00 [INF] HTTP GET /api/promotions/dashboard/metrics responded 200 in 386.8107 ms | User: haris (23) | IP: ::1 | RequestBody:  | ResponseBody: {"totalPromotions":25,"totalProducts":81,"totalParticipants":32,"activeActions":8,"pendingActions":2,"expiredActions":15,"estimatedRevenue":0,"activityTrend":[{"dateLabel":"15","active":6,"pending":18,"failed":2},{"dateLabel":"18","active":5,"pending":17,"failed":4},{"dateLabel":"21","active":5,"pending":16,"failed":5},{"dateLabel":"24","active":6,"pending":15,"failed":5},{"dateLabel":"27","active":6,"pending":15,"failed":5},{"dateLabel":"30","active":5,"pending":15,"failed":6},{"dateLabel":"02","active":6,"pending":8,"failed":11},{"dateLabel":"05","active":6,"pending":8,"failed":11},{"dateLabel":"08","active":7,"pending":4,"failed":14},{"dateLabel":"11","active":8,"pending":2,"failed":15}]}
2026-02-11 12:35:18.080 +05:00 [INF] Received response 200 from http://localhost:5137/api/promotions/customer-relations
2026-02-11 12:35:18.063 +05:00 [INF] JWT validated for haris
2026-02-11 12:35:18.134 +05:00 [INF] HTTP GET /api/promotions/customer-relations responded 200 in 168.0827 ms | User: haris (23) | IP: ::1 | RequestBody:  | ResponseBody: [{"idAction":0,"codHier":"5555","codDiv":"div5555","codNode":"f5555","idLevel":1,"dteStart":"2026-01-15T00:00:00","codParentNode":"root","dteEnd":null},{"idAction":0,"codHier":"56","codDiv":"565","codNode":"56","idLevel":55,"dteStart":"2026-01-29T00:44:00","codParentNode":"haseeb","dteEnd":"2026-01-26T00:44:00"},{"idAction":0,"codHier":"H_1","codDiv":"D_1","codNode":"D_1","idLevel":1,"dteStart":"2026-01-30T00:00:00","codParentNode":"ROOT","dteEnd":null},{"idAction":0,"codHier":"H_1","codDiv":"D_1","codNode":"N_1","idLevel":1,"dteStart":"2026-01-30T09:35:43.289","codParentNode":"ROOT","dteEnd":null},{"idAction":0,"codHier":"H_10","codDiv":"DIV_10","codNode":"NODE_10","idLevel":10,"dteStart":"2026-01-01T14:45:00","codParentNode":"ROOT_10","dteEnd":"2026-01-31T14:44:00"},{"idAction":0,"codHier":"H_100","codDiv":"DIV_100","codNode":"NODE_100","idLevel":10,"dteStart":"2026-02-09T13:54:00","codParentNode":"ROOT_100","dteEnd":"2026-02-10T13:54:00"},{"idAction":0,"codHier":"H_1111","codDiv":"DIV_1111","codNode":"NODE_1111","idLevel":11,"dteStart":"2026-01-01T17:00:00","codParentNode":"ROOT_1111","dteEnd":"2026-01-30T17:01:00"},{"idAction":0,"codHier":"H_12","codDiv":"DIV_12","codNode":"NODE_12","idLevel":12,"dteStart":"2026-02-03T12:26:00","codParentNode":"ROOT_12","dteEnd":"2026-02-06T12:26:00"},{"idAction":0,"codHier":"H_17","codDiv":"DIV_17","codNode":"NODE_17","idLevel":17,"dteStart":"2026-02-07T15:44:00","codParentNode":"ROOT_17","dteEnd":"2026-02-24T15:44:00"},{"idAction":0,"codHier":"H_19","codDiv":"DIV_19","codNode":"NODE_19","idLevel":19,"dteStart":"2026-02-04T13:59:00","codParentNode":"ROOT_19","dteEnd":"2026-02-05T13:59:00"},{"idAction":0,"codHier":"H_200","codDiv":"DIV_200","codNode":"NODE_200","idLevel":20,"dteStart":"2026-02-10T14:14:00","codParentNode":"ROOT_200","dteEnd":"2026-02-24T14:14:00"},{"idAction":0,"codHier":"H_21","codDiv":"DIV_21","codNode":"NODE_21","idLevel":21,"dteStart":"2026-02-05T14:01:00","codParentNode":"ROOT_21","dteEnd":"2026-02-07T14:01:00"},{"idAction":0,"codHier":"H_222","codDiv":"DIV_222","codNode":"NODE_222","idLevel":222,"dteStart":"2026-02-04T12:53:00","codParentNode":"ROOT_222","dteEnd":"2026-02-06T12:53:00"},{"idAction":0,"codHier":"H_24","codDiv":"DIV_24","codNode":"NODE_24","idLevel":24,"dteStart":"2026-02-04T12:48:00","codParentNode":"ROOT_24","dteEnd":"2026-02-05T12:48:00"},{"idAction":0,"codHier":"H_25","codDiv":"DIV_25","codNode":"NODE_25","idLevel":25,"dteStart":"2026-02-10T14:04:00","codParentNode":"ROOT_25","dteEnd":"2026-02-11T14:04:00"},{"idAction":0,"codHier":"H_3","codDiv":"DIV_3","codNode":"NODE_3","idLevel":3,"dteStart":"2026-01-01T10:45:00","codParentNode":"ROOT_3","dteEnd":"2026-01-30T10:44:00"},{"idAction":0,"codHier":"H_300","codDiv":"DIV_300","codNode":"NODE_300","idLevel":30,"dteStart":"2026-02-10T12:31:00","codParentNode":"ROOT_300","dteEnd":"2026-02-28T12:31:00"},{"idAction":0,"codHier":"H_5","codDiv":"DIV_5","codNode":"NODE_5","idLevel":5,"dteStart":"2026-01-30T10:50:00","codParentNode":"ROOT_5","dteEnd":"2026-01-31T10:48:00"},{"idAction":0,"codHier":"H_6","codDiv":"DIV_6","codNode":"NODE_6","idLevel":6,"dteStart":"2026-01-30T15:01:00","codParentNode":"ROOT_6","dteEnd":"2026-01-31T15:01:00"},{"idAction":0,"codHier":"H_656565","codDiv":"DIV_656565","codNode":"C_656565","idLevel":9,"dteStart":"2026-01-20T00:00:00","codParentNode":"ROOT","dteEnd":null},{"idAction":0,"codHier":"H_676767","codDiv":"DIV_676767","codNode":"NODE_676767","idLevel":676767,"dteStart":"2026-01-31T00:00:00","codParentNode":"ROOT","dteEnd":null},{"idAction":0,"codHier":"H_7","codDiv":"DIV_7","codNode":"NODE_7","idLevel":7,"dteStart":"2026-02-02T12:04:00","codParentNode":"ROOT_7","dteEnd":"2026-02-04T12:04:00"},{"idAction":0,"codHier":"H_87","codDiv":"DIV_87","codNode":"NODE_87","idLevel":87,"dteStart":"2026-02-06T14:07:00","codParentNode":"ROOT_87","dteEnd":"2026-02-26T14:07:00"},{"idAction":0,"codHier":"H_98","codDiv":"DIV_98","codNode":"NODE_98","idLevel":98,"dteStart":"2026-01-30T18:25:00","codParentNode":"ROOT_98","dteEnd":"2026-01-31T18:25:00"},{"idAction":0,"codHier":"H_999","codDiv":"D_5878","codNode":"N_878","idLevel":8,"dteStart":"2026-01-14T00:00:00","codParentNode":"ROOT","dteEnd":null},{"idAction":0,"codHier":"H_A","codDiv":"DIV_A","codNode":"NODE_A","idLevel":1,"dteStart":"2026-02-01T18:26:00","codParentNode":"ROOT_A","dteEnd":"2026-02-14T18:26:00"},{"idAction":0,"codHier":"H-1010","codDiv":"D-1010","codNode":"C-1010","idLevel":1,"dteStart":"2026-01-01T11:54:00","codParentNode":"root","dteEnd":"2026-01-12T11:54:00"},{"idAction":0,"codHier":"H-11","codDiv":"DIV-11","codNode":"C-11","idLevel":11,"dteStart":"2026-01-01T15:05:00","codParentNode":"ROOT","dteEnd":"2026-01-31T15:05:00"},{"idAction":0,"codHier":"H-1111","codDiv":"DIV-1111","codNode":"CUST-1111","idLevel":10,"dteStart":"2026-01-01T00:00:00","codParentNode":"ROOT","dteEnd":null},{"idAction":0,"codHier":"H-1414","codDiv":"D-1414","codNode":"C-1414","idLevel":4,"dteStart":"2026-01-01T14:45:00","codParentNode":"ROOT","dteEnd":"2026-01-15T14:45:00"},{"idAction":0,"codHier":"H-2","codDiv":"DIV-2","codNode":"CUST-2","idLevel":2,"dteStart":"2026-01-01T12:40:00","codParentNode":"ROOT","dteEnd":"2026-01-16T12:37:00"},{"idAction":0,"codHier":"H-2","codDiv":"DIV-2","codNode":"CUST-2","idLevel":2,"dteStart":"2026-01-21T12:37:00","codParentNode":"ROOT","dteEnd":"2026-01-24T12:37:00"},{"idAction":0,"codHier":"H-2020","codDiv":"D-2020","codNode":"C-2020","idLevel":2,"dteStart":"2026-01-02T12:27:00","codParentNode":"root","dteEnd":"2026-01-30T12:27:00"},{"idAction":0,"codHier":"H-2255","codDiv":"DIV-2255","codNode":"CUST-2255","idLevel":10,"dteStart":"2026-01-01T00:00:00","codParentNode":"ROOT","dteEnd":null},{"idAction":0,"codHier":"H-2323","codDiv":"D-2323","codNode":"C-2323","idLevel":4,"dteStart":"2026-01-01T12:48:00","codParentNode":"ROOT","dteEnd":"2026-01-12T12:49:00"},{"idAction":0,"codHier":"H-3333","codDiv":"DIV-3333","codNode":"CUST-3333","idLevel":10,"dteStart":"2026-01-01T00:00:00","codParentNode":"ROOT","dteEnd":null},{"idAction":0,"codHier":"H-3344","codDiv":"DIV-3345","codNode":"CUST-3345","idLevel":10,"dteStart":"2026-01-01T00:00:00","codParentNode":"ROOT","dteEnd":null},{"idAction":0,"codHier":"H-3345","codDiv":"DIV-3345","codNode":"CUST-3345","idLevel":10,"dteStart":"2026-01-01T00:00:00","codParentNode":"ROOT","dteEnd":null},{"idAction":0,"codHier":"H-4","codDiv":"DIV-4","codNode":"CUST-4","idLevel":4,"dteStart":"2026-01-01T14:44:00","codParentNode":"ROOT","dteEnd":"2026-01-02T14:44:00"},{"idAction":0,"codHier":"H-5555","codDiv":"DIV-5555","codNode":"CUST-5555","idLevel":10,"dteStart":"2026-01-01T00:00:00","codParentNode":"ROOT","dteEnd":null},{"idAction":0,"codHier":"H-6000","codDiv":"DIV-6000","codNode":"CUST-6000","idLevel":10,"dteStart":"2026-01-01T00:00:00","codParentNode":"ROOT","dteEnd":"2026-12-31T00:00:00"},{"idAction":0,"codHier":"H-6666","codDiv":"DIV-6666","codNode":"CUST-6666","idLevel":10,"dteStart":"2026-01-17T01:30:00","codParentNode":"ROOT","dteEnd":"2026-01-18T01:30:00"},{"idAction":0,"codHier":"H-6767","codDiv":"DIV-6767","codNode":"CUST-6767","idLevel":5,"dteStart":"2026-01-01T12:15:00","codParentNode":"ROOT","dteEnd":"2026-01-08T12:15:00"},{"idAction":0,"codHier":"H-7000","codDiv":"DIV-7000","codNode":"CUST-7000","idLevel":10,"dteStart":"2026-01-01T00:00:00","codParentNode":"ROOT","dteEnd":null},{"idAction":0,"codHier":"H-7777","codDiv":"DIV-7777","codNode":"CUST-7777","idLevel":10,"dteStart":"2026-01-01T00:00:00","codParentNode":"ROOT","dteEnd":null},{"idAction":0,"codHier":"H-7878","codDiv":"DIV-7878","codNode":"CUST-7878","idLevel":3,"dteStart":"2026-01-18T11:43:00","codParentNode":"ROOT","dteEnd":"2026-01-19T11:43:00"},{"idAction":0,"codHier":"H-8000","codDiv":"DIV-8000","codNode":"CUST-8000","idLevel":10,"dteStart":"2026-01-01T00:00:00","codParentNode":"ROOT","dteEnd":null},{"idAction":0,"codHier":"H-8888","codDiv":"DIV-8888","codNode":"CUST-8888","idLevel":10,"dteStart":"2026-01-01T00:00:00","codParentNode":"ROOT","dteEnd":null},{"idAction":0,"codHier":"H-9000","codDiv":"DIV-9000","codNode":"CUST-9000","idLevel":10,"dteStart":"2026-01-01T00:00:00","codParentNode":"ROOT","dteEnd":null},{"idAction":0,"codHier":"H-9999","codDiv":"DIV-9999","codNode":"CUST-9999","idLevel":10,"dteStart":"2026-01-01T00:00:00","codParentNode":"ROOT","dteEnd":null},{"idAction":0,"codHier":"HIER_CORP","codDiv":"DIV01","codNode":"NODE_9111","idLevel":1,"dteStart":"2026-01-15T00:00:00","codParentNode":"ROOT_NODE","dteEnd":null}]
2026-02-11 12:35:18.128 +05:00 [INF] HTTP GET /api/participants/all responded 200 in 192.7632 ms
2026-02-11 12:35:18.122 +05:00 [INF] HTTP GET /api/promotions/delivery-points responded 200 in 448.7314 ms
2026-02-11 12:35:18.165 +05:00 [INF] HTTP GET /api/promotions/customer-relations responded 200 in 199.2521 ms
2026-02-11 12:35:18.180 +05:00 [INF] JWT validated for haris
2026-02-11 12:35:18.132 +05:00 [INF] HTTP GET /api/promotions/dashboard/metrics responded 200 in 458.6752 ms
2026-02-11 12:35:18.177 +05:00 [INF] HTTP GET /api/gateway/health responded 200 in 114.4875 ms | User: haris (23) | IP: ::1 | RequestBody:  | ResponseBody: {"status":"Healthy","timestamp":"2026-02-11T07:35:18.1761603Z","services":[{"service":"Promotions API","url":"http://localhost:5137/api/health","status":"Healthy","responseTime":"18ms","statusCode":200},{"service":"SSO API","url":"http://localhost:5253/api/health","status":"Healthy","responseTime":"21ms","statusCode":200}]}
2026-02-11 12:35:18.125 +05:00 [INF] Received response 200 from http://localhost:5137/api/promotions/actions
2026-02-11 12:35:18.194 +05:00 [INF] Forwarding request GET /api/promotions/delivery-points to http://localhost:5137/api/promotions/delivery-points
2026-02-11 12:35:18.190 +05:00 [INF] JWT validated for haris
2026-02-11 12:35:18.206 +05:00 [INF] HTTP GET /api/gateway/health responded 200 in 143.7874 ms
2026-02-11 12:35:18.216 +05:00 [INF] Forwarding request GET /api/promotions/dashboard/metrics to http://localhost:5137/api/promotions/dashboard/metrics
2026-02-11 12:35:18.209 +05:00 [INF] HTTP GET /api/promotions/actions responded 200 in 177.0302 ms | User: haris (23) | IP: ::1 | RequestBody:  | ResponseBody: [{"idAction":3,"name":"PROMO_3","codDiv":"DIV_3","dteStartSellIn":"2026-02-01T00:00:00","dteEndSellIn":"2026-02-28T00:00:00","dteStartSellOut":"2026-01-25T00:00:00","dteEndSellOut":"2026-01-30T00:00:00","documentKey":"KEY_3","dteToShost":"2026-01-10T00:00:00","levParticipants":3},{"idAction":5,"name":"PROMO_5_5","codDiv":"DIV_5","dteStartSellIn":"2026-02-24T00:00:00","dteEndSellIn":"2026-02-21T00:00:00","dteStartSellOut":"2026-02-24T00:00:00","dteEndSellOut":"2026-02-27T00:00:00","documentKey":"DOC_KEY_is_5","dteToShost":"2026-01-18T00:00:00","levParticipants":55555555},{"idAction":6,"name":"PROMO_6","codDiv":"DIV_6","dteStartSellIn":"2026-02-01T00:00:00","dteEndSellIn":"2026-02-25T00:00:00","dteStartSellOut":"2026-01-15T00:00:00","dteEndSellOut":"2026-01-24T00:00:00","documentKey":"DOCC_6_KEY","dteToShost":"2026-01-15T00:00:00","levParticipants":6},{"idAction":7,"name":"PROMO_7","codDiv":"DIV_7","dteStartSellIn":"2026-02-06T12:05:00","dteEndSellIn":"2026-02-07T12:05:00","dteStartSellOut":"2026-02-08T12:05:00","dteEndSellOut":"2026-02-09T12:05:00","documentKey":"KEY_7","dteToShost":"2026-02-05T12:04:00","levParticipants":7},{"idAction":10,"name":"PROMO_10","codDiv":"DIV_10","dteStartSellIn":"2026-02-01T00:00:00","dteEndSellIn":"2026-02-26T00:00:00","dteStartSellOut":"2026-01-23T00:00:00","dteEndSellOut":"2026-01-24T00:00:00","documentKey":"DOCC_KEY_10","dteToShost":"2026-01-29T00:00:00","levParticipants":10},{"idAction":12,"name":"PROMO_12","codDiv":"DIV_12","dteStartSellIn":"2026-02-06T12:27:00","dteEndSellIn":"2026-02-07T12:27:00","dteStartSellOut":"2026-02-08T12:27:00","dteEndSellOut":"2026-02-09T12:27:00","documentKey":"KEY_12","dteToShost":"2026-02-03T12:26:00","levParticipants":12},{"idAction":24,"name":"PROMO_24","codDiv":"DIV_24","dteStartSellIn":"2026-02-05T12:48:00","dteEndSellIn":"2026-02-06T12:48:00","dteStartSellOut":"2026-02-07T12:48:00","dteEndSellOut":"2026-02-08T12:48:00","documentKey":"KEY_24","dteToShost":"2026-02-03T12:48:00","levParticipants":24},{"idAction":45,"name":"cccc","codDiv":"DIV01","dteStartSellIn":"2026-01-16T00:00:00","dteEndSellIn":"2026-01-17T00:00:00","dteStartSellOut":"2026-01-16T00:00:00","dteEndSellOut":"2026-01-17T00:00:00","documentKey":null,"dteToShost":null,"levParticipants":2},{"idAction":87,"name":"promo_87","codDiv":"DIV_87","dteStartSellIn":"2026-02-07T14:44:00","dteEndSellIn":"2026-02-10T14:44:00","dteStartSellOut":"2026-02-22T14:44:00","dteEndSellOut":"2026-02-26T14:44:00","documentKey":"KEY_87","dteToShost":"2026-02-03T14:44:00","levParticipants":87},{"idAction":98,"name":"PROMO_98","codDiv":"DIV_98","dteStartSellIn":"2026-01-08T18:25:00","dteEndSellIn":"2026-01-17T18:25:00","dteStartSellOut":"2026-01-28T18:25:00","dteEndSellOut":"2026-01-30T18:25:00","documentKey":"DOCC_98","dteToShost":"2026-01-31T18:25:00","levParticipants":98},{"idAction":100,"name":"PROMO_100","codDiv":"DIV_100","dteStartSellIn":"2026-02-11T14:08:00","dteEndSellIn":"2026-02-14T14:08:00","dteStartSellOut":"2026-02-22T14:08:00","dteEndSellOut":"2026-02-27T14:08:00","documentKey":"KEY_100","dteToShost":"2026-02-10T14:08:00","levParticipants":10},{"idAction":200,"name":"PROMO_200","codDiv":"DIV_200","dteStartSellIn":"2026-02-10T14:15:00","dteEndSellIn":"2026-02-28T14:15:00","dteStartSellOut":"2026-02-11T14:15:00","dteEndSellOut":"2026-02-23T14:15:00","documentKey":"KEY_200","dteToShost":"2026-02-14T14:14:00","levParticipants":20},{"idAction":300,"name":"PROMO_300","codDiv":"DIV_300","dteStartSellIn":"2026-02-10T12:32:00","dteEndSellIn":"2026-02-28T12:32:00","dteStartSellOut":"2026-02-16T12:32:00","dteEndSellOut":"2026-02-27T12:32:00","documentKey":"KEY_300","dteToShost":"2026-02-20T12:32:00","levParticipants":30},{"idAction":321,"name":"PROMO_321","codDiv":"DIV_A","dteStartSellIn":"2026-02-01T18:27:00","dteEndSellIn":"2026-02-28T18:27:00","dteStartSellOut":"2026-02-04T18:27:00","dteEndSellOut":"2026-02-23T18:27:00","documentKey":"KEY_A","dteToShost":"2026-02-03T18:27:00","levParticipants":1},{"idAction":1111,"name":"PROMO_1111","codDiv":"DIV_1111","dteStartSellIn":"2026-01-01T17:00:00","dteEndSellIn":"2026-01-30T17:02:00","dteStartSellOut":"2026-01-17T17:02:00","dteEndSellOut":"2026-01-28T17:02:00","documentKey":"1111_DOCC_KEY","dteToShost":"2026-01-13T17:02:00","levParticipants":11},{"idAction":2020,"name":"Spring Special 2020","codDiv":"D-2020","dteStartSellIn":"2026-01-03T12:28:00","dteEndSellIn":"2026-01-04T12:28:00","dteStartSellOut":"2026-01-05T12:28:00","dteEndSellOut":"2026-01-06T12:28:00","documentKey":"DOC-SPRING-2020","dteToShost":"2026-01-02T12:28:00","levParticipants":1},{"idAction":2222,"name":"haseeb","codDiv":"DIV02","dteStartSellIn":"2026-02-01T00:00:00","dteEndSellIn":"2026-01-11T00:00:00","dteStartSellOut":"2026-01-28T00:00:00","dteEndSellOut":"2026-01-30T00:00:00","documentKey":"","dteToShost":null,"levParticipants":2},{"idAction":2323,"name":"Winter Sale Campaign 2323","codDiv":"D-2323","dteStartSellIn":"2026-01-19T14:39:00","dteEndSellIn":"2026-01-20T14:40:00","dteStartSellOut":"2026-01-21T14:40:00","dteEndSellOut":"2026-01-22T14:40:00","documentKey":"DOC-WINTER-2323","dteToShost":"2026-01-30T14:39:00","levParticipants":1},{"idAction":5005,"name":"bbb","codDiv":"DIV5005","dteStartSellIn":"2026-01-23T00:00:00","dteEndSellIn":"2026-01-30T00:00:00","dteStartSellOut":"2026-01-26T00:00:00","dteEndSellOut":"2026-01-18T00:00:00","documentKey":"555553","dteToShost":"2026-01-19T00:00:00","levParticipants":14},{"idAction":6000,"name":"Zero Redundancy Campaign 6000","codDiv":"DIV-6000","dteStartSellIn":"2026-02-01T00:00:00","dteEndSellIn":"2026-02-24T00:00:00","dteStartSellOut":"2026-02-01T00:00:00","dteEndSellOut":"2026-02-28T00:00:00","documentKey":"DOC-6000","dteToShost":"2026-01-05T00:00:00","levParticipants":1},{"idAction":6767,"name":"XTEL Launch Promo 6767","codDiv":"DIV-6767","dteStartSellIn":"2026-02-01T00:00:00","dteEndSellIn":"2026-02-28T00:00:00","dteStartSellOut":"2026-01-22T00:00:00","dteEndSellOut":"2026-01-23T00:00:00","documentKey":"DOC-XTEL-6767","dteToShost":"2026-01-03T00:00:00","levParticipants":1},{"idAction":7000,"name":"Atomic Campaign 7000","codDiv":"DIV-7000","dteStartSellIn":"2026-01-01T00:00:00","dteEndSellIn":"2026-01-31T00:00:00","dteStartSellOut":"2026-02-01T00:00:00","dteEndSellOut":"2026-02-28T00:00:00","documentKey":"DOC-7000","dteToShost":null,"levParticipants":1},{"idAction":8888,"name":"Atomic Campaign 8888 Complete","codDiv":"DIV-8888","dteStartSellIn":"2026-01-01T00:00:00","dteEndSellIn":"2026-01-31T00:00:00","dteStartSellOut":"2026-02-01T00:00:00","dteEndSellOut":"2026-02-28T00:00:00","documentKey":"DOC-8888","dteToShost":null,"levParticipants":1},{"idAction":9000,"name":"Balanced Atomic Campaign 9000","codDiv":"DIV-9000","dteStartSellIn":"2026-01-01T00:00:00","dteEndSellIn":"2026-01-31T00:00:00","dteStartSellOut":"2026-02-01T00:00:00","dteEndSellOut":"2026-02-28T00:00:00","documentKey":"DOC-9000","dteToShost":null,"levParticipants":1},{"idAction":9999,"name":"I should not exist in DB","codDiv":"DIV-9999","dteStartSellIn":"2026-01-01T00:00:00","dteEndSellIn":"2026-01-31T00:00:00","dteStartSellOut":"2026-02-01T00:00:00","dteEndSellOut":"2026-02-28T00:00:00","documentKey":"DOC-9999","dteToShost":null,"levParticipants":1}]
2026-02-11 12:35:18.247 +05:00 [INF] HTTP GET /api/promotions/actions responded 200 in 215.5416 ms
2026-02-11 12:35:18.248 +05:00 [INF] Received response 200 from http://localhost:5137/api/promotions/delivery-points
2026-02-11 12:35:18.258 +05:00 [INF] HTTP GET /api/promotions/delivery-points responded 200 in 78.0870 ms | User: haris (23) | IP: ::1 | RequestBody:  | ResponseBody: [{"idAction":3,"codDeliveryPoint":"D_1","flgInclusion":true,"codHier":"H_1","codDiv":"D_1","codNode":"D_1","idLevel":1,"dteStart":"2026-01-30T00:00:00"},{"idAction":3,"codDeliveryPoint":"D_656565","flgInclusion":true,"codHier":"H_656565","codDiv":"DIV_656565","codNode":"C_656565","idLevel":9,"dteStart":"2026-01-20T00:00:00"},{"idAction":3,"codDeliveryPoint":"NODE_10","flgInclusion":true,"codHier":"H_10","codDiv":"DIV_10","codNode":"NODE_10","idLevel":10,"dteStart":"2026-01-01T14:45:00"},{"idAction":3,"codDeliveryPoint":"NODE_24","flgInclusion":true,"codHier":"H_24","codDiv":"DIV_24","codNode":"NODE_24","idLevel":24,"dteStart":"2026-02-04T12:48:00"},{"idAction":3,"codDeliveryPoint":"NODE_3","flgInclusion":false,"codHier":"H_3","codDiv":"DIV_3","codNode":"NODE_3","idLevel":3,"dteStart":"2026-01-01T10:45:00"},{"idAction":3,"codDeliveryPoint":"NODE_5","flgInclusion":false,"codHier":"H_5","codDiv":"DIV_5","codNode":"NODE_5","idLevel":5,"dteStart":"2026-01-30T10:50:00"},{"idAction":3,"codDeliveryPoint":"NODE_87","flgInclusion":true,"codHier":"H_87","codDiv":"DIV_87","codNode":"NODE_87","idLevel":87,"dteStart":"2026-02-06T14:07:00"},{"idAction":5,"codDeliveryPoint":"NODE_5","flgInclusion":false,"codHier":"H_5","codDiv":"DIV_5","codNode":"NODE_5","idLevel":5,"dteStart":"2026-01-30T10:50:00"},{"idAction":6,"codDeliveryPoint":"D_1","flgInclusion":true,"codHier":"H_1","codDiv":"D_1","codNode":"D_1","idLevel":1,"dteStart":"2026-01-30T00:00:00"},{"idAction":6,"codDeliveryPoint":"D_656565","flgInclusion":true,"codHier":"H_656565","codDiv":"DIV_656565","codNode":"C_656565","idLevel":9,"dteStart":"2026-01-20T00:00:00"},{"idAction":6,"codDeliveryPoint":"NODE_3","flgInclusion":false,"codHier":"H_3","codDiv":"DIV_3","codNode":"NODE_3","idLevel":3,"dteStart":"2026-01-01T10:45:00"},{"idAction":6,"codDeliveryPoint":"NODE_5","flgInclusion":false,"codHier":"H_5","codDiv":"DIV_5","codNode":"NODE_5","idLevel":5,"dteStart":"2026-01-30T10:50:00"},{"idAction":6,"codDeliveryPoint":"NODE_6","flgInclusion":true,"codHier":"H_6","codDiv":"DIV_6","codNode":"NODE_6","idLevel":6,"dteStart":"2026-01-30T15:01:00"},{"idAction":7,"codDeliveryPoint":"NODE_7","flgInclusion":true,"codHier":"H_7","codDiv":"DIV_7","codNode":"NODE_7","idLevel":7,"dteStart":"2026-02-02T12:04:00"},{"idAction":10,"codDeliveryPoint":"NODE_10","flgInclusion":true,"codHier":"H_10","codDiv":"DIV_10","codNode":"NODE_10","idLevel":10,"dteStart":"2026-01-01T14:45:00"},{"idAction":24,"codDeliveryPoint":"NODE_24","flgInclusion":true,"codHier":"H_24","codDiv":"DIV_24","codNode":"NODE_24","idLevel":24,"dteStart":"2026-02-04T12:48:00"},{"idAction":87,"codDeliveryPoint":"NODE_87","flgInclusion":true,"codHier":"H_87","codDiv":"DIV_87","codNode":"NODE_87","idLevel":87,"dteStart":"2026-02-06T14:07:00"},{"idAction":98,"codDeliveryPoint":"NODE_98","flgInclusion":true,"codHier":"H_98","codDiv":"DIV_98","codNode":"NODE_98","idLevel":98,"dteStart":"2026-01-30T18:25:00"},{"idAction":100,"codDeliveryPoint":"D_656565","flgInclusion":true,"codHier":"H_656565","codDiv":"DIV_656565","codNode":"C_656565","idLevel":9,"dteStart":"2026-01-20T00:00:00"},{"idAction":100,"codDeliveryPoint":"NODE_10","flgInclusion":true,"codHier":"H_10","codDiv":"DIV_10","codNode":"NODE_10","idLevel":10,"dteStart":"2026-01-01T14:45:00"},{"idAction":100,"codDeliveryPoint":"NODE_100","flgInclusion":true,"codHier":"H_100","codDiv":"DIV_100","codNode":"NODE_100","idLevel":10,"dteStart":"2026-02-09T13:54:00"},{"idAction":100,"codDeliveryPoint":"NODE_3","flgInclusion":false,"codHier":"H_3","codDiv":"DIV_3","codNode":"NODE_3","idLevel":3,"dteStart":"2026-01-01T10:45:00"},{"idAction":200,"codDeliveryPoint":"NODE_200","flgInclusion":true,"codHier":"H_200","codDiv":"DIV_200","codNode":"NODE_200","idLevel":20,"dteStart":"2026-02-10T14:14:00"},{"idAction":300,"codDeliveryPoint":"NODE_300","flgInclusion":true,"codHier":"H_300","codDiv":"DIV_300","codNode":"NODE_300","idLevel":30,"dteStart":"2026-02-10T12:31:00"},{"idAction":321,"codDeliveryPoint":"NODE_A","flgInclusion":true,"codHier":"H_A","codDiv":"DIV_A","codNode":"NODE_A","idLevel":1,"dteStart":"2026-02-01T18:26:00"},{"idAction":1111,"codDeliveryPoint":"NODE_1111","flgInclusion":true,"codHier":"H_1111","codDiv":"DIV_1111","codNode":"NODE_1111","idLevel":11,"dteStart":"2026-01-01T17:00:00"},{"idAction":5005,"codDeliveryPoint":"","flgInclusion":true,"codHier":"H-2255","codDiv":"DIV-2255","codNode":"CUST-2255","idLevel":10,"dteStart":"2026-01-01T00:00:00"},{"idAction":6767,"codDeliveryPoint":"DP-6767","flgInclusion":true,"codHier":"H-6767","codDiv":"DIV-6767","codNode":"CUST-6767","idLevel":5,"dteStart":"2026-01-01T12:15:00"},{"idAction":7000,"codDeliveryPoint":"DP-7000","flgInclusion":true,"codHier":"H-7000","codDiv":"DIV-7000","codNode":"CUST-7000","idLevel":10,"dteStart":"2026-01-01T00:00:00"}]
2026-02-11 12:35:18.268 +05:00 [INF] HTTP GET /api/promotions/delivery-points responded 200 in 88.3246 ms
2026-02-11 12:35:18.308 +05:00 [INF] Received response 200 from http://localhost:5137/api/promotions/dashboard/metrics
2026-02-11 12:35:18.315 +05:00 [INF] HTTP GET /api/promotions/dashboard/metrics responded 200 in 124.9310 ms | User: haris (23) | IP: ::1 | RequestBody:  | ResponseBody: {"totalPromotions":25,"totalProducts":81,"totalParticipants":32,"activeActions":8,"pendingActions":2,"expiredActions":15,"estimatedRevenue":0,"activityTrend":[{"dateLabel":"15","active":6,"pending":18,"failed":2},{"dateLabel":"18","active":5,"pending":17,"failed":4},{"dateLabel":"21","active":5,"pending":16,"failed":5},{"dateLabel":"24","active":6,"pending":15,"failed":5},{"dateLabel":"27","active":6,"pending":15,"failed":5},{"dateLabel":"30","active":5,"pending":15,"failed":6},{"dateLabel":"02","active":6,"pending":8,"failed":11},{"dateLabel":"05","active":6,"pending":8,"failed":11},{"dateLabel":"08","active":7,"pending":4,"failed":14},{"dateLabel":"11","active":8,"pending":2,"failed":15}]}
2026-02-11 12:35:18.333 +05:00 [INF] HTTP GET /api/promotions/dashboard/metrics responded 200 in 143.1211 ms
2026-02-11 12:35:23.065 +05:00 [INF] JWT validated for haris
2026-02-11 12:35:23.173 +05:00 [INF] HTTP GET /api/gateway/health responded 200 in 107.8652 ms | User: haris (23) | IP: ::1 | RequestBody:  | ResponseBody: {"status":"Healthy","timestamp":"2026-02-11T07:35:23.1725287Z","services":[{"service":"Promotions API","url":"http://localhost:5137/api/health","status":"Healthy","responseTime":"44ms","statusCode":200},{"service":"SSO API","url":"http://localhost:5253/api/health","status":"Healthy","responseTime":"32ms","statusCode":200}]}
2026-02-11 12:35:23.183 +05:00 [INF] HTTP GET /api/gateway/health responded 200 in 118.5716 ms
2026-02-11 12:35:28.069 +05:00 [INF] JWT validated for haris
2026-02-11 12:35:28.157 +05:00 [INF] HTTP GET /api/gateway/health responded 200 in 88.2135 ms | User: haris (23) | IP: ::1 | RequestBody:  | ResponseBody: {"status":"Healthy","timestamp":"2026-02-11T07:35:28.1566703Z","services":[{"service":"Promotions API","url":"http://localhost:5137/api/health","status":"Healthy","responseTime":"48ms","statusCode":200},{"service":"SSO API","url":"http://localhost:5253/api/health","status":"Healthy","responseTime":"28ms","statusCode":200}]}
2026-02-11 12:35:28.169 +05:00 [INF] HTTP GET /api/gateway/health responded 200 in 100.5852 ms
2026-02-11 12:35:33.098 +05:00 [INF] JWT validated for haris
2026-02-11 12:35:33.218 +05:00 [INF] HTTP GET /api/gateway/health responded 200 in 120.5460 ms | User: haris (23) | IP: ::1 | RequestBody:  | ResponseBody: {"status":"Healthy","timestamp":"2026-02-11T07:35:33.2155642Z","services":[{"service":"Promotions API","url":"http://localhost:5137/api/health","status":"Healthy","responseTime":"49ms","statusCode":200},{"service":"SSO API","url":"http://localhost:5253/api/health","status":"Healthy","responseTime":"58ms","statusCode":200}]}
2026-02-11 12:35:33.242 +05:00 [INF] HTTP GET /api/gateway/health responded 200 in 144.9613 ms
2026-02-11 12:35:38.064 +05:00 [INF] JWT validated for haris
2026-02-11 12:35:38.155 +05:00 [INF] HTTP GET /api/gateway/health responded 200 in 91.3998 ms | User: haris (23) | IP: ::1 | RequestBody:  | ResponseBody: {"status":"Healthy","timestamp":"2026-02-11T07:35:38.1541553Z","services":[{"service":"Promotions API","url":"http://localhost:5137/api/health","status":"Healthy","responseTime":"41ms","statusCode":200},{"service":"SSO API","url":"http://localhost:5253/api/health","status":"Healthy","responseTime":"37ms","statusCode":200}]}
2026-02-11 12:35:38.188 +05:00 [INF] HTTP GET /api/gateway/health responded 200 in 123.7853 ms
2026-02-11 12:35:43.062 +05:00 [INF] JWT validated for haris
2026-02-11 12:35:43.176 +05:00 [INF] HTTP GET /api/gateway/health responded 200 in 114.2869 ms | User: haris (23) | IP: ::1 | RequestBody:  | ResponseBody: {"status":"Healthy","timestamp":"2026-02-11T07:35:43.1757829Z","services":[{"service":"Promotions API","url":"http://localhost:5137/api/health","status":"Healthy","responseTime":"34ms","statusCode":200},{"service":"SSO API","url":"http://localhost:5253/api/health","status":"Healthy","responseTime":"75ms","statusCode":200}]}
2026-02-11 12:35:43.207 +05:00 [INF] HTTP GET /api/gateway/health responded 200 in 144.6545 ms
2026-02-11 12:35:48.090 +05:00 [INF] JWT validated for haris
2026-02-11 12:35:48.184 +05:00 [INF] HTTP GET /api/gateway/health responded 200 in 94.9254 ms | User: haris (23) | IP: ::1 | RequestBody:  | ResponseBody: {"status":"Healthy","timestamp":"2026-02-11T07:35:48.1841063Z","services":[{"service":"Promotions API","url":"http://localhost:5137/api/health","status":"Healthy","responseTime":"45ms","statusCode":200},{"service":"SSO API","url":"http://localhost:5253/api/health","status":"Healthy","responseTime":"35ms","statusCode":200}]}
2026-02-11 12:35:48.198 +05:00 [INF] HTTP GET /api/gateway/health responded 200 in 108.7950 ms
2026-02-11 12:35:53.058 +05:00 [INF] JWT validated for haris
2026-02-11 12:35:53.126 +05:00 [INF] HTTP GET /api/gateway/health responded 200 in 67.5246 ms | User: haris (23) | IP: ::1 | RequestBody:  | ResponseBody: {"status":"Healthy","timestamp":"2026-02-11T07:35:53.1252367Z","services":[{"service":"Promotions API","url":"http://localhost:5137/api/health","status":"Healthy","responseTime":"29ms","statusCode":200},{"service":"SSO API","url":"http://localhost:5253/api/health","status":"Healthy","responseTime":"26ms","statusCode":200}]}
2026-02-11 12:35:53.143 +05:00 [INF] HTTP GET /api/gateway/health responded 200 in 84.7077 ms
2026-02-11 12:35:58.057 +05:00 [INF] JWT validated for haris
2026-02-11 12:35:58.147 +05:00 [INF] HTTP GET /api/gateway/health responded 200 in 90.0927 ms | User: haris (23) | IP: ::1 | RequestBody:  | ResponseBody: {"status":"Healthy","timestamp":"2026-02-11T07:35:58.1464523Z","services":[{"service":"Promotions API","url":"http://localhost:5137/api/health","status":"Healthy","responseTime":"38ms","statusCode":200},{"service":"SSO API","url":"http://localhost:5253/api/health","status":"Healthy","responseTime":"43ms","statusCode":200}]}
2026-02-11 12:35:58.159 +05:00 [INF] HTTP GET /api/gateway/health responded 200 in 102.7192 ms
