2026-03-25 10:49:29.410 +05:00 [WRN] JWT authentication failed
Microsoft.IdentityModel.Tokens.SecurityTokenExpiredException: IDX10223: Lifetime validation failed. The token is expired. ValidTo (UTC): '3/24/2026 2:56:53 PM', Current time (UTC): '3/25/2026 5:49:28 AM'.
   at Microsoft.IdentityModel.Tokens.Validators.ValidateLifetime(Nullable`1 notBefore, Nullable`1 expires, SecurityToken securityToken, TokenValidationParameters validationParameters)
   at Microsoft.IdentityModel.JsonWebTokens.JsonWebTokenHandler.ValidateTokenPayloadAsync(JsonWebToken jsonWebToken, TokenValidationParameters validationParameters, BaseConfiguration configuration)
   at Microsoft.IdentityModel.JsonWebTokens.JsonWebTokenHandler.ValidateJWSAsync(JsonWebToken jsonWebToken, TokenValidationParameters validationParameters, BaseConfiguration configuration)
2026-03-25 10:49:30.832 +05:00 [WRN] Blocking unauthorized request to downstream /api/v1/health. IsAuthenticated: false, User: Anonymous
2026-03-25 10:49:30.919 +05:00 [INF] HTTP GET /api/v1/health responded 401 in 1976.0129 ms | User: Anonymous (N/A) | IP: ::1 | CorrelationId: N/A | RequestBody:  | ResponseBody: {"message": "Unauthorized. Please log in."}
2026-03-25 10:49:30.962 +05:00 [INF] HTTP GET /api/v1/health responded 401 in 2015.3308 ms
2026-03-25 10:49:32.977 +05:00 [WRN] JWT authentication failed
Microsoft.IdentityModel.Tokens.SecurityTokenExpiredException: IDX10223: Lifetime validation failed. The token is expired. ValidTo (UTC): '3/24/2026 2:56:53 PM', Current time (UTC): '3/25/2026 5:49:32 AM'.
   at Microsoft.IdentityModel.Tokens.Validators.ValidateLifetime(Nullable`1 notBefore, Nullable`1 expires, SecurityToken securityToken, TokenValidationParameters validationParameters)
   at Microsoft.IdentityModel.JsonWebTokens.JsonWebTokenHandler.ValidateTokenPayloadAsync(JsonWebToken jsonWebToken, TokenValidationParameters validationParameters, BaseConfiguration configuration)
   at Microsoft.IdentityModel.JsonWebTokens.JsonWebTokenHandler.ValidateJWSAsync(JsonWebToken jsonWebToken, TokenValidationParameters validationParameters, BaseConfiguration configuration)
2026-03-25 10:49:32.995 +05:00 [WRN] Blocking unauthorized request to downstream /api/v1/health. IsAuthenticated: false, User: Anonymous
2026-03-25 10:49:33.001 +05:00 [INF] HTTP GET /api/v1/health responded 401 in 54.0122 ms | User: Anonymous (N/A) | IP: ::1 | CorrelationId: N/A | RequestBody:  | ResponseBody: {"message": "Unauthorized. Please log in."}
2026-03-25 10:49:33.017 +05:00 [INF] HTTP GET /api/v1/health responded 401 in 69.3221 ms
2026-03-25 10:49:37.963 +05:00 [WRN] JWT authentication failed
Microsoft.IdentityModel.Tokens.SecurityTokenExpiredException: IDX10223: Lifetime validation failed. The token is expired. ValidTo (UTC): '3/24/2026 2:56:53 PM', Current time (UTC): '3/25/2026 5:49:37 AM'.
   at Microsoft.IdentityModel.Tokens.Validators.ValidateLifetime(Nullable`1 notBefore, Nullable`1 expires, SecurityToken securityToken, TokenValidationParameters validationParameters)
   at Microsoft.IdentityModel.JsonWebTokens.JsonWebTokenHandler.ValidateTokenPayloadAsync(JsonWebToken jsonWebToken, TokenValidationParameters validationParameters, BaseConfiguration configuration)
   at Microsoft.IdentityModel.JsonWebTokens.JsonWebTokenHandler.ValidateJWSAsync(JsonWebToken jsonWebToken, TokenValidationParameters validationParameters, BaseConfiguration configuration)
2026-03-25 10:49:37.977 +05:00 [WRN] Blocking unauthorized request to downstream /api/v1/health. IsAuthenticated: false, User: Anonymous
2026-03-25 10:49:37.984 +05:00 [INF] HTTP GET /api/v1/health responded 401 in 21.9066 ms | User: Anonymous (N/A) | IP: ::1 | CorrelationId: N/A | RequestBody:  | ResponseBody: {"message": "Unauthorized. Please log in."}
2026-03-25 10:49:37.998 +05:00 [INF] HTTP GET /api/v1/health responded 401 in 36.3826 ms
2026-03-25 10:49:42.969 +05:00 [WRN] JWT authentication failed
Microsoft.IdentityModel.Tokens.SecurityTokenExpiredException: IDX10223: Lifetime validation failed. The token is expired. ValidTo (UTC): '3/24/2026 2:56:53 PM', Current time (UTC): '3/25/2026 5:49:42 AM'.
   at Microsoft.IdentityModel.Tokens.Validators.ValidateLifetime(Nullable`1 notBefore, Nullable`1 expires, SecurityToken securityToken, TokenValidationParameters validationParameters)
   at Microsoft.IdentityModel.JsonWebTokens.JsonWebTokenHandler.ValidateTokenPayloadAsync(JsonWebToken jsonWebToken, TokenValidationParameters validationParameters, BaseConfiguration configuration)
   at Microsoft.IdentityModel.JsonWebTokens.JsonWebTokenHandler.ValidateJWSAsync(JsonWebToken jsonWebToken, TokenValidationParameters validationParameters, BaseConfiguration configuration)
2026-03-25 10:49:42.987 +05:00 [WRN] Blocking unauthorized request to downstream /api/v1/health. IsAuthenticated: false, User: Anonymous
2026-03-25 10:49:42.991 +05:00 [INF] HTTP GET /api/v1/health responded 401 in 26.3198 ms | User: Anonymous (N/A) | IP: ::1 | CorrelationId: N/A | RequestBody:  | ResponseBody: {"message": "Unauthorized. Please log in."}
2026-03-25 10:49:43.004 +05:00 [INF] HTTP GET /api/v1/health responded 401 in 38.8352 ms
2026-03-25 10:49:48.159 +05:00 [WRN] JWT authentication failed
Microsoft.IdentityModel.Tokens.SecurityTokenExpiredException: IDX10223: Lifetime validation failed. The token is expired. ValidTo (UTC): '3/24/2026 2:56:53 PM', Current time (UTC): '3/25/2026 5:49:48 AM'.
   at Microsoft.IdentityModel.Tokens.Validators.ValidateLifetime(Nullable`1 notBefore, Nullable`1 expires, SecurityToken securityToken, TokenValidationParameters validationParameters)
   at Microsoft.IdentityModel.JsonWebTokens.JsonWebTokenHandler.ValidateTokenPayloadAsync(JsonWebToken jsonWebToken, TokenValidationParameters validationParameters, BaseConfiguration configuration)
   at Microsoft.IdentityModel.JsonWebTokens.JsonWebTokenHandler.ValidateJWSAsync(JsonWebToken jsonWebToken, TokenValidationParameters validationParameters, BaseConfiguration configuration)
2026-03-25 10:49:48.165 +05:00 [WRN] Blocking unauthorized request to downstream /api/v1/health. IsAuthenticated: false, User: Anonymous
2026-03-25 10:49:48.169 +05:00 [INF] HTTP GET /api/v1/health responded 401 in 20.8696 ms | User: Anonymous (N/A) | IP: ::1 | CorrelationId: N/A | RequestBody:  | ResponseBody: {"message": "Unauthorized. Please log in."}
2026-03-25 10:49:48.177 +05:00 [INF] HTTP GET /api/v1/health responded 401 in 28.9145 ms
2026-03-25 10:49:52.951 +05:00 [WRN] JWT authentication failed
Microsoft.IdentityModel.Tokens.SecurityTokenExpiredException: IDX10223: Lifetime validation failed. The token is expired. ValidTo (UTC): '3/24/2026 2:56:53 PM', Current time (UTC): '3/25/2026 5:49:52 AM'.
   at Microsoft.IdentityModel.Tokens.Validators.ValidateLifetime(Nullable`1 notBefore, Nullable`1 expires, SecurityToken securityToken, TokenValidationParameters validationParameters)
   at Microsoft.IdentityModel.JsonWebTokens.JsonWebTokenHandler.ValidateTokenPayloadAsync(JsonWebToken jsonWebToken, TokenValidationParameters validationParameters, BaseConfiguration configuration)
   at Microsoft.IdentityModel.JsonWebTokens.JsonWebTokenHandler.ValidateJWSAsync(JsonWebToken jsonWebToken, TokenValidationParameters validationParameters, BaseConfiguration configuration)
2026-03-25 10:49:52.955 +05:00 [WRN] Blocking unauthorized request to downstream /api/v1/health. IsAuthenticated: false, User: Anonymous
2026-03-25 10:49:52.964 +05:00 [INF] HTTP GET /api/v1/health responded 401 in 13.3359 ms | User: Anonymous (N/A) | IP: ::1 | CorrelationId: N/A | RequestBody:  | ResponseBody: {"message": "Unauthorized. Please log in."}
2026-03-25 10:49:52.973 +05:00 [INF] HTTP GET /api/v1/health responded 401 in 21.9040 ms
2026-03-25 10:49:57.954 +05:00 [WRN] JWT authentication failed
Microsoft.IdentityModel.Tokens.SecurityTokenExpiredException: IDX10223: Lifetime validation failed. The token is expired. ValidTo (UTC): '3/24/2026 2:56:53 PM', Current time (UTC): '3/25/2026 5:49:57 AM'.
   at Microsoft.IdentityModel.Tokens.Validators.ValidateLifetime(Nullable`1 notBefore, Nullable`1 expires, SecurityToken securityToken, TokenValidationParameters validationParameters)
   at Microsoft.IdentityModel.JsonWebTokens.JsonWebTokenHandler.ValidateTokenPayloadAsync(JsonWebToken jsonWebToken, TokenValidationParameters validationParameters, BaseConfiguration configuration)
   at Microsoft.IdentityModel.JsonWebTokens.JsonWebTokenHandler.ValidateJWSAsync(JsonWebToken jsonWebToken, TokenValidationParameters validationParameters, BaseConfiguration configuration)
2026-03-25 10:49:57.956 +05:00 [WRN] Blocking unauthorized request to downstream /api/v1/health. IsAuthenticated: false, User: Anonymous
2026-03-25 10:49:57.958 +05:00 [INF] HTTP GET /api/v1/health responded 401 in 4.6345 ms | User: Anonymous (N/A) | IP: ::1 | CorrelationId: N/A | RequestBody:  | ResponseBody: {"message": "Unauthorized. Please log in."}
2026-03-25 10:49:57.966 +05:00 [INF] HTTP GET /api/v1/health responded 401 in 12.6376 ms
2026-03-25 10:50:23.952 +05:00 [WRN] JWT authentication failed
Microsoft.IdentityModel.Tokens.SecurityTokenExpiredException: IDX10223: Lifetime validation failed. The token is expired. ValidTo (UTC): '3/24/2026 2:56:53 PM', Current time (UTC): '3/25/2026 5:50:23 AM'.
   at Microsoft.IdentityModel.Tokens.Validators.ValidateLifetime(Nullable`1 notBefore, Nullable`1 expires, SecurityToken securityToken, TokenValidationParameters validationParameters)
   at Microsoft.IdentityModel.JsonWebTokens.JsonWebTokenHandler.ValidateTokenPayloadAsync(JsonWebToken jsonWebToken, TokenValidationParameters validationParameters, BaseConfiguration configuration)
   at Microsoft.IdentityModel.JsonWebTokens.JsonWebTokenHandler.ValidateJWSAsync(JsonWebToken jsonWebToken, TokenValidationParameters validationParameters, BaseConfiguration configuration)
2026-03-25 10:50:23.958 +05:00 [WRN] Blocking unauthorized request to downstream /api/v1/health. IsAuthenticated: false, User: Anonymous
2026-03-25 10:50:23.963 +05:00 [INF] HTTP GET /api/v1/health responded 401 in 11.0877 ms | User: Anonymous (N/A) | IP: ::1 | CorrelationId: N/A | RequestBody:  | ResponseBody: {"message": "Unauthorized. Please log in."}
2026-03-25 10:50:23.971 +05:00 [INF] HTTP GET /api/v1/health responded 401 in 19.3794 ms
2026-03-25 10:51:23.955 +05:00 [WRN] JWT authentication failed
Microsoft.IdentityModel.Tokens.SecurityTokenExpiredException: IDX10223: Lifetime validation failed. The token is expired. ValidTo (UTC): '3/24/2026 2:56:53 PM', Current time (UTC): '3/25/2026 5:51:23 AM'.
   at Microsoft.IdentityModel.Tokens.Validators.ValidateLifetime(Nullable`1 notBefore, Nullable`1 expires, SecurityToken securityToken, TokenValidationParameters validationParameters)
   at Microsoft.IdentityModel.JsonWebTokens.JsonWebTokenHandler.ValidateTokenPayloadAsync(JsonWebToken jsonWebToken, TokenValidationParameters validationParameters, BaseConfiguration configuration)
   at Microsoft.IdentityModel.JsonWebTokens.JsonWebTokenHandler.ValidateJWSAsync(JsonWebToken jsonWebToken, TokenValidationParameters validationParameters, BaseConfiguration configuration)
2026-03-25 10:51:23.960 +05:00 [WRN] Blocking unauthorized request to downstream /api/v1/health. IsAuthenticated: false, User: Anonymous
2026-03-25 10:51:23.962 +05:00 [INF] HTTP GET /api/v1/health responded 401 in 10.0052 ms | User: Anonymous (N/A) | IP: ::1 | CorrelationId: N/A | RequestBody:  | ResponseBody: {"message": "Unauthorized. Please log in."}
2026-03-25 10:51:23.970 +05:00 [INF] HTTP GET /api/v1/health responded 401 in 18.1883 ms
2026-03-25 10:52:11.262 +05:00 [WRN] JWT authentication failed
Microsoft.IdentityModel.Tokens.SecurityTokenExpiredException: IDX10223: Lifetime validation failed. The token is expired. ValidTo (UTC): '3/24/2026 2:56:53 PM', Current time (UTC): '3/25/2026 5:52:11 AM'.
   at Microsoft.IdentityModel.Tokens.Validators.ValidateLifetime(Nullable`1 notBefore, Nullable`1 expires, SecurityToken securityToken, TokenValidationParameters validationParameters)
   at Microsoft.IdentityModel.JsonWebTokens.JsonWebTokenHandler.ValidateTokenPayloadAsync(JsonWebToken jsonWebToken, TokenValidationParameters validationParameters, BaseConfiguration configuration)
   at Microsoft.IdentityModel.JsonWebTokens.JsonWebTokenHandler.ValidateJWSAsync(JsonWebToken jsonWebToken, TokenValidationParameters validationParameters, BaseConfiguration configuration)
2026-03-25 10:52:11.307 +05:00 [WRN] Blocking unauthorized request to downstream /api/v1/health. IsAuthenticated: false, User: Anonymous
2026-03-25 10:52:11.314 +05:00 [INF] HTTP GET /api/v1/health responded 401 in 54.5992 ms | User: Anonymous (N/A) | IP: ::1 | CorrelationId: N/A | RequestBody:  | ResponseBody: {"message": "Unauthorized. Please log in."}
2026-03-25 10:52:11.330 +05:00 [INF] HTTP GET /api/v1/health responded 401 in 70.7524 ms
2026-03-25 10:52:12.749 +05:00 [WRN] JWT authentication failed
Microsoft.IdentityModel.Tokens.SecurityTokenExpiredException: IDX10223: Lifetime validation failed. The token is expired. ValidTo (UTC): '3/24/2026 2:56:53 PM', Current time (UTC): '3/25/2026 5:52:12 AM'.
   at Microsoft.IdentityModel.Tokens.Validators.ValidateLifetime(Nullable`1 notBefore, Nullable`1 expires, SecurityToken securityToken, TokenValidationParameters validationParameters)
   at Microsoft.IdentityModel.JsonWebTokens.JsonWebTokenHandler.ValidateTokenPayloadAsync(JsonWebToken jsonWebToken, TokenValidationParameters validationParameters, BaseConfiguration configuration)
   at Microsoft.IdentityModel.JsonWebTokens.JsonWebTokenHandler.ValidateJWSAsync(JsonWebToken jsonWebToken, TokenValidationParameters validationParameters, BaseConfiguration configuration)
2026-03-25 10:52:12.787 +05:00 [WRN] JWT authentication failed
Microsoft.IdentityModel.Tokens.SecurityTokenExpiredException: IDX10223: Lifetime validation failed. The token is expired. ValidTo (UTC): '3/24/2026 2:56:53 PM', Current time (UTC): '3/25/2026 5:52:12 AM'.
   at Microsoft.IdentityModel.Tokens.Validators.ValidateLifetime(Nullable`1 notBefore, Nullable`1 expires, SecurityToken securityToken, TokenValidationParameters validationParameters)
   at Microsoft.IdentityModel.JsonWebTokens.JsonWebTokenHandler.ValidateTokenPayloadAsync(JsonWebToken jsonWebToken, TokenValidationParameters validationParameters, BaseConfiguration configuration)
   at Microsoft.IdentityModel.JsonWebTokens.JsonWebTokenHandler.ValidateJWSAsync(JsonWebToken jsonWebToken, TokenValidationParameters validationParameters, BaseConfiguration configuration)
2026-03-25 10:52:12.787 +05:00 [WRN] JWT authentication failed
Microsoft.IdentityModel.Tokens.SecurityTokenExpiredException: IDX10223: Lifetime validation failed. The token is expired. ValidTo (UTC): '3/24/2026 2:56:53 PM', Current time (UTC): '3/25/2026 5:52:12 AM'.
   at Microsoft.IdentityModel.Tokens.Validators.ValidateLifetime(Nullable`1 notBefore, Nullable`1 expires, SecurityToken securityToken, TokenValidationParameters validationParameters)
   at Microsoft.IdentityModel.JsonWebTokens.JsonWebTokenHandler.ValidateTokenPayloadAsync(JsonWebToken jsonWebToken, TokenValidationParameters validationParameters, BaseConfiguration configuration)
   at Microsoft.IdentityModel.JsonWebTokens.JsonWebTokenHandler.ValidateJWSAsync(JsonWebToken jsonWebToken, TokenValidationParameters validationParameters, BaseConfiguration configuration)
2026-03-25 10:52:12.866 +05:00 [WRN] Blocking unauthorized request to downstream /api/v1/health. IsAuthenticated: false, User: Anonymous
2026-03-25 10:52:12.787 +05:00 [WRN] JWT authentication failed
Microsoft.IdentityModel.Tokens.SecurityTokenExpiredException: IDX10223: Lifetime validation failed. The token is expired. ValidTo (UTC): '3/24/2026 2:56:53 PM', Current time (UTC): '3/25/2026 5:52:12 AM'.
   at Microsoft.IdentityModel.Tokens.Validators.ValidateLifetime(Nullable`1 notBefore, Nullable`1 expires, SecurityToken securityToken, TokenValidationParameters validationParameters)
   at Microsoft.IdentityModel.JsonWebTokens.JsonWebTokenHandler.ValidateTokenPayloadAsync(JsonWebToken jsonWebToken, TokenValidationParameters validationParameters, BaseConfiguration configuration)
   at Microsoft.IdentityModel.JsonWebTokens.JsonWebTokenHandler.ValidateJWSAsync(JsonWebToken jsonWebToken, TokenValidationParameters validationParameters, BaseConfiguration configuration)
2026-03-25 10:52:12.869 +05:00 [WRN] Blocking unauthorized request to downstream /api/participants/all. IsAuthenticated: false, User: Anonymous
2026-03-25 10:52:12.824 +05:00 [WRN] Blocking unauthorized request to downstream /api/v1/health. IsAuthenticated: false, User: Anonymous
2026-03-25 10:52:12.845 +05:00 [WRN] JWT authentication failed
Microsoft.IdentityModel.Tokens.SecurityTokenExpiredException: IDX10223: Lifetime validation failed. The token is expired. ValidTo (UTC): '3/24/2026 2:56:53 PM', Current time (UTC): '3/25/2026 5:52:12 AM'.
   at Microsoft.IdentityModel.Tokens.Validators.ValidateLifetime(Nullable`1 notBefore, Nullable`1 expires, SecurityToken securityToken, TokenValidationParameters validationParameters)
   at Microsoft.IdentityModel.JsonWebTokens.JsonWebTokenHandler.ValidateTokenPayloadAsync(JsonWebToken jsonWebToken, TokenValidationParameters validationParameters, BaseConfiguration configuration)
   at Microsoft.IdentityModel.JsonWebTokens.JsonWebTokenHandler.ValidateJWSAsync(JsonWebToken jsonWebToken, TokenValidationParameters validationParameters, BaseConfiguration configuration)
2026-03-25 10:52:12.847 +05:00 [WRN] JWT authentication failed
Microsoft.IdentityModel.Tokens.SecurityTokenExpiredException: IDX10223: Lifetime validation failed. The token is expired. ValidTo (UTC): '3/24/2026 2:56:53 PM', Current time (UTC): '3/25/2026 5:52:12 AM'.
   at Microsoft.IdentityModel.Tokens.Validators.ValidateLifetime(Nullable`1 notBefore, Nullable`1 expires, SecurityToken securityToken, TokenValidationParameters validationParameters)
   at Microsoft.IdentityModel.JsonWebTokens.JsonWebTokenHandler.ValidateTokenPayloadAsync(JsonWebToken jsonWebToken, TokenValidationParameters validationParameters, BaseConfiguration configuration)
   at Microsoft.IdentityModel.JsonWebTokens.JsonWebTokenHandler.ValidateJWSAsync(JsonWebToken jsonWebToken, TokenValidationParameters validationParameters, BaseConfiguration configuration)
2026-03-25 10:52:12.892 +05:00 [INF] HTTP GET /api/v1/health responded 401 in 122.6563 ms | User: Anonymous (N/A) | IP: ::1 | CorrelationId: N/A | RequestBody:  | ResponseBody: {"message": "Unauthorized. Please log in."}
2026-03-25 10:52:12.896 +05:00 [WRN] Blocking unauthorized request to downstream /api/promotions/actions. IsAuthenticated: false, User: Anonymous
2026-03-25 10:52:12.907 +05:00 [INF] HTTP GET /api/participants/all responded 401 in 130.0105 ms | User: Anonymous (N/A) | IP: ::1 | CorrelationId: N/A | RequestBody:  | ResponseBody: {"message": "Unauthorized. Please log in."}
2026-03-25 10:52:12.916 +05:00 [INF] HTTP GET /api/v1/health responded 401 in 168.4147 ms | User: Anonymous (N/A) | IP: ::1 | CorrelationId: N/A | RequestBody:  | ResponseBody: {"message": "Unauthorized. Please log in."}
2026-03-25 10:52:12.919 +05:00 [WRN] Blocking unauthorized request to downstream /api/promotions/delivery-points. IsAuthenticated: false, User: Anonymous
2026-03-25 10:52:12.924 +05:00 [WRN] Blocking unauthorized request to downstream /api/promotions/customer-relations. IsAuthenticated: false, User: Anonymous
2026-03-25 10:52:12.934 +05:00 [INF] HTTP GET /api/v1/health responded 401 in 163.9891 ms
2026-03-25 10:52:12.937 +05:00 [INF] HTTP GET /api/promotions/actions responded 401 in 167.2919 ms | User: Anonymous (N/A) | IP: ::1 | CorrelationId: N/A | RequestBody:  | ResponseBody: {"message": "Unauthorized. Please log in."}
2026-03-25 10:52:12.952 +05:00 [INF] HTTP GET /api/participants/all responded 401 in 175.7985 ms
2026-03-25 10:52:12.997 +05:00 [INF] HTTP GET /api/promotions/actions responded 401 in 227.2862 ms
2026-03-25 10:52:12.966 +05:00 [INF] HTTP GET /api/v1/health responded 401 in 218.7546 ms
2026-03-25 10:52:12.969 +05:00 [INF] HTTP GET /api/promotions/delivery-points responded 401 in 139.9305 ms | User: Anonymous (N/A) | IP: ::1 | CorrelationId: N/A | RequestBody:  | ResponseBody: {"message": "Unauthorized. Please log in."}
2026-03-25 10:52:13.015 +05:00 [WRN] JWT authentication failed
Microsoft.IdentityModel.Tokens.SecurityTokenExpiredException: IDX10223: Lifetime validation failed. The token is expired. ValidTo (UTC): '3/24/2026 2:56:53 PM', Current time (UTC): '3/25/2026 5:52:13 AM'.
   at Microsoft.IdentityModel.Tokens.Validators.ValidateLifetime(Nullable`1 notBefore, Nullable`1 expires, SecurityToken securityToken, TokenValidationParameters validationParameters)
   at Microsoft.IdentityModel.JsonWebTokens.JsonWebTokenHandler.ValidateTokenPayloadAsync(JsonWebToken jsonWebToken, TokenValidationParameters validationParameters, BaseConfiguration configuration)
   at Microsoft.IdentityModel.JsonWebTokens.JsonWebTokenHandler.ValidateJWSAsync(JsonWebToken jsonWebToken, TokenValidationParameters validationParameters, BaseConfiguration configuration)
2026-03-25 10:52:12.972 +05:00 [INF] HTTP GET /api/promotions/customer-relations responded 401 in 126.7939 ms | User: Anonymous (N/A) | IP: ::1 | CorrelationId: N/A | RequestBody:  | ResponseBody: {"message": "Unauthorized. Please log in."}
2026-03-25 10:52:12.995 +05:00 [WRN] JWT authentication failed
Microsoft.IdentityModel.Tokens.SecurityTokenExpiredException: IDX10223: Lifetime validation failed. The token is expired. ValidTo (UTC): '3/24/2026 2:56:53 PM', Current time (UTC): '3/25/2026 5:52:12 AM'.
   at Microsoft.IdentityModel.Tokens.Validators.ValidateLifetime(Nullable`1 notBefore, Nullable`1 expires, SecurityToken securityToken, TokenValidationParameters validationParameters)
   at Microsoft.IdentityModel.JsonWebTokens.JsonWebTokenHandler.ValidateTokenPayloadAsync(JsonWebToken jsonWebToken, TokenValidationParameters validationParameters, BaseConfiguration configuration)
   at Microsoft.IdentityModel.JsonWebTokens.JsonWebTokenHandler.ValidateJWSAsync(JsonWebToken jsonWebToken, TokenValidationParameters validationParameters, BaseConfiguration configuration)
2026-03-25 10:52:13.033 +05:00 [WRN] JWT authentication failed
Microsoft.IdentityModel.Tokens.SecurityTokenExpiredException: IDX10223: Lifetime validation failed. The token is expired. ValidTo (UTC): '3/24/2026 2:56:53 PM', Current time (UTC): '3/25/2026 5:52:13 AM'.
   at Microsoft.IdentityModel.Tokens.Validators.ValidateLifetime(Nullable`1 notBefore, Nullable`1 expires, SecurityToken securityToken, TokenValidationParameters validationParameters)
   at Microsoft.IdentityModel.JsonWebTokens.JsonWebTokenHandler.ValidateTokenPayloadAsync(JsonWebToken jsonWebToken, TokenValidationParameters validationParameters, BaseConfiguration configuration)
   at Microsoft.IdentityModel.JsonWebTokens.JsonWebTokenHandler.ValidateJWSAsync(JsonWebToken jsonWebToken, TokenValidationParameters validationParameters, BaseConfiguration configuration)
2026-03-25 10:52:13.033 +05:00 [WRN] JWT authentication failed
Microsoft.IdentityModel.Tokens.SecurityTokenExpiredException: IDX10223: Lifetime validation failed. The token is expired. ValidTo (UTC): '3/24/2026 2:56:53 PM', Current time (UTC): '3/25/2026 5:52:13 AM'.
   at Microsoft.IdentityModel.Tokens.Validators.ValidateLifetime(Nullable`1 notBefore, Nullable`1 expires, SecurityToken securityToken, TokenValidationParameters validationParameters)
   at Microsoft.IdentityModel.JsonWebTokens.JsonWebTokenHandler.ValidateTokenPayloadAsync(JsonWebToken jsonWebToken, TokenValidationParameters validationParameters, BaseConfiguration configuration)
   at Microsoft.IdentityModel.JsonWebTokens.JsonWebTokenHandler.ValidateJWSAsync(JsonWebToken jsonWebToken, TokenValidationParameters validationParameters, BaseConfiguration configuration)
2026-03-25 10:52:13.033 +05:00 [INF] HTTP GET /api/promotions/delivery-points responded 401 in 204.1460 ms
2026-03-25 10:52:13.058 +05:00 [WRN] Blocking unauthorized request to downstream /api/participants/all. IsAuthenticated: false, User: Anonymous
2026-03-25 10:52:13.063 +05:00 [INF] HTTP GET /api/promotions/customer-relations responded 401 in 217.2255 ms
2026-03-25 10:52:13.079 +05:00 [WRN] JWT authentication failed
Microsoft.IdentityModel.Tokens.SecurityTokenExpiredException: IDX10223: Lifetime validation failed. The token is expired. ValidTo (UTC): '3/24/2026 2:56:53 PM', Current time (UTC): '3/25/2026 5:52:13 AM'.
   at Microsoft.IdentityModel.Tokens.Validators.ValidateLifetime(Nullable`1 notBefore, Nullable`1 expires, SecurityToken securityToken, TokenValidationParameters validationParameters)
   at Microsoft.IdentityModel.JsonWebTokens.JsonWebTokenHandler.ValidateTokenPayloadAsync(JsonWebToken jsonWebToken, TokenValidationParameters validationParameters, BaseConfiguration configuration)
   at Microsoft.IdentityModel.JsonWebTokens.JsonWebTokenHandler.ValidateJWSAsync(JsonWebToken jsonWebToken, TokenValidationParameters validationParameters, BaseConfiguration configuration)
2026-03-25 10:52:13.068 +05:00 [WRN] Blocking unauthorized request to downstream /api/promotions/delivery-points. IsAuthenticated: false, User: Anonymous
2026-03-25 10:52:13.083 +05:00 [INF] HTTP GET /api/participants/all responded 401 in 68.5825 ms | User: Anonymous (N/A) | IP: ::1 | CorrelationId: N/A | RequestBody:  | ResponseBody: {"message": "Unauthorized. Please log in."}
2026-03-25 10:52:13.071 +05:00 [WRN] Blocking unauthorized request to downstream /api/promotions/actions. IsAuthenticated: false, User: Anonymous
2026-03-25 10:52:13.066 +05:00 [WRN] Blocking unauthorized request to downstream /api/promotions/dashboard/metrics. IsAuthenticated: false, User: Anonymous
2026-03-25 10:52:13.108 +05:00 [WRN] Blocking unauthorized request to downstream /api/promotions/customer-relations. IsAuthenticated: false, User: Anonymous
2026-03-25 10:52:13.131 +05:00 [INF] HTTP GET /api/promotions/customer-relations responded 401 in 51.6254 ms | User: Anonymous (N/A) | IP: ::1 | CorrelationId: N/A | RequestBody:  | ResponseBody: {"message": "Unauthorized. Please log in."}
2026-03-25 10:52:13.117 +05:00 [INF] HTTP GET /api/participants/all responded 401 in 103.1244 ms
2026-03-25 10:52:13.110 +05:00 [INF] HTTP GET /api/promotions/delivery-points responded 401 in 78.2779 ms | User: Anonymous (N/A) | IP: ::1 | CorrelationId: N/A | RequestBody:  | ResponseBody: {"message": "Unauthorized. Please log in."}
2026-03-25 10:52:13.131 +05:00 [WRN] JWT authentication failed
Microsoft.IdentityModel.Tokens.SecurityTokenExpiredException: IDX10223: Lifetime validation failed. The token is expired. ValidTo (UTC): '3/24/2026 2:56:53 PM', Current time (UTC): '3/25/2026 5:52:13 AM'.
   at Microsoft.IdentityModel.Tokens.Validators.ValidateLifetime(Nullable`1 notBefore, Nullable`1 expires, SecurityToken securityToken, TokenValidationParameters validationParameters)
   at Microsoft.IdentityModel.JsonWebTokens.JsonWebTokenHandler.ValidateTokenPayloadAsync(JsonWebToken jsonWebToken, TokenValidationParameters validationParameters, BaseConfiguration configuration)
   at Microsoft.IdentityModel.JsonWebTokens.JsonWebTokenHandler.ValidateJWSAsync(JsonWebToken jsonWebToken, TokenValidationParameters validationParameters, BaseConfiguration configuration)
2026-03-25 10:52:13.126 +05:00 [INF] HTTP GET /api/promotions/actions responded 401 in 94.2262 ms | User: Anonymous (N/A) | IP: ::1 | CorrelationId: N/A | RequestBody:  | ResponseBody: {"message": "Unauthorized. Please log in."}
2026-03-25 10:52:13.128 +05:00 [INF] HTTP GET /api/promotions/dashboard/metrics responded 401 in 134.2629 ms | User: Anonymous (N/A) | IP: ::1 | CorrelationId: N/A | RequestBody:  | ResponseBody: {"message": "Unauthorized. Please log in."}
2026-03-25 10:52:13.146 +05:00 [INF] HTTP GET /api/promotions/customer-relations responded 401 in 67.4725 ms
2026-03-25 10:52:13.178 +05:00 [INF] HTTP GET /api/promotions/delivery-points responded 401 in 146.0967 ms
2026-03-25 10:52:13.179 +05:00 [WRN] JWT authentication failed
Microsoft.IdentityModel.Tokens.SecurityTokenExpiredException: IDX10223: Lifetime validation failed. The token is expired. ValidTo (UTC): '3/24/2026 2:56:53 PM', Current time (UTC): '3/25/2026 5:52:13 AM'.
   at Microsoft.IdentityModel.Tokens.Validators.ValidateLifetime(Nullable`1 notBefore, Nullable`1 expires, SecurityToken securityToken, TokenValidationParameters validationParameters)
   at Microsoft.IdentityModel.JsonWebTokens.JsonWebTokenHandler.ValidateTokenPayloadAsync(JsonWebToken jsonWebToken, TokenValidationParameters validationParameters, BaseConfiguration configuration)
   at Microsoft.IdentityModel.JsonWebTokens.JsonWebTokenHandler.ValidateJWSAsync(JsonWebToken jsonWebToken, TokenValidationParameters validationParameters, BaseConfiguration configuration)
2026-03-25 10:52:13.200 +05:00 [INF] Forwarding request POST /api/auth/refresh to http://localhost:5253/api/v1/auth/refresh
2026-03-25 10:52:13.195 +05:00 [INF] HTTP GET /api/promotions/actions responded 401 in 163.6264 ms
2026-03-25 10:52:13.200 +05:00 [INF] HTTP GET /api/promotions/dashboard/metrics responded 401 in 206.2469 ms
2026-03-25 10:52:13.215 +05:00 [WRN] Blocking unauthorized request to downstream /api/promotions/dashboard/metrics. IsAuthenticated: false, User: Anonymous
2026-03-25 10:52:13.243 +05:00 [INF] HTTP GET /api/promotions/dashboard/metrics responded 401 in 63.7719 ms | User: Anonymous (N/A) | IP: ::1 | CorrelationId: N/A | RequestBody:  | ResponseBody: {"message": "Unauthorized. Please log in."}
2026-03-25 10:52:13.255 +05:00 [INF] HTTP GET /api/promotions/dashboard/metrics responded 401 in 75.9335 ms
2026-03-25 10:52:15.798 +05:00 [INF] Received response 200 from http://localhost:5253/api/v1/auth/refresh. Headers: Connection=close, Date=Wed, 25 Mar 2026 05:52:15 GMT, Server=Kestrel, Access-Control-Allow-Origin=http://localhost:5001, Transfer-Encoding=chunked, Vary=Origin, X-Session-Middleware=SSO_RAN, X-Session-Status=SKIPPED_UNAUTH
2026-03-25 10:52:15.813 +05:00 [INF] HTTP POST /api/auth/refresh responded 200 in 2692.0055 ms | User: Anonymous (N/A) | IP: ::1 | CorrelationId: N/A | RequestBody: {"refreshToken":"78b8d491-0a2a-4843-80ba-ca77ea87990d"} | ResponseBody: {"accessToken":"eyJhbGciOiJIUzI1NiIsInR5cCI6IkpXVCJ9.eyJzdWIiOiIxIiwiZW1haWwiOiJ6enpAZ21haWwuY29tIiwidW5pcXVlX25hbWUiOiJ6enoiLCJodHRwOi8vc2NoZW1hcy5taWNyb3NvZnQuY29tL3dzLzIwMDgvMDYvaWRlbnRpdHkvY2xhaW1zL3JvbGUiOiJBZG1pbiIsIlNlc3Npb25JZCI6ImNjMjAzYmNhLWFhNzQtNGY0OC1hMzRjLTJmMGQyZWU2NWU3MyIsImV4cCI6MTc3NDQyNTEzNSwiaXNzIjoiTXlDb21wYW55IiwiYXVkIjoiTXlDb21wYW55VXNlcnMifQ.2U000gQP3cLjaEMmC3QHYEF2cy09CLSXb2MJMfLbfsY","refreshToken":"45df9c96-09e7-4a4c-8c31-d31f1ca8b255"}
2026-03-25 10:52:15.829 +05:00 [INF] HTTP POST /api/auth/refresh responded 200 in 2707.6877 ms
2026-03-25 10:52:15.874 +05:00 [INF] JWT validated for zzz
2026-03-25 10:52:15.874 +05:00 [INF] JWT validated for zzz
2026-03-25 10:52:15.874 +05:00 [INF] JWT validated for zzz
2026-03-25 10:52:15.874 +05:00 [INF] JWT validated for zzz
2026-03-25 10:52:15.874 +05:00 [INF] JWT validated for zzz
2026-03-25 10:52:15.885 +05:00 [INF] Forwarding request GET /api/promotions/actions to http://localhost:5137/api/v1/promotions/actions
2026-03-25 10:52:15.886 +05:00 [INF] Forwarding request GET /api/promotions/customer-relations to http://localhost:5137/api/v1/promotions/customer-relations
2026-03-25 10:52:15.890 +05:00 [INF] Forwarding request GET /api/promotions/dashboard/metrics to http://localhost:5137/api/v1/promotions/dashboard/metrics
2026-03-25 10:52:15.889 +05:00 [INF] Forwarding request GET /api/participants/all to http://localhost:5137/api/v1/participants/all
2026-03-25 10:52:15.891 +05:00 [INF] Forwarding request GET /api/promotions/delivery-points to http://localhost:5137/api/v1/promotions/delivery-points
2026-03-25 10:52:16.947 +05:00 [INF] Received response 200 from http://localhost:5137/api/v1/promotions/actions. Headers: Connection=close, Date=Wed, 25 Mar 2026 05:52:16 GMT, Server=Kestrel, Transfer-Encoding=chunked, X-Promotions-Api-Version=V4_NO_THROW, X-Middleware-Reached=SESSION_VALIDATOR_V5, X-Session-Middleware=PROMO_RAN, X-Session-Token=cc203bca-aa74-4f48-a34c-2f0d2ee65e73, X-Session-UserClaim=1, X-Session-DB=cc203bca-aa74-4f48-a34c-2f0d2ee65e73, X-Session-Status=VALID, api-supported-versions=1.0
2026-03-25 10:52:16.950 +05:00 [INF] Received response 200 from http://localhost:5137/api/v1/promotions/customer-relations. Headers: Connection=close, Date=Wed, 25 Mar 2026 05:52:16 GMT, Server=Kestrel, Transfer-Encoding=chunked, X-Promotions-Api-Version=V4_NO_THROW, X-Middleware-Reached=SESSION_VALIDATOR_V5, X-Session-Middleware=PROMO_RAN, X-Session-Token=cc203bca-aa74-4f48-a34c-2f0d2ee65e73, X-Session-UserClaim=1, X-Session-DB=cc203bca-aa74-4f48-a34c-2f0d2ee65e73, X-Session-Status=VALID, api-supported-versions=1.0
2026-03-25 10:52:16.984 +05:00 [INF] Received response 200 from http://localhost:5137/api/v1/promotions/delivery-points. Headers: Connection=close, Date=Wed, 25 Mar 2026 05:52:16 GMT, Server=Kestrel, Transfer-Encoding=chunked, X-Promotions-Api-Version=V4_NO_THROW, X-Middleware-Reached=SESSION_VALIDATOR_V5, X-Session-Middleware=PROMO_RAN, X-Session-Token=cc203bca-aa74-4f48-a34c-2f0d2ee65e73, X-Session-UserClaim=1, X-Session-DB=cc203bca-aa74-4f48-a34c-2f0d2ee65e73, X-Session-Status=VALID, api-supported-versions=1.0
2026-03-25 10:52:16.981 +05:00 [INF] HTTP GET /api/promotions/customer-relations responded 200 in 1106.9062 ms | User: zzz (1) | IP: ::1 | CorrelationId: N/A | RequestBody:  | ResponseBody: [{"idAction":0,"codHier":"H_1","codDiv":"DIV_1","codNode":"NODE_1","idLevel":1,"dteStart":"2026-03-24T17:25:00","codParentNode":"ROOT_1","dteEnd":"2026-03-26T17:25:00"},{"idAction":0,"codHier":"H_2","codDiv":"DIV_2","codNode":"NODE_2","idLevel":2,"dteStart":"2026-03-26T00:00:00","codParentNode":"ROOT","dteEnd":null}]
2026-03-25 10:52:16.985 +05:00 [INF] Received response 200 from http://localhost:5137/api/v1/participants/all. Headers: Connection=close, Date=Wed, 25 Mar 2026 05:52:16 GMT, Server=Kestrel, Transfer-Encoding=chunked, X-Promotions-Api-Version=V4_NO_THROW, X-Middleware-Reached=SESSION_VALIDATOR_V5, X-Session-Middleware=PROMO_RAN, X-Session-Token=cc203bca-aa74-4f48-a34c-2f0d2ee65e73, X-Session-UserClaim=1, X-Session-DB=cc203bca-aa74-4f48-a34c-2f0d2ee65e73, X-Session-Status=VALID, api-supported-versions=1.0
2026-03-25 10:52:16.987 +05:00 [INF] HTTP GET /api/promotions/actions responded 200 in 1113.9799 ms | User: zzz (1) | IP: ::1 | CorrelationId: N/A | RequestBody:  | ResponseBody: [{"idAction":1,"name":"PROMO_1","codDiv":"DIV_1","dteStartSellIn":"2026-03-25T17:57:00","dteEndSellIn":"2026-03-26T17:57:00","dteStartSellOut":"2026-03-26T17:57:00","dteEndSellOut":"2026-03-28T17:57:00","documentKey":"KEY_1","dteToShost":"2026-03-24T17:57:00","levParticipants":1}]
2026-03-25 10:52:17.011 +05:00 [INF] JWT validated for zzz
2026-03-25 10:52:17.016 +05:00 [INF] HTTP GET /api/promotions/delivery-points responded 200 in 1143.2718 ms | User: zzz (1) | IP: ::1 | CorrelationId: N/A | RequestBody:  | ResponseBody: [{"idAction":1,"codDeliveryPoint":"NODE_1","flgInclusion":true,"codHier":"H_1","codDiv":"DIV_1","codNode":"NODE_1","idLevel":1,"dteStart":"2026-03-24T17:25:00"}]
2026-03-25 10:52:17.027 +05:00 [INF] HTTP GET /api/promotions/customer-relations responded 200 in 1154.0978 ms
2026-03-25 10:52:17.031 +05:00 [INF] HTTP GET /api/participants/all responded 200 in 1158.3264 ms | User: zzz (1) | IP: ::1 | CorrelationId: N/A | RequestBody:  | ResponseBody: [{"idAction":1,"codParticipant":"N_2","flgInclusion":true,"codHier":"H_2","codDiv":"DIV_2","codNode":"NODE_2","idLevel":2,"dteStart":"2026-03-26T00:00:00"},{"idAction":1,"codParticipant":"NODE_1","flgInclusion":true,"codHier":"H_1","codDiv":"DIV_1","codNode":"NODE_1","idLevel":1,"dteStart":"2026-03-24T17:25:00"}]
2026-03-25 10:52:17.042 +05:00 [INF] HTTP GET /api/promotions/actions responded 200 in 1169.4971 ms
2026-03-25 10:52:17.096 +05:00 [INF] JWT validated for zzz
2026-03-25 10:52:17.063 +05:00 [INF] Forwarding request GET /api/promotions/customer-relations to http://localhost:5137/api/v1/promotions/customer-relations
2026-03-25 10:52:17.077 +05:00 [INF] HTTP GET /api/promotions/delivery-points responded 200 in 1203.9841 ms
2026-03-25 10:52:17.092 +05:00 [INF] HTTP GET /api/participants/all responded 200 in 1219.5428 ms
2026-03-25 10:52:17.112 +05:00 [INF] Forwarding request GET /api/promotions/actions to http://localhost:5137/api/v1/promotions/actions
2026-03-25 10:52:17.107 +05:00 [INF] JWT validated for zzz
2026-03-25 10:52:17.158 +05:00 [INF] JWT validated for zzz
2026-03-25 10:52:17.167 +05:00 [INF] Received response 200 from http://localhost:5137/api/v1/promotions/dashboard/metrics. Headers: Connection=close, Date=Wed, 25 Mar 2026 05:52:16 GMT, Server=Kestrel, Transfer-Encoding=chunked, X-Promotions-Api-Version=V4_NO_THROW, X-Middleware-Reached=SESSION_VALIDATOR_V5, X-Session-Middleware=PROMO_RAN, X-Session-Token=cc203bca-aa74-4f48-a34c-2f0d2ee65e73, X-Session-UserClaim=1, X-Session-DB=cc203bca-aa74-4f48-a34c-2f0d2ee65e73, X-Session-Status=VALID, api-supported-versions=1.0
2026-03-25 10:52:17.167 +05:00 [INF] Forwarding request GET /api/promotions/delivery-points to http://localhost:5137/api/v1/promotions/delivery-points
2026-03-25 10:52:17.187 +05:00 [INF] Received response 200 from http://localhost:5137/api/v1/promotions/customer-relations. Headers: Connection=close, Date=Wed, 25 Mar 2026 05:52:16 GMT, Server=Kestrel, Transfer-Encoding=chunked, X-Promotions-Api-Version=V4_NO_THROW, X-Middleware-Reached=SESSION_VALIDATOR_V5, X-Session-Middleware=PROMO_RAN, X-Session-Token=cc203bca-aa74-4f48-a34c-2f0d2ee65e73, X-Session-UserClaim=1, X-Session-DB=cc203bca-aa74-4f48-a34c-2f0d2ee65e73, X-Session-Status=VALID, api-supported-versions=1.0
2026-03-25 10:52:17.195 +05:00 [INF] HTTP GET /api/promotions/dashboard/metrics responded 200 in 1321.7058 ms | User: zzz (1) | IP: ::1 | CorrelationId: N/A | RequestBody:  | ResponseBody: {"totalPromotions":1,"totalProducts":1,"totalParticipants":2,"activeActions":0,"pendingActions":1,"expiredActions":0,"estimatedRevenue":0,"activityTrend":[{"dateLabel":"26","active":0,"pending":1,"failed":0},{"dateLabel":"01","active":0,"pending":1,"failed":0},{"dateLabel":"04","active":0,"pending":1,"failed":0},{"dateLabel":"07","active":0,"pending":1,"failed":0},{"dateLabel":"10","active":0,"pending":1,"failed":0},{"dateLabel":"13","active":0,"pending":1,"failed":0},{"dateLabel":"16","active":0,"pending":1,"failed":0},{"dateLabel":"19","active":0,"pending":1,"failed":0},{"dateLabel":"22","active":0,"pending":1,"failed":0},{"dateLabel":"25","active":0,"pending":1,"failed":0}]}
2026-03-25 10:52:17.188 +05:00 [INF] Forwarding request GET /api/participants/all to http://localhost:5137/api/v1/participants/all
2026-03-25 10:52:17.216 +05:00 [INF] JWT validated for zzz
2026-03-25 10:52:17.235 +05:00 [INF] HTTP GET /api/promotions/customer-relations responded 200 in 224.2322 ms | User: zzz (1) | IP: ::1 | CorrelationId: N/A | RequestBody:  | ResponseBody: [{"idAction":0,"codHier":"H_1","codDiv":"DIV_1","codNode":"NODE_1","idLevel":1,"dteStart":"2026-03-24T17:25:00","codParentNode":"ROOT_1","dteEnd":"2026-03-26T17:25:00"},{"idAction":0,"codHier":"H_2","codDiv":"DIV_2","codNode":"NODE_2","idLevel":2,"dteStart":"2026-03-26T00:00:00","codParentNode":"ROOT","dteEnd":null}]
2026-03-25 10:52:17.229 +05:00 [INF] Received response 200 from http://localhost:5137/api/v1/promotions/actions. Headers: Connection=close, Date=Wed, 25 Mar 2026 05:52:16 GMT, Server=Kestrel, Transfer-Encoding=chunked, X-Promotions-Api-Version=V4_NO_THROW, X-Middleware-Reached=SESSION_VALIDATOR_V5, X-Session-Middleware=PROMO_RAN, X-Session-Token=cc203bca-aa74-4f48-a34c-2f0d2ee65e73, X-Session-UserClaim=1, X-Session-DB=cc203bca-aa74-4f48-a34c-2f0d2ee65e73, X-Session-Status=VALID, api-supported-versions=1.0
2026-03-25 10:52:17.250 +05:00 [INF] HTTP GET /api/promotions/dashboard/metrics responded 200 in 1376.5573 ms
2026-03-25 10:52:17.278 +05:00 [INF] HTTP GET /api/promotions/customer-relations responded 200 in 267.4239 ms
2026-03-25 10:52:17.275 +05:00 [INF] Received response 200 from http://localhost:5137/api/v1/promotions/delivery-points. Headers: Connection=close, Date=Wed, 25 Mar 2026 05:52:16 GMT, Server=Kestrel, Transfer-Encoding=chunked, X-Promotions-Api-Version=V4_NO_THROW, X-Middleware-Reached=SESSION_VALIDATOR_V5, X-Session-Middleware=PROMO_RAN, X-Session-Token=cc203bca-aa74-4f48-a34c-2f0d2ee65e73, X-Session-UserClaim=1, X-Session-DB=cc203bca-aa74-4f48-a34c-2f0d2ee65e73, X-Session-Status=VALID, api-supported-versions=1.0
2026-03-25 10:52:17.291 +05:00 [INF] HTTP GET /api/promotions/actions responded 200 in 195.3665 ms | User: zzz (1) | IP: ::1 | CorrelationId: N/A | RequestBody:  | ResponseBody: [{"idAction":1,"name":"PROMO_1","codDiv":"DIV_1","dteStartSellIn":"2026-03-25T17:57:00","dteEndSellIn":"2026-03-26T17:57:00","dteStartSellOut":"2026-03-26T17:57:00","dteEndSellOut":"2026-03-28T17:57:00","documentKey":"KEY_1","dteToShost":"2026-03-24T17:57:00","levParticipants":1}]
2026-03-25 10:52:17.266 +05:00 [INF] Forwarding request GET /api/promotions/dashboard/metrics to http://localhost:5137/api/v1/promotions/dashboard/metrics
2026-03-25 10:52:17.344 +05:00 [INF] HTTP GET /api/promotions/delivery-points responded 200 in 237.0125 ms | User: zzz (1) | IP: ::1 | CorrelationId: N/A | RequestBody:  | ResponseBody: [{"idAction":1,"codDeliveryPoint":"NODE_1","flgInclusion":true,"codHier":"H_1","codDiv":"DIV_1","codNode":"NODE_1","idLevel":1,"dteStart":"2026-03-24T17:25:00"}]
2026-03-25 10:52:17.363 +05:00 [INF] HTTP GET /api/promotions/actions responded 200 in 267.1870 ms
2026-03-25 10:52:17.417 +05:00 [INF] Received response 200 from http://localhost:5137/api/v1/participants/all. Headers: Connection=close, Date=Wed, 25 Mar 2026 05:52:16 GMT, Server=Kestrel, Transfer-Encoding=chunked, X-Promotions-Api-Version=V4_NO_THROW, X-Middleware-Reached=SESSION_VALIDATOR_V5, X-Session-Middleware=PROMO_RAN, X-Session-Token=cc203bca-aa74-4f48-a34c-2f0d2ee65e73, X-Session-UserClaim=1, X-Session-DB=cc203bca-aa74-4f48-a34c-2f0d2ee65e73, X-Session-Status=VALID, api-supported-versions=1.0
2026-03-25 10:52:17.458 +05:00 [INF] HTTP GET /api/promotions/delivery-points responded 200 in 350.5700 ms
2026-03-25 10:52:17.469 +05:00 [INF] HTTP GET /api/participants/all responded 200 in 311.6889 ms | User: zzz (1) | IP: ::1 | CorrelationId: N/A | RequestBody:  | ResponseBody: [{"idAction":1,"codParticipant":"N_2","flgInclusion":true,"codHier":"H_2","codDiv":"DIV_2","codNode":"NODE_2","idLevel":2,"dteStart":"2026-03-26T00:00:00"},{"idAction":1,"codParticipant":"NODE_1","flgInclusion":true,"codHier":"H_1","codDiv":"DIV_1","codNode":"NODE_1","idLevel":1,"dteStart":"2026-03-24T17:25:00"}]
2026-03-25 10:52:17.522 +05:00 [INF] HTTP GET /api/participants/all responded 200 in 364.6906 ms
2026-03-25 10:52:17.552 +05:00 [INF] Received response 200 from http://localhost:5137/api/v1/promotions/dashboard/metrics. Headers: Connection=close, Date=Wed, 25 Mar 2026 05:52:16 GMT, Server=Kestrel, Transfer-Encoding=chunked, X-Promotions-Api-Version=V4_NO_THROW, X-Middleware-Reached=SESSION_VALIDATOR_V5, X-Session-Middleware=PROMO_RAN, X-Session-Token=cc203bca-aa74-4f48-a34c-2f0d2ee65e73, X-Session-UserClaim=1, X-Session-DB=cc203bca-aa74-4f48-a34c-2f0d2ee65e73, X-Session-Status=VALID, api-supported-versions=1.0
2026-03-25 10:52:17.565 +05:00 [INF] HTTP GET /api/promotions/dashboard/metrics responded 200 in 349.5687 ms | User: zzz (1) | IP: ::1 | CorrelationId: N/A | RequestBody:  | ResponseBody: {"totalPromotions":1,"totalProducts":1,"totalParticipants":2,"activeActions":0,"pendingActions":1,"expiredActions":0,"estimatedRevenue":0,"activityTrend":[{"dateLabel":"26","active":0,"pending":1,"failed":0},{"dateLabel":"01","active":0,"pending":1,"failed":0},{"dateLabel":"04","active":0,"pending":1,"failed":0},{"dateLabel":"07","active":0,"pending":1,"failed":0},{"dateLabel":"10","active":0,"pending":1,"failed":0},{"dateLabel":"13","active":0,"pending":1,"failed":0},{"dateLabel":"16","active":0,"pending":1,"failed":0},{"dateLabel":"19","active":0,"pending":1,"failed":0},{"dateLabel":"22","active":0,"pending":1,"failed":0},{"dateLabel":"25","active":0,"pending":1,"failed":0}]}
2026-03-25 10:52:17.579 +05:00 [INF] HTTP GET /api/promotions/dashboard/metrics responded 200 in 362.8498 ms
2026-03-25 10:52:17.781 +05:00 [INF] JWT validated for zzz
2026-03-25 10:52:17.784 +05:00 [INF] Forwarding request GET /api/v1/health to http://localhost:5137/api/v1/health
2026-03-25 10:52:17.806 +05:00 [INF] Received response 200 from http://localhost:5137/api/v1/health. Headers: Connection=close, Date=Wed, 25 Mar 2026 05:52:16 GMT, Server=Kestrel, Transfer-Encoding=chunked, X-Promotions-Api-Version=V4_NO_THROW, X-Middleware-Reached=SESSION_VALIDATOR_V5, X-Session-Middleware=PROMO_RAN, X-Session-Status=SKIPPED_HEALTH, api-supported-versions=1.0
2026-03-25 10:52:17.815 +05:00 [INF] HTTP GET /api/v1/health responded 200 in 34.3870 ms | User: zzz (1) | IP: ::1 | CorrelationId: N/A | RequestBody:  | ResponseBody: {"service":"Promotions API","status":"Healthy","timestamp":"2026-03-25T05:52:17.8027781Z","uptime":"0d 17h 2m 43s"}
2026-03-25 10:52:17.826 +05:00 [INF] HTTP GET /api/v1/health responded 200 in 46.0421 ms
2026-03-25 10:52:22.765 +05:00 [INF] JWT validated for zzz
2026-03-25 10:52:22.777 +05:00 [INF] Forwarding request GET /api/v1/health to http://localhost:5137/api/v1/health
2026-03-25 10:52:22.816 +05:00 [INF] Received response 200 from http://localhost:5137/api/v1/health. Headers: Connection=close, Date=Wed, 25 Mar 2026 05:52:21 GMT, Server=Kestrel, Transfer-Encoding=chunked, X-Promotions-Api-Version=V4_NO_THROW, X-Middleware-Reached=SESSION_VALIDATOR_V5, X-Session-Middleware=PROMO_RAN, X-Session-Status=SKIPPED_HEALTH, api-supported-versions=1.0
2026-03-25 10:52:22.831 +05:00 [INF] HTTP GET /api/v1/health responded 200 in 65.4763 ms | User: zzz (1) | IP: ::1 | CorrelationId: N/A | RequestBody:  | ResponseBody: {"service":"Promotions API","status":"Healthy","timestamp":"2026-03-25T05:52:22.8143365Z","uptime":"0d 17h 2m 48s"}
2026-03-25 10:52:22.848 +05:00 [INF] HTTP GET /api/v1/health responded 200 in 83.3289 ms
2026-03-25 10:52:27.764 +05:00 [INF] JWT validated for zzz
2026-03-25 10:52:27.772 +05:00 [INF] Forwarding request GET /api/v1/health to http://localhost:5137/api/v1/health
2026-03-25 10:52:27.799 +05:00 [INF] Received response 200 from http://localhost:5137/api/v1/health. Headers: Connection=close, Date=Wed, 25 Mar 2026 05:52:27 GMT, Server=Kestrel, Transfer-Encoding=chunked, X-Promotions-Api-Version=V4_NO_THROW, X-Middleware-Reached=SESSION_VALIDATOR_V5, X-Session-Middleware=PROMO_RAN, X-Session-Status=SKIPPED_HEALTH, api-supported-versions=1.0
2026-03-25 10:52:27.808 +05:00 [INF] HTTP GET /api/v1/health responded 200 in 43.6734 ms | User: zzz (1) | IP: ::1 | CorrelationId: N/A | RequestBody:  | ResponseBody: {"service":"Promotions API","status":"Healthy","timestamp":"2026-03-25T05:52:27.7978718Z","uptime":"0d 17h 2m 53s"}
2026-03-25 10:52:27.818 +05:00 [INF] HTTP GET /api/v1/health responded 200 in 54.1117 ms
2026-03-25 10:52:32.759 +05:00 [INF] JWT validated for zzz
2026-03-25 10:52:32.764 +05:00 [INF] Forwarding request GET /api/v1/health to http://localhost:5137/api/v1/health
2026-03-25 10:52:32.780 +05:00 [INF] Received response 200 from http://localhost:5137/api/v1/health. Headers: Connection=close, Date=Wed, 25 Mar 2026 05:52:32 GMT, Server=Kestrel, Transfer-Encoding=chunked, X-Promotions-Api-Version=V4_NO_THROW, X-Middleware-Reached=SESSION_VALIDATOR_V5, X-Session-Middleware=PROMO_RAN, X-Session-Status=SKIPPED_HEALTH, api-supported-versions=1.0
2026-03-25 10:52:32.790 +05:00 [INF] HTTP GET /api/v1/health responded 200 in 30.4004 ms | User: zzz (1) | IP: ::1 | CorrelationId: N/A | RequestBody:  | ResponseBody: {"service":"Promotions API","status":"Healthy","timestamp":"2026-03-25T05:52:32.7802267Z","uptime":"0d 17h 2m 58s"}
2026-03-25 10:52:32.800 +05:00 [INF] HTTP GET /api/v1/health responded 200 in 41.1210 ms
2026-03-25 10:52:37.757 +05:00 [INF] JWT validated for zzz
2026-03-25 10:52:37.760 +05:00 [INF] Forwarding request GET /api/v1/health to http://localhost:5137/api/v1/health
2026-03-25 10:52:37.778 +05:00 [INF] Received response 200 from http://localhost:5137/api/v1/health. Headers: Connection=close, Date=Wed, 25 Mar 2026 05:52:37 GMT, Server=Kestrel, Transfer-Encoding=chunked, X-Promotions-Api-Version=V4_NO_THROW, X-Middleware-Reached=SESSION_VALIDATOR_V5, X-Session-Middleware=PROMO_RAN, X-Session-Status=SKIPPED_HEALTH, api-supported-versions=1.0
2026-03-25 10:52:37.784 +05:00 [INF] HTTP GET /api/v1/health responded 200 in 27.1596 ms | User: zzz (1) | IP: ::1 | CorrelationId: N/A | RequestBody:  | ResponseBody: {"service":"Promotions API","status":"Healthy","timestamp":"2026-03-25T05:52:37.7774836Z","uptime":"0d 17h 3m 3s"}
2026-03-25 10:52:37.800 +05:00 [INF] HTTP GET /api/v1/health responded 200 in 44.0301 ms
2026-03-25 10:52:42.767 +05:00 [INF] JWT validated for zzz
2026-03-25 10:52:42.782 +05:00 [INF] Forwarding request GET /api/v1/health to http://localhost:5137/api/v1/health
2026-03-25 10:52:42.826 +05:00 [INF] Received response 200 from http://localhost:5137/api/v1/health. Headers: Connection=close, Date=Wed, 25 Mar 2026 05:52:42 GMT, Server=Kestrel, Transfer-Encoding=chunked, X-Promotions-Api-Version=V4_NO_THROW, X-Middleware-Reached=SESSION_VALIDATOR_V5, X-Session-Middleware=PROMO_RAN, X-Session-Status=SKIPPED_HEALTH, api-supported-versions=1.0
2026-03-25 10:52:42.842 +05:00 [INF] HTTP GET /api/v1/health responded 200 in 75.2448 ms | User: zzz (1) | IP: ::1 | CorrelationId: N/A | RequestBody:  | ResponseBody: {"service":"Promotions API","status":"Healthy","timestamp":"2026-03-25T05:52:42.8264557Z","uptime":"0d 17h 3m 8s"}
2026-03-25 10:52:42.855 +05:00 [INF] HTTP GET /api/v1/health responded 200 in 88.3525 ms
2026-03-25 10:52:47.762 +05:00 [INF] JWT validated for zzz
2026-03-25 10:52:47.769 +05:00 [INF] Forwarding request GET /api/v1/health to http://localhost:5137/api/v1/health
2026-03-25 10:52:47.790 +05:00 [INF] Received response 200 from http://localhost:5137/api/v1/health. Headers: Connection=close, Date=Wed, 25 Mar 2026 05:52:47 GMT, Server=Kestrel, Transfer-Encoding=chunked, X-Promotions-Api-Version=V4_NO_THROW, X-Middleware-Reached=SESSION_VALIDATOR_V5, X-Session-Middleware=PROMO_RAN, X-Session-Status=SKIPPED_HEALTH, api-supported-versions=1.0
2026-03-25 10:52:47.797 +05:00 [INF] HTTP GET /api/v1/health responded 200 in 35.4559 ms | User: zzz (1) | IP: ::1 | CorrelationId: N/A | RequestBody:  | ResponseBody: {"service":"Promotions API","status":"Healthy","timestamp":"2026-03-25T05:52:47.7904179Z","uptime":"0d 17h 3m 13s"}
2026-03-25 10:52:47.818 +05:00 [INF] HTTP GET /api/v1/health responded 200 in 56.7318 ms
2026-03-25 10:52:52.758 +05:00 [INF] JWT validated for zzz
2026-03-25 10:52:52.765 +05:00 [INF] Forwarding request GET /api/v1/health to http://localhost:5137/api/v1/health
2026-03-25 10:52:52.781 +05:00 [INF] Received response 200 from http://localhost:5137/api/v1/health. Headers: Connection=close, Date=Wed, 25 Mar 2026 05:52:52 GMT, Server=Kestrel, Transfer-Encoding=chunked, X-Promotions-Api-Version=V4_NO_THROW, X-Middleware-Reached=SESSION_VALIDATOR_V5, X-Session-Middleware=PROMO_RAN, X-Session-Status=SKIPPED_HEALTH, api-supported-versions=1.0
2026-03-25 10:52:52.794 +05:00 [INF] HTTP GET /api/v1/health responded 200 in 35.6287 ms | User: zzz (1) | IP: ::1 | CorrelationId: N/A | RequestBody:  | ResponseBody: {"service":"Promotions API","status":"Healthy","timestamp":"2026-03-25T05:52:52.780995Z","uptime":"0d 17h 3m 18s"}
2026-03-25 10:52:52.805 +05:00 [INF] HTTP GET /api/v1/health responded 200 in 46.7769 ms
2026-03-25 10:52:57.761 +05:00 [INF] JWT validated for zzz
2026-03-25 10:52:57.765 +05:00 [INF] Forwarding request GET /api/v1/health to http://localhost:5137/api/v1/health
2026-03-25 10:52:57.782 +05:00 [INF] Received response 200 from http://localhost:5137/api/v1/health. Headers: Connection=close, Date=Wed, 25 Mar 2026 05:52:57 GMT, Server=Kestrel, Transfer-Encoding=chunked, X-Promotions-Api-Version=V4_NO_THROW, X-Middleware-Reached=SESSION_VALIDATOR_V5, X-Session-Middleware=PROMO_RAN, X-Session-Status=SKIPPED_HEALTH, api-supported-versions=1.0
2026-03-25 10:52:57.791 +05:00 [INF] HTTP GET /api/v1/health responded 200 in 30.8913 ms | User: zzz (1) | IP: ::1 | CorrelationId: N/A | RequestBody:  | ResponseBody: {"service":"Promotions API","status":"Healthy","timestamp":"2026-03-25T05:52:57.7817792Z","uptime":"0d 17h 3m 23s"}
2026-03-25 10:52:57.802 +05:00 [INF] HTTP GET /api/v1/health responded 200 in 41.8961 ms
2026-03-25 10:53:02.779 +05:00 [INF] JWT validated for zzz
2026-03-25 10:53:02.791 +05:00 [INF] Forwarding request GET /api/v1/health to http://localhost:5137/api/v1/health
2026-03-25 10:53:02.820 +05:00 [INF] Received response 200 from http://localhost:5137/api/v1/health. Headers: Connection=close, Date=Wed, 25 Mar 2026 05:53:02 GMT, Server=Kestrel, Transfer-Encoding=chunked, X-Promotions-Api-Version=V4_NO_THROW, X-Middleware-Reached=SESSION_VALIDATOR_V5, X-Session-Middleware=PROMO_RAN, X-Session-Status=SKIPPED_HEALTH, api-supported-versions=1.0
2026-03-25 10:53:02.830 +05:00 [INF] HTTP GET /api/v1/health responded 200 in 51.2304 ms | User: zzz (1) | IP: ::1 | CorrelationId: N/A | RequestBody:  | ResponseBody: {"service":"Promotions API","status":"Healthy","timestamp":"2026-03-25T05:53:02.8186558Z","uptime":"0d 17h 3m 28s"}
2026-03-25 10:53:02.845 +05:00 [INF] HTTP GET /api/v1/health responded 200 in 66.3605 ms
2026-03-25 10:53:07.761 +05:00 [INF] JWT validated for zzz
2026-03-25 10:53:07.769 +05:00 [INF] Forwarding request GET /api/v1/health to http://localhost:5137/api/v1/health
2026-03-25 10:53:07.793 +05:00 [INF] Received response 200 from http://localhost:5137/api/v1/health. Headers: Connection=close, Date=Wed, 25 Mar 2026 05:53:07 GMT, Server=Kestrel, Transfer-Encoding=chunked, X-Promotions-Api-Version=V4_NO_THROW, X-Middleware-Reached=SESSION_VALIDATOR_V5, X-Session-Middleware=PROMO_RAN, X-Session-Status=SKIPPED_HEALTH, api-supported-versions=1.0
2026-03-25 10:53:07.799 +05:00 [INF] HTTP GET /api/v1/health responded 200 in 38.4501 ms | User: zzz (1) | IP: ::1 | CorrelationId: N/A | RequestBody:  | ResponseBody: {"service":"Promotions API","status":"Healthy","timestamp":"2026-03-25T05:53:07.7930616Z","uptime":"0d 17h 3m 33s"}
2026-03-25 10:53:07.810 +05:00 [INF] HTTP GET /api/v1/health responded 200 in 49.8143 ms
2026-03-25 10:53:12.757 +05:00 [INF] JWT validated for zzz
2026-03-25 10:53:12.758 +05:00 [INF] Forwarding request GET /api/v1/health to http://localhost:5137/api/v1/health
2026-03-25 10:53:12.773 +05:00 [INF] Received response 200 from http://localhost:5137/api/v1/health. Headers: Connection=close, Date=Wed, 25 Mar 2026 05:53:12 GMT, Server=Kestrel, Transfer-Encoding=chunked, X-Promotions-Api-Version=V4_NO_THROW, X-Middleware-Reached=SESSION_VALIDATOR_V5, X-Session-Middleware=PROMO_RAN, X-Session-Status=SKIPPED_HEALTH, api-supported-versions=1.0
2026-03-25 10:53:12.779 +05:00 [INF] HTTP GET /api/v1/health responded 200 in 22.7484 ms | User: zzz (1) | IP: ::1 | CorrelationId: N/A | RequestBody:  | ResponseBody: {"service":"Promotions API","status":"Healthy","timestamp":"2026-03-25T05:53:12.7727442Z","uptime":"0d 17h 3m 38s"}
2026-03-25 10:53:12.795 +05:00 [INF] HTTP GET /api/v1/health responded 200 in 38.8547 ms
2026-03-25 10:53:17.757 +05:00 [INF] JWT validated for zzz
2026-03-25 10:53:17.762 +05:00 [INF] Forwarding request GET /api/v1/health to http://localhost:5137/api/v1/health
2026-03-25 10:53:17.778 +05:00 [INF] Received response 200 from http://localhost:5137/api/v1/health. Headers: Connection=close, Date=Wed, 25 Mar 2026 05:53:17 GMT, Server=Kestrel, Transfer-Encoding=chunked, X-Promotions-Api-Version=V4_NO_THROW, X-Middleware-Reached=SESSION_VALIDATOR_V5, X-Session-Middleware=PROMO_RAN, X-Session-Status=SKIPPED_HEALTH, api-supported-versions=1.0
2026-03-25 10:53:17.787 +05:00 [INF] HTTP GET /api/v1/health responded 200 in 30.1705 ms | User: zzz (1) | IP: ::1 | CorrelationId: N/A | RequestBody:  | ResponseBody: {"service":"Promotions API","status":"Healthy","timestamp":"2026-03-25T05:53:17.7775045Z","uptime":"0d 17h 3m 43s"}
2026-03-25 10:53:17.799 +05:00 [INF] HTTP GET /api/v1/health responded 200 in 42.6944 ms
2026-03-25 10:53:22.757 +05:00 [INF] JWT validated for zzz
2026-03-25 10:53:22.762 +05:00 [INF] Forwarding request GET /api/v1/health to http://localhost:5137/api/v1/health
2026-03-25 10:53:22.780 +05:00 [INF] Received response 200 from http://localhost:5137/api/v1/health. Headers: Connection=close, Date=Wed, 25 Mar 2026 05:53:22 GMT, Server=Kestrel, Transfer-Encoding=chunked, X-Promotions-Api-Version=V4_NO_THROW, X-Middleware-Reached=SESSION_VALIDATOR_V5, X-Session-Middleware=PROMO_RAN, X-Session-Status=SKIPPED_HEALTH, api-supported-versions=1.0
2026-03-25 10:53:22.787 +05:00 [INF] HTTP GET /api/v1/health responded 200 in 30.2749 ms | User: zzz (1) | IP: ::1 | CorrelationId: N/A | RequestBody:  | ResponseBody: {"service":"Promotions API","status":"Healthy","timestamp":"2026-03-25T05:53:22.7800236Z","uptime":"0d 17h 3m 48s"}
2026-03-25 10:53:22.797 +05:00 [INF] HTTP GET /api/v1/health responded 200 in 40.8227 ms
2026-03-25 10:53:27.755 +05:00 [INF] JWT validated for zzz
2026-03-25 10:53:27.759 +05:00 [INF] Forwarding request GET /api/v1/health to http://localhost:5137/api/v1/health
2026-03-25 10:53:27.776 +05:00 [INF] Received response 200 from http://localhost:5137/api/v1/health. Headers: Connection=close, Date=Wed, 25 Mar 2026 05:53:27 GMT, Server=Kestrel, Transfer-Encoding=chunked, X-Promotions-Api-Version=V4_NO_THROW, X-Middleware-Reached=SESSION_VALIDATOR_V5, X-Session-Middleware=PROMO_RAN, X-Session-Status=SKIPPED_HEALTH, api-supported-versions=1.0
2026-03-25 10:53:27.784 +05:00 [INF] HTTP GET /api/v1/health responded 200 in 29.3317 ms | User: zzz (1) | IP: ::1 | CorrelationId: N/A | RequestBody:  | ResponseBody: {"service":"Promotions API","status":"Healthy","timestamp":"2026-03-25T05:53:27.7755633Z","uptime":"0d 17h 3m 53s"}
2026-03-25 10:53:27.793 +05:00 [INF] HTTP GET /api/v1/health responded 200 in 38.3135 ms
2026-03-25 10:53:32.758 +05:00 [INF] JWT validated for zzz
2026-03-25 10:53:32.768 +05:00 [INF] Forwarding request GET /api/v1/health to http://localhost:5137/api/v1/health
2026-03-25 10:53:32.789 +05:00 [INF] Received response 200 from http://localhost:5137/api/v1/health. Headers: Connection=close, Date=Wed, 25 Mar 2026 05:53:32 GMT, Server=Kestrel, Transfer-Encoding=chunked, X-Promotions-Api-Version=V4_NO_THROW, X-Middleware-Reached=SESSION_VALIDATOR_V5, X-Session-Middleware=PROMO_RAN, X-Session-Status=SKIPPED_HEALTH, api-supported-versions=1.0
2026-03-25 10:53:32.796 +05:00 [INF] HTTP GET /api/v1/health responded 200 in 38.4048 ms | User: zzz (1) | IP: ::1 | CorrelationId: N/A | RequestBody:  | ResponseBody: {"service":"Promotions API","status":"Healthy","timestamp":"2026-03-25T05:53:32.7881207Z","uptime":"0d 17h 3m 58s"}
2026-03-25 10:53:32.804 +05:00 [INF] HTTP GET /api/v1/health responded 200 in 46.2942 ms
2026-03-25 10:53:37.766 +05:00 [INF] JWT validated for zzz
2026-03-25 10:53:37.776 +05:00 [INF] Forwarding request GET /api/v1/health to http://localhost:5137/api/v1/health
2026-03-25 10:53:37.802 +05:00 [INF] Received response 200 from http://localhost:5137/api/v1/health. Headers: Connection=close, Date=Wed, 25 Mar 2026 05:53:37 GMT, Server=Kestrel, Transfer-Encoding=chunked, X-Promotions-Api-Version=V4_NO_THROW, X-Middleware-Reached=SESSION_VALIDATOR_V5, X-Session-Middleware=PROMO_RAN, X-Session-Status=SKIPPED_HEALTH, api-supported-versions=1.0
2026-03-25 10:53:37.810 +05:00 [INF] HTTP GET /api/v1/health responded 200 in 43.7732 ms | User: zzz (1) | IP: ::1 | CorrelationId: N/A | RequestBody:  | ResponseBody: {"service":"Promotions API","status":"Healthy","timestamp":"2026-03-25T05:53:37.801907Z","uptime":"0d 17h 4m 3s"}
2026-03-25 10:53:37.821 +05:00 [INF] HTTP GET /api/v1/health responded 200 in 54.8681 ms
2026-03-25 10:53:42.762 +05:00 [INF] JWT validated for zzz
2026-03-25 10:53:42.771 +05:00 [INF] Forwarding request GET /api/v1/health to http://localhost:5137/api/v1/health
2026-03-25 10:53:42.799 +05:00 [INF] Received response 200 from http://localhost:5137/api/v1/health. Headers: Connection=close, Date=Wed, 25 Mar 2026 05:53:42 GMT, Server=Kestrel, Transfer-Encoding=chunked, X-Promotions-Api-Version=V4_NO_THROW, X-Middleware-Reached=SESSION_VALIDATOR_V5, X-Session-Middleware=PROMO_RAN, X-Session-Status=SKIPPED_HEALTH, api-supported-versions=1.0
2026-03-25 10:53:42.807 +05:00 [INF] HTTP GET /api/v1/health responded 200 in 44.8574 ms | User: zzz (1) | IP: ::1 | CorrelationId: N/A | RequestBody:  | ResponseBody: {"service":"Promotions API","status":"Healthy","timestamp":"2026-03-25T05:53:42.7982696Z","uptime":"0d 17h 4m 8s"}
2026-03-25 10:53:42.817 +05:00 [INF] HTTP GET /api/v1/health responded 200 in 55.3652 ms
2026-03-25 10:53:47.753 +05:00 [INF] JWT validated for zzz
2026-03-25 10:53:47.758 +05:00 [INF] Forwarding request GET /api/v1/health to http://localhost:5137/api/v1/health
2026-03-25 10:53:47.774 +05:00 [INF] Received response 200 from http://localhost:5137/api/v1/health. Headers: Connection=close, Date=Wed, 25 Mar 2026 05:53:47 GMT, Server=Kestrel, Transfer-Encoding=chunked, X-Promotions-Api-Version=V4_NO_THROW, X-Middleware-Reached=SESSION_VALIDATOR_V5, X-Session-Middleware=PROMO_RAN, X-Session-Status=SKIPPED_HEALTH, api-supported-versions=1.0
2026-03-25 10:53:47.780 +05:00 [INF] HTTP GET /api/v1/health responded 200 in 27.0985 ms | User: zzz (1) | IP: ::1 | CorrelationId: N/A | RequestBody:  | ResponseBody: {"service":"Promotions API","status":"Healthy","timestamp":"2026-03-25T05:53:47.7738291Z","uptime":"0d 17h 4m 13s"}
2026-03-25 10:53:47.790 +05:00 [INF] HTTP GET /api/v1/health responded 200 in 37.1587 ms
2026-03-25 10:53:52.761 +05:00 [INF] JWT validated for zzz
2026-03-25 10:53:52.769 +05:00 [INF] Forwarding request GET /api/v1/health to http://localhost:5137/api/v1/health
2026-03-25 10:53:52.788 +05:00 [INF] Received response 200 from http://localhost:5137/api/v1/health. Headers: Connection=close, Date=Wed, 25 Mar 2026 05:53:52 GMT, Server=Kestrel, Transfer-Encoding=chunked, X-Promotions-Api-Version=V4_NO_THROW, X-Middleware-Reached=SESSION_VALIDATOR_V5, X-Session-Middleware=PROMO_RAN, X-Session-Status=SKIPPED_HEALTH, api-supported-versions=1.0
2026-03-25 10:53:52.794 +05:00 [INF] HTTP GET /api/v1/health responded 200 in 33.6767 ms | User: zzz (1) | IP: ::1 | CorrelationId: N/A | RequestBody:  | ResponseBody: {"service":"Promotions API","status":"Healthy","timestamp":"2026-03-25T05:53:52.7885625Z","uptime":"0d 17h 4m 18s"}
2026-03-25 10:53:52.803 +05:00 [INF] HTTP GET /api/v1/health responded 200 in 42.6252 ms
2026-03-25 10:53:55.683 +05:00 [INF] JWT validated for zzz
2026-03-25 10:53:55.691 +05:00 [INF] Forwarding request GET /api/promotions/actions to http://localhost:5137/api/v1/promotions/actions
2026-03-25 10:53:55.718 +05:00 [INF] JWT validated for zzz
2026-03-25 10:53:55.728 +05:00 [INF] Forwarding request GET /api/promotions/customer-relations to http://localhost:5137/api/v1/promotions/customer-relations
2026-03-25 10:53:55.729 +05:00 [INF] Received response 200 from http://localhost:5137/api/v1/promotions/actions. Headers: Connection=close, Date=Wed, 25 Mar 2026 05:53:55 GMT, Server=Kestrel, Transfer-Encoding=chunked, X-Promotions-Api-Version=V4_NO_THROW, X-Middleware-Reached=SESSION_VALIDATOR_V5, X-Session-Middleware=PROMO_RAN, X-Session-Token=cc203bca-aa74-4f48-a34c-2f0d2ee65e73, X-Session-UserClaim=1, X-Session-DB=cc203bca-aa74-4f48-a34c-2f0d2ee65e73, X-Session-Status=VALID, api-supported-versions=1.0
2026-03-25 10:53:55.752 +05:00 [INF] HTTP GET /api/promotions/actions responded 200 in 69.3918 ms | User: zzz (1) | IP: ::1 | CorrelationId: N/A | RequestBody:  | ResponseBody: [{"idAction":1,"name":"PROMO_1","codDiv":"DIV_1","dteStartSellIn":"2026-03-25T17:57:00","dteEndSellIn":"2026-03-26T17:57:00","dteStartSellOut":"2026-03-26T17:57:00","dteEndSellOut":"2026-03-28T17:57:00","documentKey":"KEY_1","dteToShost":"2026-03-24T17:57:00","levParticipants":1}]
2026-03-25 10:53:55.761 +05:00 [INF] JWT validated for zzz
2026-03-25 10:53:55.767 +05:00 [INF] HTTP GET /api/promotions/actions responded 200 in 84.2154 ms
2026-03-25 10:53:55.769 +05:00 [INF] Received response 200 from http://localhost:5137/api/v1/promotions/customer-relations. Headers: Connection=close, Date=Wed, 25 Mar 2026 05:53:55 GMT, Server=Kestrel, Transfer-Encoding=chunked, X-Promotions-Api-Version=V4_NO_THROW, X-Middleware-Reached=SESSION_VALIDATOR_V5, X-Session-Middleware=PROMO_RAN, X-Session-Token=cc203bca-aa74-4f48-a34c-2f0d2ee65e73, X-Session-UserClaim=1, X-Session-DB=cc203bca-aa74-4f48-a34c-2f0d2ee65e73, X-Session-Status=VALID, api-supported-versions=1.0
2026-03-25 10:53:55.776 +05:00 [INF] Forwarding request GET /api/promotions/actions to http://localhost:5137/api/v1/promotions/actions
2026-03-25 10:53:55.794 +05:00 [INF] HTTP GET /api/promotions/customer-relations responded 200 in 76.4199 ms | User: zzz (1) | IP: ::1 | CorrelationId: N/A | RequestBody:  | ResponseBody: [{"idAction":0,"codHier":"H_1","codDiv":"DIV_1","codNode":"NODE_1","idLevel":1,"dteStart":"2026-03-24T17:25:00","codParentNode":"ROOT_1","dteEnd":"2026-03-26T17:25:00"},{"idAction":0,"codHier":"H_2","codDiv":"DIV_2","codNode":"NODE_2","idLevel":2,"dteStart":"2026-03-26T00:00:00","codParentNode":"ROOT","dteEnd":null}]
2026-03-25 10:53:55.800 +05:00 [INF] JWT validated for zzz
2026-03-25 10:53:55.824 +05:00 [INF] HTTP GET /api/promotions/customer-relations responded 200 in 106.4648 ms
2026-03-25 10:53:55.825 +05:00 [INF] Forwarding request GET /api/promotions/customer-relations to http://localhost:5137/api/v1/promotions/customer-relations
2026-03-25 10:53:55.835 +05:00 [INF] Received response 200 from http://localhost:5137/api/v1/promotions/actions. Headers: Connection=close, Date=Wed, 25 Mar 2026 05:53:55 GMT, Server=Kestrel, Transfer-Encoding=chunked, X-Promotions-Api-Version=V4_NO_THROW, X-Middleware-Reached=SESSION_VALIDATOR_V5, X-Session-Middleware=PROMO_RAN, X-Session-Token=cc203bca-aa74-4f48-a34c-2f0d2ee65e73, X-Session-UserClaim=1, X-Session-DB=cc203bca-aa74-4f48-a34c-2f0d2ee65e73, X-Session-Status=VALID, api-supported-versions=1.0
2026-03-25 10:53:55.855 +05:00 [INF] JWT validated for zzz
2026-03-25 10:53:55.855 +05:00 [INF] HTTP GET /api/promotions/actions responded 200 in 94.6420 ms | User: zzz (1) | IP: ::1 | CorrelationId: N/A | RequestBody:  | ResponseBody: [{"idAction":1,"name":"PROMO_1","codDiv":"DIV_1","dteStartSellIn":"2026-03-25T17:57:00","dteEndSellIn":"2026-03-26T17:57:00","dteStartSellOut":"2026-03-26T17:57:00","dteEndSellOut":"2026-03-28T17:57:00","documentKey":"KEY_1","dteToShost":"2026-03-24T17:57:00","levParticipants":1}]
2026-03-25 10:53:55.865 +05:00 [INF] Forwarding request GET /api/participants/all to http://localhost:5137/api/v1/participants/all
2026-03-25 10:53:55.870 +05:00 [INF] Received response 200 from http://localhost:5137/api/v1/promotions/customer-relations. Headers: Connection=close, Date=Wed, 25 Mar 2026 05:53:55 GMT, Server=Kestrel, Transfer-Encoding=chunked, X-Promotions-Api-Version=V4_NO_THROW, X-Middleware-Reached=SESSION_VALIDATOR_V5, X-Session-Middleware=PROMO_RAN, X-Session-Token=cc203bca-aa74-4f48-a34c-2f0d2ee65e73, X-Session-UserClaim=1, X-Session-DB=cc203bca-aa74-4f48-a34c-2f0d2ee65e73, X-Session-Status=VALID, api-supported-versions=1.0
2026-03-25 10:53:55.875 +05:00 [INF] HTTP GET /api/promotions/actions responded 200 in 114.4173 ms
2026-03-25 10:53:55.893 +05:00 [INF] HTTP GET /api/promotions/customer-relations responded 200 in 93.3169 ms | User: zzz (1) | IP: ::1 | CorrelationId: N/A | RequestBody:  | ResponseBody: [{"idAction":0,"codHier":"H_1","codDiv":"DIV_1","codNode":"NODE_1","idLevel":1,"dteStart":"2026-03-24T17:25:00","codParentNode":"ROOT_1","dteEnd":"2026-03-26T17:25:00"},{"idAction":0,"codHier":"H_2","codDiv":"DIV_2","codNode":"NODE_2","idLevel":2,"dteStart":"2026-03-26T00:00:00","codParentNode":"ROOT","dteEnd":null}]
2026-03-25 10:53:55.910 +05:00 [INF] HTTP GET /api/promotions/customer-relations responded 200 in 110.0097 ms
2026-03-25 10:53:55.913 +05:00 [INF] Received response 200 from http://localhost:5137/api/v1/participants/all. Headers: Connection=close, Date=Wed, 25 Mar 2026 05:53:55 GMT, Server=Kestrel, Transfer-Encoding=chunked, X-Promotions-Api-Version=V4_NO_THROW, X-Middleware-Reached=SESSION_VALIDATOR_V5, X-Session-Middleware=PROMO_RAN, X-Session-Token=cc203bca-aa74-4f48-a34c-2f0d2ee65e73, X-Session-UserClaim=1, X-Session-DB=cc203bca-aa74-4f48-a34c-2f0d2ee65e73, X-Session-Status=VALID, api-supported-versions=1.0
2026-03-25 10:53:55.923 +05:00 [INF] HTTP GET /api/participants/all responded 200 in 68.7325 ms | User: zzz (1) | IP: ::1 | CorrelationId: N/A | RequestBody:  | ResponseBody: [{"idAction":1,"codParticipant":"N_2","flgInclusion":true,"codHier":"H_2","codDiv":"DIV_2","codNode":"NODE_2","idLevel":2,"dteStart":"2026-03-26T00:00:00"},{"idAction":1,"codParticipant":"NODE_1","flgInclusion":true,"codHier":"H_1","codDiv":"DIV_1","codNode":"NODE_1","idLevel":1,"dteStart":"2026-03-24T17:25:00"}]
2026-03-25 10:53:55.934 +05:00 [INF] JWT validated for zzz
2026-03-25 10:53:55.939 +05:00 [INF] HTTP GET /api/participants/all responded 200 in 84.2190 ms
2026-03-25 10:53:55.947 +05:00 [INF] Forwarding request GET /api/participants/all to http://localhost:5137/api/v1/participants/all
2026-03-25 10:53:55.966 +05:00 [INF] JWT validated for zzz
2026-03-25 10:53:55.972 +05:00 [INF] Forwarding request GET /api/promotions/delivery-points to http://localhost:5137/api/v1/promotions/delivery-points
2026-03-25 10:53:55.985 +05:00 [INF] Received response 200 from http://localhost:5137/api/v1/participants/all. Headers: Connection=close, Date=Wed, 25 Mar 2026 05:53:55 GMT, Server=Kestrel, Transfer-Encoding=chunked, X-Promotions-Api-Version=V4_NO_THROW, X-Middleware-Reached=SESSION_VALIDATOR_V5, X-Session-Middleware=PROMO_RAN, X-Session-Token=cc203bca-aa74-4f48-a34c-2f0d2ee65e73, X-Session-UserClaim=1, X-Session-DB=cc203bca-aa74-4f48-a34c-2f0d2ee65e73, X-Session-Status=VALID, api-supported-versions=1.0
2026-03-25 10:53:55.999 +05:00 [INF] HTTP GET /api/participants/all responded 200 in 65.2048 ms | User: zzz (1) | IP: ::1 | CorrelationId: N/A | RequestBody:  | ResponseBody: [{"idAction":1,"codParticipant":"N_2","flgInclusion":true,"codHier":"H_2","codDiv":"DIV_2","codNode":"NODE_2","idLevel":2,"dteStart":"2026-03-26T00:00:00"},{"idAction":1,"codParticipant":"NODE_1","flgInclusion":true,"codHier":"H_1","codDiv":"DIV_1","codNode":"NODE_1","idLevel":1,"dteStart":"2026-03-24T17:25:00"}]
2026-03-25 10:53:56.006 +05:00 [INF] Received response 200 from http://localhost:5137/api/v1/promotions/delivery-points. Headers: Connection=close, Date=Wed, 25 Mar 2026 05:53:55 GMT, Server=Kestrel, Transfer-Encoding=chunked, X-Promotions-Api-Version=V4_NO_THROW, X-Middleware-Reached=SESSION_VALIDATOR_V5, X-Session-Middleware=PROMO_RAN, X-Session-Token=cc203bca-aa74-4f48-a34c-2f0d2ee65e73, X-Session-UserClaim=1, X-Session-DB=cc203bca-aa74-4f48-a34c-2f0d2ee65e73, X-Session-Status=VALID, api-supported-versions=1.0
2026-03-25 10:53:56.011 +05:00 [INF] HTTP GET /api/participants/all responded 200 in 77.9763 ms
2026-03-25 10:53:56.022 +05:00 [INF] HTTP GET /api/promotions/delivery-points responded 200 in 56.7356 ms | User: zzz (1) | IP: ::1 | CorrelationId: N/A | RequestBody:  | ResponseBody: [{"idAction":1,"codDeliveryPoint":"NODE_1","flgInclusion":true,"codHier":"H_1","codDiv":"DIV_1","codNode":"NODE_1","idLevel":1,"dteStart":"2026-03-24T17:25:00"}]
2026-03-25 10:53:56.040 +05:00 [INF] JWT validated for zzz
2026-03-25 10:53:56.041 +05:00 [INF] HTTP GET /api/promotions/delivery-points responded 200 in 75.0800 ms
2026-03-25 10:53:56.048 +05:00 [INF] Forwarding request GET /api/promotions/delivery-points to http://localhost:5137/api/v1/promotions/delivery-points
2026-03-25 10:53:56.076 +05:00 [INF] Received response 200 from http://localhost:5137/api/v1/promotions/delivery-points. Headers: Connection=close, Date=Wed, 25 Mar 2026 05:53:55 GMT, Server=Kestrel, Transfer-Encoding=chunked, X-Promotions-Api-Version=V4_NO_THROW, X-Middleware-Reached=SESSION_VALIDATOR_V5, X-Session-Middleware=PROMO_RAN, X-Session-Token=cc203bca-aa74-4f48-a34c-2f0d2ee65e73, X-Session-UserClaim=1, X-Session-DB=cc203bca-aa74-4f48-a34c-2f0d2ee65e73, X-Session-Status=VALID, api-supported-versions=1.0
2026-03-25 10:53:56.087 +05:00 [INF] HTTP GET /api/promotions/delivery-points responded 200 in 47.2833 ms | User: zzz (1) | IP: ::1 | CorrelationId: N/A | RequestBody:  | ResponseBody: [{"idAction":1,"codDeliveryPoint":"NODE_1","flgInclusion":true,"codHier":"H_1","codDiv":"DIV_1","codNode":"NODE_1","idLevel":1,"dteStart":"2026-03-24T17:25:00"}]
2026-03-25 10:53:56.099 +05:00 [INF] HTTP GET /api/promotions/delivery-points responded 200 in 59.5497 ms
2026-03-25 10:53:57.752 +05:00 [INF] JWT validated for zzz
2026-03-25 10:53:57.756 +05:00 [INF] Forwarding request GET /api/v1/health to http://localhost:5137/api/v1/health
2026-03-25 10:53:57.774 +05:00 [INF] Received response 200 from http://localhost:5137/api/v1/health. Headers: Connection=close, Date=Wed, 25 Mar 2026 05:53:57 GMT, Server=Kestrel, Transfer-Encoding=chunked, X-Promotions-Api-Version=V4_NO_THROW, X-Middleware-Reached=SESSION_VALIDATOR_V5, X-Session-Middleware=PROMO_RAN, X-Session-Status=SKIPPED_HEALTH, api-supported-versions=1.0
2026-03-25 10:53:57.783 +05:00 [INF] HTTP GET /api/v1/health responded 200 in 30.9773 ms | User: zzz (1) | IP: ::1 | CorrelationId: N/A | RequestBody:  | ResponseBody: {"service":"Promotions API","status":"Healthy","timestamp":"2026-03-25T05:53:57.7737505Z","uptime":"0d 17h 4m 23s"}
2026-03-25 10:53:57.795 +05:00 [INF] HTTP GET /api/v1/health responded 200 in 43.7542 ms
2026-03-25 10:53:58.993 +05:00 [INF] JWT validated for zzz
2026-03-25 10:53:59.000 +05:00 [INF] Forwarding request GET /api/promotions/products to http://localhost:5137/api/v1/promotions/products
2026-03-25 10:53:59.073 +05:00 [INF] Received response 200 from http://localhost:5137/api/v1/promotions/products. Headers: Connection=close, Date=Wed, 25 Mar 2026 05:53:58 GMT, Server=Kestrel, Transfer-Encoding=chunked, X-Promotions-Api-Version=V4_NO_THROW, X-Middleware-Reached=SESSION_VALIDATOR_V5, X-Session-Middleware=PROMO_RAN, X-Session-Token=cc203bca-aa74-4f48-a34c-2f0d2ee65e73, X-Session-UserClaim=1, X-Session-DB=cc203bca-aa74-4f48-a34c-2f0d2ee65e73, X-Session-Status=VALID, api-supported-versions=1.0
2026-03-25 10:53:59.080 +05:00 [INF] HTTP GET /api/promotions/products responded 200 in 87.7392 ms | User: zzz (1) | IP: ::1 | CorrelationId: N/A | RequestBody:  | ResponseBody: [{"idAction":1,"codProduct":"PRD_1","levProduct":1,"codDisplay":"DSP_1","codDiv":"DIV_1","qtyEstimated":1100.000,"perceDiscount1":5.50,"perceDiscount2":2.30,"numMeasure":0.000,"codMeasure":"MEASURE_1","details":[{"idAction":1,"codProduct":"PRD_1","levProduct":1,"codDisplay":"DSP_1","codNode":"NODE_1","codDiv":"DIV_1","flgInclusion":true,"articles":[]}],"measureFields":[]}]
2026-03-25 10:53:59.094 +05:00 [INF] JWT validated for zzz
2026-03-25 10:53:59.100 +05:00 [INF] HTTP GET /api/promotions/products responded 200 in 107.7431 ms
2026-03-25 10:53:59.107 +05:00 [INF] Forwarding request GET /api/promotions/products to http://localhost:5137/api/v1/promotions/products
2026-03-25 10:53:59.144 +05:00 [INF] Received response 200 from http://localhost:5137/api/v1/promotions/products. Headers: Connection=close, Date=Wed, 25 Mar 2026 05:53:58 GMT, Server=Kestrel, Transfer-Encoding=chunked, X-Promotions-Api-Version=V4_NO_THROW, X-Middleware-Reached=SESSION_VALIDATOR_V5, X-Session-Middleware=PROMO_RAN, X-Session-Token=cc203bca-aa74-4f48-a34c-2f0d2ee65e73, X-Session-UserClaim=1, X-Session-DB=cc203bca-aa74-4f48-a34c-2f0d2ee65e73, X-Session-Status=VALID, api-supported-versions=1.0
2026-03-25 10:53:59.159 +05:00 [INF] HTTP GET /api/promotions/products responded 200 in 65.1019 ms | User: zzz (1) | IP: ::1 | CorrelationId: N/A | RequestBody:  | ResponseBody: [{"idAction":1,"codProduct":"PRD_1","levProduct":1,"codDisplay":"DSP_1","codDiv":"DIV_1","qtyEstimated":1100.000,"perceDiscount1":5.50,"perceDiscount2":2.30,"numMeasure":0.000,"codMeasure":"MEASURE_1","details":[{"idAction":1,"codProduct":"PRD_1","levProduct":1,"codDisplay":"DSP_1","codNode":"NODE_1","codDiv":"DIV_1","flgInclusion":true,"articles":[]}],"measureFields":[]}]
2026-03-25 10:53:59.175 +05:00 [INF] HTTP GET /api/promotions/products responded 200 in 81.1339 ms
2026-03-25 10:53:59.765 +05:00 [INF] JWT validated for zzz
2026-03-25 10:53:59.775 +05:00 [INF] Forwarding request GET /api/promotions/customer-relations to http://localhost:5137/api/v1/promotions/customer-relations
2026-03-25 10:53:59.842 +05:00 [INF] Received response 200 from http://localhost:5137/api/v1/promotions/customer-relations. Headers: Connection=close, Date=Wed, 25 Mar 2026 05:53:59 GMT, Server=Kestrel, Transfer-Encoding=chunked, X-Promotions-Api-Version=V4_NO_THROW, X-Middleware-Reached=SESSION_VALIDATOR_V5, X-Session-Middleware=PROMO_RAN, X-Session-Token=cc203bca-aa74-4f48-a34c-2f0d2ee65e73, X-Session-UserClaim=1, X-Session-DB=cc203bca-aa74-4f48-a34c-2f0d2ee65e73, X-Session-Status=VALID, api-supported-versions=1.0
2026-03-25 10:53:59.856 +05:00 [INF] HTTP GET /api/promotions/customer-relations responded 200 in 91.6744 ms | User: zzz (1) | IP: ::1 | CorrelationId: N/A | RequestBody:  | ResponseBody: [{"idAction":0,"codHier":"H_1","codDiv":"DIV_1","codNode":"NODE_1","idLevel":1,"dteStart":"2026-03-24T17:25:00","codParentNode":"ROOT_1","dteEnd":"2026-03-26T17:25:00"},{"idAction":0,"codHier":"H_2","codDiv":"DIV_2","codNode":"NODE_2","idLevel":2,"dteStart":"2026-03-26T00:00:00","codParentNode":"ROOT","dteEnd":null}]
2026-03-25 10:53:59.863 +05:00 [INF] JWT validated for zzz
2026-03-25 10:53:59.876 +05:00 [INF] HTTP GET /api/promotions/customer-relations responded 200 in 111.6468 ms
2026-03-25 10:53:59.878 +05:00 [INF] Forwarding request GET /api/promotions/customer-relations to http://localhost:5137/api/v1/promotions/customer-relations
2026-03-25 10:53:59.916 +05:00 [INF] Received response 200 from http://localhost:5137/api/v1/promotions/customer-relations. Headers: Connection=close, Date=Wed, 25 Mar 2026 05:53:59 GMT, Server=Kestrel, Transfer-Encoding=chunked, X-Promotions-Api-Version=V4_NO_THROW, X-Middleware-Reached=SESSION_VALIDATOR_V5, X-Session-Middleware=PROMO_RAN, X-Session-Token=cc203bca-aa74-4f48-a34c-2f0d2ee65e73, X-Session-UserClaim=1, X-Session-DB=cc203bca-aa74-4f48-a34c-2f0d2ee65e73, X-Session-Status=VALID, api-supported-versions=1.0
2026-03-25 10:53:59.929 +05:00 [INF] HTTP GET /api/promotions/customer-relations responded 200 in 65.6660 ms | User: zzz (1) | IP: ::1 | CorrelationId: N/A | RequestBody:  | ResponseBody: [{"idAction":0,"codHier":"H_1","codDiv":"DIV_1","codNode":"NODE_1","idLevel":1,"dteStart":"2026-03-24T17:25:00","codParentNode":"ROOT_1","dteEnd":"2026-03-26T17:25:00"},{"idAction":0,"codHier":"H_2","codDiv":"DIV_2","codNode":"NODE_2","idLevel":2,"dteStart":"2026-03-26T00:00:00","codParentNode":"ROOT","dteEnd":null}]
2026-03-25 10:53:59.943 +05:00 [INF] HTTP GET /api/promotions/customer-relations responded 200 in 80.3904 ms
2026-03-25 10:54:00.684 +05:00 [INF] JWT validated for zzz
2026-03-25 10:54:00.684 +05:00 [INF] JWT validated for zzz
2026-03-25 10:54:00.695 +05:00 [INF] Forwarding request GET /api/participants/all to http://localhost:5137/api/v1/participants/all
2026-03-25 10:54:00.698 +05:00 [INF] Forwarding request GET /api/promotions/customer-relations to http://localhost:5137/api/v1/promotions/customer-relations
2026-03-25 10:54:00.773 +05:00 [INF] Received response 200 from http://localhost:5137/api/v1/participants/all. Headers: Connection=close, Date=Wed, 25 Mar 2026 05:53:59 GMT, Server=Kestrel, Transfer-Encoding=chunked, X-Promotions-Api-Version=V4_NO_THROW, X-Middleware-Reached=SESSION_VALIDATOR_V5, X-Session-Middleware=PROMO_RAN, X-Session-Token=cc203bca-aa74-4f48-a34c-2f0d2ee65e73, X-Session-UserClaim=1, X-Session-DB=cc203bca-aa74-4f48-a34c-2f0d2ee65e73, X-Session-Status=VALID, api-supported-versions=1.0
2026-03-25 10:54:00.787 +05:00 [INF] Received response 200 from http://localhost:5137/api/v1/promotions/customer-relations. Headers: Connection=close, Date=Wed, 25 Mar 2026 05:53:59 GMT, Server=Kestrel, Transfer-Encoding=chunked, X-Promotions-Api-Version=V4_NO_THROW, X-Middleware-Reached=SESSION_VALIDATOR_V5, X-Session-Middleware=PROMO_RAN, X-Session-Token=cc203bca-aa74-4f48-a34c-2f0d2ee65e73, X-Session-UserClaim=1, X-Session-DB=cc203bca-aa74-4f48-a34c-2f0d2ee65e73, X-Session-Status=VALID, api-supported-versions=1.0
2026-03-25 10:54:00.797 +05:00 [INF] HTTP GET /api/participants/all responded 200 in 114.7007 ms | User: zzz (1) | IP: ::1 | CorrelationId: N/A | RequestBody:  | ResponseBody: [{"idAction":1,"codParticipant":"N_2","flgInclusion":true,"codHier":"H_2","codDiv":"DIV_2","codNode":"NODE_2","idLevel":2,"dteStart":"2026-03-26T00:00:00"},{"idAction":1,"codParticipant":"NODE_1","flgInclusion":true,"codHier":"H_1","codDiv":"DIV_1","codNode":"NODE_1","idLevel":1,"dteStart":"2026-03-24T17:25:00"}]
2026-03-25 10:54:00.805 +05:00 [INF] HTTP GET /api/promotions/customer-relations responded 200 in 121.6611 ms | User: zzz (1) | IP: ::1 | CorrelationId: N/A | RequestBody:  | ResponseBody: [{"idAction":0,"codHier":"H_1","codDiv":"DIV_1","codNode":"NODE_1","idLevel":1,"dteStart":"2026-03-24T17:25:00","codParentNode":"ROOT_1","dteEnd":"2026-03-26T17:25:00"},{"idAction":0,"codHier":"H_2","codDiv":"DIV_2","codNode":"NODE_2","idLevel":2,"dteStart":"2026-03-26T00:00:00","codParentNode":"ROOT","dteEnd":null}]
2026-03-25 10:54:00.823 +05:00 [INF] JWT validated for zzz
2026-03-25 10:54:00.809 +05:00 [INF] JWT validated for zzz
2026-03-25 10:54:00.847 +05:00 [INF] HTTP GET /api/participants/all responded 200 in 163.9062 ms
2026-03-25 10:54:00.861 +05:00 [INF] HTTP GET /api/promotions/customer-relations responded 200 in 177.6260 ms
2026-03-25 10:54:00.875 +05:00 [INF] Forwarding request GET /api/promotions/customer-relations to http://localhost:5137/api/v1/promotions/customer-relations
2026-03-25 10:54:00.877 +05:00 [INF] Forwarding request GET /api/participants/all to http://localhost:5137/api/v1/participants/all
2026-03-25 10:54:00.972 +05:00 [INF] Received response 200 from http://localhost:5137/api/v1/promotions/customer-relations. Headers: Connection=close, Date=Wed, 25 Mar 2026 05:54:00 GMT, Server=Kestrel, Transfer-Encoding=chunked, X-Promotions-Api-Version=V4_NO_THROW, X-Middleware-Reached=SESSION_VALIDATOR_V5, X-Session-Middleware=PROMO_RAN, X-Session-Token=cc203bca-aa74-4f48-a34c-2f0d2ee65e73, X-Session-UserClaim=1, X-Session-DB=cc203bca-aa74-4f48-a34c-2f0d2ee65e73, X-Session-Status=VALID, api-supported-versions=1.0
2026-03-25 10:54:00.987 +05:00 [INF] Received response 200 from http://localhost:5137/api/v1/participants/all. Headers: Connection=close, Date=Wed, 25 Mar 2026 05:54:00 GMT, Server=Kestrel, Transfer-Encoding=chunked, X-Promotions-Api-Version=V4_NO_THROW, X-Middleware-Reached=SESSION_VALIDATOR_V5, X-Session-Middleware=PROMO_RAN, X-Session-Token=cc203bca-aa74-4f48-a34c-2f0d2ee65e73, X-Session-UserClaim=1, X-Session-DB=cc203bca-aa74-4f48-a34c-2f0d2ee65e73, X-Session-Status=VALID, api-supported-versions=1.0
2026-03-25 10:54:01.001 +05:00 [INF] HTTP GET /api/promotions/customer-relations responded 200 in 178.7258 ms | User: zzz (1) | IP: ::1 | CorrelationId: N/A | RequestBody:  | ResponseBody: [{"idAction":0,"codHier":"H_1","codDiv":"DIV_1","codNode":"NODE_1","idLevel":1,"dteStart":"2026-03-24T17:25:00","codParentNode":"ROOT_1","dteEnd":"2026-03-26T17:25:00"},{"idAction":0,"codHier":"H_2","codDiv":"DIV_2","codNode":"NODE_2","idLevel":2,"dteStart":"2026-03-26T00:00:00","codParentNode":"ROOT","dteEnd":null}]
2026-03-25 10:54:01.007 +05:00 [INF] HTTP GET /api/participants/all responded 200 in 197.9221 ms | User: zzz (1) | IP: ::1 | CorrelationId: N/A | RequestBody:  | ResponseBody: [{"idAction":1,"codParticipant":"N_2","flgInclusion":true,"codHier":"H_2","codDiv":"DIV_2","codNode":"NODE_2","idLevel":2,"dteStart":"2026-03-26T00:00:00"},{"idAction":1,"codParticipant":"NODE_1","flgInclusion":true,"codHier":"H_1","codDiv":"DIV_1","codNode":"NODE_1","idLevel":1,"dteStart":"2026-03-24T17:25:00"}]
2026-03-25 10:54:01.025 +05:00 [INF] HTTP GET /api/promotions/customer-relations responded 200 in 202.4730 ms
2026-03-25 10:54:01.031 +05:00 [INF] HTTP GET /api/participants/all responded 200 in 222.3156 ms
2026-03-25 10:54:01.362 +05:00 [INF] JWT validated for zzz
2026-03-25 10:54:01.367 +05:00 [INF] JWT validated for zzz
2026-03-25 10:54:01.374 +05:00 [INF] Forwarding request GET /api/promotions/delivery-points to http://localhost:5137/api/v1/promotions/delivery-points
2026-03-25 10:54:01.375 +05:00 [INF] Forwarding request GET /api/promotions/customer-relations to http://localhost:5137/api/v1/promotions/customer-relations
2026-03-25 10:54:01.433 +05:00 [INF] Received response 200 from http://localhost:5137/api/v1/promotions/delivery-points. Headers: Connection=close, Date=Wed, 25 Mar 2026 05:54:00 GMT, Server=Kestrel, Transfer-Encoding=chunked, X-Promotions-Api-Version=V4_NO_THROW, X-Middleware-Reached=SESSION_VALIDATOR_V5, X-Session-Middleware=PROMO_RAN, X-Session-Token=cc203bca-aa74-4f48-a34c-2f0d2ee65e73, X-Session-UserClaim=1, X-Session-DB=cc203bca-aa74-4f48-a34c-2f0d2ee65e73, X-Session-Status=VALID, api-supported-versions=1.0
2026-03-25 10:54:01.451 +05:00 [INF] Received response 200 from http://localhost:5137/api/v1/promotions/customer-relations. Headers: Connection=close, Date=Wed, 25 Mar 2026 05:54:00 GMT, Server=Kestrel, Transfer-Encoding=chunked, X-Promotions-Api-Version=V4_NO_THROW, X-Middleware-Reached=SESSION_VALIDATOR_V5, X-Session-Middleware=PROMO_RAN, X-Session-Token=cc203bca-aa74-4f48-a34c-2f0d2ee65e73, X-Session-UserClaim=1, X-Session-DB=cc203bca-aa74-4f48-a34c-2f0d2ee65e73, X-Session-Status=VALID, api-supported-versions=1.0
2026-03-25 10:54:01.466 +05:00 [INF] HTTP GET /api/promotions/delivery-points responded 200 in 103.9181 ms | User: zzz (1) | IP: ::1 | CorrelationId: N/A | RequestBody:  | ResponseBody: [{"idAction":1,"codDeliveryPoint":"NODE_1","flgInclusion":true,"codHier":"H_1","codDiv":"DIV_1","codNode":"NODE_1","idLevel":1,"dteStart":"2026-03-24T17:25:00"}]
2026-03-25 10:54:01.472 +05:00 [INF] HTTP GET /api/promotions/customer-relations responded 200 in 105.1593 ms | User: zzz (1) | IP: ::1 | CorrelationId: N/A | RequestBody:  | ResponseBody: [{"idAction":0,"codHier":"H_1","codDiv":"DIV_1","codNode":"NODE_1","idLevel":1,"dteStart":"2026-03-24T17:25:00","codParentNode":"ROOT_1","dteEnd":"2026-03-26T17:25:00"},{"idAction":0,"codHier":"H_2","codDiv":"DIV_2","codNode":"NODE_2","idLevel":2,"dteStart":"2026-03-26T00:00:00","codParentNode":"ROOT","dteEnd":null}]
2026-03-25 10:54:01.479 +05:00 [INF] JWT validated for zzz
2026-03-25 10:54:01.482 +05:00 [INF] JWT validated for zzz
2026-03-25 10:54:01.493 +05:00 [INF] HTTP GET /api/promotions/delivery-points responded 200 in 130.9667 ms
2026-03-25 10:54:01.505 +05:00 [INF] Forwarding request GET /api/promotions/delivery-points to http://localhost:5137/api/v1/promotions/delivery-points
2026-03-25 10:54:01.502 +05:00 [INF] HTTP GET /api/promotions/customer-relations responded 200 in 135.4262 ms
2026-03-25 10:54:01.510 +05:00 [INF] Forwarding request GET /api/promotions/customer-relations to http://localhost:5137/api/v1/promotions/customer-relations
2026-03-25 10:54:01.562 +05:00 [INF] Received response 200 from http://localhost:5137/api/v1/promotions/delivery-points. Headers: Connection=close, Date=Wed, 25 Mar 2026 05:54:00 GMT, Server=Kestrel, Transfer-Encoding=chunked, X-Promotions-Api-Version=V4_NO_THROW, X-Middleware-Reached=SESSION_VALIDATOR_V5, X-Session-Middleware=PROMO_RAN, X-Session-Token=cc203bca-aa74-4f48-a34c-2f0d2ee65e73, X-Session-UserClaim=1, X-Session-DB=cc203bca-aa74-4f48-a34c-2f0d2ee65e73, X-Session-Status=VALID, api-supported-versions=1.0
2026-03-25 10:54:01.591 +05:00 [INF] Received response 200 from http://localhost:5137/api/v1/promotions/customer-relations. Headers: Connection=close, Date=Wed, 25 Mar 2026 05:54:00 GMT, Server=Kestrel, Transfer-Encoding=chunked, X-Promotions-Api-Version=V4_NO_THROW, X-Middleware-Reached=SESSION_VALIDATOR_V5, X-Session-Middleware=PROMO_RAN, X-Session-Token=cc203bca-aa74-4f48-a34c-2f0d2ee65e73, X-Session-UserClaim=1, X-Session-DB=cc203bca-aa74-4f48-a34c-2f0d2ee65e73, X-Session-Status=VALID, api-supported-versions=1.0
2026-03-25 10:54:01.592 +05:00 [INF] HTTP GET /api/promotions/delivery-points responded 200 in 112.9751 ms | User: zzz (1) | IP: ::1 | CorrelationId: N/A | RequestBody:  | ResponseBody: [{"idAction":1,"codDeliveryPoint":"NODE_1","flgInclusion":true,"codHier":"H_1","codDiv":"DIV_1","codNode":"NODE_1","idLevel":1,"dteStart":"2026-03-24T17:25:00"}]
2026-03-25 10:54:01.607 +05:00 [INF] HTTP GET /api/promotions/customer-relations responded 200 in 126.1674 ms | User: zzz (1) | IP: ::1 | CorrelationId: N/A | RequestBody:  | ResponseBody: [{"idAction":0,"codHier":"H_1","codDiv":"DIV_1","codNode":"NODE_1","idLevel":1,"dteStart":"2026-03-24T17:25:00","codParentNode":"ROOT_1","dteEnd":"2026-03-26T17:25:00"},{"idAction":0,"codHier":"H_2","codDiv":"DIV_2","codNode":"NODE_2","idLevel":2,"dteStart":"2026-03-26T00:00:00","codParentNode":"ROOT","dteEnd":null}]
2026-03-25 10:54:01.612 +05:00 [INF] HTTP GET /api/promotions/delivery-points responded 200 in 133.4525 ms
2026-03-25 10:54:01.629 +05:00 [INF] HTTP GET /api/promotions/customer-relations responded 200 in 147.8913 ms
2026-03-25 10:54:02.312 +05:00 [INF] JWT validated for zzz
2026-03-25 10:54:02.321 +05:00 [INF] Forwarding request GET /api/promotions/products to http://localhost:5137/api/v1/promotions/products
2026-03-25 10:54:02.357 +05:00 [INF] Received response 200 from http://localhost:5137/api/v1/promotions/products. Headers: Connection=close, Date=Wed, 25 Mar 2026 05:54:01 GMT, Server=Kestrel, Transfer-Encoding=chunked, X-Promotions-Api-Version=V4_NO_THROW, X-Middleware-Reached=SESSION_VALIDATOR_V5, X-Session-Middleware=PROMO_RAN, X-Session-Token=cc203bca-aa74-4f48-a34c-2f0d2ee65e73, X-Session-UserClaim=1, X-Session-DB=cc203bca-aa74-4f48-a34c-2f0d2ee65e73, X-Session-Status=VALID, api-supported-versions=1.0
2026-03-25 10:54:02.371 +05:00 [INF] HTTP GET /api/promotions/products responded 200 in 59.4373 ms | User: zzz (1) | IP: ::1 | CorrelationId: N/A | RequestBody:  | ResponseBody: [{"idAction":1,"codProduct":"PRD_1","levProduct":1,"codDisplay":"DSP_1","codDiv":"DIV_1","qtyEstimated":1100.000,"perceDiscount1":5.50,"perceDiscount2":2.30,"numMeasure":0.000,"codMeasure":"MEASURE_1","details":[{"idAction":1,"codProduct":"PRD_1","levProduct":1,"codDisplay":"DSP_1","codNode":"NODE_1","codDiv":"DIV_1","flgInclusion":true,"articles":[]}],"measureFields":[]}]
2026-03-25 10:54:02.379 +05:00 [INF] JWT validated for zzz
2026-03-25 10:54:02.385 +05:00 [INF] HTTP GET /api/promotions/products responded 200 in 72.5539 ms
2026-03-25 10:54:02.391 +05:00 [INF] Forwarding request GET /api/promotions/products to http://localhost:5137/api/v1/promotions/products
2026-03-25 10:54:02.429 +05:00 [INF] Received response 200 from http://localhost:5137/api/v1/promotions/products. Headers: Connection=close, Date=Wed, 25 Mar 2026 05:54:01 GMT, Server=Kestrel, Transfer-Encoding=chunked, X-Promotions-Api-Version=V4_NO_THROW, X-Middleware-Reached=SESSION_VALIDATOR_V5, X-Session-Middleware=PROMO_RAN, X-Session-Token=cc203bca-aa74-4f48-a34c-2f0d2ee65e73, X-Session-UserClaim=1, X-Session-DB=cc203bca-aa74-4f48-a34c-2f0d2ee65e73, X-Session-Status=VALID, api-supported-versions=1.0
2026-03-25 10:54:02.445 +05:00 [INF] HTTP GET /api/promotions/products responded 200 in 65.7524 ms | User: zzz (1) | IP: ::1 | CorrelationId: N/A | RequestBody:  | ResponseBody: [{"idAction":1,"codProduct":"PRD_1","levProduct":1,"codDisplay":"DSP_1","codDiv":"DIV_1","qtyEstimated":1100.000,"perceDiscount1":5.50,"perceDiscount2":2.30,"numMeasure":0.000,"codMeasure":"MEASURE_1","details":[{"idAction":1,"codProduct":"PRD_1","levProduct":1,"codDisplay":"DSP_1","codNode":"NODE_1","codDiv":"DIV_1","flgInclusion":true,"articles":[]}],"measureFields":[]}]
2026-03-25 10:54:02.461 +05:00 [INF] HTTP GET /api/promotions/products responded 200 in 81.6990 ms
2026-03-25 10:54:02.714 +05:00 [INF] JWT validated for zzz
2026-03-25 10:54:02.715 +05:00 [INF] JWT validated for zzz
2026-03-25 10:54:02.727 +05:00 [INF] Forwarding request GET /api/promotions/actions to http://localhost:5137/api/v1/promotions/actions
2026-03-25 10:54:02.729 +05:00 [INF] Forwarding request GET /api/promotions/customer-relations to http://localhost:5137/api/v1/promotions/customer-relations
2026-03-25 10:54:02.760 +05:00 [INF] JWT validated for zzz
2026-03-25 10:54:02.763 +05:00 [INF] Forwarding request GET /api/v1/health to http://localhost:5137/api/v1/health
2026-03-25 10:54:02.794 +05:00 [INF] Received response 200 from http://localhost:5137/api/v1/promotions/actions. Headers: Connection=close, Date=Wed, 25 Mar 2026 05:54:01 GMT, Server=Kestrel, Transfer-Encoding=chunked, X-Promotions-Api-Version=V4_NO_THROW, X-Middleware-Reached=SESSION_VALIDATOR_V5, X-Session-Middleware=PROMO_RAN, X-Session-Token=cc203bca-aa74-4f48-a34c-2f0d2ee65e73, X-Session-UserClaim=1, X-Session-DB=cc203bca-aa74-4f48-a34c-2f0d2ee65e73, X-Session-Status=VALID, api-supported-versions=1.0
2026-03-25 10:54:02.803 +05:00 [INF] Received response 200 from http://localhost:5137/api/v1/promotions/customer-relations. Headers: Connection=close, Date=Wed, 25 Mar 2026 05:54:01 GMT, Server=Kestrel, Transfer-Encoding=chunked, X-Promotions-Api-Version=V4_NO_THROW, X-Middleware-Reached=SESSION_VALIDATOR_V5, X-Session-Middleware=PROMO_RAN, X-Session-Token=cc203bca-aa74-4f48-a34c-2f0d2ee65e73, X-Session-UserClaim=1, X-Session-DB=cc203bca-aa74-4f48-a34c-2f0d2ee65e73, X-Session-Status=VALID, api-supported-versions=1.0
2026-03-25 10:54:02.804 +05:00 [INF] Received response 200 from http://localhost:5137/api/v1/health. Headers: Connection=close, Date=Wed, 25 Mar 2026 05:54:01 GMT, Server=Kestrel, Transfer-Encoding=chunked, X-Promotions-Api-Version=V4_NO_THROW, X-Middleware-Reached=SESSION_VALIDATOR_V5, X-Session-Middleware=PROMO_RAN, X-Session-Status=SKIPPED_HEALTH, api-supported-versions=1.0
2026-03-25 10:54:02.845 +05:00 [INF] JWT validated for zzz
2026-03-25 10:54:02.831 +05:00 [INF] HTTP GET /api/promotions/customer-relations responded 200 in 116.1864 ms | User: zzz (1) | IP: ::1 | CorrelationId: N/A | RequestBody:  | ResponseBody: [{"idAction":0,"codHier":"H_1","codDiv":"DIV_1","codNode":"NODE_1","idLevel":1,"dteStart":"2026-03-24T17:25:00","codParentNode":"ROOT_1","dteEnd":"2026-03-26T17:25:00"},{"idAction":0,"codHier":"H_2","codDiv":"DIV_2","codNode":"NODE_2","idLevel":2,"dteStart":"2026-03-26T00:00:00","codParentNode":"ROOT","dteEnd":null}]
2026-03-25 10:54:02.828 +05:00 [INF] HTTP GET /api/promotions/actions responded 200 in 113.6952 ms | User: zzz (1) | IP: ::1 | CorrelationId: N/A | RequestBody:  | ResponseBody: [{"idAction":1,"name":"PROMO_1","codDiv":"DIV_1","dteStartSellIn":"2026-03-25T17:57:00","dteEndSellIn":"2026-03-26T17:57:00","dteStartSellOut":"2026-03-26T17:57:00","dteEndSellOut":"2026-03-28T17:57:00","documentKey":"KEY_1","dteToShost":"2026-03-24T17:57:00","levParticipants":1}]
2026-03-25 10:54:02.840 +05:00 [INF] HTTP GET /api/v1/health responded 200 in 79.6926 ms | User: zzz (1) | IP: ::1 | CorrelationId: N/A | RequestBody:  | ResponseBody: {"service":"Promotions API","status":"Healthy","timestamp":"2026-03-25T05:54:02.8030133Z","uptime":"0d 17h 4m 28s"}
2026-03-25 10:54:02.841 +05:00 [INF] JWT validated for zzz
2026-03-25 10:54:02.871 +05:00 [INF] Forwarding request GET /api/promotions/customer-relations to http://localhost:5137/api/v1/promotions/customer-relations
2026-03-25 10:54:02.877 +05:00 [INF] HTTP GET /api/promotions/customer-relations responded 200 in 162.0551 ms
2026-03-25 10:54:02.893 +05:00 [INF] HTTP GET /api/v1/health responded 200 in 133.3373 ms
2026-03-25 10:54:02.885 +05:00 [INF] HTTP GET /api/promotions/actions responded 200 in 171.0305 ms
2026-03-25 10:54:02.906 +05:00 [INF] Forwarding request GET /api/promotions/actions to http://localhost:5137/api/v1/promotions/actions
2026-03-25 10:54:02.930 +05:00 [INF] JWT validated for zzz
2026-03-25 10:54:02.939 +05:00 [INF] Received response 200 from http://localhost:5137/api/v1/promotions/customer-relations. Headers: Connection=close, Date=Wed, 25 Mar 2026 05:54:02 GMT, Server=Kestrel, Transfer-Encoding=chunked, X-Promotions-Api-Version=V4_NO_THROW, X-Middleware-Reached=SESSION_VALIDATOR_V5, X-Session-Middleware=PROMO_RAN, X-Session-Token=cc203bca-aa74-4f48-a34c-2f0d2ee65e73, X-Session-UserClaim=1, X-Session-DB=cc203bca-aa74-4f48-a34c-2f0d2ee65e73, X-Session-Status=VALID, api-supported-versions=1.0
2026-03-25 10:54:02.942 +05:00 [INF] Forwarding request GET /api/participants/all to http://localhost:5137/api/v1/participants/all
2026-03-25 10:54:02.952 +05:00 [INF] HTTP GET /api/promotions/customer-relations responded 200 in 107.4206 ms | User: zzz (1) | IP: ::1 | CorrelationId: N/A | RequestBody:  | ResponseBody: [{"idAction":0,"codHier":"H_1","codDiv":"DIV_1","codNode":"NODE_1","idLevel":1,"dteStart":"2026-03-24T17:25:00","codParentNode":"ROOT_1","dteEnd":"2026-03-26T17:25:00"},{"idAction":0,"codHier":"H_2","codDiv":"DIV_2","codNode":"NODE_2","idLevel":2,"dteStart":"2026-03-26T00:00:00","codParentNode":"ROOT","dteEnd":null}]
2026-03-25 10:54:02.960 +05:00 [INF] Received response 200 from http://localhost:5137/api/v1/promotions/actions. Headers: Connection=close, Date=Wed, 25 Mar 2026 05:54:02 GMT, Server=Kestrel, Transfer-Encoding=chunked, X-Promotions-Api-Version=V4_NO_THROW, X-Middleware-Reached=SESSION_VALIDATOR_V5, X-Session-Middleware=PROMO_RAN, X-Session-Token=cc203bca-aa74-4f48-a34c-2f0d2ee65e73, X-Session-UserClaim=1, X-Session-DB=cc203bca-aa74-4f48-a34c-2f0d2ee65e73, X-Session-Status=VALID, api-supported-versions=1.0
2026-03-25 10:54:02.973 +05:00 [INF] HTTP GET /api/promotions/customer-relations responded 200 in 128.1022 ms
2026-03-25 10:54:02.975 +05:00 [INF] HTTP GET /api/promotions/actions responded 200 in 135.1606 ms | User: zzz (1) | IP: ::1 | CorrelationId: N/A | RequestBody:  | ResponseBody: [{"idAction":1,"name":"PROMO_1","codDiv":"DIV_1","dteStartSellIn":"2026-03-25T17:57:00","dteEndSellIn":"2026-03-26T17:57:00","dteStartSellOut":"2026-03-26T17:57:00","dteEndSellOut":"2026-03-28T17:57:00","documentKey":"KEY_1","dteToShost":"2026-03-24T17:57:00","levParticipants":1}]
2026-03-25 10:54:02.976 +05:00 [INF] Received response 200 from http://localhost:5137/api/v1/participants/all. Headers: Connection=close, Date=Wed, 25 Mar 2026 05:54:02 GMT, Server=Kestrel, Transfer-Encoding=chunked, X-Promotions-Api-Version=V4_NO_THROW, X-Middleware-Reached=SESSION_VALIDATOR_V5, X-Session-Middleware=PROMO_RAN, X-Session-Token=cc203bca-aa74-4f48-a34c-2f0d2ee65e73, X-Session-UserClaim=1, X-Session-DB=cc203bca-aa74-4f48-a34c-2f0d2ee65e73, X-Session-Status=VALID, api-supported-versions=1.0
2026-03-25 10:54:02.995 +05:00 [INF] HTTP GET /api/promotions/actions responded 200 in 155.1594 ms
2026-03-25 10:54:03.002 +05:00 [INF] HTTP GET /api/participants/all responded 200 in 71.5674 ms | User: zzz (1) | IP: ::1 | CorrelationId: N/A | RequestBody:  | ResponseBody: [{"idAction":1,"codParticipant":"N_2","flgInclusion":true,"codHier":"H_2","codDiv":"DIV_2","codNode":"NODE_2","idLevel":2,"dteStart":"2026-03-26T00:00:00"},{"idAction":1,"codParticipant":"NODE_1","flgInclusion":true,"codHier":"H_1","codDiv":"DIV_1","codNode":"NODE_1","idLevel":1,"dteStart":"2026-03-24T17:25:00"}]
2026-03-25 10:54:03.010 +05:00 [INF] JWT validated for zzz
2026-03-25 10:54:03.021 +05:00 [INF] HTTP GET /api/participants/all responded 200 in 90.8869 ms
2026-03-25 10:54:03.023 +05:00 [INF] Forwarding request GET /api/participants/all to http://localhost:5137/api/v1/participants/all
2026-03-25 10:54:03.045 +05:00 [INF] JWT validated for zzz
2026-03-25 10:54:03.053 +05:00 [INF] Forwarding request GET /api/promotions/delivery-points to http://localhost:5137/api/v1/promotions/delivery-points
2026-03-25 10:54:03.070 +05:00 [INF] Received response 200 from http://localhost:5137/api/v1/participants/all. Headers: Connection=close, Date=Wed, 25 Mar 2026 05:54:02 GMT, Server=Kestrel, Transfer-Encoding=chunked, X-Promotions-Api-Version=V4_NO_THROW, X-Middleware-Reached=SESSION_VALIDATOR_V5, X-Session-Middleware=PROMO_RAN, X-Session-Token=cc203bca-aa74-4f48-a34c-2f0d2ee65e73, X-Session-UserClaim=1, X-Session-DB=cc203bca-aa74-4f48-a34c-2f0d2ee65e73, X-Session-Status=VALID, api-supported-versions=1.0
2026-03-25 10:54:03.086 +05:00 [INF] HTTP GET /api/participants/all responded 200 in 75.9764 ms | User: zzz (1) | IP: ::1 | CorrelationId: N/A | RequestBody:  | ResponseBody: [{"idAction":1,"codParticipant":"N_2","flgInclusion":true,"codHier":"H_2","codDiv":"DIV_2","codNode":"NODE_2","idLevel":2,"dteStart":"2026-03-26T00:00:00"},{"idAction":1,"codParticipant":"NODE_1","flgInclusion":true,"codHier":"H_1","codDiv":"DIV_1","codNode":"NODE_1","idLevel":1,"dteStart":"2026-03-24T17:25:00"}]
2026-03-25 10:54:03.089 +05:00 [INF] Received response 200 from http://localhost:5137/api/v1/promotions/delivery-points. Headers: Connection=close, Date=Wed, 25 Mar 2026 05:54:02 GMT, Server=Kestrel, Transfer-Encoding=chunked, X-Promotions-Api-Version=V4_NO_THROW, X-Middleware-Reached=SESSION_VALIDATOR_V5, X-Session-Middleware=PROMO_RAN, X-Session-Token=cc203bca-aa74-4f48-a34c-2f0d2ee65e73, X-Session-UserClaim=1, X-Session-DB=cc203bca-aa74-4f48-a34c-2f0d2ee65e73, X-Session-Status=VALID, api-supported-versions=1.0
2026-03-25 10:54:03.106 +05:00 [INF] HTTP GET /api/participants/all responded 200 in 96.0921 ms
2026-03-25 10:54:03.121 +05:00 [INF] JWT validated for zzz
2026-03-25 10:54:03.114 +05:00 [INF] HTTP GET /api/promotions/delivery-points responded 200 in 70.7323 ms | User: zzz (1) | IP: ::1 | CorrelationId: N/A | RequestBody:  | ResponseBody: [{"idAction":1,"codDeliveryPoint":"NODE_1","flgInclusion":true,"codHier":"H_1","codDiv":"DIV_1","codNode":"NODE_1","idLevel":1,"dteStart":"2026-03-24T17:25:00"}]
2026-03-25 10:54:03.119 +05:00 [INF] JWT validated for zzz
2026-03-25 10:54:03.140 +05:00 [INF] JWT validated for zzz
2026-03-25 10:54:03.119 +05:00 [INF] JWT validated for zzz
2026-03-25 10:54:03.126 +05:00 [INF] JWT validated for zzz
2026-03-25 10:54:03.152 +05:00 [INF] Forwarding request GET /api/promotions/customer-relations to http://localhost:5137/api/v1/promotions/customer-relations
2026-03-25 10:54:03.164 +05:00 [INF] Forwarding request GET /api/promotions/delivery-points to http://localhost:5137/api/v1/promotions/delivery-points
2026-03-25 10:54:03.162 +05:00 [INF] Forwarding request GET /api/promotions/actions to http://localhost:5137/api/v1/promotions/actions
2026-03-25 10:54:03.169 +05:00 [INF] Forwarding request GET /api/participants/all to http://localhost:5137/api/v1/participants/all
2026-03-25 10:54:03.159 +05:00 [INF] HTTP GET /api/promotions/delivery-points responded 200 in 115.7781 ms
2026-03-25 10:54:03.173 +05:00 [INF] Forwarding request GET /api/promotions/dashboard/metrics to http://localhost:5137/api/v1/promotions/dashboard/metrics
2026-03-25 10:54:03.208 +05:00 [INF] Received response 200 from http://localhost:5137/api/v1/promotions/customer-relations. Headers: Connection=close, Date=Wed, 25 Mar 2026 05:54:02 GMT, Server=Kestrel, Transfer-Encoding=chunked, X-Promotions-Api-Version=V4_NO_THROW, X-Middleware-Reached=SESSION_VALIDATOR_V5, X-Session-Middleware=PROMO_RAN, X-Session-Token=cc203bca-aa74-4f48-a34c-2f0d2ee65e73, X-Session-UserClaim=1, X-Session-DB=cc203bca-aa74-4f48-a34c-2f0d2ee65e73, X-Session-Status=VALID, api-supported-versions=1.0
2026-03-25 10:54:03.259 +05:00 [INF] HTTP GET /api/promotions/customer-relations responded 200 in 137.6066 ms | User: zzz (1) | IP: ::1 | CorrelationId: N/A | RequestBody:  | ResponseBody: [{"idAction":0,"codHier":"H_1","codDiv":"DIV_1","codNode":"NODE_1","idLevel":1,"dteStart":"2026-03-24T17:25:00","codParentNode":"ROOT_1","dteEnd":"2026-03-26T17:25:00"},{"idAction":0,"codHier":"H_2","codDiv":"DIV_2","codNode":"NODE_2","idLevel":2,"dteStart":"2026-03-26T00:00:00","codParentNode":"ROOT","dteEnd":null}]
2026-03-25 10:54:03.272 +05:00 [INF] Received response 200 from http://localhost:5137/api/v1/promotions/delivery-points. Headers: Connection=close, Date=Wed, 25 Mar 2026 05:54:02 GMT, Server=Kestrel, Transfer-Encoding=chunked, X-Promotions-Api-Version=V4_NO_THROW, X-Middleware-Reached=SESSION_VALIDATOR_V5, X-Session-Middleware=PROMO_RAN, X-Session-Token=cc203bca-aa74-4f48-a34c-2f0d2ee65e73, X-Session-UserClaim=1, X-Session-DB=cc203bca-aa74-4f48-a34c-2f0d2ee65e73, X-Session-Status=VALID, api-supported-versions=1.0
2026-03-25 10:54:03.273 +05:00 [INF] JWT validated for zzz
2026-03-25 10:54:03.296 +05:00 [INF] Received response 200 from http://localhost:5137/api/v1/promotions/actions. Headers: Connection=close, Date=Wed, 25 Mar 2026 05:54:02 GMT, Server=Kestrel, Transfer-Encoding=chunked, X-Promotions-Api-Version=V4_NO_THROW, X-Middleware-Reached=SESSION_VALIDATOR_V5, X-Session-Middleware=PROMO_RAN, X-Session-Token=cc203bca-aa74-4f48-a34c-2f0d2ee65e73, X-Session-UserClaim=1, X-Session-DB=cc203bca-aa74-4f48-a34c-2f0d2ee65e73, X-Session-Status=VALID, api-supported-versions=1.0
2026-03-25 10:54:03.284 +05:00 [INF] HTTP GET /api/promotions/customer-relations responded 200 in 162.2012 ms
2026-03-25 10:54:03.313 +05:00 [INF] Forwarding request GET /api/promotions/customer-relations to http://localhost:5137/api/v1/promotions/customer-relations
2026-03-25 10:54:03.334 +05:00 [INF] Received response 200 from http://localhost:5137/api/v1/participants/all. Headers: Connection=close, Date=Wed, 25 Mar 2026 05:54:02 GMT, Server=Kestrel, Transfer-Encoding=chunked, X-Promotions-Api-Version=V4_NO_THROW, X-Middleware-Reached=SESSION_VALIDATOR_V5, X-Session-Middleware=PROMO_RAN, X-Session-Token=cc203bca-aa74-4f48-a34c-2f0d2ee65e73, X-Session-UserClaim=1, X-Session-DB=cc203bca-aa74-4f48-a34c-2f0d2ee65e73, X-Session-Status=VALID, api-supported-versions=1.0
2026-03-25 10:54:03.381 +05:00 [INF] Received response 200 from http://localhost:5137/api/v1/promotions/dashboard/metrics. Headers: Connection=close, Date=Wed, 25 Mar 2026 05:54:02 GMT, Server=Kestrel, Transfer-Encoding=chunked, X-Promotions-Api-Version=V4_NO_THROW, X-Middleware-Reached=SESSION_VALIDATOR_V5, X-Session-Middleware=PROMO_RAN, X-Session-Token=cc203bca-aa74-4f48-a34c-2f0d2ee65e73, X-Session-UserClaim=1, X-Session-DB=cc203bca-aa74-4f48-a34c-2f0d2ee65e73, X-Session-Status=VALID, api-supported-versions=1.0
2026-03-25 10:54:03.389 +05:00 [INF] HTTP GET /api/promotions/actions responded 200 in 269.6370 ms | User: zzz (1) | IP: ::1 | CorrelationId: N/A | RequestBody:  | ResponseBody: [{"idAction":1,"name":"PROMO_1","codDiv":"DIV_1","dteStartSellIn":"2026-03-25T17:57:00","dteEndSellIn":"2026-03-26T17:57:00","dteStartSellOut":"2026-03-26T17:57:00","dteEndSellOut":"2026-03-28T17:57:00","documentKey":"KEY_1","dteToShost":"2026-03-24T17:57:00","levParticipants":1}]
2026-03-25 10:54:03.395 +05:00 [INF] HTTP GET /api/participants/all responded 200 in 276.2927 ms | User: zzz (1) | IP: ::1 | CorrelationId: N/A | RequestBody:  | ResponseBody: [{"idAction":1,"codParticipant":"N_2","flgInclusion":true,"codHier":"H_2","codDiv":"DIV_2","codNode":"NODE_2","idLevel":2,"dteStart":"2026-03-26T00:00:00"},{"idAction":1,"codParticipant":"NODE_1","flgInclusion":true,"codHier":"H_1","codDiv":"DIV_1","codNode":"NODE_1","idLevel":1,"dteStart":"2026-03-24T17:25:00"}]
2026-03-25 10:54:03.411 +05:00 [INF] JWT validated for zzz
2026-03-25 10:54:03.427 +05:00 [INF] HTTP GET /api/promotions/actions responded 200 in 307.4715 ms
2026-03-25 10:54:03.428 +05:00 [INF] Received response 200 from http://localhost:5137/api/v1/promotions/customer-relations. Headers: Connection=close, Date=Wed, 25 Mar 2026 05:54:02 GMT, Server=Kestrel, Transfer-Encoding=chunked, X-Promotions-Api-Version=V4_NO_THROW, X-Middleware-Reached=SESSION_VALIDATOR_V5, X-Session-Middleware=PROMO_RAN, X-Session-Token=cc203bca-aa74-4f48-a34c-2f0d2ee65e73, X-Session-UserClaim=1, X-Session-DB=cc203bca-aa74-4f48-a34c-2f0d2ee65e73, X-Session-Status=VALID, api-supported-versions=1.0
2026-03-25 10:54:03.429 +05:00 [INF] HTTP GET /api/promotions/delivery-points responded 200 in 289.3388 ms | User: zzz (1) | IP: ::1 | CorrelationId: N/A | RequestBody:  | ResponseBody: [{"idAction":1,"codDeliveryPoint":"NODE_1","flgInclusion":true,"codHier":"H_1","codDiv":"DIV_1","codNode":"NODE_1","idLevel":1,"dteStart":"2026-03-24T17:25:00"}]
2026-03-25 10:54:03.444 +05:00 [INF] HTTP GET /api/participants/all responded 200 in 325.0675 ms
2026-03-25 10:54:03.439 +05:00 [INF] HTTP GET /api/promotions/dashboard/metrics responded 200 in 313.1495 ms | User: zzz (1) | IP: ::1 | CorrelationId: N/A | RequestBody:  | ResponseBody: {"totalPromotions":1,"totalProducts":1,"totalParticipants":2,"activeActions":0,"pendingActions":1,"expiredActions":0,"estimatedRevenue":0,"activityTrend":[{"dateLabel":"26","active":0,"pending":1,"failed":0},{"dateLabel":"01","active":0,"pending":1,"failed":0},{"dateLabel":"04","active":0,"pending":1,"failed":0},{"dateLabel":"07","active":0,"pending":1,"failed":0},{"dateLabel":"10","active":0,"pending":1,"failed":0},{"dateLabel":"13","active":0,"pending":1,"failed":0},{"dateLabel":"16","active":0,"pending":1,"failed":0},{"dateLabel":"19","active":0,"pending":1,"failed":0},{"dateLabel":"22","active":0,"pending":1,"failed":0},{"dateLabel":"25","active":0,"pending":1,"failed":0}]}
2026-03-25 10:54:03.481 +05:00 [INF] HTTP GET /api/promotions/customer-relations responded 200 in 208.2687 ms | User: zzz (1) | IP: ::1 | CorrelationId: N/A | RequestBody:  | ResponseBody: [{"idAction":0,"codHier":"H_1","codDiv":"DIV_1","codNode":"NODE_1","idLevel":1,"dteStart":"2026-03-24T17:25:00","codParentNode":"ROOT_1","dteEnd":"2026-03-26T17:25:00"},{"idAction":0,"codHier":"H_2","codDiv":"DIV_2","codNode":"NODE_2","idLevel":2,"dteStart":"2026-03-26T00:00:00","codParentNode":"ROOT","dteEnd":null}]
2026-03-25 10:54:03.485 +05:00 [INF] JWT validated for zzz
2026-03-25 10:54:03.456 +05:00 [INF] Forwarding request GET /api/promotions/actions to http://localhost:5137/api/v1/promotions/actions
2026-03-25 10:54:03.496 +05:00 [INF] HTTP GET /api/promotions/delivery-points responded 200 in 356.5572 ms
2026-03-25 10:54:03.526 +05:00 [INF] HTTP GET /api/promotions/customer-relations responded 200 in 253.6517 ms
2026-03-25 10:54:03.528 +05:00 [INF] Forwarding request GET /api/participants/all to http://localhost:5137/api/v1/participants/all
2026-03-25 10:54:03.547 +05:00 [INF] JWT validated for zzz
2026-03-25 10:54:03.517 +05:00 [INF] HTTP GET /api/promotions/dashboard/metrics responded 200 in 392.0662 ms
2026-03-25 10:54:03.515 +05:00 [INF] JWT validated for zzz
2026-03-25 10:54:03.554 +05:00 [INF] Received response 200 from http://localhost:5137/api/v1/promotions/actions. Headers: Connection=close, Date=Wed, 25 Mar 2026 05:54:02 GMT, Server=Kestrel, Transfer-Encoding=chunked, X-Promotions-Api-Version=V4_NO_THROW, X-Middleware-Reached=SESSION_VALIDATOR_V5, X-Session-Middleware=PROMO_RAN, X-Session-Token=cc203bca-aa74-4f48-a34c-2f0d2ee65e73, X-Session-UserClaim=1, X-Session-DB=cc203bca-aa74-4f48-a34c-2f0d2ee65e73, X-Session-Status=VALID, api-supported-versions=1.0
2026-03-25 10:54:03.570 +05:00 [INF] Forwarding request GET /api/promotions/dashboard/metrics to http://localhost:5137/api/v1/promotions/dashboard/metrics
2026-03-25 10:54:03.575 +05:00 [INF] Forwarding request GET /api/promotions/delivery-points to http://localhost:5137/api/v1/promotions/delivery-points
2026-03-25 10:54:03.577 +05:00 [INF] HTTP GET /api/promotions/actions responded 200 in 167.0147 ms | User: zzz (1) | IP: ::1 | CorrelationId: N/A | RequestBody:  | ResponseBody: [{"idAction":1,"name":"PROMO_1","codDiv":"DIV_1","dteStartSellIn":"2026-03-25T17:57:00","dteEndSellIn":"2026-03-26T17:57:00","dteStartSellOut":"2026-03-26T17:57:00","dteEndSellOut":"2026-03-28T17:57:00","documentKey":"KEY_1","dteToShost":"2026-03-24T17:57:00","levParticipants":1}]
2026-03-25 10:54:03.578 +05:00 [INF] Received response 200 from http://localhost:5137/api/v1/participants/all. Headers: Connection=close, Date=Wed, 25 Mar 2026 05:54:02 GMT, Server=Kestrel, Transfer-Encoding=chunked, X-Promotions-Api-Version=V4_NO_THROW, X-Middleware-Reached=SESSION_VALIDATOR_V5, X-Session-Middleware=PROMO_RAN, X-Session-Token=cc203bca-aa74-4f48-a34c-2f0d2ee65e73, X-Session-UserClaim=1, X-Session-DB=cc203bca-aa74-4f48-a34c-2f0d2ee65e73, X-Session-Status=VALID, api-supported-versions=1.0
2026-03-25 10:54:03.608 +05:00 [INF] HTTP GET /api/promotions/actions responded 200 in 198.0690 ms
2026-03-25 10:54:03.611 +05:00 [INF] HTTP GET /api/participants/all responded 200 in 127.0242 ms | User: zzz (1) | IP: ::1 | CorrelationId: N/A | RequestBody:  | ResponseBody: [{"idAction":1,"codParticipant":"N_2","flgInclusion":true,"codHier":"H_2","codDiv":"DIV_2","codNode":"NODE_2","idLevel":2,"dteStart":"2026-03-26T00:00:00"},{"idAction":1,"codParticipant":"NODE_1","flgInclusion":true,"codHier":"H_1","codDiv":"DIV_1","codNode":"NODE_1","idLevel":1,"dteStart":"2026-03-24T17:25:00"}]
2026-03-25 10:54:03.622 +05:00 [INF] Received response 200 from http://localhost:5137/api/v1/promotions/delivery-points. Headers: Connection=close, Date=Wed, 25 Mar 2026 05:54:02 GMT, Server=Kestrel, Transfer-Encoding=chunked, X-Promotions-Api-Version=V4_NO_THROW, X-Middleware-Reached=SESSION_VALIDATOR_V5, X-Session-Middleware=PROMO_RAN, X-Session-Token=cc203bca-aa74-4f48-a34c-2f0d2ee65e73, X-Session-UserClaim=1, X-Session-DB=cc203bca-aa74-4f48-a34c-2f0d2ee65e73, X-Session-Status=VALID, api-supported-versions=1.0
2026-03-25 10:54:03.621 +05:00 [INF] Received response 200 from http://localhost:5137/api/v1/promotions/dashboard/metrics. Headers: Connection=close, Date=Wed, 25 Mar 2026 05:54:02 GMT, Server=Kestrel, Transfer-Encoding=chunked, X-Promotions-Api-Version=V4_NO_THROW, X-Middleware-Reached=SESSION_VALIDATOR_V5, X-Session-Middleware=PROMO_RAN, X-Session-Token=cc203bca-aa74-4f48-a34c-2f0d2ee65e73, X-Session-UserClaim=1, X-Session-DB=cc203bca-aa74-4f48-a34c-2f0d2ee65e73, X-Session-Status=VALID, api-supported-versions=1.0
2026-03-25 10:54:03.629 +05:00 [INF] HTTP GET /api/participants/all responded 200 in 144.2598 ms
2026-03-25 10:54:03.640 +05:00 [INF] HTTP GET /api/promotions/delivery-points responded 200 in 125.1290 ms | User: zzz (1) | IP: ::1 | CorrelationId: N/A | RequestBody:  | ResponseBody: [{"idAction":1,"codDeliveryPoint":"NODE_1","flgInclusion":true,"codHier":"H_1","codDiv":"DIV_1","codNode":"NODE_1","idLevel":1,"dteStart":"2026-03-24T17:25:00"}]
2026-03-25 10:54:03.643 +05:00 [INF] HTTP GET /api/promotions/dashboard/metrics responded 200 in 96.1293 ms | User: zzz (1) | IP: ::1 | CorrelationId: N/A | RequestBody:  | ResponseBody: {"totalPromotions":1,"totalProducts":1,"totalParticipants":2,"activeActions":0,"pendingActions":1,"expiredActions":0,"estimatedRevenue":0,"activityTrend":[{"dateLabel":"26","active":0,"pending":1,"failed":0},{"dateLabel":"01","active":0,"pending":1,"failed":0},{"dateLabel":"04","active":0,"pending":1,"failed":0},{"dateLabel":"07","active":0,"pending":1,"failed":0},{"dateLabel":"10","active":0,"pending":1,"failed":0},{"dateLabel":"13","active":0,"pending":1,"failed":0},{"dateLabel":"16","active":0,"pending":1,"failed":0},{"dateLabel":"19","active":0,"pending":1,"failed":0},{"dateLabel":"22","active":0,"pending":1,"failed":0},{"dateLabel":"25","active":0,"pending":1,"failed":0}]}
2026-03-25 10:54:03.647 +05:00 [INF] JWT validated for zzz
2026-03-25 10:54:03.668 +05:00 [INF] HTTP GET /api/promotions/delivery-points responded 200 in 152.7758 ms
2026-03-25 10:54:03.674 +05:00 [INF] HTTP GET /api/promotions/dashboard/metrics responded 200 in 126.7683 ms
2026-03-25 10:54:03.675 +05:00 [INF] Forwarding request GET /api/promotions/delivery-points to http://localhost:5137/api/v1/promotions/delivery-points
2026-03-25 10:54:03.713 +05:00 [INF] Received response 200 from http://localhost:5137/api/v1/promotions/delivery-points. Headers: Connection=close, Date=Wed, 25 Mar 2026 05:54:02 GMT, Server=Kestrel, Transfer-Encoding=chunked, X-Promotions-Api-Version=V4_NO_THROW, X-Middleware-Reached=SESSION_VALIDATOR_V5, X-Session-Middleware=PROMO_RAN, X-Session-Token=cc203bca-aa74-4f48-a34c-2f0d2ee65e73, X-Session-UserClaim=1, X-Session-DB=cc203bca-aa74-4f48-a34c-2f0d2ee65e73, X-Session-Status=VALID, api-supported-versions=1.0
2026-03-25 10:54:03.725 +05:00 [INF] HTTP GET /api/promotions/delivery-points responded 200 in 77.7930 ms | User: zzz (1) | IP: ::1 | CorrelationId: N/A | RequestBody:  | ResponseBody: [{"idAction":1,"codDeliveryPoint":"NODE_1","flgInclusion":true,"codHier":"H_1","codDiv":"DIV_1","codNode":"NODE_1","idLevel":1,"dteStart":"2026-03-24T17:25:00"}]
2026-03-25 10:54:03.735 +05:00 [INF] HTTP GET /api/promotions/delivery-points responded 200 in 88.3263 ms
2026-03-25 10:54:07.777 +05:00 [INF] JWT validated for zzz
2026-03-25 10:54:07.784 +05:00 [INF] Forwarding request GET /api/v1/health to http://localhost:5137/api/v1/health
2026-03-25 10:54:07.812 +05:00 [INF] Received response 200 from http://localhost:5137/api/v1/health. Headers: Connection=close, Date=Wed, 25 Mar 2026 05:54:06 GMT, Server=Kestrel, Transfer-Encoding=chunked, X-Promotions-Api-Version=V4_NO_THROW, X-Middleware-Reached=SESSION_VALIDATOR_V5, X-Session-Middleware=PROMO_RAN, X-Session-Status=SKIPPED_HEALTH, api-supported-versions=1.0
2026-03-25 10:54:07.830 +05:00 [INF] HTTP GET /api/v1/health responded 200 in 53.3902 ms | User: zzz (1) | IP: ::1 | CorrelationId: N/A | RequestBody:  | ResponseBody: {"service":"Promotions API","status":"Healthy","timestamp":"2026-03-25T05:54:07.8115073Z","uptime":"0d 17h 4m 33s"}
2026-03-25 10:54:07.846 +05:00 [INF] HTTP GET /api/v1/health responded 200 in 69.0985 ms
2026-03-25 10:54:12.160 +05:00 [INF] JWT validated for zzz
2026-03-25 10:54:12.160 +05:00 [INF] JWT validated for zzz
2026-03-25 10:54:12.160 +05:00 [INF] JWT validated for zzz
2026-03-25 10:54:12.161 +05:00 [INF] JWT validated for zzz
2026-03-25 10:54:12.165 +05:00 [INF] JWT validated for zzz
2026-03-25 10:54:12.169 +05:00 [INF] Forwarding request GET /api/promotions/delivery-points to http://localhost:5137/api/v1/promotions/delivery-points
2026-03-25 10:54:12.171 +05:00 [INF] Forwarding request GET /api/participants/all to http://localhost:5137/api/v1/participants/all
2026-03-25 10:54:12.176 +05:00 [INF] Forwarding request GET /api/promotions/customer-relations to http://localhost:5137/api/v1/promotions/customer-relations
2026-03-25 10:54:12.183 +05:00 [INF] Forwarding request GET /api/promotions/actions to http://localhost:5137/api/v1/promotions/actions
2026-03-25 10:54:12.186 +05:00 [INF] Forwarding request GET /api/promotions/dashboard/metrics to http://localhost:5137/api/v1/promotions/dashboard/metrics
2026-03-25 10:54:12.223 +05:00 [INF] Received response 200 from http://localhost:5137/api/v1/promotions/delivery-points. Headers: Connection=close, Date=Wed, 25 Mar 2026 05:54:11 GMT, Server=Kestrel, Transfer-Encoding=chunked, X-Promotions-Api-Version=V4_NO_THROW, X-Middleware-Reached=SESSION_VALIDATOR_V5, X-Session-Middleware=PROMO_RAN, X-Session-Token=cc203bca-aa74-4f48-a34c-2f0d2ee65e73, X-Session-UserClaim=1, X-Session-DB=cc203bca-aa74-4f48-a34c-2f0d2ee65e73, X-Session-Status=VALID, api-supported-versions=1.0
2026-03-25 10:54:12.238 +05:00 [INF] Received response 200 from http://localhost:5137/api/v1/promotions/customer-relations. Headers: Connection=close, Date=Wed, 25 Mar 2026 05:54:11 GMT, Server=Kestrel, Transfer-Encoding=chunked, X-Promotions-Api-Version=V4_NO_THROW, X-Middleware-Reached=SESSION_VALIDATOR_V5, X-Session-Middleware=PROMO_RAN, X-Session-Token=cc203bca-aa74-4f48-a34c-2f0d2ee65e73, X-Session-UserClaim=1, X-Session-DB=cc203bca-aa74-4f48-a34c-2f0d2ee65e73, X-Session-Status=VALID, api-supported-versions=1.0
2026-03-25 10:54:12.238 +05:00 [INF] Received response 200 from http://localhost:5137/api/v1/participants/all. Headers: Connection=close, Date=Wed, 25 Mar 2026 05:54:11 GMT, Server=Kestrel, Transfer-Encoding=chunked, X-Promotions-Api-Version=V4_NO_THROW, X-Middleware-Reached=SESSION_VALIDATOR_V5, X-Session-Middleware=PROMO_RAN, X-Session-Token=cc203bca-aa74-4f48-a34c-2f0d2ee65e73, X-Session-UserClaim=1, X-Session-DB=cc203bca-aa74-4f48-a34c-2f0d2ee65e73, X-Session-Status=VALID, api-supported-versions=1.0
2026-03-25 10:54:12.251 +05:00 [INF] Received response 200 from http://localhost:5137/api/v1/promotions/actions. Headers: Connection=close, Date=Wed, 25 Mar 2026 05:54:11 GMT, Server=Kestrel, Transfer-Encoding=chunked, X-Promotions-Api-Version=V4_NO_THROW, X-Middleware-Reached=SESSION_VALIDATOR_V5, X-Session-Middleware=PROMO_RAN, X-Session-Token=cc203bca-aa74-4f48-a34c-2f0d2ee65e73, X-Session-UserClaim=1, X-Session-DB=cc203bca-aa74-4f48-a34c-2f0d2ee65e73, X-Session-Status=VALID, api-supported-versions=1.0
2026-03-25 10:54:12.256 +05:00 [INF] HTTP GET /api/promotions/delivery-points responded 200 in 95.5304 ms | User: zzz (1) | IP: ::1 | CorrelationId: N/A | RequestBody:  | ResponseBody: [{"idAction":1,"codDeliveryPoint":"NODE_1","flgInclusion":true,"codHier":"H_1","codDiv":"DIV_1","codNode":"NODE_1","idLevel":1,"dteStart":"2026-03-24T17:25:00"}]
2026-03-25 10:54:12.271 +05:00 [INF] HTTP GET /api/promotions/customer-relations responded 200 in 110.6305 ms | User: zzz (1) | IP: ::1 | CorrelationId: N/A | RequestBody:  | ResponseBody: [{"idAction":0,"codHier":"H_1","codDiv":"DIV_1","codNode":"NODE_1","idLevel":1,"dteStart":"2026-03-24T17:25:00","codParentNode":"ROOT_1","dteEnd":"2026-03-26T17:25:00"},{"idAction":0,"codHier":"H_2","codDiv":"DIV_2","codNode":"NODE_2","idLevel":2,"dteStart":"2026-03-26T00:00:00","codParentNode":"ROOT","dteEnd":null}]
2026-03-25 10:54:12.271 +05:00 [INF] HTTP GET /api/promotions/delivery-points responded 200 in 110.9531 ms
2026-03-25 10:54:12.276 +05:00 [INF] Received response 200 from http://localhost:5137/api/v1/promotions/dashboard/metrics. Headers: Connection=close, Date=Wed, 25 Mar 2026 05:54:11 GMT, Server=Kestrel, Transfer-Encoding=chunked, X-Promotions-Api-Version=V4_NO_THROW, X-Middleware-Reached=SESSION_VALIDATOR_V5, X-Session-Middleware=PROMO_RAN, X-Session-Token=cc203bca-aa74-4f48-a34c-2f0d2ee65e73, X-Session-UserClaim=1, X-Session-DB=cc203bca-aa74-4f48-a34c-2f0d2ee65e73, X-Session-Status=VALID, api-supported-versions=1.0
2026-03-25 10:54:12.288 +05:00 [INF] HTTP GET /api/promotions/customer-relations responded 200 in 127.6767 ms
2026-03-25 10:54:12.288 +05:00 [INF] HTTP GET /api/participants/all responded 200 in 127.7995 ms | User: zzz (1) | IP: ::1 | CorrelationId: N/A | RequestBody:  | ResponseBody: [{"idAction":1,"codParticipant":"N_2","flgInclusion":true,"codHier":"H_2","codDiv":"DIV_2","codNode":"NODE_2","idLevel":2,"dteStart":"2026-03-26T00:00:00"},{"idAction":1,"codParticipant":"NODE_1","flgInclusion":true,"codHier":"H_1","codDiv":"DIV_1","codNode":"NODE_1","idLevel":1,"dteStart":"2026-03-24T17:25:00"}]
2026-03-25 10:54:12.285 +05:00 [INF] HTTP GET /api/promotions/actions responded 200 in 124.3932 ms | User: zzz (1) | IP: ::1 | CorrelationId: N/A | RequestBody:  | ResponseBody: [{"idAction":1,"name":"PROMO_1","codDiv":"DIV_1","dteStartSellIn":"2026-03-25T17:57:00","dteEndSellIn":"2026-03-26T17:57:00","dteStartSellOut":"2026-03-26T17:57:00","dteEndSellOut":"2026-03-28T17:57:00","documentKey":"KEY_1","dteToShost":"2026-03-24T17:57:00","levParticipants":1}]
2026-03-25 10:54:12.293 +05:00 [INF] HTTP GET /api/promotions/dashboard/metrics responded 200 in 128.6684 ms | User: zzz (1) | IP: ::1 | CorrelationId: N/A | RequestBody:  | ResponseBody: {"totalPromotions":1,"totalProducts":1,"totalParticipants":2,"activeActions":0,"pendingActions":1,"expiredActions":0,"estimatedRevenue":0,"activityTrend":[{"dateLabel":"26","active":0,"pending":1,"failed":0},{"dateLabel":"01","active":0,"pending":1,"failed":0},{"dateLabel":"04","active":0,"pending":1,"failed":0},{"dateLabel":"07","active":0,"pending":1,"failed":0},{"dateLabel":"10","active":0,"pending":1,"failed":0},{"dateLabel":"13","active":0,"pending":1,"failed":0},{"dateLabel":"16","active":0,"pending":1,"failed":0},{"dateLabel":"19","active":0,"pending":1,"failed":0},{"dateLabel":"22","active":0,"pending":1,"failed":0},{"dateLabel":"25","active":0,"pending":1,"failed":0}]}
2026-03-25 10:54:12.321 +05:00 [INF] HTTP GET /api/participants/all responded 200 in 160.4558 ms
2026-03-25 10:54:12.326 +05:00 [INF] HTTP GET /api/promotions/actions responded 200 in 165.2101 ms
2026-03-25 10:54:12.332 +05:00 [INF] HTTP GET /api/promotions/dashboard/metrics responded 200 in 166.9245 ms
2026-03-25 10:54:12.750 +05:00 [INF] JWT validated for zzz
2026-03-25 10:54:12.755 +05:00 [INF] Forwarding request GET /api/v1/health to http://localhost:5137/api/v1/health
2026-03-25 10:54:12.773 +05:00 [INF] Received response 200 from http://localhost:5137/api/v1/health. Headers: Connection=close, Date=Wed, 25 Mar 2026 05:54:11 GMT, Server=Kestrel, Transfer-Encoding=chunked, X-Promotions-Api-Version=V4_NO_THROW, X-Middleware-Reached=SESSION_VALIDATOR_V5, X-Session-Middleware=PROMO_RAN, X-Session-Status=SKIPPED_HEALTH, api-supported-versions=1.0
2026-03-25 10:54:12.782 +05:00 [INF] HTTP GET /api/v1/health responded 200 in 32.2454 ms | User: zzz (1) | IP: ::1 | CorrelationId: N/A | RequestBody:  | ResponseBody: {"service":"Promotions API","status":"Healthy","timestamp":"2026-03-25T05:54:12.7730261Z","uptime":"0d 17h 4m 38s"}
2026-03-25 10:54:12.795 +05:00 [INF] HTTP GET /api/v1/health responded 200 in 45.6432 ms
2026-03-25 10:54:17.765 +05:00 [INF] JWT validated for zzz
2026-03-25 10:54:17.769 +05:00 [INF] Forwarding request GET /api/v1/health to http://localhost:5137/api/v1/health
2026-03-25 10:54:17.784 +05:00 [INF] Received response 200 from http://localhost:5137/api/v1/health. Headers: Connection=close, Date=Wed, 25 Mar 2026 05:54:17 GMT, Server=Kestrel, Transfer-Encoding=chunked, X-Promotions-Api-Version=V4_NO_THROW, X-Middleware-Reached=SESSION_VALIDATOR_V5, X-Session-Middleware=PROMO_RAN, X-Session-Status=SKIPPED_HEALTH, api-supported-versions=1.0
2026-03-25 10:54:17.791 +05:00 [INF] HTTP GET /api/v1/health responded 200 in 26.3079 ms | User: zzz (1) | IP: ::1 | CorrelationId: N/A | RequestBody:  | ResponseBody: {"service":"Promotions API","status":"Healthy","timestamp":"2026-03-25T05:54:17.7841604Z","uptime":"0d 17h 4m 43s"}
2026-03-25 10:54:17.801 +05:00 [INF] HTTP GET /api/v1/health responded 200 in 36.4315 ms
2026-03-25 10:54:22.770 +05:00 [INF] JWT validated for zzz
2026-03-25 10:54:22.773 +05:00 [INF] Forwarding request GET /api/v1/health to http://localhost:5137/api/v1/health
2026-03-25 10:54:22.791 +05:00 [INF] Received response 200 from http://localhost:5137/api/v1/health. Headers: Connection=close, Date=Wed, 25 Mar 2026 05:54:22 GMT, Server=Kestrel, Transfer-Encoding=chunked, X-Promotions-Api-Version=V4_NO_THROW, X-Middleware-Reached=SESSION_VALIDATOR_V5, X-Session-Middleware=PROMO_RAN, X-Session-Status=SKIPPED_HEALTH, api-supported-versions=1.0
2026-03-25 10:54:22.801 +05:00 [INF] HTTP GET /api/v1/health responded 200 in 31.0634 ms | User: zzz (1) | IP: ::1 | CorrelationId: N/A | RequestBody:  | ResponseBody: {"service":"Promotions API","status":"Healthy","timestamp":"2026-03-25T05:54:22.7907078Z","uptime":"0d 17h 4m 48s"}
2026-03-25 10:54:22.808 +05:00 [INF] HTTP GET /api/v1/health responded 200 in 38.8097 ms
2026-03-25 10:54:27.755 +05:00 [INF] JWT validated for zzz
2026-03-25 10:54:27.759 +05:00 [INF] Forwarding request GET /api/v1/health to http://localhost:5137/api/v1/health
2026-03-25 10:54:27.782 +05:00 [INF] Received response 200 from http://localhost:5137/api/v1/health. Headers: Connection=close, Date=Wed, 25 Mar 2026 05:54:27 GMT, Server=Kestrel, Transfer-Encoding=chunked, X-Promotions-Api-Version=V4_NO_THROW, X-Middleware-Reached=SESSION_VALIDATOR_V5, X-Session-Middleware=PROMO_RAN, X-Session-Status=SKIPPED_HEALTH, api-supported-versions=1.0
2026-03-25 10:54:27.792 +05:00 [INF] HTTP GET /api/v1/health responded 200 in 37.0022 ms | User: zzz (1) | IP: ::1 | CorrelationId: N/A | RequestBody:  | ResponseBody: {"service":"Promotions API","status":"Healthy","timestamp":"2026-03-25T05:54:27.7792148Z","uptime":"0d 17h 4m 53s"}
2026-03-25 10:54:27.803 +05:00 [INF] HTTP GET /api/v1/health responded 200 in 48.2629 ms
2026-03-25 10:54:32.765 +05:00 [INF] JWT validated for zzz
2026-03-25 10:54:32.769 +05:00 [INF] Forwarding request GET /api/v1/health to http://localhost:5137/api/v1/health
2026-03-25 10:54:32.788 +05:00 [INF] Received response 200 from http://localhost:5137/api/v1/health. Headers: Connection=close, Date=Wed, 25 Mar 2026 05:54:32 GMT, Server=Kestrel, Transfer-Encoding=chunked, X-Promotions-Api-Version=V4_NO_THROW, X-Middleware-Reached=SESSION_VALIDATOR_V5, X-Session-Middleware=PROMO_RAN, X-Session-Status=SKIPPED_HEALTH, api-supported-versions=1.0
2026-03-25 10:54:32.794 +05:00 [INF] HTTP GET /api/v1/health responded 200 in 29.9400 ms | User: zzz (1) | IP: ::1 | CorrelationId: N/A | RequestBody:  | ResponseBody: {"service":"Promotions API","status":"Healthy","timestamp":"2026-03-25T05:54:32.7866081Z","uptime":"0d 17h 4m 58s"}
2026-03-25 10:54:32.804 +05:00 [INF] HTTP GET /api/v1/health responded 200 in 39.9587 ms
2026-03-25 10:54:37.761 +05:00 [INF] JWT validated for zzz
2026-03-25 10:54:37.768 +05:00 [INF] Forwarding request GET /api/v1/health to http://localhost:5137/api/v1/health
2026-03-25 10:54:37.791 +05:00 [INF] Received response 200 from http://localhost:5137/api/v1/health. Headers: Connection=close, Date=Wed, 25 Mar 2026 05:54:37 GMT, Server=Kestrel, Transfer-Encoding=chunked, X-Promotions-Api-Version=V4_NO_THROW, X-Middleware-Reached=SESSION_VALIDATOR_V5, X-Session-Middleware=PROMO_RAN, X-Session-Status=SKIPPED_HEALTH, api-supported-versions=1.0
2026-03-25 10:54:37.803 +05:00 [INF] HTTP GET /api/v1/health responded 200 in 42.0349 ms | User: zzz (1) | IP: ::1 | CorrelationId: N/A | RequestBody:  | ResponseBody: {"service":"Promotions API","status":"Healthy","timestamp":"2026-03-25T05:54:37.789334Z","uptime":"0d 17h 5m 3s"}
2026-03-25 10:54:37.818 +05:00 [INF] HTTP GET /api/v1/health responded 200 in 57.1616 ms
2026-03-25 10:54:42.752 +05:00 [INF] JWT validated for zzz
2026-03-25 10:54:42.757 +05:00 [INF] Forwarding request GET /api/v1/health to http://localhost:5137/api/v1/health
2026-03-25 10:54:42.779 +05:00 [INF] Received response 200 from http://localhost:5137/api/v1/health. Headers: Connection=close, Date=Wed, 25 Mar 2026 05:54:42 GMT, Server=Kestrel, Transfer-Encoding=chunked, X-Promotions-Api-Version=V4_NO_THROW, X-Middleware-Reached=SESSION_VALIDATOR_V5, X-Session-Middleware=PROMO_RAN, X-Session-Status=SKIPPED_HEALTH, api-supported-versions=1.0
2026-03-25 10:54:42.788 +05:00 [INF] HTTP GET /api/v1/health responded 200 in 36.8585 ms | User: zzz (1) | IP: ::1 | CorrelationId: N/A | RequestBody:  | ResponseBody: {"service":"Promotions API","status":"Healthy","timestamp":"2026-03-25T05:54:42.7778485Z","uptime":"0d 17h 5m 8s"}
2026-03-25 10:54:42.800 +05:00 [INF] HTTP GET /api/v1/health responded 200 in 48.6137 ms
2026-03-25 10:54:47.760 +05:00 [INF] JWT validated for zzz
2026-03-25 10:54:47.768 +05:00 [INF] Forwarding request GET /api/v1/health to http://localhost:5137/api/v1/health
2026-03-25 10:54:47.792 +05:00 [INF] Received response 200 from http://localhost:5137/api/v1/health. Headers: Connection=close, Date=Wed, 25 Mar 2026 05:54:47 GMT, Server=Kestrel, Transfer-Encoding=chunked, X-Promotions-Api-Version=V4_NO_THROW, X-Middleware-Reached=SESSION_VALIDATOR_V5, X-Session-Middleware=PROMO_RAN, X-Session-Status=SKIPPED_HEALTH, api-supported-versions=1.0
2026-03-25 10:54:47.803 +05:00 [INF] HTTP GET /api/v1/health responded 200 in 42.7441 ms | User: zzz (1) | IP: ::1 | CorrelationId: N/A | RequestBody:  | ResponseBody: {"service":"Promotions API","status":"Healthy","timestamp":"2026-03-25T05:54:47.7914562Z","uptime":"0d 17h 5m 13s"}
2026-03-25 10:54:47.816 +05:00 [INF] HTTP GET /api/v1/health responded 200 in 56.2094 ms
2026-03-25 10:54:52.754 +05:00 [INF] JWT validated for zzz
2026-03-25 10:54:52.759 +05:00 [INF] Forwarding request GET /api/v1/health to http://localhost:5137/api/v1/health
2026-03-25 10:54:52.783 +05:00 [INF] Received response 200 from http://localhost:5137/api/v1/health. Headers: Connection=close, Date=Wed, 25 Mar 2026 05:54:52 GMT, Server=Kestrel, Transfer-Encoding=chunked, X-Promotions-Api-Version=V4_NO_THROW, X-Middleware-Reached=SESSION_VALIDATOR_V5, X-Session-Middleware=PROMO_RAN, X-Session-Status=SKIPPED_HEALTH, api-supported-versions=1.0
2026-03-25 10:54:52.791 +05:00 [INF] HTTP GET /api/v1/health responded 200 in 37.2228 ms | User: zzz (1) | IP: ::1 | CorrelationId: N/A | RequestBody:  | ResponseBody: {"service":"Promotions API","status":"Healthy","timestamp":"2026-03-25T05:54:52.7824511Z","uptime":"0d 17h 5m 18s"}
2026-03-25 10:54:52.804 +05:00 [INF] HTTP GET /api/v1/health responded 200 in 50.8093 ms
2026-03-25 10:54:57.947 +05:00 [INF] JWT validated for zzz
2026-03-25 10:54:57.951 +05:00 [INF] Forwarding request GET /api/v1/health to http://localhost:5137/api/v1/health
2026-03-25 10:54:57.971 +05:00 [INF] Received response 200 from http://localhost:5137/api/v1/health. Headers: Connection=close, Date=Wed, 25 Mar 2026 05:54:57 GMT, Server=Kestrel, Transfer-Encoding=chunked, X-Promotions-Api-Version=V4_NO_THROW, X-Middleware-Reached=SESSION_VALIDATOR_V5, X-Session-Middleware=PROMO_RAN, X-Session-Status=SKIPPED_HEALTH, api-supported-versions=1.0
2026-03-25 10:54:57.985 +05:00 [INF] HTTP GET /api/v1/health responded 200 in 37.8201 ms | User: zzz (1) | IP: ::1 | CorrelationId: N/A | RequestBody:  | ResponseBody: {"service":"Promotions API","status":"Healthy","timestamp":"2026-03-25T05:54:57.9709819Z","uptime":"0d 17h 5m 23s"}
2026-03-25 10:54:58.000 +05:00 [INF] HTTP GET /api/v1/health responded 200 in 52.8147 ms
2026-03-25 10:55:02.936 +05:00 [INF] JWT validated for zzz
2026-03-25 10:55:02.943 +05:00 [INF] Forwarding request GET /api/v1/health to http://localhost:5137/api/v1/health
2026-03-25 10:55:02.976 +05:00 [INF] Received response 200 from http://localhost:5137/api/v1/health. Headers: Connection=close, Date=Wed, 25 Mar 2026 05:55:02 GMT, Server=Kestrel, Transfer-Encoding=chunked, X-Promotions-Api-Version=V4_NO_THROW, X-Middleware-Reached=SESSION_VALIDATOR_V5, X-Session-Middleware=PROMO_RAN, X-Session-Status=SKIPPED_HEALTH, api-supported-versions=1.0
2026-03-25 10:55:02.988 +05:00 [INF] HTTP GET /api/v1/health responded 200 in 52.3553 ms | User: zzz (1) | IP: ::1 | CorrelationId: N/A | RequestBody:  | ResponseBody: {"service":"Promotions API","status":"Healthy","timestamp":"2026-03-25T05:55:02.9761023Z","uptime":"0d 17h 5m 28s"}
2026-03-25 10:55:03.000 +05:00 [INF] HTTP GET /api/v1/health responded 200 in 64.5927 ms
2026-03-25 10:55:07.934 +05:00 [INF] JWT validated for zzz
2026-03-25 10:55:07.938 +05:00 [INF] Forwarding request GET /api/v1/health to http://localhost:5137/api/v1/health
2026-03-25 10:55:07.958 +05:00 [INF] Received response 200 from http://localhost:5137/api/v1/health. Headers: Connection=close, Date=Wed, 25 Mar 2026 05:55:07 GMT, Server=Kestrel, Transfer-Encoding=chunked, X-Promotions-Api-Version=V4_NO_THROW, X-Middleware-Reached=SESSION_VALIDATOR_V5, X-Session-Middleware=PROMO_RAN, X-Session-Status=SKIPPED_HEALTH, api-supported-versions=1.0
2026-03-25 10:55:07.967 +05:00 [INF] HTTP GET /api/v1/health responded 200 in 33.3455 ms | User: zzz (1) | IP: ::1 | CorrelationId: N/A | RequestBody:  | ResponseBody: {"service":"Promotions API","status":"Healthy","timestamp":"2026-03-25T05:55:07.9564526Z","uptime":"0d 17h 5m 33s"}
2026-03-25 10:55:07.981 +05:00 [INF] HTTP GET /api/v1/health responded 200 in 46.6993 ms
2026-03-25 10:55:12.938 +05:00 [INF] JWT validated for zzz
2026-03-25 10:55:12.944 +05:00 [INF] Forwarding request GET /api/v1/health to http://localhost:5137/api/v1/health
2026-03-25 10:55:12.977 +05:00 [INF] Received response 200 from http://localhost:5137/api/v1/health. Headers: Connection=close, Date=Wed, 25 Mar 2026 05:55:12 GMT, Server=Kestrel, Transfer-Encoding=chunked, X-Promotions-Api-Version=V4_NO_THROW, X-Middleware-Reached=SESSION_VALIDATOR_V5, X-Session-Middleware=PROMO_RAN, X-Session-Status=SKIPPED_HEALTH, api-supported-versions=1.0
2026-03-25 10:55:12.991 +05:00 [INF] HTTP GET /api/v1/health responded 200 in 53.2155 ms | User: zzz (1) | IP: ::1 | CorrelationId: N/A | RequestBody:  | ResponseBody: {"service":"Promotions API","status":"Healthy","timestamp":"2026-03-25T05:55:12.9769273Z","uptime":"0d 17h 5m 38s"}
2026-03-25 10:55:13.006 +05:00 [INF] HTTP GET /api/v1/health responded 200 in 67.4928 ms
2026-03-25 10:55:17.937 +05:00 [INF] JWT validated for zzz
2026-03-25 10:55:17.942 +05:00 [INF] Forwarding request GET /api/v1/health to http://localhost:5137/api/v1/health
2026-03-25 10:55:17.959 +05:00 [INF] Received response 200 from http://localhost:5137/api/v1/health. Headers: Connection=close, Date=Wed, 25 Mar 2026 05:55:17 GMT, Server=Kestrel, Transfer-Encoding=chunked, X-Promotions-Api-Version=V4_NO_THROW, X-Middleware-Reached=SESSION_VALIDATOR_V5, X-Session-Middleware=PROMO_RAN, X-Session-Status=SKIPPED_HEALTH, api-supported-versions=1.0
2026-03-25 10:55:17.967 +05:00 [INF] HTTP GET /api/v1/health responded 200 in 29.4977 ms | User: zzz (1) | IP: ::1 | CorrelationId: N/A | RequestBody:  | ResponseBody: {"service":"Promotions API","status":"Healthy","timestamp":"2026-03-25T05:55:17.9580605Z","uptime":"0d 17h 5m 43s"}
2026-03-25 10:55:17.978 +05:00 [INF] HTTP GET /api/v1/health responded 200 in 40.4412 ms
2026-03-25 10:55:22.974 +05:00 [INF] JWT validated for zzz
2026-03-25 10:55:22.978 +05:00 [INF] Forwarding request GET /api/v1/health to http://localhost:5137/api/v1/health
2026-03-25 10:55:22.999 +05:00 [INF] Received response 200 from http://localhost:5137/api/v1/health. Headers: Connection=close, Date=Wed, 25 Mar 2026 05:55:22 GMT, Server=Kestrel, Transfer-Encoding=chunked, X-Promotions-Api-Version=V4_NO_THROW, X-Middleware-Reached=SESSION_VALIDATOR_V5, X-Session-Middleware=PROMO_RAN, X-Session-Status=SKIPPED_HEALTH, api-supported-versions=1.0
2026-03-25 10:55:23.008 +05:00 [INF] HTTP GET /api/v1/health responded 200 in 34.5179 ms | User: zzz (1) | IP: ::1 | CorrelationId: N/A | RequestBody:  | ResponseBody: {"service":"Promotions API","status":"Healthy","timestamp":"2026-03-25T05:55:22.9979601Z","uptime":"0d 17h 5m 48s"}
2026-03-25 10:55:23.021 +05:00 [INF] HTTP GET /api/v1/health responded 200 in 47.3991 ms
2026-03-25 10:55:27.949 +05:00 [INF] JWT validated for zzz
2026-03-25 10:55:27.956 +05:00 [INF] Forwarding request GET /api/v1/health to http://localhost:5137/api/v1/health
2026-03-25 10:55:27.973 +05:00 [INF] Received response 200 from http://localhost:5137/api/v1/health. Headers: Connection=close, Date=Wed, 25 Mar 2026 05:55:27 GMT, Server=Kestrel, Transfer-Encoding=chunked, X-Promotions-Api-Version=V4_NO_THROW, X-Middleware-Reached=SESSION_VALIDATOR_V5, X-Session-Middleware=PROMO_RAN, X-Session-Status=SKIPPED_HEALTH, api-supported-versions=1.0
2026-03-25 10:55:27.980 +05:00 [INF] HTTP GET /api/v1/health responded 200 in 31.4166 ms | User: zzz (1) | IP: ::1 | CorrelationId: N/A | RequestBody:  | ResponseBody: {"service":"Promotions API","status":"Healthy","timestamp":"2026-03-25T05:55:27.9731311Z","uptime":"0d 17h 5m 53s"}
2026-03-25 10:55:27.996 +05:00 [INF] HTTP GET /api/v1/health responded 200 in 46.5777 ms
2026-03-25 10:55:32.946 +05:00 [INF] JWT validated for zzz
2026-03-25 10:55:32.951 +05:00 [INF] Forwarding request GET /api/v1/health to http://localhost:5137/api/v1/health
2026-03-25 10:55:32.972 +05:00 [INF] Received response 200 from http://localhost:5137/api/v1/health. Headers: Connection=close, Date=Wed, 25 Mar 2026 05:55:32 GMT, Server=Kestrel, Transfer-Encoding=chunked, X-Promotions-Api-Version=V4_NO_THROW, X-Middleware-Reached=SESSION_VALIDATOR_V5, X-Session-Middleware=PROMO_RAN, X-Session-Status=SKIPPED_HEALTH, api-supported-versions=1.0
2026-03-25 10:55:32.984 +05:00 [INF] HTTP GET /api/v1/health responded 200 in 38.7167 ms | User: zzz (1) | IP: ::1 | CorrelationId: N/A | RequestBody:  | ResponseBody: {"service":"Promotions API","status":"Healthy","timestamp":"2026-03-25T05:55:32.9709517Z","uptime":"0d 17h 5m 58s"}
2026-03-25 10:55:32.996 +05:00 [INF] HTTP GET /api/v1/health responded 200 in 50.4932 ms
2026-03-25 10:55:37.945 +05:00 [INF] JWT validated for zzz
2026-03-25 10:55:37.948 +05:00 [INF] Forwarding request GET /api/v1/health to http://localhost:5137/api/v1/health
2026-03-25 10:55:37.964 +05:00 [INF] Received response 200 from http://localhost:5137/api/v1/health. Headers: Connection=close, Date=Wed, 25 Mar 2026 05:55:37 GMT, Server=Kestrel, Transfer-Encoding=chunked, X-Promotions-Api-Version=V4_NO_THROW, X-Middleware-Reached=SESSION_VALIDATOR_V5, X-Session-Middleware=PROMO_RAN, X-Session-Status=SKIPPED_HEALTH, api-supported-versions=1.0
2026-03-25 10:55:37.971 +05:00 [INF] HTTP GET /api/v1/health responded 200 in 25.5673 ms | User: zzz (1) | IP: ::1 | CorrelationId: N/A | RequestBody:  | ResponseBody: {"service":"Promotions API","status":"Healthy","timestamp":"2026-03-25T05:55:37.9633323Z","uptime":"0d 17h 6m 3s"}
2026-03-25 10:55:37.986 +05:00 [INF] HTTP GET /api/v1/health responded 200 in 40.8463 ms
2026-03-25 10:55:42.932 +05:00 [INF] JWT validated for zzz
2026-03-25 10:55:42.934 +05:00 [INF] Forwarding request GET /api/v1/health to http://localhost:5137/api/v1/health
2026-03-25 10:55:42.949 +05:00 [INF] Received response 200 from http://localhost:5137/api/v1/health. Headers: Connection=close, Date=Wed, 25 Mar 2026 05:55:42 GMT, Server=Kestrel, Transfer-Encoding=chunked, X-Promotions-Api-Version=V4_NO_THROW, X-Middleware-Reached=SESSION_VALIDATOR_V5, X-Session-Middleware=PROMO_RAN, X-Session-Status=SKIPPED_HEALTH, api-supported-versions=1.0
2026-03-25 10:55:42.955 +05:00 [INF] HTTP GET /api/v1/health responded 200 in 23.3448 ms | User: zzz (1) | IP: ::1 | CorrelationId: N/A | RequestBody:  | ResponseBody: {"service":"Promotions API","status":"Healthy","timestamp":"2026-03-25T05:55:42.9483874Z","uptime":"0d 17h 6m 8s"}
2026-03-25 10:55:42.968 +05:00 [INF] HTTP GET /api/v1/health responded 200 in 36.5699 ms
2026-03-25 10:55:47.938 +05:00 [INF] JWT validated for zzz
2026-03-25 10:55:47.941 +05:00 [INF] Forwarding request GET /api/v1/health to http://localhost:5137/api/v1/health
2026-03-25 10:55:47.961 +05:00 [INF] Received response 200 from http://localhost:5137/api/v1/health. Headers: Connection=close, Date=Wed, 25 Mar 2026 05:55:47 GMT, Server=Kestrel, Transfer-Encoding=chunked, X-Promotions-Api-Version=V4_NO_THROW, X-Middleware-Reached=SESSION_VALIDATOR_V5, X-Session-Middleware=PROMO_RAN, X-Session-Status=SKIPPED_HEALTH, api-supported-versions=1.0
2026-03-25 10:55:47.970 +05:00 [INF] HTTP GET /api/v1/health responded 200 in 32.1449 ms | User: zzz (1) | IP: ::1 | CorrelationId: N/A | RequestBody:  | ResponseBody: {"service":"Promotions API","status":"Healthy","timestamp":"2026-03-25T05:55:47.9594335Z","uptime":"0d 17h 6m 13s"}
2026-03-25 10:55:47.981 +05:00 [INF] HTTP GET /api/v1/health responded 200 in 43.7488 ms
2026-03-25 10:55:52.943 +05:00 [INF] JWT validated for zzz
2026-03-25 10:55:52.948 +05:00 [INF] Forwarding request GET /api/v1/health to http://localhost:5137/api/v1/health
2026-03-25 10:55:52.963 +05:00 [INF] Received response 200 from http://localhost:5137/api/v1/health. Headers: Connection=close, Date=Wed, 25 Mar 2026 05:55:52 GMT, Server=Kestrel, Transfer-Encoding=chunked, X-Promotions-Api-Version=V4_NO_THROW, X-Middleware-Reached=SESSION_VALIDATOR_V5, X-Session-Middleware=PROMO_RAN, X-Session-Status=SKIPPED_HEALTH, api-supported-versions=1.0
2026-03-25 10:55:52.968 +05:00 [INF] HTTP GET /api/v1/health responded 200 in 24.3335 ms | User: zzz (1) | IP: ::1 | CorrelationId: N/A | RequestBody:  | ResponseBody: {"service":"Promotions API","status":"Healthy","timestamp":"2026-03-25T05:55:52.9632962Z","uptime":"0d 17h 6m 18s"}
2026-03-25 10:55:52.979 +05:00 [INF] HTTP GET /api/v1/health responded 200 in 35.3596 ms
2026-03-25 10:56:23.961 +05:00 [INF] JWT validated for zzz
2026-03-25 10:56:23.975 +05:00 [INF] Forwarding request GET /api/v1/health to http://localhost:5137/api/v1/health
2026-03-25 10:56:23.999 +05:00 [INF] Received response 200 from http://localhost:5137/api/v1/health. Headers: Connection=close, Date=Wed, 25 Mar 2026 05:56:23 GMT, Server=Kestrel, Transfer-Encoding=chunked, X-Promotions-Api-Version=V4_NO_THROW, X-Middleware-Reached=SESSION_VALIDATOR_V5, X-Session-Middleware=PROMO_RAN, X-Session-Status=SKIPPED_HEALTH, api-supported-versions=1.0
2026-03-25 10:56:24.006 +05:00 [INF] HTTP GET /api/v1/health responded 200 in 45.3005 ms | User: zzz (1) | IP: ::1 | CorrelationId: N/A | RequestBody:  | ResponseBody: {"service":"Promotions API","status":"Healthy","timestamp":"2026-03-25T05:56:23.9990644Z","uptime":"0d 17h 6m 49s"}
2026-03-25 10:56:24.026 +05:00 [INF] HTTP GET /api/v1/health responded 200 in 65.0641 ms
2026-03-25 10:57:23.978 +05:00 [INF] JWT validated for zzz
2026-03-25 10:57:23.986 +05:00 [INF] Forwarding request GET /api/v1/health to http://localhost:5137/api/v1/health
2026-03-25 10:57:24.018 +05:00 [INF] Received response 200 from http://localhost:5137/api/v1/health. Headers: Connection=close, Date=Wed, 25 Mar 2026 05:57:23 GMT, Server=Kestrel, Transfer-Encoding=chunked, X-Promotions-Api-Version=V4_NO_THROW, X-Middleware-Reached=SESSION_VALIDATOR_V5, X-Session-Middleware=PROMO_RAN, X-Session-Status=SKIPPED_HEALTH, api-supported-versions=1.0
2026-03-25 10:57:24.026 +05:00 [INF] HTTP GET /api/v1/health responded 200 in 50.3819 ms | User: zzz (1) | IP: ::1 | CorrelationId: N/A | RequestBody:  | ResponseBody: {"service":"Promotions API","status":"Healthy","timestamp":"2026-03-25T05:57:24.0178502Z","uptime":"0d 17h 7m 49s"}
2026-03-25 10:57:24.035 +05:00 [INF] HTTP GET /api/v1/health responded 200 in 59.0403 ms
2026-03-25 10:58:23.941 +05:00 [INF] JWT validated for zzz
2026-03-25 10:58:23.944 +05:00 [INF] Forwarding request GET /api/v1/health to http://localhost:5137/api/v1/health
2026-03-25 10:58:23.970 +05:00 [INF] Received response 200 from http://localhost:5137/api/v1/health. Headers: Connection=close, Date=Wed, 25 Mar 2026 05:58:23 GMT, Server=Kestrel, Transfer-Encoding=chunked, X-Promotions-Api-Version=V4_NO_THROW, X-Middleware-Reached=SESSION_VALIDATOR_V5, X-Session-Middleware=PROMO_RAN, X-Session-Status=SKIPPED_HEALTH, api-supported-versions=1.0
2026-03-25 10:58:23.975 +05:00 [INF] HTTP GET /api/v1/health responded 200 in 33.8625 ms | User: zzz (1) | IP: ::1 | CorrelationId: N/A | RequestBody:  | ResponseBody: {"service":"Promotions API","status":"Healthy","timestamp":"2026-03-25T05:58:23.9688329Z","uptime":"0d 17h 8m 49s"}
2026-03-25 10:58:23.984 +05:00 [INF] HTTP GET /api/v1/health responded 200 in 42.6966 ms
2026-03-25 10:59:23.945 +05:00 [INF] JWT validated for zzz
2026-03-25 10:59:23.949 +05:00 [INF] Forwarding request GET /api/v1/health to http://localhost:5137/api/v1/health
2026-03-25 10:59:24.021 +05:00 [INF] Received response 200 from http://localhost:5137/api/v1/health. Headers: Connection=close, Date=Wed, 25 Mar 2026 05:59:23 GMT, Server=Kestrel, Transfer-Encoding=chunked, X-Promotions-Api-Version=V4_NO_THROW, X-Middleware-Reached=SESSION_VALIDATOR_V5, X-Session-Middleware=PROMO_RAN, X-Session-Status=SKIPPED_HEALTH, api-supported-versions=1.0
2026-03-25 10:59:24.030 +05:00 [INF] HTTP GET /api/v1/health responded 200 in 86.2942 ms | User: zzz (1) | IP: ::1 | CorrelationId: N/A | RequestBody:  | ResponseBody: {"service":"Promotions API","status":"Healthy","timestamp":"2026-03-25T05:59:24.0177757Z","uptime":"0d 17h 9m 49s"}
2026-03-25 10:59:24.041 +05:00 [INF] HTTP GET /api/v1/health responded 200 in 97.1424 ms
2026-03-25 11:00:23.943 +05:00 [INF] JWT validated for zzz
2026-03-25 11:00:23.949 +05:00 [INF] Forwarding request GET /api/v1/health to http://localhost:5137/api/v1/health
2026-03-25 11:00:23.976 +05:00 [INF] Received response 200 from http://localhost:5137/api/v1/health. Headers: Connection=close, Date=Wed, 25 Mar 2026 06:00:23 GMT, Server=Kestrel, Transfer-Encoding=chunked, X-Promotions-Api-Version=V4_NO_THROW, X-Middleware-Reached=SESSION_VALIDATOR_V5, X-Session-Middleware=PROMO_RAN, X-Session-Status=SKIPPED_HEALTH, api-supported-versions=1.0
2026-03-25 11:00:23.982 +05:00 [INF] HTTP GET /api/v1/health responded 200 in 39.3428 ms | User: zzz (1) | IP: ::1 | CorrelationId: N/A | RequestBody:  | ResponseBody: {"service":"Promotions API","status":"Healthy","timestamp":"2026-03-25T06:00:23.9754695Z","uptime":"0d 17h 10m 49s"}
2026-03-25 11:00:23.993 +05:00 [INF] HTTP GET /api/v1/health responded 200 in 49.5356 ms
2026-03-25 11:00:27.936 +05:00 [INF] JWT validated for zzz
2026-03-25 11:00:27.952 +05:00 [INF] Forwarding request GET /api/v1/health to http://localhost:5137/api/v1/health
2026-03-25 11:00:27.983 +05:00 [INF] Received response 200 from http://localhost:5137/api/v1/health. Headers: Connection=close, Date=Wed, 25 Mar 2026 06:00:27 GMT, Server=Kestrel, Transfer-Encoding=chunked, X-Promotions-Api-Version=V4_NO_THROW, X-Middleware-Reached=SESSION_VALIDATOR_V5, X-Session-Middleware=PROMO_RAN, X-Session-Status=SKIPPED_HEALTH, api-supported-versions=1.0
2026-03-25 11:00:27.993 +05:00 [INF] HTTP GET /api/v1/health responded 200 in 56.9281 ms | User: zzz (1) | IP: ::1 | CorrelationId: N/A | RequestBody:  | ResponseBody: {"service":"Promotions API","status":"Healthy","timestamp":"2026-03-25T06:00:27.9828662Z","uptime":"0d 17h 10m 53s"}
2026-03-25 11:00:28.006 +05:00 [INF] HTTP GET /api/v1/health responded 200 in 70.1193 ms
2026-03-25 11:00:32.941 +05:00 [INF] JWT validated for zzz
2026-03-25 11:00:32.951 +05:00 [INF] Forwarding request GET /api/v1/health to http://localhost:5137/api/v1/health
2026-03-25 11:00:32.977 +05:00 [INF] Received response 200 from http://localhost:5137/api/v1/health. Headers: Connection=close, Date=Wed, 25 Mar 2026 06:00:32 GMT, Server=Kestrel, Transfer-Encoding=chunked, X-Promotions-Api-Version=V4_NO_THROW, X-Middleware-Reached=SESSION_VALIDATOR_V5, X-Session-Middleware=PROMO_RAN, X-Session-Status=SKIPPED_HEALTH, api-supported-versions=1.0
2026-03-25 11:00:33.000 +05:00 [INF] HTTP GET /api/v1/health responded 200 in 58.8370 ms | User: zzz (1) | IP: ::1 | CorrelationId: N/A | RequestBody:  | ResponseBody: {"service":"Promotions API","status":"Healthy","timestamp":"2026-03-25T06:00:32.9767065Z","uptime":"0d 17h 10m 58s"}
2026-03-25 11:00:33.014 +05:00 [INF] HTTP GET /api/v1/health responded 200 in 73.8268 ms
2026-03-25 11:00:37.941 +05:00 [INF] JWT validated for zzz
2026-03-25 11:00:37.948 +05:00 [INF] Forwarding request GET /api/v1/health to http://localhost:5137/api/v1/health
2026-03-25 11:00:37.989 +05:00 [INF] Received response 200 from http://localhost:5137/api/v1/health. Headers: Connection=close, Date=Wed, 25 Mar 2026 06:00:37 GMT, Server=Kestrel, Transfer-Encoding=chunked, X-Promotions-Api-Version=V4_NO_THROW, X-Middleware-Reached=SESSION_VALIDATOR_V5, X-Session-Middleware=PROMO_RAN, X-Session-Status=SKIPPED_HEALTH, api-supported-versions=1.0
2026-03-25 11:00:38.006 +05:00 [INF] HTTP GET /api/v1/health responded 200 in 64.9126 ms | User: zzz (1) | IP: ::1 | CorrelationId: N/A | RequestBody:  | ResponseBody: {"service":"Promotions API","status":"Healthy","timestamp":"2026-03-25T06:00:37.9891457Z","uptime":"0d 17h 11m 3s"}
2026-03-25 11:00:38.021 +05:00 [INF] HTTP GET /api/v1/health responded 200 in 79.7331 ms
2026-03-25 11:00:42.936 +05:00 [INF] JWT validated for zzz
2026-03-25 11:00:42.943 +05:00 [INF] Forwarding request GET /api/v1/health to http://localhost:5137/api/v1/health
2026-03-25 11:00:42.964 +05:00 [INF] Received response 200 from http://localhost:5137/api/v1/health. Headers: Connection=close, Date=Wed, 25 Mar 2026 06:00:42 GMT, Server=Kestrel, Transfer-Encoding=chunked, X-Promotions-Api-Version=V4_NO_THROW, X-Middleware-Reached=SESSION_VALIDATOR_V5, X-Session-Middleware=PROMO_RAN, X-Session-Status=SKIPPED_HEALTH, api-supported-versions=1.0
2026-03-25 11:00:42.974 +05:00 [INF] HTTP GET /api/v1/health responded 200 in 38.3858 ms | User: zzz (1) | IP: ::1 | CorrelationId: N/A | RequestBody:  | ResponseBody: {"service":"Promotions API","status":"Healthy","timestamp":"2026-03-25T06:00:42.963318Z","uptime":"0d 17h 11m 8s"}
2026-03-25 11:00:42.988 +05:00 [INF] HTTP GET /api/v1/health responded 200 in 52.6939 ms
2026-03-25 11:00:47.935 +05:00 [INF] JWT validated for zzz
2026-03-25 11:00:47.939 +05:00 [INF] Forwarding request GET /api/v1/health to http://localhost:5137/api/v1/health
2026-03-25 11:00:47.956 +05:00 [INF] Received response 200 from http://localhost:5137/api/v1/health. Headers: Connection=close, Date=Wed, 25 Mar 2026 06:00:47 GMT, Server=Kestrel, Transfer-Encoding=chunked, X-Promotions-Api-Version=V4_NO_THROW, X-Middleware-Reached=SESSION_VALIDATOR_V5, X-Session-Middleware=PROMO_RAN, X-Session-Status=SKIPPED_HEALTH, api-supported-versions=1.0
2026-03-25 11:00:47.968 +05:00 [INF] HTTP GET /api/v1/health responded 200 in 33.0335 ms | User: zzz (1) | IP: ::1 | CorrelationId: N/A | RequestBody:  | ResponseBody: {"service":"Promotions API","status":"Healthy","timestamp":"2026-03-25T06:00:47.955696Z","uptime":"0d 17h 11m 13s"}
2026-03-25 11:00:47.984 +05:00 [INF] HTTP GET /api/v1/health responded 200 in 48.4415 ms
2026-03-25 11:00:52.942 +05:00 [INF] JWT validated for zzz
2026-03-25 11:00:52.952 +05:00 [INF] Forwarding request GET /api/v1/health to http://localhost:5137/api/v1/health
2026-03-25 11:00:52.977 +05:00 [INF] Received response 200 from http://localhost:5137/api/v1/health. Headers: Connection=close, Date=Wed, 25 Mar 2026 06:00:52 GMT, Server=Kestrel, Transfer-Encoding=chunked, X-Promotions-Api-Version=V4_NO_THROW, X-Middleware-Reached=SESSION_VALIDATOR_V5, X-Session-Middleware=PROMO_RAN, X-Session-Status=SKIPPED_HEALTH, api-supported-versions=1.0
2026-03-25 11:00:52.991 +05:00 [INF] HTTP GET /api/v1/health responded 200 in 49.8335 ms | User: zzz (1) | IP: ::1 | CorrelationId: N/A | RequestBody:  | ResponseBody: {"service":"Promotions API","status":"Healthy","timestamp":"2026-03-25T06:00:52.9769858Z","uptime":"0d 17h 11m 18s"}
2026-03-25 11:00:53.012 +05:00 [INF] HTTP GET /api/v1/health responded 200 in 70.5951 ms
2026-03-25 11:00:57.949 +05:00 [INF] JWT validated for zzz
2026-03-25 11:00:57.954 +05:00 [INF] Forwarding request GET /api/v1/health to http://localhost:5137/api/v1/health
2026-03-25 11:00:57.978 +05:00 [INF] Received response 200 from http://localhost:5137/api/v1/health. Headers: Connection=close, Date=Wed, 25 Mar 2026 06:00:57 GMT, Server=Kestrel, Transfer-Encoding=chunked, X-Promotions-Api-Version=V4_NO_THROW, X-Middleware-Reached=SESSION_VALIDATOR_V5, X-Session-Middleware=PROMO_RAN, X-Session-Status=SKIPPED_HEALTH, api-supported-versions=1.0
2026-03-25 11:00:57.995 +05:00 [INF] HTTP GET /api/v1/health responded 200 in 46.3010 ms | User: zzz (1) | IP: ::1 | CorrelationId: N/A | RequestBody:  | ResponseBody: {"service":"Promotions API","status":"Healthy","timestamp":"2026-03-25T06:00:57.9774551Z","uptime":"0d 17h 11m 23s"}
2026-03-25 11:00:58.011 +05:00 [INF] HTTP GET /api/v1/health responded 200 in 62.7805 ms
2026-03-25 11:01:02.952 +05:00 [INF] JWT validated for zzz
2026-03-25 11:01:02.958 +05:00 [INF] Forwarding request GET /api/v1/health to http://localhost:5137/api/v1/health
2026-03-25 11:01:02.974 +05:00 [INF] Received response 200 from http://localhost:5137/api/v1/health. Headers: Connection=close, Date=Wed, 25 Mar 2026 06:01:02 GMT, Server=Kestrel, Transfer-Encoding=chunked, X-Promotions-Api-Version=V4_NO_THROW, X-Middleware-Reached=SESSION_VALIDATOR_V5, X-Session-Middleware=PROMO_RAN, X-Session-Status=SKIPPED_HEALTH, api-supported-versions=1.0
2026-03-25 11:01:02.984 +05:00 [INF] HTTP GET /api/v1/health responded 200 in 31.8503 ms | User: zzz (1) | IP: ::1 | CorrelationId: N/A | RequestBody:  | ResponseBody: {"service":"Promotions API","status":"Healthy","timestamp":"2026-03-25T06:01:02.972845Z","uptime":"0d 17h 11m 28s"}
2026-03-25 11:01:02.995 +05:00 [INF] HTTP GET /api/v1/health responded 200 in 43.3452 ms
2026-03-25 11:01:09.338 +05:00 [INF] JWT validated for zzz
2026-03-25 11:01:09.343 +05:00 [INF] Forwarding request GET /api/v1/health to http://localhost:5137/api/v1/health
2026-03-25 11:01:09.404 +05:00 [INF] Received response 200 from http://localhost:5137/api/v1/health. Headers: Connection=close, Date=Wed, 25 Mar 2026 06:01:09 GMT, Server=Kestrel, Transfer-Encoding=chunked, X-Promotions-Api-Version=V4_NO_THROW, X-Middleware-Reached=SESSION_VALIDATOR_V5, X-Session-Middleware=PROMO_RAN, X-Session-Status=SKIPPED_HEALTH, api-supported-versions=1.0
2026-03-25 11:01:09.423 +05:00 [INF] HTTP GET /api/v1/health responded 200 in 85.2140 ms | User: zzz (1) | IP: ::1 | CorrelationId: N/A | RequestBody:  | ResponseBody: {"service":"Promotions API","status":"Healthy","timestamp":"2026-03-25T06:01:09.4012739Z","uptime":"0d 17h 11m 34s"}
2026-03-25 11:01:09.442 +05:00 [INF] HTTP GET /api/v1/health responded 200 in 104.5082 ms
2026-03-25 11:01:12.965 +05:00 [INF] JWT validated for zzz
2026-03-25 11:01:12.971 +05:00 [INF] Forwarding request GET /api/v1/health to http://localhost:5137/api/v1/health
2026-03-25 11:01:13.017 +05:00 [INF] Received response 200 from http://localhost:5137/api/v1/health. Headers: Connection=close, Date=Wed, 25 Mar 2026 06:01:12 GMT, Server=Kestrel, Transfer-Encoding=chunked, X-Promotions-Api-Version=V4_NO_THROW, X-Middleware-Reached=SESSION_VALIDATOR_V5, X-Session-Middleware=PROMO_RAN, X-Session-Status=SKIPPED_HEALTH, api-supported-versions=1.0
2026-03-25 11:01:13.055 +05:00 [INF] HTTP GET /api/v1/health responded 200 in 89.6614 ms | User: zzz (1) | IP: ::1 | CorrelationId: N/A | RequestBody:  | ResponseBody: {"service":"Promotions API","status":"Healthy","timestamp":"2026-03-25T06:01:13.0132204Z","uptime":"0d 17h 11m 38s"}
2026-03-25 11:01:13.086 +05:00 [INF] HTTP GET /api/v1/health responded 200 in 120.8764 ms
2026-03-25 11:01:18.033 +05:00 [INF] JWT validated for zzz
2026-03-25 11:01:18.042 +05:00 [INF] Forwarding request GET /api/v1/health to http://localhost:5137/api/v1/health
2026-03-25 11:01:18.136 +05:00 [INF] Received response 200 from http://localhost:5137/api/v1/health. Headers: Connection=close, Date=Wed, 25 Mar 2026 06:01:17 GMT, Server=Kestrel, Transfer-Encoding=chunked, X-Promotions-Api-Version=V4_NO_THROW, X-Middleware-Reached=SESSION_VALIDATOR_V5, X-Session-Middleware=PROMO_RAN, X-Session-Status=SKIPPED_HEALTH, api-supported-versions=1.0
2026-03-25 11:01:18.218 +05:00 [INF] HTTP GET /api/v1/health responded 200 in 185.2397 ms | User: zzz (1) | IP: ::1 | CorrelationId: N/A | RequestBody:  | ResponseBody: {"service":"Promotions API","status":"Healthy","timestamp":"2026-03-25T06:01:18.1327501Z","uptime":"0d 17h 11m 43s"}
2026-03-25 11:01:18.286 +05:00 [INF] HTTP GET /api/v1/health responded 200 in 253.6363 ms
2026-03-25 11:01:24.205 +05:00 [INF] JWT validated for zzz
2026-03-25 11:01:24.421 +05:00 [INF] Forwarding request GET /api/v1/health to http://localhost:5137/api/v1/health
2026-03-25 11:01:24.534 +05:00 [INF] Received response 200 from http://localhost:5137/api/v1/health. Headers: Connection=close, Date=Wed, 25 Mar 2026 06:01:24 GMT, Server=Kestrel, Transfer-Encoding=chunked, X-Promotions-Api-Version=V4_NO_THROW, X-Middleware-Reached=SESSION_VALIDATOR_V5, X-Session-Middleware=PROMO_RAN, X-Session-Status=SKIPPED_HEALTH, api-supported-versions=1.0
2026-03-25 11:01:24.558 +05:00 [INF] HTTP GET /api/v1/health responded 200 in 352.7017 ms | User: zzz (1) | IP: ::1 | CorrelationId: N/A | RequestBody:  | ResponseBody: {"service":"Promotions API","status":"Healthy","timestamp":"2026-03-25T06:01:24.5303396Z","uptime":"0d 17h 11m 49s"}
2026-03-25 11:01:24.576 +05:00 [INF] HTTP GET /api/v1/health responded 200 in 371.4568 ms
2026-03-25 11:02:24.001 +05:00 [INF] JWT validated for zzz
2026-03-25 11:02:24.009 +05:00 [INF] Forwarding request GET /api/v1/health to http://localhost:5137/api/v1/health
2026-03-25 11:02:24.106 +05:00 [INF] Received response 200 from http://localhost:5137/api/v1/health. Headers: Connection=close, Date=Wed, 25 Mar 2026 06:02:23 GMT, Server=Kestrel, Transfer-Encoding=chunked, X-Promotions-Api-Version=V4_NO_THROW, X-Middleware-Reached=SESSION_VALIDATOR_V5, X-Session-Middleware=PROMO_RAN, X-Session-Status=SKIPPED_HEALTH, api-supported-versions=1.0
2026-03-25 11:02:24.125 +05:00 [INF] HTTP GET /api/v1/health responded 200 in 127.8682 ms | User: zzz (1) | IP: ::1 | CorrelationId: N/A | RequestBody:  | ResponseBody: {"service":"Promotions API","status":"Healthy","timestamp":"2026-03-25T06:02:24.1013353Z","uptime":"0d 17h 12m 49s"}
2026-03-25 11:02:24.143 +05:00 [INF] HTTP GET /api/v1/health responded 200 in 146.0444 ms
2026-03-25 11:03:34.625 +05:00 [INF] JWT validated for zzz
2026-03-25 11:03:35.103 +05:00 [INF] Forwarding request GET /api/v1/health to http://localhost:5137/api/v1/health
2026-03-25 11:03:36.814 +05:00 [INF] Received response 200 from http://localhost:5137/api/v1/health. Headers: Connection=close, Date=Wed, 25 Mar 2026 06:03:36 GMT, Server=Kestrel, Transfer-Encoding=chunked, X-Promotions-Api-Version=V4_NO_THROW, X-Middleware-Reached=SESSION_VALIDATOR_V5, X-Session-Middleware=PROMO_RAN, X-Session-Status=SKIPPED_HEALTH, api-supported-versions=1.0
2026-03-25 11:03:37.283 +05:00 [INF] HTTP GET /api/v1/health responded 200 in 2843.6357 ms | User: zzz (1) | IP: ::1 | CorrelationId: N/A | RequestBody:  | ResponseBody: {"service":"Promotions API","status":"Healthy","timestamp":"2026-03-25T06:03:36.7496656Z","uptime":"0d 17h 14m 2s"}
2026-03-25 11:03:37.577 +05:00 [INF] HTTP GET /api/v1/health responded 200 in 3137.7390 ms
2026-03-25 11:11:07.826 +05:00 [INF] JWT validated for zzz
2026-03-25 11:11:07.878 +05:00 [INF] Forwarding request GET /api/v1/health to http://localhost:5137/api/v1/health
2026-03-25 11:11:08.141 +05:00 [INF] Received response 200 from http://localhost:5137/api/v1/health. Headers: Connection=close, Date=Wed, 25 Mar 2026 06:11:07 GMT, Server=Kestrel, Transfer-Encoding=chunked, X-Promotions-Api-Version=V4_NO_THROW, X-Middleware-Reached=SESSION_VALIDATOR_V5, X-Session-Middleware=PROMO_RAN, X-Session-Status=SKIPPED_HEALTH, api-supported-versions=1.0
2026-03-25 11:11:08.166 +05:00 [INF] HTTP GET /api/v1/health responded 200 in 381.1629 ms | User: zzz (1) | IP: ::1 | CorrelationId: N/A | RequestBody:  | ResponseBody: {"service":"Promotions API","status":"Healthy","timestamp":"2026-03-25T06:11:08.1183494Z","uptime":"0d 17h 21m 33s"}
2026-03-25 11:11:08.201 +05:00 [INF] HTTP GET /api/v1/health responded 200 in 414.1383 ms
2026-03-25 11:12:28.118 +05:00 [INF] JWT validated for zzz
2026-03-25 11:12:28.157 +05:00 [INF] Forwarding request GET /api/v1/health to http://localhost:5137/api/v1/health
2026-03-25 11:12:28.314 +05:00 [INF] Received response 200 from http://localhost:5137/api/v1/health. Headers: Connection=close, Date=Wed, 25 Mar 2026 06:12:27 GMT, Server=Kestrel, Transfer-Encoding=chunked, X-Promotions-Api-Version=V4_NO_THROW, X-Middleware-Reached=SESSION_VALIDATOR_V5, X-Session-Middleware=PROMO_RAN, X-Session-Status=SKIPPED_HEALTH, api-supported-versions=1.0
2026-03-25 11:12:28.337 +05:00 [INF] HTTP GET /api/v1/health responded 200 in 233.6876 ms | User: zzz (1) | IP: ::1 | CorrelationId: N/A | RequestBody:  | ResponseBody: {"service":"Promotions API","status":"Healthy","timestamp":"2026-03-25T06:12:28.3013309Z","uptime":"0d 17h 22m 53s"}
2026-03-25 11:12:28.349 +05:00 [INF] HTTP GET /api/v1/health responded 200 in 245.4215 ms
2026-03-25 11:13:23.968 +05:00 [INF] JWT validated for zzz
2026-03-25 11:13:23.987 +05:00 [INF] Forwarding request GET /api/v1/health to http://localhost:5137/api/v1/health
2026-03-25 11:13:24.035 +05:00 [INF] Received response 200 from http://localhost:5137/api/v1/health. Headers: Connection=close, Date=Wed, 25 Mar 2026 06:13:23 GMT, Server=Kestrel, Transfer-Encoding=chunked, X-Promotions-Api-Version=V4_NO_THROW, X-Middleware-Reached=SESSION_VALIDATOR_V5, X-Session-Middleware=PROMO_RAN, X-Session-Status=SKIPPED_HEALTH, api-supported-versions=1.0
2026-03-25 11:13:24.046 +05:00 [INF] HTTP GET /api/v1/health responded 200 in 78.0786 ms | User: zzz (1) | IP: ::1 | CorrelationId: N/A | RequestBody:  | ResponseBody: {"service":"Promotions API","status":"Healthy","timestamp":"2026-03-25T06:13:24.0329913Z","uptime":"0d 17h 23m 49s"}
2026-03-25 11:13:24.057 +05:00 [INF] HTTP GET /api/v1/health responded 200 in 89.4246 ms
2026-03-25 11:14:24.070 +05:00 [INF] JWT validated for zzz
2026-03-25 11:14:24.079 +05:00 [INF] Forwarding request GET /api/v1/health to http://localhost:5137/api/v1/health
2026-03-25 11:14:24.145 +05:00 [INF] Received response 200 from http://localhost:5137/api/v1/health. Headers: Connection=close, Date=Wed, 25 Mar 2026 06:14:23 GMT, Server=Kestrel, Transfer-Encoding=chunked, X-Promotions-Api-Version=V4_NO_THROW, X-Middleware-Reached=SESSION_VALIDATOR_V5, X-Session-Middleware=PROMO_RAN, X-Session-Status=SKIPPED_HEALTH, api-supported-versions=1.0
2026-03-25 11:14:24.159 +05:00 [INF] HTTP GET /api/v1/health responded 200 in 93.5581 ms | User: zzz (1) | IP: ::1 | CorrelationId: N/A | RequestBody:  | ResponseBody: {"service":"Promotions API","status":"Healthy","timestamp":"2026-03-25T06:14:24.1428628Z","uptime":"0d 17h 24m 49s"}
2026-03-25 11:14:24.174 +05:00 [INF] HTTP GET /api/v1/health responded 200 in 108.4613 ms
2026-03-25 11:15:26.544 +05:00 [INF] JWT validated for zzz
2026-03-25 11:15:26.711 +05:00 [INF] Forwarding request GET /api/v1/health to http://localhost:5137/api/v1/health
2026-03-25 11:15:26.998 +05:00 [INF] Received response 200 from http://localhost:5137/api/v1/health. Headers: Connection=close, Date=Wed, 25 Mar 2026 06:15:26 GMT, Server=Kestrel, Transfer-Encoding=chunked, X-Promotions-Api-Version=V4_NO_THROW, X-Middleware-Reached=SESSION_VALIDATOR_V5, X-Session-Middleware=PROMO_RAN, X-Session-Status=SKIPPED_HEALTH, api-supported-versions=1.0
2026-03-25 11:15:27.015 +05:00 [INF] HTTP GET /api/v1/health responded 200 in 509.0737 ms | User: zzz (1) | IP: ::1 | CorrelationId: N/A | RequestBody:  | ResponseBody: {"service":"Promotions API","status":"Healthy","timestamp":"2026-03-25T06:15:26.9903493Z","uptime":"0d 17h 25m 52s"}
2026-03-25 11:15:27.032 +05:00 [INF] HTTP GET /api/v1/health responded 200 in 526.7210 ms
2026-03-25 11:16:28.125 +05:00 [INF] JWT validated for zzz
2026-03-25 11:16:28.143 +05:00 [INF] Forwarding request GET /api/v1/health to http://localhost:5137/api/v1/health
2026-03-25 11:16:28.375 +05:00 [INF] Received response 200 from http://localhost:5137/api/v1/health. Headers: Connection=close, Date=Wed, 25 Mar 2026 06:16:27 GMT, Server=Kestrel, Transfer-Encoding=chunked, X-Promotions-Api-Version=V4_NO_THROW, X-Middleware-Reached=SESSION_VALIDATOR_V5, X-Session-Middleware=PROMO_RAN, X-Session-Status=SKIPPED_HEALTH, api-supported-versions=1.0
2026-03-25 11:16:28.392 +05:00 [INF] HTTP GET /api/v1/health responded 200 in 276.7060 ms | User: zzz (1) | IP: ::1 | CorrelationId: N/A | RequestBody:  | ResponseBody: {"service":"Promotions API","status":"Healthy","timestamp":"2026-03-25T06:16:28.3524111Z","uptime":"0d 17h 26m 53s"}
2026-03-25 11:16:28.420 +05:00 [INF] HTTP GET /api/v1/health responded 200 in 304.9163 ms
2026-03-25 13:01:29.848 +05:00 [INF] HTTP GET /swagger responded 404 in 798.4627 ms | User: Anonymous (N/A) | IP: ::1 | CorrelationId: N/A | RequestBody:  | ResponseBody: 
2026-03-25 13:01:30.741 +05:00 [INF] HTTP GET /swagger responded 404 in 1739.5450 ms
