2026-01-14 11:46:22.428 +05:00 [INF]  API Gateway started successfully
2026-01-14 11:46:30.158 +05:00 [INF] HTTP GET /swagger/index.html responded 404 in 220.1722 ms | User: Anonymous (N/A) | IP: ::1 | RequestBody:  | ResponseBody: 
2026-01-14 11:46:30.205 +05:00 [INF] HTTP GET /swagger/index.html responded 404 in 280.0145 ms
2026-01-14 11:50:26.075 +05:00 [INF]  API Gateway started successfully
2026-01-14 11:52:21.936 +05:00 [INF]  API Gateway started successfully
2026-01-14 11:52:24.990 +05:00 [INF] HTTP GET /swagger/index.html responded 404 in 341.5027 ms | User: Anonymous (N/A) | IP: ::1 | RequestBody:  | ResponseBody: 
2026-01-14 11:52:25.121 +05:00 [INF] HTTP GET /swagger/index.html responded 404 in 480.6770 ms
2026-01-14 12:01:10.595 +05:00 [INF]  API Gateway started successfully
2026-01-14 12:01:14.424 +05:00 [INF] HTTP GET /swagger/index.html responded 404 in 312.4994 ms | User: Anonymous (N/A) | IP: ::1 | RequestBody:  | ResponseBody: 
2026-01-14 12:01:14.467 +05:00 [INF] HTTP GET /swagger/index.html responded 404 in 366.6976 ms
2026-01-14 12:03:35.817 +05:00 [INF]  API Gateway started successfully
2026-01-14 12:03:39.424 +05:00 [INF] HTTP GET /swagger/index.html responded 404 in 260.6160 ms | User: Anonymous (N/A) | IP: ::1 | RequestBody:  | ResponseBody: 
2026-01-14 12:03:39.492 +05:00 [INF] HTTP GET /swagger/index.html responded 404 in 336.0664 ms
2026-01-14 12:20:38.811 +05:00 [INF]  API Gateway started successfully
2026-01-14 12:20:43.143 +05:00 [INF] HTTP GET /swagger/index.html responded 404 in 480.1937 ms | User: Anonymous (N/A) | IP: ::1 | RequestBody:  | ResponseBody: 
2026-01-14 12:20:43.231 +05:00 [INF] HTTP GET /swagger/index.html responded 404 in 584.9759 ms
2026-01-14 12:23:12.995 +05:00 [INF]  API Gateway started successfully
2026-01-14 12:23:17.428 +05:00 [INF] HTTP GET /swagger/index.html responded 404 in 606.9580 ms | User: Anonymous (N/A) | IP: ::1 | RequestBody:  | ResponseBody: 
2026-01-14 12:23:17.515 +05:00 [INF] HTTP GET /swagger/index.html responded 404 in 707.9383 ms
2026-01-14 12:43:30.156 +05:00 [INF]  API Gateway started successfully
2026-01-14 12:43:34.765 +05:00 [INF] HTTP GET /swagger/index.html responded 404 in 420.5576 ms | User: Anonymous (N/A) | IP: ::1 | RequestBody:  | ResponseBody: 
2026-01-14 12:43:35.066 +05:00 [INF] HTTP GET /swagger/index.html responded 404 in 731.6869 ms
2026-01-14 12:43:59.474 +05:00 [INF] Forwarding request POST /api/auth/login to https://localhost:7222/api/auth/login
2026-01-14 12:44:00.285 +05:00 [ERR] Unhandled exception occurred while processing request
System.Net.Http.HttpRequestException: Unable to write content to request stream; content would exceed Content-Length.
   at Microsoft.AspNetCore.WebUtilities.FileBufferingReadStream.<>c__DisplayClass46_0.<<CopyToAsync>g__CopyToAsyncImpl|0>d.MoveNext()
--- End of stack trace from previous location ---
   at System.Net.Http.HttpContent.<CopyToAsync>g__WaitAsync|56_0(ValueTask copyTask)
   at System.Net.Http.HttpConnection.SendRequestContentAsync(HttpRequestMessage request, HttpContentWriteStream stream, Boolean async, CancellationToken cancellationToken)
   at System.Net.Http.HttpConnection.SendAsync(HttpRequestMessage request, Boolean async, CancellationToken cancellationToken)
   at System.Net.Http.HttpConnection.SendAsync(HttpRequestMessage request, Boolean async, CancellationToken cancellationToken)
   at System.Net.Http.HttpConnectionPool.SendWithVersionDetectionAndRetryAsync(HttpRequestMessage request, Boolean async, Boolean doRequestAuth, CancellationToken cancellationToken)
   at System.Net.Http.DiagnosticsHandler.SendAsyncCore(HttpRequestMessage request, Boolean async, CancellationToken cancellationToken)
   at System.Net.Http.RedirectHandler.SendAsync(HttpRequestMessage request, Boolean async, CancellationToken cancellationToken)
   at Microsoft.Extensions.Http.Logging.LoggingHttpMessageHandler.<SendCoreAsync>g__Core|5_0(HttpRequestMessage request, Boolean useAsync, CancellationToken cancellationToken)
   at Microsoft.Extensions.Http.Logging.LoggingScopeHttpMessageHandler.<SendCoreAsync>g__Core|5_0(HttpRequestMessage request, Boolean useAsync, CancellationToken cancellationToken)
   at System.Net.Http.HttpClient.<SendAsync>g__Core|83_0(HttpRequestMessage request, HttpCompletionOption completionOption, CancellationTokenSource cts, Boolean disposeCts, CancellationTokenSource pendingRequestsCts, CancellationToken originalCancellationToken)
   at MyCompany.ApiGateway.Routing.DownstreamProxy.ProxyAsync(HttpContext context, String targetUrl) in C:\MyCompany\MyCompany\MyCompany.ApiGateway\Routing\DownstreamProxy.cs:line 61
   at Program.<>c.<<<Main>$>b__0_1>d.MoveNext() in C:\MyCompany\MyCompany\MyCompany.ApiGateway\Program.cs:line 85
--- End of stack trace from previous location ---
   at Microsoft.AspNetCore.Authorization.AuthorizationMiddleware.Invoke(HttpContext context)
   at Microsoft.AspNetCore.Authentication.AuthenticationMiddleware.Invoke(HttpContext context)
   at MyCompany.Common.Logging.Serilog.RequestLoggingMiddleware.Invoke(HttpContext context) in C:\MyCompany\MyCompany\BuildingBlocks\Common.Logging\Serilog\RequestLoggingMiddleware.cs:line 40
   at MyCompany.ApiGateway.Middlewares.ExceptionHandlingMiddleware.InvokeAsync(HttpContext context) in C:\MyCompany\MyCompany\MyCompany.ApiGateway\Middlewares\ExceptionHandlingMiddleware.cs:line 27
2026-01-14 12:44:00.739 +05:00 [ERR] HTTP POST /api/auth/login responded 500 in 1371.7814 ms
System.ObjectDisposedException: Cannot access a closed Stream.
   at System.IO.MemoryStream.Write(Byte[] buffer, Int32 offset, Int32 count)
   at System.IO.MemoryStream.WriteAsync(ReadOnlyMemory`1 buffer, CancellationToken cancellationToken)
--- End of stack trace from previous location ---
   at System.IO.Pipelines.StreamPipeWriter.FlushAsyncInternal(Boolean writeToStream, ReadOnlyMemory`1 data, CancellationToken cancellationToken)
   at System.Runtime.CompilerServices.PoolingAsyncValueTaskMethodBuilder`1.StateMachineBox`1.System.Threading.Tasks.Sources.IValueTaskSource<TResult>.GetResult(Int16 token)
   at System.Threading.Tasks.ValueTask`1.GetTaskForValueTaskSource(IValueTaskSource`1 t)
--- End of stack trace from previous location ---
   at MyCompany.ApiGateway.Middlewares.ExceptionHandlingMiddleware.InvokeAsync(HttpContext context) in C:\MyCompany\MyCompany\MyCompany.ApiGateway\Middlewares\ExceptionHandlingMiddleware.cs:line 64
   at MyCompany.ApiGateway.Middlewares.CorrelationIdMiddleware.InvokeAsync(HttpContext context) in C:\MyCompany\MyCompany\MyCompany.ApiGateway\Middlewares\CorrelationIdMiddleware.cs:line 22
   at Serilog.AspNetCore.RequestLoggingMiddleware.Invoke(HttpContext httpContext)
2026-01-14 12:44:00.787 +05:00 [ERR] An unhandled exception has occurred while executing the request.
System.ObjectDisposedException: Cannot access a closed Stream.
   at System.IO.MemoryStream.Write(Byte[] buffer, Int32 offset, Int32 count)
   at System.IO.MemoryStream.WriteAsync(ReadOnlyMemory`1 buffer, CancellationToken cancellationToken)
--- End of stack trace from previous location ---
   at System.IO.Pipelines.StreamPipeWriter.FlushAsyncInternal(Boolean writeToStream, ReadOnlyMemory`1 data, CancellationToken cancellationToken)
   at System.Runtime.CompilerServices.PoolingAsyncValueTaskMethodBuilder`1.StateMachineBox`1.System.Threading.Tasks.Sources.IValueTaskSource<TResult>.GetResult(Int16 token)
   at System.Threading.Tasks.ValueTask`1.GetTaskForValueTaskSource(IValueTaskSource`1 t)
--- End of stack trace from previous location ---
   at MyCompany.ApiGateway.Middlewares.ExceptionHandlingMiddleware.InvokeAsync(HttpContext context) in C:\MyCompany\MyCompany\MyCompany.ApiGateway\Middlewares\ExceptionHandlingMiddleware.cs:line 64
   at MyCompany.ApiGateway.Middlewares.CorrelationIdMiddleware.InvokeAsync(HttpContext context) in C:\MyCompany\MyCompany\MyCompany.ApiGateway\Middlewares\CorrelationIdMiddleware.cs:line 22
   at Serilog.AspNetCore.RequestLoggingMiddleware.Invoke(HttpContext httpContext)
   at Microsoft.AspNetCore.Diagnostics.DeveloperExceptionPageMiddlewareImpl.Invoke(HttpContext context)
2026-01-14 12:44:00.843 +05:00 [ERR] An exception was thrown attempting to display the error page.
System.ObjectDisposedException: Cannot access a closed Stream.
   at System.IO.MemoryStream.Write(Byte[] buffer, Int32 offset, Int32 count)
   at System.IO.MemoryStream.WriteAsync(ReadOnlyMemory`1 buffer, CancellationToken cancellationToken)
--- End of stack trace from previous location ---
   at System.IO.Pipelines.StreamPipeWriter.FlushAsyncInternal(Boolean writeToStream, ReadOnlyMemory`1 data, CancellationToken cancellationToken)
   at System.Runtime.CompilerServices.PoolingAsyncValueTaskMethodBuilder`1.StateMachineBox`1.System.Threading.Tasks.Sources.IValueTaskSource<TResult>.GetResult(Int16 token)
   at System.Threading.Tasks.ValueTask`1.GetTaskForValueTaskSource(IValueTaskSource`1 t)
--- End of stack trace from previous location ---
   at Microsoft.AspNetCore.Diagnostics.DeveloperExceptionPageMiddlewareImpl.DisplayExceptionContent(ErrorContext errorContext)
   at Microsoft.AspNetCore.Diagnostics.DeveloperExceptionPageMiddlewareImpl.Invoke(HttpContext context)
2026-01-14 12:44:00.905 +05:00 [ERR] Connection id "0HNIJ82EM5GPK", Request id "0HNIJ82EM5GPK:00000002": An unhandled exception was thrown by the application.
System.ObjectDisposedException: Cannot access a closed Stream.
   at System.IO.MemoryStream.Write(Byte[] buffer, Int32 offset, Int32 count)
   at System.IO.MemoryStream.WriteAsync(ReadOnlyMemory`1 buffer, CancellationToken cancellationToken)
--- End of stack trace from previous location ---
   at System.IO.Pipelines.StreamPipeWriter.FlushAsyncInternal(Boolean writeToStream, ReadOnlyMemory`1 data, CancellationToken cancellationToken)
   at System.Runtime.CompilerServices.PoolingAsyncValueTaskMethodBuilder`1.StateMachineBox`1.System.Threading.Tasks.Sources.IValueTaskSource<TResult>.GetResult(Int16 token)
   at System.Threading.Tasks.ValueTask`1.GetTaskForValueTaskSource(IValueTaskSource`1 t)
--- End of stack trace from previous location ---
   at MyCompany.ApiGateway.Middlewares.ExceptionHandlingMiddleware.InvokeAsync(HttpContext context) in C:\MyCompany\MyCompany\MyCompany.ApiGateway\Middlewares\ExceptionHandlingMiddleware.cs:line 64
   at MyCompany.ApiGateway.Middlewares.CorrelationIdMiddleware.InvokeAsync(HttpContext context) in C:\MyCompany\MyCompany\MyCompany.ApiGateway\Middlewares\CorrelationIdMiddleware.cs:line 22
   at Serilog.AspNetCore.RequestLoggingMiddleware.Invoke(HttpContext httpContext)
   at Microsoft.AspNetCore.Diagnostics.DeveloperExceptionPageMiddlewareImpl.Invoke(HttpContext context)
   at Microsoft.AspNetCore.Diagnostics.DeveloperExceptionPageMiddlewareImpl.Invoke(HttpContext context)
   at Microsoft.WebTools.BrowserLink.Net.BrowserLinkMiddleware.InvokeAsync(HttpContext context)
   at Microsoft.AspNetCore.Watch.BrowserRefresh.BrowserRefreshMiddleware.InvokeAsync(HttpContext context)
   at Microsoft.AspNetCore.Server.Kestrel.Core.Internal.Http.HttpProtocol.ProcessRequests[TContext](IHttpApplication`1 application)
2026-01-14 12:44:09.683 +05:00 [INF] Forwarding request POST /api/auth/login to https://localhost:7222/api/auth/login
2026-01-14 12:44:10.060 +05:00 [ERR] Unhandled exception occurred while processing request
System.Net.Http.HttpRequestException: Unable to write content to request stream; content would exceed Content-Length.
   at Microsoft.AspNetCore.WebUtilities.FileBufferingReadStream.<>c__DisplayClass46_0.<<CopyToAsync>g__CopyToAsyncImpl|0>d.MoveNext()
--- End of stack trace from previous location ---
   at System.Net.Http.HttpContent.<CopyToAsync>g__WaitAsync|56_0(ValueTask copyTask)
   at System.Net.Http.HttpConnection.SendRequestContentAsync(HttpRequestMessage request, HttpContentWriteStream stream, Boolean async, CancellationToken cancellationToken)
   at System.Net.Http.HttpConnection.SendAsync(HttpRequestMessage request, Boolean async, CancellationToken cancellationToken)
   at System.Net.Http.HttpConnection.SendAsync(HttpRequestMessage request, Boolean async, CancellationToken cancellationToken)
   at System.Net.Http.HttpConnectionPool.SendWithVersionDetectionAndRetryAsync(HttpRequestMessage request, Boolean async, Boolean doRequestAuth, CancellationToken cancellationToken)
   at System.Net.Http.DiagnosticsHandler.SendAsyncCore(HttpRequestMessage request, Boolean async, CancellationToken cancellationToken)
   at System.Net.Http.RedirectHandler.SendAsync(HttpRequestMessage request, Boolean async, CancellationToken cancellationToken)
   at Microsoft.Extensions.Http.Logging.LoggingHttpMessageHandler.<SendCoreAsync>g__Core|5_0(HttpRequestMessage request, Boolean useAsync, CancellationToken cancellationToken)
   at Microsoft.Extensions.Http.Logging.LoggingScopeHttpMessageHandler.<SendCoreAsync>g__Core|5_0(HttpRequestMessage request, Boolean useAsync, CancellationToken cancellationToken)
   at System.Net.Http.HttpClient.<SendAsync>g__Core|83_0(HttpRequestMessage request, HttpCompletionOption completionOption, CancellationTokenSource cts, Boolean disposeCts, CancellationTokenSource pendingRequestsCts, CancellationToken originalCancellationToken)
   at MyCompany.ApiGateway.Routing.DownstreamProxy.ProxyAsync(HttpContext context, String targetUrl) in C:\MyCompany\MyCompany\MyCompany.ApiGateway\Routing\DownstreamProxy.cs:line 61
   at Program.<>c.<<<Main>$>b__0_1>d.MoveNext() in C:\MyCompany\MyCompany\MyCompany.ApiGateway\Program.cs:line 85
--- End of stack trace from previous location ---
   at Microsoft.AspNetCore.Authorization.AuthorizationMiddleware.Invoke(HttpContext context)
   at Microsoft.AspNetCore.Authentication.AuthenticationMiddleware.Invoke(HttpContext context)
   at MyCompany.Common.Logging.Serilog.RequestLoggingMiddleware.Invoke(HttpContext context) in C:\MyCompany\MyCompany\BuildingBlocks\Common.Logging\Serilog\RequestLoggingMiddleware.cs:line 40
   at MyCompany.ApiGateway.Middlewares.ExceptionHandlingMiddleware.InvokeAsync(HttpContext context) in C:\MyCompany\MyCompany\MyCompany.ApiGateway\Middlewares\ExceptionHandlingMiddleware.cs:line 27
2026-01-14 12:44:10.285 +05:00 [ERR] HTTP POST /api/auth/login responded 500 in 609.4965 ms
System.ObjectDisposedException: Cannot access a closed Stream.
   at System.IO.MemoryStream.Write(Byte[] buffer, Int32 offset, Int32 count)
   at System.IO.MemoryStream.WriteAsync(ReadOnlyMemory`1 buffer, CancellationToken cancellationToken)
--- End of stack trace from previous location ---
   at System.IO.Pipelines.StreamPipeWriter.FlushAsyncInternal(Boolean writeToStream, ReadOnlyMemory`1 data, CancellationToken cancellationToken)
   at System.Runtime.CompilerServices.PoolingAsyncValueTaskMethodBuilder`1.StateMachineBox`1.System.Threading.Tasks.Sources.IValueTaskSource<TResult>.GetResult(Int16 token)
   at System.Threading.Tasks.ValueTask`1.GetTaskForValueTaskSource(IValueTaskSource`1 t)
--- End of stack trace from previous location ---
   at MyCompany.ApiGateway.Middlewares.ExceptionHandlingMiddleware.InvokeAsync(HttpContext context) in C:\MyCompany\MyCompany\MyCompany.ApiGateway\Middlewares\ExceptionHandlingMiddleware.cs:line 64
   at MyCompany.ApiGateway.Middlewares.CorrelationIdMiddleware.InvokeAsync(HttpContext context) in C:\MyCompany\MyCompany\MyCompany.ApiGateway\Middlewares\CorrelationIdMiddleware.cs:line 22
   at Serilog.AspNetCore.RequestLoggingMiddleware.Invoke(HttpContext httpContext)
2026-01-14 12:44:10.318 +05:00 [ERR] An unhandled exception has occurred while executing the request.
System.ObjectDisposedException: Cannot access a closed Stream.
   at System.IO.MemoryStream.Write(Byte[] buffer, Int32 offset, Int32 count)
   at System.IO.MemoryStream.WriteAsync(ReadOnlyMemory`1 buffer, CancellationToken cancellationToken)
--- End of stack trace from previous location ---
   at System.IO.Pipelines.StreamPipeWriter.FlushAsyncInternal(Boolean writeToStream, ReadOnlyMemory`1 data, CancellationToken cancellationToken)
   at System.Runtime.CompilerServices.PoolingAsyncValueTaskMethodBuilder`1.StateMachineBox`1.System.Threading.Tasks.Sources.IValueTaskSource<TResult>.GetResult(Int16 token)
   at System.Threading.Tasks.ValueTask`1.GetTaskForValueTaskSource(IValueTaskSource`1 t)
--- End of stack trace from previous location ---
   at MyCompany.ApiGateway.Middlewares.ExceptionHandlingMiddleware.InvokeAsync(HttpContext context) in C:\MyCompany\MyCompany\MyCompany.ApiGateway\Middlewares\ExceptionHandlingMiddleware.cs:line 64
   at MyCompany.ApiGateway.Middlewares.CorrelationIdMiddleware.InvokeAsync(HttpContext context) in C:\MyCompany\MyCompany\MyCompany.ApiGateway\Middlewares\CorrelationIdMiddleware.cs:line 22
   at Serilog.AspNetCore.RequestLoggingMiddleware.Invoke(HttpContext httpContext)
   at Microsoft.AspNetCore.Diagnostics.DeveloperExceptionPageMiddlewareImpl.Invoke(HttpContext context)
2026-01-14 12:44:10.337 +05:00 [ERR] An exception was thrown attempting to display the error page.
System.ObjectDisposedException: Cannot access a closed Stream.
   at System.IO.MemoryStream.Write(Byte[] buffer, Int32 offset, Int32 count)
   at System.IO.MemoryStream.WriteAsync(ReadOnlyMemory`1 buffer, CancellationToken cancellationToken)
--- End of stack trace from previous location ---
   at System.IO.Pipelines.StreamPipeWriter.FlushAsyncInternal(Boolean writeToStream, ReadOnlyMemory`1 data, CancellationToken cancellationToken)
   at System.Runtime.CompilerServices.PoolingAsyncValueTaskMethodBuilder`1.StateMachineBox`1.System.Threading.Tasks.Sources.IValueTaskSource<TResult>.GetResult(Int16 token)
   at System.Threading.Tasks.ValueTask`1.GetTaskForValueTaskSource(IValueTaskSource`1 t)
--- End of stack trace from previous location ---
   at Microsoft.AspNetCore.Diagnostics.DeveloperExceptionPageMiddlewareImpl.DisplayExceptionContent(ErrorContext errorContext)
   at Microsoft.AspNetCore.Diagnostics.DeveloperExceptionPageMiddlewareImpl.Invoke(HttpContext context)
2026-01-14 12:44:10.354 +05:00 [ERR] Connection id "0HNIJ82EM5GPL", Request id "0HNIJ82EM5GPL:00000002": An unhandled exception was thrown by the application.
System.ObjectDisposedException: Cannot access a closed Stream.
   at System.IO.MemoryStream.Write(Byte[] buffer, Int32 offset, Int32 count)
   at System.IO.MemoryStream.WriteAsync(ReadOnlyMemory`1 buffer, CancellationToken cancellationToken)
--- End of stack trace from previous location ---
   at System.IO.Pipelines.StreamPipeWriter.FlushAsyncInternal(Boolean writeToStream, ReadOnlyMemory`1 data, CancellationToken cancellationToken)
   at System.Runtime.CompilerServices.PoolingAsyncValueTaskMethodBuilder`1.StateMachineBox`1.System.Threading.Tasks.Sources.IValueTaskSource<TResult>.GetResult(Int16 token)
   at System.Threading.Tasks.ValueTask`1.GetTaskForValueTaskSource(IValueTaskSource`1 t)
--- End of stack trace from previous location ---
   at MyCompany.ApiGateway.Middlewares.ExceptionHandlingMiddleware.InvokeAsync(HttpContext context) in C:\MyCompany\MyCompany\MyCompany.ApiGateway\Middlewares\ExceptionHandlingMiddleware.cs:line 64
   at MyCompany.ApiGateway.Middlewares.CorrelationIdMiddleware.InvokeAsync(HttpContext context) in C:\MyCompany\MyCompany\MyCompany.ApiGateway\Middlewares\CorrelationIdMiddleware.cs:line 22
   at Serilog.AspNetCore.RequestLoggingMiddleware.Invoke(HttpContext httpContext)
   at Microsoft.AspNetCore.Diagnostics.DeveloperExceptionPageMiddlewareImpl.Invoke(HttpContext context)
   at Microsoft.AspNetCore.Diagnostics.DeveloperExceptionPageMiddlewareImpl.Invoke(HttpContext context)
   at Microsoft.WebTools.BrowserLink.Net.BrowserLinkMiddleware.InvokeAsync(HttpContext context)
   at Microsoft.AspNetCore.Watch.BrowserRefresh.BrowserRefreshMiddleware.InvokeAsync(HttpContext context)
   at Microsoft.AspNetCore.Server.Kestrel.Core.Internal.Http.HttpProtocol.ProcessRequests[TContext](IHttpApplication`1 application)
2026-01-14 12:44:11.474 +05:00 [INF] Forwarding request POST /api/auth/login to https://localhost:7222/api/auth/login
2026-01-14 12:44:11.864 +05:00 [ERR] Unhandled exception occurred while processing request
System.Net.Http.HttpRequestException: Unable to write content to request stream; content would exceed Content-Length.
   at Microsoft.AspNetCore.WebUtilities.FileBufferingReadStream.<>c__DisplayClass46_0.<<CopyToAsync>g__CopyToAsyncImpl|0>d.MoveNext()
--- End of stack trace from previous location ---
   at System.Net.Http.HttpContent.<CopyToAsync>g__WaitAsync|56_0(ValueTask copyTask)
   at System.Net.Http.HttpConnection.SendRequestContentAsync(HttpRequestMessage request, HttpContentWriteStream stream, Boolean async, CancellationToken cancellationToken)
   at System.Net.Http.HttpConnection.SendAsync(HttpRequestMessage request, Boolean async, CancellationToken cancellationToken)
   at System.Net.Http.HttpConnection.SendAsync(HttpRequestMessage request, Boolean async, CancellationToken cancellationToken)
   at System.Net.Http.HttpConnectionPool.SendWithVersionDetectionAndRetryAsync(HttpRequestMessage request, Boolean async, Boolean doRequestAuth, CancellationToken cancellationToken)
   at System.Net.Http.DiagnosticsHandler.SendAsyncCore(HttpRequestMessage request, Boolean async, CancellationToken cancellationToken)
   at System.Net.Http.RedirectHandler.SendAsync(HttpRequestMessage request, Boolean async, CancellationToken cancellationToken)
   at Microsoft.Extensions.Http.Logging.LoggingHttpMessageHandler.<SendCoreAsync>g__Core|5_0(HttpRequestMessage request, Boolean useAsync, CancellationToken cancellationToken)
   at Microsoft.Extensions.Http.Logging.LoggingScopeHttpMessageHandler.<SendCoreAsync>g__Core|5_0(HttpRequestMessage request, Boolean useAsync, CancellationToken cancellationToken)
   at System.Net.Http.HttpClient.<SendAsync>g__Core|83_0(HttpRequestMessage request, HttpCompletionOption completionOption, CancellationTokenSource cts, Boolean disposeCts, CancellationTokenSource pendingRequestsCts, CancellationToken originalCancellationToken)
   at MyCompany.ApiGateway.Routing.DownstreamProxy.ProxyAsync(HttpContext context, String targetUrl) in C:\MyCompany\MyCompany\MyCompany.ApiGateway\Routing\DownstreamProxy.cs:line 61
   at Program.<>c.<<<Main>$>b__0_1>d.MoveNext() in C:\MyCompany\MyCompany\MyCompany.ApiGateway\Program.cs:line 85
--- End of stack trace from previous location ---
   at Microsoft.AspNetCore.Authorization.AuthorizationMiddleware.Invoke(HttpContext context)
   at Microsoft.AspNetCore.Authentication.AuthenticationMiddleware.Invoke(HttpContext context)
   at MyCompany.Common.Logging.Serilog.RequestLoggingMiddleware.Invoke(HttpContext context) in C:\MyCompany\MyCompany\BuildingBlocks\Common.Logging\Serilog\RequestLoggingMiddleware.cs:line 40
   at MyCompany.ApiGateway.Middlewares.ExceptionHandlingMiddleware.InvokeAsync(HttpContext context) in C:\MyCompany\MyCompany\MyCompany.ApiGateway\Middlewares\ExceptionHandlingMiddleware.cs:line 27
2026-01-14 12:44:12.074 +05:00 [ERR] HTTP POST /api/auth/login responded 500 in 601.2579 ms
System.ObjectDisposedException: Cannot access a closed Stream.
   at System.IO.MemoryStream.Write(Byte[] buffer, Int32 offset, Int32 count)
   at System.IO.MemoryStream.WriteAsync(ReadOnlyMemory`1 buffer, CancellationToken cancellationToken)
--- End of stack trace from previous location ---
   at System.IO.Pipelines.StreamPipeWriter.FlushAsyncInternal(Boolean writeToStream, ReadOnlyMemory`1 data, CancellationToken cancellationToken)
   at System.Runtime.CompilerServices.PoolingAsyncValueTaskMethodBuilder`1.StateMachineBox`1.System.Threading.Tasks.Sources.IValueTaskSource<TResult>.GetResult(Int16 token)
   at System.Threading.Tasks.ValueTask`1.GetTaskForValueTaskSource(IValueTaskSource`1 t)
--- End of stack trace from previous location ---
   at MyCompany.ApiGateway.Middlewares.ExceptionHandlingMiddleware.InvokeAsync(HttpContext context) in C:\MyCompany\MyCompany\MyCompany.ApiGateway\Middlewares\ExceptionHandlingMiddleware.cs:line 64
   at MyCompany.ApiGateway.Middlewares.CorrelationIdMiddleware.InvokeAsync(HttpContext context) in C:\MyCompany\MyCompany\MyCompany.ApiGateway\Middlewares\CorrelationIdMiddleware.cs:line 22
   at Serilog.AspNetCore.RequestLoggingMiddleware.Invoke(HttpContext httpContext)
2026-01-14 12:44:12.133 +05:00 [ERR] An unhandled exception has occurred while executing the request.
System.ObjectDisposedException: Cannot access a closed Stream.
   at System.IO.MemoryStream.Write(Byte[] buffer, Int32 offset, Int32 count)
   at System.IO.MemoryStream.WriteAsync(ReadOnlyMemory`1 buffer, CancellationToken cancellationToken)
--- End of stack trace from previous location ---
   at System.IO.Pipelines.StreamPipeWriter.FlushAsyncInternal(Boolean writeToStream, ReadOnlyMemory`1 data, CancellationToken cancellationToken)
   at System.Runtime.CompilerServices.PoolingAsyncValueTaskMethodBuilder`1.StateMachineBox`1.System.Threading.Tasks.Sources.IValueTaskSource<TResult>.GetResult(Int16 token)
   at System.Threading.Tasks.ValueTask`1.GetTaskForValueTaskSource(IValueTaskSource`1 t)
--- End of stack trace from previous location ---
   at MyCompany.ApiGateway.Middlewares.ExceptionHandlingMiddleware.InvokeAsync(HttpContext context) in C:\MyCompany\MyCompany\MyCompany.ApiGateway\Middlewares\ExceptionHandlingMiddleware.cs:line 64
   at MyCompany.ApiGateway.Middlewares.CorrelationIdMiddleware.InvokeAsync(HttpContext context) in C:\MyCompany\MyCompany\MyCompany.ApiGateway\Middlewares\CorrelationIdMiddleware.cs:line 22
   at Serilog.AspNetCore.RequestLoggingMiddleware.Invoke(HttpContext httpContext)
   at Microsoft.AspNetCore.Diagnostics.DeveloperExceptionPageMiddlewareImpl.Invoke(HttpContext context)
2026-01-14 12:44:12.170 +05:00 [ERR] An exception was thrown attempting to display the error page.
System.ObjectDisposedException: Cannot access a closed Stream.
   at System.IO.MemoryStream.Write(Byte[] buffer, Int32 offset, Int32 count)
   at System.IO.MemoryStream.WriteAsync(ReadOnlyMemory`1 buffer, CancellationToken cancellationToken)
--- End of stack trace from previous location ---
   at System.IO.Pipelines.StreamPipeWriter.FlushAsyncInternal(Boolean writeToStream, ReadOnlyMemory`1 data, CancellationToken cancellationToken)
   at System.Runtime.CompilerServices.PoolingAsyncValueTaskMethodBuilder`1.StateMachineBox`1.System.Threading.Tasks.Sources.IValueTaskSource<TResult>.GetResult(Int16 token)
   at System.Threading.Tasks.ValueTask`1.GetTaskForValueTaskSource(IValueTaskSource`1 t)
--- End of stack trace from previous location ---
   at Microsoft.AspNetCore.Diagnostics.DeveloperExceptionPageMiddlewareImpl.DisplayExceptionContent(ErrorContext errorContext)
   at Microsoft.AspNetCore.Diagnostics.DeveloperExceptionPageMiddlewareImpl.Invoke(HttpContext context)
2026-01-14 12:44:12.204 +05:00 [ERR] Connection id "0HNIJ82EM5GPL", Request id "0HNIJ82EM5GPL:00000003": An unhandled exception was thrown by the application.
System.ObjectDisposedException: Cannot access a closed Stream.
   at System.IO.MemoryStream.Write(Byte[] buffer, Int32 offset, Int32 count)
   at System.IO.MemoryStream.WriteAsync(ReadOnlyMemory`1 buffer, CancellationToken cancellationToken)
--- End of stack trace from previous location ---
   at System.IO.Pipelines.StreamPipeWriter.FlushAsyncInternal(Boolean writeToStream, ReadOnlyMemory`1 data, CancellationToken cancellationToken)
   at System.Runtime.CompilerServices.PoolingAsyncValueTaskMethodBuilder`1.StateMachineBox`1.System.Threading.Tasks.Sources.IValueTaskSource<TResult>.GetResult(Int16 token)
   at System.Threading.Tasks.ValueTask`1.GetTaskForValueTaskSource(IValueTaskSource`1 t)
--- End of stack trace from previous location ---
   at MyCompany.ApiGateway.Middlewares.ExceptionHandlingMiddleware.InvokeAsync(HttpContext context) in C:\MyCompany\MyCompany\MyCompany.ApiGateway\Middlewares\ExceptionHandlingMiddleware.cs:line 64
   at MyCompany.ApiGateway.Middlewares.CorrelationIdMiddleware.InvokeAsync(HttpContext context) in C:\MyCompany\MyCompany\MyCompany.ApiGateway\Middlewares\CorrelationIdMiddleware.cs:line 22
   at Serilog.AspNetCore.RequestLoggingMiddleware.Invoke(HttpContext httpContext)
   at Microsoft.AspNetCore.Diagnostics.DeveloperExceptionPageMiddlewareImpl.Invoke(HttpContext context)
   at Microsoft.AspNetCore.Diagnostics.DeveloperExceptionPageMiddlewareImpl.Invoke(HttpContext context)
   at Microsoft.WebTools.BrowserLink.Net.BrowserLinkMiddleware.InvokeAsync(HttpContext context)
   at Microsoft.AspNetCore.Watch.BrowserRefresh.BrowserRefreshMiddleware.InvokeAsync(HttpContext context)
   at Microsoft.AspNetCore.Server.Kestrel.Core.Internal.Http.HttpProtocol.ProcessRequests[TContext](IHttpApplication`1 application)
2026-01-14 12:44:26.410 +05:00 [INF] Forwarding request POST /api/auth/login to https://localhost:7222/api/auth/login
2026-01-14 12:44:26.829 +05:00 [ERR] Unhandled exception occurred while processing request
System.Net.Http.HttpRequestException: Unable to write content to request stream; content would exceed Content-Length.
   at Microsoft.AspNetCore.WebUtilities.FileBufferingReadStream.<>c__DisplayClass46_0.<<CopyToAsync>g__CopyToAsyncImpl|0>d.MoveNext()
--- End of stack trace from previous location ---
   at System.Net.Http.HttpContent.<CopyToAsync>g__WaitAsync|56_0(ValueTask copyTask)
   at System.Net.Http.HttpConnection.SendRequestContentAsync(HttpRequestMessage request, HttpContentWriteStream stream, Boolean async, CancellationToken cancellationToken)
   at System.Net.Http.HttpConnection.SendAsync(HttpRequestMessage request, Boolean async, CancellationToken cancellationToken)
   at System.Net.Http.HttpConnection.SendAsync(HttpRequestMessage request, Boolean async, CancellationToken cancellationToken)
   at System.Net.Http.HttpConnectionPool.SendWithVersionDetectionAndRetryAsync(HttpRequestMessage request, Boolean async, Boolean doRequestAuth, CancellationToken cancellationToken)
   at System.Net.Http.DiagnosticsHandler.SendAsyncCore(HttpRequestMessage request, Boolean async, CancellationToken cancellationToken)
   at System.Net.Http.RedirectHandler.SendAsync(HttpRequestMessage request, Boolean async, CancellationToken cancellationToken)
   at Microsoft.Extensions.Http.Logging.LoggingHttpMessageHandler.<SendCoreAsync>g__Core|5_0(HttpRequestMessage request, Boolean useAsync, CancellationToken cancellationToken)
   at Microsoft.Extensions.Http.Logging.LoggingScopeHttpMessageHandler.<SendCoreAsync>g__Core|5_0(HttpRequestMessage request, Boolean useAsync, CancellationToken cancellationToken)
   at System.Net.Http.HttpClient.<SendAsync>g__Core|83_0(HttpRequestMessage request, HttpCompletionOption completionOption, CancellationTokenSource cts, Boolean disposeCts, CancellationTokenSource pendingRequestsCts, CancellationToken originalCancellationToken)
   at MyCompany.ApiGateway.Routing.DownstreamProxy.ProxyAsync(HttpContext context, String targetUrl) in C:\MyCompany\MyCompany\MyCompany.ApiGateway\Routing\DownstreamProxy.cs:line 61
   at Program.<>c.<<<Main>$>b__0_1>d.MoveNext() in C:\MyCompany\MyCompany\MyCompany.ApiGateway\Program.cs:line 85
--- End of stack trace from previous location ---
   at Microsoft.AspNetCore.Authorization.AuthorizationMiddleware.Invoke(HttpContext context)
   at Microsoft.AspNetCore.Authentication.AuthenticationMiddleware.Invoke(HttpContext context)
   at MyCompany.Common.Logging.Serilog.RequestLoggingMiddleware.Invoke(HttpContext context) in C:\MyCompany\MyCompany\BuildingBlocks\Common.Logging\Serilog\RequestLoggingMiddleware.cs:line 40
   at MyCompany.ApiGateway.Middlewares.ExceptionHandlingMiddleware.InvokeAsync(HttpContext context) in C:\MyCompany\MyCompany\MyCompany.ApiGateway\Middlewares\ExceptionHandlingMiddleware.cs:line 27
2026-01-14 12:44:27.052 +05:00 [ERR] HTTP POST /api/auth/login responded 500 in 643.1450 ms
System.ObjectDisposedException: Cannot access a closed Stream.
   at System.IO.MemoryStream.Write(Byte[] buffer, Int32 offset, Int32 count)
   at System.IO.MemoryStream.WriteAsync(ReadOnlyMemory`1 buffer, CancellationToken cancellationToken)
--- End of stack trace from previous location ---
   at System.IO.Pipelines.StreamPipeWriter.FlushAsyncInternal(Boolean writeToStream, ReadOnlyMemory`1 data, CancellationToken cancellationToken)
   at System.Runtime.CompilerServices.PoolingAsyncValueTaskMethodBuilder`1.StateMachineBox`1.System.Threading.Tasks.Sources.IValueTaskSource<TResult>.GetResult(Int16 token)
   at System.Threading.Tasks.ValueTask`1.GetTaskForValueTaskSource(IValueTaskSource`1 t)
--- End of stack trace from previous location ---
   at MyCompany.ApiGateway.Middlewares.ExceptionHandlingMiddleware.InvokeAsync(HttpContext context) in C:\MyCompany\MyCompany\MyCompany.ApiGateway\Middlewares\ExceptionHandlingMiddleware.cs:line 64
   at MyCompany.ApiGateway.Middlewares.CorrelationIdMiddleware.InvokeAsync(HttpContext context) in C:\MyCompany\MyCompany\MyCompany.ApiGateway\Middlewares\CorrelationIdMiddleware.cs:line 22
   at Serilog.AspNetCore.RequestLoggingMiddleware.Invoke(HttpContext httpContext)
2026-01-14 12:44:27.080 +05:00 [ERR] An unhandled exception has occurred while executing the request.
System.ObjectDisposedException: Cannot access a closed Stream.
   at System.IO.MemoryStream.Write(Byte[] buffer, Int32 offset, Int32 count)
   at System.IO.MemoryStream.WriteAsync(ReadOnlyMemory`1 buffer, CancellationToken cancellationToken)
--- End of stack trace from previous location ---
   at System.IO.Pipelines.StreamPipeWriter.FlushAsyncInternal(Boolean writeToStream, ReadOnlyMemory`1 data, CancellationToken cancellationToken)
   at System.Runtime.CompilerServices.PoolingAsyncValueTaskMethodBuilder`1.StateMachineBox`1.System.Threading.Tasks.Sources.IValueTaskSource<TResult>.GetResult(Int16 token)
   at System.Threading.Tasks.ValueTask`1.GetTaskForValueTaskSource(IValueTaskSource`1 t)
--- End of stack trace from previous location ---
   at MyCompany.ApiGateway.Middlewares.ExceptionHandlingMiddleware.InvokeAsync(HttpContext context) in C:\MyCompany\MyCompany\MyCompany.ApiGateway\Middlewares\ExceptionHandlingMiddleware.cs:line 64
   at MyCompany.ApiGateway.Middlewares.CorrelationIdMiddleware.InvokeAsync(HttpContext context) in C:\MyCompany\MyCompany\MyCompany.ApiGateway\Middlewares\CorrelationIdMiddleware.cs:line 22
   at Serilog.AspNetCore.RequestLoggingMiddleware.Invoke(HttpContext httpContext)
   at Microsoft.AspNetCore.Diagnostics.DeveloperExceptionPageMiddlewareImpl.Invoke(HttpContext context)
2026-01-14 12:44:27.093 +05:00 [ERR] An exception was thrown attempting to display the error page.
System.ObjectDisposedException: Cannot access a closed Stream.
   at System.IO.MemoryStream.Write(Byte[] buffer, Int32 offset, Int32 count)
   at System.IO.MemoryStream.WriteAsync(ReadOnlyMemory`1 buffer, CancellationToken cancellationToken)
--- End of stack trace from previous location ---
   at System.IO.Pipelines.StreamPipeWriter.FlushAsyncInternal(Boolean writeToStream, ReadOnlyMemory`1 data, CancellationToken cancellationToken)
   at System.Runtime.CompilerServices.PoolingAsyncValueTaskMethodBuilder`1.StateMachineBox`1.System.Threading.Tasks.Sources.IValueTaskSource<TResult>.GetResult(Int16 token)
   at System.Threading.Tasks.ValueTask`1.GetTaskForValueTaskSource(IValueTaskSource`1 t)
--- End of stack trace from previous location ---
   at Microsoft.AspNetCore.Diagnostics.DeveloperExceptionPageMiddlewareImpl.DisplayExceptionContent(ErrorContext errorContext)
   at Microsoft.AspNetCore.Diagnostics.DeveloperExceptionPageMiddlewareImpl.Invoke(HttpContext context)
2026-01-14 12:44:27.105 +05:00 [ERR] Connection id "0HNIJ82EM5GPM", Request id "0HNIJ82EM5GPM:00000002": An unhandled exception was thrown by the application.
System.ObjectDisposedException: Cannot access a closed Stream.
   at System.IO.MemoryStream.Write(Byte[] buffer, Int32 offset, Int32 count)
   at System.IO.MemoryStream.WriteAsync(ReadOnlyMemory`1 buffer, CancellationToken cancellationToken)
--- End of stack trace from previous location ---
   at System.IO.Pipelines.StreamPipeWriter.FlushAsyncInternal(Boolean writeToStream, ReadOnlyMemory`1 data, CancellationToken cancellationToken)
   at System.Runtime.CompilerServices.PoolingAsyncValueTaskMethodBuilder`1.StateMachineBox`1.System.Threading.Tasks.Sources.IValueTaskSource<TResult>.GetResult(Int16 token)
   at System.Threading.Tasks.ValueTask`1.GetTaskForValueTaskSource(IValueTaskSource`1 t)
--- End of stack trace from previous location ---
   at MyCompany.ApiGateway.Middlewares.ExceptionHandlingMiddleware.InvokeAsync(HttpContext context) in C:\MyCompany\MyCompany\MyCompany.ApiGateway\Middlewares\ExceptionHandlingMiddleware.cs:line 64
   at MyCompany.ApiGateway.Middlewares.CorrelationIdMiddleware.InvokeAsync(HttpContext context) in C:\MyCompany\MyCompany\MyCompany.ApiGateway\Middlewares\CorrelationIdMiddleware.cs:line 22
   at Serilog.AspNetCore.RequestLoggingMiddleware.Invoke(HttpContext httpContext)
   at Microsoft.AspNetCore.Diagnostics.DeveloperExceptionPageMiddlewareImpl.Invoke(HttpContext context)
   at Microsoft.AspNetCore.Diagnostics.DeveloperExceptionPageMiddlewareImpl.Invoke(HttpContext context)
   at Microsoft.WebTools.BrowserLink.Net.BrowserLinkMiddleware.InvokeAsync(HttpContext context)
   at Microsoft.AspNetCore.Watch.BrowserRefresh.BrowserRefreshMiddleware.InvokeAsync(HttpContext context)
   at Microsoft.AspNetCore.Server.Kestrel.Core.Internal.Http.HttpProtocol.ProcessRequests[TContext](IHttpApplication`1 application)
2026-01-14 12:46:42.262 +05:00 [INF]  API Gateway started successfully
2026-01-14 12:46:47.500 +05:00 [INF] HTTP GET /swagger/index.html responded 404 in 399.0887 ms | User: Anonymous (N/A) | IP: ::1 | RequestBody:  | ResponseBody: 
2026-01-14 12:46:47.530 +05:00 [INF] HTTP GET /swagger/index.html responded 404 in 441.3851 ms
2026-01-14 12:47:37.239 +05:00 [INF] Forwarding request POST /api/auth/login to http://localhost:5253/api/auth/login
2026-01-14 12:47:38.420 +05:00 [ERR] Unhandled exception occurred while processing request
System.Net.Http.HttpRequestException: Unable to write content to request stream; content would exceed Content-Length.
   at Microsoft.AspNetCore.WebUtilities.FileBufferingReadStream.<>c__DisplayClass46_0.<<CopyToAsync>g__CopyToAsyncImpl|0>d.MoveNext()
--- End of stack trace from previous location ---
   at System.Net.Http.HttpContent.<CopyToAsync>g__WaitAsync|56_0(ValueTask copyTask)
   at System.Net.Http.HttpConnection.SendRequestContentAsync(HttpRequestMessage request, HttpContentWriteStream stream, Boolean async, CancellationToken cancellationToken)
   at System.Net.Http.HttpConnection.SendAsync(HttpRequestMessage request, Boolean async, CancellationToken cancellationToken)
   at System.Net.Http.HttpConnection.SendAsync(HttpRequestMessage request, Boolean async, CancellationToken cancellationToken)
   at System.Net.Http.HttpConnectionPool.SendWithVersionDetectionAndRetryAsync(HttpRequestMessage request, Boolean async, Boolean doRequestAuth, CancellationToken cancellationToken)
   at System.Net.Http.DiagnosticsHandler.SendAsyncCore(HttpRequestMessage request, Boolean async, CancellationToken cancellationToken)
   at System.Net.Http.RedirectHandler.SendAsync(HttpRequestMessage request, Boolean async, CancellationToken cancellationToken)
   at Microsoft.Extensions.Http.Logging.LoggingHttpMessageHandler.<SendCoreAsync>g__Core|5_0(HttpRequestMessage request, Boolean useAsync, CancellationToken cancellationToken)
   at Microsoft.Extensions.Http.Logging.LoggingScopeHttpMessageHandler.<SendCoreAsync>g__Core|5_0(HttpRequestMessage request, Boolean useAsync, CancellationToken cancellationToken)
   at System.Net.Http.HttpClient.<SendAsync>g__Core|83_0(HttpRequestMessage request, HttpCompletionOption completionOption, CancellationTokenSource cts, Boolean disposeCts, CancellationTokenSource pendingRequestsCts, CancellationToken originalCancellationToken)
   at MyCompany.ApiGateway.Routing.DownstreamProxy.ProxyAsync(HttpContext context, String targetUrl) in C:\MyCompany\MyCompany\MyCompany.ApiGateway\Routing\DownstreamProxy.cs:line 61
   at Program.<>c.<<<Main>$>b__0_2>d.MoveNext() in C:\MyCompany\MyCompany\MyCompany.ApiGateway\Program.cs:line 90
--- End of stack trace from previous location ---
   at Microsoft.AspNetCore.Authorization.AuthorizationMiddleware.Invoke(HttpContext context)
   at Microsoft.AspNetCore.Authentication.AuthenticationMiddleware.Invoke(HttpContext context)
   at MyCompany.ApiGateway.Middlewares.CorrelationIdMiddleware.InvokeAsync(HttpContext context) in C:\MyCompany\MyCompany\MyCompany.ApiGateway\Middlewares\CorrelationIdMiddleware.cs:line 22
   at MyCompany.Common.Logging.Serilog.RequestLoggingMiddleware.Invoke(HttpContext context) in C:\MyCompany\MyCompany\BuildingBlocks\Common.Logging\Serilog\RequestLoggingMiddleware.cs:line 40
   at MyCompany.ApiGateway.Middlewares.ExceptionHandlingMiddleware.InvokeAsync(HttpContext context) in C:\MyCompany\MyCompany\MyCompany.ApiGateway\Middlewares\ExceptionHandlingMiddleware.cs:line 27
2026-01-14 12:47:38.798 +05:00 [ERR] HTTP POST /api/auth/login responded 500 in 1651.2438 ms
System.ObjectDisposedException: Cannot access a closed Stream.
   at System.IO.MemoryStream.Write(Byte[] buffer, Int32 offset, Int32 count)
   at System.IO.MemoryStream.WriteAsync(ReadOnlyMemory`1 buffer, CancellationToken cancellationToken)
--- End of stack trace from previous location ---
   at System.IO.Pipelines.StreamPipeWriter.FlushAsyncInternal(Boolean writeToStream, ReadOnlyMemory`1 data, CancellationToken cancellationToken)
   at System.Runtime.CompilerServices.PoolingAsyncValueTaskMethodBuilder`1.StateMachineBox`1.System.Threading.Tasks.Sources.IValueTaskSource<TResult>.GetResult(Int16 token)
   at System.Threading.Tasks.ValueTask`1.GetTaskForValueTaskSource(IValueTaskSource`1 t)
--- End of stack trace from previous location ---
   at MyCompany.ApiGateway.Middlewares.ExceptionHandlingMiddleware.InvokeAsync(HttpContext context) in C:\MyCompany\MyCompany\MyCompany.ApiGateway\Middlewares\ExceptionHandlingMiddleware.cs:line 64
   at Serilog.AspNetCore.RequestLoggingMiddleware.Invoke(HttpContext httpContext)
2026-01-14 12:47:38.857 +05:00 [ERR] An unhandled exception has occurred while executing the request.
System.ObjectDisposedException: Cannot access a closed Stream.
   at System.IO.MemoryStream.Write(Byte[] buffer, Int32 offset, Int32 count)
   at System.IO.MemoryStream.WriteAsync(ReadOnlyMemory`1 buffer, CancellationToken cancellationToken)
--- End of stack trace from previous location ---
   at System.IO.Pipelines.StreamPipeWriter.FlushAsyncInternal(Boolean writeToStream, ReadOnlyMemory`1 data, CancellationToken cancellationToken)
   at System.Runtime.CompilerServices.PoolingAsyncValueTaskMethodBuilder`1.StateMachineBox`1.System.Threading.Tasks.Sources.IValueTaskSource<TResult>.GetResult(Int16 token)
   at System.Threading.Tasks.ValueTask`1.GetTaskForValueTaskSource(IValueTaskSource`1 t)
--- End of stack trace from previous location ---
   at MyCompany.ApiGateway.Middlewares.ExceptionHandlingMiddleware.InvokeAsync(HttpContext context) in C:\MyCompany\MyCompany\MyCompany.ApiGateway\Middlewares\ExceptionHandlingMiddleware.cs:line 64
   at Serilog.AspNetCore.RequestLoggingMiddleware.Invoke(HttpContext httpContext)
   at Microsoft.AspNetCore.Diagnostics.DeveloperExceptionPageMiddlewareImpl.Invoke(HttpContext context)
2026-01-14 12:47:38.927 +05:00 [ERR] An exception was thrown attempting to display the error page.
System.ObjectDisposedException: Cannot access a closed Stream.
   at System.IO.MemoryStream.Write(Byte[] buffer, Int32 offset, Int32 count)
   at System.IO.MemoryStream.WriteAsync(ReadOnlyMemory`1 buffer, CancellationToken cancellationToken)
--- End of stack trace from previous location ---
   at System.IO.Pipelines.StreamPipeWriter.FlushAsyncInternal(Boolean writeToStream, ReadOnlyMemory`1 data, CancellationToken cancellationToken)
   at System.Runtime.CompilerServices.PoolingAsyncValueTaskMethodBuilder`1.StateMachineBox`1.System.Threading.Tasks.Sources.IValueTaskSource<TResult>.GetResult(Int16 token)
   at System.Threading.Tasks.ValueTask`1.GetTaskForValueTaskSource(IValueTaskSource`1 t)
--- End of stack trace from previous location ---
   at Microsoft.AspNetCore.Diagnostics.DeveloperExceptionPageMiddlewareImpl.DisplayExceptionContent(ErrorContext errorContext)
   at Microsoft.AspNetCore.Diagnostics.DeveloperExceptionPageMiddlewareImpl.Invoke(HttpContext context)
2026-01-14 12:47:38.972 +05:00 [ERR] Connection id "0HNIJ847V3AEN", Request id "0HNIJ847V3AEN:00000002": An unhandled exception was thrown by the application.
System.ObjectDisposedException: Cannot access a closed Stream.
   at System.IO.MemoryStream.Write(Byte[] buffer, Int32 offset, Int32 count)
   at System.IO.MemoryStream.WriteAsync(ReadOnlyMemory`1 buffer, CancellationToken cancellationToken)
--- End of stack trace from previous location ---
   at System.IO.Pipelines.StreamPipeWriter.FlushAsyncInternal(Boolean writeToStream, ReadOnlyMemory`1 data, CancellationToken cancellationToken)
   at System.Runtime.CompilerServices.PoolingAsyncValueTaskMethodBuilder`1.StateMachineBox`1.System.Threading.Tasks.Sources.IValueTaskSource<TResult>.GetResult(Int16 token)
   at System.Threading.Tasks.ValueTask`1.GetTaskForValueTaskSource(IValueTaskSource`1 t)
--- End of stack trace from previous location ---
   at MyCompany.ApiGateway.Middlewares.ExceptionHandlingMiddleware.InvokeAsync(HttpContext context) in C:\MyCompany\MyCompany\MyCompany.ApiGateway\Middlewares\ExceptionHandlingMiddleware.cs:line 64
   at Serilog.AspNetCore.RequestLoggingMiddleware.Invoke(HttpContext httpContext)
   at Microsoft.AspNetCore.Diagnostics.DeveloperExceptionPageMiddlewareImpl.Invoke(HttpContext context)
   at Microsoft.AspNetCore.Diagnostics.DeveloperExceptionPageMiddlewareImpl.Invoke(HttpContext context)
   at Microsoft.WebTools.BrowserLink.Net.BrowserLinkMiddleware.InvokeAsync(HttpContext context)
   at Microsoft.AspNetCore.Watch.BrowserRefresh.BrowserRefreshMiddleware.InvokeAsync(HttpContext context)
   at Microsoft.AspNetCore.Server.Kestrel.Core.Internal.Http.HttpProtocol.ProcessRequests[TContext](IHttpApplication`1 application)
2026-01-14 12:47:55.852 +05:00 [INF] Forwarding request POST /api/auth/register to http://localhost:5253/api/auth/register
2026-01-14 12:47:56.429 +05:00 [ERR] Unhandled exception occurred while processing request
System.Net.Http.HttpRequestException: Unable to write content to request stream; content would exceed Content-Length.
   at Microsoft.AspNetCore.WebUtilities.FileBufferingReadStream.<>c__DisplayClass46_0.<<CopyToAsync>g__CopyToAsyncImpl|0>d.MoveNext()
--- End of stack trace from previous location ---
   at System.Net.Http.HttpContent.<CopyToAsync>g__WaitAsync|56_0(ValueTask copyTask)
   at System.Net.Http.HttpConnection.SendRequestContentAsync(HttpRequestMessage request, HttpContentWriteStream stream, Boolean async, CancellationToken cancellationToken)
   at System.Net.Http.HttpConnection.SendAsync(HttpRequestMessage request, Boolean async, CancellationToken cancellationToken)
   at System.Net.Http.HttpConnection.SendAsync(HttpRequestMessage request, Boolean async, CancellationToken cancellationToken)
   at System.Net.Http.HttpConnectionPool.SendWithVersionDetectionAndRetryAsync(HttpRequestMessage request, Boolean async, Boolean doRequestAuth, CancellationToken cancellationToken)
   at System.Net.Http.DiagnosticsHandler.SendAsyncCore(HttpRequestMessage request, Boolean async, CancellationToken cancellationToken)
   at System.Net.Http.RedirectHandler.SendAsync(HttpRequestMessage request, Boolean async, CancellationToken cancellationToken)
   at Microsoft.Extensions.Http.Logging.LoggingHttpMessageHandler.<SendCoreAsync>g__Core|5_0(HttpRequestMessage request, Boolean useAsync, CancellationToken cancellationToken)
   at Microsoft.Extensions.Http.Logging.LoggingScopeHttpMessageHandler.<SendCoreAsync>g__Core|5_0(HttpRequestMessage request, Boolean useAsync, CancellationToken cancellationToken)
   at System.Net.Http.HttpClient.<SendAsync>g__Core|83_0(HttpRequestMessage request, HttpCompletionOption completionOption, CancellationTokenSource cts, Boolean disposeCts, CancellationTokenSource pendingRequestsCts, CancellationToken originalCancellationToken)
   at MyCompany.ApiGateway.Routing.DownstreamProxy.ProxyAsync(HttpContext context, String targetUrl) in C:\MyCompany\MyCompany\MyCompany.ApiGateway\Routing\DownstreamProxy.cs:line 61
   at Program.<>c.<<<Main>$>b__0_2>d.MoveNext() in C:\MyCompany\MyCompany\MyCompany.ApiGateway\Program.cs:line 90
--- End of stack trace from previous location ---
   at Microsoft.AspNetCore.Authorization.AuthorizationMiddleware.Invoke(HttpContext context)
   at Microsoft.AspNetCore.Authentication.AuthenticationMiddleware.Invoke(HttpContext context)
   at MyCompany.ApiGateway.Middlewares.CorrelationIdMiddleware.InvokeAsync(HttpContext context) in C:\MyCompany\MyCompany\MyCompany.ApiGateway\Middlewares\CorrelationIdMiddleware.cs:line 22
   at MyCompany.Common.Logging.Serilog.RequestLoggingMiddleware.Invoke(HttpContext context) in C:\MyCompany\MyCompany\BuildingBlocks\Common.Logging\Serilog\RequestLoggingMiddleware.cs:line 40
   at MyCompany.ApiGateway.Middlewares.ExceptionHandlingMiddleware.InvokeAsync(HttpContext context) in C:\MyCompany\MyCompany\MyCompany.ApiGateway\Middlewares\ExceptionHandlingMiddleware.cs:line 27
2026-01-14 12:47:56.592 +05:00 [ERR] HTTP POST /api/auth/register responded 500 in 744.9147 ms
System.ObjectDisposedException: Cannot access a closed Stream.
   at System.IO.MemoryStream.Write(Byte[] buffer, Int32 offset, Int32 count)
   at System.IO.MemoryStream.WriteAsync(ReadOnlyMemory`1 buffer, CancellationToken cancellationToken)
--- End of stack trace from previous location ---
   at System.IO.Pipelines.StreamPipeWriter.FlushAsyncInternal(Boolean writeToStream, ReadOnlyMemory`1 data, CancellationToken cancellationToken)
   at System.Runtime.CompilerServices.PoolingAsyncValueTaskMethodBuilder`1.StateMachineBox`1.System.Threading.Tasks.Sources.IValueTaskSource<TResult>.GetResult(Int16 token)
   at System.Threading.Tasks.ValueTask`1.GetTaskForValueTaskSource(IValueTaskSource`1 t)
--- End of stack trace from previous location ---
   at MyCompany.ApiGateway.Middlewares.ExceptionHandlingMiddleware.InvokeAsync(HttpContext context) in C:\MyCompany\MyCompany\MyCompany.ApiGateway\Middlewares\ExceptionHandlingMiddleware.cs:line 64
   at Serilog.AspNetCore.RequestLoggingMiddleware.Invoke(HttpContext httpContext)
2026-01-14 12:47:56.616 +05:00 [ERR] An unhandled exception has occurred while executing the request.
System.ObjectDisposedException: Cannot access a closed Stream.
   at System.IO.MemoryStream.Write(Byte[] buffer, Int32 offset, Int32 count)
   at System.IO.MemoryStream.WriteAsync(ReadOnlyMemory`1 buffer, CancellationToken cancellationToken)
--- End of stack trace from previous location ---
   at System.IO.Pipelines.StreamPipeWriter.FlushAsyncInternal(Boolean writeToStream, ReadOnlyMemory`1 data, CancellationToken cancellationToken)
   at System.Runtime.CompilerServices.PoolingAsyncValueTaskMethodBuilder`1.StateMachineBox`1.System.Threading.Tasks.Sources.IValueTaskSource<TResult>.GetResult(Int16 token)
   at System.Threading.Tasks.ValueTask`1.GetTaskForValueTaskSource(IValueTaskSource`1 t)
--- End of stack trace from previous location ---
   at MyCompany.ApiGateway.Middlewares.ExceptionHandlingMiddleware.InvokeAsync(HttpContext context) in C:\MyCompany\MyCompany\MyCompany.ApiGateway\Middlewares\ExceptionHandlingMiddleware.cs:line 64
   at Serilog.AspNetCore.RequestLoggingMiddleware.Invoke(HttpContext httpContext)
   at Microsoft.AspNetCore.Diagnostics.DeveloperExceptionPageMiddlewareImpl.Invoke(HttpContext context)
2026-01-14 12:47:56.646 +05:00 [ERR] An exception was thrown attempting to display the error page.
System.ObjectDisposedException: Cannot access a closed Stream.
   at System.IO.MemoryStream.Write(Byte[] buffer, Int32 offset, Int32 count)
   at System.IO.MemoryStream.WriteAsync(ReadOnlyMemory`1 buffer, CancellationToken cancellationToken)
--- End of stack trace from previous location ---
   at System.IO.Pipelines.StreamPipeWriter.FlushAsyncInternal(Boolean writeToStream, ReadOnlyMemory`1 data, CancellationToken cancellationToken)
   at System.Runtime.CompilerServices.PoolingAsyncValueTaskMethodBuilder`1.StateMachineBox`1.System.Threading.Tasks.Sources.IValueTaskSource<TResult>.GetResult(Int16 token)
   at System.Threading.Tasks.ValueTask`1.GetTaskForValueTaskSource(IValueTaskSource`1 t)
--- End of stack trace from previous location ---
   at Microsoft.AspNetCore.Diagnostics.DeveloperExceptionPageMiddlewareImpl.DisplayExceptionContent(ErrorContext errorContext)
   at Microsoft.AspNetCore.Diagnostics.DeveloperExceptionPageMiddlewareImpl.Invoke(HttpContext context)
2026-01-14 12:47:56.675 +05:00 [ERR] Connection id "0HNIJ847V3AEO", Request id "0HNIJ847V3AEO:00000002": An unhandled exception was thrown by the application.
System.ObjectDisposedException: Cannot access a closed Stream.
   at System.IO.MemoryStream.Write(Byte[] buffer, Int32 offset, Int32 count)
   at System.IO.MemoryStream.WriteAsync(ReadOnlyMemory`1 buffer, CancellationToken cancellationToken)
--- End of stack trace from previous location ---
   at System.IO.Pipelines.StreamPipeWriter.FlushAsyncInternal(Boolean writeToStream, ReadOnlyMemory`1 data, CancellationToken cancellationToken)
   at System.Runtime.CompilerServices.PoolingAsyncValueTaskMethodBuilder`1.StateMachineBox`1.System.Threading.Tasks.Sources.IValueTaskSource<TResult>.GetResult(Int16 token)
   at System.Threading.Tasks.ValueTask`1.GetTaskForValueTaskSource(IValueTaskSource`1 t)
--- End of stack trace from previous location ---
   at MyCompany.ApiGateway.Middlewares.ExceptionHandlingMiddleware.InvokeAsync(HttpContext context) in C:\MyCompany\MyCompany\MyCompany.ApiGateway\Middlewares\ExceptionHandlingMiddleware.cs:line 64
   at Serilog.AspNetCore.RequestLoggingMiddleware.Invoke(HttpContext httpContext)
   at Microsoft.AspNetCore.Diagnostics.DeveloperExceptionPageMiddlewareImpl.Invoke(HttpContext context)
   at Microsoft.AspNetCore.Diagnostics.DeveloperExceptionPageMiddlewareImpl.Invoke(HttpContext context)
   at Microsoft.WebTools.BrowserLink.Net.BrowserLinkMiddleware.InvokeAsync(HttpContext context)
   at Microsoft.AspNetCore.Watch.BrowserRefresh.BrowserRefreshMiddleware.InvokeAsync(HttpContext context)
   at Microsoft.AspNetCore.Server.Kestrel.Core.Internal.Http.HttpProtocol.ProcessRequests[TContext](IHttpApplication`1 application)
2026-01-14 12:48:12.719 +05:00 [INF] Forwarding request POST /api/auth/login to http://localhost:5253/api/auth/login
2026-01-14 12:48:13.342 +05:00 [ERR] Unhandled exception occurred while processing request
System.Net.Http.HttpRequestException: Unable to write content to request stream; content would exceed Content-Length.
   at Microsoft.AspNetCore.WebUtilities.FileBufferingReadStream.<>c__DisplayClass46_0.<<CopyToAsync>g__CopyToAsyncImpl|0>d.MoveNext()
--- End of stack trace from previous location ---
   at System.Net.Http.HttpContent.<CopyToAsync>g__WaitAsync|56_0(ValueTask copyTask)
   at System.Net.Http.HttpConnection.SendRequestContentAsync(HttpRequestMessage request, HttpContentWriteStream stream, Boolean async, CancellationToken cancellationToken)
   at System.Net.Http.HttpConnection.SendAsync(HttpRequestMessage request, Boolean async, CancellationToken cancellationToken)
   at System.Net.Http.HttpConnection.SendAsync(HttpRequestMessage request, Boolean async, CancellationToken cancellationToken)
   at System.Net.Http.HttpConnectionPool.SendWithVersionDetectionAndRetryAsync(HttpRequestMessage request, Boolean async, Boolean doRequestAuth, CancellationToken cancellationToken)
   at System.Net.Http.DiagnosticsHandler.SendAsyncCore(HttpRequestMessage request, Boolean async, CancellationToken cancellationToken)
   at System.Net.Http.RedirectHandler.SendAsync(HttpRequestMessage request, Boolean async, CancellationToken cancellationToken)
   at Microsoft.Extensions.Http.Logging.LoggingHttpMessageHandler.<SendCoreAsync>g__Core|5_0(HttpRequestMessage request, Boolean useAsync, CancellationToken cancellationToken)
   at Microsoft.Extensions.Http.Logging.LoggingScopeHttpMessageHandler.<SendCoreAsync>g__Core|5_0(HttpRequestMessage request, Boolean useAsync, CancellationToken cancellationToken)
   at System.Net.Http.HttpClient.<SendAsync>g__Core|83_0(HttpRequestMessage request, HttpCompletionOption completionOption, CancellationTokenSource cts, Boolean disposeCts, CancellationTokenSource pendingRequestsCts, CancellationToken originalCancellationToken)
   at MyCompany.ApiGateway.Routing.DownstreamProxy.ProxyAsync(HttpContext context, String targetUrl) in C:\MyCompany\MyCompany\MyCompany.ApiGateway\Routing\DownstreamProxy.cs:line 61
   at Program.<>c.<<<Main>$>b__0_2>d.MoveNext() in C:\MyCompany\MyCompany\MyCompany.ApiGateway\Program.cs:line 90
--- End of stack trace from previous location ---
   at Microsoft.AspNetCore.Authorization.AuthorizationMiddleware.Invoke(HttpContext context)
   at Microsoft.AspNetCore.Authentication.AuthenticationMiddleware.Invoke(HttpContext context)
   at MyCompany.ApiGateway.Middlewares.CorrelationIdMiddleware.InvokeAsync(HttpContext context) in C:\MyCompany\MyCompany\MyCompany.ApiGateway\Middlewares\CorrelationIdMiddleware.cs:line 22
   at MyCompany.Common.Logging.Serilog.RequestLoggingMiddleware.Invoke(HttpContext context) in C:\MyCompany\MyCompany\BuildingBlocks\Common.Logging\Serilog\RequestLoggingMiddleware.cs:line 40
   at MyCompany.ApiGateway.Middlewares.ExceptionHandlingMiddleware.InvokeAsync(HttpContext context) in C:\MyCompany\MyCompany\MyCompany.ApiGateway\Middlewares\ExceptionHandlingMiddleware.cs:line 27
2026-01-14 12:48:13.498 +05:00 [ERR] HTTP POST /api/auth/login responded 500 in 782.8123 ms
System.ObjectDisposedException: Cannot access a closed Stream.
   at System.IO.MemoryStream.Write(Byte[] buffer, Int32 offset, Int32 count)
   at System.IO.MemoryStream.WriteAsync(ReadOnlyMemory`1 buffer, CancellationToken cancellationToken)
--- End of stack trace from previous location ---
   at System.IO.Pipelines.StreamPipeWriter.FlushAsyncInternal(Boolean writeToStream, ReadOnlyMemory`1 data, CancellationToken cancellationToken)
   at System.Runtime.CompilerServices.PoolingAsyncValueTaskMethodBuilder`1.StateMachineBox`1.System.Threading.Tasks.Sources.IValueTaskSource<TResult>.GetResult(Int16 token)
   at System.Threading.Tasks.ValueTask`1.GetTaskForValueTaskSource(IValueTaskSource`1 t)
--- End of stack trace from previous location ---
   at MyCompany.ApiGateway.Middlewares.ExceptionHandlingMiddleware.InvokeAsync(HttpContext context) in C:\MyCompany\MyCompany\MyCompany.ApiGateway\Middlewares\ExceptionHandlingMiddleware.cs:line 64
   at Serilog.AspNetCore.RequestLoggingMiddleware.Invoke(HttpContext httpContext)
2026-01-14 12:48:13.529 +05:00 [ERR] An unhandled exception has occurred while executing the request.
System.ObjectDisposedException: Cannot access a closed Stream.
   at System.IO.MemoryStream.Write(Byte[] buffer, Int32 offset, Int32 count)
   at System.IO.MemoryStream.WriteAsync(ReadOnlyMemory`1 buffer, CancellationToken cancellationToken)
--- End of stack trace from previous location ---
   at System.IO.Pipelines.StreamPipeWriter.FlushAsyncInternal(Boolean writeToStream, ReadOnlyMemory`1 data, CancellationToken cancellationToken)
   at System.Runtime.CompilerServices.PoolingAsyncValueTaskMethodBuilder`1.StateMachineBox`1.System.Threading.Tasks.Sources.IValueTaskSource<TResult>.GetResult(Int16 token)
   at System.Threading.Tasks.ValueTask`1.GetTaskForValueTaskSource(IValueTaskSource`1 t)
--- End of stack trace from previous location ---
   at MyCompany.ApiGateway.Middlewares.ExceptionHandlingMiddleware.InvokeAsync(HttpContext context) in C:\MyCompany\MyCompany\MyCompany.ApiGateway\Middlewares\ExceptionHandlingMiddleware.cs:line 64
   at Serilog.AspNetCore.RequestLoggingMiddleware.Invoke(HttpContext httpContext)
   at Microsoft.AspNetCore.Diagnostics.DeveloperExceptionPageMiddlewareImpl.Invoke(HttpContext context)
2026-01-14 12:48:13.548 +05:00 [ERR] An exception was thrown attempting to display the error page.
System.ObjectDisposedException: Cannot access a closed Stream.
   at System.IO.MemoryStream.Write(Byte[] buffer, Int32 offset, Int32 count)
   at System.IO.MemoryStream.WriteAsync(ReadOnlyMemory`1 buffer, CancellationToken cancellationToken)
--- End of stack trace from previous location ---
   at System.IO.Pipelines.StreamPipeWriter.FlushAsyncInternal(Boolean writeToStream, ReadOnlyMemory`1 data, CancellationToken cancellationToken)
   at System.Runtime.CompilerServices.PoolingAsyncValueTaskMethodBuilder`1.StateMachineBox`1.System.Threading.Tasks.Sources.IValueTaskSource<TResult>.GetResult(Int16 token)
   at System.Threading.Tasks.ValueTask`1.GetTaskForValueTaskSource(IValueTaskSource`1 t)
--- End of stack trace from previous location ---
   at Microsoft.AspNetCore.Diagnostics.DeveloperExceptionPageMiddlewareImpl.DisplayExceptionContent(ErrorContext errorContext)
   at Microsoft.AspNetCore.Diagnostics.DeveloperExceptionPageMiddlewareImpl.Invoke(HttpContext context)
2026-01-14 12:48:13.570 +05:00 [ERR] Connection id "0HNIJ847V3AEP", Request id "0HNIJ847V3AEP:00000002": An unhandled exception was thrown by the application.
System.ObjectDisposedException: Cannot access a closed Stream.
   at System.IO.MemoryStream.Write(Byte[] buffer, Int32 offset, Int32 count)
   at System.IO.MemoryStream.WriteAsync(ReadOnlyMemory`1 buffer, CancellationToken cancellationToken)
--- End of stack trace from previous location ---
   at System.IO.Pipelines.StreamPipeWriter.FlushAsyncInternal(Boolean writeToStream, ReadOnlyMemory`1 data, CancellationToken cancellationToken)
   at System.Runtime.CompilerServices.PoolingAsyncValueTaskMethodBuilder`1.StateMachineBox`1.System.Threading.Tasks.Sources.IValueTaskSource<TResult>.GetResult(Int16 token)
   at System.Threading.Tasks.ValueTask`1.GetTaskForValueTaskSource(IValueTaskSource`1 t)
--- End of stack trace from previous location ---
   at MyCompany.ApiGateway.Middlewares.ExceptionHandlingMiddleware.InvokeAsync(HttpContext context) in C:\MyCompany\MyCompany\MyCompany.ApiGateway\Middlewares\ExceptionHandlingMiddleware.cs:line 64
   at Serilog.AspNetCore.RequestLoggingMiddleware.Invoke(HttpContext httpContext)
   at Microsoft.AspNetCore.Diagnostics.DeveloperExceptionPageMiddlewareImpl.Invoke(HttpContext context)
   at Microsoft.AspNetCore.Diagnostics.DeveloperExceptionPageMiddlewareImpl.Invoke(HttpContext context)
   at Microsoft.WebTools.BrowserLink.Net.BrowserLinkMiddleware.InvokeAsync(HttpContext context)
   at Microsoft.AspNetCore.Watch.BrowserRefresh.BrowserRefreshMiddleware.InvokeAsync(HttpContext context)
   at Microsoft.AspNetCore.Server.Kestrel.Core.Internal.Http.HttpProtocol.ProcessRequests[TContext](IHttpApplication`1 application)
2026-01-14 12:48:25.558 +05:00 [INF] Forwarding request POST /api/auth/login to http://localhost:5253/api/auth/login
2026-01-14 12:48:25.992 +05:00 [ERR] Unhandled exception occurred while processing request
System.Net.Http.HttpRequestException: Unable to write content to request stream; content would exceed Content-Length.
   at Microsoft.AspNetCore.WebUtilities.FileBufferingReadStream.<>c__DisplayClass46_0.<<CopyToAsync>g__CopyToAsyncImpl|0>d.MoveNext()
--- End of stack trace from previous location ---
   at System.Net.Http.HttpContent.<CopyToAsync>g__WaitAsync|56_0(ValueTask copyTask)
   at System.Net.Http.HttpConnection.SendRequestContentAsync(HttpRequestMessage request, HttpContentWriteStream stream, Boolean async, CancellationToken cancellationToken)
   at System.Net.Http.HttpConnection.SendAsync(HttpRequestMessage request, Boolean async, CancellationToken cancellationToken)
   at System.Net.Http.HttpConnection.SendAsync(HttpRequestMessage request, Boolean async, CancellationToken cancellationToken)
   at System.Net.Http.HttpConnectionPool.SendWithVersionDetectionAndRetryAsync(HttpRequestMessage request, Boolean async, Boolean doRequestAuth, CancellationToken cancellationToken)
   at System.Net.Http.DiagnosticsHandler.SendAsyncCore(HttpRequestMessage request, Boolean async, CancellationToken cancellationToken)
   at System.Net.Http.RedirectHandler.SendAsync(HttpRequestMessage request, Boolean async, CancellationToken cancellationToken)
   at Microsoft.Extensions.Http.Logging.LoggingHttpMessageHandler.<SendCoreAsync>g__Core|5_0(HttpRequestMessage request, Boolean useAsync, CancellationToken cancellationToken)
   at Microsoft.Extensions.Http.Logging.LoggingScopeHttpMessageHandler.<SendCoreAsync>g__Core|5_0(HttpRequestMessage request, Boolean useAsync, CancellationToken cancellationToken)
   at System.Net.Http.HttpClient.<SendAsync>g__Core|83_0(HttpRequestMessage request, HttpCompletionOption completionOption, CancellationTokenSource cts, Boolean disposeCts, CancellationTokenSource pendingRequestsCts, CancellationToken originalCancellationToken)
   at MyCompany.ApiGateway.Routing.DownstreamProxy.ProxyAsync(HttpContext context, String targetUrl) in C:\MyCompany\MyCompany\MyCompany.ApiGateway\Routing\DownstreamProxy.cs:line 61
   at Program.<>c.<<<Main>$>b__0_2>d.MoveNext() in C:\MyCompany\MyCompany\MyCompany.ApiGateway\Program.cs:line 90
--- End of stack trace from previous location ---
   at Microsoft.AspNetCore.Authorization.AuthorizationMiddleware.Invoke(HttpContext context)
   at Microsoft.AspNetCore.Authentication.AuthenticationMiddleware.Invoke(HttpContext context)
   at MyCompany.ApiGateway.Middlewares.CorrelationIdMiddleware.InvokeAsync(HttpContext context) in C:\MyCompany\MyCompany\MyCompany.ApiGateway\Middlewares\CorrelationIdMiddleware.cs:line 22
   at MyCompany.Common.Logging.Serilog.RequestLoggingMiddleware.Invoke(HttpContext context) in C:\MyCompany\MyCompany\BuildingBlocks\Common.Logging\Serilog\RequestLoggingMiddleware.cs:line 40
   at MyCompany.ApiGateway.Middlewares.ExceptionHandlingMiddleware.InvokeAsync(HttpContext context) in C:\MyCompany\MyCompany\MyCompany.ApiGateway\Middlewares\ExceptionHandlingMiddleware.cs:line 27
2026-01-14 12:48:26.159 +05:00 [ERR] HTTP POST /api/auth/login responded 500 in 601.3331 ms
System.ObjectDisposedException: Cannot access a closed Stream.
   at System.IO.MemoryStream.Write(Byte[] buffer, Int32 offset, Int32 count)
   at System.IO.MemoryStream.WriteAsync(ReadOnlyMemory`1 buffer, CancellationToken cancellationToken)
--- End of stack trace from previous location ---
   at System.IO.Pipelines.StreamPipeWriter.FlushAsyncInternal(Boolean writeToStream, ReadOnlyMemory`1 data, CancellationToken cancellationToken)
   at System.Runtime.CompilerServices.PoolingAsyncValueTaskMethodBuilder`1.StateMachineBox`1.System.Threading.Tasks.Sources.IValueTaskSource<TResult>.GetResult(Int16 token)
   at System.Threading.Tasks.ValueTask`1.GetTaskForValueTaskSource(IValueTaskSource`1 t)
--- End of stack trace from previous location ---
   at MyCompany.ApiGateway.Middlewares.ExceptionHandlingMiddleware.InvokeAsync(HttpContext context) in C:\MyCompany\MyCompany\MyCompany.ApiGateway\Middlewares\ExceptionHandlingMiddleware.cs:line 64
   at Serilog.AspNetCore.RequestLoggingMiddleware.Invoke(HttpContext httpContext)
2026-01-14 12:48:26.202 +05:00 [ERR] An unhandled exception has occurred while executing the request.
System.ObjectDisposedException: Cannot access a closed Stream.
   at System.IO.MemoryStream.Write(Byte[] buffer, Int32 offset, Int32 count)
   at System.IO.MemoryStream.WriteAsync(ReadOnlyMemory`1 buffer, CancellationToken cancellationToken)
--- End of stack trace from previous location ---
   at System.IO.Pipelines.StreamPipeWriter.FlushAsyncInternal(Boolean writeToStream, ReadOnlyMemory`1 data, CancellationToken cancellationToken)
   at System.Runtime.CompilerServices.PoolingAsyncValueTaskMethodBuilder`1.StateMachineBox`1.System.Threading.Tasks.Sources.IValueTaskSource<TResult>.GetResult(Int16 token)
   at System.Threading.Tasks.ValueTask`1.GetTaskForValueTaskSource(IValueTaskSource`1 t)
--- End of stack trace from previous location ---
   at MyCompany.ApiGateway.Middlewares.ExceptionHandlingMiddleware.InvokeAsync(HttpContext context) in C:\MyCompany\MyCompany\MyCompany.ApiGateway\Middlewares\ExceptionHandlingMiddleware.cs:line 64
   at Serilog.AspNetCore.RequestLoggingMiddleware.Invoke(HttpContext httpContext)
   at Microsoft.AspNetCore.Diagnostics.DeveloperExceptionPageMiddlewareImpl.Invoke(HttpContext context)
2026-01-14 12:48:26.252 +05:00 [ERR] An exception was thrown attempting to display the error page.
System.ObjectDisposedException: Cannot access a closed Stream.
   at System.IO.MemoryStream.Write(Byte[] buffer, Int32 offset, Int32 count)
   at System.IO.MemoryStream.WriteAsync(ReadOnlyMemory`1 buffer, CancellationToken cancellationToken)
--- End of stack trace from previous location ---
   at System.IO.Pipelines.StreamPipeWriter.FlushAsyncInternal(Boolean writeToStream, ReadOnlyMemory`1 data, CancellationToken cancellationToken)
   at System.Runtime.CompilerServices.PoolingAsyncValueTaskMethodBuilder`1.StateMachineBox`1.System.Threading.Tasks.Sources.IValueTaskSource<TResult>.GetResult(Int16 token)
   at System.Threading.Tasks.ValueTask`1.GetTaskForValueTaskSource(IValueTaskSource`1 t)
--- End of stack trace from previous location ---
   at Microsoft.AspNetCore.Diagnostics.DeveloperExceptionPageMiddlewareImpl.DisplayExceptionContent(ErrorContext errorContext)
   at Microsoft.AspNetCore.Diagnostics.DeveloperExceptionPageMiddlewareImpl.Invoke(HttpContext context)
2026-01-14 12:48:26.280 +05:00 [ERR] Connection id "0HNIJ847V3AEQ", Request id "0HNIJ847V3AEQ:00000002": An unhandled exception was thrown by the application.
System.ObjectDisposedException: Cannot access a closed Stream.
   at System.IO.MemoryStream.Write(Byte[] buffer, Int32 offset, Int32 count)
   at System.IO.MemoryStream.WriteAsync(ReadOnlyMemory`1 buffer, CancellationToken cancellationToken)
--- End of stack trace from previous location ---
   at System.IO.Pipelines.StreamPipeWriter.FlushAsyncInternal(Boolean writeToStream, ReadOnlyMemory`1 data, CancellationToken cancellationToken)
   at System.Runtime.CompilerServices.PoolingAsyncValueTaskMethodBuilder`1.StateMachineBox`1.System.Threading.Tasks.Sources.IValueTaskSource<TResult>.GetResult(Int16 token)
   at System.Threading.Tasks.ValueTask`1.GetTaskForValueTaskSource(IValueTaskSource`1 t)
--- End of stack trace from previous location ---
   at MyCompany.ApiGateway.Middlewares.ExceptionHandlingMiddleware.InvokeAsync(HttpContext context) in C:\MyCompany\MyCompany\MyCompany.ApiGateway\Middlewares\ExceptionHandlingMiddleware.cs:line 64
   at Serilog.AspNetCore.RequestLoggingMiddleware.Invoke(HttpContext httpContext)
   at Microsoft.AspNetCore.Diagnostics.DeveloperExceptionPageMiddlewareImpl.Invoke(HttpContext context)
   at Microsoft.AspNetCore.Diagnostics.DeveloperExceptionPageMiddlewareImpl.Invoke(HttpContext context)
   at Microsoft.WebTools.BrowserLink.Net.BrowserLinkMiddleware.InvokeAsync(HttpContext context)
   at Microsoft.AspNetCore.Watch.BrowserRefresh.BrowserRefreshMiddleware.InvokeAsync(HttpContext context)
   at Microsoft.AspNetCore.Server.Kestrel.Core.Internal.Http.HttpProtocol.ProcessRequests[TContext](IHttpApplication`1 application)
2026-01-14 12:51:18.336 +05:00 [INF]  API Gateway started successfully
2026-01-14 12:51:22.357 +05:00 [INF] HTTP GET /swagger/index.html responded 404 in 601.3454 ms | User: Anonymous (N/A) | IP: ::1 | RequestBody:  | ResponseBody: 
2026-01-14 12:51:22.543 +05:00 [INF] HTTP GET /swagger/index.html responded 404 in 816.2720 ms
2026-01-14 12:51:46.601 +05:00 [INF] Forwarding request POST /api/auth/login to https://localhost:7222/api/auth/login
2026-01-14 12:51:47.705 +05:00 [ERR] Unhandled exception occurred while processing request
System.Net.Http.HttpRequestException: Unable to write content to request stream; content would exceed Content-Length.
   at Microsoft.AspNetCore.WebUtilities.FileBufferingReadStream.<>c__DisplayClass46_0.<<CopyToAsync>g__CopyToAsyncImpl|0>d.MoveNext()
--- End of stack trace from previous location ---
   at System.Net.Http.HttpContent.<CopyToAsync>g__WaitAsync|56_0(ValueTask copyTask)
   at System.Net.Http.HttpConnection.SendRequestContentAsync(HttpRequestMessage request, HttpContentWriteStream stream, Boolean async, CancellationToken cancellationToken)
   at System.Net.Http.HttpConnection.SendAsync(HttpRequestMessage request, Boolean async, CancellationToken cancellationToken)
   at System.Net.Http.HttpConnection.SendAsync(HttpRequestMessage request, Boolean async, CancellationToken cancellationToken)
   at System.Net.Http.HttpConnectionPool.SendWithVersionDetectionAndRetryAsync(HttpRequestMessage request, Boolean async, Boolean doRequestAuth, CancellationToken cancellationToken)
   at System.Net.Http.DiagnosticsHandler.SendAsyncCore(HttpRequestMessage request, Boolean async, CancellationToken cancellationToken)
   at System.Net.Http.RedirectHandler.SendAsync(HttpRequestMessage request, Boolean async, CancellationToken cancellationToken)
   at Microsoft.Extensions.Http.Logging.LoggingHttpMessageHandler.<SendCoreAsync>g__Core|5_0(HttpRequestMessage request, Boolean useAsync, CancellationToken cancellationToken)
   at Microsoft.Extensions.Http.Logging.LoggingScopeHttpMessageHandler.<SendCoreAsync>g__Core|5_0(HttpRequestMessage request, Boolean useAsync, CancellationToken cancellationToken)
   at System.Net.Http.HttpClient.<SendAsync>g__Core|83_0(HttpRequestMessage request, HttpCompletionOption completionOption, CancellationTokenSource cts, Boolean disposeCts, CancellationTokenSource pendingRequestsCts, CancellationToken originalCancellationToken)
   at MyCompany.ApiGateway.Routing.DownstreamProxy.ProxyAsync(HttpContext context, String targetUrl) in C:\MyCompany\MyCompany\MyCompany.ApiGateway\Routing\DownstreamProxy.cs:line 61
   at Program.<>c.<<<Main>$>b__0_2>d.MoveNext() in C:\MyCompany\MyCompany\MyCompany.ApiGateway\Program.cs:line 90
--- End of stack trace from previous location ---
   at Microsoft.AspNetCore.Authorization.AuthorizationMiddleware.Invoke(HttpContext context)
   at Microsoft.AspNetCore.Authentication.AuthenticationMiddleware.Invoke(HttpContext context)
   at MyCompany.ApiGateway.Middlewares.CorrelationIdMiddleware.InvokeAsync(HttpContext context) in C:\MyCompany\MyCompany\MyCompany.ApiGateway\Middlewares\CorrelationIdMiddleware.cs:line 22
   at MyCompany.Common.Logging.Serilog.RequestLoggingMiddleware.Invoke(HttpContext context) in C:\MyCompany\MyCompany\BuildingBlocks\Common.Logging\Serilog\RequestLoggingMiddleware.cs:line 40
   at MyCompany.ApiGateway.Middlewares.ExceptionHandlingMiddleware.InvokeAsync(HttpContext context) in C:\MyCompany\MyCompany\MyCompany.ApiGateway\Middlewares\ExceptionHandlingMiddleware.cs:line 27
2026-01-14 12:51:48.065 +05:00 [ERR] HTTP POST /api/auth/login responded 500 in 1561.5648 ms
System.ObjectDisposedException: Cannot access a closed Stream.
   at System.IO.MemoryStream.Write(Byte[] buffer, Int32 offset, Int32 count)
   at System.IO.MemoryStream.WriteAsync(ReadOnlyMemory`1 buffer, CancellationToken cancellationToken)
--- End of stack trace from previous location ---
   at System.IO.Pipelines.StreamPipeWriter.FlushAsyncInternal(Boolean writeToStream, ReadOnlyMemory`1 data, CancellationToken cancellationToken)
   at System.Runtime.CompilerServices.PoolingAsyncValueTaskMethodBuilder`1.StateMachineBox`1.System.Threading.Tasks.Sources.IValueTaskSource<TResult>.GetResult(Int16 token)
   at System.Threading.Tasks.ValueTask`1.GetTaskForValueTaskSource(IValueTaskSource`1 t)
--- End of stack trace from previous location ---
   at MyCompany.ApiGateway.Middlewares.ExceptionHandlingMiddleware.InvokeAsync(HttpContext context) in C:\MyCompany\MyCompany\MyCompany.ApiGateway\Middlewares\ExceptionHandlingMiddleware.cs:line 69
   at Serilog.AspNetCore.RequestLoggingMiddleware.Invoke(HttpContext httpContext)
2026-01-14 12:51:48.139 +05:00 [ERR] An unhandled exception has occurred while executing the request.
System.ObjectDisposedException: Cannot access a closed Stream.
   at System.IO.MemoryStream.Write(Byte[] buffer, Int32 offset, Int32 count)
   at System.IO.MemoryStream.WriteAsync(ReadOnlyMemory`1 buffer, CancellationToken cancellationToken)
--- End of stack trace from previous location ---
   at System.IO.Pipelines.StreamPipeWriter.FlushAsyncInternal(Boolean writeToStream, ReadOnlyMemory`1 data, CancellationToken cancellationToken)
   at System.Runtime.CompilerServices.PoolingAsyncValueTaskMethodBuilder`1.StateMachineBox`1.System.Threading.Tasks.Sources.IValueTaskSource<TResult>.GetResult(Int16 token)
   at System.Threading.Tasks.ValueTask`1.GetTaskForValueTaskSource(IValueTaskSource`1 t)
--- End of stack trace from previous location ---
   at MyCompany.ApiGateway.Middlewares.ExceptionHandlingMiddleware.InvokeAsync(HttpContext context) in C:\MyCompany\MyCompany\MyCompany.ApiGateway\Middlewares\ExceptionHandlingMiddleware.cs:line 69
   at Serilog.AspNetCore.RequestLoggingMiddleware.Invoke(HttpContext httpContext)
   at Microsoft.AspNetCore.Diagnostics.DeveloperExceptionPageMiddlewareImpl.Invoke(HttpContext context)
2026-01-14 12:51:48.211 +05:00 [ERR] An exception was thrown attempting to display the error page.
System.ObjectDisposedException: Cannot access a closed Stream.
   at System.IO.MemoryStream.Write(Byte[] buffer, Int32 offset, Int32 count)
   at System.IO.MemoryStream.WriteAsync(ReadOnlyMemory`1 buffer, CancellationToken cancellationToken)
--- End of stack trace from previous location ---
   at System.IO.Pipelines.StreamPipeWriter.FlushAsyncInternal(Boolean writeToStream, ReadOnlyMemory`1 data, CancellationToken cancellationToken)
   at System.Runtime.CompilerServices.PoolingAsyncValueTaskMethodBuilder`1.StateMachineBox`1.System.Threading.Tasks.Sources.IValueTaskSource<TResult>.GetResult(Int16 token)
   at System.Threading.Tasks.ValueTask`1.GetTaskForValueTaskSource(IValueTaskSource`1 t)
--- End of stack trace from previous location ---
   at Microsoft.AspNetCore.Diagnostics.DeveloperExceptionPageMiddlewareImpl.DisplayExceptionContent(ErrorContext errorContext)
   at Microsoft.AspNetCore.Diagnostics.DeveloperExceptionPageMiddlewareImpl.Invoke(HttpContext context)
2026-01-14 12:51:48.269 +05:00 [ERR] Connection id "0HNIJ86Q52JDM", Request id "0HNIJ86Q52JDM:00000002": An unhandled exception was thrown by the application.
System.ObjectDisposedException: Cannot access a closed Stream.
   at System.IO.MemoryStream.Write(Byte[] buffer, Int32 offset, Int32 count)
   at System.IO.MemoryStream.WriteAsync(ReadOnlyMemory`1 buffer, CancellationToken cancellationToken)
--- End of stack trace from previous location ---
   at System.IO.Pipelines.StreamPipeWriter.FlushAsyncInternal(Boolean writeToStream, ReadOnlyMemory`1 data, CancellationToken cancellationToken)
   at System.Runtime.CompilerServices.PoolingAsyncValueTaskMethodBuilder`1.StateMachineBox`1.System.Threading.Tasks.Sources.IValueTaskSource<TResult>.GetResult(Int16 token)
   at System.Threading.Tasks.ValueTask`1.GetTaskForValueTaskSource(IValueTaskSource`1 t)
--- End of stack trace from previous location ---
   at MyCompany.ApiGateway.Middlewares.ExceptionHandlingMiddleware.InvokeAsync(HttpContext context) in C:\MyCompany\MyCompany\MyCompany.ApiGateway\Middlewares\ExceptionHandlingMiddleware.cs:line 69
   at Serilog.AspNetCore.RequestLoggingMiddleware.Invoke(HttpContext httpContext)
   at Microsoft.AspNetCore.Diagnostics.DeveloperExceptionPageMiddlewareImpl.Invoke(HttpContext context)
   at Microsoft.AspNetCore.Diagnostics.DeveloperExceptionPageMiddlewareImpl.Invoke(HttpContext context)
   at Microsoft.WebTools.BrowserLink.Net.BrowserLinkMiddleware.InvokeAsync(HttpContext context)
   at Microsoft.AspNetCore.Watch.BrowserRefresh.BrowserRefreshMiddleware.InvokeAsync(HttpContext context)
   at Microsoft.AspNetCore.Server.Kestrel.Core.Internal.Http.HttpProtocol.ProcessRequests[TContext](IHttpApplication`1 application)
2026-01-14 12:51:56.052 +05:00 [INF] Forwarding request POST /api/auth/login to https://localhost:7222/api/auth/login
2026-01-14 12:51:56.468 +05:00 [ERR] Unhandled exception occurred while processing request
System.Net.Http.HttpRequestException: Unable to write content to request stream; content would exceed Content-Length.
   at Microsoft.AspNetCore.WebUtilities.FileBufferingReadStream.<>c__DisplayClass46_0.<<CopyToAsync>g__CopyToAsyncImpl|0>d.MoveNext()
--- End of stack trace from previous location ---
   at System.Net.Http.HttpContent.<CopyToAsync>g__WaitAsync|56_0(ValueTask copyTask)
   at System.Net.Http.HttpConnection.SendRequestContentAsync(HttpRequestMessage request, HttpContentWriteStream stream, Boolean async, CancellationToken cancellationToken)
   at System.Net.Http.HttpConnection.SendAsync(HttpRequestMessage request, Boolean async, CancellationToken cancellationToken)
   at System.Net.Http.HttpConnection.SendAsync(HttpRequestMessage request, Boolean async, CancellationToken cancellationToken)
   at System.Net.Http.HttpConnectionPool.SendWithVersionDetectionAndRetryAsync(HttpRequestMessage request, Boolean async, Boolean doRequestAuth, CancellationToken cancellationToken)
   at System.Net.Http.DiagnosticsHandler.SendAsyncCore(HttpRequestMessage request, Boolean async, CancellationToken cancellationToken)
   at System.Net.Http.RedirectHandler.SendAsync(HttpRequestMessage request, Boolean async, CancellationToken cancellationToken)
   at Microsoft.Extensions.Http.Logging.LoggingHttpMessageHandler.<SendCoreAsync>g__Core|5_0(HttpRequestMessage request, Boolean useAsync, CancellationToken cancellationToken)
   at Microsoft.Extensions.Http.Logging.LoggingScopeHttpMessageHandler.<SendCoreAsync>g__Core|5_0(HttpRequestMessage request, Boolean useAsync, CancellationToken cancellationToken)
   at System.Net.Http.HttpClient.<SendAsync>g__Core|83_0(HttpRequestMessage request, HttpCompletionOption completionOption, CancellationTokenSource cts, Boolean disposeCts, CancellationTokenSource pendingRequestsCts, CancellationToken originalCancellationToken)
   at MyCompany.ApiGateway.Routing.DownstreamProxy.ProxyAsync(HttpContext context, String targetUrl) in C:\MyCompany\MyCompany\MyCompany.ApiGateway\Routing\DownstreamProxy.cs:line 61
   at Program.<>c.<<<Main>$>b__0_2>d.MoveNext() in C:\MyCompany\MyCompany\MyCompany.ApiGateway\Program.cs:line 90
--- End of stack trace from previous location ---
   at Microsoft.AspNetCore.Authorization.AuthorizationMiddleware.Invoke(HttpContext context)
   at Microsoft.AspNetCore.Authentication.AuthenticationMiddleware.Invoke(HttpContext context)
   at MyCompany.ApiGateway.Middlewares.CorrelationIdMiddleware.InvokeAsync(HttpContext context) in C:\MyCompany\MyCompany\MyCompany.ApiGateway\Middlewares\CorrelationIdMiddleware.cs:line 22
   at MyCompany.Common.Logging.Serilog.RequestLoggingMiddleware.Invoke(HttpContext context) in C:\MyCompany\MyCompany\BuildingBlocks\Common.Logging\Serilog\RequestLoggingMiddleware.cs:line 40
   at MyCompany.ApiGateway.Middlewares.ExceptionHandlingMiddleware.InvokeAsync(HttpContext context) in C:\MyCompany\MyCompany\MyCompany.ApiGateway\Middlewares\ExceptionHandlingMiddleware.cs:line 27
2026-01-14 12:51:56.700 +05:00 [ERR] HTTP POST /api/auth/login responded 500 in 653.4432 ms
System.ObjectDisposedException: Cannot access a closed Stream.
   at System.IO.MemoryStream.Write(Byte[] buffer, Int32 offset, Int32 count)
   at System.IO.MemoryStream.WriteAsync(ReadOnlyMemory`1 buffer, CancellationToken cancellationToken)
--- End of stack trace from previous location ---
   at System.IO.Pipelines.StreamPipeWriter.FlushAsyncInternal(Boolean writeToStream, ReadOnlyMemory`1 data, CancellationToken cancellationToken)
   at System.Runtime.CompilerServices.PoolingAsyncValueTaskMethodBuilder`1.StateMachineBox`1.System.Threading.Tasks.Sources.IValueTaskSource<TResult>.GetResult(Int16 token)
   at System.Threading.Tasks.ValueTask`1.GetTaskForValueTaskSource(IValueTaskSource`1 t)
--- End of stack trace from previous location ---
   at MyCompany.ApiGateway.Middlewares.ExceptionHandlingMiddleware.InvokeAsync(HttpContext context) in C:\MyCompany\MyCompany\MyCompany.ApiGateway\Middlewares\ExceptionHandlingMiddleware.cs:line 69
   at Serilog.AspNetCore.RequestLoggingMiddleware.Invoke(HttpContext httpContext)
2026-01-14 12:51:56.737 +05:00 [ERR] An unhandled exception has occurred while executing the request.
System.ObjectDisposedException: Cannot access a closed Stream.
   at System.IO.MemoryStream.Write(Byte[] buffer, Int32 offset, Int32 count)
   at System.IO.MemoryStream.WriteAsync(ReadOnlyMemory`1 buffer, CancellationToken cancellationToken)
--- End of stack trace from previous location ---
   at System.IO.Pipelines.StreamPipeWriter.FlushAsyncInternal(Boolean writeToStream, ReadOnlyMemory`1 data, CancellationToken cancellationToken)
   at System.Runtime.CompilerServices.PoolingAsyncValueTaskMethodBuilder`1.StateMachineBox`1.System.Threading.Tasks.Sources.IValueTaskSource<TResult>.GetResult(Int16 token)
   at System.Threading.Tasks.ValueTask`1.GetTaskForValueTaskSource(IValueTaskSource`1 t)
--- End of stack trace from previous location ---
   at MyCompany.ApiGateway.Middlewares.ExceptionHandlingMiddleware.InvokeAsync(HttpContext context) in C:\MyCompany\MyCompany\MyCompany.ApiGateway\Middlewares\ExceptionHandlingMiddleware.cs:line 69
   at Serilog.AspNetCore.RequestLoggingMiddleware.Invoke(HttpContext httpContext)
   at Microsoft.AspNetCore.Diagnostics.DeveloperExceptionPageMiddlewareImpl.Invoke(HttpContext context)
2026-01-14 12:51:56.780 +05:00 [ERR] An exception was thrown attempting to display the error page.
System.ObjectDisposedException: Cannot access a closed Stream.
   at System.IO.MemoryStream.Write(Byte[] buffer, Int32 offset, Int32 count)
   at System.IO.MemoryStream.WriteAsync(ReadOnlyMemory`1 buffer, CancellationToken cancellationToken)
--- End of stack trace from previous location ---
   at System.IO.Pipelines.StreamPipeWriter.FlushAsyncInternal(Boolean writeToStream, ReadOnlyMemory`1 data, CancellationToken cancellationToken)
   at System.Runtime.CompilerServices.PoolingAsyncValueTaskMethodBuilder`1.StateMachineBox`1.System.Threading.Tasks.Sources.IValueTaskSource<TResult>.GetResult(Int16 token)
   at System.Threading.Tasks.ValueTask`1.GetTaskForValueTaskSource(IValueTaskSource`1 t)
--- End of stack trace from previous location ---
   at Microsoft.AspNetCore.Diagnostics.DeveloperExceptionPageMiddlewareImpl.DisplayExceptionContent(ErrorContext errorContext)
   at Microsoft.AspNetCore.Diagnostics.DeveloperExceptionPageMiddlewareImpl.Invoke(HttpContext context)
2026-01-14 12:51:56.811 +05:00 [ERR] Connection id "0HNIJ86Q52JDM", Request id "0HNIJ86Q52JDM:00000004": An unhandled exception was thrown by the application.
System.ObjectDisposedException: Cannot access a closed Stream.
   at System.IO.MemoryStream.Write(Byte[] buffer, Int32 offset, Int32 count)
   at System.IO.MemoryStream.WriteAsync(ReadOnlyMemory`1 buffer, CancellationToken cancellationToken)
--- End of stack trace from previous location ---
   at System.IO.Pipelines.StreamPipeWriter.FlushAsyncInternal(Boolean writeToStream, ReadOnlyMemory`1 data, CancellationToken cancellationToken)
   at System.Runtime.CompilerServices.PoolingAsyncValueTaskMethodBuilder`1.StateMachineBox`1.System.Threading.Tasks.Sources.IValueTaskSource<TResult>.GetResult(Int16 token)
   at System.Threading.Tasks.ValueTask`1.GetTaskForValueTaskSource(IValueTaskSource`1 t)
--- End of stack trace from previous location ---
   at MyCompany.ApiGateway.Middlewares.ExceptionHandlingMiddleware.InvokeAsync(HttpContext context) in C:\MyCompany\MyCompany\MyCompany.ApiGateway\Middlewares\ExceptionHandlingMiddleware.cs:line 69
   at Serilog.AspNetCore.RequestLoggingMiddleware.Invoke(HttpContext httpContext)
   at Microsoft.AspNetCore.Diagnostics.DeveloperExceptionPageMiddlewareImpl.Invoke(HttpContext context)
   at Microsoft.AspNetCore.Diagnostics.DeveloperExceptionPageMiddlewareImpl.Invoke(HttpContext context)
   at Microsoft.WebTools.BrowserLink.Net.BrowserLinkMiddleware.InvokeAsync(HttpContext context)
   at Microsoft.AspNetCore.Watch.BrowserRefresh.BrowserRefreshMiddleware.InvokeAsync(HttpContext context)
   at Microsoft.AspNetCore.Server.Kestrel.Core.Internal.Http.HttpProtocol.ProcessRequests[TContext](IHttpApplication`1 application)
2026-01-14 12:54:51.687 +05:00 [INF] HTTP GET /swagger/index.html responded 404 in 444.5717 ms | User: Anonymous (N/A) | IP: ::1 | RequestBody:  | ResponseBody: 
2026-01-14 12:54:52.172 +05:00 [INF] HTTP GET /swagger/index.html responded 404 in 939.6574 ms
2026-01-14 12:55:31.840 +05:00 [INF] Forwarding request POST /api/auth/login to https://localhost:7222/api/auth/login
2026-01-14 12:55:40.611 +05:00 [INF] Received response 200 from https://localhost:7222/api/auth/login
2026-01-14 12:55:40.635 +05:00 [INF] HTTP POST /api/auth/login responded 200 in 8905.8307 ms | User: Anonymous (N/A) | IP: ::1 | RequestBody: {"email":"haseeb@gmail.com","password":"haseeb123"} | ResponseBody: {"accessToken":"eyJhbGciOiJIUzI1NiIsInR5cCI6IkpXVCJ9.eyJzdWIiOiIxMyIsImVtYWlsIjoiaGFzZWViQGdtYWlsLmNvbSIsInVuaXF1ZV9uYW1lIjoiaGFzZWViIiwiZXhwIjoxNzY4Mzg0NTM5LCJpc3MiOiJNeUNvbXBhbnkiLCJhdWQiOiJNeUNvbXBhbnlVc2VycyJ9.YMRnINXw1TYvJKQnwhLuDLuzmywC_q4wrZiPqfGbKeo","refreshToken":"726f29cf-28da-4354-9e55-5546cf59c24a"}
2026-01-14 12:55:40.659 +05:00 [INF] HTTP POST /api/auth/login responded 200 in 8932.1098 ms
2026-01-14 12:56:00.632 +05:00 [WRN] JWT authentication failed
Microsoft.IdentityModel.Tokens.SecurityTokenMalformedException: IDX14100: JWT is not well formed, there are no dots (.).
The token needs to be in JWS or JWE Compact Serialization Format. (JWS): 'EncodedHeader.EndcodedPayload.EncodedSignature'. (JWE): 'EncodedProtectedHeader.EncodedEncryptedKey.EncodedInitializationVector.EncodedCiphertext.EncodedAuthenticationTag'.
 ---> Microsoft.IdentityModel.Tokens.SecurityTokenMalformedException: IDX14100: JWT is not well formed, there are no dots (.).
The token needs to be in JWS or JWE Compact Serialization Format. (JWS): 'EncodedHeader.EndcodedPayload.EncodedSignature'. (JWE): 'EncodedProtectedHeader.EncodedEncryptedKey.EncodedInitializationVector.EncodedCiphertext.EncodedAuthenticationTag'.
   at Microsoft.IdentityModel.JsonWebTokens.JsonWebToken.ReadToken(String encodedJson)
   at Microsoft.IdentityModel.JsonWebTokens.JsonWebToken..ctor(String jwtEncodedString)
   at Microsoft.IdentityModel.JsonWebTokens.JsonWebTokenHandler.ReadToken(String token, TokenValidationParameters validationParameters)
   --- End of inner exception stack trace ---
2026-01-14 12:56:00.724 +05:00 [INF] Forwarding request POST /api/auth/register to https://localhost:7222/api/auth/register
2026-01-14 12:56:02.054 +05:00 [INF] Received response 500 from https://localhost:7222/api/auth/register
2026-01-14 12:56:02.071 +05:00 [INF] HTTP POST /api/auth/register responded 500 in 1544.7127 ms | User: Anonymous (N/A) | IP: ::1 | RequestBody: {"username":"awais","email":"awais@gmail.com","password":"awais123"} | ResponseBody: 
2026-01-14 12:56:02.106 +05:00 [ERR] HTTP POST /api/auth/register responded 500 in 1579.7598 ms
2026-01-14 12:56:18.656 +05:00 [WRN] JWT authentication failed
Microsoft.IdentityModel.Tokens.SecurityTokenMalformedException: IDX14100: JWT is not well formed, there are no dots (.).
The token needs to be in JWS or JWE Compact Serialization Format. (JWS): 'EncodedHeader.EndcodedPayload.EncodedSignature'. (JWE): 'EncodedProtectedHeader.EncodedEncryptedKey.EncodedInitializationVector.EncodedCiphertext.EncodedAuthenticationTag'.
 ---> Microsoft.IdentityModel.Tokens.SecurityTokenMalformedException: IDX14100: JWT is not well formed, there are no dots (.).
The token needs to be in JWS or JWE Compact Serialization Format. (JWS): 'EncodedHeader.EndcodedPayload.EncodedSignature'. (JWE): 'EncodedProtectedHeader.EncodedEncryptedKey.EncodedInitializationVector.EncodedCiphertext.EncodedAuthenticationTag'.
   at Microsoft.IdentityModel.JsonWebTokens.JsonWebToken.ReadToken(String encodedJson)
   at Microsoft.IdentityModel.JsonWebTokens.JsonWebToken..ctor(String jwtEncodedString)
   at Microsoft.IdentityModel.JsonWebTokens.JsonWebTokenHandler.ReadToken(String token, TokenValidationParameters validationParameters)
   --- End of inner exception stack trace ---
2026-01-14 12:56:18.687 +05:00 [INF] Forwarding request POST /api/auth/register to https://localhost:7222/api/auth/register
2026-01-14 12:56:19.251 +05:00 [INF] Received response 500 from https://localhost:7222/api/auth/register
2026-01-14 12:56:19.267 +05:00 [INF] HTTP POST /api/auth/register responded 500 in 611.1495 ms | User: Anonymous (N/A) | IP: ::1 | RequestBody: {"username":"awais","email":"awais@gmail.com","password":"awais123"} | ResponseBody: 
2026-01-14 12:56:19.306 +05:00 [ERR] HTTP POST /api/auth/register responded 500 in 651.0284 ms
2026-01-14 12:56:50.851 +05:00 [WRN] JWT authentication failed
Microsoft.IdentityModel.Tokens.SecurityTokenMalformedException: IDX14100: JWT is not well formed, there are no dots (.).
The token needs to be in JWS or JWE Compact Serialization Format. (JWS): 'EncodedHeader.EndcodedPayload.EncodedSignature'. (JWE): 'EncodedProtectedHeader.EncodedEncryptedKey.EncodedInitializationVector.EncodedCiphertext.EncodedAuthenticationTag'.
 ---> Microsoft.IdentityModel.Tokens.SecurityTokenMalformedException: IDX14100: JWT is not well formed, there are no dots (.).
The token needs to be in JWS or JWE Compact Serialization Format. (JWS): 'EncodedHeader.EndcodedPayload.EncodedSignature'. (JWE): 'EncodedProtectedHeader.EncodedEncryptedKey.EncodedInitializationVector.EncodedCiphertext.EncodedAuthenticationTag'.
   at Microsoft.IdentityModel.JsonWebTokens.JsonWebToken.ReadToken(String encodedJson)
   at Microsoft.IdentityModel.JsonWebTokens.JsonWebToken..ctor(String jwtEncodedString)
   at Microsoft.IdentityModel.JsonWebTokens.JsonWebTokenHandler.ReadToken(String token, TokenValidationParameters validationParameters)
   --- End of inner exception stack trace ---
2026-01-14 12:56:50.860 +05:00 [INF] Forwarding request POST /api/auth/register to https://localhost:7222/api/auth/register
2026-01-14 12:56:51.314 +05:00 [INF] Received response 500 from https://localhost:7222/api/auth/register
2026-01-14 12:56:51.324 +05:00 [INF] HTTP POST /api/auth/register responded 500 in 473.9512 ms | User: Anonymous (N/A) | IP: ::1 | RequestBody: {"username":"awais","email":"awais@gmail.com","password":"awais123"} | ResponseBody: 
2026-01-14 12:56:51.349 +05:00 [ERR] HTTP POST /api/auth/register responded 500 in 498.3226 ms
2026-01-14 12:59:06.179 +05:00 [INF] HTTP GET /swagger/index.html responded 404 in 289.4967 ms | User: Anonymous (N/A) | IP: ::1 | RequestBody:  | ResponseBody: 
2026-01-14 12:59:06.364 +05:00 [INF] HTTP GET /swagger/index.html responded 404 in 482.2244 ms
2026-01-14 12:59:56.408 +05:00 [INF] Forwarding request POST /api/auth/login to https://localhost:7222/api/auth/login
2026-01-14 13:00:04.297 +05:00 [INF] Received response 200 from https://localhost:7222/api/auth/login
2026-01-14 13:00:04.321 +05:00 [INF] HTTP POST /api/auth/login responded 200 in 7985.1843 ms | User: Anonymous (N/A) | IP: ::1 | RequestBody: {"email":"haseeb@gmail.com","password":"haseeb123"} | ResponseBody: {"accessToken":"eyJhbGciOiJIUzI1NiIsInR5cCI6IkpXVCJ9.eyJzdWIiOiIxMyIsImVtYWlsIjoiaGFzZWViQGdtYWlsLmNvbSIsInVuaXF1ZV9uYW1lIjoiaGFzZWViIiwiZXhwIjoxNzY4Mzg0ODAzLCJpc3MiOiJNeUNvbXBhbnkiLCJhdWQiOiJNeUNvbXBhbnlVc2VycyJ9.AypKVKIWeUNr8PGCxvpYqn2ig9DY0Q1VnqF9oKiBGrM","refreshToken":"6db0ed46-6cfa-42d8-a3d9-3f0900ce9c92"}
2026-01-14 13:00:04.344 +05:00 [INF] HTTP POST /api/auth/login responded 200 in 8008.5978 ms
2026-01-14 13:00:26.430 +05:00 [WRN] JWT authentication failed
Microsoft.IdentityModel.Tokens.SecurityTokenMalformedException: IDX14100: JWT is not well formed, there are no dots (.).
The token needs to be in JWS or JWE Compact Serialization Format. (JWS): 'EncodedHeader.EndcodedPayload.EncodedSignature'. (JWE): 'EncodedProtectedHeader.EncodedEncryptedKey.EncodedInitializationVector.EncodedCiphertext.EncodedAuthenticationTag'.
 ---> Microsoft.IdentityModel.Tokens.SecurityTokenMalformedException: IDX14100: JWT is not well formed, there are no dots (.).
The token needs to be in JWS or JWE Compact Serialization Format. (JWS): 'EncodedHeader.EndcodedPayload.EncodedSignature'. (JWE): 'EncodedProtectedHeader.EncodedEncryptedKey.EncodedInitializationVector.EncodedCiphertext.EncodedAuthenticationTag'.
   at Microsoft.IdentityModel.JsonWebTokens.JsonWebToken.ReadToken(String encodedJson)
   at Microsoft.IdentityModel.JsonWebTokens.JsonWebToken..ctor(String jwtEncodedString)
   at Microsoft.IdentityModel.JsonWebTokens.JsonWebTokenHandler.ReadToken(String token, TokenValidationParameters validationParameters)
   --- End of inner exception stack trace ---
2026-01-14 13:00:26.479 +05:00 [INF] Forwarding request POST /api/auth/register to https://localhost:7222/api/auth/register
2026-01-14 13:00:27.320 +05:00 [INF] Received response 500 from https://localhost:7222/api/auth/register
2026-01-14 13:00:27.323 +05:00 [INF] HTTP POST /api/auth/register responded 500 in 946.9996 ms | User: Anonymous (N/A) | IP: ::1 | RequestBody: {"userName":"awais","email":"awais@gmail.com","password":"awais123"} | ResponseBody: 
2026-01-14 13:00:27.329 +05:00 [ERR] HTTP POST /api/auth/register responded 500 in 952.8465 ms
2026-01-14 13:00:33.345 +05:00 [WRN] JWT authentication failed
Microsoft.IdentityModel.Tokens.SecurityTokenMalformedException: IDX14100: JWT is not well formed, there are no dots (.).
The token needs to be in JWS or JWE Compact Serialization Format. (JWS): 'EncodedHeader.EndcodedPayload.EncodedSignature'. (JWE): 'EncodedProtectedHeader.EncodedEncryptedKey.EncodedInitializationVector.EncodedCiphertext.EncodedAuthenticationTag'.
 ---> Microsoft.IdentityModel.Tokens.SecurityTokenMalformedException: IDX14100: JWT is not well formed, there are no dots (.).
The token needs to be in JWS or JWE Compact Serialization Format. (JWS): 'EncodedHeader.EndcodedPayload.EncodedSignature'. (JWE): 'EncodedProtectedHeader.EncodedEncryptedKey.EncodedInitializationVector.EncodedCiphertext.EncodedAuthenticationTag'.
   at Microsoft.IdentityModel.JsonWebTokens.JsonWebToken.ReadToken(String encodedJson)
   at Microsoft.IdentityModel.JsonWebTokens.JsonWebToken..ctor(String jwtEncodedString)
   at Microsoft.IdentityModel.JsonWebTokens.JsonWebTokenHandler.ReadToken(String token, TokenValidationParameters validationParameters)
   --- End of inner exception stack trace ---
2026-01-14 13:00:33.356 +05:00 [INF] Forwarding request POST /api/auth/register to https://localhost:7222/api/auth/register
2026-01-14 13:00:33.677 +05:00 [INF] Received response 500 from https://localhost:7222/api/auth/register
2026-01-14 13:00:33.681 +05:00 [INF] HTTP POST /api/auth/register responded 500 in 336.4215 ms | User: Anonymous (N/A) | IP: ::1 | RequestBody: {"userName":"awais","email":"awais@gmail.com","password":"awais123"} | ResponseBody: 
2026-01-14 13:00:33.692 +05:00 [ERR] HTTP POST /api/auth/register responded 500 in 347.0850 ms
2026-01-14 13:00:38.267 +05:00 [WRN] JWT authentication failed
Microsoft.IdentityModel.Tokens.SecurityTokenMalformedException: IDX14100: JWT is not well formed, there are no dots (.).
The token needs to be in JWS or JWE Compact Serialization Format. (JWS): 'EncodedHeader.EndcodedPayload.EncodedSignature'. (JWE): 'EncodedProtectedHeader.EncodedEncryptedKey.EncodedInitializationVector.EncodedCiphertext.EncodedAuthenticationTag'.
 ---> Microsoft.IdentityModel.Tokens.SecurityTokenMalformedException: IDX14100: JWT is not well formed, there are no dots (.).
The token needs to be in JWS or JWE Compact Serialization Format. (JWS): 'EncodedHeader.EndcodedPayload.EncodedSignature'. (JWE): 'EncodedProtectedHeader.EncodedEncryptedKey.EncodedInitializationVector.EncodedCiphertext.EncodedAuthenticationTag'.
   at Microsoft.IdentityModel.JsonWebTokens.JsonWebToken.ReadToken(String encodedJson)
   at Microsoft.IdentityModel.JsonWebTokens.JsonWebToken..ctor(String jwtEncodedString)
   at Microsoft.IdentityModel.JsonWebTokens.JsonWebTokenHandler.ReadToken(String token, TokenValidationParameters validationParameters)
   --- End of inner exception stack trace ---
2026-01-14 13:00:38.276 +05:00 [INF] Forwarding request POST /api/auth/register to https://localhost:7222/api/auth/register
2026-01-14 13:00:38.511 +05:00 [INF] Received response 500 from https://localhost:7222/api/auth/register
2026-01-14 13:00:38.518 +05:00 [INF] HTTP POST /api/auth/register responded 500 in 251.9934 ms | User: Anonymous (N/A) | IP: ::1 | RequestBody: {"userName":"awais","email":"awais@gmail.com","password":"awais123"} | ResponseBody: 
2026-01-14 13:00:38.525 +05:00 [ERR] HTTP POST /api/auth/register responded 500 in 259.4967 ms
2026-01-14 13:00:55.154 +05:00 [WRN] JWT authentication failed
Microsoft.IdentityModel.Tokens.SecurityTokenMalformedException: IDX14100: JWT is not well formed, there are no dots (.).
The token needs to be in JWS or JWE Compact Serialization Format. (JWS): 'EncodedHeader.EndcodedPayload.EncodedSignature'. (JWE): 'EncodedProtectedHeader.EncodedEncryptedKey.EncodedInitializationVector.EncodedCiphertext.EncodedAuthenticationTag'.
 ---> Microsoft.IdentityModel.Tokens.SecurityTokenMalformedException: IDX14100: JWT is not well formed, there are no dots (.).
The token needs to be in JWS or JWE Compact Serialization Format. (JWS): 'EncodedHeader.EndcodedPayload.EncodedSignature'. (JWE): 'EncodedProtectedHeader.EncodedEncryptedKey.EncodedInitializationVector.EncodedCiphertext.EncodedAuthenticationTag'.
   at Microsoft.IdentityModel.JsonWebTokens.JsonWebToken.ReadToken(String encodedJson)
   at Microsoft.IdentityModel.JsonWebTokens.JsonWebToken..ctor(String jwtEncodedString)
   at Microsoft.IdentityModel.JsonWebTokens.JsonWebTokenHandler.ReadToken(String token, TokenValidationParameters validationParameters)
   --- End of inner exception stack trace ---
2026-01-14 13:00:55.159 +05:00 [INF] Forwarding request POST /api/auth/register to https://localhost:7222/api/auth/register
2026-01-14 13:00:55.482 +05:00 [INF] Received response 500 from https://localhost:7222/api/auth/register
2026-01-14 13:00:55.488 +05:00 [INF] HTTP POST /api/auth/register responded 500 in 334.7839 ms | User: Anonymous (N/A) | IP: ::1 | RequestBody: {"userName":"awais","email":"awais@gmail.com","password":"awais123"} | ResponseBody: 
2026-01-14 13:00:55.503 +05:00 [ERR] HTTP POST /api/auth/register responded 500 in 349.2964 ms
2026-01-14 13:05:41.178 +05:00 [INF] HTTP GET /swagger/index.html responded 404 in 695.4615 ms | User: Anonymous (N/A) | IP: ::1 | RequestBody:  | ResponseBody: 
2026-01-14 13:05:42.290 +05:00 [INF] HTTP GET /swagger/index.html responded 404 in 1820.6544 ms
2026-01-14 13:06:07.101 +05:00 [INF] Forwarding request POST /api/auth/login to https://localhost:7222/api/auth/login
2026-01-14 13:06:14.895 +05:00 [INF] Received response 200 from https://localhost:7222/api/auth/login
2026-01-14 13:06:14.912 +05:00 [INF] HTTP POST /api/auth/login responded 200 in 7937.3244 ms | User: Anonymous (N/A) | IP: ::1 | RequestBody: {"email":"haseeb@gmail.com","password":"haseeb123"} | ResponseBody: {"accessToken":"eyJhbGciOiJIUzI1NiIsInR5cCI6IkpXVCJ9.eyJzdWIiOiIxMyIsImVtYWlsIjoiaGFzZWViQGdtYWlsLmNvbSIsInVuaXF1ZV9uYW1lIjoiaGFzZWViIiwiZXhwIjoxNzY4Mzg1MTczLCJpc3MiOiJNeUNvbXBhbnkiLCJhdWQiOiJNeUNvbXBhbnlVc2VycyJ9.4qJfNYtiIbk7pQVJyJQBaDAdVoClhLBNqmu5MyzCJO8","refreshToken":"3344f161-0d49-42ce-a33f-e9abbb4aa4cd"}
2026-01-14 13:06:14.928 +05:00 [INF] HTTP POST /api/auth/login responded 200 in 7953.6607 ms
2026-01-14 13:07:00.020 +05:00 [WRN] JWT authentication failed
Microsoft.IdentityModel.Tokens.SecurityTokenMalformedException: IDX14100: JWT is not well formed, there are no dots (.).
The token needs to be in JWS or JWE Compact Serialization Format. (JWS): 'EncodedHeader.EndcodedPayload.EncodedSignature'. (JWE): 'EncodedProtectedHeader.EncodedEncryptedKey.EncodedInitializationVector.EncodedCiphertext.EncodedAuthenticationTag'.
 ---> Microsoft.IdentityModel.Tokens.SecurityTokenMalformedException: IDX14100: JWT is not well formed, there are no dots (.).
The token needs to be in JWS or JWE Compact Serialization Format. (JWS): 'EncodedHeader.EndcodedPayload.EncodedSignature'. (JWE): 'EncodedProtectedHeader.EncodedEncryptedKey.EncodedInitializationVector.EncodedCiphertext.EncodedAuthenticationTag'.
   at Microsoft.IdentityModel.JsonWebTokens.JsonWebToken.ReadToken(String encodedJson)
   at Microsoft.IdentityModel.JsonWebTokens.JsonWebToken..ctor(String jwtEncodedString)
   at Microsoft.IdentityModel.JsonWebTokens.JsonWebTokenHandler.ReadToken(String token, TokenValidationParameters validationParameters)
   --- End of inner exception stack trace ---
2026-01-14 13:07:00.079 +05:00 [INF] Forwarding request POST /api/auth/register to https://localhost:7222/api/auth/register
2026-01-14 13:07:00.875 +05:00 [INF] Received response 500 from https://localhost:7222/api/auth/register
2026-01-14 13:07:00.886 +05:00 [INF] HTTP POST /api/auth/register responded 500 in 932.4213 ms | User: Anonymous (N/A) | IP: ::1 | RequestBody: {"userName":"awais","email":"awais@gmail.com","password":"awais123"} | ResponseBody: 
2026-01-14 13:07:00.897 +05:00 [ERR] HTTP POST /api/auth/register responded 500 in 943.3504 ms
2026-01-14 13:07:28.300 +05:00 [INF] Forwarding request GET /api/auth/register to https://localhost:7222/api/auth/register
2026-01-14 13:07:28.356 +05:00 [INF] Received response 405 from https://localhost:7222/api/auth/register
2026-01-14 13:07:28.360 +05:00 [INF] HTTP GET /api/auth/register responded 405 in 64.9277 ms | User: Anonymous (N/A) | IP: ::1 | RequestBody:  | ResponseBody: 
2026-01-14 13:07:28.366 +05:00 [INF] HTTP GET /api/auth/register responded 405 in 71.3142 ms
2026-01-14 13:07:33.926 +05:00 [INF] Forwarding request GET /api/auth/register to https://localhost:7222/api/auth/register
2026-01-14 13:07:33.953 +05:00 [INF] Received response 405 from https://localhost:7222/api/auth/register
2026-01-14 13:07:33.955 +05:00 [INF] HTTP GET /api/auth/register responded 405 in 29.4425 ms | User: Anonymous (N/A) | IP: ::1 | RequestBody:  | ResponseBody: 
2026-01-14 13:07:33.964 +05:00 [INF] HTTP GET /api/auth/register responded 405 in 37.9985 ms
2026-01-14 13:09:07.148 +05:00 [INF] HTTP GET /swagger/index.html responded 404 in 579.8410 ms | User: Anonymous (N/A) | IP: ::1 | RequestBody:  | ResponseBody: 
2026-01-14 13:09:07.649 +05:00 [INF] HTTP GET /swagger/index.html responded 404 in 1085.2008 ms
2026-01-14 13:09:37.761 +05:00 [INF] Forwarding request POST /api/auth/login to https://localhost:7222/api/auth/login
2026-01-14 13:09:45.488 +05:00 [INF] Received response 200 from https://localhost:7222/api/auth/login
2026-01-14 13:09:45.541 +05:00 [INF] HTTP POST /api/auth/login responded 200 in 8045.7525 ms | User: Anonymous (N/A) | IP: ::1 | RequestBody: {"email":"haseeb@gmail.com","password":"haseeb123"} | ResponseBody: {"accessToken":"eyJhbGciOiJIUzI1NiIsInR5cCI6IkpXVCJ9.eyJzdWIiOiIxMyIsImVtYWlsIjoiaGFzZWViQGdtYWlsLmNvbSIsInVuaXF1ZV9uYW1lIjoiaGFzZWViIiwiZXhwIjoxNzY4Mzg1Mzg0LCJpc3MiOiJNeUNvbXBhbnkiLCJhdWQiOiJNeUNvbXBhbnlVc2VycyJ9.ZTw3ePo8rD9YGbI0amnsOyeWP0Y6d4TJGJvZ9bgwmNA","refreshToken":"1f34b110-6786-44c3-adce-875c7201ca50"}
2026-01-14 13:09:45.567 +05:00 [INF] HTTP POST /api/auth/login responded 200 in 8072.8753 ms
2026-01-14 13:10:02.503 +05:00 [WRN] JWT authentication failed
Microsoft.IdentityModel.Tokens.SecurityTokenMalformedException: IDX14100: JWT is not well formed, there are no dots (.).
The token needs to be in JWS or JWE Compact Serialization Format. (JWS): 'EncodedHeader.EndcodedPayload.EncodedSignature'. (JWE): 'EncodedProtectedHeader.EncodedEncryptedKey.EncodedInitializationVector.EncodedCiphertext.EncodedAuthenticationTag'.
 ---> Microsoft.IdentityModel.Tokens.SecurityTokenMalformedException: IDX14100: JWT is not well formed, there are no dots (.).
The token needs to be in JWS or JWE Compact Serialization Format. (JWS): 'EncodedHeader.EndcodedPayload.EncodedSignature'. (JWE): 'EncodedProtectedHeader.EncodedEncryptedKey.EncodedInitializationVector.EncodedCiphertext.EncodedAuthenticationTag'.
   at Microsoft.IdentityModel.JsonWebTokens.JsonWebToken.ReadToken(String encodedJson)
   at Microsoft.IdentityModel.JsonWebTokens.JsonWebToken..ctor(String jwtEncodedString)
   at Microsoft.IdentityModel.JsonWebTokens.JsonWebTokenHandler.ReadToken(String token, TokenValidationParameters validationParameters)
   --- End of inner exception stack trace ---
2026-01-14 13:10:02.597 +05:00 [INF] Forwarding request POST /api/auth/register to https://localhost:7222/api/auth/register
2026-01-14 13:10:03.378 +05:00 [INF] Received response 500 from https://localhost:7222/api/auth/register
2026-01-14 13:10:03.385 +05:00 [INF] HTTP POST /api/auth/register responded 500 in 952.2439 ms | User: Anonymous (N/A) | IP: ::1 | RequestBody: {"userName":"awais","email":"awais@gmail.com","password":"awais123"} | ResponseBody: 
2026-01-14 13:10:03.396 +05:00 [ERR] HTTP POST /api/auth/register responded 500 in 963.2690 ms
2026-01-14 13:10:11.537 +05:00 [WRN] JWT authentication failed
Microsoft.IdentityModel.Tokens.SecurityTokenMalformedException: IDX14100: JWT is not well formed, there are no dots (.).
The token needs to be in JWS or JWE Compact Serialization Format. (JWS): 'EncodedHeader.EndcodedPayload.EncodedSignature'. (JWE): 'EncodedProtectedHeader.EncodedEncryptedKey.EncodedInitializationVector.EncodedCiphertext.EncodedAuthenticationTag'.
 ---> Microsoft.IdentityModel.Tokens.SecurityTokenMalformedException: IDX14100: JWT is not well formed, there are no dots (.).
The token needs to be in JWS or JWE Compact Serialization Format. (JWS): 'EncodedHeader.EndcodedPayload.EncodedSignature'. (JWE): 'EncodedProtectedHeader.EncodedEncryptedKey.EncodedInitializationVector.EncodedCiphertext.EncodedAuthenticationTag'.
   at Microsoft.IdentityModel.JsonWebTokens.JsonWebToken.ReadToken(String encodedJson)
   at Microsoft.IdentityModel.JsonWebTokens.JsonWebToken..ctor(String jwtEncodedString)
   at Microsoft.IdentityModel.JsonWebTokens.JsonWebTokenHandler.ReadToken(String token, TokenValidationParameters validationParameters)
   --- End of inner exception stack trace ---
2026-01-14 13:10:11.554 +05:00 [INF] Forwarding request POST /api/auth/register to https://localhost:7222/api/auth/register
2026-01-14 13:10:11.779 +05:00 [INF] Received response 500 from https://localhost:7222/api/auth/register
2026-01-14 13:10:11.782 +05:00 [INF] HTTP POST /api/auth/register responded 500 in 245.7446 ms | User: Anonymous (N/A) | IP: ::1 | RequestBody: {"userName":"awais","email":"awais@gmail.com","password":"awais123"} | ResponseBody: 
2026-01-14 13:10:11.788 +05:00 [ERR] HTTP POST /api/auth/register responded 500 in 252.1358 ms
2026-01-14 13:10:30.728 +05:00 [WRN] JWT authentication failed
Microsoft.IdentityModel.Tokens.SecurityTokenMalformedException: IDX14100: JWT is not well formed, there are no dots (.).
The token needs to be in JWS or JWE Compact Serialization Format. (JWS): 'EncodedHeader.EndcodedPayload.EncodedSignature'. (JWE): 'EncodedProtectedHeader.EncodedEncryptedKey.EncodedInitializationVector.EncodedCiphertext.EncodedAuthenticationTag'.
 ---> Microsoft.IdentityModel.Tokens.SecurityTokenMalformedException: IDX14100: JWT is not well formed, there are no dots (.).
The token needs to be in JWS or JWE Compact Serialization Format. (JWS): 'EncodedHeader.EndcodedPayload.EncodedSignature'. (JWE): 'EncodedProtectedHeader.EncodedEncryptedKey.EncodedInitializationVector.EncodedCiphertext.EncodedAuthenticationTag'.
   at Microsoft.IdentityModel.JsonWebTokens.JsonWebToken.ReadToken(String encodedJson)
   at Microsoft.IdentityModel.JsonWebTokens.JsonWebToken..ctor(String jwtEncodedString)
   at Microsoft.IdentityModel.JsonWebTokens.JsonWebTokenHandler.ReadToken(String token, TokenValidationParameters validationParameters)
   --- End of inner exception stack trace ---
2026-01-14 13:10:30.738 +05:00 [INF] Forwarding request POST /api/auth/register to https://localhost:7222/api/auth/register
2026-01-14 13:10:31.176 +05:00 [INF] Received response 200 from https://localhost:7222/api/auth/register
2026-01-14 13:10:31.180 +05:00 [INF] HTTP POST /api/auth/register responded 200 in 451.8937 ms | User: Anonymous (N/A) | IP: ::1 | RequestBody: {"userName":"ali","email":"ali@gmail.com","password":"ali123"} | ResponseBody: {"message":"User registered successfully"}
2026-01-14 13:10:31.185 +05:00 [INF] HTTP POST /api/auth/register responded 200 in 457.3306 ms
2026-01-14 13:10:57.615 +05:00 [WRN] JWT authentication failed
Microsoft.IdentityModel.Tokens.SecurityTokenMalformedException: IDX14100: JWT is not well formed, there are no dots (.).
The token needs to be in JWS or JWE Compact Serialization Format. (JWS): 'EncodedHeader.EndcodedPayload.EncodedSignature'. (JWE): 'EncodedProtectedHeader.EncodedEncryptedKey.EncodedInitializationVector.EncodedCiphertext.EncodedAuthenticationTag'.
 ---> Microsoft.IdentityModel.Tokens.SecurityTokenMalformedException: IDX14100: JWT is not well formed, there are no dots (.).
The token needs to be in JWS or JWE Compact Serialization Format. (JWS): 'EncodedHeader.EndcodedPayload.EncodedSignature'. (JWE): 'EncodedProtectedHeader.EncodedEncryptedKey.EncodedInitializationVector.EncodedCiphertext.EncodedAuthenticationTag'.
   at Microsoft.IdentityModel.JsonWebTokens.JsonWebToken.ReadToken(String encodedJson)
   at Microsoft.IdentityModel.JsonWebTokens.JsonWebToken..ctor(String jwtEncodedString)
   at Microsoft.IdentityModel.JsonWebTokens.JsonWebTokenHandler.ReadToken(String token, TokenValidationParameters validationParameters)
   --- End of inner exception stack trace ---
2026-01-14 13:10:57.630 +05:00 [INF] Forwarding request POST /api/auth/login to https://localhost:7222/api/auth/login
2026-01-14 13:10:57.900 +05:00 [INF] Received response 200 from https://localhost:7222/api/auth/login
2026-01-14 13:10:57.906 +05:00 [INF] HTTP POST /api/auth/login responded 200 in 291.5192 ms | User: Anonymous (N/A) | IP: ::1 | RequestBody: {"email":"ali@gmail.com","password":"ali123"} | ResponseBody: {"accessToken":"eyJhbGciOiJIUzI1NiIsInR5cCI6IkpXVCJ9.eyJzdWIiOiIxNCIsImVtYWlsIjoiYWxpQGdtYWlsLmNvbSIsInVuaXF1ZV9uYW1lIjoiYWxpIiwiZXhwIjoxNzY4Mzg1NDU3LCJpc3MiOiJNeUNvbXBhbnkiLCJhdWQiOiJNeUNvbXBhbnlVc2VycyJ9.HXqlRxWWZxO0f7Um0JsbFrR0LEXlLBLD2NoqWDBA_xQ","refreshToken":"d945c0f3-3b76-4209-9780-0caa57531337"}
2026-01-14 13:10:57.913 +05:00 [INF] HTTP POST /api/auth/login responded 200 in 298.7293 ms
2026-01-14 13:11:34.142 +05:00 [WRN] JWT authentication failed
Microsoft.IdentityModel.Tokens.SecurityTokenMalformedException: IDX14100: JWT is not well formed, there are no dots (.).
The token needs to be in JWS or JWE Compact Serialization Format. (JWS): 'EncodedHeader.EndcodedPayload.EncodedSignature'. (JWE): 'EncodedProtectedHeader.EncodedEncryptedKey.EncodedInitializationVector.EncodedCiphertext.EncodedAuthenticationTag'.
 ---> Microsoft.IdentityModel.Tokens.SecurityTokenMalformedException: IDX14100: JWT is not well formed, there are no dots (.).
The token needs to be in JWS or JWE Compact Serialization Format. (JWS): 'EncodedHeader.EndcodedPayload.EncodedSignature'. (JWE): 'EncodedProtectedHeader.EncodedEncryptedKey.EncodedInitializationVector.EncodedCiphertext.EncodedAuthenticationTag'.
   at Microsoft.IdentityModel.JsonWebTokens.JsonWebToken.ReadToken(String encodedJson)
   at Microsoft.IdentityModel.JsonWebTokens.JsonWebToken..ctor(String jwtEncodedString)
   at Microsoft.IdentityModel.JsonWebTokens.JsonWebTokenHandler.ReadToken(String token, TokenValidationParameters validationParameters)
   --- End of inner exception stack trace ---
2026-01-14 13:11:34.159 +05:00 [INF] Forwarding request POST /api/auth/login to https://localhost:7222/api/auth/login
2026-01-14 13:11:34.514 +05:00 [INF] Received response 200 from https://localhost:7222/api/auth/login
2026-01-14 13:11:34.522 +05:00 [INF] HTTP POST /api/auth/login responded 200 in 380.4286 ms | User: Anonymous (N/A) | IP: ::1 | RequestBody: {"email":"ali@gmail.com","password":"ali123"} | ResponseBody: {"accessToken":"eyJhbGciOiJIUzI1NiIsInR5cCI6IkpXVCJ9.eyJzdWIiOiIxNCIsImVtYWlsIjoiYWxpQGdtYWlsLmNvbSIsInVuaXF1ZV9uYW1lIjoiYWxpIiwiZXhwIjoxNzY4Mzg1NDk0LCJpc3MiOiJNeUNvbXBhbnkiLCJhdWQiOiJNeUNvbXBhbnlVc2VycyJ9.0OlorzmIC14irK2izNqsEPnlkf5dF2jF-mvos62xuJw","refreshToken":"d2921ffa-3631-4b30-ace2-27262a0ee21e"}
2026-01-14 13:11:34.529 +05:00 [INF] HTTP POST /api/auth/login responded 200 in 387.9108 ms
2026-01-14 14:35:35.459 +05:00 [INF] HTTP GET /swagger/index.html responded 404 in 475.6614 ms | User: Anonymous (N/A) | IP: ::1 | RequestBody:  | ResponseBody: 
2026-01-14 14:35:35.800 +05:00 [INF] HTTP GET /swagger/index.html responded 404 in 820.4475 ms
2026-01-14 14:36:33.882 +05:00 [INF] Forwarding request POST /api/auth/login to https://localhost:7222/api/auth/login
2026-01-14 14:36:42.972 +05:00 [INF] Received response 200 from https://localhost:7222/api/auth/login
2026-01-14 14:36:43.010 +05:00 [INF] HTTP POST /api/auth/login responded 200 in 9282.3361 ms | User: Anonymous (N/A) | IP: ::1 | RequestBody: {"email":"haseeb@gmail.com","password":"haseeb123"} | ResponseBody: {"accessToken":"eyJhbGciOiJIUzI1NiIsInR5cCI6IkpXVCJ9.eyJzdWIiOiIxMyIsImVtYWlsIjoiaGFzZWViQGdtYWlsLmNvbSIsInVuaXF1ZV9uYW1lIjoiaGFzZWViIiwiZXhwIjoxNzY4MzkwNjAxLCJpc3MiOiJNeUNvbXBhbnkiLCJhdWQiOiJNeUNvbXBhbnlVc2VycyJ9.r7kFUwCJwcX9M3e_FsRgiF-joAK2wl-mTYE_pDntPkA","refreshToken":"39be6ba8-ea9b-486b-9601-b6642239e846"}
2026-01-14 14:36:43.053 +05:00 [INF] HTTP POST /api/auth/login responded 200 in 9327.4304 ms
2026-01-14 14:38:14.777 +05:00 [WRN] JWT authentication failed
Microsoft.IdentityModel.Tokens.SecurityTokenMalformedException: IDX14100: JWT is not well formed, there are no dots (.).
The token needs to be in JWS or JWE Compact Serialization Format. (JWS): 'EncodedHeader.EndcodedPayload.EncodedSignature'. (JWE): 'EncodedProtectedHeader.EncodedEncryptedKey.EncodedInitializationVector.EncodedCiphertext.EncodedAuthenticationTag'.
 ---> Microsoft.IdentityModel.Tokens.SecurityTokenMalformedException: IDX14100: JWT is not well formed, there are no dots (.).
The token needs to be in JWS or JWE Compact Serialization Format. (JWS): 'EncodedHeader.EndcodedPayload.EncodedSignature'. (JWE): 'EncodedProtectedHeader.EncodedEncryptedKey.EncodedInitializationVector.EncodedCiphertext.EncodedAuthenticationTag'.
   at Microsoft.IdentityModel.JsonWebTokens.JsonWebToken.ReadToken(String encodedJson)
   at Microsoft.IdentityModel.JsonWebTokens.JsonWebToken..ctor(String jwtEncodedString)
   at Microsoft.IdentityModel.JsonWebTokens.JsonWebTokenHandler.ReadToken(String token, TokenValidationParameters validationParameters)
   --- End of inner exception stack trace ---
2026-01-14 14:38:14.924 +05:00 [INF] Forwarding request POST /api/auth/register to https://localhost:7222/api/auth/register
2026-01-14 14:38:16.369 +05:00 [INF] Received response 200 from https://localhost:7222/api/auth/register
2026-01-14 14:38:16.383 +05:00 [INF] HTTP POST /api/auth/register responded 200 in 1763.8757 ms | User: Anonymous (N/A) | IP: ::1 | RequestBody: {"userName":"usman","email":"usman@gmail.com","password":"usman123"} | ResponseBody: {"message":"User registered successfully"}
2026-01-14 14:38:16.403 +05:00 [INF] HTTP POST /api/auth/register responded 200 in 1783.4937 ms
2026-01-14 14:38:36.613 +05:00 [WRN] JWT authentication failed
Microsoft.IdentityModel.Tokens.SecurityTokenMalformedException: IDX14100: JWT is not well formed, there are no dots (.).
The token needs to be in JWS or JWE Compact Serialization Format. (JWS): 'EncodedHeader.EndcodedPayload.EncodedSignature'. (JWE): 'EncodedProtectedHeader.EncodedEncryptedKey.EncodedInitializationVector.EncodedCiphertext.EncodedAuthenticationTag'.
 ---> Microsoft.IdentityModel.Tokens.SecurityTokenMalformedException: IDX14100: JWT is not well formed, there are no dots (.).
The token needs to be in JWS or JWE Compact Serialization Format. (JWS): 'EncodedHeader.EndcodedPayload.EncodedSignature'. (JWE): 'EncodedProtectedHeader.EncodedEncryptedKey.EncodedInitializationVector.EncodedCiphertext.EncodedAuthenticationTag'.
   at Microsoft.IdentityModel.JsonWebTokens.JsonWebToken.ReadToken(String encodedJson)
   at Microsoft.IdentityModel.JsonWebTokens.JsonWebToken..ctor(String jwtEncodedString)
   at Microsoft.IdentityModel.JsonWebTokens.JsonWebTokenHandler.ReadToken(String token, TokenValidationParameters validationParameters)
   --- End of inner exception stack trace ---
2026-01-14 14:38:36.638 +05:00 [INF] Forwarding request POST /api/auth/login to https://localhost:7222/api/auth/login
2026-01-14 14:38:37.254 +05:00 [INF] Received response 200 from https://localhost:7222/api/auth/login
2026-01-14 14:38:37.261 +05:00 [INF] HTTP POST /api/auth/login responded 200 in 648.9989 ms | User: Anonymous (N/A) | IP: ::1 | RequestBody: {"email":"usman@gmail.com","password":"usman123"} | ResponseBody: {"accessToken":"eyJhbGciOiJIUzI1NiIsInR5cCI6IkpXVCJ9.eyJzdWIiOiIxNSIsImVtYWlsIjoidXNtYW5AZ21haWwuY29tIiwidW5pcXVlX25hbWUiOiJ1c21hbiIsImV4cCI6MTc2ODM5MDcxNywiaXNzIjoiTXlDb21wYW55IiwiYXVkIjoiTXlDb21wYW55VXNlcnMifQ.T8EGGnZKld3f0OVripskdAlKzHuwOJrSSKQPVk6Jvg0","refreshToken":"3da0ee0d-6b5c-48ae-8aff-1209c5dc75e6"}
2026-01-14 14:38:37.277 +05:00 [INF] HTTP POST /api/auth/login responded 200 in 664.4583 ms
2026-01-14 14:45:38.744 +05:00 [INF] HTTP GET /swagger/index.html responded 404 in 490.0395 ms | User: Anonymous (N/A) | IP: ::1 | RequestBody:  | ResponseBody: 
2026-01-14 14:45:39.085 +05:00 [INF] HTTP GET /swagger/index.html responded 404 in 846.8230 ms
2026-01-14 14:46:32.151 +05:00 [INF] Forwarding request POST /api/auth/login to https://localhost:7222/api/auth/login
2026-01-14 14:46:39.234 +05:00 [INF] Received response 200 from https://localhost:7222/api/auth/login
2026-01-14 14:46:39.259 +05:00 [INF] HTTP POST /api/auth/login responded 200 in 7336.4795 ms | User: Anonymous (N/A) | IP: ::1 | RequestBody: {"email":"haseeb@gmail.com","password":"haseeb123"} | ResponseBody: {"accessToken":"eyJhbGciOiJIUzI1NiIsInR5cCI6IkpXVCJ9.eyJzdWIiOiIxMyIsImVtYWlsIjoiaGFzZWViQGdtYWlsLmNvbSIsInVuaXF1ZV9uYW1lIjoiaGFzZWViIiwiZXhwIjoxNzY4MzkxMTk4LCJpc3MiOiJNeUNvbXBhbnkiLCJhdWQiOiJNeUNvbXBhbnlVc2VycyJ9.kDDBlCEaLgO6DW4s3P1MpbSlc2OQQGML-DUhLmRSsV8","refreshToken":"1a1c642b-e23e-4ae0-8336-a1210e776994"}
2026-01-14 14:46:39.308 +05:00 [INF] HTTP POST /api/auth/login responded 200 in 7385.6236 ms
2026-01-14 14:46:47.433 +05:00 [WRN] JWT authentication failed
Microsoft.IdentityModel.Tokens.SecurityTokenMalformedException: IDX14100: JWT is not well formed, there are no dots (.).
The token needs to be in JWS or JWE Compact Serialization Format. (JWS): 'EncodedHeader.EndcodedPayload.EncodedSignature'. (JWE): 'EncodedProtectedHeader.EncodedEncryptedKey.EncodedInitializationVector.EncodedCiphertext.EncodedAuthenticationTag'.
 ---> Microsoft.IdentityModel.Tokens.SecurityTokenMalformedException: IDX14100: JWT is not well formed, there are no dots (.).
The token needs to be in JWS or JWE Compact Serialization Format. (JWS): 'EncodedHeader.EndcodedPayload.EncodedSignature'. (JWE): 'EncodedProtectedHeader.EncodedEncryptedKey.EncodedInitializationVector.EncodedCiphertext.EncodedAuthenticationTag'.
   at Microsoft.IdentityModel.JsonWebTokens.JsonWebToken.ReadToken(String encodedJson)
   at Microsoft.IdentityModel.JsonWebTokens.JsonWebToken..ctor(String jwtEncodedString)
   at Microsoft.IdentityModel.JsonWebTokens.JsonWebTokenHandler.ReadToken(String token, TokenValidationParameters validationParameters)
   --- End of inner exception stack trace ---
2026-01-14 14:46:47.512 +05:00 [INF] Forwarding request POST /api/auth/login to https://localhost:7222/api/auth/login
2026-01-14 14:46:48.184 +05:00 [INF] Received response 200 from https://localhost:7222/api/auth/login
2026-01-14 14:46:48.190 +05:00 [INF] HTTP POST /api/auth/login responded 200 in 837.4993 ms | User: Anonymous (N/A) | IP: ::1 | RequestBody: {"email":"haseeb@gmail.com","password":"haseeb123"} | ResponseBody: {"accessToken":"eyJhbGciOiJIUzI1NiIsInR5cCI6IkpXVCJ9.eyJzdWIiOiIxMyIsImVtYWlsIjoiaGFzZWViQGdtYWlsLmNvbSIsInVuaXF1ZV9uYW1lIjoiaGFzZWViIiwiZXhwIjoxNzY4MzkxMjA4LCJpc3MiOiJNeUNvbXBhbnkiLCJhdWQiOiJNeUNvbXBhbnlVc2VycyJ9.MAxq5rG-0pl8M0Ep7igUPxVzDwIRJAkqLXfueR7grLI","refreshToken":"2ae99342-861d-48e5-a217-52010d10fc91"}
2026-01-14 14:46:48.202 +05:00 [INF] HTTP POST /api/auth/login responded 200 in 850.0650 ms
2026-01-14 14:49:25.342 +05:00 [INF] Forwarding request POST /api/auth/login to https://localhost:7222/api/auth/login
2026-01-14 14:49:26.716 +05:00 [INF] Received response 200 from https://localhost:7222/api/auth/login
2026-01-14 14:49:26.741 +05:00 [INF] HTTP POST /api/auth/login responded 200 in 1443.2795 ms | User: Anonymous (N/A) | IP: ::1 | RequestBody: {"email":"haseeb@gmail.com","password":"haseeb123"} | ResponseBody: {"accessToken":"eyJhbGciOiJIUzI1NiIsInR5cCI6IkpXVCJ9.eyJzdWIiOiIxMyIsImVtYWlsIjoiaGFzZWViQGdtYWlsLmNvbSIsInVuaXF1ZV9uYW1lIjoiaGFzZWViIiwiZXhwIjoxNzY4MzkxMzY2LCJpc3MiOiJNeUNvbXBhbnkiLCJhdWQiOiJNeUNvbXBhbnlVc2VycyJ9.Tluf5L5gF6pTW4Cye32bWNKHiDe3d1XomtyY3bVSBSY","refreshToken":"712b9820-512e-4dd4-a7f6-4856501e618d"}
2026-01-14 14:49:26.778 +05:00 [INF] HTTP POST /api/auth/login responded 200 in 1485.1475 ms
2026-01-14 14:54:09.150 +05:00 [INF] Forwarding request POST /api/auth/login to https://localhost:7222/api/auth/login
2026-01-14 14:54:10.548 +05:00 [INF] Received response 200 from https://localhost:7222/api/auth/login
2026-01-14 14:54:10.564 +05:00 [INF] HTTP POST /api/auth/login responded 200 in 1442.3267 ms | User: Anonymous (N/A) | IP: ::1 | RequestBody: {"email":"haseeb@gmail.com","password":"haseeb123"} | ResponseBody: {"accessToken":"eyJhbGciOiJIUzI1NiIsInR5cCI6IkpXVCJ9.eyJzdWIiOiIxMyIsImVtYWlsIjoiaGFzZWViQGdtYWlsLmNvbSIsInVuaXF1ZV9uYW1lIjoiaGFzZWViIiwiZXhwIjoxNzY4MzkxNjUwLCJpc3MiOiJNeUNvbXBhbnkiLCJhdWQiOiJNeUNvbXBhbnlVc2VycyJ9.jZZVOxKLu_lFQ0mPdVULWaUhu3sEMEUC1nYK4GSRIj8","refreshToken":"0e3d857a-fada-4a58-a209-760f95d81f0a"}
2026-01-14 14:54:10.575 +05:00 [INF] HTTP POST /api/auth/login responded 200 in 1453.4851 ms
2026-01-14 14:54:14.874 +05:00 [WRN] JWT authentication failed
Microsoft.IdentityModel.Tokens.SecurityTokenMalformedException: IDX14100: JWT is not well formed, there are no dots (.).
The token needs to be in JWS or JWE Compact Serialization Format. (JWS): 'EncodedHeader.EndcodedPayload.EncodedSignature'. (JWE): 'EncodedProtectedHeader.EncodedEncryptedKey.EncodedInitializationVector.EncodedCiphertext.EncodedAuthenticationTag'.
 ---> Microsoft.IdentityModel.Tokens.SecurityTokenMalformedException: IDX14100: JWT is not well formed, there are no dots (.).
The token needs to be in JWS or JWE Compact Serialization Format. (JWS): 'EncodedHeader.EndcodedPayload.EncodedSignature'. (JWE): 'EncodedProtectedHeader.EncodedEncryptedKey.EncodedInitializationVector.EncodedCiphertext.EncodedAuthenticationTag'.
   at Microsoft.IdentityModel.JsonWebTokens.JsonWebToken.ReadToken(String encodedJson)
   at Microsoft.IdentityModel.JsonWebTokens.JsonWebToken..ctor(String jwtEncodedString)
   at Microsoft.IdentityModel.JsonWebTokens.JsonWebTokenHandler.ReadToken(String token, TokenValidationParameters validationParameters)
   --- End of inner exception stack trace ---
2026-01-14 14:54:14.909 +05:00 [INF] Forwarding request POST /api/auth/login to https://localhost:7222/api/auth/login
2026-01-14 14:54:15.328 +05:00 [INF] Received response 200 from https://localhost:7222/api/auth/login
2026-01-14 14:54:15.333 +05:00 [INF] HTTP POST /api/auth/login responded 200 in 470.6973 ms | User: Anonymous (N/A) | IP: ::1 | RequestBody: {"email":"haseeb@gmail.com","password":"haseeb123"} | ResponseBody: {"accessToken":"eyJhbGciOiJIUzI1NiIsInR5cCI6IkpXVCJ9.eyJzdWIiOiIxMyIsImVtYWlsIjoiaGFzZWViQGdtYWlsLmNvbSIsInVuaXF1ZV9uYW1lIjoiaGFzZWViIiwiZXhwIjoxNzY4MzkxNjU1LCJpc3MiOiJNeUNvbXBhbnkiLCJhdWQiOiJNeUNvbXBhbnlVc2VycyJ9.3STITIk3bmwdicH2JFp2cTDzmfLPIromcS0IPq7jszU","refreshToken":"7c8d5984-dd77-4d94-abbe-ecc179cdf7e2"}
2026-01-14 14:54:15.341 +05:00 [INF] HTTP POST /api/auth/login responded 200 in 478.7319 ms
2026-01-14 14:54:16.750 +05:00 [WRN] JWT authentication failed
Microsoft.IdentityModel.Tokens.SecurityTokenMalformedException: IDX14100: JWT is not well formed, there are no dots (.).
The token needs to be in JWS or JWE Compact Serialization Format. (JWS): 'EncodedHeader.EndcodedPayload.EncodedSignature'. (JWE): 'EncodedProtectedHeader.EncodedEncryptedKey.EncodedInitializationVector.EncodedCiphertext.EncodedAuthenticationTag'.
 ---> Microsoft.IdentityModel.Tokens.SecurityTokenMalformedException: IDX14100: JWT is not well formed, there are no dots (.).
The token needs to be in JWS or JWE Compact Serialization Format. (JWS): 'EncodedHeader.EndcodedPayload.EncodedSignature'. (JWE): 'EncodedProtectedHeader.EncodedEncryptedKey.EncodedInitializationVector.EncodedCiphertext.EncodedAuthenticationTag'.
   at Microsoft.IdentityModel.JsonWebTokens.JsonWebToken.ReadToken(String encodedJson)
   at Microsoft.IdentityModel.JsonWebTokens.JsonWebToken..ctor(String jwtEncodedString)
   at Microsoft.IdentityModel.JsonWebTokens.JsonWebTokenHandler.ReadToken(String token, TokenValidationParameters validationParameters)
   --- End of inner exception stack trace ---
2026-01-14 14:54:16.774 +05:00 [INF] Forwarding request POST /api/auth/login to https://localhost:7222/api/auth/login
2026-01-14 14:54:17.217 +05:00 [INF] Received response 200 from https://localhost:7222/api/auth/login
2026-01-14 14:54:17.229 +05:00 [INF] HTTP POST /api/auth/login responded 200 in 479.7551 ms | User: Anonymous (N/A) | IP: ::1 | RequestBody: {"email":"haseeb@gmail.com","password":"haseeb123"} | ResponseBody: {"accessToken":"eyJhbGciOiJIUzI1NiIsInR5cCI6IkpXVCJ9.eyJzdWIiOiIxMyIsImVtYWlsIjoiaGFzZWViQGdtYWlsLmNvbSIsInVuaXF1ZV9uYW1lIjoiaGFzZWViIiwiZXhwIjoxNzY4MzkxNjU3LCJpc3MiOiJNeUNvbXBhbnkiLCJhdWQiOiJNeUNvbXBhbnlVc2VycyJ9.o4H93rK9fKRYhEAb-y_-zrxYsMk8RRMji6JfzeuJX_A","refreshToken":"53e0d5da-9ff5-499e-aa26-0d6963cba25a"}
2026-01-14 14:54:17.254 +05:00 [INF] HTTP POST /api/auth/login responded 200 in 505.4937 ms
2026-01-14 14:54:17.688 +05:00 [WRN] JWT authentication failed
Microsoft.IdentityModel.Tokens.SecurityTokenMalformedException: IDX14100: JWT is not well formed, there are no dots (.).
The token needs to be in JWS or JWE Compact Serialization Format. (JWS): 'EncodedHeader.EndcodedPayload.EncodedSignature'. (JWE): 'EncodedProtectedHeader.EncodedEncryptedKey.EncodedInitializationVector.EncodedCiphertext.EncodedAuthenticationTag'.
 ---> Microsoft.IdentityModel.Tokens.SecurityTokenMalformedException: IDX14100: JWT is not well formed, there are no dots (.).
The token needs to be in JWS or JWE Compact Serialization Format. (JWS): 'EncodedHeader.EndcodedPayload.EncodedSignature'. (JWE): 'EncodedProtectedHeader.EncodedEncryptedKey.EncodedInitializationVector.EncodedCiphertext.EncodedAuthenticationTag'.
   at Microsoft.IdentityModel.JsonWebTokens.JsonWebToken.ReadToken(String encodedJson)
   at Microsoft.IdentityModel.JsonWebTokens.JsonWebToken..ctor(String jwtEncodedString)
   at Microsoft.IdentityModel.JsonWebTokens.JsonWebTokenHandler.ReadToken(String token, TokenValidationParameters validationParameters)
   --- End of inner exception stack trace ---
2026-01-14 14:54:17.712 +05:00 [INF] Forwarding request POST /api/auth/login to https://localhost:7222/api/auth/login
2026-01-14 14:54:18.116 +05:00 [INF] Received response 200 from https://localhost:7222/api/auth/login
2026-01-14 14:54:18.123 +05:00 [INF] HTTP POST /api/auth/login responded 200 in 435.8742 ms | User: Anonymous (N/A) | IP: ::1 | RequestBody: {"email":"haseeb@gmail.com","password":"haseeb123"} | ResponseBody: {"accessToken":"eyJhbGciOiJIUzI1NiIsInR5cCI6IkpXVCJ9.eyJzdWIiOiIxMyIsImVtYWlsIjoiaGFzZWViQGdtYWlsLmNvbSIsInVuaXF1ZV9uYW1lIjoiaGFzZWViIiwiZXhwIjoxNzY4MzkxNjU4LCJpc3MiOiJNeUNvbXBhbnkiLCJhdWQiOiJNeUNvbXBhbnlVc2VycyJ9._ifFNbPjuy4nOLO80Oit2ei6M9Sag6kziQZixtbzK8s","refreshToken":"919e4afc-a0a3-470e-871d-a2c11a6afcf0"}
2026-01-14 14:54:18.135 +05:00 [INF] HTTP POST /api/auth/login responded 200 in 448.2568 ms
2026-01-14 14:54:18.406 +05:00 [WRN] JWT authentication failed
Microsoft.IdentityModel.Tokens.SecurityTokenMalformedException: IDX14100: JWT is not well formed, there are no dots (.).
The token needs to be in JWS or JWE Compact Serialization Format. (JWS): 'EncodedHeader.EndcodedPayload.EncodedSignature'. (JWE): 'EncodedProtectedHeader.EncodedEncryptedKey.EncodedInitializationVector.EncodedCiphertext.EncodedAuthenticationTag'.
 ---> Microsoft.IdentityModel.Tokens.SecurityTokenMalformedException: IDX14100: JWT is not well formed, there are no dots (.).
The token needs to be in JWS or JWE Compact Serialization Format. (JWS): 'EncodedHeader.EndcodedPayload.EncodedSignature'. (JWE): 'EncodedProtectedHeader.EncodedEncryptedKey.EncodedInitializationVector.EncodedCiphertext.EncodedAuthenticationTag'.
   at Microsoft.IdentityModel.JsonWebTokens.JsonWebToken.ReadToken(String encodedJson)
   at Microsoft.IdentityModel.JsonWebTokens.JsonWebToken..ctor(String jwtEncodedString)
   at Microsoft.IdentityModel.JsonWebTokens.JsonWebTokenHandler.ReadToken(String token, TokenValidationParameters validationParameters)
   --- End of inner exception stack trace ---
2026-01-14 14:54:18.426 +05:00 [INF] Forwarding request POST /api/auth/login to https://localhost:7222/api/auth/login
2026-01-14 14:54:18.818 +05:00 [INF] Received response 200 from https://localhost:7222/api/auth/login
2026-01-14 14:54:18.824 +05:00 [INF] HTTP POST /api/auth/login responded 200 in 419.5508 ms | User: Anonymous (N/A) | IP: ::1 | RequestBody: {"email":"haseeb@gmail.com","password":"haseeb123"} | ResponseBody: {"accessToken":"eyJhbGciOiJIUzI1NiIsInR5cCI6IkpXVCJ9.eyJzdWIiOiIxMyIsImVtYWlsIjoiaGFzZWViQGdtYWlsLmNvbSIsInVuaXF1ZV9uYW1lIjoiaGFzZWViIiwiZXhwIjoxNzY4MzkxNjU4LCJpc3MiOiJNeUNvbXBhbnkiLCJhdWQiOiJNeUNvbXBhbnlVc2VycyJ9._ifFNbPjuy4nOLO80Oit2ei6M9Sag6kziQZixtbzK8s","refreshToken":"171b6c5d-c3a3-4ddc-8d6b-c2543f22134a"}
2026-01-14 14:54:18.836 +05:00 [INF] HTTP POST /api/auth/login responded 200 in 431.2575 ms
2026-01-14 14:54:18.985 +05:00 [WRN] JWT authentication failed
Microsoft.IdentityModel.Tokens.SecurityTokenMalformedException: IDX14100: JWT is not well formed, there are no dots (.).
The token needs to be in JWS or JWE Compact Serialization Format. (JWS): 'EncodedHeader.EndcodedPayload.EncodedSignature'. (JWE): 'EncodedProtectedHeader.EncodedEncryptedKey.EncodedInitializationVector.EncodedCiphertext.EncodedAuthenticationTag'.
 ---> Microsoft.IdentityModel.Tokens.SecurityTokenMalformedException: IDX14100: JWT is not well formed, there are no dots (.).
The token needs to be in JWS or JWE Compact Serialization Format. (JWS): 'EncodedHeader.EndcodedPayload.EncodedSignature'. (JWE): 'EncodedProtectedHeader.EncodedEncryptedKey.EncodedInitializationVector.EncodedCiphertext.EncodedAuthenticationTag'.
   at Microsoft.IdentityModel.JsonWebTokens.JsonWebToken.ReadToken(String encodedJson)
   at Microsoft.IdentityModel.JsonWebTokens.JsonWebToken..ctor(String jwtEncodedString)
   at Microsoft.IdentityModel.JsonWebTokens.JsonWebTokenHandler.ReadToken(String token, TokenValidationParameters validationParameters)
   --- End of inner exception stack trace ---
2026-01-14 14:54:19.001 +05:00 [INF] Forwarding request POST /api/auth/login to https://localhost:7222/api/auth/login
2026-01-14 14:54:19.415 +05:00 [INF] Received response 200 from https://localhost:7222/api/auth/login
2026-01-14 14:54:19.423 +05:00 [INF] HTTP POST /api/auth/login responded 200 in 439.3870 ms | User: Anonymous (N/A) | IP: ::1 | RequestBody: {"email":"haseeb@gmail.com","password":"haseeb123"} | ResponseBody: {"accessToken":"eyJhbGciOiJIUzI1NiIsInR5cCI6IkpXVCJ9.eyJzdWIiOiIxMyIsImVtYWlsIjoiaGFzZWViQGdtYWlsLmNvbSIsInVuaXF1ZV9uYW1lIjoiaGFzZWViIiwiZXhwIjoxNzY4MzkxNjU5LCJpc3MiOiJNeUNvbXBhbnkiLCJhdWQiOiJNeUNvbXBhbnlVc2VycyJ9.Xh3XwvKJg0L_piOokefZaMPaqpBB1YD6JKco5cIw38s","refreshToken":"951db2e0-cea7-40ad-bf58-9f5c4f57b148"}
2026-01-14 14:54:19.439 +05:00 [INF] HTTP POST /api/auth/login responded 200 in 455.1651 ms
2026-01-14 14:54:19.609 +05:00 [WRN] JWT authentication failed
Microsoft.IdentityModel.Tokens.SecurityTokenMalformedException: IDX14100: JWT is not well formed, there are no dots (.).
The token needs to be in JWS or JWE Compact Serialization Format. (JWS): 'EncodedHeader.EndcodedPayload.EncodedSignature'. (JWE): 'EncodedProtectedHeader.EncodedEncryptedKey.EncodedInitializationVector.EncodedCiphertext.EncodedAuthenticationTag'.
 ---> Microsoft.IdentityModel.Tokens.SecurityTokenMalformedException: IDX14100: JWT is not well formed, there are no dots (.).
The token needs to be in JWS or JWE Compact Serialization Format. (JWS): 'EncodedHeader.EndcodedPayload.EncodedSignature'. (JWE): 'EncodedProtectedHeader.EncodedEncryptedKey.EncodedInitializationVector.EncodedCiphertext.EncodedAuthenticationTag'.
   at Microsoft.IdentityModel.JsonWebTokens.JsonWebToken.ReadToken(String encodedJson)
   at Microsoft.IdentityModel.JsonWebTokens.JsonWebToken..ctor(String jwtEncodedString)
   at Microsoft.IdentityModel.JsonWebTokens.JsonWebTokenHandler.ReadToken(String token, TokenValidationParameters validationParameters)
   --- End of inner exception stack trace ---
2026-01-14 14:54:19.634 +05:00 [INF] Forwarding request POST /api/auth/login to https://localhost:7222/api/auth/login
2026-01-14 14:54:20.030 +05:00 [INF] Received response 200 from https://localhost:7222/api/auth/login
2026-01-14 14:54:20.041 +05:00 [INF] HTTP POST /api/auth/login responded 200 in 432.9214 ms | User: Anonymous (N/A) | IP: ::1 | RequestBody: {"email":"haseeb@gmail.com","password":"haseeb123"} | ResponseBody: {"accessToken":"eyJhbGciOiJIUzI1NiIsInR5cCI6IkpXVCJ9.eyJzdWIiOiIxMyIsImVtYWlsIjoiaGFzZWViQGdtYWlsLmNvbSIsInVuaXF1ZV9uYW1lIjoiaGFzZWViIiwiZXhwIjoxNzY4MzkxNjYwLCJpc3MiOiJNeUNvbXBhbnkiLCJhdWQiOiJNeUNvbXBhbnlVc2VycyJ9.wMm0d3wSHvBWwGDMiBNilxZDOrDFpFskmYFClBOi2J8","refreshToken":"b3e620f6-eee5-4467-8794-58d6431e91a2"}
2026-01-14 14:54:20.070 +05:00 [INF] HTTP POST /api/auth/login responded 200 in 462.3842 ms
2026-01-14 14:54:20.247 +05:00 [WRN] JWT authentication failed
Microsoft.IdentityModel.Tokens.SecurityTokenMalformedException: IDX14100: JWT is not well formed, there are no dots (.).
The token needs to be in JWS or JWE Compact Serialization Format. (JWS): 'EncodedHeader.EndcodedPayload.EncodedSignature'. (JWE): 'EncodedProtectedHeader.EncodedEncryptedKey.EncodedInitializationVector.EncodedCiphertext.EncodedAuthenticationTag'.
 ---> Microsoft.IdentityModel.Tokens.SecurityTokenMalformedException: IDX14100: JWT is not well formed, there are no dots (.).
The token needs to be in JWS or JWE Compact Serialization Format. (JWS): 'EncodedHeader.EndcodedPayload.EncodedSignature'. (JWE): 'EncodedProtectedHeader.EncodedEncryptedKey.EncodedInitializationVector.EncodedCiphertext.EncodedAuthenticationTag'.
   at Microsoft.IdentityModel.JsonWebTokens.JsonWebToken.ReadToken(String encodedJson)
   at Microsoft.IdentityModel.JsonWebTokens.JsonWebToken..ctor(String jwtEncodedString)
   at Microsoft.IdentityModel.JsonWebTokens.JsonWebTokenHandler.ReadToken(String token, TokenValidationParameters validationParameters)
   --- End of inner exception stack trace ---
2026-01-14 14:54:20.264 +05:00 [INF] Forwarding request POST /api/auth/login to https://localhost:7222/api/auth/login
2026-01-14 14:54:20.668 +05:00 [INF] Received response 200 from https://localhost:7222/api/auth/login
2026-01-14 14:54:20.682 +05:00 [INF] HTTP POST /api/auth/login responded 200 in 436.0629 ms | User: Anonymous (N/A) | IP: ::1 | RequestBody: {"email":"haseeb@gmail.com","password":"haseeb123"} | ResponseBody: {"accessToken":"eyJhbGciOiJIUzI1NiIsInR5cCI6IkpXVCJ9.eyJzdWIiOiIxMyIsImVtYWlsIjoiaGFzZWViQGdtYWlsLmNvbSIsInVuaXF1ZV9uYW1lIjoiaGFzZWViIiwiZXhwIjoxNzY4MzkxNjYwLCJpc3MiOiJNeUNvbXBhbnkiLCJhdWQiOiJNeUNvbXBhbnlVc2VycyJ9.wMm0d3wSHvBWwGDMiBNilxZDOrDFpFskmYFClBOi2J8","refreshToken":"c7e683fe-98dc-47c4-8d21-08227b0bbb63"}
2026-01-14 14:54:20.697 +05:00 [INF] HTTP POST /api/auth/login responded 200 in 451.2875 ms
2026-01-14 14:54:20.822 +05:00 [WRN] JWT authentication failed
Microsoft.IdentityModel.Tokens.SecurityTokenMalformedException: IDX14100: JWT is not well formed, there are no dots (.).
The token needs to be in JWS or JWE Compact Serialization Format. (JWS): 'EncodedHeader.EndcodedPayload.EncodedSignature'. (JWE): 'EncodedProtectedHeader.EncodedEncryptedKey.EncodedInitializationVector.EncodedCiphertext.EncodedAuthenticationTag'.
 ---> Microsoft.IdentityModel.Tokens.SecurityTokenMalformedException: IDX14100: JWT is not well formed, there are no dots (.).
The token needs to be in JWS or JWE Compact Serialization Format. (JWS): 'EncodedHeader.EndcodedPayload.EncodedSignature'. (JWE): 'EncodedProtectedHeader.EncodedEncryptedKey.EncodedInitializationVector.EncodedCiphertext.EncodedAuthenticationTag'.
   at Microsoft.IdentityModel.JsonWebTokens.JsonWebToken.ReadToken(String encodedJson)
   at Microsoft.IdentityModel.JsonWebTokens.JsonWebToken..ctor(String jwtEncodedString)
   at Microsoft.IdentityModel.JsonWebTokens.JsonWebTokenHandler.ReadToken(String token, TokenValidationParameters validationParameters)
   --- End of inner exception stack trace ---
2026-01-14 14:54:20.841 +05:00 [INF] Forwarding request POST /api/auth/login to https://localhost:7222/api/auth/login
2026-01-14 14:54:21.232 +05:00 [INF] Received response 200 from https://localhost:7222/api/auth/login
2026-01-14 14:54:21.239 +05:00 [INF] HTTP POST /api/auth/login responded 200 in 418.3386 ms | User: Anonymous (N/A) | IP: ::1 | RequestBody: {"email":"haseeb@gmail.com","password":"haseeb123"} | ResponseBody: {"accessToken":"eyJhbGciOiJIUzI1NiIsInR5cCI6IkpXVCJ9.eyJzdWIiOiIxMyIsImVtYWlsIjoiaGFzZWViQGdtYWlsLmNvbSIsInVuaXF1ZV9uYW1lIjoiaGFzZWViIiwiZXhwIjoxNzY4MzkxNjYxLCJpc3MiOiJNeUNvbXBhbnkiLCJhdWQiOiJNeUNvbXBhbnlVc2VycyJ9.9_s4uoNGMOfscxvhSxMSumyj3t9NpnbWS4zHXWTBxxs","refreshToken":"3cddd3d9-cf3e-45bd-9dd5-8dd3dbf208cf"}
2026-01-14 14:54:21.253 +05:00 [INF] HTTP POST /api/auth/login responded 200 in 431.9161 ms
2026-01-14 14:54:21.502 +05:00 [WRN] JWT authentication failed
Microsoft.IdentityModel.Tokens.SecurityTokenMalformedException: IDX14100: JWT is not well formed, there are no dots (.).
The token needs to be in JWS or JWE Compact Serialization Format. (JWS): 'EncodedHeader.EndcodedPayload.EncodedSignature'. (JWE): 'EncodedProtectedHeader.EncodedEncryptedKey.EncodedInitializationVector.EncodedCiphertext.EncodedAuthenticationTag'.
 ---> Microsoft.IdentityModel.Tokens.SecurityTokenMalformedException: IDX14100: JWT is not well formed, there are no dots (.).
The token needs to be in JWS or JWE Compact Serialization Format. (JWS): 'EncodedHeader.EndcodedPayload.EncodedSignature'. (JWE): 'EncodedProtectedHeader.EncodedEncryptedKey.EncodedInitializationVector.EncodedCiphertext.EncodedAuthenticationTag'.
   at Microsoft.IdentityModel.JsonWebTokens.JsonWebToken.ReadToken(String encodedJson)
   at Microsoft.IdentityModel.JsonWebTokens.JsonWebToken..ctor(String jwtEncodedString)
   at Microsoft.IdentityModel.JsonWebTokens.JsonWebTokenHandler.ReadToken(String token, TokenValidationParameters validationParameters)
   --- End of inner exception stack trace ---
2026-01-14 14:54:21.520 +05:00 [INF] Forwarding request POST /api/auth/login to https://localhost:7222/api/auth/login
2026-01-14 14:54:21.920 +05:00 [INF] Received response 200 from https://localhost:7222/api/auth/login
2026-01-14 14:54:21.931 +05:00 [INF] HTTP POST /api/auth/login responded 200 in 428.9803 ms | User: Anonymous (N/A) | IP: ::1 | RequestBody: {"email":"haseeb@gmail.com","password":"haseeb123"} | ResponseBody: {"accessToken":"eyJhbGciOiJIUzI1NiIsInR5cCI6IkpXVCJ9.eyJzdWIiOiIxMyIsImVtYWlsIjoiaGFzZWViQGdtYWlsLmNvbSIsInVuaXF1ZV9uYW1lIjoiaGFzZWViIiwiZXhwIjoxNzY4MzkxNjYxLCJpc3MiOiJNeUNvbXBhbnkiLCJhdWQiOiJNeUNvbXBhbnlVc2VycyJ9.9_s4uoNGMOfscxvhSxMSumyj3t9NpnbWS4zHXWTBxxs","refreshToken":"f1db2622-b91f-416f-91e2-023a58909af7"}
2026-01-14 14:54:21.946 +05:00 [INF] HTTP POST /api/auth/login responded 200 in 444.0933 ms
2026-01-14 14:54:22.116 +05:00 [WRN] JWT authentication failed
Microsoft.IdentityModel.Tokens.SecurityTokenMalformedException: IDX14100: JWT is not well formed, there are no dots (.).
The token needs to be in JWS or JWE Compact Serialization Format. (JWS): 'EncodedHeader.EndcodedPayload.EncodedSignature'. (JWE): 'EncodedProtectedHeader.EncodedEncryptedKey.EncodedInitializationVector.EncodedCiphertext.EncodedAuthenticationTag'.
 ---> Microsoft.IdentityModel.Tokens.SecurityTokenMalformedException: IDX14100: JWT is not well formed, there are no dots (.).
The token needs to be in JWS or JWE Compact Serialization Format. (JWS): 'EncodedHeader.EndcodedPayload.EncodedSignature'. (JWE): 'EncodedProtectedHeader.EncodedEncryptedKey.EncodedInitializationVector.EncodedCiphertext.EncodedAuthenticationTag'.
   at Microsoft.IdentityModel.JsonWebTokens.JsonWebToken.ReadToken(String encodedJson)
   at Microsoft.IdentityModel.JsonWebTokens.JsonWebToken..ctor(String jwtEncodedString)
   at Microsoft.IdentityModel.JsonWebTokens.JsonWebTokenHandler.ReadToken(String token, TokenValidationParameters validationParameters)
   --- End of inner exception stack trace ---
2026-01-14 14:54:22.137 +05:00 [INF] Forwarding request POST /api/auth/login to https://localhost:7222/api/auth/login
2026-01-14 14:54:22.522 +05:00 [INF] Received response 200 from https://localhost:7222/api/auth/login
2026-01-14 14:54:22.531 +05:00 [INF] HTTP POST /api/auth/login responded 200 in 415.1256 ms | User: Anonymous (N/A) | IP: ::1 | RequestBody: {"email":"haseeb@gmail.com","password":"haseeb123"} | ResponseBody: {"accessToken":"eyJhbGciOiJIUzI1NiIsInR5cCI6IkpXVCJ9.eyJzdWIiOiIxMyIsImVtYWlsIjoiaGFzZWViQGdtYWlsLmNvbSIsInVuaXF1ZV9uYW1lIjoiaGFzZWViIiwiZXhwIjoxNzY4MzkxNjYyLCJpc3MiOiJNeUNvbXBhbnkiLCJhdWQiOiJNeUNvbXBhbnlVc2VycyJ9.jEB_zynqetwDByoE4jvv8Btw582o1TXvWYv2KwO4cnI","refreshToken":"8f370961-d438-4a9f-aee3-524038bb63e8"}
2026-01-14 14:54:22.548 +05:00 [INF] HTTP POST /api/auth/login responded 200 in 432.2887 ms
2026-01-14 14:54:22.665 +05:00 [WRN] JWT authentication failed
Microsoft.IdentityModel.Tokens.SecurityTokenMalformedException: IDX14100: JWT is not well formed, there are no dots (.).
The token needs to be in JWS or JWE Compact Serialization Format. (JWS): 'EncodedHeader.EndcodedPayload.EncodedSignature'. (JWE): 'EncodedProtectedHeader.EncodedEncryptedKey.EncodedInitializationVector.EncodedCiphertext.EncodedAuthenticationTag'.
 ---> Microsoft.IdentityModel.Tokens.SecurityTokenMalformedException: IDX14100: JWT is not well formed, there are no dots (.).
The token needs to be in JWS or JWE Compact Serialization Format. (JWS): 'EncodedHeader.EndcodedPayload.EncodedSignature'. (JWE): 'EncodedProtectedHeader.EncodedEncryptedKey.EncodedInitializationVector.EncodedCiphertext.EncodedAuthenticationTag'.
   at Microsoft.IdentityModel.JsonWebTokens.JsonWebToken.ReadToken(String encodedJson)
   at Microsoft.IdentityModel.JsonWebTokens.JsonWebToken..ctor(String jwtEncodedString)
   at Microsoft.IdentityModel.JsonWebTokens.JsonWebTokenHandler.ReadToken(String token, TokenValidationParameters validationParameters)
   --- End of inner exception stack trace ---
2026-01-14 14:54:22.681 +05:00 [INF] Forwarding request POST /api/auth/login to https://localhost:7222/api/auth/login
2026-01-14 14:54:23.086 +05:00 [INF] Received response 200 from https://localhost:7222/api/auth/login
2026-01-14 14:54:23.100 +05:00 [INF] HTTP POST /api/auth/login responded 200 in 435.4022 ms | User: Anonymous (N/A) | IP: ::1 | RequestBody: {"email":"haseeb@gmail.com","password":"haseeb123"} | ResponseBody: {"accessToken":"eyJhbGciOiJIUzI1NiIsInR5cCI6IkpXVCJ9.eyJzdWIiOiIxMyIsImVtYWlsIjoiaGFzZWViQGdtYWlsLmNvbSIsInVuaXF1ZV9uYW1lIjoiaGFzZWViIiwiZXhwIjoxNzY4MzkxNjYzLCJpc3MiOiJNeUNvbXBhbnkiLCJhdWQiOiJNeUNvbXBhbnlVc2VycyJ9.D2XR5F8xnU7-Q64MIeOyEJPSjCLQSFIMBrWsJEuC43Y","refreshToken":"aff6e8c1-933b-4966-b95f-d4eed3afb067"}
2026-01-14 14:54:23.123 +05:00 [INF] HTTP POST /api/auth/login responded 200 in 459.3572 ms
2026-01-14 14:54:28.492 +05:00 [WRN] JWT authentication failed
Microsoft.IdentityModel.Tokens.SecurityTokenMalformedException: IDX14100: JWT is not well formed, there are no dots (.).
The token needs to be in JWS or JWE Compact Serialization Format. (JWS): 'EncodedHeader.EndcodedPayload.EncodedSignature'. (JWE): 'EncodedProtectedHeader.EncodedEncryptedKey.EncodedInitializationVector.EncodedCiphertext.EncodedAuthenticationTag'.
 ---> Microsoft.IdentityModel.Tokens.SecurityTokenMalformedException: IDX14100: JWT is not well formed, there are no dots (.).
The token needs to be in JWS or JWE Compact Serialization Format. (JWS): 'EncodedHeader.EndcodedPayload.EncodedSignature'. (JWE): 'EncodedProtectedHeader.EncodedEncryptedKey.EncodedInitializationVector.EncodedCiphertext.EncodedAuthenticationTag'.
   at Microsoft.IdentityModel.JsonWebTokens.JsonWebToken.ReadToken(String encodedJson)
   at Microsoft.IdentityModel.JsonWebTokens.JsonWebToken..ctor(String jwtEncodedString)
   at Microsoft.IdentityModel.JsonWebTokens.JsonWebTokenHandler.ReadToken(String token, TokenValidationParameters validationParameters)
   --- End of inner exception stack trace ---
2026-01-14 14:54:28.510 +05:00 [INF] Forwarding request POST /api/auth/login to https://localhost:7222/api/auth/login
2026-01-14 14:54:28.894 +05:00 [INF] Received response 200 from https://localhost:7222/api/auth/login
2026-01-14 14:54:28.901 +05:00 [INF] HTTP POST /api/auth/login responded 200 in 409.5810 ms | User: Anonymous (N/A) | IP: ::1 | RequestBody: {"email":"haseeb@gmail.com","password":"haseeb123"} | ResponseBody: {"accessToken":"eyJhbGciOiJIUzI1NiIsInR5cCI6IkpXVCJ9.eyJzdWIiOiIxMyIsImVtYWlsIjoiaGFzZWViQGdtYWlsLmNvbSIsInVuaXF1ZV9uYW1lIjoiaGFzZWViIiwiZXhwIjoxNzY4MzkxNjY4LCJpc3MiOiJNeUNvbXBhbnkiLCJhdWQiOiJNeUNvbXBhbnlVc2VycyJ9.WxPcWEI2vuB_de52TmhRhrPmSajKJmum_c--vXaBLnY","refreshToken":"69a9de46-425a-44dd-86f5-ba9f485c1232"}
2026-01-14 14:54:28.912 +05:00 [INF] HTTP POST /api/auth/login responded 200 in 421.2257 ms
2026-01-14 14:54:28.979 +05:00 [WRN] JWT authentication failed
Microsoft.IdentityModel.Tokens.SecurityTokenMalformedException: IDX14100: JWT is not well formed, there are no dots (.).
The token needs to be in JWS or JWE Compact Serialization Format. (JWS): 'EncodedHeader.EndcodedPayload.EncodedSignature'. (JWE): 'EncodedProtectedHeader.EncodedEncryptedKey.EncodedInitializationVector.EncodedCiphertext.EncodedAuthenticationTag'.
 ---> Microsoft.IdentityModel.Tokens.SecurityTokenMalformedException: IDX14100: JWT is not well formed, there are no dots (.).
The token needs to be in JWS or JWE Compact Serialization Format. (JWS): 'EncodedHeader.EndcodedPayload.EncodedSignature'. (JWE): 'EncodedProtectedHeader.EncodedEncryptedKey.EncodedInitializationVector.EncodedCiphertext.EncodedAuthenticationTag'.
   at Microsoft.IdentityModel.JsonWebTokens.JsonWebToken.ReadToken(String encodedJson)
   at Microsoft.IdentityModel.JsonWebTokens.JsonWebToken..ctor(String jwtEncodedString)
   at Microsoft.IdentityModel.JsonWebTokens.JsonWebTokenHandler.ReadToken(String token, TokenValidationParameters validationParameters)
   --- End of inner exception stack trace ---
2026-01-14 14:54:28.990 +05:00 [INF] Forwarding request POST /api/auth/login to https://localhost:7222/api/auth/login
2026-01-14 14:54:29.394 +05:00 [INF] Received response 200 from https://localhost:7222/api/auth/login
2026-01-14 14:54:29.402 +05:00 [INF] HTTP POST /api/auth/login responded 200 in 423.7163 ms | User: Anonymous (N/A) | IP: ::1 | RequestBody: {"email":"haseeb@gmail.com","password":"haseeb123"} | ResponseBody: {"accessToken":"eyJhbGciOiJIUzI1NiIsInR5cCI6IkpXVCJ9.eyJzdWIiOiIxMyIsImVtYWlsIjoiaGFzZWViQGdtYWlsLmNvbSIsInVuaXF1ZV9uYW1lIjoiaGFzZWViIiwiZXhwIjoxNzY4MzkxNjY5LCJpc3MiOiJNeUNvbXBhbnkiLCJhdWQiOiJNeUNvbXBhbnlVc2VycyJ9.5_2qHh79PKvsSuhw19gMITDcCrAvkdPIruB7SiWlHAo","refreshToken":"6c6763a9-f411-4970-a151-3a7a24ec05f5"}
2026-01-14 14:54:29.424 +05:00 [INF] HTTP POST /api/auth/login responded 200 in 446.0485 ms
2026-01-14 14:58:01.794 +05:00 [INF] Forwarding request POST /api/auth/login to https://localhost:7222/api/auth/login
2026-01-14 14:58:03.278 +05:00 [INF] Received response 200 from https://localhost:7222/api/auth/login
2026-01-14 14:58:03.293 +05:00 [INF] HTTP POST /api/auth/login responded 200 in 1533.7254 ms | User: Anonymous (N/A) | IP: ::1 | RequestBody: {"email":"haseeb@gmail.com","password":"haseeb123"} | ResponseBody: {"accessToken":"eyJhbGciOiJIUzI1NiIsInR5cCI6IkpXVCJ9.eyJzdWIiOiIxMyIsImVtYWlsIjoiaGFzZWViQGdtYWlsLmNvbSIsInVuaXF1ZV9uYW1lIjoiaGFzZWViIiwiZXhwIjoxNzY4MzkxODgzLCJpc3MiOiJNeUNvbXBhbnkiLCJhdWQiOiJNeUNvbXBhbnlVc2VycyJ9.8eQMNb5F4dgqdMv8RYx3eHvqBfYSGZYhgt8mnUl_Ngg","refreshToken":"c04a1643-44a4-4ee5-85ae-2aaa37c2ddf6"}
2026-01-14 14:58:03.325 +05:00 [INF] HTTP POST /api/auth/login responded 200 in 1570.1998 ms
2026-01-14 14:58:36.664 +05:00 [WRN] JWT authentication failed
Microsoft.IdentityModel.Tokens.SecurityTokenMalformedException: IDX14100: JWT is not well formed, there are no dots (.).
The token needs to be in JWS or JWE Compact Serialization Format. (JWS): 'EncodedHeader.EndcodedPayload.EncodedSignature'. (JWE): 'EncodedProtectedHeader.EncodedEncryptedKey.EncodedInitializationVector.EncodedCiphertext.EncodedAuthenticationTag'.
 ---> Microsoft.IdentityModel.Tokens.SecurityTokenMalformedException: IDX14100: JWT is not well formed, there are no dots (.).
The token needs to be in JWS or JWE Compact Serialization Format. (JWS): 'EncodedHeader.EndcodedPayload.EncodedSignature'. (JWE): 'EncodedProtectedHeader.EncodedEncryptedKey.EncodedInitializationVector.EncodedCiphertext.EncodedAuthenticationTag'.
   at Microsoft.IdentityModel.JsonWebTokens.JsonWebToken.ReadToken(String encodedJson)
   at Microsoft.IdentityModel.JsonWebTokens.JsonWebToken..ctor(String jwtEncodedString)
   at Microsoft.IdentityModel.JsonWebTokens.JsonWebTokenHandler.ReadToken(String token, TokenValidationParameters validationParameters)
   --- End of inner exception stack trace ---
2026-01-14 14:58:36.712 +05:00 [INF] Forwarding request POST /api/auth/login to https://localhost:7222/api/auth/login
2026-01-14 14:58:37.189 +05:00 [INF] Received response 200 from https://localhost:7222/api/auth/login
2026-01-14 14:58:37.207 +05:00 [INF] HTTP POST /api/auth/login responded 200 in 580.0515 ms | User: Anonymous (N/A) | IP: ::1 | RequestBody: {"email":"haseeb@gmail.com","password":"haseeb123"} | ResponseBody: {"accessToken":"eyJhbGciOiJIUzI1NiIsInR5cCI6IkpXVCJ9.eyJzdWIiOiIxMyIsImVtYWlsIjoiaGFzZWViQGdtYWlsLmNvbSIsInVuaXF1ZV9uYW1lIjoiaGFzZWViIiwiZXhwIjoxNzY4MzkxOTE3LCJpc3MiOiJNeUNvbXBhbnkiLCJhdWQiOiJNeUNvbXBhbnlVc2VycyJ9.knxRZRGUZkKp3qr6nyC3qvKkRntvaaMcQ-2Ux4MX690","refreshToken":"383ec970-7e21-453b-95a7-068be5ef258a"}
2026-01-14 14:58:37.232 +05:00 [INF] HTTP POST /api/auth/login responded 200 in 604.9654 ms
2026-01-14 14:58:37.831 +05:00 [WRN] JWT authentication failed
Microsoft.IdentityModel.Tokens.SecurityTokenMalformedException: IDX14100: JWT is not well formed, there are no dots (.).
The token needs to be in JWS or JWE Compact Serialization Format. (JWS): 'EncodedHeader.EndcodedPayload.EncodedSignature'. (JWE): 'EncodedProtectedHeader.EncodedEncryptedKey.EncodedInitializationVector.EncodedCiphertext.EncodedAuthenticationTag'.
 ---> Microsoft.IdentityModel.Tokens.SecurityTokenMalformedException: IDX14100: JWT is not well formed, there are no dots (.).
The token needs to be in JWS or JWE Compact Serialization Format. (JWS): 'EncodedHeader.EndcodedPayload.EncodedSignature'. (JWE): 'EncodedProtectedHeader.EncodedEncryptedKey.EncodedInitializationVector.EncodedCiphertext.EncodedAuthenticationTag'.
   at Microsoft.IdentityModel.JsonWebTokens.JsonWebToken.ReadToken(String encodedJson)
   at Microsoft.IdentityModel.JsonWebTokens.JsonWebToken..ctor(String jwtEncodedString)
   at Microsoft.IdentityModel.JsonWebTokens.JsonWebTokenHandler.ReadToken(String token, TokenValidationParameters validationParameters)
   --- End of inner exception stack trace ---
2026-01-14 14:58:37.852 +05:00 [INF] Forwarding request POST /api/auth/login to https://localhost:7222/api/auth/login
2026-01-14 14:58:38.288 +05:00 [INF] Received response 200 from https://localhost:7222/api/auth/login
2026-01-14 14:58:38.296 +05:00 [INF] HTTP POST /api/auth/login responded 200 in 465.3064 ms | User: Anonymous (N/A) | IP: ::1 | RequestBody: {"email":"haseeb@gmail.com","password":"haseeb123"} | ResponseBody: {"accessToken":"eyJhbGciOiJIUzI1NiIsInR5cCI6IkpXVCJ9.eyJzdWIiOiIxMyIsImVtYWlsIjoiaGFzZWViQGdtYWlsLmNvbSIsInVuaXF1ZV9uYW1lIjoiaGFzZWViIiwiZXhwIjoxNzY4MzkxOTE4LCJpc3MiOiJNeUNvbXBhbnkiLCJhdWQiOiJNeUNvbXBhbnlVc2VycyJ9.h5XQPiQuCbDsW_G0UYB0UDW3kBGKf6pOgjKXgTyNzQA","refreshToken":"ac02726e-a112-4039-b366-7a2f9538a06f"}
2026-01-14 14:58:38.315 +05:00 [INF] HTTP POST /api/auth/login responded 200 in 484.8266 ms
2026-01-14 14:58:44.103 +05:00 [WRN] JWT authentication failed
Microsoft.IdentityModel.Tokens.SecurityTokenMalformedException: IDX14100: JWT is not well formed, there are no dots (.).
The token needs to be in JWS or JWE Compact Serialization Format. (JWS): 'EncodedHeader.EndcodedPayload.EncodedSignature'. (JWE): 'EncodedProtectedHeader.EncodedEncryptedKey.EncodedInitializationVector.EncodedCiphertext.EncodedAuthenticationTag'.
 ---> Microsoft.IdentityModel.Tokens.SecurityTokenMalformedException: IDX14100: JWT is not well formed, there are no dots (.).
The token needs to be in JWS or JWE Compact Serialization Format. (JWS): 'EncodedHeader.EndcodedPayload.EncodedSignature'. (JWE): 'EncodedProtectedHeader.EncodedEncryptedKey.EncodedInitializationVector.EncodedCiphertext.EncodedAuthenticationTag'.
   at Microsoft.IdentityModel.JsonWebTokens.JsonWebToken.ReadToken(String encodedJson)
   at Microsoft.IdentityModel.JsonWebTokens.JsonWebToken..ctor(String jwtEncodedString)
   at Microsoft.IdentityModel.JsonWebTokens.JsonWebTokenHandler.ReadToken(String token, TokenValidationParameters validationParameters)
   --- End of inner exception stack trace ---
2026-01-14 14:58:44.141 +05:00 [INF] Forwarding request POST /api/auth/login to https://localhost:7222/api/auth/login
2026-01-14 14:58:44.580 +05:00 [INF] Received response 200 from https://localhost:7222/api/auth/login
2026-01-14 14:58:44.587 +05:00 [INF] HTTP POST /api/auth/login responded 200 in 483.9350 ms | User: Anonymous (N/A) | IP: ::1 | RequestBody: {"email":"haseeb@gmail.com","password":"haseeb123"} | ResponseBody: {"accessToken":"eyJhbGciOiJIUzI1NiIsInR5cCI6IkpXVCJ9.eyJzdWIiOiIxMyIsImVtYWlsIjoiaGFzZWViQGdtYWlsLmNvbSIsInVuaXF1ZV9uYW1lIjoiaGFzZWViIiwiZXhwIjoxNzY4MzkxOTI0LCJpc3MiOiJNeUNvbXBhbnkiLCJhdWQiOiJNeUNvbXBhbnlVc2VycyJ9.ohNigfUtgqRXfd8mMzv71p9rZ1PDqmV4ilrV-qA_1lQ","refreshToken":"e0b7f5f0-d5e6-4073-91bb-f7e1ed9269c5"}
2026-01-14 14:58:44.599 +05:00 [INF] HTTP POST /api/auth/login responded 200 in 496.2739 ms
2026-01-14 14:58:45.560 +05:00 [WRN] JWT authentication failed
Microsoft.IdentityModel.Tokens.SecurityTokenMalformedException: IDX14100: JWT is not well formed, there are no dots (.).
The token needs to be in JWS or JWE Compact Serialization Format. (JWS): 'EncodedHeader.EndcodedPayload.EncodedSignature'. (JWE): 'EncodedProtectedHeader.EncodedEncryptedKey.EncodedInitializationVector.EncodedCiphertext.EncodedAuthenticationTag'.
 ---> Microsoft.IdentityModel.Tokens.SecurityTokenMalformedException: IDX14100: JWT is not well formed, there are no dots (.).
The token needs to be in JWS or JWE Compact Serialization Format. (JWS): 'EncodedHeader.EndcodedPayload.EncodedSignature'. (JWE): 'EncodedProtectedHeader.EncodedEncryptedKey.EncodedInitializationVector.EncodedCiphertext.EncodedAuthenticationTag'.
   at Microsoft.IdentityModel.JsonWebTokens.JsonWebToken.ReadToken(String encodedJson)
   at Microsoft.IdentityModel.JsonWebTokens.JsonWebToken..ctor(String jwtEncodedString)
   at Microsoft.IdentityModel.JsonWebTokens.JsonWebTokenHandler.ReadToken(String token, TokenValidationParameters validationParameters)
   --- End of inner exception stack trace ---
2026-01-14 14:58:45.579 +05:00 [INF] Forwarding request POST /api/auth/login to https://localhost:7222/api/auth/login
2026-01-14 14:58:45.980 +05:00 [INF] Received response 200 from https://localhost:7222/api/auth/login
2026-01-14 14:58:45.995 +05:00 [INF] HTTP POST /api/auth/login responded 200 in 435.0994 ms | User: Anonymous (N/A) | IP: ::1 | RequestBody: {"email":"haseeb@gmail.com","password":"haseeb123"} | ResponseBody: {"accessToken":"eyJhbGciOiJIUzI1NiIsInR5cCI6IkpXVCJ9.eyJzdWIiOiIxMyIsImVtYWlsIjoiaGFzZWViQGdtYWlsLmNvbSIsInVuaXF1ZV9uYW1lIjoiaGFzZWViIiwiZXhwIjoxNzY4MzkxOTI1LCJpc3MiOiJNeUNvbXBhbnkiLCJhdWQiOiJNeUNvbXBhbnlVc2VycyJ9.fCRt4YgH7XRYnXkOUWeKpNOcGtH8Y9HUADBbwVChzig","refreshToken":"420ac3ec-f50f-435d-99fe-2dd4ad20ab36"}
2026-01-14 14:58:46.026 +05:00 [INF] HTTP POST /api/auth/login responded 200 in 466.8705 ms
2026-01-14 14:58:47.574 +05:00 [WRN] JWT authentication failed
Microsoft.IdentityModel.Tokens.SecurityTokenMalformedException: IDX14100: JWT is not well formed, there are no dots (.).
The token needs to be in JWS or JWE Compact Serialization Format. (JWS): 'EncodedHeader.EndcodedPayload.EncodedSignature'. (JWE): 'EncodedProtectedHeader.EncodedEncryptedKey.EncodedInitializationVector.EncodedCiphertext.EncodedAuthenticationTag'.
 ---> Microsoft.IdentityModel.Tokens.SecurityTokenMalformedException: IDX14100: JWT is not well formed, there are no dots (.).
The token needs to be in JWS or JWE Compact Serialization Format. (JWS): 'EncodedHeader.EndcodedPayload.EncodedSignature'. (JWE): 'EncodedProtectedHeader.EncodedEncryptedKey.EncodedInitializationVector.EncodedCiphertext.EncodedAuthenticationTag'.
   at Microsoft.IdentityModel.JsonWebTokens.JsonWebToken.ReadToken(String encodedJson)
   at Microsoft.IdentityModel.JsonWebTokens.JsonWebToken..ctor(String jwtEncodedString)
   at Microsoft.IdentityModel.JsonWebTokens.JsonWebTokenHandler.ReadToken(String token, TokenValidationParameters validationParameters)
   --- End of inner exception stack trace ---
2026-01-14 14:58:47.597 +05:00 [INF] Forwarding request POST /api/auth/login to https://localhost:7222/api/auth/login
2026-01-14 14:58:47.991 +05:00 [INF] Received response 200 from https://localhost:7222/api/auth/login
2026-01-14 14:58:48.003 +05:00 [INF] HTTP POST /api/auth/login responded 200 in 430.4896 ms | User: Anonymous (N/A) | IP: ::1 | RequestBody: {"email":"haseeb@gmail.com","password":"haseeb123"} | ResponseBody: {"accessToken":"eyJhbGciOiJIUzI1NiIsInR5cCI6IkpXVCJ9.eyJzdWIiOiIxMyIsImVtYWlsIjoiaGFzZWViQGdtYWlsLmNvbSIsInVuaXF1ZV9uYW1lIjoiaGFzZWViIiwiZXhwIjoxNzY4MzkxOTI3LCJpc3MiOiJNeUNvbXBhbnkiLCJhdWQiOiJNeUNvbXBhbnlVc2VycyJ9.QQNUEv7gPk8-GxaBa65REtlcrx2j7Wv2gkLtSXlvTXA","refreshToken":"c2ac2437-675a-4300-b348-ea3f3504391a"}
2026-01-14 14:58:48.014 +05:00 [INF] HTTP POST /api/auth/login responded 200 in 440.0599 ms
2026-01-14 14:58:51.067 +05:00 [WRN] JWT authentication failed
Microsoft.IdentityModel.Tokens.SecurityTokenMalformedException: IDX14100: JWT is not well formed, there are no dots (.).
The token needs to be in JWS or JWE Compact Serialization Format. (JWS): 'EncodedHeader.EndcodedPayload.EncodedSignature'. (JWE): 'EncodedProtectedHeader.EncodedEncryptedKey.EncodedInitializationVector.EncodedCiphertext.EncodedAuthenticationTag'.
 ---> Microsoft.IdentityModel.Tokens.SecurityTokenMalformedException: IDX14100: JWT is not well formed, there are no dots (.).
The token needs to be in JWS or JWE Compact Serialization Format. (JWS): 'EncodedHeader.EndcodedPayload.EncodedSignature'. (JWE): 'EncodedProtectedHeader.EncodedEncryptedKey.EncodedInitializationVector.EncodedCiphertext.EncodedAuthenticationTag'.
   at Microsoft.IdentityModel.JsonWebTokens.JsonWebToken.ReadToken(String encodedJson)
   at Microsoft.IdentityModel.JsonWebTokens.JsonWebToken..ctor(String jwtEncodedString)
   at Microsoft.IdentityModel.JsonWebTokens.JsonWebTokenHandler.ReadToken(String token, TokenValidationParameters validationParameters)
   --- End of inner exception stack trace ---
2026-01-14 14:58:51.088 +05:00 [INF] Forwarding request POST /api/auth/login to https://localhost:7222/api/auth/login
2026-01-14 14:58:51.513 +05:00 [INF] Received response 200 from https://localhost:7222/api/auth/login
2026-01-14 14:58:51.526 +05:00 [INF] HTTP POST /api/auth/login responded 200 in 459.5259 ms | User: Anonymous (N/A) | IP: ::1 | RequestBody: {"email":"haseeb@gmail.com","password":"haseeb123"} | ResponseBody: {"accessToken":"eyJhbGciOiJIUzI1NiIsInR5cCI6IkpXVCJ9.eyJzdWIiOiIxMyIsImVtYWlsIjoiaGFzZWViQGdtYWlsLmNvbSIsInVuaXF1ZV9uYW1lIjoiaGFzZWViIiwiZXhwIjoxNzY4MzkxOTMxLCJpc3MiOiJNeUNvbXBhbnkiLCJhdWQiOiJNeUNvbXBhbnlVc2VycyJ9.P8A7fEcrOXG_uw1SQyZuvgB00hKN3BStyV5azkql9k0","refreshToken":"710fe544-6da1-4a67-bde5-9faf34397a70"}
2026-01-14 14:58:51.550 +05:00 [INF] HTTP POST /api/auth/login responded 200 in 483.3817 ms
2026-01-14 15:02:53.686 +05:00 [INF] HTTP GET /swagger/index.html responded 404 in 901.6186 ms | User: Anonymous (N/A) | IP: ::1 | RequestBody:  | ResponseBody: 
2026-01-14 15:02:53.872 +05:00 [INF] HTTP GET /swagger/index.html responded 404 in 1092.3931 ms
2026-01-14 15:03:30.775 +05:00 [INF] Forwarding request POST /api/auth/login to https://localhost:7222/api/auth/login
2026-01-14 15:03:38.617 +05:00 [INF] Received response 200 from https://localhost:7222/api/auth/login
2026-01-14 15:03:38.643 +05:00 [INF] HTTP POST /api/auth/login responded 200 in 8049.5328 ms | User: Anonymous (N/A) | IP: ::1 | RequestBody: {"Email":"haseeb@gmail.com","Password":"haseeb123"} | ResponseBody: {"accessToken":"eyJhbGciOiJIUzI1NiIsInR5cCI6IkpXVCJ9.eyJzdWIiOiIxMyIsImVtYWlsIjoiaGFzZWViQGdtYWlsLmNvbSIsInVuaXF1ZV9uYW1lIjoiaGFzZWViIiwiZXhwIjoxNzY4MzkyMjE3LCJpc3MiOiJNeUNvbXBhbnkiLCJhdWQiOiJNeUNvbXBhbnlVc2VycyJ9.SLsK6ubaRjwG6T6idUsw3xqFzOAln_grIPJlcQdSY9w","refreshToken":"6b918119-e315-4d64-b9f5-e47ec82167c5"}
2026-01-14 15:03:38.669 +05:00 [INF] HTTP POST /api/auth/login responded 200 in 8076.0010 ms
2026-01-14 15:04:11.829 +05:00 [INF] Forwarding request POST /api/auth/register to https://localhost:7222/api/auth/register
2026-01-14 15:04:12.712 +05:00 [INF] Received response 200 from https://localhost:7222/api/auth/register
2026-01-14 15:04:12.721 +05:00 [INF] HTTP POST /api/auth/register responded 200 in 900.2211 ms | User: Anonymous (N/A) | IP: ::1 | RequestBody: {"userName":"maaz","email":"maaz@gmail.com","password":"maaz123"} | ResponseBody: {"message":"User registered successfully"}
2026-01-14 15:04:12.739 +05:00 [INF] HTTP POST /api/auth/register responded 200 in 918.8550 ms
2026-01-14 15:04:30.347 +05:00 [INF] Forwarding request POST /api/auth/login to https://localhost:7222/api/auth/login
2026-01-14 15:04:30.799 +05:00 [INF] Received response 200 from https://localhost:7222/api/auth/login
2026-01-14 15:04:30.807 +05:00 [INF] HTTP POST /api/auth/login responded 200 in 467.4754 ms | User: Anonymous (N/A) | IP: ::1 | RequestBody: {"Email":"maaz@gmail.com","Password":"maaz123"} | ResponseBody: {"accessToken":"eyJhbGciOiJIUzI1NiIsInR5cCI6IkpXVCJ9.eyJzdWIiOiIxNiIsImVtYWlsIjoibWFhekBnbWFpbC5jb20iLCJ1bmlxdWVfbmFtZSI6Im1hYXoiLCJleHAiOjE3NjgzOTIyNzAsImlzcyI6Ik15Q29tcGFueSIsImF1ZCI6Ik15Q29tcGFueVVzZXJzIn0.yB0fTUM_HFL9IZF7FhcWW2YfpUVw8aoaiKRXv8r-xRg","refreshToken":"dc30fa92-f8ce-4993-bc62-ba790e8e5a00"}
2026-01-14 15:04:30.818 +05:00 [INF] HTTP POST /api/auth/login responded 200 in 478.4909 ms
2026-01-14 15:08:30.188 +05:00 [INF] Forwarding request POST /api/auth/login to https://localhost:7222/api/auth/login
2026-01-14 15:08:31.790 +05:00 [INF] Received response 200 from https://localhost:7222/api/auth/login
2026-01-14 15:08:31.805 +05:00 [INF] HTTP POST /api/auth/login responded 200 in 1663.4868 ms | User: Anonymous (N/A) | IP: ::1 | RequestBody: {"Email":"haseeb@gmail.com","Password":"haseeb123"} | ResponseBody: {"accessToken":"eyJhbGciOiJIUzI1NiIsInR5cCI6IkpXVCJ9.eyJzdWIiOiIxMyIsImVtYWlsIjoiaGFzZWViQGdtYWlsLmNvbSIsInVuaXF1ZV9uYW1lIjoiaGFzZWViIiwiZXhwIjoxNzY4MzkyNTExLCJpc3MiOiJNeUNvbXBhbnkiLCJhdWQiOiJNeUNvbXBhbnlVc2VycyJ9.0pc06_F7Y4Jy0G4FMiAcPZLpgk2gdr0LcKhSyp9Meo8","refreshToken":"8f43beb0-a49e-4df7-b418-d59563a043d9"}
2026-01-14 15:08:31.838 +05:00 [INF] HTTP POST /api/auth/login responded 200 in 1698.7471 ms
2026-01-14 15:12:39.937 +05:00 [INF] Forwarding request POST /api/auth/login to https://localhost:7222/api/auth/login
2026-01-14 15:12:41.555 +05:00 [INF] Received response 200 from https://localhost:7222/api/auth/login
2026-01-14 15:12:41.568 +05:00 [INF] HTTP POST /api/auth/login responded 200 in 1708.1113 ms | User: Anonymous (N/A) | IP: ::1 | RequestBody: {"Email":"haseeb@gmail.com","Password":"haseeb123"} | ResponseBody: {"accessToken":"eyJhbGciOiJIUzI1NiIsInR5cCI6IkpXVCJ9.eyJzdWIiOiIxMyIsImVtYWlsIjoiaGFzZWViQGdtYWlsLmNvbSIsInVuaXF1ZV9uYW1lIjoiaGFzZWViIiwiZXhwIjoxNzY4MzkyNzYxLCJpc3MiOiJNeUNvbXBhbnkiLCJhdWQiOiJNeUNvbXBhbnlVc2VycyJ9.NrCzaYNU6wph_lJt83Xe7rHt7jx933CZeLIlI5SAaho","refreshToken":"64864cfc-ff10-4ef9-8cc8-026bc9a36d1c"}
2026-01-14 15:12:41.591 +05:00 [INF] HTTP POST /api/auth/login responded 200 in 1733.2862 ms
2026-01-14 15:13:26.678 +05:00 [INF] Forwarding request POST /api/auth/login to https://localhost:7222/api/auth/login
2026-01-14 15:13:27.602 +05:00 [INF] Received response 401 from https://localhost:7222/api/auth/login
2026-01-14 15:13:27.611 +05:00 [INF] HTTP POST /api/auth/login responded 401 in 934.8187 ms | User: Anonymous (N/A) | IP: ::1 | RequestBody: {"Email":"haseeb@gmail.com","Password":"hasseb123"} | ResponseBody: {"message":"Invalid email or password"}
2026-01-14 15:13:27.637 +05:00 [INF] HTTP POST /api/auth/login responded 401 in 960.6561 ms
2026-01-14 15:13:39.949 +05:00 [INF] Forwarding request POST /api/auth/login to https://localhost:7222/api/auth/login
2026-01-14 15:13:40.588 +05:00 [INF] Received response 401 from https://localhost:7222/api/auth/login
2026-01-14 15:13:40.596 +05:00 [INF] HTTP POST /api/auth/login responded 401 in 649.0136 ms | User: Anonymous (N/A) | IP: ::1 | RequestBody: {"Email":"haseeb@gmail.com","Password":"hasseb123"} | ResponseBody: {"message":"Invalid email or password"}
2026-01-14 15:13:40.610 +05:00 [INF] HTTP POST /api/auth/login responded 401 in 662.5573 ms
2026-01-14 15:13:55.579 +05:00 [INF] Forwarding request POST /api/auth/login to https://localhost:7222/api/auth/login
2026-01-14 15:13:56.003 +05:00 [INF] Received response 200 from https://localhost:7222/api/auth/login
2026-01-14 15:13:56.013 +05:00 [INF] HTTP POST /api/auth/login responded 200 in 434.3626 ms | User: Anonymous (N/A) | IP: ::1 | RequestBody: {"Email":"haseeb@gmail.com","Password":"haseeb123"} | ResponseBody: {"accessToken":"eyJhbGciOiJIUzI1NiIsInR5cCI6IkpXVCJ9.eyJzdWIiOiIxMyIsImVtYWlsIjoiaGFzZWViQGdtYWlsLmNvbSIsInVuaXF1ZV9uYW1lIjoiaGFzZWViIiwiZXhwIjoxNzY4MzkyODM1LCJpc3MiOiJNeUNvbXBhbnkiLCJhdWQiOiJNeUNvbXBhbnlVc2VycyJ9.Ou_Q9KndE-6uFz9KqOyVocSte4CzTeIgZ2jLkqKjgig","refreshToken":"993b1343-642a-47c9-8323-21c3fef5ebb4"}
2026-01-14 15:13:56.027 +05:00 [INF] HTTP POST /api/auth/login responded 200 in 448.0169 ms
2026-01-14 15:17:45.330 +05:00 [INF] HTTP GET /swagger/index.html responded 404 in 577.1785 ms | User: Anonymous (N/A) | IP: ::1 | RequestBody:  | ResponseBody: 
2026-01-14 15:17:46.192 +05:00 [INF] HTTP GET /swagger/index.html responded 404 in 1440.3590 ms
2026-01-14 15:18:10.917 +05:00 [INF] Forwarding request POST /api/auth/login to https://localhost:7222/api/auth/login
2026-01-14 15:18:17.888 +05:00 [INF] Received response 200 from https://localhost:7222/api/auth/login
2026-01-14 15:18:17.913 +05:00 [INF] HTTP POST /api/auth/login responded 200 in 7070.8529 ms | User: Anonymous (N/A) | IP: ::1 | RequestBody: {"Email":"haseeb@gmail.com","Password":"haseeb123"} | ResponseBody: {"accessToken":"eyJhbGciOiJIUzI1NiIsInR5cCI6IkpXVCJ9.eyJzdWIiOiIxMyIsImVtYWlsIjoiaGFzZWViQGdtYWlsLmNvbSIsInVuaXF1ZV9uYW1lIjoiaGFzZWViIiwiZXhwIjoxNzY4MzkzMDk2LCJpc3MiOiJNeUNvbXBhbnkiLCJhdWQiOiJNeUNvbXBhbnlVc2VycyJ9.XC4h3gZX2OrLkEd1xFJaxpiI418bsVL8xyZpy_n9UVQ","refreshToken":"fc20f71b-a16e-4b10-921b-e9684fc11bfa"}
2026-01-14 15:18:17.943 +05:00 [INF] HTTP POST /api/auth/login responded 200 in 7100.8727 ms
2026-01-14 15:33:52.942 +05:00 [INF] HTTP GET /swagger/index.html responded 404 in 590.3864 ms | User: Anonymous (N/A) | IP: ::1 | RequestBody:  | ResponseBody: 
2026-01-14 15:33:53.652 +05:00 [INF] HTTP GET /swagger/index.html responded 404 in 1328.0285 ms
2026-01-14 15:34:14.174 +05:00 [INF] JWT validated for haseeb
2026-01-14 15:34:14.233 +05:00 [INF] Forwarding request GET /api/promotions/dashboard/metrics to https://localhost:7043/api/promotions/dashboard/metrics
2026-01-14 15:34:20.202 +05:00 [INF] Received response 200 from https://localhost:7043/api/promotions/dashboard/metrics
2026-01-14 15:34:20.224 +05:00 [INF] HTTP GET /api/promotions/dashboard/metrics responded 200 in 6249.4919 ms | User: haseeb (N/A) | IP: ::1 | RequestBody:  | ResponseBody: {"totalPromotions":8,"totalProducts":8,"totalParticipants":8,"activeActions":8,"estimatedRevenue":0}
2026-01-14 15:34:20.254 +05:00 [INF] HTTP GET /api/promotions/dashboard/metrics responded 200 in 6279.0988 ms
2026-01-14 15:34:20.259 +05:00 [INF] JWT validated for haseeb
2026-01-14 15:34:20.271 +05:00 [INF] Forwarding request GET /api/promotions/dashboard/metrics to https://localhost:7043/api/promotions/dashboard/metrics
2026-01-14 15:34:20.383 +05:00 [INF] Received response 200 from https://localhost:7043/api/promotions/dashboard/metrics
2026-01-14 15:34:20.392 +05:00 [INF] HTTP GET /api/promotions/dashboard/metrics responded 200 in 137.0866 ms | User: haseeb (N/A) | IP: ::1 | RequestBody:  | ResponseBody: {"totalPromotions":8,"totalProducts":8,"totalParticipants":8,"activeActions":8,"estimatedRevenue":0}
2026-01-14 15:34:20.410 +05:00 [INF] HTTP GET /api/promotions/dashboard/metrics responded 200 in 154.3812 ms
2026-01-14 15:34:29.324 +05:00 [INF] Forwarding request POST /api/auth/login to https://localhost:7222/api/auth/login
2026-01-14 15:34:35.405 +05:00 [INF] Received response 200 from https://localhost:7222/api/auth/login
2026-01-14 15:34:35.412 +05:00 [INF] HTTP POST /api/auth/login responded 200 in 6102.4867 ms | User: Anonymous (N/A) | IP: ::1 | RequestBody: {"Email":"haseeb@gmail.com","Password":"haseeb123"} | ResponseBody: {"accessToken":"eyJhbGciOiJIUzI1NiIsInR5cCI6IkpXVCJ9.eyJzdWIiOiIxMyIsImVtYWlsIjoiaGFzZWViQGdtYWlsLmNvbSIsInVuaXF1ZV9uYW1lIjoiaGFzZWViIiwiZXhwIjoxNzY4Mzk0MDc0LCJpc3MiOiJNeUNvbXBhbnkiLCJhdWQiOiJNeUNvbXBhbnlVc2VycyJ9.Y6K9Zyr1_tfoiRW1ntWwv2QpVlMcZIOdyCu4bkrSzNQ","refreshToken":"646a3f3e-02b8-4399-9d53-d316113cd610"}
2026-01-14 15:34:35.434 +05:00 [INF] HTTP POST /api/auth/login responded 200 in 6123.8923 ms
2026-01-14 15:34:35.477 +05:00 [INF] JWT validated for haseeb
2026-01-14 15:34:35.485 +05:00 [INF] Forwarding request GET /api/promotions/dashboard/metrics to https://localhost:7043/api/promotions/dashboard/metrics
2026-01-14 15:34:35.697 +05:00 [INF] Received response 200 from https://localhost:7043/api/promotions/dashboard/metrics
2026-01-14 15:34:35.705 +05:00 [INF] HTTP GET /api/promotions/dashboard/metrics responded 200 in 228.9245 ms | User: haseeb (N/A) | IP: ::1 | RequestBody:  | ResponseBody: {"totalPromotions":8,"totalProducts":8,"totalParticipants":8,"activeActions":8,"estimatedRevenue":0}
2026-01-14 15:34:35.715 +05:00 [INF] HTTP GET /api/promotions/dashboard/metrics responded 200 in 238.4795 ms
2026-01-14 15:34:35.719 +05:00 [INF] JWT validated for haseeb
2026-01-14 15:34:35.725 +05:00 [INF] Forwarding request GET /api/promotions/dashboard/metrics to https://localhost:7043/api/promotions/dashboard/metrics
2026-01-14 15:34:35.760 +05:00 [INF] Received response 200 from https://localhost:7043/api/promotions/dashboard/metrics
2026-01-14 15:34:35.767 +05:00 [INF] HTTP GET /api/promotions/dashboard/metrics responded 200 in 48.7503 ms | User: haseeb (N/A) | IP: ::1 | RequestBody:  | ResponseBody: {"totalPromotions":8,"totalProducts":8,"totalParticipants":8,"activeActions":8,"estimatedRevenue":0}
2026-01-14 15:34:35.778 +05:00 [INF] HTTP GET /api/promotions/dashboard/metrics responded 200 in 59.6238 ms
2026-01-14 15:37:50.713 +05:00 [INF] JWT validated for haseeb
2026-01-14 15:37:50.761 +05:00 [INF] Forwarding request GET /api/promotions/dashboard/metrics to https://localhost:7043/api/promotions/dashboard/metrics
2026-01-14 15:37:51.170 +05:00 [INF] Received response 200 from https://localhost:7043/api/promotions/dashboard/metrics
2026-01-14 15:37:51.180 +05:00 [INF] HTTP GET /api/promotions/dashboard/metrics responded 200 in 476.8123 ms | User: haseeb (N/A) | IP: ::1 | RequestBody:  | ResponseBody: {"totalPromotions":8,"totalProducts":8,"totalParticipants":8,"activeActions":8,"estimatedRevenue":0}
2026-01-14 15:37:51.197 +05:00 [INF] HTTP GET /api/promotions/dashboard/metrics responded 200 in 493.9214 ms
2026-01-14 15:38:41.572 +05:00 [INF] JWT validated for haseeb
2026-01-14 15:38:41.587 +05:00 [INF] Forwarding request GET /api/promotions/dashboard/metrics to https://localhost:7043/api/promotions/dashboard/metrics
2026-01-14 15:38:41.906 +05:00 [INF] Received response 200 from https://localhost:7043/api/promotions/dashboard/metrics
2026-01-14 15:38:41.913 +05:00 [INF] HTTP GET /api/promotions/dashboard/metrics responded 200 in 351.7512 ms | User: haseeb (N/A) | IP: ::1 | RequestBody:  | ResponseBody: {"totalPromotions":8,"totalProducts":8,"totalParticipants":8,"activeActions":8,"estimatedRevenue":0}
2026-01-14 15:38:41.924 +05:00 [INF] HTTP GET /api/promotions/dashboard/metrics responded 200 in 363.0389 ms
2026-01-14 15:44:24.381 +05:00 [INF] HTTP GET /swagger/index.html responded 404 in 690.1732 ms | User: Anonymous (N/A) | IP: ::1 | RequestBody:  | ResponseBody: 
2026-01-14 15:44:24.662 +05:00 [INF] HTTP GET /swagger/index.html responded 404 in 988.8670 ms
2026-01-14 15:44:54.737 +05:00 [INF] JWT validated for haseeb
2026-01-14 15:44:54.809 +05:00 [INF] Forwarding request GET /api/promotions/dashboard/metrics to https://localhost:7043/api/promotions/dashboard/metrics
2026-01-14 15:45:00.551 +05:00 [INF] Received response 200 from https://localhost:7043/api/promotions/dashboard/metrics
2026-01-14 15:45:00.577 +05:00 [INF] HTTP GET /api/promotions/dashboard/metrics responded 200 in 6021.0786 ms | User: haseeb (N/A) | IP: ::1 | RequestBody:  | ResponseBody: {"totalPromotions":8,"totalProducts":8,"totalParticipants":8,"activeActions":8,"estimatedRevenue":0}
2026-01-14 15:45:00.609 +05:00 [INF] HTTP GET /api/promotions/dashboard/metrics responded 200 in 6053.2100 ms
2026-01-14 15:45:00.624 +05:00 [INF] JWT validated for haseeb
2026-01-14 15:45:00.631 +05:00 [INF] Forwarding request GET /api/promotions/dashboard/metrics to https://localhost:7043/api/promotions/dashboard/metrics
2026-01-14 15:45:00.730 +05:00 [INF] Received response 200 from https://localhost:7043/api/promotions/dashboard/metrics
2026-01-14 15:45:00.738 +05:00 [INF] HTTP GET /api/promotions/dashboard/metrics responded 200 in 122.5773 ms | User: haseeb (N/A) | IP: ::1 | RequestBody:  | ResponseBody: {"totalPromotions":8,"totalProducts":8,"totalParticipants":8,"activeActions":8,"estimatedRevenue":0}
2026-01-14 15:45:00.761 +05:00 [INF] HTTP GET /api/promotions/dashboard/metrics responded 200 in 145.8253 ms
2026-01-14 15:45:07.474 +05:00 [INF] Forwarding request POST /api/auth/login to https://localhost:7222/api/auth/login
2026-01-14 15:45:13.867 +05:00 [INF] Received response 200 from https://localhost:7222/api/auth/login
2026-01-14 15:45:13.877 +05:00 [INF] HTTP POST /api/auth/login responded 200 in 6409.7711 ms | User: Anonymous (N/A) | IP: ::1 | RequestBody: {"Email":"haseeb@gmail.com","Password":"haseeb123"} | ResponseBody: {"accessToken":"eyJhbGciOiJIUzI1NiIsInR5cCI6IkpXVCJ9.eyJzdWIiOiIxMyIsImVtYWlsIjoiaGFzZWViQGdtYWlsLmNvbSIsInVuaXF1ZV9uYW1lIjoiaGFzZWViIiwiZXhwIjoxNzY4Mzk0NzEyLCJpc3MiOiJNeUNvbXBhbnkiLCJhdWQiOiJNeUNvbXBhbnlVc2VycyJ9.ncxj_yh5QT3wSYwQlAS2jvI43xdOv22-Xy-H3eiZDxU","refreshToken":"8d74fca7-a074-4ded-85ab-d7ad04450433"}
2026-01-14 15:45:13.893 +05:00 [INF] HTTP POST /api/auth/login responded 200 in 6425.7050 ms
2026-01-14 15:45:13.926 +05:00 [INF] JWT validated for haseeb
2026-01-14 15:45:13.934 +05:00 [INF] Forwarding request GET /api/promotions/dashboard/metrics to https://localhost:7043/api/promotions/dashboard/metrics
2026-01-14 15:45:14.160 +05:00 [INF] Received response 200 from https://localhost:7043/api/promotions/dashboard/metrics
2026-01-14 15:45:14.168 +05:00 [INF] HTTP GET /api/promotions/dashboard/metrics responded 200 in 243.4434 ms | User: haseeb (N/A) | IP: ::1 | RequestBody:  | ResponseBody: {"totalPromotions":8,"totalProducts":8,"totalParticipants":8,"activeActions":8,"estimatedRevenue":0}
2026-01-14 15:45:14.179 +05:00 [INF] HTTP GET /api/promotions/dashboard/metrics responded 200 in 253.7668 ms
2026-01-14 15:45:14.183 +05:00 [INF] JWT validated for haseeb
2026-01-14 15:45:14.189 +05:00 [INF] Forwarding request GET /api/promotions/dashboard/metrics to https://localhost:7043/api/promotions/dashboard/metrics
2026-01-14 15:45:14.220 +05:00 [INF] Received response 200 from https://localhost:7043/api/promotions/dashboard/metrics
2026-01-14 15:45:14.225 +05:00 [INF] HTTP GET /api/promotions/dashboard/metrics responded 200 in 43.4173 ms | User: haseeb (N/A) | IP: ::1 | RequestBody:  | ResponseBody: {"totalPromotions":8,"totalProducts":8,"totalParticipants":8,"activeActions":8,"estimatedRevenue":0}
2026-01-14 15:45:14.235 +05:00 [INF] HTTP GET /api/promotions/dashboard/metrics responded 200 in 53.4148 ms
2026-01-14 15:45:20.243 +05:00 [INF] JWT validated for haseeb
2026-01-14 15:45:20.251 +05:00 [INF] Forwarding request GET /api/promotions/actions to https://localhost:7043/api/promotions/actions
2026-01-14 15:45:20.355 +05:00 [INF] Received response 200 from https://localhost:7043/api/promotions/actions
2026-01-14 15:45:20.363 +05:00 [INF] HTTP GET /api/promotions/actions responded 200 in 119.6386 ms | User: haseeb (N/A) | IP: ::1 | RequestBody:  | ResponseBody: [{"idAction":1111,"name":"Atomic Campaign 1111","codDiv":"DIV-1111","dteStartSellIn":"2026-01-01T00:00:00","dteEndSellIn":"2026-01-31T00:00:00","dteStartSellOut":"2026-02-01T00:00:00","dteEndSellOut":"2026-02-28T00:00:00","documentKey":"DOC-1111","dteToShost":null,"levParticipants":1},{"idAction":5555,"name":"I will Rollback 5556","codDiv":"DIV-5555","dteStartSellIn":"2026-01-01T00:00:00","dteEndSellIn":"2026-01-31T00:00:00","dteStartSellOut":"2026-02-01T00:00:00","dteEndSellOut":"2026-02-28T00:00:00","documentKey":"DOC-5556","dteToShost":null,"levParticipants":1},{"idAction":6000,"name":"Zero Redundancy Campaign 6000","codDiv":"DIV-6000","dteStartSellIn":"2026-01-01T00:00:00","dteEndSellIn":"2026-01-31T00:00:00","dteStartSellOut":"2026-02-01T00:00:00","dteEndSellOut":"2026-02-28T00:00:00","documentKey":"DOC-6000","dteToShost":"2026-01-05T00:00:00","levParticipants":1},{"idAction":7000,"name":"Atomic Campaign 7000","codDiv":"DIV-7000","dteStartSellIn":"2026-01-01T00:00:00","dteEndSellIn":"2026-01-31T00:00:00","dteStartSellOut":"2026-02-01T00:00:00","dteEndSellOut":"2026-02-28T00:00:00","documentKey":"DOC-7000","dteToShost":null,"levParticipants":1},{"idAction":7777,"name":"Atomic Success Campaign 7777","codDiv":"DIV-7777","dteStartSellIn":"2026-01-01T00:00:00","dteEndSellIn":"2026-01-31T00:00:00","dteStartSellOut":"2026-02-01T00:00:00","dteEndSellOut":"2026-02-28T00:00:00","documentKey":"DOC-7777","dteToShost":null,"levParticipants":1},{"idAction":8888,"name":"Atomic Campaign 8888 Complete","codDiv":"DIV-8888","dteStartSellIn":"2026-01-01T00:00:00","dteEndSellIn":"2026-01-31T00:00:00","dteStartSellOut":"2026-02-01T00:00:00","dteEndSellOut":"2026-02-28T00:00:00","documentKey":"DOC-8888","dteToShost":null,"levParticipants":1},{"idAction":9000,"name":"Balanced Atomic Campaign 9000","codDiv":"DIV-9000","dteStartSellIn":"2026-01-01T00:00:00","dteEndSellIn":"2026-01-31T00:00:00","dteStartSellOut":"2026-02-01T00:00:00","dteEndSellOut":"2026-02-28T00:00:00","documentKey":"DOC-9000","dteToShost":null,"levParticipants":1},{"idAction":9999,"name":"I should not exist in DB","codDiv":"DIV-9999","dteStartSellIn":"2026-01-01T00:00:00","dteEndSellIn":"2026-01-31T00:00:00","dteStartSellOut":"2026-02-01T00:00:00","dteEndSellOut":"2026-02-28T00:00:00","documentKey":"DOC-9999","dteToShost":null,"levParticipants":1}]
2026-01-14 15:45:20.378 +05:00 [INF] HTTP GET /api/promotions/actions responded 200 in 135.0750 ms
2026-01-14 15:45:20.384 +05:00 [INF] JWT validated for haseeb
2026-01-14 15:45:20.398 +05:00 [INF] Forwarding request GET /api/promotions/actions to https://localhost:7043/api/promotions/actions
2026-01-14 15:45:20.427 +05:00 [INF] Received response 200 from https://localhost:7043/api/promotions/actions
2026-01-14 15:45:20.435 +05:00 [INF] HTTP GET /api/promotions/actions responded 200 in 50.8381 ms | User: haseeb (N/A) | IP: ::1 | RequestBody:  | ResponseBody: [{"idAction":1111,"name":"Atomic Campaign 1111","codDiv":"DIV-1111","dteStartSellIn":"2026-01-01T00:00:00","dteEndSellIn":"2026-01-31T00:00:00","dteStartSellOut":"2026-02-01T00:00:00","dteEndSellOut":"2026-02-28T00:00:00","documentKey":"DOC-1111","dteToShost":null,"levParticipants":1},{"idAction":5555,"name":"I will Rollback 5556","codDiv":"DIV-5555","dteStartSellIn":"2026-01-01T00:00:00","dteEndSellIn":"2026-01-31T00:00:00","dteStartSellOut":"2026-02-01T00:00:00","dteEndSellOut":"2026-02-28T00:00:00","documentKey":"DOC-5556","dteToShost":null,"levParticipants":1},{"idAction":6000,"name":"Zero Redundancy Campaign 6000","codDiv":"DIV-6000","dteStartSellIn":"2026-01-01T00:00:00","dteEndSellIn":"2026-01-31T00:00:00","dteStartSellOut":"2026-02-01T00:00:00","dteEndSellOut":"2026-02-28T00:00:00","documentKey":"DOC-6000","dteToShost":"2026-01-05T00:00:00","levParticipants":1},{"idAction":7000,"name":"Atomic Campaign 7000","codDiv":"DIV-7000","dteStartSellIn":"2026-01-01T00:00:00","dteEndSellIn":"2026-01-31T00:00:00","dteStartSellOut":"2026-02-01T00:00:00","dteEndSellOut":"2026-02-28T00:00:00","documentKey":"DOC-7000","dteToShost":null,"levParticipants":1},{"idAction":7777,"name":"Atomic Success Campaign 7777","codDiv":"DIV-7777","dteStartSellIn":"2026-01-01T00:00:00","dteEndSellIn":"2026-01-31T00:00:00","dteStartSellOut":"2026-02-01T00:00:00","dteEndSellOut":"2026-02-28T00:00:00","documentKey":"DOC-7777","dteToShost":null,"levParticipants":1},{"idAction":8888,"name":"Atomic Campaign 8888 Complete","codDiv":"DIV-8888","dteStartSellIn":"2026-01-01T00:00:00","dteEndSellIn":"2026-01-31T00:00:00","dteStartSellOut":"2026-02-01T00:00:00","dteEndSellOut":"2026-02-28T00:00:00","documentKey":"DOC-8888","dteToShost":null,"levParticipants":1},{"idAction":9000,"name":"Balanced Atomic Campaign 9000","codDiv":"DIV-9000","dteStartSellIn":"2026-01-01T00:00:00","dteEndSellIn":"2026-01-31T00:00:00","dteStartSellOut":"2026-02-01T00:00:00","dteEndSellOut":"2026-02-28T00:00:00","documentKey":"DOC-9000","dteToShost":null,"levParticipants":1},{"idAction":9999,"name":"I should not exist in DB","codDiv":"DIV-9999","dteStartSellIn":"2026-01-01T00:00:00","dteEndSellIn":"2026-01-31T00:00:00","dteStartSellOut":"2026-02-01T00:00:00","dteEndSellOut":"2026-02-28T00:00:00","documentKey":"DOC-9999","dteToShost":null,"levParticipants":1}]
2026-01-14 15:45:20.445 +05:00 [INF] HTTP GET /api/promotions/actions responded 200 in 61.8292 ms
2026-01-14 15:45:37.949 +05:00 [INF] JWT validated for haseeb
2026-01-14 15:45:37.959 +05:00 [INF] Forwarding request GET /api/promotions/actions to https://localhost:7043/api/promotions/actions
2026-01-14 15:45:38.004 +05:00 [INF] Received response 200 from https://localhost:7043/api/promotions/actions
2026-01-14 15:45:38.017 +05:00 [INF] HTTP GET /api/promotions/actions responded 200 in 68.9283 ms | User: haseeb (N/A) | IP: ::1 | RequestBody:  | ResponseBody: [{"idAction":1111,"name":"Atomic Campaign 1111","codDiv":"DIV-1111","dteStartSellIn":"2026-01-01T00:00:00","dteEndSellIn":"2026-01-31T00:00:00","dteStartSellOut":"2026-02-01T00:00:00","dteEndSellOut":"2026-02-28T00:00:00","documentKey":"DOC-1111","dteToShost":null,"levParticipants":1},{"idAction":5555,"name":"I will Rollback 5556","codDiv":"DIV-5555","dteStartSellIn":"2026-01-01T00:00:00","dteEndSellIn":"2026-01-31T00:00:00","dteStartSellOut":"2026-02-01T00:00:00","dteEndSellOut":"2026-02-28T00:00:00","documentKey":"DOC-5556","dteToShost":null,"levParticipants":1},{"idAction":6000,"name":"Zero Redundancy Campaign 6000","codDiv":"DIV-6000","dteStartSellIn":"2026-01-01T00:00:00","dteEndSellIn":"2026-01-31T00:00:00","dteStartSellOut":"2026-02-01T00:00:00","dteEndSellOut":"2026-02-28T00:00:00","documentKey":"DOC-6000","dteToShost":"2026-01-05T00:00:00","levParticipants":1},{"idAction":7000,"name":"Atomic Campaign 7000","codDiv":"DIV-7000","dteStartSellIn":"2026-01-01T00:00:00","dteEndSellIn":"2026-01-31T00:00:00","dteStartSellOut":"2026-02-01T00:00:00","dteEndSellOut":"2026-02-28T00:00:00","documentKey":"DOC-7000","dteToShost":null,"levParticipants":1},{"idAction":7777,"name":"Atomic Success Campaign 7777","codDiv":"DIV-7777","dteStartSellIn":"2026-01-01T00:00:00","dteEndSellIn":"2026-01-31T00:00:00","dteStartSellOut":"2026-02-01T00:00:00","dteEndSellOut":"2026-02-28T00:00:00","documentKey":"DOC-7777","dteToShost":null,"levParticipants":1},{"idAction":8888,"name":"Atomic Campaign 8888 Complete","codDiv":"DIV-8888","dteStartSellIn":"2026-01-01T00:00:00","dteEndSellIn":"2026-01-31T00:00:00","dteStartSellOut":"2026-02-01T00:00:00","dteEndSellOut":"2026-02-28T00:00:00","documentKey":"DOC-8888","dteToShost":null,"levParticipants":1},{"idAction":9000,"name":"Balanced Atomic Campaign 9000","codDiv":"DIV-9000","dteStartSellIn":"2026-01-01T00:00:00","dteEndSellIn":"2026-01-31T00:00:00","dteStartSellOut":"2026-02-01T00:00:00","dteEndSellOut":"2026-02-28T00:00:00","documentKey":"DOC-9000","dteToShost":null,"levParticipants":1},{"idAction":9999,"name":"I should not exist in DB","codDiv":"DIV-9999","dteStartSellIn":"2026-01-01T00:00:00","dteEndSellIn":"2026-01-31T00:00:00","dteStartSellOut":"2026-02-01T00:00:00","dteEndSellOut":"2026-02-28T00:00:00","documentKey":"DOC-9999","dteToShost":null,"levParticipants":1}]
2026-01-14 15:45:38.048 +05:00 [INF] HTTP GET /api/promotions/actions responded 200 in 100.2898 ms
2026-01-14 15:45:38.054 +05:00 [INF] JWT validated for haseeb
2026-01-14 15:45:38.082 +05:00 [INF] Forwarding request GET /api/promotions/actions to https://localhost:7043/api/promotions/actions
2026-01-14 15:45:38.131 +05:00 [INF] Received response 200 from https://localhost:7043/api/promotions/actions
2026-01-14 15:45:38.140 +05:00 [INF] HTTP GET /api/promotions/actions responded 200 in 86.7924 ms | User: haseeb (N/A) | IP: ::1 | RequestBody:  | ResponseBody: [{"idAction":1111,"name":"Atomic Campaign 1111","codDiv":"DIV-1111","dteStartSellIn":"2026-01-01T00:00:00","dteEndSellIn":"2026-01-31T00:00:00","dteStartSellOut":"2026-02-01T00:00:00","dteEndSellOut":"2026-02-28T00:00:00","documentKey":"DOC-1111","dteToShost":null,"levParticipants":1},{"idAction":5555,"name":"I will Rollback 5556","codDiv":"DIV-5555","dteStartSellIn":"2026-01-01T00:00:00","dteEndSellIn":"2026-01-31T00:00:00","dteStartSellOut":"2026-02-01T00:00:00","dteEndSellOut":"2026-02-28T00:00:00","documentKey":"DOC-5556","dteToShost":null,"levParticipants":1},{"idAction":6000,"name":"Zero Redundancy Campaign 6000","codDiv":"DIV-6000","dteStartSellIn":"2026-01-01T00:00:00","dteEndSellIn":"2026-01-31T00:00:00","dteStartSellOut":"2026-02-01T00:00:00","dteEndSellOut":"2026-02-28T00:00:00","documentKey":"DOC-6000","dteToShost":"2026-01-05T00:00:00","levParticipants":1},{"idAction":7000,"name":"Atomic Campaign 7000","codDiv":"DIV-7000","dteStartSellIn":"2026-01-01T00:00:00","dteEndSellIn":"2026-01-31T00:00:00","dteStartSellOut":"2026-02-01T00:00:00","dteEndSellOut":"2026-02-28T00:00:00","documentKey":"DOC-7000","dteToShost":null,"levParticipants":1},{"idAction":7777,"name":"Atomic Success Campaign 7777","codDiv":"DIV-7777","dteStartSellIn":"2026-01-01T00:00:00","dteEndSellIn":"2026-01-31T00:00:00","dteStartSellOut":"2026-02-01T00:00:00","dteEndSellOut":"2026-02-28T00:00:00","documentKey":"DOC-7777","dteToShost":null,"levParticipants":1},{"idAction":8888,"name":"Atomic Campaign 8888 Complete","codDiv":"DIV-8888","dteStartSellIn":"2026-01-01T00:00:00","dteEndSellIn":"2026-01-31T00:00:00","dteStartSellOut":"2026-02-01T00:00:00","dteEndSellOut":"2026-02-28T00:00:00","documentKey":"DOC-8888","dteToShost":null,"levParticipants":1},{"idAction":9000,"name":"Balanced Atomic Campaign 9000","codDiv":"DIV-9000","dteStartSellIn":"2026-01-01T00:00:00","dteEndSellIn":"2026-01-31T00:00:00","dteStartSellOut":"2026-02-01T00:00:00","dteEndSellOut":"2026-02-28T00:00:00","documentKey":"DOC-9000","dteToShost":null,"levParticipants":1},{"idAction":9999,"name":"I should not exist in DB","codDiv":"DIV-9999","dteStartSellIn":"2026-01-01T00:00:00","dteEndSellIn":"2026-01-31T00:00:00","dteStartSellOut":"2026-02-01T00:00:00","dteEndSellOut":"2026-02-28T00:00:00","documentKey":"DOC-9999","dteToShost":null,"levParticipants":1}]
2026-01-14 15:45:38.158 +05:00 [INF] HTTP GET /api/promotions/actions responded 200 in 104.5245 ms
2026-01-14 15:45:39.633 +05:00 [INF] JWT validated for haseeb
2026-01-14 15:45:39.643 +05:00 [INF] Forwarding request GET /api/promotions/dashboard/metrics to https://localhost:7043/api/promotions/dashboard/metrics
2026-01-14 15:45:39.690 +05:00 [INF] Received response 200 from https://localhost:7043/api/promotions/dashboard/metrics
2026-01-14 15:45:39.694 +05:00 [INF] HTTP GET /api/promotions/dashboard/metrics responded 200 in 62.4831 ms | User: haseeb (N/A) | IP: ::1 | RequestBody:  | ResponseBody: {"totalPromotions":8,"totalProducts":8,"totalParticipants":8,"activeActions":8,"estimatedRevenue":0}
2026-01-14 15:45:39.706 +05:00 [INF] HTTP GET /api/promotions/dashboard/metrics responded 200 in 74.0091 ms
2026-01-14 15:45:39.708 +05:00 [INF] JWT validated for haseeb
2026-01-14 15:45:39.716 +05:00 [INF] Forwarding request GET /api/promotions/dashboard/metrics to https://localhost:7043/api/promotions/dashboard/metrics
2026-01-14 15:45:39.758 +05:00 [INF] Received response 200 from https://localhost:7043/api/promotions/dashboard/metrics
2026-01-14 15:45:39.764 +05:00 [INF] HTTP GET /api/promotions/dashboard/metrics responded 200 in 56.4501 ms | User: haseeb (N/A) | IP: ::1 | RequestBody:  | ResponseBody: {"totalPromotions":8,"totalProducts":8,"totalParticipants":8,"activeActions":8,"estimatedRevenue":0}
2026-01-14 15:45:39.774 +05:00 [INF] HTTP GET /api/promotions/dashboard/metrics responded 200 in 66.9437 ms
2026-01-14 15:46:04.381 +05:00 [INF] JWT validated for haseeb
2026-01-14 15:46:04.387 +05:00 [INF] Forwarding request GET /api/promotions/actions to https://localhost:7043/api/promotions/actions
2026-01-14 15:46:04.508 +05:00 [INF] Received response 200 from https://localhost:7043/api/promotions/actions
2026-01-14 15:46:04.520 +05:00 [INF] HTTP GET /api/promotions/actions responded 200 in 139.0941 ms | User: haseeb (N/A) | IP: ::1 | RequestBody:  | ResponseBody: [{"idAction":1111,"name":"Atomic Campaign 1111","codDiv":"DIV-1111","dteStartSellIn":"2026-01-01T00:00:00","dteEndSellIn":"2026-01-31T00:00:00","dteStartSellOut":"2026-02-01T00:00:00","dteEndSellOut":"2026-02-28T00:00:00","documentKey":"DOC-1111","dteToShost":null,"levParticipants":1},{"idAction":5555,"name":"I will Rollback 5556","codDiv":"DIV-5555","dteStartSellIn":"2026-01-01T00:00:00","dteEndSellIn":"2026-01-31T00:00:00","dteStartSellOut":"2026-02-01T00:00:00","dteEndSellOut":"2026-02-28T00:00:00","documentKey":"DOC-5556","dteToShost":null,"levParticipants":1},{"idAction":6000,"name":"Zero Redundancy Campaign 6000","codDiv":"DIV-6000","dteStartSellIn":"2026-01-01T00:00:00","dteEndSellIn":"2026-01-31T00:00:00","dteStartSellOut":"2026-02-01T00:00:00","dteEndSellOut":"2026-02-28T00:00:00","documentKey":"DOC-6000","dteToShost":"2026-01-05T00:00:00","levParticipants":1},{"idAction":7000,"name":"Atomic Campaign 7000","codDiv":"DIV-7000","dteStartSellIn":"2026-01-01T00:00:00","dteEndSellIn":"2026-01-31T00:00:00","dteStartSellOut":"2026-02-01T00:00:00","dteEndSellOut":"2026-02-28T00:00:00","documentKey":"DOC-7000","dteToShost":null,"levParticipants":1},{"idAction":7777,"name":"Atomic Success Campaign 7777","codDiv":"DIV-7777","dteStartSellIn":"2026-01-01T00:00:00","dteEndSellIn":"2026-01-31T00:00:00","dteStartSellOut":"2026-02-01T00:00:00","dteEndSellOut":"2026-02-28T00:00:00","documentKey":"DOC-7777","dteToShost":null,"levParticipants":1},{"idAction":8888,"name":"Atomic Campaign 8888 Complete","codDiv":"DIV-8888","dteStartSellIn":"2026-01-01T00:00:00","dteEndSellIn":"2026-01-31T00:00:00","dteStartSellOut":"2026-02-01T00:00:00","dteEndSellOut":"2026-02-28T00:00:00","documentKey":"DOC-8888","dteToShost":null,"levParticipants":1},{"idAction":9000,"name":"Balanced Atomic Campaign 9000","codDiv":"DIV-9000","dteStartSellIn":"2026-01-01T00:00:00","dteEndSellIn":"2026-01-31T00:00:00","dteStartSellOut":"2026-02-01T00:00:00","dteEndSellOut":"2026-02-28T00:00:00","documentKey":"DOC-9000","dteToShost":null,"levParticipants":1},{"idAction":9999,"name":"I should not exist in DB","codDiv":"DIV-9999","dteStartSellIn":"2026-01-01T00:00:00","dteEndSellIn":"2026-01-31T00:00:00","dteStartSellOut":"2026-02-01T00:00:00","dteEndSellOut":"2026-02-28T00:00:00","documentKey":"DOC-9999","dteToShost":null,"levParticipants":1}]
2026-01-14 15:46:04.548 +05:00 [INF] HTTP GET /api/promotions/actions responded 200 in 167.7616 ms
2026-01-14 15:46:04.554 +05:00 [INF] JWT validated for haseeb
2026-01-14 15:46:04.576 +05:00 [INF] Forwarding request GET /api/promotions/actions to https://localhost:7043/api/promotions/actions
2026-01-14 15:46:04.620 +05:00 [INF] Received response 200 from https://localhost:7043/api/promotions/actions
2026-01-14 15:46:04.627 +05:00 [INF] HTTP GET /api/promotions/actions responded 200 in 73.4409 ms | User: haseeb (N/A) | IP: ::1 | RequestBody:  | ResponseBody: [{"idAction":1111,"name":"Atomic Campaign 1111","codDiv":"DIV-1111","dteStartSellIn":"2026-01-01T00:00:00","dteEndSellIn":"2026-01-31T00:00:00","dteStartSellOut":"2026-02-01T00:00:00","dteEndSellOut":"2026-02-28T00:00:00","documentKey":"DOC-1111","dteToShost":null,"levParticipants":1},{"idAction":5555,"name":"I will Rollback 5556","codDiv":"DIV-5555","dteStartSellIn":"2026-01-01T00:00:00","dteEndSellIn":"2026-01-31T00:00:00","dteStartSellOut":"2026-02-01T00:00:00","dteEndSellOut":"2026-02-28T00:00:00","documentKey":"DOC-5556","dteToShost":null,"levParticipants":1},{"idAction":6000,"name":"Zero Redundancy Campaign 6000","codDiv":"DIV-6000","dteStartSellIn":"2026-01-01T00:00:00","dteEndSellIn":"2026-01-31T00:00:00","dteStartSellOut":"2026-02-01T00:00:00","dteEndSellOut":"2026-02-28T00:00:00","documentKey":"DOC-6000","dteToShost":"2026-01-05T00:00:00","levParticipants":1},{"idAction":7000,"name":"Atomic Campaign 7000","codDiv":"DIV-7000","dteStartSellIn":"2026-01-01T00:00:00","dteEndSellIn":"2026-01-31T00:00:00","dteStartSellOut":"2026-02-01T00:00:00","dteEndSellOut":"2026-02-28T00:00:00","documentKey":"DOC-7000","dteToShost":null,"levParticipants":1},{"idAction":7777,"name":"Atomic Success Campaign 7777","codDiv":"DIV-7777","dteStartSellIn":"2026-01-01T00:00:00","dteEndSellIn":"2026-01-31T00:00:00","dteStartSellOut":"2026-02-01T00:00:00","dteEndSellOut":"2026-02-28T00:00:00","documentKey":"DOC-7777","dteToShost":null,"levParticipants":1},{"idAction":8888,"name":"Atomic Campaign 8888 Complete","codDiv":"DIV-8888","dteStartSellIn":"2026-01-01T00:00:00","dteEndSellIn":"2026-01-31T00:00:00","dteStartSellOut":"2026-02-01T00:00:00","dteEndSellOut":"2026-02-28T00:00:00","documentKey":"DOC-8888","dteToShost":null,"levParticipants":1},{"idAction":9000,"name":"Balanced Atomic Campaign 9000","codDiv":"DIV-9000","dteStartSellIn":"2026-01-01T00:00:00","dteEndSellIn":"2026-01-31T00:00:00","dteStartSellOut":"2026-02-01T00:00:00","dteEndSellOut":"2026-02-28T00:00:00","documentKey":"DOC-9000","dteToShost":null,"levParticipants":1},{"idAction":9999,"name":"I should not exist in DB","codDiv":"DIV-9999","dteStartSellIn":"2026-01-01T00:00:00","dteEndSellIn":"2026-01-31T00:00:00","dteStartSellOut":"2026-02-01T00:00:00","dteEndSellOut":"2026-02-28T00:00:00","documentKey":"DOC-9999","dteToShost":null,"levParticipants":1}]
2026-01-14 15:46:04.647 +05:00 [INF] HTTP GET /api/promotions/actions responded 200 in 94.0241 ms
2026-01-14 15:46:31.153 +05:00 [INF] JWT validated for haseeb
2026-01-14 15:46:31.172 +05:00 [INF] Forwarding request GET /api/promotions/actions to https://localhost:7043/api/promotions/actions
2026-01-14 15:46:31.323 +05:00 [INF] Received response 200 from https://localhost:7043/api/promotions/actions
2026-01-14 15:46:31.339 +05:00 [INF] HTTP GET /api/promotions/actions responded 200 in 186.3595 ms | User: haseeb (N/A) | IP: ::1 | RequestBody:  | ResponseBody: [{"idAction":1111,"name":"Atomic Campaign 1111","codDiv":"DIV-1111","dteStartSellIn":"2026-01-01T00:00:00","dteEndSellIn":"2026-01-31T00:00:00","dteStartSellOut":"2026-02-01T00:00:00","dteEndSellOut":"2026-02-28T00:00:00","documentKey":"DOC-1111","dteToShost":null,"levParticipants":1},{"idAction":5555,"name":"I will Rollback 5556","codDiv":"DIV-5555","dteStartSellIn":"2026-01-01T00:00:00","dteEndSellIn":"2026-01-31T00:00:00","dteStartSellOut":"2026-02-01T00:00:00","dteEndSellOut":"2026-02-28T00:00:00","documentKey":"DOC-5556","dteToShost":null,"levParticipants":1},{"idAction":6000,"name":"Zero Redundancy Campaign 6000","codDiv":"DIV-6000","dteStartSellIn":"2026-01-01T00:00:00","dteEndSellIn":"2026-01-31T00:00:00","dteStartSellOut":"2026-02-01T00:00:00","dteEndSellOut":"2026-02-28T00:00:00","documentKey":"DOC-6000","dteToShost":"2026-01-05T00:00:00","levParticipants":1},{"idAction":7000,"name":"Atomic Campaign 7000","codDiv":"DIV-7000","dteStartSellIn":"2026-01-01T00:00:00","dteEndSellIn":"2026-01-31T00:00:00","dteStartSellOut":"2026-02-01T00:00:00","dteEndSellOut":"2026-02-28T00:00:00","documentKey":"DOC-7000","dteToShost":null,"levParticipants":1},{"idAction":7777,"name":"Atomic Success Campaign 7777","codDiv":"DIV-7777","dteStartSellIn":"2026-01-01T00:00:00","dteEndSellIn":"2026-01-31T00:00:00","dteStartSellOut":"2026-02-01T00:00:00","dteEndSellOut":"2026-02-28T00:00:00","documentKey":"DOC-7777","dteToShost":null,"levParticipants":1},{"idAction":8888,"name":"Atomic Campaign 8888 Complete","codDiv":"DIV-8888","dteStartSellIn":"2026-01-01T00:00:00","dteEndSellIn":"2026-01-31T00:00:00","dteStartSellOut":"2026-02-01T00:00:00","dteEndSellOut":"2026-02-28T00:00:00","documentKey":"DOC-8888","dteToShost":null,"levParticipants":1},{"idAction":9000,"name":"Balanced Atomic Campaign 9000","codDiv":"DIV-9000","dteStartSellIn":"2026-01-01T00:00:00","dteEndSellIn":"2026-01-31T00:00:00","dteStartSellOut":"2026-02-01T00:00:00","dteEndSellOut":"2026-02-28T00:00:00","documentKey":"DOC-9000","dteToShost":null,"levParticipants":1},{"idAction":9999,"name":"I should not exist in DB","codDiv":"DIV-9999","dteStartSellIn":"2026-01-01T00:00:00","dteEndSellIn":"2026-01-31T00:00:00","dteStartSellOut":"2026-02-01T00:00:00","dteEndSellOut":"2026-02-28T00:00:00","documentKey":"DOC-9999","dteToShost":null,"levParticipants":1}]
2026-01-14 15:46:31.365 +05:00 [INF] HTTP GET /api/promotions/actions responded 200 in 212.1709 ms
2026-01-14 15:46:31.430 +05:00 [INF] JWT validated for haseeb
2026-01-14 15:46:31.447 +05:00 [INF] Forwarding request GET /api/promotions/actions to https://localhost:7043/api/promotions/actions
2026-01-14 15:46:31.500 +05:00 [INF] Received response 200 from https://localhost:7043/api/promotions/actions
2026-01-14 15:46:31.507 +05:00 [INF] HTTP GET /api/promotions/actions responded 200 in 132.5889 ms | User: haseeb (N/A) | IP: ::1 | RequestBody:  | ResponseBody: [{"idAction":1111,"name":"Atomic Campaign 1111","codDiv":"DIV-1111","dteStartSellIn":"2026-01-01T00:00:00","dteEndSellIn":"2026-01-31T00:00:00","dteStartSellOut":"2026-02-01T00:00:00","dteEndSellOut":"2026-02-28T00:00:00","documentKey":"DOC-1111","dteToShost":null,"levParticipants":1},{"idAction":5555,"name":"I will Rollback 5556","codDiv":"DIV-5555","dteStartSellIn":"2026-01-01T00:00:00","dteEndSellIn":"2026-01-31T00:00:00","dteStartSellOut":"2026-02-01T00:00:00","dteEndSellOut":"2026-02-28T00:00:00","documentKey":"DOC-5556","dteToShost":null,"levParticipants":1},{"idAction":6000,"name":"Zero Redundancy Campaign 6000","codDiv":"DIV-6000","dteStartSellIn":"2026-01-01T00:00:00","dteEndSellIn":"2026-01-31T00:00:00","dteStartSellOut":"2026-02-01T00:00:00","dteEndSellOut":"2026-02-28T00:00:00","documentKey":"DOC-6000","dteToShost":"2026-01-05T00:00:00","levParticipants":1},{"idAction":7000,"name":"Atomic Campaign 7000","codDiv":"DIV-7000","dteStartSellIn":"2026-01-01T00:00:00","dteEndSellIn":"2026-01-31T00:00:00","dteStartSellOut":"2026-02-01T00:00:00","dteEndSellOut":"2026-02-28T00:00:00","documentKey":"DOC-7000","dteToShost":null,"levParticipants":1},{"idAction":7777,"name":"Atomic Success Campaign 7777","codDiv":"DIV-7777","dteStartSellIn":"2026-01-01T00:00:00","dteEndSellIn":"2026-01-31T00:00:00","dteStartSellOut":"2026-02-01T00:00:00","dteEndSellOut":"2026-02-28T00:00:00","documentKey":"DOC-7777","dteToShost":null,"levParticipants":1},{"idAction":8888,"name":"Atomic Campaign 8888 Complete","codDiv":"DIV-8888","dteStartSellIn":"2026-01-01T00:00:00","dteEndSellIn":"2026-01-31T00:00:00","dteStartSellOut":"2026-02-01T00:00:00","dteEndSellOut":"2026-02-28T00:00:00","documentKey":"DOC-8888","dteToShost":null,"levParticipants":1},{"idAction":9000,"name":"Balanced Atomic Campaign 9000","codDiv":"DIV-9000","dteStartSellIn":"2026-01-01T00:00:00","dteEndSellIn":"2026-01-31T00:00:00","dteStartSellOut":"2026-02-01T00:00:00","dteEndSellOut":"2026-02-28T00:00:00","documentKey":"DOC-9000","dteToShost":null,"levParticipants":1},{"idAction":9999,"name":"I should not exist in DB","codDiv":"DIV-9999","dteStartSellIn":"2026-01-01T00:00:00","dteEndSellIn":"2026-01-31T00:00:00","dteStartSellOut":"2026-02-01T00:00:00","dteEndSellOut":"2026-02-28T00:00:00","documentKey":"DOC-9999","dteToShost":null,"levParticipants":1}]
2026-01-14 15:46:31.519 +05:00 [INF] HTTP GET /api/promotions/actions responded 200 in 144.5664 ms
2026-01-14 15:47:12.540 +05:00 [INF] JWT validated for haseeb
2026-01-14 15:47:12.552 +05:00 [INF] Forwarding request POST /api/promotions/actions to https://localhost:7043/api/promotions/actions
2026-01-14 15:47:12.906 +05:00 [INF] Received response 400 from https://localhost:7043/api/promotions/actions
2026-01-14 15:47:12.915 +05:00 [INF] HTTP POST /api/promotions/actions responded 400 in 375.6836 ms | User: haseeb (N/A) | IP: ::1 | RequestBody: {"name":"newpromo1111","codDiv":"DIV01","dteStartSellIn":"2026-01-01","dteEndSellIn":"2026-01-02","dteStartSellOut":"","dteEndSellOut":"","levParticipants":3} | ResponseBody: {"type":"https://tools.ietf.org/html/rfc9110#section-15.5.1","title":"One or more validation errors occurred.","status":400,"errors":{"dto":["The dto field is required."],"$.dteStartSellOut":["The JSON value could not be converted to System.DateTime. Path: $.dteStartSellOut | LineNumber: 0 | BytePositionInLine: 118."]},"traceId":"00-5d2a2007c64ee7d89dfe8c63493eebaf-5a6efb9d0b6802ea-00"}
2026-01-14 15:47:12.936 +05:00 [INF] HTTP POST /api/promotions/actions responded 400 in 396.1207 ms
2026-01-14 15:47:25.423 +05:00 [INF] JWT validated for haseeb
2026-01-14 15:47:25.434 +05:00 [INF] Forwarding request POST /api/promotions/actions to https://localhost:7043/api/promotions/actions
2026-01-14 15:47:25.473 +05:00 [INF] Received response 400 from https://localhost:7043/api/promotions/actions
2026-01-14 15:47:25.481 +05:00 [INF] HTTP POST /api/promotions/actions responded 400 in 58.5788 ms | User: haseeb (N/A) | IP: ::1 | RequestBody: {"name":"newpromo1111","codDiv":"DIV01","dteStartSellIn":"2026-01-01","dteEndSellIn":"2026-01-02","dteStartSellOut":"","dteEndSellOut":"","levParticipants":1} | ResponseBody: {"type":"https://tools.ietf.org/html/rfc9110#section-15.5.1","title":"One or more validation errors occurred.","status":400,"errors":{"dto":["The dto field is required."],"$.dteStartSellOut":["The JSON value could not be converted to System.DateTime. Path: $.dteStartSellOut | LineNumber: 0 | BytePositionInLine: 118."]},"traceId":"00-c122c2cb9952183d6973eef997450854-8f4ab437bc837ff0-00"}
2026-01-14 15:47:25.497 +05:00 [INF] HTTP POST /api/promotions/actions responded 400 in 73.7293 ms
2026-01-14 15:47:31.939 +05:00 [INF] JWT validated for haseeb
2026-01-14 15:47:31.950 +05:00 [INF] Forwarding request POST /api/promotions/actions to https://localhost:7043/api/promotions/actions
2026-01-14 15:47:31.983 +05:00 [INF] Received response 400 from https://localhost:7043/api/promotions/actions
2026-01-14 15:47:31.996 +05:00 [INF] HTTP POST /api/promotions/actions responded 400 in 57.5376 ms | User: haseeb (N/A) | IP: ::1 | RequestBody: {"name":"newpromo1111","codDiv":"DIV01","dteStartSellIn":"2026-01-01","dteEndSellIn":"2026-01-02","dteStartSellOut":"","dteEndSellOut":"","levParticipants":2} | ResponseBody: {"type":"https://tools.ietf.org/html/rfc9110#section-15.5.1","title":"One or more validation errors occurred.","status":400,"errors":{"dto":["The dto field is required."],"$.dteStartSellOut":["The JSON value could not be converted to System.DateTime. Path: $.dteStartSellOut | LineNumber: 0 | BytePositionInLine: 118."]},"traceId":"00-19b8d4f529aea817af08a0d2e055a1dd-b02e118f9741bc44-00"}
2026-01-14 15:47:32.016 +05:00 [INF] HTTP POST /api/promotions/actions responded 400 in 76.7945 ms
2026-01-14 15:47:44.298 +05:00 [INF] JWT validated for haseeb
2026-01-14 15:47:44.329 +05:00 [INF] Forwarding request GET /api/promotions/actions to https://localhost:7043/api/promotions/actions
2026-01-14 15:47:44.391 +05:00 [INF] Received response 200 from https://localhost:7043/api/promotions/actions
2026-01-14 15:47:44.407 +05:00 [INF] HTTP GET /api/promotions/actions responded 200 in 109.7189 ms | User: haseeb (N/A) | IP: ::1 | RequestBody:  | ResponseBody: [{"idAction":1111,"name":"Atomic Campaign 1111","codDiv":"DIV-1111","dteStartSellIn":"2026-01-01T00:00:00","dteEndSellIn":"2026-01-31T00:00:00","dteStartSellOut":"2026-02-01T00:00:00","dteEndSellOut":"2026-02-28T00:00:00","documentKey":"DOC-1111","dteToShost":null,"levParticipants":1},{"idAction":5555,"name":"I will Rollback 5556","codDiv":"DIV-5555","dteStartSellIn":"2026-01-01T00:00:00","dteEndSellIn":"2026-01-31T00:00:00","dteStartSellOut":"2026-02-01T00:00:00","dteEndSellOut":"2026-02-28T00:00:00","documentKey":"DOC-5556","dteToShost":null,"levParticipants":1},{"idAction":6000,"name":"Zero Redundancy Campaign 6000","codDiv":"DIV-6000","dteStartSellIn":"2026-01-01T00:00:00","dteEndSellIn":"2026-01-31T00:00:00","dteStartSellOut":"2026-02-01T00:00:00","dteEndSellOut":"2026-02-28T00:00:00","documentKey":"DOC-6000","dteToShost":"2026-01-05T00:00:00","levParticipants":1},{"idAction":7000,"name":"Atomic Campaign 7000","codDiv":"DIV-7000","dteStartSellIn":"2026-01-01T00:00:00","dteEndSellIn":"2026-01-31T00:00:00","dteStartSellOut":"2026-02-01T00:00:00","dteEndSellOut":"2026-02-28T00:00:00","documentKey":"DOC-7000","dteToShost":null,"levParticipants":1},{"idAction":7777,"name":"Atomic Success Campaign 7777","codDiv":"DIV-7777","dteStartSellIn":"2026-01-01T00:00:00","dteEndSellIn":"2026-01-31T00:00:00","dteStartSellOut":"2026-02-01T00:00:00","dteEndSellOut":"2026-02-28T00:00:00","documentKey":"DOC-7777","dteToShost":null,"levParticipants":1},{"idAction":8888,"name":"Atomic Campaign 8888 Complete","codDiv":"DIV-8888","dteStartSellIn":"2026-01-01T00:00:00","dteEndSellIn":"2026-01-31T00:00:00","dteStartSellOut":"2026-02-01T00:00:00","dteEndSellOut":"2026-02-28T00:00:00","documentKey":"DOC-8888","dteToShost":null,"levParticipants":1},{"idAction":9000,"name":"Balanced Atomic Campaign 9000","codDiv":"DIV-9000","dteStartSellIn":"2026-01-01T00:00:00","dteEndSellIn":"2026-01-31T00:00:00","dteStartSellOut":"2026-02-01T00:00:00","dteEndSellOut":"2026-02-28T00:00:00","documentKey":"DOC-9000","dteToShost":null,"levParticipants":1},{"idAction":9999,"name":"I should not exist in DB","codDiv":"DIV-9999","dteStartSellIn":"2026-01-01T00:00:00","dteEndSellIn":"2026-01-31T00:00:00","dteStartSellOut":"2026-02-01T00:00:00","dteEndSellOut":"2026-02-28T00:00:00","documentKey":"DOC-9999","dteToShost":null,"levParticipants":1}]
2026-01-14 15:47:44.450 +05:00 [INF] HTTP GET /api/promotions/actions responded 200 in 152.6369 ms
2026-01-14 15:47:44.454 +05:00 [INF] JWT validated for haseeb
2026-01-14 15:47:44.468 +05:00 [INF] Forwarding request GET /api/promotions/actions to https://localhost:7043/api/promotions/actions
2026-01-14 15:47:44.501 +05:00 [INF] Received response 200 from https://localhost:7043/api/promotions/actions
2026-01-14 15:47:44.511 +05:00 [INF] HTTP GET /api/promotions/actions responded 200 in 57.5628 ms | User: haseeb (N/A) | IP: ::1 | RequestBody:  | ResponseBody: [{"idAction":1111,"name":"Atomic Campaign 1111","codDiv":"DIV-1111","dteStartSellIn":"2026-01-01T00:00:00","dteEndSellIn":"2026-01-31T00:00:00","dteStartSellOut":"2026-02-01T00:00:00","dteEndSellOut":"2026-02-28T00:00:00","documentKey":"DOC-1111","dteToShost":null,"levParticipants":1},{"idAction":5555,"name":"I will Rollback 5556","codDiv":"DIV-5555","dteStartSellIn":"2026-01-01T00:00:00","dteEndSellIn":"2026-01-31T00:00:00","dteStartSellOut":"2026-02-01T00:00:00","dteEndSellOut":"2026-02-28T00:00:00","documentKey":"DOC-5556","dteToShost":null,"levParticipants":1},{"idAction":6000,"name":"Zero Redundancy Campaign 6000","codDiv":"DIV-6000","dteStartSellIn":"2026-01-01T00:00:00","dteEndSellIn":"2026-01-31T00:00:00","dteStartSellOut":"2026-02-01T00:00:00","dteEndSellOut":"2026-02-28T00:00:00","documentKey":"DOC-6000","dteToShost":"2026-01-05T00:00:00","levParticipants":1},{"idAction":7000,"name":"Atomic Campaign 7000","codDiv":"DIV-7000","dteStartSellIn":"2026-01-01T00:00:00","dteEndSellIn":"2026-01-31T00:00:00","dteStartSellOut":"2026-02-01T00:00:00","dteEndSellOut":"2026-02-28T00:00:00","documentKey":"DOC-7000","dteToShost":null,"levParticipants":1},{"idAction":7777,"name":"Atomic Success Campaign 7777","codDiv":"DIV-7777","dteStartSellIn":"2026-01-01T00:00:00","dteEndSellIn":"2026-01-31T00:00:00","dteStartSellOut":"2026-02-01T00:00:00","dteEndSellOut":"2026-02-28T00:00:00","documentKey":"DOC-7777","dteToShost":null,"levParticipants":1},{"idAction":8888,"name":"Atomic Campaign 8888 Complete","codDiv":"DIV-8888","dteStartSellIn":"2026-01-01T00:00:00","dteEndSellIn":"2026-01-31T00:00:00","dteStartSellOut":"2026-02-01T00:00:00","dteEndSellOut":"2026-02-28T00:00:00","documentKey":"DOC-8888","dteToShost":null,"levParticipants":1},{"idAction":9000,"name":"Balanced Atomic Campaign 9000","codDiv":"DIV-9000","dteStartSellIn":"2026-01-01T00:00:00","dteEndSellIn":"2026-01-31T00:00:00","dteStartSellOut":"2026-02-01T00:00:00","dteEndSellOut":"2026-02-28T00:00:00","documentKey":"DOC-9000","dteToShost":null,"levParticipants":1},{"idAction":9999,"name":"I should not exist in DB","codDiv":"DIV-9999","dteStartSellIn":"2026-01-01T00:00:00","dteEndSellIn":"2026-01-31T00:00:00","dteStartSellOut":"2026-02-01T00:00:00","dteEndSellOut":"2026-02-28T00:00:00","documentKey":"DOC-9999","dteToShost":null,"levParticipants":1}]
2026-01-14 15:47:44.522 +05:00 [INF] HTTP GET /api/promotions/actions responded 200 in 68.9936 ms
2026-01-14 15:48:02.613 +05:00 [INF] JWT validated for haseeb
2026-01-14 15:48:02.618 +05:00 [INF] Forwarding request GET /api/promotions/dashboard/metrics to https://localhost:7043/api/promotions/dashboard/metrics
2026-01-14 15:48:02.659 +05:00 [INF] Received response 200 from https://localhost:7043/api/promotions/dashboard/metrics
2026-01-14 15:48:02.665 +05:00 [INF] HTTP GET /api/promotions/dashboard/metrics responded 200 in 52.1144 ms | User: haseeb (N/A) | IP: ::1 | RequestBody:  | ResponseBody: {"totalPromotions":8,"totalProducts":8,"totalParticipants":8,"activeActions":8,"estimatedRevenue":0}
2026-01-14 15:48:02.673 +05:00 [INF] HTTP GET /api/promotions/dashboard/metrics responded 200 in 60.7164 ms
2026-01-14 15:48:02.677 +05:00 [INF] JWT validated for haseeb
2026-01-14 15:48:02.685 +05:00 [INF] Forwarding request GET /api/promotions/dashboard/metrics to https://localhost:7043/api/promotions/dashboard/metrics
2026-01-14 15:48:02.714 +05:00 [INF] Received response 200 from https://localhost:7043/api/promotions/dashboard/metrics
2026-01-14 15:48:02.718 +05:00 [INF] HTTP GET /api/promotions/dashboard/metrics responded 200 in 41.4765 ms | User: haseeb (N/A) | IP: ::1 | RequestBody:  | ResponseBody: {"totalPromotions":8,"totalProducts":8,"totalParticipants":8,"activeActions":8,"estimatedRevenue":0}
2026-01-14 15:48:02.728 +05:00 [INF] HTTP GET /api/promotions/dashboard/metrics responded 200 in 51.4866 ms
2026-01-14 15:49:58.454 +05:00 [INF] JWT validated for haseeb
2026-01-14 15:49:58.489 +05:00 [INF] Forwarding request GET /api/promotions/actions to https://localhost:7043/api/promotions/actions
2026-01-14 15:49:59.089 +05:00 [INF] Received response 200 from https://localhost:7043/api/promotions/actions
2026-01-14 15:49:59.105 +05:00 [INF] HTTP GET /api/promotions/actions responded 200 in 667.7262 ms | User: haseeb (N/A) | IP: ::1 | RequestBody:  | ResponseBody: [{"idAction":1111,"name":"Atomic Campaign 1111","codDiv":"DIV-1111","dteStartSellIn":"2026-01-01T00:00:00","dteEndSellIn":"2026-01-31T00:00:00","dteStartSellOut":"2026-02-01T00:00:00","dteEndSellOut":"2026-02-28T00:00:00","documentKey":"DOC-1111","dteToShost":null,"levParticipants":1},{"idAction":5555,"name":"I will Rollback 5556","codDiv":"DIV-5555","dteStartSellIn":"2026-01-01T00:00:00","dteEndSellIn":"2026-01-31T00:00:00","dteStartSellOut":"2026-02-01T00:00:00","dteEndSellOut":"2026-02-28T00:00:00","documentKey":"DOC-5556","dteToShost":null,"levParticipants":1},{"idAction":6000,"name":"Zero Redundancy Campaign 6000","codDiv":"DIV-6000","dteStartSellIn":"2026-01-01T00:00:00","dteEndSellIn":"2026-01-31T00:00:00","dteStartSellOut":"2026-02-01T00:00:00","dteEndSellOut":"2026-02-28T00:00:00","documentKey":"DOC-6000","dteToShost":"2026-01-05T00:00:00","levParticipants":1},{"idAction":7000,"name":"Atomic Campaign 7000","codDiv":"DIV-7000","dteStartSellIn":"2026-01-01T00:00:00","dteEndSellIn":"2026-01-31T00:00:00","dteStartSellOut":"2026-02-01T00:00:00","dteEndSellOut":"2026-02-28T00:00:00","documentKey":"DOC-7000","dteToShost":null,"levParticipants":1},{"idAction":7777,"name":"Atomic Success Campaign 7777","codDiv":"DIV-7777","dteStartSellIn":"2026-01-01T00:00:00","dteEndSellIn":"2026-01-31T00:00:00","dteStartSellOut":"2026-02-01T00:00:00","dteEndSellOut":"2026-02-28T00:00:00","documentKey":"DOC-7777","dteToShost":null,"levParticipants":1},{"idAction":8888,"name":"Atomic Campaign 8888 Complete","codDiv":"DIV-8888","dteStartSellIn":"2026-01-01T00:00:00","dteEndSellIn":"2026-01-31T00:00:00","dteStartSellOut":"2026-02-01T00:00:00","dteEndSellOut":"2026-02-28T00:00:00","documentKey":"DOC-8888","dteToShost":null,"levParticipants":1},{"idAction":9000,"name":"Balanced Atomic Campaign 9000","codDiv":"DIV-9000","dteStartSellIn":"2026-01-01T00:00:00","dteEndSellIn":"2026-01-31T00:00:00","dteStartSellOut":"2026-02-01T00:00:00","dteEndSellOut":"2026-02-28T00:00:00","documentKey":"DOC-9000","dteToShost":null,"levParticipants":1},{"idAction":9999,"name":"I should not exist in DB","codDiv":"DIV-9999","dteStartSellIn":"2026-01-01T00:00:00","dteEndSellIn":"2026-01-31T00:00:00","dteStartSellOut":"2026-02-01T00:00:00","dteEndSellOut":"2026-02-28T00:00:00","documentKey":"DOC-9999","dteToShost":null,"levParticipants":1}]
2026-01-14 15:49:59.115 +05:00 [INF] HTTP GET /api/promotions/actions responded 200 in 678.6481 ms
2026-01-14 15:51:21.457 +05:00 [INF] HTTP GET /swagger/index.html responded 404 in 429.4152 ms | User: Anonymous (N/A) | IP: ::1 | RequestBody:  | ResponseBody: 
2026-01-14 15:51:21.749 +05:00 [INF] HTTP GET /swagger/index.html responded 404 in 725.5650 ms
2026-01-14 15:51:47.262 +05:00 [INF] Forwarding request POST /api/auth/login to https://localhost:7222/api/auth/login
2026-01-14 15:51:54.286 +05:00 [INF] Received response 200 from https://localhost:7222/api/auth/login
2026-01-14 15:51:54.302 +05:00 [INF] HTTP POST /api/auth/login responded 200 in 7138.9282 ms | User: Anonymous (N/A) | IP: ::1 | RequestBody: {"Email":"haseeb@gmail.com","Password":"haseeb123"} | ResponseBody: {"accessToken":"eyJhbGciOiJIUzI1NiIsInR5cCI6IkpXVCJ9.eyJzdWIiOiIxMyIsImVtYWlsIjoiaGFzZWViQGdtYWlsLmNvbSIsInVuaXF1ZV9uYW1lIjoiaGFzZWViIiwiZXhwIjoxNzY4Mzk1MTEzLCJpc3MiOiJNeUNvbXBhbnkiLCJhdWQiOiJNeUNvbXBhbnlVc2VycyJ9.uABgGc2UO1KEhp825lF6FO7oN3Hzni2jmnE2oS_fchk","refreshToken":"ab231dec-7803-42fb-a563-34e3d387dd28"}
2026-01-14 15:51:54.329 +05:00 [INF] HTTP POST /api/auth/login responded 200 in 7166.3186 ms
2026-01-14 15:51:54.578 +05:00 [INF] JWT validated for haseeb
2026-01-14 15:51:54.586 +05:00 [INF] Forwarding request GET /api/promotions/dashboard/metrics to https://localhost:7043/api/promotions/dashboard/metrics
2026-01-14 15:51:58.346 +05:00 [INF] JWT validated for haseeb
2026-01-14 15:51:58.358 +05:00 [INF] Forwarding request GET /api/promotions/actions to https://localhost:7043/api/promotions/actions
2026-01-14 15:51:59.711 +05:00 [INF] Received response 200 from https://localhost:7043/api/promotions/actions
2026-01-14 15:51:59.722 +05:00 [INF] HTTP GET /api/promotions/actions responded 200 in 1383.8204 ms | User: haseeb (N/A) | IP: ::1 | RequestBody:  | ResponseBody: [{"idAction":1111,"name":"Atomic Campaign 1111","codDiv":"DIV-1111","dteStartSellIn":"2026-01-01T00:00:00","dteEndSellIn":"2026-01-31T00:00:00","dteStartSellOut":"2026-02-01T00:00:00","dteEndSellOut":"2026-02-28T00:00:00","documentKey":"DOC-1111","dteToShost":null,"levParticipants":1},{"idAction":5555,"name":"I will Rollback 5556","codDiv":"DIV-5555","dteStartSellIn":"2026-01-01T00:00:00","dteEndSellIn":"2026-01-31T00:00:00","dteStartSellOut":"2026-02-01T00:00:00","dteEndSellOut":"2026-02-28T00:00:00","documentKey":"DOC-5556","dteToShost":null,"levParticipants":1},{"idAction":6000,"name":"Zero Redundancy Campaign 6000","codDiv":"DIV-6000","dteStartSellIn":"2026-01-01T00:00:00","dteEndSellIn":"2026-01-31T00:00:00","dteStartSellOut":"2026-02-01T00:00:00","dteEndSellOut":"2026-02-28T00:00:00","documentKey":"DOC-6000","dteToShost":"2026-01-05T00:00:00","levParticipants":1},{"idAction":7000,"name":"Atomic Campaign 7000","codDiv":"DIV-7000","dteStartSellIn":"2026-01-01T00:00:00","dteEndSellIn":"2026-01-31T00:00:00","dteStartSellOut":"2026-02-01T00:00:00","dteEndSellOut":"2026-02-28T00:00:00","documentKey":"DOC-7000","dteToShost":null,"levParticipants":1},{"idAction":7777,"name":"Atomic Success Campaign 7777","codDiv":"DIV-7777","dteStartSellIn":"2026-01-01T00:00:00","dteEndSellIn":"2026-01-31T00:00:00","dteStartSellOut":"2026-02-01T00:00:00","dteEndSellOut":"2026-02-28T00:00:00","documentKey":"DOC-7777","dteToShost":null,"levParticipants":1},{"idAction":8888,"name":"Atomic Campaign 8888 Complete","codDiv":"DIV-8888","dteStartSellIn":"2026-01-01T00:00:00","dteEndSellIn":"2026-01-31T00:00:00","dteStartSellOut":"2026-02-01T00:00:00","dteEndSellOut":"2026-02-28T00:00:00","documentKey":"DOC-8888","dteToShost":null,"levParticipants":1},{"idAction":9000,"name":"Balanced Atomic Campaign 9000","codDiv":"DIV-9000","dteStartSellIn":"2026-01-01T00:00:00","dteEndSellIn":"2026-01-31T00:00:00","dteStartSellOut":"2026-02-01T00:00:00","dteEndSellOut":"2026-02-28T00:00:00","documentKey":"DOC-9000","dteToShost":null,"levParticipants":1},{"idAction":9999,"name":"I should not exist in DB","codDiv":"DIV-9999","dteStartSellIn":"2026-01-01T00:00:00","dteEndSellIn":"2026-01-31T00:00:00","dteStartSellOut":"2026-02-01T00:00:00","dteEndSellOut":"2026-02-28T00:00:00","documentKey":"DOC-9999","dteToShost":null,"levParticipants":1}]
2026-01-14 15:51:59.743 +05:00 [INF] HTTP GET /api/promotions/actions responded 200 in 1405.1852 ms
2026-01-14 15:51:59.749 +05:00 [INF] JWT validated for haseeb
2026-01-14 15:51:59.757 +05:00 [INF] Forwarding request GET /api/promotions/actions to https://localhost:7043/api/promotions/actions
2026-01-14 15:51:59.876 +05:00 [INF] Received response 200 from https://localhost:7043/api/promotions/dashboard/metrics
2026-01-14 15:51:59.885 +05:00 [INF] HTTP GET /api/promotions/dashboard/metrics responded 200 in 5465.2791 ms | User: haseeb (N/A) | IP: ::1 | RequestBody:  | ResponseBody: {"totalPromotions":8,"totalProducts":8,"totalParticipants":8,"activeActions":8,"estimatedRevenue":0}
2026-01-14 15:51:59.898 +05:00 [INF] HTTP GET /api/promotions/dashboard/metrics responded 200 in 5477.7848 ms
2026-01-14 15:51:59.904 +05:00 [INF] JWT validated for haseeb
2026-01-14 15:51:59.910 +05:00 [INF] Forwarding request GET /api/promotions/dashboard/metrics to https://localhost:7043/api/promotions/dashboard/metrics
2026-01-14 15:51:59.948 +05:00 [INF] Received response 200 from https://localhost:7043/api/promotions/actions
2026-01-14 15:51:59.960 +05:00 [INF] HTTP GET /api/promotions/actions responded 200 in 211.6640 ms | User: haseeb (N/A) | IP: ::1 | RequestBody:  | ResponseBody: [{"idAction":1111,"name":"Atomic Campaign 1111","codDiv":"DIV-1111","dteStartSellIn":"2026-01-01T00:00:00","dteEndSellIn":"2026-01-31T00:00:00","dteStartSellOut":"2026-02-01T00:00:00","dteEndSellOut":"2026-02-28T00:00:00","documentKey":"DOC-1111","dteToShost":null,"levParticipants":1},{"idAction":5555,"name":"I will Rollback 5556","codDiv":"DIV-5555","dteStartSellIn":"2026-01-01T00:00:00","dteEndSellIn":"2026-01-31T00:00:00","dteStartSellOut":"2026-02-01T00:00:00","dteEndSellOut":"2026-02-28T00:00:00","documentKey":"DOC-5556","dteToShost":null,"levParticipants":1},{"idAction":6000,"name":"Zero Redundancy Campaign 6000","codDiv":"DIV-6000","dteStartSellIn":"2026-01-01T00:00:00","dteEndSellIn":"2026-01-31T00:00:00","dteStartSellOut":"2026-02-01T00:00:00","dteEndSellOut":"2026-02-28T00:00:00","documentKey":"DOC-6000","dteToShost":"2026-01-05T00:00:00","levParticipants":1},{"idAction":7000,"name":"Atomic Campaign 7000","codDiv":"DIV-7000","dteStartSellIn":"2026-01-01T00:00:00","dteEndSellIn":"2026-01-31T00:00:00","dteStartSellOut":"2026-02-01T00:00:00","dteEndSellOut":"2026-02-28T00:00:00","documentKey":"DOC-7000","dteToShost":null,"levParticipants":1},{"idAction":7777,"name":"Atomic Success Campaign 7777","codDiv":"DIV-7777","dteStartSellIn":"2026-01-01T00:00:00","dteEndSellIn":"2026-01-31T00:00:00","dteStartSellOut":"2026-02-01T00:00:00","dteEndSellOut":"2026-02-28T00:00:00","documentKey":"DOC-7777","dteToShost":null,"levParticipants":1},{"idAction":8888,"name":"Atomic Campaign 8888 Complete","codDiv":"DIV-8888","dteStartSellIn":"2026-01-01T00:00:00","dteEndSellIn":"2026-01-31T00:00:00","dteStartSellOut":"2026-02-01T00:00:00","dteEndSellOut":"2026-02-28T00:00:00","documentKey":"DOC-8888","dteToShost":null,"levParticipants":1},{"idAction":9000,"name":"Balanced Atomic Campaign 9000","codDiv":"DIV-9000","dteStartSellIn":"2026-01-01T00:00:00","dteEndSellIn":"2026-01-31T00:00:00","dteStartSellOut":"2026-02-01T00:00:00","dteEndSellOut":"2026-02-28T00:00:00","documentKey":"DOC-9000","dteToShost":null,"levParticipants":1},{"idAction":9999,"name":"I should not exist in DB","codDiv":"DIV-9999","dteStartSellIn":"2026-01-01T00:00:00","dteEndSellIn":"2026-01-31T00:00:00","dteStartSellOut":"2026-02-01T00:00:00","dteEndSellOut":"2026-02-28T00:00:00","documentKey":"DOC-9999","dteToShost":null,"levParticipants":1}]
2026-01-14 15:51:59.967 +05:00 [INF] Received response 200 from https://localhost:7043/api/promotions/dashboard/metrics
2026-01-14 15:51:59.980 +05:00 [INF] HTTP GET /api/promotions/actions responded 200 in 231.8514 ms
2026-01-14 15:51:59.984 +05:00 [INF] HTTP GET /api/promotions/dashboard/metrics responded 200 in 81.1381 ms | User: haseeb (N/A) | IP: ::1 | RequestBody:  | ResponseBody: {"totalPromotions":8,"totalProducts":8,"totalParticipants":8,"activeActions":8,"estimatedRevenue":0}
2026-01-14 15:52:00.017 +05:00 [INF] HTTP GET /api/promotions/dashboard/metrics responded 200 in 114.7993 ms
2026-01-14 15:52:56.531 +05:00 [INF] JWT validated for haseeb
2026-01-14 15:52:56.557 +05:00 [INF] Forwarding request GET /api/promotions/actions to https://localhost:7043/api/promotions/actions
2026-01-14 15:52:56.730 +05:00 [INF] Received response 200 from https://localhost:7043/api/promotions/actions
2026-01-14 15:52:56.741 +05:00 [INF] HTTP GET /api/promotions/actions responded 200 in 218.2584 ms | User: haseeb (N/A) | IP: ::1 | RequestBody:  | ResponseBody: [{"idAction":1111,"name":"Atomic Campaign 1111","codDiv":"DIV-1111","dteStartSellIn":"2026-01-01T00:00:00","dteEndSellIn":"2026-01-31T00:00:00","dteStartSellOut":"2026-02-01T00:00:00","dteEndSellOut":"2026-02-28T00:00:00","documentKey":"DOC-1111","dteToShost":null,"levParticipants":1},{"idAction":5555,"name":"I will Rollback 5556","codDiv":"DIV-5555","dteStartSellIn":"2026-01-01T00:00:00","dteEndSellIn":"2026-01-31T00:00:00","dteStartSellOut":"2026-02-01T00:00:00","dteEndSellOut":"2026-02-28T00:00:00","documentKey":"DOC-5556","dteToShost":null,"levParticipants":1},{"idAction":6000,"name":"Zero Redundancy Campaign 6000","codDiv":"DIV-6000","dteStartSellIn":"2026-01-01T00:00:00","dteEndSellIn":"2026-01-31T00:00:00","dteStartSellOut":"2026-02-01T00:00:00","dteEndSellOut":"2026-02-28T00:00:00","documentKey":"DOC-6000","dteToShost":"2026-01-05T00:00:00","levParticipants":1},{"idAction":7000,"name":"Atomic Campaign 7000","codDiv":"DIV-7000","dteStartSellIn":"2026-01-01T00:00:00","dteEndSellIn":"2026-01-31T00:00:00","dteStartSellOut":"2026-02-01T00:00:00","dteEndSellOut":"2026-02-28T00:00:00","documentKey":"DOC-7000","dteToShost":null,"levParticipants":1},{"idAction":7777,"name":"Atomic Success Campaign 7777","codDiv":"DIV-7777","dteStartSellIn":"2026-01-01T00:00:00","dteEndSellIn":"2026-01-31T00:00:00","dteStartSellOut":"2026-02-01T00:00:00","dteEndSellOut":"2026-02-28T00:00:00","documentKey":"DOC-7777","dteToShost":null,"levParticipants":1},{"idAction":8888,"name":"Atomic Campaign 8888 Complete","codDiv":"DIV-8888","dteStartSellIn":"2026-01-01T00:00:00","dteEndSellIn":"2026-01-31T00:00:00","dteStartSellOut":"2026-02-01T00:00:00","dteEndSellOut":"2026-02-28T00:00:00","documentKey":"DOC-8888","dteToShost":null,"levParticipants":1},{"idAction":9000,"name":"Balanced Atomic Campaign 9000","codDiv":"DIV-9000","dteStartSellIn":"2026-01-01T00:00:00","dteEndSellIn":"2026-01-31T00:00:00","dteStartSellOut":"2026-02-01T00:00:00","dteEndSellOut":"2026-02-28T00:00:00","documentKey":"DOC-9000","dteToShost":null,"levParticipants":1},{"idAction":9999,"name":"I should not exist in DB","codDiv":"DIV-9999","dteStartSellIn":"2026-01-01T00:00:00","dteEndSellIn":"2026-01-31T00:00:00","dteStartSellOut":"2026-02-01T00:00:00","dteEndSellOut":"2026-02-28T00:00:00","documentKey":"DOC-9999","dteToShost":null,"levParticipants":1}]
2026-01-14 15:52:56.753 +05:00 [INF] HTTP GET /api/promotions/actions responded 200 in 229.8111 ms
2026-01-14 15:52:56.756 +05:00 [INF] JWT validated for haseeb
2026-01-14 15:52:56.763 +05:00 [INF] Forwarding request GET /api/promotions/actions to https://localhost:7043/api/promotions/actions
2026-01-14 15:52:56.820 +05:00 [INF] Received response 200 from https://localhost:7043/api/promotions/actions
2026-01-14 15:52:56.833 +05:00 [INF] HTTP GET /api/promotions/actions responded 200 in 77.5364 ms | User: haseeb (N/A) | IP: ::1 | RequestBody:  | ResponseBody: [{"idAction":1111,"name":"Atomic Campaign 1111","codDiv":"DIV-1111","dteStartSellIn":"2026-01-01T00:00:00","dteEndSellIn":"2026-01-31T00:00:00","dteStartSellOut":"2026-02-01T00:00:00","dteEndSellOut":"2026-02-28T00:00:00","documentKey":"DOC-1111","dteToShost":null,"levParticipants":1},{"idAction":5555,"name":"I will Rollback 5556","codDiv":"DIV-5555","dteStartSellIn":"2026-01-01T00:00:00","dteEndSellIn":"2026-01-31T00:00:00","dteStartSellOut":"2026-02-01T00:00:00","dteEndSellOut":"2026-02-28T00:00:00","documentKey":"DOC-5556","dteToShost":null,"levParticipants":1},{"idAction":6000,"name":"Zero Redundancy Campaign 6000","codDiv":"DIV-6000","dteStartSellIn":"2026-01-01T00:00:00","dteEndSellIn":"2026-01-31T00:00:00","dteStartSellOut":"2026-02-01T00:00:00","dteEndSellOut":"2026-02-28T00:00:00","documentKey":"DOC-6000","dteToShost":"2026-01-05T00:00:00","levParticipants":1},{"idAction":7000,"name":"Atomic Campaign 7000","codDiv":"DIV-7000","dteStartSellIn":"2026-01-01T00:00:00","dteEndSellIn":"2026-01-31T00:00:00","dteStartSellOut":"2026-02-01T00:00:00","dteEndSellOut":"2026-02-28T00:00:00","documentKey":"DOC-7000","dteToShost":null,"levParticipants":1},{"idAction":7777,"name":"Atomic Success Campaign 7777","codDiv":"DIV-7777","dteStartSellIn":"2026-01-01T00:00:00","dteEndSellIn":"2026-01-31T00:00:00","dteStartSellOut":"2026-02-01T00:00:00","dteEndSellOut":"2026-02-28T00:00:00","documentKey":"DOC-7777","dteToShost":null,"levParticipants":1},{"idAction":8888,"name":"Atomic Campaign 8888 Complete","codDiv":"DIV-8888","dteStartSellIn":"2026-01-01T00:00:00","dteEndSellIn":"2026-01-31T00:00:00","dteStartSellOut":"2026-02-01T00:00:00","dteEndSellOut":"2026-02-28T00:00:00","documentKey":"DOC-8888","dteToShost":null,"levParticipants":1},{"idAction":9000,"name":"Balanced Atomic Campaign 9000","codDiv":"DIV-9000","dteStartSellIn":"2026-01-01T00:00:00","dteEndSellIn":"2026-01-31T00:00:00","dteStartSellOut":"2026-02-01T00:00:00","dteEndSellOut":"2026-02-28T00:00:00","documentKey":"DOC-9000","dteToShost":null,"levParticipants":1},{"idAction":9999,"name":"I should not exist in DB","codDiv":"DIV-9999","dteStartSellIn":"2026-01-01T00:00:00","dteEndSellIn":"2026-01-31T00:00:00","dteStartSellOut":"2026-02-01T00:00:00","dteEndSellOut":"2026-02-28T00:00:00","documentKey":"DOC-9999","dteToShost":null,"levParticipants":1}]
2026-01-14 15:52:56.868 +05:00 [INF] HTTP GET /api/promotions/actions responded 200 in 113.0575 ms
2026-01-14 15:53:59.150 +05:00 [INF] JWT validated for haseeb
2026-01-14 15:53:59.162 +05:00 [INF] Forwarding request GET /api/promotions/dashboard/metrics to https://localhost:7043/api/promotions/dashboard/metrics
2026-01-14 15:53:59.542 +05:00 [INF] Received response 200 from https://localhost:7043/api/promotions/dashboard/metrics
2026-01-14 15:53:59.555 +05:00 [INF] HTTP GET /api/promotions/dashboard/metrics responded 200 in 409.6173 ms | User: haseeb (N/A) | IP: ::1 | RequestBody:  | ResponseBody: {"totalPromotions":8,"totalProducts":8,"totalParticipants":8,"activeActions":8,"estimatedRevenue":0}
2026-01-14 15:53:59.586 +05:00 [INF] HTTP GET /api/promotions/dashboard/metrics responded 200 in 440.6622 ms
2026-01-14 15:53:59.590 +05:00 [INF] JWT validated for haseeb
2026-01-14 15:53:59.603 +05:00 [INF] Forwarding request GET /api/promotions/dashboard/metrics to https://localhost:7043/api/promotions/dashboard/metrics
2026-01-14 15:53:59.639 +05:00 [INF] Received response 200 from https://localhost:7043/api/promotions/dashboard/metrics
2026-01-14 15:53:59.644 +05:00 [INF] HTTP GET /api/promotions/dashboard/metrics responded 200 in 55.7779 ms | User: haseeb (N/A) | IP: ::1 | RequestBody:  | ResponseBody: {"totalPromotions":8,"totalProducts":8,"totalParticipants":8,"activeActions":8,"estimatedRevenue":0}
2026-01-14 15:53:59.655 +05:00 [INF] HTTP GET /api/promotions/dashboard/metrics responded 200 in 66.4970 ms
2026-01-14 15:54:01.514 +05:00 [INF] JWT validated for haseeb
2026-01-14 15:54:01.529 +05:00 [INF] Forwarding request GET /api/promotions/actions to https://localhost:7043/api/promotions/actions
2026-01-14 15:54:01.606 +05:00 [INF] Received response 200 from https://localhost:7043/api/promotions/actions
2026-01-14 15:54:01.619 +05:00 [INF] HTTP GET /api/promotions/actions responded 200 in 116.5239 ms | User: haseeb (N/A) | IP: ::1 | RequestBody:  | ResponseBody: [{"idAction":1111,"name":"Atomic Campaign 1111","codDiv":"DIV-1111","dteStartSellIn":"2026-01-01T00:00:00","dteEndSellIn":"2026-01-31T00:00:00","dteStartSellOut":"2026-02-01T00:00:00","dteEndSellOut":"2026-02-28T00:00:00","documentKey":"DOC-1111","dteToShost":null,"levParticipants":1},{"idAction":5555,"name":"I will Rollback 5556","codDiv":"DIV-5555","dteStartSellIn":"2026-01-01T00:00:00","dteEndSellIn":"2026-01-31T00:00:00","dteStartSellOut":"2026-02-01T00:00:00","dteEndSellOut":"2026-02-28T00:00:00","documentKey":"DOC-5556","dteToShost":null,"levParticipants":1},{"idAction":6000,"name":"Zero Redundancy Campaign 6000","codDiv":"DIV-6000","dteStartSellIn":"2026-01-01T00:00:00","dteEndSellIn":"2026-01-31T00:00:00","dteStartSellOut":"2026-02-01T00:00:00","dteEndSellOut":"2026-02-28T00:00:00","documentKey":"DOC-6000","dteToShost":"2026-01-05T00:00:00","levParticipants":1},{"idAction":7000,"name":"Atomic Campaign 7000","codDiv":"DIV-7000","dteStartSellIn":"2026-01-01T00:00:00","dteEndSellIn":"2026-01-31T00:00:00","dteStartSellOut":"2026-02-01T00:00:00","dteEndSellOut":"2026-02-28T00:00:00","documentKey":"DOC-7000","dteToShost":null,"levParticipants":1},{"idAction":7777,"name":"Atomic Success Campaign 7777","codDiv":"DIV-7777","dteStartSellIn":"2026-01-01T00:00:00","dteEndSellIn":"2026-01-31T00:00:00","dteStartSellOut":"2026-02-01T00:00:00","dteEndSellOut":"2026-02-28T00:00:00","documentKey":"DOC-7777","dteToShost":null,"levParticipants":1},{"idAction":8888,"name":"Atomic Campaign 8888 Complete","codDiv":"DIV-8888","dteStartSellIn":"2026-01-01T00:00:00","dteEndSellIn":"2026-01-31T00:00:00","dteStartSellOut":"2026-02-01T00:00:00","dteEndSellOut":"2026-02-28T00:00:00","documentKey":"DOC-8888","dteToShost":null,"levParticipants":1},{"idAction":9000,"name":"Balanced Atomic Campaign 9000","codDiv":"DIV-9000","dteStartSellIn":"2026-01-01T00:00:00","dteEndSellIn":"2026-01-31T00:00:00","dteStartSellOut":"2026-02-01T00:00:00","dteEndSellOut":"2026-02-28T00:00:00","documentKey":"DOC-9000","dteToShost":null,"levParticipants":1},{"idAction":9999,"name":"I should not exist in DB","codDiv":"DIV-9999","dteStartSellIn":"2026-01-01T00:00:00","dteEndSellIn":"2026-01-31T00:00:00","dteStartSellOut":"2026-02-01T00:00:00","dteEndSellOut":"2026-02-28T00:00:00","documentKey":"DOC-9999","dteToShost":null,"levParticipants":1}]
2026-01-14 15:54:01.646 +05:00 [INF] HTTP GET /api/promotions/actions responded 200 in 143.5672 ms
2026-01-14 15:54:01.651 +05:00 [INF] JWT validated for haseeb
2026-01-14 15:54:01.665 +05:00 [INF] Forwarding request GET /api/promotions/actions to https://localhost:7043/api/promotions/actions
2026-01-14 15:54:01.736 +05:00 [INF] Received response 200 from https://localhost:7043/api/promotions/actions
2026-01-14 15:54:01.745 +05:00 [INF] HTTP GET /api/promotions/actions responded 200 in 94.4962 ms | User: haseeb (N/A) | IP: ::1 | RequestBody:  | ResponseBody: [{"idAction":1111,"name":"Atomic Campaign 1111","codDiv":"DIV-1111","dteStartSellIn":"2026-01-01T00:00:00","dteEndSellIn":"2026-01-31T00:00:00","dteStartSellOut":"2026-02-01T00:00:00","dteEndSellOut":"2026-02-28T00:00:00","documentKey":"DOC-1111","dteToShost":null,"levParticipants":1},{"idAction":5555,"name":"I will Rollback 5556","codDiv":"DIV-5555","dteStartSellIn":"2026-01-01T00:00:00","dteEndSellIn":"2026-01-31T00:00:00","dteStartSellOut":"2026-02-01T00:00:00","dteEndSellOut":"2026-02-28T00:00:00","documentKey":"DOC-5556","dteToShost":null,"levParticipants":1},{"idAction":6000,"name":"Zero Redundancy Campaign 6000","codDiv":"DIV-6000","dteStartSellIn":"2026-01-01T00:00:00","dteEndSellIn":"2026-01-31T00:00:00","dteStartSellOut":"2026-02-01T00:00:00","dteEndSellOut":"2026-02-28T00:00:00","documentKey":"DOC-6000","dteToShost":"2026-01-05T00:00:00","levParticipants":1},{"idAction":7000,"name":"Atomic Campaign 7000","codDiv":"DIV-7000","dteStartSellIn":"2026-01-01T00:00:00","dteEndSellIn":"2026-01-31T00:00:00","dteStartSellOut":"2026-02-01T00:00:00","dteEndSellOut":"2026-02-28T00:00:00","documentKey":"DOC-7000","dteToShost":null,"levParticipants":1},{"idAction":7777,"name":"Atomic Success Campaign 7777","codDiv":"DIV-7777","dteStartSellIn":"2026-01-01T00:00:00","dteEndSellIn":"2026-01-31T00:00:00","dteStartSellOut":"2026-02-01T00:00:00","dteEndSellOut":"2026-02-28T00:00:00","documentKey":"DOC-7777","dteToShost":null,"levParticipants":1},{"idAction":8888,"name":"Atomic Campaign 8888 Complete","codDiv":"DIV-8888","dteStartSellIn":"2026-01-01T00:00:00","dteEndSellIn":"2026-01-31T00:00:00","dteStartSellOut":"2026-02-01T00:00:00","dteEndSellOut":"2026-02-28T00:00:00","documentKey":"DOC-8888","dteToShost":null,"levParticipants":1},{"idAction":9000,"name":"Balanced Atomic Campaign 9000","codDiv":"DIV-9000","dteStartSellIn":"2026-01-01T00:00:00","dteEndSellIn":"2026-01-31T00:00:00","dteStartSellOut":"2026-02-01T00:00:00","dteEndSellOut":"2026-02-28T00:00:00","documentKey":"DOC-9000","dteToShost":null,"levParticipants":1},{"idAction":9999,"name":"I should not exist in DB","codDiv":"DIV-9999","dteStartSellIn":"2026-01-01T00:00:00","dteEndSellIn":"2026-01-31T00:00:00","dteStartSellOut":"2026-02-01T00:00:00","dteEndSellOut":"2026-02-28T00:00:00","documentKey":"DOC-9999","dteToShost":null,"levParticipants":1}]
2026-01-14 15:54:01.763 +05:00 [INF] HTTP GET /api/promotions/actions responded 200 in 112.3428 ms
2026-01-14 15:54:07.580 +05:00 [INF] JWT validated for haseeb
2026-01-14 15:54:07.592 +05:00 [INF] Forwarding request GET /api/promotions/actions to https://localhost:7043/api/promotions/actions
2026-01-14 15:54:07.650 +05:00 [INF] Received response 200 from https://localhost:7043/api/promotions/actions
2026-01-14 15:54:07.660 +05:00 [INF] HTTP GET /api/promotions/actions responded 200 in 80.7175 ms | User: haseeb (N/A) | IP: ::1 | RequestBody:  | ResponseBody: [{"idAction":1111,"name":"Atomic Campaign 1111","codDiv":"DIV-1111","dteStartSellIn":"2026-01-01T00:00:00","dteEndSellIn":"2026-01-31T00:00:00","dteStartSellOut":"2026-02-01T00:00:00","dteEndSellOut":"2026-02-28T00:00:00","documentKey":"DOC-1111","dteToShost":null,"levParticipants":1},{"idAction":5555,"name":"I will Rollback 5556","codDiv":"DIV-5555","dteStartSellIn":"2026-01-01T00:00:00","dteEndSellIn":"2026-01-31T00:00:00","dteStartSellOut":"2026-02-01T00:00:00","dteEndSellOut":"2026-02-28T00:00:00","documentKey":"DOC-5556","dteToShost":null,"levParticipants":1},{"idAction":6000,"name":"Zero Redundancy Campaign 6000","codDiv":"DIV-6000","dteStartSellIn":"2026-01-01T00:00:00","dteEndSellIn":"2026-01-31T00:00:00","dteStartSellOut":"2026-02-01T00:00:00","dteEndSellOut":"2026-02-28T00:00:00","documentKey":"DOC-6000","dteToShost":"2026-01-05T00:00:00","levParticipants":1},{"idAction":7000,"name":"Atomic Campaign 7000","codDiv":"DIV-7000","dteStartSellIn":"2026-01-01T00:00:00","dteEndSellIn":"2026-01-31T00:00:00","dteStartSellOut":"2026-02-01T00:00:00","dteEndSellOut":"2026-02-28T00:00:00","documentKey":"DOC-7000","dteToShost":null,"levParticipants":1},{"idAction":7777,"name":"Atomic Success Campaign 7777","codDiv":"DIV-7777","dteStartSellIn":"2026-01-01T00:00:00","dteEndSellIn":"2026-01-31T00:00:00","dteStartSellOut":"2026-02-01T00:00:00","dteEndSellOut":"2026-02-28T00:00:00","documentKey":"DOC-7777","dteToShost":null,"levParticipants":1},{"idAction":8888,"name":"Atomic Campaign 8888 Complete","codDiv":"DIV-8888","dteStartSellIn":"2026-01-01T00:00:00","dteEndSellIn":"2026-01-31T00:00:00","dteStartSellOut":"2026-02-01T00:00:00","dteEndSellOut":"2026-02-28T00:00:00","documentKey":"DOC-8888","dteToShost":null,"levParticipants":1},{"idAction":9000,"name":"Balanced Atomic Campaign 9000","codDiv":"DIV-9000","dteStartSellIn":"2026-01-01T00:00:00","dteEndSellIn":"2026-01-31T00:00:00","dteStartSellOut":"2026-02-01T00:00:00","dteEndSellOut":"2026-02-28T00:00:00","documentKey":"DOC-9000","dteToShost":null,"levParticipants":1},{"idAction":9999,"name":"I should not exist in DB","codDiv":"DIV-9999","dteStartSellIn":"2026-01-01T00:00:00","dteEndSellIn":"2026-01-31T00:00:00","dteStartSellOut":"2026-02-01T00:00:00","dteEndSellOut":"2026-02-28T00:00:00","documentKey":"DOC-9999","dteToShost":null,"levParticipants":1}]
2026-01-14 15:54:07.693 +05:00 [INF] HTTP GET /api/promotions/actions responded 200 in 113.3102 ms
2026-01-14 15:54:07.700 +05:00 [INF] JWT validated for haseeb
2026-01-14 15:54:07.742 +05:00 [INF] Forwarding request GET /api/promotions/actions to https://localhost:7043/api/promotions/actions
2026-01-14 15:54:07.800 +05:00 [INF] Received response 200 from https://localhost:7043/api/promotions/actions
2026-01-14 15:54:07.809 +05:00 [INF] HTTP GET /api/promotions/actions responded 200 in 110.7676 ms | User: haseeb (N/A) | IP: ::1 | RequestBody:  | ResponseBody: [{"idAction":1111,"name":"Atomic Campaign 1111","codDiv":"DIV-1111","dteStartSellIn":"2026-01-01T00:00:00","dteEndSellIn":"2026-01-31T00:00:00","dteStartSellOut":"2026-02-01T00:00:00","dteEndSellOut":"2026-02-28T00:00:00","documentKey":"DOC-1111","dteToShost":null,"levParticipants":1},{"idAction":5555,"name":"I will Rollback 5556","codDiv":"DIV-5555","dteStartSellIn":"2026-01-01T00:00:00","dteEndSellIn":"2026-01-31T00:00:00","dteStartSellOut":"2026-02-01T00:00:00","dteEndSellOut":"2026-02-28T00:00:00","documentKey":"DOC-5556","dteToShost":null,"levParticipants":1},{"idAction":6000,"name":"Zero Redundancy Campaign 6000","codDiv":"DIV-6000","dteStartSellIn":"2026-01-01T00:00:00","dteEndSellIn":"2026-01-31T00:00:00","dteStartSellOut":"2026-02-01T00:00:00","dteEndSellOut":"2026-02-28T00:00:00","documentKey":"DOC-6000","dteToShost":"2026-01-05T00:00:00","levParticipants":1},{"idAction":7000,"name":"Atomic Campaign 7000","codDiv":"DIV-7000","dteStartSellIn":"2026-01-01T00:00:00","dteEndSellIn":"2026-01-31T00:00:00","dteStartSellOut":"2026-02-01T00:00:00","dteEndSellOut":"2026-02-28T00:00:00","documentKey":"DOC-7000","dteToShost":null,"levParticipants":1},{"idAction":7777,"name":"Atomic Success Campaign 7777","codDiv":"DIV-7777","dteStartSellIn":"2026-01-01T00:00:00","dteEndSellIn":"2026-01-31T00:00:00","dteStartSellOut":"2026-02-01T00:00:00","dteEndSellOut":"2026-02-28T00:00:00","documentKey":"DOC-7777","dteToShost":null,"levParticipants":1},{"idAction":8888,"name":"Atomic Campaign 8888 Complete","codDiv":"DIV-8888","dteStartSellIn":"2026-01-01T00:00:00","dteEndSellIn":"2026-01-31T00:00:00","dteStartSellOut":"2026-02-01T00:00:00","dteEndSellOut":"2026-02-28T00:00:00","documentKey":"DOC-8888","dteToShost":null,"levParticipants":1},{"idAction":9000,"name":"Balanced Atomic Campaign 9000","codDiv":"DIV-9000","dteStartSellIn":"2026-01-01T00:00:00","dteEndSellIn":"2026-01-31T00:00:00","dteStartSellOut":"2026-02-01T00:00:00","dteEndSellOut":"2026-02-28T00:00:00","documentKey":"DOC-9000","dteToShost":null,"levParticipants":1},{"idAction":9999,"name":"I should not exist in DB","codDiv":"DIV-9999","dteStartSellIn":"2026-01-01T00:00:00","dteEndSellIn":"2026-01-31T00:00:00","dteStartSellOut":"2026-02-01T00:00:00","dteEndSellOut":"2026-02-28T00:00:00","documentKey":"DOC-9999","dteToShost":null,"levParticipants":1}]
2026-01-14 15:54:07.822 +05:00 [INF] HTTP GET /api/promotions/actions responded 200 in 123.6265 ms
2026-01-14 16:01:49.778 +05:00 [INF] HTTP GET /swagger/index.html responded 404 in 510.9988 ms | User: Anonymous (N/A) | IP: ::1 | RequestBody:  | ResponseBody: 
2026-01-14 16:01:50.256 +05:00 [INF] HTTP GET /swagger/index.html responded 404 in 993.2334 ms
2026-01-14 16:02:22.148 +05:00 [INF] JWT validated for haseeb
2026-01-14 16:02:22.205 +05:00 [INF] Forwarding request GET /api/promotions/dashboard/metrics to https://localhost:7043/api/promotions/dashboard/metrics
2026-01-14 16:02:25.553 +05:00 [INF] Received response 200 from https://localhost:7043/api/promotions/dashboard/metrics
2026-01-14 16:02:25.568 +05:00 [INF] HTTP GET /api/promotions/dashboard/metrics responded 200 in 3548.0117 ms | User: haseeb (N/A) | IP: ::1 | RequestBody:  | ResponseBody: {"totalPromotions":8,"totalProducts":8,"totalParticipants":8,"activeActions":8,"estimatedRevenue":0}
2026-01-14 16:02:25.580 +05:00 [INF] HTTP GET /api/promotions/dashboard/metrics responded 200 in 3560.6002 ms
2026-01-14 16:02:25.587 +05:00 [INF] JWT validated for haseeb
2026-01-14 16:02:25.590 +05:00 [INF] Forwarding request GET /api/promotions/dashboard/metrics to https://localhost:7043/api/promotions/dashboard/metrics
2026-01-14 16:02:25.644 +05:00 [INF] Received response 200 from https://localhost:7043/api/promotions/dashboard/metrics
2026-01-14 16:02:25.648 +05:00 [INF] HTTP GET /api/promotions/dashboard/metrics responded 200 in 65.3022 ms | User: haseeb (N/A) | IP: ::1 | RequestBody:  | ResponseBody: {"totalPromotions":8,"totalProducts":8,"totalParticipants":8,"activeActions":8,"estimatedRevenue":0}
2026-01-14 16:02:25.654 +05:00 [INF] HTTP GET /api/promotions/dashboard/metrics responded 200 in 71.8054 ms
2026-01-14 16:02:38.157 +05:00 [INF] Forwarding request POST /api/auth/login to https://localhost:7222/api/auth/login
2026-01-14 16:02:42.768 +05:00 [INF] Received response 200 from https://localhost:7222/api/auth/login
2026-01-14 16:02:42.773 +05:00 [INF] HTTP POST /api/auth/login responded 200 in 4621.6047 ms | User: Anonymous (N/A) | IP: ::1 | RequestBody: {"Email":"ali@gmail.com","Password":"ali123"} | ResponseBody: {"accessToken":"eyJhbGciOiJIUzI1NiIsInR5cCI6IkpXVCJ9.eyJzdWIiOiIxNCIsImVtYWlsIjoiYWxpQGdtYWlsLmNvbSIsInVuaXF1ZV9uYW1lIjoiYWxpIiwiZXhwIjoxNzY4Mzk1NzYyLCJpc3MiOiJNeUNvbXBhbnkiLCJhdWQiOiJNeUNvbXBhbnlVc2VycyJ9.YyAxpsG1b4ER9ykKExF3JgZ7UZvmEQyYaaciLeLgOnU","refreshToken":"b7125e90-e9e8-4551-bb39-8adb2ebe07c9"}
2026-01-14 16:02:42.784 +05:00 [INF] HTTP POST /api/auth/login responded 200 in 4631.7674 ms
2026-01-14 16:02:42.811 +05:00 [INF] JWT validated for ali
2026-01-14 16:02:42.814 +05:00 [INF] Forwarding request GET /api/promotions/dashboard/metrics to https://localhost:7043/api/promotions/dashboard/metrics
2026-01-14 16:02:42.944 +05:00 [INF] Received response 200 from https://localhost:7043/api/promotions/dashboard/metrics
2026-01-14 16:02:42.946 +05:00 [INF] HTTP GET /api/promotions/dashboard/metrics responded 200 in 136.4440 ms | User: ali (N/A) | IP: ::1 | RequestBody:  | ResponseBody: {"totalPromotions":8,"totalProducts":8,"totalParticipants":8,"activeActions":8,"estimatedRevenue":0}
2026-01-14 16:02:42.955 +05:00 [INF] HTTP GET /api/promotions/dashboard/metrics responded 200 in 145.2435 ms
2026-01-14 16:02:42.959 +05:00 [INF] JWT validated for ali
2026-01-14 16:02:42.961 +05:00 [INF] Forwarding request GET /api/promotions/dashboard/metrics to https://localhost:7043/api/promotions/dashboard/metrics
2026-01-14 16:02:42.986 +05:00 [INF] Received response 200 from https://localhost:7043/api/promotions/dashboard/metrics
2026-01-14 16:02:42.989 +05:00 [INF] HTTP GET /api/promotions/dashboard/metrics responded 200 in 30.4619 ms | User: ali (N/A) | IP: ::1 | RequestBody:  | ResponseBody: {"totalPromotions":8,"totalProducts":8,"totalParticipants":8,"activeActions":8,"estimatedRevenue":0}
2026-01-14 16:02:42.996 +05:00 [INF] HTTP GET /api/promotions/dashboard/metrics responded 200 in 37.3556 ms
2026-01-14 16:02:47.776 +05:00 [INF] JWT validated for ali
2026-01-14 16:02:47.780 +05:00 [INF] Forwarding request GET /api/promotions/actions to https://localhost:7043/api/promotions/actions
2026-01-14 16:02:47.886 +05:00 [INF] Received response 200 from https://localhost:7043/api/promotions/actions
2026-01-14 16:02:47.894 +05:00 [INF] HTTP GET /api/promotions/actions responded 200 in 118.5688 ms | User: ali (N/A) | IP: ::1 | RequestBody:  | ResponseBody: [{"idAction":1111,"name":"Atomic Campaign 1111","codDiv":"DIV-1111","dteStartSellIn":"2026-01-01T00:00:00","dteEndSellIn":"2026-01-31T00:00:00","dteStartSellOut":"2026-02-01T00:00:00","dteEndSellOut":"2026-02-28T00:00:00","documentKey":"DOC-1111","dteToShost":null,"levParticipants":1},{"idAction":5555,"name":"I will Rollback 5556","codDiv":"DIV-5555","dteStartSellIn":"2026-01-01T00:00:00","dteEndSellIn":"2026-01-31T00:00:00","dteStartSellOut":"2026-02-01T00:00:00","dteEndSellOut":"2026-02-28T00:00:00","documentKey":"DOC-5556","dteToShost":null,"levParticipants":1},{"idAction":6000,"name":"Zero Redundancy Campaign 6000","codDiv":"DIV-6000","dteStartSellIn":"2026-01-01T00:00:00","dteEndSellIn":"2026-01-31T00:00:00","dteStartSellOut":"2026-02-01T00:00:00","dteEndSellOut":"2026-02-28T00:00:00","documentKey":"DOC-6000","dteToShost":"2026-01-05T00:00:00","levParticipants":1},{"idAction":7000,"name":"Atomic Campaign 7000","codDiv":"DIV-7000","dteStartSellIn":"2026-01-01T00:00:00","dteEndSellIn":"2026-01-31T00:00:00","dteStartSellOut":"2026-02-01T00:00:00","dteEndSellOut":"2026-02-28T00:00:00","documentKey":"DOC-7000","dteToShost":null,"levParticipants":1},{"idAction":7777,"name":"Atomic Success Campaign 7777","codDiv":"DIV-7777","dteStartSellIn":"2026-01-01T00:00:00","dteEndSellIn":"2026-01-31T00:00:00","dteStartSellOut":"2026-02-01T00:00:00","dteEndSellOut":"2026-02-28T00:00:00","documentKey":"DOC-7777","dteToShost":null,"levParticipants":1},{"idAction":8888,"name":"Atomic Campaign 8888 Complete","codDiv":"DIV-8888","dteStartSellIn":"2026-01-01T00:00:00","dteEndSellIn":"2026-01-31T00:00:00","dteStartSellOut":"2026-02-01T00:00:00","dteEndSellOut":"2026-02-28T00:00:00","documentKey":"DOC-8888","dteToShost":null,"levParticipants":1},{"idAction":9000,"name":"Balanced Atomic Campaign 9000","codDiv":"DIV-9000","dteStartSellIn":"2026-01-01T00:00:00","dteEndSellIn":"2026-01-31T00:00:00","dteStartSellOut":"2026-02-01T00:00:00","dteEndSellOut":"2026-02-28T00:00:00","documentKey":"DOC-9000","dteToShost":null,"levParticipants":1},{"idAction":9999,"name":"I should not exist in DB","codDiv":"DIV-9999","dteStartSellIn":"2026-01-01T00:00:00","dteEndSellIn":"2026-01-31T00:00:00","dteStartSellOut":"2026-02-01T00:00:00","dteEndSellOut":"2026-02-28T00:00:00","documentKey":"DOC-9999","dteToShost":null,"levParticipants":1}]
2026-01-14 16:02:47.906 +05:00 [INF] HTTP GET /api/promotions/actions responded 200 in 130.4460 ms
2026-01-14 16:02:47.908 +05:00 [INF] JWT validated for ali
2026-01-14 16:02:47.910 +05:00 [INF] Forwarding request GET /api/promotions/actions to https://localhost:7043/api/promotions/actions
2026-01-14 16:02:47.929 +05:00 [INF] Received response 200 from https://localhost:7043/api/promotions/actions
2026-01-14 16:02:47.941 +05:00 [INF] HTTP GET /api/promotions/actions responded 200 in 32.8018 ms | User: ali (N/A) | IP: ::1 | RequestBody:  | ResponseBody: [{"idAction":1111,"name":"Atomic Campaign 1111","codDiv":"DIV-1111","dteStartSellIn":"2026-01-01T00:00:00","dteEndSellIn":"2026-01-31T00:00:00","dteStartSellOut":"2026-02-01T00:00:00","dteEndSellOut":"2026-02-28T00:00:00","documentKey":"DOC-1111","dteToShost":null,"levParticipants":1},{"idAction":5555,"name":"I will Rollback 5556","codDiv":"DIV-5555","dteStartSellIn":"2026-01-01T00:00:00","dteEndSellIn":"2026-01-31T00:00:00","dteStartSellOut":"2026-02-01T00:00:00","dteEndSellOut":"2026-02-28T00:00:00","documentKey":"DOC-5556","dteToShost":null,"levParticipants":1},{"idAction":6000,"name":"Zero Redundancy Campaign 6000","codDiv":"DIV-6000","dteStartSellIn":"2026-01-01T00:00:00","dteEndSellIn":"2026-01-31T00:00:00","dteStartSellOut":"2026-02-01T00:00:00","dteEndSellOut":"2026-02-28T00:00:00","documentKey":"DOC-6000","dteToShost":"2026-01-05T00:00:00","levParticipants":1},{"idAction":7000,"name":"Atomic Campaign 7000","codDiv":"DIV-7000","dteStartSellIn":"2026-01-01T00:00:00","dteEndSellIn":"2026-01-31T00:00:00","dteStartSellOut":"2026-02-01T00:00:00","dteEndSellOut":"2026-02-28T00:00:00","documentKey":"DOC-7000","dteToShost":null,"levParticipants":1},{"idAction":7777,"name":"Atomic Success Campaign 7777","codDiv":"DIV-7777","dteStartSellIn":"2026-01-01T00:00:00","dteEndSellIn":"2026-01-31T00:00:00","dteStartSellOut":"2026-02-01T00:00:00","dteEndSellOut":"2026-02-28T00:00:00","documentKey":"DOC-7777","dteToShost":null,"levParticipants":1},{"idAction":8888,"name":"Atomic Campaign 8888 Complete","codDiv":"DIV-8888","dteStartSellIn":"2026-01-01T00:00:00","dteEndSellIn":"2026-01-31T00:00:00","dteStartSellOut":"2026-02-01T00:00:00","dteEndSellOut":"2026-02-28T00:00:00","documentKey":"DOC-8888","dteToShost":null,"levParticipants":1},{"idAction":9000,"name":"Balanced Atomic Campaign 9000","codDiv":"DIV-9000","dteStartSellIn":"2026-01-01T00:00:00","dteEndSellIn":"2026-01-31T00:00:00","dteStartSellOut":"2026-02-01T00:00:00","dteEndSellOut":"2026-02-28T00:00:00","documentKey":"DOC-9000","dteToShost":null,"levParticipants":1},{"idAction":9999,"name":"I should not exist in DB","codDiv":"DIV-9999","dteStartSellIn":"2026-01-01T00:00:00","dteEndSellIn":"2026-01-31T00:00:00","dteStartSellOut":"2026-02-01T00:00:00","dteEndSellOut":"2026-02-28T00:00:00","documentKey":"DOC-9999","dteToShost":null,"levParticipants":1}]
2026-01-14 16:02:47.955 +05:00 [INF] HTTP GET /api/promotions/actions responded 200 in 46.8688 ms
2026-01-14 16:55:30.095 +05:00 [INF] JWT validated for ali
2026-01-14 16:55:30.154 +05:00 [INF] Forwarding request GET /api/promotions/dashboard/metrics to https://localhost:7043/api/promotions/dashboard/metrics
2026-01-14 16:55:30.980 +05:00 [INF] Received response 200 from https://localhost:7043/api/promotions/dashboard/metrics
2026-01-14 16:55:30.997 +05:00 [INF] HTTP GET /api/promotions/dashboard/metrics responded 200 in 975.4556 ms | User: ali (N/A) | IP: ::1 | RequestBody:  | ResponseBody: {"totalPromotions":8,"totalProducts":8,"totalParticipants":8,"activeActions":8,"estimatedRevenue":0}
2026-01-14 16:55:31.010 +05:00 [INF] HTTP GET /api/promotions/dashboard/metrics responded 200 in 988.4912 ms
2026-01-14 16:55:31.014 +05:00 [INF] JWT validated for ali
2026-01-14 16:55:31.029 +05:00 [INF] Forwarding request GET /api/promotions/dashboard/metrics to https://localhost:7043/api/promotions/dashboard/metrics
2026-01-14 16:55:31.063 +05:00 [INF] Received response 200 from https://localhost:7043/api/promotions/dashboard/metrics
2026-01-14 16:55:31.068 +05:00 [INF] HTTP GET /api/promotions/dashboard/metrics responded 200 in 55.7059 ms | User: ali (N/A) | IP: ::1 | RequestBody:  | ResponseBody: {"totalPromotions":8,"totalProducts":8,"totalParticipants":8,"activeActions":8,"estimatedRevenue":0}
2026-01-14 16:55:31.074 +05:00 [INF] HTTP GET /api/promotions/dashboard/metrics responded 200 in 62.0118 ms
2026-01-14 17:00:04.163 +05:00 [INF] Forwarding request POST /api/auth/login to https://localhost:7222/api/auth/login
2026-01-14 17:00:05.565 +05:00 [INF] Received response 200 from https://localhost:7222/api/auth/login
2026-01-14 17:00:05.575 +05:00 [INF] HTTP POST /api/auth/login responded 200 in 1452.8496 ms | User: Anonymous (N/A) | IP: ::1 | RequestBody: {"Email":"haseeb@gmail.com","Password":"haseeb123"} | ResponseBody: {"accessToken":"eyJhbGciOiJIUzI1NiIsInR5cCI6IkpXVCJ9.eyJzdWIiOiIxMyIsImVtYWlsIjoiaGFzZWViQGdtYWlsLmNvbSIsInVuaXF1ZV9uYW1lIjoiaGFzZWViIiwiZXhwIjoxNzY4Mzk5MjA1LCJpc3MiOiJNeUNvbXBhbnkiLCJhdWQiOiJNeUNvbXBhbnlVc2VycyJ9.A9mfqOUW9F7Npr-uJ0w66X4WJJmUrO2iTY90QeRuBJc","refreshToken":"fdabd5ff-a87e-438a-8e35-f61e87e27c83"}
2026-01-14 17:00:05.583 +05:00 [INF] HTTP POST /api/auth/login responded 200 in 1460.5823 ms
2026-01-14 17:00:05.665 +05:00 [INF] JWT validated for haseeb
2026-01-14 17:00:05.671 +05:00 [INF] Forwarding request GET /api/promotions/dashboard/metrics to https://localhost:7043/api/promotions/dashboard/metrics
2026-01-14 17:00:05.941 +05:00 [INF] Received response 200 from https://localhost:7043/api/promotions/dashboard/metrics
2026-01-14 17:00:05.947 +05:00 [INF] HTTP GET /api/promotions/dashboard/metrics responded 200 in 285.2351 ms | User: haseeb (N/A) | IP: ::1 | RequestBody:  | ResponseBody: {"totalPromotions":8,"totalProducts":8,"totalParticipants":8,"activeActions":8,"estimatedRevenue":0}
2026-01-14 17:00:05.953 +05:00 [INF] HTTP GET /api/promotions/dashboard/metrics responded 200 in 291.4649 ms
2026-01-14 17:00:05.957 +05:00 [INF] JWT validated for haseeb
2026-01-14 17:00:05.960 +05:00 [INF] Forwarding request GET /api/promotions/dashboard/metrics to https://localhost:7043/api/promotions/dashboard/metrics
2026-01-14 17:00:05.981 +05:00 [INF] Received response 200 from https://localhost:7043/api/promotions/dashboard/metrics
2026-01-14 17:00:05.984 +05:00 [INF] HTTP GET /api/promotions/dashboard/metrics responded 200 in 27.0323 ms | User: haseeb (N/A) | IP: ::1 | RequestBody:  | ResponseBody: {"totalPromotions":8,"totalProducts":8,"totalParticipants":8,"activeActions":8,"estimatedRevenue":0}
2026-01-14 17:00:05.990 +05:00 [INF] HTTP GET /api/promotions/dashboard/metrics responded 200 in 33.9148 ms
2026-01-14 17:00:48.690 +05:00 [INF] JWT validated for haseeb
2026-01-14 17:00:48.694 +05:00 [INF] Forwarding request GET /api/promotions/actions to https://localhost:7043/api/promotions/actions
2026-01-14 17:00:48.755 +05:00 [INF] Received response 200 from https://localhost:7043/api/promotions/actions
2026-01-14 17:00:48.758 +05:00 [INF] HTTP GET /api/promotions/actions responded 200 in 69.7296 ms | User: haseeb (N/A) | IP: ::1 | RequestBody:  | ResponseBody: [{"idAction":1111,"name":"Atomic Campaign 1111","codDiv":"DIV-1111","dteStartSellIn":"2026-01-01T00:00:00","dteEndSellIn":"2026-01-31T00:00:00","dteStartSellOut":"2026-02-01T00:00:00","dteEndSellOut":"2026-02-28T00:00:00","documentKey":"DOC-1111","dteToShost":null,"levParticipants":1},{"idAction":5555,"name":"I will Rollback 5556","codDiv":"DIV-5555","dteStartSellIn":"2026-01-01T00:00:00","dteEndSellIn":"2026-01-31T00:00:00","dteStartSellOut":"2026-02-01T00:00:00","dteEndSellOut":"2026-02-28T00:00:00","documentKey":"DOC-5556","dteToShost":null,"levParticipants":1},{"idAction":6000,"name":"Zero Redundancy Campaign 6000","codDiv":"DIV-6000","dteStartSellIn":"2026-01-01T00:00:00","dteEndSellIn":"2026-01-31T00:00:00","dteStartSellOut":"2026-02-01T00:00:00","dteEndSellOut":"2026-02-28T00:00:00","documentKey":"DOC-6000","dteToShost":"2026-01-05T00:00:00","levParticipants":1},{"idAction":7000,"name":"Atomic Campaign 7000","codDiv":"DIV-7000","dteStartSellIn":"2026-01-01T00:00:00","dteEndSellIn":"2026-01-31T00:00:00","dteStartSellOut":"2026-02-01T00:00:00","dteEndSellOut":"2026-02-28T00:00:00","documentKey":"DOC-7000","dteToShost":null,"levParticipants":1},{"idAction":7777,"name":"Atomic Success Campaign 7777","codDiv":"DIV-7777","dteStartSellIn":"2026-01-01T00:00:00","dteEndSellIn":"2026-01-31T00:00:00","dteStartSellOut":"2026-02-01T00:00:00","dteEndSellOut":"2026-02-28T00:00:00","documentKey":"DOC-7777","dteToShost":null,"levParticipants":1},{"idAction":8888,"name":"Atomic Campaign 8888 Complete","codDiv":"DIV-8888","dteStartSellIn":"2026-01-01T00:00:00","dteEndSellIn":"2026-01-31T00:00:00","dteStartSellOut":"2026-02-01T00:00:00","dteEndSellOut":"2026-02-28T00:00:00","documentKey":"DOC-8888","dteToShost":null,"levParticipants":1},{"idAction":9000,"name":"Balanced Atomic Campaign 9000","codDiv":"DIV-9000","dteStartSellIn":"2026-01-01T00:00:00","dteEndSellIn":"2026-01-31T00:00:00","dteStartSellOut":"2026-02-01T00:00:00","dteEndSellOut":"2026-02-28T00:00:00","documentKey":"DOC-9000","dteToShost":null,"levParticipants":1},{"idAction":9999,"name":"I should not exist in DB","codDiv":"DIV-9999","dteStartSellIn":"2026-01-01T00:00:00","dteEndSellIn":"2026-01-31T00:00:00","dteStartSellOut":"2026-02-01T00:00:00","dteEndSellOut":"2026-02-28T00:00:00","documentKey":"DOC-9999","dteToShost":null,"levParticipants":1}]
2026-01-14 17:00:48.764 +05:00 [INF] HTTP GET /api/promotions/actions responded 200 in 76.2085 ms
2026-01-14 17:00:48.769 +05:00 [INF] JWT validated for haseeb
2026-01-14 17:00:48.776 +05:00 [INF] Forwarding request GET /api/promotions/actions to https://localhost:7043/api/promotions/actions
2026-01-14 17:00:48.820 +05:00 [INF] Received response 200 from https://localhost:7043/api/promotions/actions
2026-01-14 17:00:48.827 +05:00 [INF] HTTP GET /api/promotions/actions responded 200 in 59.3397 ms | User: haseeb (N/A) | IP: ::1 | RequestBody:  | ResponseBody: [{"idAction":1111,"name":"Atomic Campaign 1111","codDiv":"DIV-1111","dteStartSellIn":"2026-01-01T00:00:00","dteEndSellIn":"2026-01-31T00:00:00","dteStartSellOut":"2026-02-01T00:00:00","dteEndSellOut":"2026-02-28T00:00:00","documentKey":"DOC-1111","dteToShost":null,"levParticipants":1},{"idAction":5555,"name":"I will Rollback 5556","codDiv":"DIV-5555","dteStartSellIn":"2026-01-01T00:00:00","dteEndSellIn":"2026-01-31T00:00:00","dteStartSellOut":"2026-02-01T00:00:00","dteEndSellOut":"2026-02-28T00:00:00","documentKey":"DOC-5556","dteToShost":null,"levParticipants":1},{"idAction":6000,"name":"Zero Redundancy Campaign 6000","codDiv":"DIV-6000","dteStartSellIn":"2026-01-01T00:00:00","dteEndSellIn":"2026-01-31T00:00:00","dteStartSellOut":"2026-02-01T00:00:00","dteEndSellOut":"2026-02-28T00:00:00","documentKey":"DOC-6000","dteToShost":"2026-01-05T00:00:00","levParticipants":1},{"idAction":7000,"name":"Atomic Campaign 7000","codDiv":"DIV-7000","dteStartSellIn":"2026-01-01T00:00:00","dteEndSellIn":"2026-01-31T00:00:00","dteStartSellOut":"2026-02-01T00:00:00","dteEndSellOut":"2026-02-28T00:00:00","documentKey":"DOC-7000","dteToShost":null,"levParticipants":1},{"idAction":7777,"name":"Atomic Success Campaign 7777","codDiv":"DIV-7777","dteStartSellIn":"2026-01-01T00:00:00","dteEndSellIn":"2026-01-31T00:00:00","dteStartSellOut":"2026-02-01T00:00:00","dteEndSellOut":"2026-02-28T00:00:00","documentKey":"DOC-7777","dteToShost":null,"levParticipants":1},{"idAction":8888,"name":"Atomic Campaign 8888 Complete","codDiv":"DIV-8888","dteStartSellIn":"2026-01-01T00:00:00","dteEndSellIn":"2026-01-31T00:00:00","dteStartSellOut":"2026-02-01T00:00:00","dteEndSellOut":"2026-02-28T00:00:00","documentKey":"DOC-8888","dteToShost":null,"levParticipants":1},{"idAction":9000,"name":"Balanced Atomic Campaign 9000","codDiv":"DIV-9000","dteStartSellIn":"2026-01-01T00:00:00","dteEndSellIn":"2026-01-31T00:00:00","dteStartSellOut":"2026-02-01T00:00:00","dteEndSellOut":"2026-02-28T00:00:00","documentKey":"DOC-9000","dteToShost":null,"levParticipants":1},{"idAction":9999,"name":"I should not exist in DB","codDiv":"DIV-9999","dteStartSellIn":"2026-01-01T00:00:00","dteEndSellIn":"2026-01-31T00:00:00","dteStartSellOut":"2026-02-01T00:00:00","dteEndSellOut":"2026-02-28T00:00:00","documentKey":"DOC-9999","dteToShost":null,"levParticipants":1}]
2026-01-14 17:00:48.836 +05:00 [INF] HTTP GET /api/promotions/actions responded 200 in 67.7864 ms
2026-01-14 17:01:21.138 +05:00 [INF] JWT validated for haseeb
2026-01-14 17:01:21.149 +05:00 [INF] Forwarding request GET /api/promotions/actions to https://localhost:7043/api/promotions/actions
2026-01-14 17:01:21.245 +05:00 [INF] Received response 200 from https://localhost:7043/api/promotions/actions
2026-01-14 17:01:21.260 +05:00 [INF] HTTP GET /api/promotions/actions responded 200 in 122.8629 ms | User: haseeb (N/A) | IP: ::1 | RequestBody:  | ResponseBody: [{"idAction":1111,"name":"Atomic Campaign 1111","codDiv":"DIV-1111","dteStartSellIn":"2026-01-01T00:00:00","dteEndSellIn":"2026-01-31T00:00:00","dteStartSellOut":"2026-02-01T00:00:00","dteEndSellOut":"2026-02-28T00:00:00","documentKey":"DOC-1111","dteToShost":null,"levParticipants":1},{"idAction":5555,"name":"I will Rollback 5556","codDiv":"DIV-5555","dteStartSellIn":"2026-01-01T00:00:00","dteEndSellIn":"2026-01-31T00:00:00","dteStartSellOut":"2026-02-01T00:00:00","dteEndSellOut":"2026-02-28T00:00:00","documentKey":"DOC-5556","dteToShost":null,"levParticipants":1},{"idAction":6000,"name":"Zero Redundancy Campaign 6000","codDiv":"DIV-6000","dteStartSellIn":"2026-01-01T00:00:00","dteEndSellIn":"2026-01-31T00:00:00","dteStartSellOut":"2026-02-01T00:00:00","dteEndSellOut":"2026-02-28T00:00:00","documentKey":"DOC-6000","dteToShost":"2026-01-05T00:00:00","levParticipants":1},{"idAction":7000,"name":"Atomic Campaign 7000","codDiv":"DIV-7000","dteStartSellIn":"2026-01-01T00:00:00","dteEndSellIn":"2026-01-31T00:00:00","dteStartSellOut":"2026-02-01T00:00:00","dteEndSellOut":"2026-02-28T00:00:00","documentKey":"DOC-7000","dteToShost":null,"levParticipants":1},{"idAction":7777,"name":"Atomic Success Campaign 7777","codDiv":"DIV-7777","dteStartSellIn":"2026-01-01T00:00:00","dteEndSellIn":"2026-01-31T00:00:00","dteStartSellOut":"2026-02-01T00:00:00","dteEndSellOut":"2026-02-28T00:00:00","documentKey":"DOC-7777","dteToShost":null,"levParticipants":1},{"idAction":8888,"name":"Atomic Campaign 8888 Complete","codDiv":"DIV-8888","dteStartSellIn":"2026-01-01T00:00:00","dteEndSellIn":"2026-01-31T00:00:00","dteStartSellOut":"2026-02-01T00:00:00","dteEndSellOut":"2026-02-28T00:00:00","documentKey":"DOC-8888","dteToShost":null,"levParticipants":1},{"idAction":9000,"name":"Balanced Atomic Campaign 9000","codDiv":"DIV-9000","dteStartSellIn":"2026-01-01T00:00:00","dteEndSellIn":"2026-01-31T00:00:00","dteStartSellOut":"2026-02-01T00:00:00","dteEndSellOut":"2026-02-28T00:00:00","documentKey":"DOC-9000","dteToShost":null,"levParticipants":1},{"idAction":9999,"name":"I should not exist in DB","codDiv":"DIV-9999","dteStartSellIn":"2026-01-01T00:00:00","dteEndSellIn":"2026-01-31T00:00:00","dteStartSellOut":"2026-02-01T00:00:00","dteEndSellOut":"2026-02-28T00:00:00","documentKey":"DOC-9999","dteToShost":null,"levParticipants":1}]
2026-01-14 17:01:21.286 +05:00 [INF] HTTP GET /api/promotions/actions responded 200 in 149.1834 ms
2026-01-14 17:01:21.289 +05:00 [INF] JWT validated for haseeb
2026-01-14 17:01:21.293 +05:00 [INF] Forwarding request GET /api/promotions/actions to https://localhost:7043/api/promotions/actions
2026-01-14 17:01:21.338 +05:00 [INF] Received response 200 from https://localhost:7043/api/promotions/actions
2026-01-14 17:01:21.342 +05:00 [INF] HTTP GET /api/promotions/actions responded 200 in 53.2931 ms | User: haseeb (N/A) | IP: ::1 | RequestBody:  | ResponseBody: [{"idAction":1111,"name":"Atomic Campaign 1111","codDiv":"DIV-1111","dteStartSellIn":"2026-01-01T00:00:00","dteEndSellIn":"2026-01-31T00:00:00","dteStartSellOut":"2026-02-01T00:00:00","dteEndSellOut":"2026-02-28T00:00:00","documentKey":"DOC-1111","dteToShost":null,"levParticipants":1},{"idAction":5555,"name":"I will Rollback 5556","codDiv":"DIV-5555","dteStartSellIn":"2026-01-01T00:00:00","dteEndSellIn":"2026-01-31T00:00:00","dteStartSellOut":"2026-02-01T00:00:00","dteEndSellOut":"2026-02-28T00:00:00","documentKey":"DOC-5556","dteToShost":null,"levParticipants":1},{"idAction":6000,"name":"Zero Redundancy Campaign 6000","codDiv":"DIV-6000","dteStartSellIn":"2026-01-01T00:00:00","dteEndSellIn":"2026-01-31T00:00:00","dteStartSellOut":"2026-02-01T00:00:00","dteEndSellOut":"2026-02-28T00:00:00","documentKey":"DOC-6000","dteToShost":"2026-01-05T00:00:00","levParticipants":1},{"idAction":7000,"name":"Atomic Campaign 7000","codDiv":"DIV-7000","dteStartSellIn":"2026-01-01T00:00:00","dteEndSellIn":"2026-01-31T00:00:00","dteStartSellOut":"2026-02-01T00:00:00","dteEndSellOut":"2026-02-28T00:00:00","documentKey":"DOC-7000","dteToShost":null,"levParticipants":1},{"idAction":7777,"name":"Atomic Success Campaign 7777","codDiv":"DIV-7777","dteStartSellIn":"2026-01-01T00:00:00","dteEndSellIn":"2026-01-31T00:00:00","dteStartSellOut":"2026-02-01T00:00:00","dteEndSellOut":"2026-02-28T00:00:00","documentKey":"DOC-7777","dteToShost":null,"levParticipants":1},{"idAction":8888,"name":"Atomic Campaign 8888 Complete","codDiv":"DIV-8888","dteStartSellIn":"2026-01-01T00:00:00","dteEndSellIn":"2026-01-31T00:00:00","dteStartSellOut":"2026-02-01T00:00:00","dteEndSellOut":"2026-02-28T00:00:00","documentKey":"DOC-8888","dteToShost":null,"levParticipants":1},{"idAction":9000,"name":"Balanced Atomic Campaign 9000","codDiv":"DIV-9000","dteStartSellIn":"2026-01-01T00:00:00","dteEndSellIn":"2026-01-31T00:00:00","dteStartSellOut":"2026-02-01T00:00:00","dteEndSellOut":"2026-02-28T00:00:00","documentKey":"DOC-9000","dteToShost":null,"levParticipants":1},{"idAction":9999,"name":"I should not exist in DB","codDiv":"DIV-9999","dteStartSellIn":"2026-01-01T00:00:00","dteEndSellIn":"2026-01-31T00:00:00","dteStartSellOut":"2026-02-01T00:00:00","dteEndSellOut":"2026-02-28T00:00:00","documentKey":"DOC-9999","dteToShost":null,"levParticipants":1}]
2026-01-14 17:01:21.357 +05:00 [INF] HTTP GET /api/promotions/actions responded 200 in 68.1771 ms
2026-01-14 17:01:41.266 +05:00 [INF] JWT validated for haseeb
2026-01-14 17:01:41.272 +05:00 [INF] Forwarding request POST /api/promotions/actions to https://localhost:7043/api/promotions/actions
2026-01-14 17:01:41.625 +05:00 [INF] Received response 400 from https://localhost:7043/api/promotions/actions
2026-01-14 17:01:41.630 +05:00 [INF] HTTP POST /api/promotions/actions responded 400 in 365.2254 ms | User: haseeb (N/A) | IP: ::1 | RequestBody: {"name":"ddddddddd","codDiv":"DIV01","dteStartSellIn":"2026-01-10","dteEndSellIn":"2026-01-26","dteStartSellOut":"","dteEndSellOut":"","levParticipants":2} | ResponseBody: {"type":"https://tools.ietf.org/html/rfc9110#section-15.5.1","title":"One or more validation errors occurred.","status":400,"errors":{"dto":["The dto field is required."],"$.dteStartSellOut":["The JSON value could not be converted to System.DateTime. Path: $.dteStartSellOut | LineNumber: 0 | BytePositionInLine: 115."]},"traceId":"00-0097bdd069c61df77d92ad7bd3547d88-2af1853d44ece58c-00"}
2026-01-14 17:01:41.644 +05:00 [INF] HTTP POST /api/promotions/actions responded 400 in 378.5665 ms
2026-01-14 17:01:46.274 +05:00 [INF] JWT validated for haseeb
2026-01-14 17:01:46.280 +05:00 [INF] Forwarding request POST /api/promotions/actions to https://localhost:7043/api/promotions/actions
2026-01-14 17:01:46.299 +05:00 [INF] Received response 400 from https://localhost:7043/api/promotions/actions
2026-01-14 17:01:46.306 +05:00 [INF] HTTP POST /api/promotions/actions responded 400 in 32.5647 ms | User: haseeb (N/A) | IP: ::1 | RequestBody: {"name":"ddddddddd","codDiv":"DIV01","dteStartSellIn":"2026-01-10","dteEndSellIn":"2026-01-26","dteStartSellOut":"","dteEndSellOut":"","levParticipants":2} | ResponseBody: {"type":"https://tools.ietf.org/html/rfc9110#section-15.5.1","title":"One or more validation errors occurred.","status":400,"errors":{"dto":["The dto field is required."],"$.dteStartSellOut":["The JSON value could not be converted to System.DateTime. Path: $.dteStartSellOut | LineNumber: 0 | BytePositionInLine: 115."]},"traceId":"00-b57204b7fd1a3092278ab39f05880b5c-08a5d11ce052a4ab-00"}
2026-01-14 17:01:46.318 +05:00 [INF] HTTP POST /api/promotions/actions responded 400 in 44.6958 ms
2026-01-14 17:02:26.670 +05:00 [INF] JWT validated for haseeb
2026-01-14 17:02:26.676 +05:00 [INF] Forwarding request GET /api/promotions/actions to https://localhost:7043/api/promotions/actions
2026-01-14 17:02:26.783 +05:00 [INF] Received response 200 from https://localhost:7043/api/promotions/actions
2026-01-14 17:02:26.788 +05:00 [INF] HTTP GET /api/promotions/actions responded 200 in 127.6155 ms | User: haseeb (N/A) | IP: ::1 | RequestBody:  | ResponseBody: [{"idAction":1111,"name":"Atomic Campaign 1111","codDiv":"DIV-1111","dteStartSellIn":"2026-01-01T00:00:00","dteEndSellIn":"2026-01-31T00:00:00","dteStartSellOut":"2026-02-01T00:00:00","dteEndSellOut":"2026-02-28T00:00:00","documentKey":"DOC-1111","dteToShost":null,"levParticipants":1},{"idAction":5555,"name":"I will Rollback 5556","codDiv":"DIV-5555","dteStartSellIn":"2026-01-01T00:00:00","dteEndSellIn":"2026-01-31T00:00:00","dteStartSellOut":"2026-02-01T00:00:00","dteEndSellOut":"2026-02-28T00:00:00","documentKey":"DOC-5556","dteToShost":null,"levParticipants":1},{"idAction":6000,"name":"Zero Redundancy Campaign 6000","codDiv":"DIV-6000","dteStartSellIn":"2026-01-01T00:00:00","dteEndSellIn":"2026-01-31T00:00:00","dteStartSellOut":"2026-02-01T00:00:00","dteEndSellOut":"2026-02-28T00:00:00","documentKey":"DOC-6000","dteToShost":"2026-01-05T00:00:00","levParticipants":1},{"idAction":7000,"name":"Atomic Campaign 7000","codDiv":"DIV-7000","dteStartSellIn":"2026-01-01T00:00:00","dteEndSellIn":"2026-01-31T00:00:00","dteStartSellOut":"2026-02-01T00:00:00","dteEndSellOut":"2026-02-28T00:00:00","documentKey":"DOC-7000","dteToShost":null,"levParticipants":1},{"idAction":7777,"name":"Atomic Success Campaign 7777","codDiv":"DIV-7777","dteStartSellIn":"2026-01-01T00:00:00","dteEndSellIn":"2026-01-31T00:00:00","dteStartSellOut":"2026-02-01T00:00:00","dteEndSellOut":"2026-02-28T00:00:00","documentKey":"DOC-7777","dteToShost":null,"levParticipants":1},{"idAction":8888,"name":"Atomic Campaign 8888 Complete","codDiv":"DIV-8888","dteStartSellIn":"2026-01-01T00:00:00","dteEndSellIn":"2026-01-31T00:00:00","dteStartSellOut":"2026-02-01T00:00:00","dteEndSellOut":"2026-02-28T00:00:00","documentKey":"DOC-8888","dteToShost":null,"levParticipants":1},{"idAction":9000,"name":"Balanced Atomic Campaign 9000","codDiv":"DIV-9000","dteStartSellIn":"2026-01-01T00:00:00","dteEndSellIn":"2026-01-31T00:00:00","dteStartSellOut":"2026-02-01T00:00:00","dteEndSellOut":"2026-02-28T00:00:00","documentKey":"DOC-9000","dteToShost":null,"levParticipants":1},{"idAction":9999,"name":"I should not exist in DB","codDiv":"DIV-9999","dteStartSellIn":"2026-01-01T00:00:00","dteEndSellIn":"2026-01-31T00:00:00","dteStartSellOut":"2026-02-01T00:00:00","dteEndSellOut":"2026-02-28T00:00:00","documentKey":"DOC-9999","dteToShost":null,"levParticipants":1}]
2026-01-14 17:02:26.797 +05:00 [INF] HTTP GET /api/promotions/actions responded 200 in 137.2154 ms
2026-01-14 17:02:26.799 +05:00 [INF] JWT validated for haseeb
2026-01-14 17:02:26.803 +05:00 [INF] Forwarding request GET /api/promotions/actions to https://localhost:7043/api/promotions/actions
2026-01-14 17:02:26.821 +05:00 [INF] Received response 200 from https://localhost:7043/api/promotions/actions
2026-01-14 17:02:26.824 +05:00 [INF] HTTP GET /api/promotions/actions responded 200 in 25.4800 ms | User: haseeb (N/A) | IP: ::1 | RequestBody:  | ResponseBody: [{"idAction":1111,"name":"Atomic Campaign 1111","codDiv":"DIV-1111","dteStartSellIn":"2026-01-01T00:00:00","dteEndSellIn":"2026-01-31T00:00:00","dteStartSellOut":"2026-02-01T00:00:00","dteEndSellOut":"2026-02-28T00:00:00","documentKey":"DOC-1111","dteToShost":null,"levParticipants":1},{"idAction":5555,"name":"I will Rollback 5556","codDiv":"DIV-5555","dteStartSellIn":"2026-01-01T00:00:00","dteEndSellIn":"2026-01-31T00:00:00","dteStartSellOut":"2026-02-01T00:00:00","dteEndSellOut":"2026-02-28T00:00:00","documentKey":"DOC-5556","dteToShost":null,"levParticipants":1},{"idAction":6000,"name":"Zero Redundancy Campaign 6000","codDiv":"DIV-6000","dteStartSellIn":"2026-01-01T00:00:00","dteEndSellIn":"2026-01-31T00:00:00","dteStartSellOut":"2026-02-01T00:00:00","dteEndSellOut":"2026-02-28T00:00:00","documentKey":"DOC-6000","dteToShost":"2026-01-05T00:00:00","levParticipants":1},{"idAction":7000,"name":"Atomic Campaign 7000","codDiv":"DIV-7000","dteStartSellIn":"2026-01-01T00:00:00","dteEndSellIn":"2026-01-31T00:00:00","dteStartSellOut":"2026-02-01T00:00:00","dteEndSellOut":"2026-02-28T00:00:00","documentKey":"DOC-7000","dteToShost":null,"levParticipants":1},{"idAction":7777,"name":"Atomic Success Campaign 7777","codDiv":"DIV-7777","dteStartSellIn":"2026-01-01T00:00:00","dteEndSellIn":"2026-01-31T00:00:00","dteStartSellOut":"2026-02-01T00:00:00","dteEndSellOut":"2026-02-28T00:00:00","documentKey":"DOC-7777","dteToShost":null,"levParticipants":1},{"idAction":8888,"name":"Atomic Campaign 8888 Complete","codDiv":"DIV-8888","dteStartSellIn":"2026-01-01T00:00:00","dteEndSellIn":"2026-01-31T00:00:00","dteStartSellOut":"2026-02-01T00:00:00","dteEndSellOut":"2026-02-28T00:00:00","documentKey":"DOC-8888","dteToShost":null,"levParticipants":1},{"idAction":9000,"name":"Balanced Atomic Campaign 9000","codDiv":"DIV-9000","dteStartSellIn":"2026-01-01T00:00:00","dteEndSellIn":"2026-01-31T00:00:00","dteStartSellOut":"2026-02-01T00:00:00","dteEndSellOut":"2026-02-28T00:00:00","documentKey":"DOC-9000","dteToShost":null,"levParticipants":1},{"idAction":9999,"name":"I should not exist in DB","codDiv":"DIV-9999","dteStartSellIn":"2026-01-01T00:00:00","dteEndSellIn":"2026-01-31T00:00:00","dteStartSellOut":"2026-02-01T00:00:00","dteEndSellOut":"2026-02-28T00:00:00","documentKey":"DOC-9999","dteToShost":null,"levParticipants":1}]
2026-01-14 17:02:26.834 +05:00 [INF] HTTP GET /api/promotions/actions responded 200 in 34.7443 ms
2026-01-14 17:03:14.235 +05:00 [INF] JWT validated for haseeb
2026-01-14 17:03:14.247 +05:00 [INF] Forwarding request GET /api/promotions/actions to https://localhost:7043/api/promotions/actions
2026-01-14 17:03:14.308 +05:00 [INF] Received response 200 from https://localhost:7043/api/promotions/actions
2026-01-14 17:03:14.318 +05:00 [INF] HTTP GET /api/promotions/actions responded 200 in 97.7015 ms | User: haseeb (N/A) | IP: ::1 | RequestBody:  | ResponseBody: [{"idAction":1111,"name":"Atomic Campaign 1111","codDiv":"DIV-1111","dteStartSellIn":"2026-01-01T00:00:00","dteEndSellIn":"2026-01-31T00:00:00","dteStartSellOut":"2026-02-01T00:00:00","dteEndSellOut":"2026-02-28T00:00:00","documentKey":"DOC-1111","dteToShost":null,"levParticipants":1},{"idAction":5555,"name":"I will Rollback 5556","codDiv":"DIV-5555","dteStartSellIn":"2026-01-01T00:00:00","dteEndSellIn":"2026-01-31T00:00:00","dteStartSellOut":"2026-02-01T00:00:00","dteEndSellOut":"2026-02-28T00:00:00","documentKey":"DOC-5556","dteToShost":null,"levParticipants":1},{"idAction":6000,"name":"Zero Redundancy Campaign 6000","codDiv":"DIV-6000","dteStartSellIn":"2026-01-01T00:00:00","dteEndSellIn":"2026-01-31T00:00:00","dteStartSellOut":"2026-02-01T00:00:00","dteEndSellOut":"2026-02-28T00:00:00","documentKey":"DOC-6000","dteToShost":"2026-01-05T00:00:00","levParticipants":1},{"idAction":7000,"name":"Atomic Campaign 7000","codDiv":"DIV-7000","dteStartSellIn":"2026-01-01T00:00:00","dteEndSellIn":"2026-01-31T00:00:00","dteStartSellOut":"2026-02-01T00:00:00","dteEndSellOut":"2026-02-28T00:00:00","documentKey":"DOC-7000","dteToShost":null,"levParticipants":1},{"idAction":7777,"name":"Atomic Success Campaign 7777","codDiv":"DIV-7777","dteStartSellIn":"2026-01-01T00:00:00","dteEndSellIn":"2026-01-31T00:00:00","dteStartSellOut":"2026-02-01T00:00:00","dteEndSellOut":"2026-02-28T00:00:00","documentKey":"DOC-7777","dteToShost":null,"levParticipants":1},{"idAction":8888,"name":"Atomic Campaign 8888 Complete","codDiv":"DIV-8888","dteStartSellIn":"2026-01-01T00:00:00","dteEndSellIn":"2026-01-31T00:00:00","dteStartSellOut":"2026-02-01T00:00:00","dteEndSellOut":"2026-02-28T00:00:00","documentKey":"DOC-8888","dteToShost":null,"levParticipants":1},{"idAction":9000,"name":"Balanced Atomic Campaign 9000","codDiv":"DIV-9000","dteStartSellIn":"2026-01-01T00:00:00","dteEndSellIn":"2026-01-31T00:00:00","dteStartSellOut":"2026-02-01T00:00:00","dteEndSellOut":"2026-02-28T00:00:00","documentKey":"DOC-9000","dteToShost":null,"levParticipants":1},{"idAction":9999,"name":"I should not exist in DB","codDiv":"DIV-9999","dteStartSellIn":"2026-01-01T00:00:00","dteEndSellIn":"2026-01-31T00:00:00","dteStartSellOut":"2026-02-01T00:00:00","dteEndSellOut":"2026-02-28T00:00:00","documentKey":"DOC-9999","dteToShost":null,"levParticipants":1}]
2026-01-14 17:03:14.356 +05:00 [INF] HTTP GET /api/promotions/actions responded 200 in 135.0131 ms
2026-01-14 17:03:14.361 +05:00 [INF] JWT validated for haseeb
2026-01-14 17:03:14.401 +05:00 [INF] Forwarding request GET /api/promotions/actions to https://localhost:7043/api/promotions/actions
2026-01-14 17:03:14.424 +05:00 [INF] Received response 200 from https://localhost:7043/api/promotions/actions
2026-01-14 17:03:14.433 +05:00 [INF] HTTP GET /api/promotions/actions responded 200 in 73.4046 ms | User: haseeb (N/A) | IP: ::1 | RequestBody:  | ResponseBody: [{"idAction":1111,"name":"Atomic Campaign 1111","codDiv":"DIV-1111","dteStartSellIn":"2026-01-01T00:00:00","dteEndSellIn":"2026-01-31T00:00:00","dteStartSellOut":"2026-02-01T00:00:00","dteEndSellOut":"2026-02-28T00:00:00","documentKey":"DOC-1111","dteToShost":null,"levParticipants":1},{"idAction":5555,"name":"I will Rollback 5556","codDiv":"DIV-5555","dteStartSellIn":"2026-01-01T00:00:00","dteEndSellIn":"2026-01-31T00:00:00","dteStartSellOut":"2026-02-01T00:00:00","dteEndSellOut":"2026-02-28T00:00:00","documentKey":"DOC-5556","dteToShost":null,"levParticipants":1},{"idAction":6000,"name":"Zero Redundancy Campaign 6000","codDiv":"DIV-6000","dteStartSellIn":"2026-01-01T00:00:00","dteEndSellIn":"2026-01-31T00:00:00","dteStartSellOut":"2026-02-01T00:00:00","dteEndSellOut":"2026-02-28T00:00:00","documentKey":"DOC-6000","dteToShost":"2026-01-05T00:00:00","levParticipants":1},{"idAction":7000,"name":"Atomic Campaign 7000","codDiv":"DIV-7000","dteStartSellIn":"2026-01-01T00:00:00","dteEndSellIn":"2026-01-31T00:00:00","dteStartSellOut":"2026-02-01T00:00:00","dteEndSellOut":"2026-02-28T00:00:00","documentKey":"DOC-7000","dteToShost":null,"levParticipants":1},{"idAction":7777,"name":"Atomic Success Campaign 7777","codDiv":"DIV-7777","dteStartSellIn":"2026-01-01T00:00:00","dteEndSellIn":"2026-01-31T00:00:00","dteStartSellOut":"2026-02-01T00:00:00","dteEndSellOut":"2026-02-28T00:00:00","documentKey":"DOC-7777","dteToShost":null,"levParticipants":1},{"idAction":8888,"name":"Atomic Campaign 8888 Complete","codDiv":"DIV-8888","dteStartSellIn":"2026-01-01T00:00:00","dteEndSellIn":"2026-01-31T00:00:00","dteStartSellOut":"2026-02-01T00:00:00","dteEndSellOut":"2026-02-28T00:00:00","documentKey":"DOC-8888","dteToShost":null,"levParticipants":1},{"idAction":9000,"name":"Balanced Atomic Campaign 9000","codDiv":"DIV-9000","dteStartSellIn":"2026-01-01T00:00:00","dteEndSellIn":"2026-01-31T00:00:00","dteStartSellOut":"2026-02-01T00:00:00","dteEndSellOut":"2026-02-28T00:00:00","documentKey":"DOC-9000","dteToShost":null,"levParticipants":1},{"idAction":9999,"name":"I should not exist in DB","codDiv":"DIV-9999","dteStartSellIn":"2026-01-01T00:00:00","dteEndSellIn":"2026-01-31T00:00:00","dteStartSellOut":"2026-02-01T00:00:00","dteEndSellOut":"2026-02-28T00:00:00","documentKey":"DOC-9999","dteToShost":null,"levParticipants":1}]
2026-01-14 17:03:14.444 +05:00 [INF] HTTP GET /api/promotions/actions responded 200 in 84.1432 ms
2026-01-14 17:10:45.036 +05:00 [INF] JWT validated for haseeb
2026-01-14 17:10:45.043 +05:00 [INF] Forwarding request GET /api/promotions/dashboard/metrics to https://localhost:7043/api/promotions/dashboard/metrics
2026-01-14 17:10:45.334 +05:00 [INF] Received response 200 from https://localhost:7043/api/promotions/dashboard/metrics
2026-01-14 17:10:45.341 +05:00 [INF] HTTP GET /api/promotions/dashboard/metrics responded 200 in 320.9717 ms | User: haseeb (N/A) | IP: ::1 | RequestBody:  | ResponseBody: {"totalPromotions":8,"totalProducts":8,"totalParticipants":8,"activeActions":8,"estimatedRevenue":0}
2026-01-14 17:10:45.352 +05:00 [INF] HTTP GET /api/promotions/dashboard/metrics responded 200 in 332.2800 ms
2026-01-14 17:10:45.356 +05:00 [INF] JWT validated for haseeb
2026-01-14 17:10:45.359 +05:00 [INF] Forwarding request GET /api/promotions/dashboard/metrics to https://localhost:7043/api/promotions/dashboard/metrics
2026-01-14 17:10:45.385 +05:00 [INF] Received response 200 from https://localhost:7043/api/promotions/dashboard/metrics
2026-01-14 17:10:45.389 +05:00 [INF] HTTP GET /api/promotions/dashboard/metrics responded 200 in 34.0810 ms | User: haseeb (N/A) | IP: ::1 | RequestBody:  | ResponseBody: {"totalPromotions":8,"totalProducts":8,"totalParticipants":8,"activeActions":8,"estimatedRevenue":0}
2026-01-14 17:10:45.396 +05:00 [INF] HTTP GET /api/promotions/dashboard/metrics responded 200 in 41.1145 ms
2026-01-14 17:10:46.728 +05:00 [INF] JWT validated for haseeb
2026-01-14 17:10:46.731 +05:00 [INF] Forwarding request GET /api/promotions/dashboard/metrics to https://localhost:7043/api/promotions/dashboard/metrics
2026-01-14 17:10:46.757 +05:00 [INF] Received response 200 from https://localhost:7043/api/promotions/dashboard/metrics
2026-01-14 17:10:46.761 +05:00 [INF] HTTP GET /api/promotions/dashboard/metrics responded 200 in 33.7358 ms | User: haseeb (N/A) | IP: ::1 | RequestBody:  | ResponseBody: {"totalPromotions":8,"totalProducts":8,"totalParticipants":8,"activeActions":8,"estimatedRevenue":0}
2026-01-14 17:10:46.766 +05:00 [INF] HTTP GET /api/promotions/dashboard/metrics responded 200 in 38.2279 ms
2026-01-14 17:10:46.767 +05:00 [INF] JWT validated for haseeb
2026-01-14 17:10:46.771 +05:00 [INF] Forwarding request GET /api/promotions/dashboard/metrics to https://localhost:7043/api/promotions/dashboard/metrics
2026-01-14 17:10:46.802 +05:00 [INF] Received response 200 from https://localhost:7043/api/promotions/dashboard/metrics
2026-01-14 17:10:46.806 +05:00 [INF] HTTP GET /api/promotions/dashboard/metrics responded 200 in 38.8937 ms | User: haseeb (N/A) | IP: ::1 | RequestBody:  | ResponseBody: {"totalPromotions":8,"totalProducts":8,"totalParticipants":8,"activeActions":8,"estimatedRevenue":0}
2026-01-14 17:10:46.812 +05:00 [INF] HTTP GET /api/promotions/dashboard/metrics responded 200 in 44.9905 ms
2026-01-14 17:13:40.504 +05:00 [INF] JWT validated for haseeb
2026-01-14 17:13:40.559 +05:00 [INF] Forwarding request POST /api/promotions/actions to https://localhost:7043/api/promotions/actions
2026-01-14 17:13:41.189 +05:00 [INF] Received response 400 from https://localhost:7043/api/promotions/actions
2026-01-14 17:13:41.223 +05:00 [INF] HTTP POST /api/promotions/actions responded 400 in 785.4325 ms | User: haseeb (N/A) | IP: ::1 | RequestBody: {"name":"new promo","codDiv":"DIV01","dteStartSellIn":"2026-01-15","dteEndSellIn":"2026-01-16","dteStartSellOut":"","dteEndSellOut":"","levParticipants":1} | ResponseBody: {"type":"https://tools.ietf.org/html/rfc9110#section-15.5.1","title":"One or more validation errors occurred.","status":400,"errors":{"dto":["The dto field is required."],"$.dteStartSellOut":["The JSON value could not be converted to System.DateTime. Path: $.dteStartSellOut | LineNumber: 0 | BytePositionInLine: 115."]},"traceId":"00-7fc99587e7206ee4894ac344f24cc53b-532dea9f92fd977e-00"}
2026-01-14 17:13:41.255 +05:00 [INF] HTTP POST /api/promotions/actions responded 400 in 817.4784 ms
2026-01-14 17:14:31.726 +05:00 [INF] JWT validated for haseeb
2026-01-14 17:14:31.745 +05:00 [INF] Forwarding request POST /api/promotions/actions to https://localhost:7043/api/promotions/actions
2026-01-14 17:14:31.833 +05:00 [INF] Received response 400 from https://localhost:7043/api/promotions/actions
2026-01-14 17:14:31.849 +05:00 [INF] HTTP POST /api/promotions/actions responded 400 in 168.0182 ms | User: haseeb (N/A) | IP: ::1 | RequestBody: {"name":"new promo","codDiv":"DIV01","dteStartSellIn":"2026-01-15","dteEndSellIn":"2026-01-16","dteStartSellOut":"","dteEndSellOut":"","levParticipants":1} | ResponseBody: {"type":"https://tools.ietf.org/html/rfc9110#section-15.5.1","title":"One or more validation errors occurred.","status":400,"errors":{"dto":["The dto field is required."],"$.dteStartSellOut":["The JSON value could not be converted to System.DateTime. Path: $.dteStartSellOut | LineNumber: 0 | BytePositionInLine: 115."]},"traceId":"00-8ceed709e1febfbc95a9bd4afa3fd595-7fde8e88466591fd-00"}
2026-01-14 17:14:31.880 +05:00 [INF] HTTP POST /api/promotions/actions responded 400 in 199.4913 ms
2026-01-14 17:14:36.448 +05:00 [INF] JWT validated for haseeb
2026-01-14 17:14:36.459 +05:00 [INF] Forwarding request POST /api/promotions/actions to https://localhost:7043/api/promotions/actions
2026-01-14 17:14:36.527 +05:00 [INF] Received response 400 from https://localhost:7043/api/promotions/actions
2026-01-14 17:14:36.556 +05:00 [INF] HTTP POST /api/promotions/actions responded 400 in 108.7617 ms | User: haseeb (N/A) | IP: ::1 | RequestBody: {"name":"new promo","codDiv":"DIV01","dteStartSellIn":"2026-01-15","dteEndSellIn":"2026-01-16","dteStartSellOut":"","dteEndSellOut":"","levParticipants":1} | ResponseBody: {"type":"https://tools.ietf.org/html/rfc9110#section-15.5.1","title":"One or more validation errors occurred.","status":400,"errors":{"dto":["The dto field is required."],"$.dteStartSellOut":["The JSON value could not be converted to System.DateTime. Path: $.dteStartSellOut | LineNumber: 0 | BytePositionInLine: 115."]},"traceId":"00-c0ed77d7b95c9eef86c2a933e13a3561-1f055f184a290288-00"}
2026-01-14 17:14:36.575 +05:00 [INF] HTTP POST /api/promotions/actions responded 400 in 127.3416 ms
2026-01-14 17:17:43.627 +05:00 [INF] HTTP GET /swagger/index.html responded 404 in 916.1019 ms | User: Anonymous (N/A) | IP: ::1 | RequestBody:  | ResponseBody: 
2026-01-14 17:17:43.910 +05:00 [INF] HTTP GET /swagger/index.html responded 404 in 1261.7624 ms
2026-01-14 17:18:04.577 +05:00 [INF] JWT validated for haseeb
2026-01-14 17:18:04.616 +05:00 [INF] Forwarding request GET /api/promotions/dashboard/metrics to https://localhost:7043/api/promotions/dashboard/metrics
2026-01-14 17:18:09.896 +05:00 [INF] Received response 200 from https://localhost:7043/api/promotions/dashboard/metrics
2026-01-14 17:18:09.919 +05:00 [INF] HTTP GET /api/promotions/dashboard/metrics responded 200 in 5512.5819 ms | User: haseeb (N/A) | IP: ::1 | RequestBody:  | ResponseBody: {"totalPromotions":8,"totalProducts":8,"totalParticipants":8,"activeActions":8,"estimatedRevenue":0}
2026-01-14 17:18:09.958 +05:00 [INF] HTTP GET /api/promotions/dashboard/metrics responded 200 in 5552.0324 ms
2026-01-14 17:18:09.973 +05:00 [INF] JWT validated for haseeb
2026-01-14 17:18:09.987 +05:00 [INF] Forwarding request GET /api/promotions/dashboard/metrics to https://localhost:7043/api/promotions/dashboard/metrics
2026-01-14 17:18:10.087 +05:00 [INF] Received response 200 from https://localhost:7043/api/promotions/dashboard/metrics
2026-01-14 17:18:10.093 +05:00 [INF] HTTP GET /api/promotions/dashboard/metrics responded 200 in 130.4507 ms | User: haseeb (N/A) | IP: ::1 | RequestBody:  | ResponseBody: {"totalPromotions":8,"totalProducts":8,"totalParticipants":8,"activeActions":8,"estimatedRevenue":0}
2026-01-14 17:18:10.106 +05:00 [INF] HTTP GET /api/promotions/dashboard/metrics responded 200 in 143.2256 ms
2026-01-14 17:18:13.285 +05:00 [INF] JWT validated for haseeb
2026-01-14 17:18:13.299 +05:00 [INF] Forwarding request GET /api/promotions/dashboard/metrics to https://localhost:7043/api/promotions/dashboard/metrics
2026-01-14 17:18:13.498 +05:00 [INF] Received response 200 from https://localhost:7043/api/promotions/dashboard/metrics
2026-01-14 17:18:13.506 +05:00 [INF] HTTP GET /api/promotions/dashboard/metrics responded 200 in 223.3766 ms | User: haseeb (N/A) | IP: ::1 | RequestBody:  | ResponseBody: {"totalPromotions":8,"totalProducts":8,"totalParticipants":8,"activeActions":8,"estimatedRevenue":0}
2026-01-14 17:18:13.515 +05:00 [INF] HTTP GET /api/promotions/dashboard/metrics responded 200 in 232.6786 ms
2026-01-14 17:18:13.518 +05:00 [INF] JWT validated for haseeb
2026-01-14 17:18:13.525 +05:00 [INF] Forwarding request GET /api/promotions/dashboard/metrics to https://localhost:7043/api/promotions/dashboard/metrics
2026-01-14 17:18:13.556 +05:00 [INF] Received response 200 from https://localhost:7043/api/promotions/dashboard/metrics
2026-01-14 17:18:13.561 +05:00 [INF] HTTP GET /api/promotions/dashboard/metrics responded 200 in 44.1820 ms | User: haseeb (N/A) | IP: ::1 | RequestBody:  | ResponseBody: {"totalPromotions":8,"totalProducts":8,"totalParticipants":8,"activeActions":8,"estimatedRevenue":0}
2026-01-14 17:18:13.571 +05:00 [INF] HTTP GET /api/promotions/dashboard/metrics responded 200 in 53.9340 ms
2026-01-14 17:18:26.953 +05:00 [INF] Forwarding request POST /api/auth/login to https://localhost:7222/api/auth/login
2026-01-14 17:18:33.215 +05:00 [INF] Received response 200 from https://localhost:7222/api/auth/login
2026-01-14 17:18:33.230 +05:00 [INF] HTTP POST /api/auth/login responded 200 in 6282.9595 ms | User: Anonymous (N/A) | IP: ::1 | RequestBody: {"Email":"haseeb@gmail.com","Password":"haseeb123"} | ResponseBody: {"accessToken":"eyJhbGciOiJIUzI1NiIsInR5cCI6IkpXVCJ9.eyJzdWIiOiIxMyIsImVtYWlsIjoiaGFzZWViQGdtYWlsLmNvbSIsInVuaXF1ZV9uYW1lIjoiaGFzZWViIiwiZXhwIjoxNzY4NDAwMzEyLCJpc3MiOiJNeUNvbXBhbnkiLCJhdWQiOiJNeUNvbXBhbnlVc2VycyJ9.d52m8WRsZ9vuud-8uZuDnP547wGZ44ueuopVqYOKmgY","refreshToken":"786d75e0-5787-42fd-8e0d-d0c9be750285"}
2026-01-14 17:18:33.253 +05:00 [INF] HTTP POST /api/auth/login responded 200 in 6305.5214 ms
2026-01-14 17:18:33.303 +05:00 [INF] JWT validated for haseeb
2026-01-14 17:18:33.311 +05:00 [INF] Forwarding request GET /api/promotions/dashboard/metrics to https://localhost:7043/api/promotions/dashboard/metrics
2026-01-14 17:18:33.358 +05:00 [INF] Received response 200 from https://localhost:7043/api/promotions/dashboard/metrics
2026-01-14 17:18:33.364 +05:00 [INF] HTTP GET /api/promotions/dashboard/metrics responded 200 in 61.4307 ms | User: haseeb (N/A) | IP: ::1 | RequestBody:  | ResponseBody: {"totalPromotions":8,"totalProducts":8,"totalParticipants":8,"activeActions":8,"estimatedRevenue":0}
2026-01-14 17:18:33.373 +05:00 [INF] HTTP GET /api/promotions/dashboard/metrics responded 200 in 70.6021 ms
2026-01-14 17:18:33.375 +05:00 [INF] JWT validated for haseeb
2026-01-14 17:18:33.382 +05:00 [INF] Forwarding request GET /api/promotions/dashboard/metrics to https://localhost:7043/api/promotions/dashboard/metrics
2026-01-14 17:18:33.412 +05:00 [INF] Received response 200 from https://localhost:7043/api/promotions/dashboard/metrics
2026-01-14 17:18:33.417 +05:00 [INF] HTTP GET /api/promotions/dashboard/metrics responded 200 in 42.3623 ms | User: haseeb (N/A) | IP: ::1 | RequestBody:  | ResponseBody: {"totalPromotions":8,"totalProducts":8,"totalParticipants":8,"activeActions":8,"estimatedRevenue":0}
2026-01-14 17:18:33.427 +05:00 [INF] HTTP GET /api/promotions/dashboard/metrics responded 200 in 51.9823 ms
2026-01-14 17:18:38.250 +05:00 [INF] JWT validated for haseeb
2026-01-14 17:18:38.255 +05:00 [INF] Forwarding request GET /api/promotions/actions to https://localhost:7043/api/promotions/actions
2026-01-14 17:18:38.379 +05:00 [INF] Received response 200 from https://localhost:7043/api/promotions/actions
2026-01-14 17:18:38.389 +05:00 [INF] HTTP GET /api/promotions/actions responded 200 in 139.7212 ms | User: haseeb (N/A) | IP: ::1 | RequestBody:  | ResponseBody: [{"idAction":1111,"name":"Atomic Campaign 1111","codDiv":"DIV-1111","dteStartSellIn":"2026-01-01T00:00:00","dteEndSellIn":"2026-01-31T00:00:00","dteStartSellOut":"2026-02-01T00:00:00","dteEndSellOut":"2026-02-28T00:00:00","documentKey":"DOC-1111","dteToShost":null,"levParticipants":1},{"idAction":5555,"name":"I will Rollback 5556","codDiv":"DIV-5555","dteStartSellIn":"2026-01-01T00:00:00","dteEndSellIn":"2026-01-31T00:00:00","dteStartSellOut":"2026-02-01T00:00:00","dteEndSellOut":"2026-02-28T00:00:00","documentKey":"DOC-5556","dteToShost":null,"levParticipants":1},{"idAction":6000,"name":"Zero Redundancy Campaign 6000","codDiv":"DIV-6000","dteStartSellIn":"2026-01-01T00:00:00","dteEndSellIn":"2026-01-31T00:00:00","dteStartSellOut":"2026-02-01T00:00:00","dteEndSellOut":"2026-02-28T00:00:00","documentKey":"DOC-6000","dteToShost":"2026-01-05T00:00:00","levParticipants":1},{"idAction":7000,"name":"Atomic Campaign 7000","codDiv":"DIV-7000","dteStartSellIn":"2026-01-01T00:00:00","dteEndSellIn":"2026-01-31T00:00:00","dteStartSellOut":"2026-02-01T00:00:00","dteEndSellOut":"2026-02-28T00:00:00","documentKey":"DOC-7000","dteToShost":null,"levParticipants":1},{"idAction":7777,"name":"Atomic Success Campaign 7777","codDiv":"DIV-7777","dteStartSellIn":"2026-01-01T00:00:00","dteEndSellIn":"2026-01-31T00:00:00","dteStartSellOut":"2026-02-01T00:00:00","dteEndSellOut":"2026-02-28T00:00:00","documentKey":"DOC-7777","dteToShost":null,"levParticipants":1},{"idAction":8888,"name":"Atomic Campaign 8888 Complete","codDiv":"DIV-8888","dteStartSellIn":"2026-01-01T00:00:00","dteEndSellIn":"2026-01-31T00:00:00","dteStartSellOut":"2026-02-01T00:00:00","dteEndSellOut":"2026-02-28T00:00:00","documentKey":"DOC-8888","dteToShost":null,"levParticipants":1},{"idAction":9000,"name":"Balanced Atomic Campaign 9000","codDiv":"DIV-9000","dteStartSellIn":"2026-01-01T00:00:00","dteEndSellIn":"2026-01-31T00:00:00","dteStartSellOut":"2026-02-01T00:00:00","dteEndSellOut":"2026-02-28T00:00:00","documentKey":"DOC-9000","dteToShost":null,"levParticipants":1},{"idAction":9999,"name":"I should not exist in DB","codDiv":"DIV-9999","dteStartSellIn":"2026-01-01T00:00:00","dteEndSellIn":"2026-01-31T00:00:00","dteStartSellOut":"2026-02-01T00:00:00","dteEndSellOut":"2026-02-28T00:00:00","documentKey":"DOC-9999","dteToShost":null,"levParticipants":1}]
2026-01-14 17:18:38.406 +05:00 [INF] HTTP GET /api/promotions/actions responded 200 in 157.0459 ms
2026-01-14 17:18:38.411 +05:00 [INF] JWT validated for haseeb
2026-01-14 17:18:38.424 +05:00 [INF] Forwarding request GET /api/promotions/actions to https://localhost:7043/api/promotions/actions
2026-01-14 17:18:38.480 +05:00 [INF] Received response 200 from https://localhost:7043/api/promotions/actions
2026-01-14 17:18:38.492 +05:00 [INF] HTTP GET /api/promotions/actions responded 200 in 82.2483 ms | User: haseeb (N/A) | IP: ::1 | RequestBody:  | ResponseBody: [{"idAction":1111,"name":"Atomic Campaign 1111","codDiv":"DIV-1111","dteStartSellIn":"2026-01-01T00:00:00","dteEndSellIn":"2026-01-31T00:00:00","dteStartSellOut":"2026-02-01T00:00:00","dteEndSellOut":"2026-02-28T00:00:00","documentKey":"DOC-1111","dteToShost":null,"levParticipants":1},{"idAction":5555,"name":"I will Rollback 5556","codDiv":"DIV-5555","dteStartSellIn":"2026-01-01T00:00:00","dteEndSellIn":"2026-01-31T00:00:00","dteStartSellOut":"2026-02-01T00:00:00","dteEndSellOut":"2026-02-28T00:00:00","documentKey":"DOC-5556","dteToShost":null,"levParticipants":1},{"idAction":6000,"name":"Zero Redundancy Campaign 6000","codDiv":"DIV-6000","dteStartSellIn":"2026-01-01T00:00:00","dteEndSellIn":"2026-01-31T00:00:00","dteStartSellOut":"2026-02-01T00:00:00","dteEndSellOut":"2026-02-28T00:00:00","documentKey":"DOC-6000","dteToShost":"2026-01-05T00:00:00","levParticipants":1},{"idAction":7000,"name":"Atomic Campaign 7000","codDiv":"DIV-7000","dteStartSellIn":"2026-01-01T00:00:00","dteEndSellIn":"2026-01-31T00:00:00","dteStartSellOut":"2026-02-01T00:00:00","dteEndSellOut":"2026-02-28T00:00:00","documentKey":"DOC-7000","dteToShost":null,"levParticipants":1},{"idAction":7777,"name":"Atomic Success Campaign 7777","codDiv":"DIV-7777","dteStartSellIn":"2026-01-01T00:00:00","dteEndSellIn":"2026-01-31T00:00:00","dteStartSellOut":"2026-02-01T00:00:00","dteEndSellOut":"2026-02-28T00:00:00","documentKey":"DOC-7777","dteToShost":null,"levParticipants":1},{"idAction":8888,"name":"Atomic Campaign 8888 Complete","codDiv":"DIV-8888","dteStartSellIn":"2026-01-01T00:00:00","dteEndSellIn":"2026-01-31T00:00:00","dteStartSellOut":"2026-02-01T00:00:00","dteEndSellOut":"2026-02-28T00:00:00","documentKey":"DOC-8888","dteToShost":null,"levParticipants":1},{"idAction":9000,"name":"Balanced Atomic Campaign 9000","codDiv":"DIV-9000","dteStartSellIn":"2026-01-01T00:00:00","dteEndSellIn":"2026-01-31T00:00:00","dteStartSellOut":"2026-02-01T00:00:00","dteEndSellOut":"2026-02-28T00:00:00","documentKey":"DOC-9000","dteToShost":null,"levParticipants":1},{"idAction":9999,"name":"I should not exist in DB","codDiv":"DIV-9999","dteStartSellIn":"2026-01-01T00:00:00","dteEndSellIn":"2026-01-31T00:00:00","dteStartSellOut":"2026-02-01T00:00:00","dteEndSellOut":"2026-02-28T00:00:00","documentKey":"DOC-9999","dteToShost":null,"levParticipants":1}]
2026-01-14 17:18:38.512 +05:00 [INF] HTTP GET /api/promotions/actions responded 200 in 102.3197 ms
2026-01-14 17:19:01.832 +05:00 [INF] JWT validated for haseeb
2026-01-14 17:19:01.858 +05:00 [INF] Forwarding request POST /api/promotions/actions/atomic to https://localhost:7043/api/promotions/actions/atomic
2026-01-14 17:19:02.553 +05:00 [INF] Received response 200 from https://localhost:7043/api/promotions/actions/atomic
2026-01-14 17:19:02.559 +05:00 [INF] HTTP POST /api/promotions/actions/atomic responded 200 in 727.5416 ms | User: haseeb (N/A) | IP: ::1 | RequestBody: {"name":"new promo","codDiv":"DIV01","dteStartSellIn":"2026-01-15","dteEndSellIn":"2026-01-17","dteStartSellOut":"2026-01-15","dteEndSellOut":"2026-01-17","levParticipants":1,"idAction":0,"participants":[],"deliveryPoints":[],"products":[]} | ResponseBody: 
2026-01-14 17:19:02.568 +05:00 [INF] HTTP POST /api/promotions/actions/atomic responded 200 in 737.2264 ms
2026-01-14 17:19:02.595 +05:00 [INF] JWT validated for haseeb
2026-01-14 17:19:02.604 +05:00 [INF] Forwarding request GET /api/promotions/actions to https://localhost:7043/api/promotions/actions
2026-01-14 17:19:02.655 +05:00 [INF] Received response 200 from https://localhost:7043/api/promotions/actions
2026-01-14 17:19:02.662 +05:00 [INF] HTTP GET /api/promotions/actions responded 200 in 67.3084 ms | User: haseeb (N/A) | IP: ::1 | RequestBody:  | ResponseBody: [{"idAction":0,"name":"new promo","codDiv":"DIV01","dteStartSellIn":"2026-01-15T00:00:00","dteEndSellIn":"2026-01-17T00:00:00","dteStartSellOut":"2026-01-15T00:00:00","dteEndSellOut":"2026-01-17T00:00:00","documentKey":null,"dteToShost":null,"levParticipants":1},{"idAction":1111,"name":"Atomic Campaign 1111","codDiv":"DIV-1111","dteStartSellIn":"2026-01-01T00:00:00","dteEndSellIn":"2026-01-31T00:00:00","dteStartSellOut":"2026-02-01T00:00:00","dteEndSellOut":"2026-02-28T00:00:00","documentKey":"DOC-1111","dteToShost":null,"levParticipants":1},{"idAction":5555,"name":"I will Rollback 5556","codDiv":"DIV-5555","dteStartSellIn":"2026-01-01T00:00:00","dteEndSellIn":"2026-01-31T00:00:00","dteStartSellOut":"2026-02-01T00:00:00","dteEndSellOut":"2026-02-28T00:00:00","documentKey":"DOC-5556","dteToShost":null,"levParticipants":1},{"idAction":6000,"name":"Zero Redundancy Campaign 6000","codDiv":"DIV-6000","dteStartSellIn":"2026-01-01T00:00:00","dteEndSellIn":"2026-01-31T00:00:00","dteStartSellOut":"2026-02-01T00:00:00","dteEndSellOut":"2026-02-28T00:00:00","documentKey":"DOC-6000","dteToShost":"2026-01-05T00:00:00","levParticipants":1},{"idAction":7000,"name":"Atomic Campaign 7000","codDiv":"DIV-7000","dteStartSellIn":"2026-01-01T00:00:00","dteEndSellIn":"2026-01-31T00:00:00","dteStartSellOut":"2026-02-01T00:00:00","dteEndSellOut":"2026-02-28T00:00:00","documentKey":"DOC-7000","dteToShost":null,"levParticipants":1},{"idAction":7777,"name":"Atomic Success Campaign 7777","codDiv":"DIV-7777","dteStartSellIn":"2026-01-01T00:00:00","dteEndSellIn":"2026-01-31T00:00:00","dteStartSellOut":"2026-02-01T00:00:00","dteEndSellOut":"2026-02-28T00:00:00","documentKey":"DOC-7777","dteToShost":null,"levParticipants":1},{"idAction":8888,"name":"Atomic Campaign 8888 Complete","codDiv":"DIV-8888","dteStartSellIn":"2026-01-01T00:00:00","dteEndSellIn":"2026-01-31T00:00:00","dteStartSellOut":"2026-02-01T00:00:00","dteEndSellOut":"2026-02-28T00:00:00","documentKey":"DOC-8888","dteToShost":null,"levParticipants":1},{"idAction":9000,"name":"Balanced Atomic Campaign 9000","codDiv":"DIV-9000","dteStartSellIn":"2026-01-01T00:00:00","dteEndSellIn":"2026-01-31T00:00:00","dteStartSellOut":"2026-02-01T00:00:00","dteEndSellOut":"2026-02-28T00:00:00","documentKey":"DOC-9000","dteToShost":null,"levParticipants":1},{"idAction":9999,"name":"I should not exist in DB","codDiv":"DIV-9999","dteStartSellIn":"2026-01-01T00:00:00","dteEndSellIn":"2026-01-31T00:00:00","dteStartSellOut":"2026-02-01T00:00:00","dteEndSellOut":"2026-02-28T00:00:00","documentKey":"DOC-9999","dteToShost":null,"levParticipants":1}]
2026-01-14 17:19:02.676 +05:00 [INF] HTTP GET /api/promotions/actions responded 200 in 81.9560 ms
2026-01-14 17:19:02.680 +05:00 [INF] JWT validated for haseeb
2026-01-14 17:19:02.691 +05:00 [INF] Forwarding request GET /api/promotions/actions to https://localhost:7043/api/promotions/actions
2026-01-14 17:19:02.721 +05:00 [INF] Received response 200 from https://localhost:7043/api/promotions/actions
2026-01-14 17:19:02.725 +05:00 [INF] HTTP GET /api/promotions/actions responded 200 in 46.4713 ms | User: haseeb (N/A) | IP: ::1 | RequestBody:  | ResponseBody: [{"idAction":0,"name":"new promo","codDiv":"DIV01","dteStartSellIn":"2026-01-15T00:00:00","dteEndSellIn":"2026-01-17T00:00:00","dteStartSellOut":"2026-01-15T00:00:00","dteEndSellOut":"2026-01-17T00:00:00","documentKey":null,"dteToShost":null,"levParticipants":1},{"idAction":1111,"name":"Atomic Campaign 1111","codDiv":"DIV-1111","dteStartSellIn":"2026-01-01T00:00:00","dteEndSellIn":"2026-01-31T00:00:00","dteStartSellOut":"2026-02-01T00:00:00","dteEndSellOut":"2026-02-28T00:00:00","documentKey":"DOC-1111","dteToShost":null,"levParticipants":1},{"idAction":5555,"name":"I will Rollback 5556","codDiv":"DIV-5555","dteStartSellIn":"2026-01-01T00:00:00","dteEndSellIn":"2026-01-31T00:00:00","dteStartSellOut":"2026-02-01T00:00:00","dteEndSellOut":"2026-02-28T00:00:00","documentKey":"DOC-5556","dteToShost":null,"levParticipants":1},{"idAction":6000,"name":"Zero Redundancy Campaign 6000","codDiv":"DIV-6000","dteStartSellIn":"2026-01-01T00:00:00","dteEndSellIn":"2026-01-31T00:00:00","dteStartSellOut":"2026-02-01T00:00:00","dteEndSellOut":"2026-02-28T00:00:00","documentKey":"DOC-6000","dteToShost":"2026-01-05T00:00:00","levParticipants":1},{"idAction":7000,"name":"Atomic Campaign 7000","codDiv":"DIV-7000","dteStartSellIn":"2026-01-01T00:00:00","dteEndSellIn":"2026-01-31T00:00:00","dteStartSellOut":"2026-02-01T00:00:00","dteEndSellOut":"2026-02-28T00:00:00","documentKey":"DOC-7000","dteToShost":null,"levParticipants":1},{"idAction":7777,"name":"Atomic Success Campaign 7777","codDiv":"DIV-7777","dteStartSellIn":"2026-01-01T00:00:00","dteEndSellIn":"2026-01-31T00:00:00","dteStartSellOut":"2026-02-01T00:00:00","dteEndSellOut":"2026-02-28T00:00:00","documentKey":"DOC-7777","dteToShost":null,"levParticipants":1},{"idAction":8888,"name":"Atomic Campaign 8888 Complete","codDiv":"DIV-8888","dteStartSellIn":"2026-01-01T00:00:00","dteEndSellIn":"2026-01-31T00:00:00","dteStartSellOut":"2026-02-01T00:00:00","dteEndSellOut":"2026-02-28T00:00:00","documentKey":"DOC-8888","dteToShost":null,"levParticipants":1},{"idAction":9000,"name":"Balanced Atomic Campaign 9000","codDiv":"DIV-9000","dteStartSellIn":"2026-01-01T00:00:00","dteEndSellIn":"2026-01-31T00:00:00","dteStartSellOut":"2026-02-01T00:00:00","dteEndSellOut":"2026-02-28T00:00:00","documentKey":"DOC-9000","dteToShost":null,"levParticipants":1},{"idAction":9999,"name":"I should not exist in DB","codDiv":"DIV-9999","dteStartSellIn":"2026-01-01T00:00:00","dteEndSellIn":"2026-01-31T00:00:00","dteStartSellOut":"2026-02-01T00:00:00","dteEndSellOut":"2026-02-28T00:00:00","documentKey":"DOC-9999","dteToShost":null,"levParticipants":1}]
2026-01-14 17:19:02.742 +05:00 [INF] HTTP GET /api/promotions/actions responded 200 in 63.2867 ms
2026-01-14 17:20:57.739 +05:00 [INF] JWT validated for haseeb
2026-01-14 17:20:57.785 +05:00 [INF] Forwarding request GET /api/promotions/actions to https://localhost:7043/api/promotions/actions
2026-01-14 17:20:58.783 +05:00 [INF] Received response 200 from https://localhost:7043/api/promotions/actions
2026-01-14 17:20:58.798 +05:00 [INF] HTTP GET /api/promotions/actions responded 200 in 1090.8674 ms | User: haseeb (N/A) | IP: ::1 | RequestBody:  | ResponseBody: [{"idAction":0,"name":"new promo","codDiv":"DIV01","dteStartSellIn":"2026-01-15T00:00:00","dteEndSellIn":"2026-01-17T00:00:00","dteStartSellOut":"2026-01-15T00:00:00","dteEndSellOut":"2026-01-17T00:00:00","documentKey":null,"dteToShost":null,"levParticipants":1},{"idAction":1111,"name":"Atomic Campaign 1111","codDiv":"DIV-1111","dteStartSellIn":"2026-01-01T00:00:00","dteEndSellIn":"2026-01-31T00:00:00","dteStartSellOut":"2026-02-01T00:00:00","dteEndSellOut":"2026-02-28T00:00:00","documentKey":"DOC-1111","dteToShost":null,"levParticipants":1},{"idAction":5555,"name":"I will Rollback 5556","codDiv":"DIV-5555","dteStartSellIn":"2026-01-01T00:00:00","dteEndSellIn":"2026-01-31T00:00:00","dteStartSellOut":"2026-02-01T00:00:00","dteEndSellOut":"2026-02-28T00:00:00","documentKey":"DOC-5556","dteToShost":null,"levParticipants":1},{"idAction":6000,"name":"Zero Redundancy Campaign 6000","codDiv":"DIV-6000","dteStartSellIn":"2026-01-01T00:00:00","dteEndSellIn":"2026-01-31T00:00:00","dteStartSellOut":"2026-02-01T00:00:00","dteEndSellOut":"2026-02-28T00:00:00","documentKey":"DOC-6000","dteToShost":"2026-01-05T00:00:00","levParticipants":1},{"idAction":7000,"name":"Atomic Campaign 7000","codDiv":"DIV-7000","dteStartSellIn":"2026-01-01T00:00:00","dteEndSellIn":"2026-01-31T00:00:00","dteStartSellOut":"2026-02-01T00:00:00","dteEndSellOut":"2026-02-28T00:00:00","documentKey":"DOC-7000","dteToShost":null,"levParticipants":1},{"idAction":7777,"name":"Atomic Success Campaign 7777","codDiv":"DIV-7777","dteStartSellIn":"2026-01-01T00:00:00","dteEndSellIn":"2026-01-31T00:00:00","dteStartSellOut":"2026-02-01T00:00:00","dteEndSellOut":"2026-02-28T00:00:00","documentKey":"DOC-7777","dteToShost":null,"levParticipants":1},{"idAction":8888,"name":"Atomic Campaign 8888 Complete","codDiv":"DIV-8888","dteStartSellIn":"2026-01-01T00:00:00","dteEndSellIn":"2026-01-31T00:00:00","dteStartSellOut":"2026-02-01T00:00:00","dteEndSellOut":"2026-02-28T00:00:00","documentKey":"DOC-8888","dteToShost":null,"levParticipants":1},{"idAction":9000,"name":"Balanced Atomic Campaign 9000","codDiv":"DIV-9000","dteStartSellIn":"2026-01-01T00:00:00","dteEndSellIn":"2026-01-31T00:00:00","dteStartSellOut":"2026-02-01T00:00:00","dteEndSellOut":"2026-02-28T00:00:00","documentKey":"DOC-9000","dteToShost":null,"levParticipants":1},{"idAction":9999,"name":"I should not exist in DB","codDiv":"DIV-9999","dteStartSellIn":"2026-01-01T00:00:00","dteEndSellIn":"2026-01-31T00:00:00","dteStartSellOut":"2026-02-01T00:00:00","dteEndSellOut":"2026-02-28T00:00:00","documentKey":"DOC-9999","dteToShost":null,"levParticipants":1}]
2026-01-14 17:20:58.823 +05:00 [INF] HTTP GET /api/promotions/actions responded 200 in 1116.7689 ms
2026-01-14 17:20:58.829 +05:00 [INF] JWT validated for haseeb
2026-01-14 17:20:58.836 +05:00 [INF] Forwarding request GET /api/promotions/actions to https://localhost:7043/api/promotions/actions
2026-01-14 17:20:58.887 +05:00 [INF] Received response 200 from https://localhost:7043/api/promotions/actions
2026-01-14 17:20:58.897 +05:00 [INF] HTTP GET /api/promotions/actions responded 200 in 68.5403 ms | User: haseeb (N/A) | IP: ::1 | RequestBody:  | ResponseBody: [{"idAction":0,"name":"new promo","codDiv":"DIV01","dteStartSellIn":"2026-01-15T00:00:00","dteEndSellIn":"2026-01-17T00:00:00","dteStartSellOut":"2026-01-15T00:00:00","dteEndSellOut":"2026-01-17T00:00:00","documentKey":null,"dteToShost":null,"levParticipants":1},{"idAction":1111,"name":"Atomic Campaign 1111","codDiv":"DIV-1111","dteStartSellIn":"2026-01-01T00:00:00","dteEndSellIn":"2026-01-31T00:00:00","dteStartSellOut":"2026-02-01T00:00:00","dteEndSellOut":"2026-02-28T00:00:00","documentKey":"DOC-1111","dteToShost":null,"levParticipants":1},{"idAction":5555,"name":"I will Rollback 5556","codDiv":"DIV-5555","dteStartSellIn":"2026-01-01T00:00:00","dteEndSellIn":"2026-01-31T00:00:00","dteStartSellOut":"2026-02-01T00:00:00","dteEndSellOut":"2026-02-28T00:00:00","documentKey":"DOC-5556","dteToShost":null,"levParticipants":1},{"idAction":6000,"name":"Zero Redundancy Campaign 6000","codDiv":"DIV-6000","dteStartSellIn":"2026-01-01T00:00:00","dteEndSellIn":"2026-01-31T00:00:00","dteStartSellOut":"2026-02-01T00:00:00","dteEndSellOut":"2026-02-28T00:00:00","documentKey":"DOC-6000","dteToShost":"2026-01-05T00:00:00","levParticipants":1},{"idAction":7000,"name":"Atomic Campaign 7000","codDiv":"DIV-7000","dteStartSellIn":"2026-01-01T00:00:00","dteEndSellIn":"2026-01-31T00:00:00","dteStartSellOut":"2026-02-01T00:00:00","dteEndSellOut":"2026-02-28T00:00:00","documentKey":"DOC-7000","dteToShost":null,"levParticipants":1},{"idAction":7777,"name":"Atomic Success Campaign 7777","codDiv":"DIV-7777","dteStartSellIn":"2026-01-01T00:00:00","dteEndSellIn":"2026-01-31T00:00:00","dteStartSellOut":"2026-02-01T00:00:00","dteEndSellOut":"2026-02-28T00:00:00","documentKey":"DOC-7777","dteToShost":null,"levParticipants":1},{"idAction":8888,"name":"Atomic Campaign 8888 Complete","codDiv":"DIV-8888","dteStartSellIn":"2026-01-01T00:00:00","dteEndSellIn":"2026-01-31T00:00:00","dteStartSellOut":"2026-02-01T00:00:00","dteEndSellOut":"2026-02-28T00:00:00","documentKey":"DOC-8888","dteToShost":null,"levParticipants":1},{"idAction":9000,"name":"Balanced Atomic Campaign 9000","codDiv":"DIV-9000","dteStartSellIn":"2026-01-01T00:00:00","dteEndSellIn":"2026-01-31T00:00:00","dteStartSellOut":"2026-02-01T00:00:00","dteEndSellOut":"2026-02-28T00:00:00","documentKey":"DOC-9000","dteToShost":null,"levParticipants":1},{"idAction":9999,"name":"I should not exist in DB","codDiv":"DIV-9999","dteStartSellIn":"2026-01-01T00:00:00","dteEndSellIn":"2026-01-31T00:00:00","dteStartSellOut":"2026-02-01T00:00:00","dteEndSellOut":"2026-02-28T00:00:00","documentKey":"DOC-9999","dteToShost":null,"levParticipants":1}]
2026-01-14 17:20:58.918 +05:00 [INF] HTTP GET /api/promotions/actions responded 200 in 89.8236 ms
2026-01-14 17:23:07.033 +05:00 [INF] JWT validated for haseeb
2026-01-14 17:23:07.083 +05:00 [INF] Forwarding request GET /api/promotions/dashboard/metrics to https://localhost:7043/api/promotions/dashboard/metrics
2026-01-14 17:23:07.926 +05:00 [INF] Received response 200 from https://localhost:7043/api/promotions/dashboard/metrics
2026-01-14 17:23:07.943 +05:00 [INF] HTTP GET /api/promotions/dashboard/metrics responded 200 in 987.6278 ms | User: haseeb (N/A) | IP: ::1 | RequestBody:  | ResponseBody: {"totalPromotions":9,"totalProducts":8,"totalParticipants":8,"activeActions":9,"estimatedRevenue":0}
2026-01-14 17:23:07.959 +05:00 [INF] HTTP GET /api/promotions/dashboard/metrics responded 200 in 1003.6926 ms
2026-01-14 17:23:07.968 +05:00 [INF] JWT validated for haseeb
2026-01-14 17:23:07.974 +05:00 [INF] Forwarding request GET /api/promotions/dashboard/metrics to https://localhost:7043/api/promotions/dashboard/metrics
2026-01-14 17:23:08.073 +05:00 [INF] Received response 200 from https://localhost:7043/api/promotions/dashboard/metrics
2026-01-14 17:23:08.078 +05:00 [INF] HTTP GET /api/promotions/dashboard/metrics responded 200 in 111.0052 ms | User: haseeb (N/A) | IP: ::1 | RequestBody:  | ResponseBody: {"totalPromotions":9,"totalProducts":8,"totalParticipants":8,"activeActions":9,"estimatedRevenue":0}
2026-01-14 17:23:08.092 +05:00 [INF] HTTP GET /api/promotions/dashboard/metrics responded 200 in 125.0205 ms
2026-01-14 17:23:18.381 +05:00 [INF] JWT validated for haseeb
2026-01-14 17:23:18.390 +05:00 [INF] Forwarding request GET /api/promotions/dashboard/metrics to https://localhost:7043/api/promotions/dashboard/metrics
2026-01-14 17:23:18.700 +05:00 [INF] Received response 200 from https://localhost:7043/api/promotions/dashboard/metrics
2026-01-14 17:23:18.708 +05:00 [INF] HTTP GET /api/promotions/dashboard/metrics responded 200 in 327.8675 ms | User: haseeb (N/A) | IP: ::1 | RequestBody:  | ResponseBody: {"totalPromotions":9,"totalProducts":8,"totalParticipants":8,"activeActions":9,"estimatedRevenue":0}
2026-01-14 17:23:18.723 +05:00 [INF] JWT validated for haseeb
2026-01-14 17:23:18.726 +05:00 [INF] HTTP GET /api/promotions/dashboard/metrics responded 200 in 337.7952 ms
2026-01-14 17:23:18.727 +05:00 [INF] Forwarding request GET /api/promotions/dashboard/metrics to https://localhost:7043/api/promotions/dashboard/metrics
2026-01-14 17:23:18.790 +05:00 [INF] Received response 200 from https://localhost:7043/api/promotions/dashboard/metrics
2026-01-14 17:23:18.803 +05:00 [INF] HTTP GET /api/promotions/dashboard/metrics responded 200 in 81.2127 ms | User: haseeb (N/A) | IP: ::1 | RequestBody:  | ResponseBody: {"totalPromotions":9,"totalProducts":8,"totalParticipants":8,"activeActions":9,"estimatedRevenue":0}
2026-01-14 17:23:18.813 +05:00 [INF] HTTP GET /api/promotions/dashboard/metrics responded 200 in 90.7596 ms
2026-01-14 17:23:35.314 +05:00 [INF] JWT validated for haseeb
2026-01-14 17:23:35.327 +05:00 [INF] Forwarding request GET /api/promotions/actions to https://localhost:7043/api/promotions/actions
2026-01-14 17:23:35.404 +05:00 [INF] Received response 200 from https://localhost:7043/api/promotions/actions
2026-01-14 17:23:35.415 +05:00 [INF] HTTP GET /api/promotions/actions responded 200 in 100.9680 ms | User: haseeb (N/A) | IP: ::1 | RequestBody:  | ResponseBody: [{"idAction":0,"name":"new promo","codDiv":"DIV01","dteStartSellIn":"2026-01-15T00:00:00","dteEndSellIn":"2026-01-17T00:00:00","dteStartSellOut":"2026-01-15T00:00:00","dteEndSellOut":"2026-01-17T00:00:00","documentKey":null,"dteToShost":null,"levParticipants":1},{"idAction":1111,"name":"Atomic Campaign 1111","codDiv":"DIV-1111","dteStartSellIn":"2026-01-01T00:00:00","dteEndSellIn":"2026-01-31T00:00:00","dteStartSellOut":"2026-02-01T00:00:00","dteEndSellOut":"2026-02-28T00:00:00","documentKey":"DOC-1111","dteToShost":null,"levParticipants":1},{"idAction":5555,"name":"I will Rollback 5556","codDiv":"DIV-5555","dteStartSellIn":"2026-01-01T00:00:00","dteEndSellIn":"2026-01-31T00:00:00","dteStartSellOut":"2026-02-01T00:00:00","dteEndSellOut":"2026-02-28T00:00:00","documentKey":"DOC-5556","dteToShost":null,"levParticipants":1},{"idAction":6000,"name":"Zero Redundancy Campaign 6000","codDiv":"DIV-6000","dteStartSellIn":"2026-01-01T00:00:00","dteEndSellIn":"2026-01-31T00:00:00","dteStartSellOut":"2026-02-01T00:00:00","dteEndSellOut":"2026-02-28T00:00:00","documentKey":"DOC-6000","dteToShost":"2026-01-05T00:00:00","levParticipants":1},{"idAction":7000,"name":"Atomic Campaign 7000","codDiv":"DIV-7000","dteStartSellIn":"2026-01-01T00:00:00","dteEndSellIn":"2026-01-31T00:00:00","dteStartSellOut":"2026-02-01T00:00:00","dteEndSellOut":"2026-02-28T00:00:00","documentKey":"DOC-7000","dteToShost":null,"levParticipants":1},{"idAction":7777,"name":"Atomic Success Campaign 7777","codDiv":"DIV-7777","dteStartSellIn":"2026-01-01T00:00:00","dteEndSellIn":"2026-01-31T00:00:00","dteStartSellOut":"2026-02-01T00:00:00","dteEndSellOut":"2026-02-28T00:00:00","documentKey":"DOC-7777","dteToShost":null,"levParticipants":1},{"idAction":8888,"name":"Atomic Campaign 8888 Complete","codDiv":"DIV-8888","dteStartSellIn":"2026-01-01T00:00:00","dteEndSellIn":"2026-01-31T00:00:00","dteStartSellOut":"2026-02-01T00:00:00","dteEndSellOut":"2026-02-28T00:00:00","documentKey":"DOC-8888","dteToShost":null,"levParticipants":1},{"idAction":9000,"name":"Balanced Atomic Campaign 9000","codDiv":"DIV-9000","dteStartSellIn":"2026-01-01T00:00:00","dteEndSellIn":"2026-01-31T00:00:00","dteStartSellOut":"2026-02-01T00:00:00","dteEndSellOut":"2026-02-28T00:00:00","documentKey":"DOC-9000","dteToShost":null,"levParticipants":1},{"idAction":9999,"name":"I should not exist in DB","codDiv":"DIV-9999","dteStartSellIn":"2026-01-01T00:00:00","dteEndSellIn":"2026-01-31T00:00:00","dteStartSellOut":"2026-02-01T00:00:00","dteEndSellOut":"2026-02-28T00:00:00","documentKey":"DOC-9999","dteToShost":null,"levParticipants":1}]
2026-01-14 17:23:35.440 +05:00 [INF] HTTP GET /api/promotions/actions responded 200 in 125.9819 ms
2026-01-14 17:23:35.445 +05:00 [INF] JWT validated for haseeb
2026-01-14 17:23:35.452 +05:00 [INF] Forwarding request GET /api/promotions/actions to https://localhost:7043/api/promotions/actions
2026-01-14 17:23:35.482 +05:00 [INF] Received response 200 from https://localhost:7043/api/promotions/actions
2026-01-14 17:23:35.489 +05:00 [INF] HTTP GET /api/promotions/actions responded 200 in 44.4629 ms | User: haseeb (N/A) | IP: ::1 | RequestBody:  | ResponseBody: [{"idAction":0,"name":"new promo","codDiv":"DIV01","dteStartSellIn":"2026-01-15T00:00:00","dteEndSellIn":"2026-01-17T00:00:00","dteStartSellOut":"2026-01-15T00:00:00","dteEndSellOut":"2026-01-17T00:00:00","documentKey":null,"dteToShost":null,"levParticipants":1},{"idAction":1111,"name":"Atomic Campaign 1111","codDiv":"DIV-1111","dteStartSellIn":"2026-01-01T00:00:00","dteEndSellIn":"2026-01-31T00:00:00","dteStartSellOut":"2026-02-01T00:00:00","dteEndSellOut":"2026-02-28T00:00:00","documentKey":"DOC-1111","dteToShost":null,"levParticipants":1},{"idAction":5555,"name":"I will Rollback 5556","codDiv":"DIV-5555","dteStartSellIn":"2026-01-01T00:00:00","dteEndSellIn":"2026-01-31T00:00:00","dteStartSellOut":"2026-02-01T00:00:00","dteEndSellOut":"2026-02-28T00:00:00","documentKey":"DOC-5556","dteToShost":null,"levParticipants":1},{"idAction":6000,"name":"Zero Redundancy Campaign 6000","codDiv":"DIV-6000","dteStartSellIn":"2026-01-01T00:00:00","dteEndSellIn":"2026-01-31T00:00:00","dteStartSellOut":"2026-02-01T00:00:00","dteEndSellOut":"2026-02-28T00:00:00","documentKey":"DOC-6000","dteToShost":"2026-01-05T00:00:00","levParticipants":1},{"idAction":7000,"name":"Atomic Campaign 7000","codDiv":"DIV-7000","dteStartSellIn":"2026-01-01T00:00:00","dteEndSellIn":"2026-01-31T00:00:00","dteStartSellOut":"2026-02-01T00:00:00","dteEndSellOut":"2026-02-28T00:00:00","documentKey":"DOC-7000","dteToShost":null,"levParticipants":1},{"idAction":7777,"name":"Atomic Success Campaign 7777","codDiv":"DIV-7777","dteStartSellIn":"2026-01-01T00:00:00","dteEndSellIn":"2026-01-31T00:00:00","dteStartSellOut":"2026-02-01T00:00:00","dteEndSellOut":"2026-02-28T00:00:00","documentKey":"DOC-7777","dteToShost":null,"levParticipants":1},{"idAction":8888,"name":"Atomic Campaign 8888 Complete","codDiv":"DIV-8888","dteStartSellIn":"2026-01-01T00:00:00","dteEndSellIn":"2026-01-31T00:00:00","dteStartSellOut":"2026-02-01T00:00:00","dteEndSellOut":"2026-02-28T00:00:00","documentKey":"DOC-8888","dteToShost":null,"levParticipants":1},{"idAction":9000,"name":"Balanced Atomic Campaign 9000","codDiv":"DIV-9000","dteStartSellIn":"2026-01-01T00:00:00","dteEndSellIn":"2026-01-31T00:00:00","dteStartSellOut":"2026-02-01T00:00:00","dteEndSellOut":"2026-02-28T00:00:00","documentKey":"DOC-9000","dteToShost":null,"levParticipants":1},{"idAction":9999,"name":"I should not exist in DB","codDiv":"DIV-9999","dteStartSellIn":"2026-01-01T00:00:00","dteEndSellIn":"2026-01-31T00:00:00","dteStartSellOut":"2026-02-01T00:00:00","dteEndSellOut":"2026-02-28T00:00:00","documentKey":"DOC-9999","dteToShost":null,"levParticipants":1}]
2026-01-14 17:23:35.508 +05:00 [INF] HTTP GET /api/promotions/actions responded 200 in 63.7164 ms
2026-01-14 17:24:57.257 +05:00 [INF] JWT validated for haseeb
2026-01-14 17:24:57.261 +05:00 [INF] Forwarding request POST /api/promotions/actions/atomic to https://localhost:7043/api/promotions/actions/atomic
2026-01-14 17:24:57.752 +05:00 [INF] Received response 200 from https://localhost:7043/api/promotions/actions/atomic
2026-01-14 17:24:57.763 +05:00 [INF] HTTP POST /api/promotions/actions/atomic responded 200 in 509.8817 ms | User: haseeb (N/A) | IP: ::1 | RequestBody: {"idAction":2222,"name":"haseeb","codDiv":"DIV02","dteStartSellIn":"2026-01-28","dteEndSellIn":"2026-01-30","dteStartSellOut":"2026-01-28","dteEndSellOut":"2026-01-30","levParticipants":2,"participants":[],"deliveryPoints":[],"products":[]} | ResponseBody: 
2026-01-14 17:24:57.786 +05:00 [INF] HTTP POST /api/promotions/actions/atomic responded 200 in 533.2195 ms
2026-01-14 17:24:57.860 +05:00 [INF] JWT validated for haseeb
2026-01-14 17:24:57.886 +05:00 [INF] Forwarding request GET /api/promotions/actions to https://localhost:7043/api/promotions/actions
2026-01-14 17:24:57.939 +05:00 [INF] Received response 200 from https://localhost:7043/api/promotions/actions
2026-01-14 17:24:57.946 +05:00 [INF] HTTP GET /api/promotions/actions responded 200 in 111.3256 ms | User: haseeb (N/A) | IP: ::1 | RequestBody:  | ResponseBody: [{"idAction":0,"name":"new promo","codDiv":"DIV01","dteStartSellIn":"2026-01-15T00:00:00","dteEndSellIn":"2026-01-17T00:00:00","dteStartSellOut":"2026-01-15T00:00:00","dteEndSellOut":"2026-01-17T00:00:00","documentKey":null,"dteToShost":null,"levParticipants":1},{"idAction":1111,"name":"Atomic Campaign 1111","codDiv":"DIV-1111","dteStartSellIn":"2026-01-01T00:00:00","dteEndSellIn":"2026-01-31T00:00:00","dteStartSellOut":"2026-02-01T00:00:00","dteEndSellOut":"2026-02-28T00:00:00","documentKey":"DOC-1111","dteToShost":null,"levParticipants":1},{"idAction":2222,"name":"haseeb","codDiv":"DIV02","dteStartSellIn":"2026-01-28T00:00:00","dteEndSellIn":"2026-01-30T00:00:00","dteStartSellOut":"2026-01-28T00:00:00","dteEndSellOut":"2026-01-30T00:00:00","documentKey":null,"dteToShost":null,"levParticipants":2},{"idAction":5555,"name":"I will Rollback 5556","codDiv":"DIV-5555","dteStartSellIn":"2026-01-01T00:00:00","dteEndSellIn":"2026-01-31T00:00:00","dteStartSellOut":"2026-02-01T00:00:00","dteEndSellOut":"2026-02-28T00:00:00","documentKey":"DOC-5556","dteToShost":null,"levParticipants":1},{"idAction":6000,"name":"Zero Redundancy Campaign 6000","codDiv":"DIV-6000","dteStartSellIn":"2026-01-01T00:00:00","dteEndSellIn":"2026-01-31T00:00:00","dteStartSellOut":"2026-02-01T00:00:00","dteEndSellOut":"2026-02-28T00:00:00","documentKey":"DOC-6000","dteToShost":"2026-01-05T00:00:00","levParticipants":1},{"idAction":7000,"name":"Atomic Campaign 7000","codDiv":"DIV-7000","dteStartSellIn":"2026-01-01T00:00:00","dteEndSellIn":"2026-01-31T00:00:00","dteStartSellOut":"2026-02-01T00:00:00","dteEndSellOut":"2026-02-28T00:00:00","documentKey":"DOC-7000","dteToShost":null,"levParticipants":1},{"idAction":7777,"name":"Atomic Success Campaign 7777","codDiv":"DIV-7777","dteStartSellIn":"2026-01-01T00:00:00","dteEndSellIn":"2026-01-31T00:00:00","dteStartSellOut":"2026-02-01T00:00:00","dteEndSellOut":"2026-02-28T00:00:00","documentKey":"DOC-7777","dteToShost":null,"levParticipants":1},{"idAction":8888,"name":"Atomic Campaign 8888 Complete","codDiv":"DIV-8888","dteStartSellIn":"2026-01-01T00:00:00","dteEndSellIn":"2026-01-31T00:00:00","dteStartSellOut":"2026-02-01T00:00:00","dteEndSellOut":"2026-02-28T00:00:00","documentKey":"DOC-8888","dteToShost":null,"levParticipants":1},{"idAction":9000,"name":"Balanced Atomic Campaign 9000","codDiv":"DIV-9000","dteStartSellIn":"2026-01-01T00:00:00","dteEndSellIn":"2026-01-31T00:00:00","dteStartSellOut":"2026-02-01T00:00:00","dteEndSellOut":"2026-02-28T00:00:00","documentKey":"DOC-9000","dteToShost":null,"levParticipants":1},{"idAction":9999,"name":"I should not exist in DB","codDiv":"DIV-9999","dteStartSellIn":"2026-01-01T00:00:00","dteEndSellIn":"2026-01-31T00:00:00","dteStartSellOut":"2026-02-01T00:00:00","dteEndSellOut":"2026-02-28T00:00:00","documentKey":"DOC-9999","dteToShost":null,"levParticipants":1}]
2026-01-14 17:24:57.964 +05:00 [INF] HTTP GET /api/promotions/actions responded 200 in 129.8718 ms
2026-01-14 17:24:57.969 +05:00 [INF] JWT validated for haseeb
2026-01-14 17:24:57.977 +05:00 [INF] Forwarding request GET /api/promotions/actions to https://localhost:7043/api/promotions/actions
2026-01-14 17:24:58.005 +05:00 [INF] Received response 200 from https://localhost:7043/api/promotions/actions
2026-01-14 17:24:58.016 +05:00 [INF] HTTP GET /api/promotions/actions responded 200 in 47.3405 ms | User: haseeb (N/A) | IP: ::1 | RequestBody:  | ResponseBody: [{"idAction":0,"name":"new promo","codDiv":"DIV01","dteStartSellIn":"2026-01-15T00:00:00","dteEndSellIn":"2026-01-17T00:00:00","dteStartSellOut":"2026-01-15T00:00:00","dteEndSellOut":"2026-01-17T00:00:00","documentKey":null,"dteToShost":null,"levParticipants":1},{"idAction":1111,"name":"Atomic Campaign 1111","codDiv":"DIV-1111","dteStartSellIn":"2026-01-01T00:00:00","dteEndSellIn":"2026-01-31T00:00:00","dteStartSellOut":"2026-02-01T00:00:00","dteEndSellOut":"2026-02-28T00:00:00","documentKey":"DOC-1111","dteToShost":null,"levParticipants":1},{"idAction":2222,"name":"haseeb","codDiv":"DIV02","dteStartSellIn":"2026-01-28T00:00:00","dteEndSellIn":"2026-01-30T00:00:00","dteStartSellOut":"2026-01-28T00:00:00","dteEndSellOut":"2026-01-30T00:00:00","documentKey":null,"dteToShost":null,"levParticipants":2},{"idAction":5555,"name":"I will Rollback 5556","codDiv":"DIV-5555","dteStartSellIn":"2026-01-01T00:00:00","dteEndSellIn":"2026-01-31T00:00:00","dteStartSellOut":"2026-02-01T00:00:00","dteEndSellOut":"2026-02-28T00:00:00","documentKey":"DOC-5556","dteToShost":null,"levParticipants":1},{"idAction":6000,"name":"Zero Redundancy Campaign 6000","codDiv":"DIV-6000","dteStartSellIn":"2026-01-01T00:00:00","dteEndSellIn":"2026-01-31T00:00:00","dteStartSellOut":"2026-02-01T00:00:00","dteEndSellOut":"2026-02-28T00:00:00","documentKey":"DOC-6000","dteToShost":"2026-01-05T00:00:00","levParticipants":1},{"idAction":7000,"name":"Atomic Campaign 7000","codDiv":"DIV-7000","dteStartSellIn":"2026-01-01T00:00:00","dteEndSellIn":"2026-01-31T00:00:00","dteStartSellOut":"2026-02-01T00:00:00","dteEndSellOut":"2026-02-28T00:00:00","documentKey":"DOC-7000","dteToShost":null,"levParticipants":1},{"idAction":7777,"name":"Atomic Success Campaign 7777","codDiv":"DIV-7777","dteStartSellIn":"2026-01-01T00:00:00","dteEndSellIn":"2026-01-31T00:00:00","dteStartSellOut":"2026-02-01T00:00:00","dteEndSellOut":"2026-02-28T00:00:00","documentKey":"DOC-7777","dteToShost":null,"levParticipants":1},{"idAction":8888,"name":"Atomic Campaign 8888 Complete","codDiv":"DIV-8888","dteStartSellIn":"2026-01-01T00:00:00","dteEndSellIn":"2026-01-31T00:00:00","dteStartSellOut":"2026-02-01T00:00:00","dteEndSellOut":"2026-02-28T00:00:00","documentKey":"DOC-8888","dteToShost":null,"levParticipants":1},{"idAction":9000,"name":"Balanced Atomic Campaign 9000","codDiv":"DIV-9000","dteStartSellIn":"2026-01-01T00:00:00","dteEndSellIn":"2026-01-31T00:00:00","dteStartSellOut":"2026-02-01T00:00:00","dteEndSellOut":"2026-02-28T00:00:00","documentKey":"DOC-9000","dteToShost":null,"levParticipants":1},{"idAction":9999,"name":"I should not exist in DB","codDiv":"DIV-9999","dteStartSellIn":"2026-01-01T00:00:00","dteEndSellIn":"2026-01-31T00:00:00","dteStartSellOut":"2026-02-01T00:00:00","dteEndSellOut":"2026-02-28T00:00:00","documentKey":"DOC-9999","dteToShost":null,"levParticipants":1}]
2026-01-14 17:24:58.029 +05:00 [INF] HTTP GET /api/promotions/actions responded 200 in 60.5751 ms
2026-01-14 17:25:42.900 +05:00 [INF] JWT validated for haseeb
2026-01-14 17:25:42.938 +05:00 [INF] Forwarding request GET /api/promotions/actions to https://localhost:7043/api/promotions/actions
2026-01-14 17:25:43.104 +05:00 [INF] Received response 200 from https://localhost:7043/api/promotions/actions
2026-01-14 17:25:43.125 +05:00 [INF] HTTP GET /api/promotions/actions responded 200 in 227.6185 ms | User: haseeb (N/A) | IP: ::1 | RequestBody:  | ResponseBody: [{"idAction":0,"name":"new promo","codDiv":"DIV01","dteStartSellIn":"2026-01-15T00:00:00","dteEndSellIn":"2026-01-17T00:00:00","dteStartSellOut":"2026-01-15T00:00:00","dteEndSellOut":"2026-01-17T00:00:00","documentKey":null,"dteToShost":null,"levParticipants":1},{"idAction":1111,"name":"Atomic Campaign 1111","codDiv":"DIV-1111","dteStartSellIn":"2026-01-01T00:00:00","dteEndSellIn":"2026-01-31T00:00:00","dteStartSellOut":"2026-02-01T00:00:00","dteEndSellOut":"2026-02-28T00:00:00","documentKey":"DOC-1111","dteToShost":null,"levParticipants":1},{"idAction":2222,"name":"haseeb","codDiv":"DIV02","dteStartSellIn":"2026-01-28T00:00:00","dteEndSellIn":"2026-01-30T00:00:00","dteStartSellOut":"2026-01-28T00:00:00","dteEndSellOut":"2026-01-30T00:00:00","documentKey":null,"dteToShost":null,"levParticipants":2},{"idAction":5555,"name":"I will Rollback 5556","codDiv":"DIV-5555","dteStartSellIn":"2026-01-01T00:00:00","dteEndSellIn":"2026-01-31T00:00:00","dteStartSellOut":"2026-02-01T00:00:00","dteEndSellOut":"2026-02-28T00:00:00","documentKey":"DOC-5556","dteToShost":null,"levParticipants":1},{"idAction":6000,"name":"Zero Redundancy Campaign 6000","codDiv":"DIV-6000","dteStartSellIn":"2026-01-01T00:00:00","dteEndSellIn":"2026-01-31T00:00:00","dteStartSellOut":"2026-02-01T00:00:00","dteEndSellOut":"2026-02-28T00:00:00","documentKey":"DOC-6000","dteToShost":"2026-01-05T00:00:00","levParticipants":1},{"idAction":7000,"name":"Atomic Campaign 7000","codDiv":"DIV-7000","dteStartSellIn":"2026-01-01T00:00:00","dteEndSellIn":"2026-01-31T00:00:00","dteStartSellOut":"2026-02-01T00:00:00","dteEndSellOut":"2026-02-28T00:00:00","documentKey":"DOC-7000","dteToShost":null,"levParticipants":1},{"idAction":7777,"name":"Atomic Success Campaign 7777","codDiv":"DIV-7777","dteStartSellIn":"2026-01-01T00:00:00","dteEndSellIn":"2026-01-31T00:00:00","dteStartSellOut":"2026-02-01T00:00:00","dteEndSellOut":"2026-02-28T00:00:00","documentKey":"DOC-7777","dteToShost":null,"levParticipants":1},{"idAction":8888,"name":"Atomic Campaign 8888 Complete","codDiv":"DIV-8888","dteStartSellIn":"2026-01-01T00:00:00","dteEndSellIn":"2026-01-31T00:00:00","dteStartSellOut":"2026-02-01T00:00:00","dteEndSellOut":"2026-02-28T00:00:00","documentKey":"DOC-8888","dteToShost":null,"levParticipants":1},{"idAction":9000,"name":"Balanced Atomic Campaign 9000","codDiv":"DIV-9000","dteStartSellIn":"2026-01-01T00:00:00","dteEndSellIn":"2026-01-31T00:00:00","dteStartSellOut":"2026-02-01T00:00:00","dteEndSellOut":"2026-02-28T00:00:00","documentKey":"DOC-9000","dteToShost":null,"levParticipants":1},{"idAction":9999,"name":"I should not exist in DB","codDiv":"DIV-9999","dteStartSellIn":"2026-01-01T00:00:00","dteEndSellIn":"2026-01-31T00:00:00","dteStartSellOut":"2026-02-01T00:00:00","dteEndSellOut":"2026-02-28T00:00:00","documentKey":"DOC-9999","dteToShost":null,"levParticipants":1}]
2026-01-14 17:25:43.146 +05:00 [INF] HTTP GET /api/promotions/actions responded 200 in 248.8523 ms
2026-01-14 17:25:43.150 +05:00 [INF] JWT validated for haseeb
2026-01-14 17:25:43.158 +05:00 [INF] Forwarding request GET /api/promotions/actions to https://localhost:7043/api/promotions/actions
2026-01-14 17:25:43.228 +05:00 [INF] Received response 200 from https://localhost:7043/api/promotions/actions
2026-01-14 17:25:43.237 +05:00 [INF] HTTP GET /api/promotions/actions responded 200 in 86.9563 ms | User: haseeb (N/A) | IP: ::1 | RequestBody:  | ResponseBody: [{"idAction":0,"name":"new promo","codDiv":"DIV01","dteStartSellIn":"2026-01-15T00:00:00","dteEndSellIn":"2026-01-17T00:00:00","dteStartSellOut":"2026-01-15T00:00:00","dteEndSellOut":"2026-01-17T00:00:00","documentKey":null,"dteToShost":null,"levParticipants":1},{"idAction":1111,"name":"Atomic Campaign 1111","codDiv":"DIV-1111","dteStartSellIn":"2026-01-01T00:00:00","dteEndSellIn":"2026-01-31T00:00:00","dteStartSellOut":"2026-02-01T00:00:00","dteEndSellOut":"2026-02-28T00:00:00","documentKey":"DOC-1111","dteToShost":null,"levParticipants":1},{"idAction":2222,"name":"haseeb","codDiv":"DIV02","dteStartSellIn":"2026-01-28T00:00:00","dteEndSellIn":"2026-01-30T00:00:00","dteStartSellOut":"2026-01-28T00:00:00","dteEndSellOut":"2026-01-30T00:00:00","documentKey":null,"dteToShost":null,"levParticipants":2},{"idAction":5555,"name":"I will Rollback 5556","codDiv":"DIV-5555","dteStartSellIn":"2026-01-01T00:00:00","dteEndSellIn":"2026-01-31T00:00:00","dteStartSellOut":"2026-02-01T00:00:00","dteEndSellOut":"2026-02-28T00:00:00","documentKey":"DOC-5556","dteToShost":null,"levParticipants":1},{"idAction":6000,"name":"Zero Redundancy Campaign 6000","codDiv":"DIV-6000","dteStartSellIn":"2026-01-01T00:00:00","dteEndSellIn":"2026-01-31T00:00:00","dteStartSellOut":"2026-02-01T00:00:00","dteEndSellOut":"2026-02-28T00:00:00","documentKey":"DOC-6000","dteToShost":"2026-01-05T00:00:00","levParticipants":1},{"idAction":7000,"name":"Atomic Campaign 7000","codDiv":"DIV-7000","dteStartSellIn":"2026-01-01T00:00:00","dteEndSellIn":"2026-01-31T00:00:00","dteStartSellOut":"2026-02-01T00:00:00","dteEndSellOut":"2026-02-28T00:00:00","documentKey":"DOC-7000","dteToShost":null,"levParticipants":1},{"idAction":7777,"name":"Atomic Success Campaign 7777","codDiv":"DIV-7777","dteStartSellIn":"2026-01-01T00:00:00","dteEndSellIn":"2026-01-31T00:00:00","dteStartSellOut":"2026-02-01T00:00:00","dteEndSellOut":"2026-02-28T00:00:00","documentKey":"DOC-7777","dteToShost":null,"levParticipants":1},{"idAction":8888,"name":"Atomic Campaign 8888 Complete","codDiv":"DIV-8888","dteStartSellIn":"2026-01-01T00:00:00","dteEndSellIn":"2026-01-31T00:00:00","dteStartSellOut":"2026-02-01T00:00:00","dteEndSellOut":"2026-02-28T00:00:00","documentKey":"DOC-8888","dteToShost":null,"levParticipants":1},{"idAction":9000,"name":"Balanced Atomic Campaign 9000","codDiv":"DIV-9000","dteStartSellIn":"2026-01-01T00:00:00","dteEndSellIn":"2026-01-31T00:00:00","dteStartSellOut":"2026-02-01T00:00:00","dteEndSellOut":"2026-02-28T00:00:00","documentKey":"DOC-9000","dteToShost":null,"levParticipants":1},{"idAction":9999,"name":"I should not exist in DB","codDiv":"DIV-9999","dteStartSellIn":"2026-01-01T00:00:00","dteEndSellIn":"2026-01-31T00:00:00","dteStartSellOut":"2026-02-01T00:00:00","dteEndSellOut":"2026-02-28T00:00:00","documentKey":"DOC-9999","dteToShost":null,"levParticipants":1}]
2026-01-14 17:25:43.259 +05:00 [INF] HTTP GET /api/promotions/actions responded 200 in 109.5306 ms
2026-01-14 17:25:43.419 +05:00 [INF] JWT validated for haseeb
2026-01-14 17:25:43.427 +05:00 [INF] Forwarding request GET /api/promotions/dashboard/metrics to https://localhost:7043/api/promotions/dashboard/metrics
2026-01-14 17:25:43.577 +05:00 [INF] Received response 200 from https://localhost:7043/api/promotions/dashboard/metrics
2026-01-14 17:25:43.589 +05:00 [INF] HTTP GET /api/promotions/dashboard/metrics responded 200 in 171.0594 ms | User: haseeb (N/A) | IP: ::1 | RequestBody:  | ResponseBody: {"totalPromotions":10,"totalProducts":8,"totalParticipants":8,"activeActions":10,"estimatedRevenue":0}
2026-01-14 17:25:43.604 +05:00 [INF] HTTP GET /api/promotions/dashboard/metrics responded 200 in 185.5750 ms
2026-01-14 17:25:43.606 +05:00 [INF] JWT validated for haseeb
2026-01-14 17:25:43.615 +05:00 [INF] Forwarding request GET /api/promotions/dashboard/metrics to https://localhost:7043/api/promotions/dashboard/metrics
2026-01-14 17:25:43.646 +05:00 [INF] Received response 200 from https://localhost:7043/api/promotions/dashboard/metrics
2026-01-14 17:25:43.651 +05:00 [INF] HTTP GET /api/promotions/dashboard/metrics responded 200 in 45.8533 ms | User: haseeb (N/A) | IP: ::1 | RequestBody:  | ResponseBody: {"totalPromotions":10,"totalProducts":8,"totalParticipants":8,"activeActions":10,"estimatedRevenue":0}
2026-01-14 17:25:43.660 +05:00 [INF] HTTP GET /api/promotions/dashboard/metrics responded 200 in 55.1585 ms
2026-01-14 17:25:44.927 +05:00 [INF] JWT validated for haseeb
2026-01-14 17:25:44.935 +05:00 [INF] Forwarding request GET /api/promotions/actions to https://localhost:7043/api/promotions/actions
2026-01-14 17:25:44.969 +05:00 [INF] Received response 200 from https://localhost:7043/api/promotions/actions
2026-01-14 17:25:44.978 +05:00 [INF] HTTP GET /api/promotions/actions responded 200 in 51.3769 ms | User: haseeb (N/A) | IP: ::1 | RequestBody:  | ResponseBody: [{"idAction":0,"name":"new promo","codDiv":"DIV01","dteStartSellIn":"2026-01-15T00:00:00","dteEndSellIn":"2026-01-17T00:00:00","dteStartSellOut":"2026-01-15T00:00:00","dteEndSellOut":"2026-01-17T00:00:00","documentKey":null,"dteToShost":null,"levParticipants":1},{"idAction":1111,"name":"Atomic Campaign 1111","codDiv":"DIV-1111","dteStartSellIn":"2026-01-01T00:00:00","dteEndSellIn":"2026-01-31T00:00:00","dteStartSellOut":"2026-02-01T00:00:00","dteEndSellOut":"2026-02-28T00:00:00","documentKey":"DOC-1111","dteToShost":null,"levParticipants":1},{"idAction":2222,"name":"haseeb","codDiv":"DIV02","dteStartSellIn":"2026-01-28T00:00:00","dteEndSellIn":"2026-01-30T00:00:00","dteStartSellOut":"2026-01-28T00:00:00","dteEndSellOut":"2026-01-30T00:00:00","documentKey":null,"dteToShost":null,"levParticipants":2},{"idAction":5555,"name":"I will Rollback 5556","codDiv":"DIV-5555","dteStartSellIn":"2026-01-01T00:00:00","dteEndSellIn":"2026-01-31T00:00:00","dteStartSellOut":"2026-02-01T00:00:00","dteEndSellOut":"2026-02-28T00:00:00","documentKey":"DOC-5556","dteToShost":null,"levParticipants":1},{"idAction":6000,"name":"Zero Redundancy Campaign 6000","codDiv":"DIV-6000","dteStartSellIn":"2026-01-01T00:00:00","dteEndSellIn":"2026-01-31T00:00:00","dteStartSellOut":"2026-02-01T00:00:00","dteEndSellOut":"2026-02-28T00:00:00","documentKey":"DOC-6000","dteToShost":"2026-01-05T00:00:00","levParticipants":1},{"idAction":7000,"name":"Atomic Campaign 7000","codDiv":"DIV-7000","dteStartSellIn":"2026-01-01T00:00:00","dteEndSellIn":"2026-01-31T00:00:00","dteStartSellOut":"2026-02-01T00:00:00","dteEndSellOut":"2026-02-28T00:00:00","documentKey":"DOC-7000","dteToShost":null,"levParticipants":1},{"idAction":7777,"name":"Atomic Success Campaign 7777","codDiv":"DIV-7777","dteStartSellIn":"2026-01-01T00:00:00","dteEndSellIn":"2026-01-31T00:00:00","dteStartSellOut":"2026-02-01T00:00:00","dteEndSellOut":"2026-02-28T00:00:00","documentKey":"DOC-7777","dteToShost":null,"levParticipants":1},{"idAction":8888,"name":"Atomic Campaign 8888 Complete","codDiv":"DIV-8888","dteStartSellIn":"2026-01-01T00:00:00","dteEndSellIn":"2026-01-31T00:00:00","dteStartSellOut":"2026-02-01T00:00:00","dteEndSellOut":"2026-02-28T00:00:00","documentKey":"DOC-8888","dteToShost":null,"levParticipants":1},{"idAction":9000,"name":"Balanced Atomic Campaign 9000","codDiv":"DIV-9000","dteStartSellIn":"2026-01-01T00:00:00","dteEndSellIn":"2026-01-31T00:00:00","dteStartSellOut":"2026-02-01T00:00:00","dteEndSellOut":"2026-02-28T00:00:00","documentKey":"DOC-9000","dteToShost":null,"levParticipants":1},{"idAction":9999,"name":"I should not exist in DB","codDiv":"DIV-9999","dteStartSellIn":"2026-01-01T00:00:00","dteEndSellIn":"2026-01-31T00:00:00","dteStartSellOut":"2026-02-01T00:00:00","dteEndSellOut":"2026-02-28T00:00:00","documentKey":"DOC-9999","dteToShost":null,"levParticipants":1}]
2026-01-14 17:25:44.998 +05:00 [INF] HTTP GET /api/promotions/actions responded 200 in 71.1476 ms
2026-01-14 17:25:45.013 +05:00 [INF] JWT validated for haseeb
2026-01-14 17:25:45.059 +05:00 [INF] Forwarding request GET /api/promotions/actions to https://localhost:7043/api/promotions/actions
2026-01-14 17:25:45.085 +05:00 [INF] Received response 200 from https://localhost:7043/api/promotions/actions
2026-01-14 17:25:45.090 +05:00 [INF] HTTP GET /api/promotions/actions responded 200 in 84.5639 ms | User: haseeb (N/A) | IP: ::1 | RequestBody:  | ResponseBody: [{"idAction":0,"name":"new promo","codDiv":"DIV01","dteStartSellIn":"2026-01-15T00:00:00","dteEndSellIn":"2026-01-17T00:00:00","dteStartSellOut":"2026-01-15T00:00:00","dteEndSellOut":"2026-01-17T00:00:00","documentKey":null,"dteToShost":null,"levParticipants":1},{"idAction":1111,"name":"Atomic Campaign 1111","codDiv":"DIV-1111","dteStartSellIn":"2026-01-01T00:00:00","dteEndSellIn":"2026-01-31T00:00:00","dteStartSellOut":"2026-02-01T00:00:00","dteEndSellOut":"2026-02-28T00:00:00","documentKey":"DOC-1111","dteToShost":null,"levParticipants":1},{"idAction":2222,"name":"haseeb","codDiv":"DIV02","dteStartSellIn":"2026-01-28T00:00:00","dteEndSellIn":"2026-01-30T00:00:00","dteStartSellOut":"2026-01-28T00:00:00","dteEndSellOut":"2026-01-30T00:00:00","documentKey":null,"dteToShost":null,"levParticipants":2},{"idAction":5555,"name":"I will Rollback 5556","codDiv":"DIV-5555","dteStartSellIn":"2026-01-01T00:00:00","dteEndSellIn":"2026-01-31T00:00:00","dteStartSellOut":"2026-02-01T00:00:00","dteEndSellOut":"2026-02-28T00:00:00","documentKey":"DOC-5556","dteToShost":null,"levParticipants":1},{"idAction":6000,"name":"Zero Redundancy Campaign 6000","codDiv":"DIV-6000","dteStartSellIn":"2026-01-01T00:00:00","dteEndSellIn":"2026-01-31T00:00:00","dteStartSellOut":"2026-02-01T00:00:00","dteEndSellOut":"2026-02-28T00:00:00","documentKey":"DOC-6000","dteToShost":"2026-01-05T00:00:00","levParticipants":1},{"idAction":7000,"name":"Atomic Campaign 7000","codDiv":"DIV-7000","dteStartSellIn":"2026-01-01T00:00:00","dteEndSellIn":"2026-01-31T00:00:00","dteStartSellOut":"2026-02-01T00:00:00","dteEndSellOut":"2026-02-28T00:00:00","documentKey":"DOC-7000","dteToShost":null,"levParticipants":1},{"idAction":7777,"name":"Atomic Success Campaign 7777","codDiv":"DIV-7777","dteStartSellIn":"2026-01-01T00:00:00","dteEndSellIn":"2026-01-31T00:00:00","dteStartSellOut":"2026-02-01T00:00:00","dteEndSellOut":"2026-02-28T00:00:00","documentKey":"DOC-7777","dteToShost":null,"levParticipants":1},{"idAction":8888,"name":"Atomic Campaign 8888 Complete","codDiv":"DIV-8888","dteStartSellIn":"2026-01-01T00:00:00","dteEndSellIn":"2026-01-31T00:00:00","dteStartSellOut":"2026-02-01T00:00:00","dteEndSellOut":"2026-02-28T00:00:00","documentKey":"DOC-8888","dteToShost":null,"levParticipants":1},{"idAction":9000,"name":"Balanced Atomic Campaign 9000","codDiv":"DIV-9000","dteStartSellIn":"2026-01-01T00:00:00","dteEndSellIn":"2026-01-31T00:00:00","dteStartSellOut":"2026-02-01T00:00:00","dteEndSellOut":"2026-02-28T00:00:00","documentKey":"DOC-9000","dteToShost":null,"levParticipants":1},{"idAction":9999,"name":"I should not exist in DB","codDiv":"DIV-9999","dteStartSellIn":"2026-01-01T00:00:00","dteEndSellIn":"2026-01-31T00:00:00","dteStartSellOut":"2026-02-01T00:00:00","dteEndSellOut":"2026-02-28T00:00:00","documentKey":"DOC-9999","dteToShost":null,"levParticipants":1}]
2026-01-14 17:25:45.112 +05:00 [INF] HTTP GET /api/promotions/actions responded 200 in 106.0195 ms
2026-01-14 17:27:48.055 +05:00 [INF] JWT validated for haseeb
2026-01-14 17:27:48.072 +05:00 [INF] Forwarding request GET /api/promotions/dashboard/metrics to https://localhost:7043/api/promotions/dashboard/metrics
2026-01-14 17:27:48.193 +05:00 [INF] Received response 200 from https://localhost:7043/api/promotions/dashboard/metrics
2026-01-14 17:27:48.199 +05:00 [INF] HTTP GET /api/promotions/dashboard/metrics responded 200 in 159.9783 ms | User: haseeb (N/A) | IP: ::1 | RequestBody:  | ResponseBody: {"totalPromotions":10,"totalProducts":8,"totalParticipants":8,"activeActions":10,"estimatedRevenue":0}
2026-01-14 17:27:48.214 +05:00 [INF] HTTP GET /api/promotions/dashboard/metrics responded 200 in 175.8429 ms
2026-01-14 17:27:48.217 +05:00 [INF] JWT validated for haseeb
2026-01-14 17:27:48.231 +05:00 [INF] Forwarding request GET /api/promotions/dashboard/metrics to https://localhost:7043/api/promotions/dashboard/metrics
2026-01-14 17:27:48.286 +05:00 [INF] Received response 200 from https://localhost:7043/api/promotions/dashboard/metrics
2026-01-14 17:27:48.296 +05:00 [INF] HTTP GET /api/promotions/dashboard/metrics responded 200 in 79.7910 ms | User: haseeb (N/A) | IP: ::1 | RequestBody:  | ResponseBody: {"totalPromotions":10,"totalProducts":8,"totalParticipants":8,"activeActions":10,"estimatedRevenue":0}
2026-01-14 17:27:48.310 +05:00 [INF] HTTP GET /api/promotions/dashboard/metrics responded 200 in 93.9077 ms
2026-01-14 17:29:56.306 +05:00 [INF] JWT validated for haseeb
2026-01-14 17:29:56.315 +05:00 [INF] Forwarding request GET /api/promotions/dashboard/metrics to https://localhost:7043/api/promotions/dashboard/metrics
2026-01-14 17:29:56.516 +05:00 [INF] Received response 200 from https://localhost:7043/api/promotions/dashboard/metrics
2026-01-14 17:29:56.522 +05:00 [INF] HTTP GET /api/promotions/dashboard/metrics responded 200 in 253.5926 ms | User: haseeb (N/A) | IP: ::1 | RequestBody:  | ResponseBody: {"totalPromotions":10,"totalProducts":8,"totalParticipants":8,"activeActions":10,"estimatedRevenue":0}
2026-01-14 17:29:56.532 +05:00 [INF] HTTP GET /api/promotions/dashboard/metrics responded 200 in 263.6831 ms
2026-01-14 17:29:56.537 +05:00 [INF] JWT validated for haseeb
2026-01-14 17:29:56.541 +05:00 [INF] Forwarding request GET /api/promotions/dashboard/metrics to https://localhost:7043/api/promotions/dashboard/metrics
2026-01-14 17:29:56.570 +05:00 [INF] Received response 200 from https://localhost:7043/api/promotions/dashboard/metrics
2026-01-14 17:29:56.574 +05:00 [INF] HTTP GET /api/promotions/dashboard/metrics responded 200 in 38.6515 ms | User: haseeb (N/A) | IP: ::1 | RequestBody:  | ResponseBody: {"totalPromotions":10,"totalProducts":8,"totalParticipants":8,"activeActions":10,"estimatedRevenue":0}
2026-01-14 17:29:56.584 +05:00 [INF] HTTP GET /api/promotions/dashboard/metrics responded 200 in 48.2424 ms
2026-01-14 17:30:13.398 +05:00 [INF] JWT validated for haseeb
2026-01-14 17:30:13.405 +05:00 [INF] Forwarding request GET /api/promotions/dashboard/metrics to https://localhost:7043/api/promotions/dashboard/metrics
2026-01-14 17:30:13.502 +05:00 [INF] Received response 200 from https://localhost:7043/api/promotions/dashboard/metrics
2026-01-14 17:30:13.508 +05:00 [INF] HTTP GET /api/promotions/dashboard/metrics responded 200 in 110.5589 ms | User: haseeb (N/A) | IP: ::1 | RequestBody:  | ResponseBody: {"totalPromotions":10,"totalProducts":8,"totalParticipants":8,"activeActions":10,"estimatedRevenue":0}
2026-01-14 17:30:13.523 +05:00 [INF] HTTP GET /api/promotions/dashboard/metrics responded 200 in 125.2541 ms
2026-01-14 17:30:13.525 +05:00 [INF] JWT validated for haseeb
2026-01-14 17:30:13.534 +05:00 [INF] Forwarding request GET /api/promotions/dashboard/metrics to https://localhost:7043/api/promotions/dashboard/metrics
2026-01-14 17:30:13.571 +05:00 [INF] Received response 200 from https://localhost:7043/api/promotions/dashboard/metrics
2026-01-14 17:30:13.577 +05:00 [INF] HTTP GET /api/promotions/dashboard/metrics responded 200 in 51.6412 ms | User: haseeb (N/A) | IP: ::1 | RequestBody:  | ResponseBody: {"totalPromotions":10,"totalProducts":8,"totalParticipants":8,"activeActions":10,"estimatedRevenue":0}
2026-01-14 17:30:13.587 +05:00 [INF] HTTP GET /api/promotions/dashboard/metrics responded 200 in 61.4338 ms
2026-01-14 17:30:14.452 +05:00 [INF] JWT validated for haseeb
2026-01-14 17:30:14.463 +05:00 [INF] Forwarding request GET /api/promotions/dashboard/metrics to https://localhost:7043/api/promotions/dashboard/metrics
2026-01-14 17:30:14.508 +05:00 [INF] Received response 200 from https://localhost:7043/api/promotions/dashboard/metrics
2026-01-14 17:30:14.513 +05:00 [INF] HTTP GET /api/promotions/dashboard/metrics responded 200 in 61.5170 ms | User: haseeb (N/A) | IP: ::1 | RequestBody:  | ResponseBody: {"totalPromotions":10,"totalProducts":8,"totalParticipants":8,"activeActions":10,"estimatedRevenue":0}
2026-01-14 17:30:14.521 +05:00 [INF] HTTP GET /api/promotions/dashboard/metrics responded 200 in 69.5828 ms
2026-01-14 17:30:14.524 +05:00 [INF] JWT validated for haseeb
2026-01-14 17:30:14.529 +05:00 [INF] Forwarding request GET /api/promotions/dashboard/metrics to https://localhost:7043/api/promotions/dashboard/metrics
2026-01-14 17:30:14.556 +05:00 [INF] Received response 200 from https://localhost:7043/api/promotions/dashboard/metrics
2026-01-14 17:30:14.559 +05:00 [INF] HTTP GET /api/promotions/dashboard/metrics responded 200 in 35.6647 ms | User: haseeb (N/A) | IP: ::1 | RequestBody:  | ResponseBody: {"totalPromotions":10,"totalProducts":8,"totalParticipants":8,"activeActions":10,"estimatedRevenue":0}
2026-01-14 17:30:14.568 +05:00 [INF] HTTP GET /api/promotions/dashboard/metrics responded 200 in 43.8273 ms
2026-01-14 17:30:14.791 +05:00 [INF] JWT validated for haseeb
2026-01-14 17:30:14.796 +05:00 [INF] Forwarding request GET /api/promotions/dashboard/metrics to https://localhost:7043/api/promotions/dashboard/metrics
2026-01-14 17:30:14.831 +05:00 [INF] Received response 200 from https://localhost:7043/api/promotions/dashboard/metrics
2026-01-14 17:30:14.837 +05:00 [INF] HTTP GET /api/promotions/dashboard/metrics responded 200 in 46.2393 ms | User: haseeb (N/A) | IP: ::1 | RequestBody:  | ResponseBody: {"totalPromotions":10,"totalProducts":8,"totalParticipants":8,"activeActions":10,"estimatedRevenue":0}
2026-01-14 17:30:14.846 +05:00 [INF] HTTP GET /api/promotions/dashboard/metrics responded 200 in 55.7042 ms
2026-01-14 17:30:14.849 +05:00 [INF] JWT validated for haseeb
2026-01-14 17:30:14.856 +05:00 [INF] Forwarding request GET /api/promotions/dashboard/metrics to https://localhost:7043/api/promotions/dashboard/metrics
2026-01-14 17:30:14.881 +05:00 [INF] Received response 200 from https://localhost:7043/api/promotions/dashboard/metrics
2026-01-14 17:30:14.887 +05:00 [INF] HTTP GET /api/promotions/dashboard/metrics responded 200 in 38.2956 ms | User: haseeb (N/A) | IP: ::1 | RequestBody:  | ResponseBody: {"totalPromotions":10,"totalProducts":8,"totalParticipants":8,"activeActions":10,"estimatedRevenue":0}
2026-01-14 17:30:14.895 +05:00 [INF] HTTP GET /api/promotions/dashboard/metrics responded 200 in 47.3232 ms
2026-01-14 17:30:14.993 +05:00 [INF] JWT validated for haseeb
2026-01-14 17:30:14.996 +05:00 [INF] Forwarding request GET /api/promotions/dashboard/metrics to https://localhost:7043/api/promotions/dashboard/metrics
2026-01-14 17:30:15.031 +05:00 [INF] Received response 200 from https://localhost:7043/api/promotions/dashboard/metrics
2026-01-14 17:30:15.036 +05:00 [INF] HTTP GET /api/promotions/dashboard/metrics responded 200 in 43.3628 ms | User: haseeb (N/A) | IP: ::1 | RequestBody:  | ResponseBody: {"totalPromotions":10,"totalProducts":8,"totalParticipants":8,"activeActions":10,"estimatedRevenue":0}
2026-01-14 17:30:15.045 +05:00 [INF] HTTP GET /api/promotions/dashboard/metrics responded 200 in 53.0828 ms
2026-01-14 17:30:15.047 +05:00 [INF] JWT validated for haseeb
2026-01-14 17:30:15.055 +05:00 [INF] Forwarding request GET /api/promotions/dashboard/metrics to https://localhost:7043/api/promotions/dashboard/metrics
2026-01-14 17:30:15.088 +05:00 [INF] Received response 200 from https://localhost:7043/api/promotions/dashboard/metrics
2026-01-14 17:30:15.093 +05:00 [INF] HTTP GET /api/promotions/dashboard/metrics responded 200 in 46.0735 ms | User: haseeb (N/A) | IP: ::1 | RequestBody:  | ResponseBody: {"totalPromotions":10,"totalProducts":8,"totalParticipants":8,"activeActions":10,"estimatedRevenue":0}
2026-01-14 17:30:15.114 +05:00 [INF] HTTP GET /api/promotions/dashboard/metrics responded 200 in 67.3786 ms
2026-01-14 17:30:15.219 +05:00 [INF] JWT validated for haseeb
2026-01-14 17:30:15.222 +05:00 [INF] Forwarding request GET /api/promotions/dashboard/metrics to https://localhost:7043/api/promotions/dashboard/metrics
2026-01-14 17:30:15.253 +05:00 [INF] Received response 200 from https://localhost:7043/api/promotions/dashboard/metrics
2026-01-14 17:30:15.258 +05:00 [INF] HTTP GET /api/promotions/dashboard/metrics responded 200 in 39.5138 ms | User: haseeb (N/A) | IP: ::1 | RequestBody:  | ResponseBody: {"totalPromotions":10,"totalProducts":8,"totalParticipants":8,"activeActions":10,"estimatedRevenue":0}
2026-01-14 17:30:15.267 +05:00 [INF] HTTP GET /api/promotions/dashboard/metrics responded 200 in 48.1125 ms
2026-01-14 17:30:15.271 +05:00 [INF] JWT validated for haseeb
2026-01-14 17:30:15.277 +05:00 [INF] Forwarding request GET /api/promotions/dashboard/metrics to https://localhost:7043/api/promotions/dashboard/metrics
2026-01-14 17:30:15.303 +05:00 [INF] Received response 200 from https://localhost:7043/api/promotions/dashboard/metrics
2026-01-14 17:30:15.306 +05:00 [INF] HTTP GET /api/promotions/dashboard/metrics responded 200 in 35.5251 ms | User: haseeb (N/A) | IP: ::1 | RequestBody:  | ResponseBody: {"totalPromotions":10,"totalProducts":8,"totalParticipants":8,"activeActions":10,"estimatedRevenue":0}
2026-01-14 17:30:15.316 +05:00 [INF] HTTP GET /api/promotions/dashboard/metrics responded 200 in 45.1633 ms
2026-01-14 17:30:15.412 +05:00 [INF] JWT validated for haseeb
2026-01-14 17:30:15.418 +05:00 [INF] Forwarding request GET /api/promotions/dashboard/metrics to https://localhost:7043/api/promotions/dashboard/metrics
2026-01-14 17:30:15.455 +05:00 [INF] Received response 200 from https://localhost:7043/api/promotions/dashboard/metrics
2026-01-14 17:30:15.459 +05:00 [INF] HTTP GET /api/promotions/dashboard/metrics responded 200 in 47.9814 ms | User: haseeb (N/A) | IP: ::1 | RequestBody:  | ResponseBody: {"totalPromotions":10,"totalProducts":8,"totalParticipants":8,"activeActions":10,"estimatedRevenue":0}
2026-01-14 17:30:15.484 +05:00 [INF] HTTP GET /api/promotions/dashboard/metrics responded 200 in 71.9869 ms
2026-01-14 17:30:15.487 +05:00 [INF] JWT validated for haseeb
2026-01-14 17:30:15.492 +05:00 [INF] Forwarding request GET /api/promotions/dashboard/metrics to https://localhost:7043/api/promotions/dashboard/metrics
2026-01-14 17:30:15.513 +05:00 [INF] Received response 200 from https://localhost:7043/api/promotions/dashboard/metrics
2026-01-14 17:30:15.520 +05:00 [INF] HTTP GET /api/promotions/dashboard/metrics responded 200 in 33.1457 ms | User: haseeb (N/A) | IP: ::1 | RequestBody:  | ResponseBody: {"totalPromotions":10,"totalProducts":8,"totalParticipants":8,"activeActions":10,"estimatedRevenue":0}
2026-01-14 17:30:15.532 +05:00 [INF] HTTP GET /api/promotions/dashboard/metrics responded 200 in 44.8212 ms
2026-01-14 17:30:15.635 +05:00 [INF] JWT validated for haseeb
2026-01-14 17:30:15.639 +05:00 [INF] Forwarding request GET /api/promotions/dashboard/metrics to https://localhost:7043/api/promotions/dashboard/metrics
2026-01-14 17:30:15.671 +05:00 [INF] Received response 200 from https://localhost:7043/api/promotions/dashboard/metrics
2026-01-14 17:30:15.678 +05:00 [INF] HTTP GET /api/promotions/dashboard/metrics responded 200 in 43.7918 ms | User: haseeb (N/A) | IP: ::1 | RequestBody:  | ResponseBody: {"totalPromotions":10,"totalProducts":8,"totalParticipants":8,"activeActions":10,"estimatedRevenue":0}
2026-01-14 17:30:15.689 +05:00 [INF] HTTP GET /api/promotions/dashboard/metrics responded 200 in 54.8757 ms
2026-01-14 17:30:15.691 +05:00 [INF] JWT validated for haseeb
2026-01-14 17:30:15.696 +05:00 [INF] Forwarding request GET /api/promotions/dashboard/metrics to https://localhost:7043/api/promotions/dashboard/metrics
2026-01-14 17:30:15.719 +05:00 [INF] Received response 200 from https://localhost:7043/api/promotions/dashboard/metrics
2026-01-14 17:30:15.723 +05:00 [INF] HTTP GET /api/promotions/dashboard/metrics responded 200 in 31.6855 ms | User: haseeb (N/A) | IP: ::1 | RequestBody:  | ResponseBody: {"totalPromotions":10,"totalProducts":8,"totalParticipants":8,"activeActions":10,"estimatedRevenue":0}
2026-01-14 17:30:15.729 +05:00 [INF] HTTP GET /api/promotions/dashboard/metrics responded 200 in 37.9917 ms
2026-01-14 17:30:15.936 +05:00 [INF] JWT validated for haseeb
2026-01-14 17:30:15.939 +05:00 [INF] Forwarding request GET /api/promotions/dashboard/metrics to https://localhost:7043/api/promotions/dashboard/metrics
2026-01-14 17:30:15.967 +05:00 [INF] Received response 200 from https://localhost:7043/api/promotions/dashboard/metrics
2026-01-14 17:30:15.973 +05:00 [INF] HTTP GET /api/promotions/dashboard/metrics responded 200 in 37.4736 ms | User: haseeb (N/A) | IP: ::1 | RequestBody:  | ResponseBody: {"totalPromotions":10,"totalProducts":8,"totalParticipants":8,"activeActions":10,"estimatedRevenue":0}
2026-01-14 17:30:15.986 +05:00 [INF] HTTP GET /api/promotions/dashboard/metrics responded 200 in 50.7595 ms
2026-01-14 17:30:15.993 +05:00 [INF] JWT validated for haseeb
2026-01-14 17:30:16.001 +05:00 [INF] Forwarding request GET /api/promotions/dashboard/metrics to https://localhost:7043/api/promotions/dashboard/metrics
2026-01-14 17:30:16.020 +05:00 [INF] Received response 200 from https://localhost:7043/api/promotions/dashboard/metrics
2026-01-14 17:30:16.024 +05:00 [INF] HTTP GET /api/promotions/dashboard/metrics responded 200 in 32.4272 ms | User: haseeb (N/A) | IP: ::1 | RequestBody:  | ResponseBody: {"totalPromotions":10,"totalProducts":8,"totalParticipants":8,"activeActions":10,"estimatedRevenue":0}
2026-01-14 17:30:16.034 +05:00 [INF] HTTP GET /api/promotions/dashboard/metrics responded 200 in 41.9140 ms
2026-01-14 17:30:16.124 +05:00 [INF] JWT validated for haseeb
2026-01-14 17:30:16.133 +05:00 [INF] Forwarding request GET /api/promotions/dashboard/metrics to https://localhost:7043/api/promotions/dashboard/metrics
2026-01-14 17:30:16.161 +05:00 [INF] Received response 200 from https://localhost:7043/api/promotions/dashboard/metrics
2026-01-14 17:30:16.164 +05:00 [INF] HTTP GET /api/promotions/dashboard/metrics responded 200 in 40.8304 ms | User: haseeb (N/A) | IP: ::1 | RequestBody:  | ResponseBody: {"totalPromotions":10,"totalProducts":8,"totalParticipants":8,"activeActions":10,"estimatedRevenue":0}
2026-01-14 17:30:16.175 +05:00 [INF] HTTP GET /api/promotions/dashboard/metrics responded 200 in 51.8107 ms
2026-01-14 17:30:16.177 +05:00 [INF] JWT validated for haseeb
2026-01-14 17:30:16.185 +05:00 [INF] Forwarding request GET /api/promotions/dashboard/metrics to https://localhost:7043/api/promotions/dashboard/metrics
2026-01-14 17:30:16.215 +05:00 [INF] Received response 200 from https://localhost:7043/api/promotions/dashboard/metrics
2026-01-14 17:30:16.221 +05:00 [INF] HTTP GET /api/promotions/dashboard/metrics responded 200 in 44.2952 ms | User: haseeb (N/A) | IP: ::1 | RequestBody:  | ResponseBody: {"totalPromotions":10,"totalProducts":8,"totalParticipants":8,"activeActions":10,"estimatedRevenue":0}
2026-01-14 17:30:16.227 +05:00 [INF] HTTP GET /api/promotions/dashboard/metrics responded 200 in 50.1527 ms
2026-01-14 17:30:16.327 +05:00 [INF] JWT validated for haseeb
2026-01-14 17:30:16.330 +05:00 [INF] Forwarding request GET /api/promotions/dashboard/metrics to https://localhost:7043/api/promotions/dashboard/metrics
2026-01-14 17:30:16.361 +05:00 [INF] Received response 200 from https://localhost:7043/api/promotions/dashboard/metrics
2026-01-14 17:30:16.364 +05:00 [INF] HTTP GET /api/promotions/dashboard/metrics responded 200 in 37.6957 ms | User: haseeb (N/A) | IP: ::1 | RequestBody:  | ResponseBody: {"totalPromotions":10,"totalProducts":8,"totalParticipants":8,"activeActions":10,"estimatedRevenue":0}
2026-01-14 17:30:16.374 +05:00 [INF] HTTP GET /api/promotions/dashboard/metrics responded 200 in 47.2689 ms
2026-01-14 17:30:16.376 +05:00 [INF] JWT validated for haseeb
2026-01-14 17:30:16.380 +05:00 [INF] Forwarding request GET /api/promotions/dashboard/metrics to https://localhost:7043/api/promotions/dashboard/metrics
2026-01-14 17:30:16.422 +05:00 [INF] Received response 200 from https://localhost:7043/api/promotions/dashboard/metrics
2026-01-14 17:30:16.429 +05:00 [INF] HTTP GET /api/promotions/dashboard/metrics responded 200 in 53.7009 ms | User: haseeb (N/A) | IP: ::1 | RequestBody:  | ResponseBody: {"totalPromotions":10,"totalProducts":8,"totalParticipants":8,"activeActions":10,"estimatedRevenue":0}
2026-01-14 17:30:16.438 +05:00 [INF] HTTP GET /api/promotions/dashboard/metrics responded 200 in 61.9983 ms
2026-01-14 17:30:16.564 +05:00 [INF] JWT validated for haseeb
2026-01-14 17:30:16.569 +05:00 [INF] Forwarding request GET /api/promotions/dashboard/metrics to https://localhost:7043/api/promotions/dashboard/metrics
2026-01-14 17:30:16.596 +05:00 [INF] Received response 200 from https://localhost:7043/api/promotions/dashboard/metrics
2026-01-14 17:30:16.603 +05:00 [INF] HTTP GET /api/promotions/dashboard/metrics responded 200 in 39.3504 ms | User: haseeb (N/A) | IP: ::1 | RequestBody:  | ResponseBody: {"totalPromotions":10,"totalProducts":8,"totalParticipants":8,"activeActions":10,"estimatedRevenue":0}
2026-01-14 17:30:16.612 +05:00 [INF] HTTP GET /api/promotions/dashboard/metrics responded 200 in 48.5198 ms
2026-01-14 17:30:16.615 +05:00 [INF] JWT validated for haseeb
2026-01-14 17:30:16.623 +05:00 [INF] Forwarding request GET /api/promotions/dashboard/metrics to https://localhost:7043/api/promotions/dashboard/metrics
2026-01-14 17:30:16.670 +05:00 [INF] Received response 200 from https://localhost:7043/api/promotions/dashboard/metrics
2026-01-14 17:30:16.673 +05:00 [INF] HTTP GET /api/promotions/dashboard/metrics responded 200 in 58.8812 ms | User: haseeb (N/A) | IP: ::1 | RequestBody:  | ResponseBody: {"totalPromotions":10,"totalProducts":8,"totalParticipants":8,"activeActions":10,"estimatedRevenue":0}
2026-01-14 17:30:16.680 +05:00 [INF] HTTP GET /api/promotions/dashboard/metrics responded 200 in 65.2975 ms
2026-01-14 17:30:16.783 +05:00 [INF] JWT validated for haseeb
2026-01-14 17:30:16.790 +05:00 [INF] Forwarding request GET /api/promotions/dashboard/metrics to https://localhost:7043/api/promotions/dashboard/metrics
2026-01-14 17:30:16.822 +05:00 [INF] Received response 200 from https://localhost:7043/api/promotions/dashboard/metrics
2026-01-14 17:30:16.827 +05:00 [INF] HTTP GET /api/promotions/dashboard/metrics responded 200 in 44.0307 ms | User: haseeb (N/A) | IP: ::1 | RequestBody:  | ResponseBody: {"totalPromotions":10,"totalProducts":8,"totalParticipants":8,"activeActions":10,"estimatedRevenue":0}
2026-01-14 17:30:16.837 +05:00 [INF] HTTP GET /api/promotions/dashboard/metrics responded 200 in 54.0004 ms
2026-01-14 17:30:16.842 +05:00 [INF] JWT validated for haseeb
2026-01-14 17:30:16.847 +05:00 [INF] Forwarding request GET /api/promotions/dashboard/metrics to https://localhost:7043/api/promotions/dashboard/metrics
2026-01-14 17:30:16.878 +05:00 [INF] Received response 200 from https://localhost:7043/api/promotions/dashboard/metrics
2026-01-14 17:30:16.882 +05:00 [INF] HTTP GET /api/promotions/dashboard/metrics responded 200 in 39.7607 ms | User: haseeb (N/A) | IP: ::1 | RequestBody:  | ResponseBody: {"totalPromotions":10,"totalProducts":8,"totalParticipants":8,"activeActions":10,"estimatedRevenue":0}
2026-01-14 17:30:16.891 +05:00 [INF] HTTP GET /api/promotions/dashboard/metrics responded 200 in 48.8095 ms
2026-01-14 17:30:28.713 +05:00 [INF] JWT validated for haseeb
2026-01-14 17:30:28.718 +05:00 [INF] Forwarding request GET /api/promotions/actions to https://localhost:7043/api/promotions/actions
2026-01-14 17:30:28.747 +05:00 [INF] Received response 200 from https://localhost:7043/api/promotions/actions
2026-01-14 17:30:28.753 +05:00 [INF] HTTP GET /api/promotions/actions responded 200 in 40.6124 ms | User: haseeb (N/A) | IP: ::1 | RequestBody:  | ResponseBody: [{"idAction":0,"name":"new promo","codDiv":"DIV01","dteStartSellIn":"2026-01-15T00:00:00","dteEndSellIn":"2026-01-17T00:00:00","dteStartSellOut":"2026-01-15T00:00:00","dteEndSellOut":"2026-01-17T00:00:00","documentKey":null,"dteToShost":null,"levParticipants":1},{"idAction":1111,"name":"Atomic Campaign 1111","codDiv":"DIV-1111","dteStartSellIn":"2026-01-01T00:00:00","dteEndSellIn":"2026-01-31T00:00:00","dteStartSellOut":"2026-02-01T00:00:00","dteEndSellOut":"2026-02-28T00:00:00","documentKey":"DOC-1111","dteToShost":null,"levParticipants":1},{"idAction":2222,"name":"haseeb","codDiv":"DIV02","dteStartSellIn":"2026-01-28T00:00:00","dteEndSellIn":"2026-01-30T00:00:00","dteStartSellOut":"2026-01-28T00:00:00","dteEndSellOut":"2026-01-30T00:00:00","documentKey":null,"dteToShost":null,"levParticipants":2},{"idAction":5555,"name":"I will Rollback 5556","codDiv":"DIV-5555","dteStartSellIn":"2026-01-01T00:00:00","dteEndSellIn":"2026-01-31T00:00:00","dteStartSellOut":"2026-02-01T00:00:00","dteEndSellOut":"2026-02-28T00:00:00","documentKey":"DOC-5556","dteToShost":null,"levParticipants":1},{"idAction":6000,"name":"Zero Redundancy Campaign 6000","codDiv":"DIV-6000","dteStartSellIn":"2026-01-01T00:00:00","dteEndSellIn":"2026-01-31T00:00:00","dteStartSellOut":"2026-02-01T00:00:00","dteEndSellOut":"2026-02-28T00:00:00","documentKey":"DOC-6000","dteToShost":"2026-01-05T00:00:00","levParticipants":1},{"idAction":7000,"name":"Atomic Campaign 7000","codDiv":"DIV-7000","dteStartSellIn":"2026-01-01T00:00:00","dteEndSellIn":"2026-01-31T00:00:00","dteStartSellOut":"2026-02-01T00:00:00","dteEndSellOut":"2026-02-28T00:00:00","documentKey":"DOC-7000","dteToShost":null,"levParticipants":1},{"idAction":7777,"name":"Atomic Success Campaign 7777","codDiv":"DIV-7777","dteStartSellIn":"2026-01-01T00:00:00","dteEndSellIn":"2026-01-31T00:00:00","dteStartSellOut":"2026-02-01T00:00:00","dteEndSellOut":"2026-02-28T00:00:00","documentKey":"DOC-7777","dteToShost":null,"levParticipants":1},{"idAction":8888,"name":"Atomic Campaign 8888 Complete","codDiv":"DIV-8888","dteStartSellIn":"2026-01-01T00:00:00","dteEndSellIn":"2026-01-31T00:00:00","dteStartSellOut":"2026-02-01T00:00:00","dteEndSellOut":"2026-02-28T00:00:00","documentKey":"DOC-8888","dteToShost":null,"levParticipants":1},{"idAction":9000,"name":"Balanced Atomic Campaign 9000","codDiv":"DIV-9000","dteStartSellIn":"2026-01-01T00:00:00","dteEndSellIn":"2026-01-31T00:00:00","dteStartSellOut":"2026-02-01T00:00:00","dteEndSellOut":"2026-02-28T00:00:00","documentKey":"DOC-9000","dteToShost":null,"levParticipants":1},{"idAction":9999,"name":"I should not exist in DB","codDiv":"DIV-9999","dteStartSellIn":"2026-01-01T00:00:00","dteEndSellIn":"2026-01-31T00:00:00","dteStartSellOut":"2026-02-01T00:00:00","dteEndSellOut":"2026-02-28T00:00:00","documentKey":"DOC-9999","dteToShost":null,"levParticipants":1}]
2026-01-14 17:30:28.771 +05:00 [INF] HTTP GET /api/promotions/actions responded 200 in 57.9188 ms
2026-01-14 17:30:28.775 +05:00 [INF] JWT validated for haseeb
2026-01-14 17:30:28.789 +05:00 [INF] Forwarding request GET /api/promotions/actions to https://localhost:7043/api/promotions/actions
2026-01-14 17:30:28.818 +05:00 [INF] Received response 200 from https://localhost:7043/api/promotions/actions
2026-01-14 17:30:28.826 +05:00 [INF] HTTP GET /api/promotions/actions responded 200 in 51.7842 ms | User: haseeb (N/A) | IP: ::1 | RequestBody:  | ResponseBody: [{"idAction":0,"name":"new promo","codDiv":"DIV01","dteStartSellIn":"2026-01-15T00:00:00","dteEndSellIn":"2026-01-17T00:00:00","dteStartSellOut":"2026-01-15T00:00:00","dteEndSellOut":"2026-01-17T00:00:00","documentKey":null,"dteToShost":null,"levParticipants":1},{"idAction":1111,"name":"Atomic Campaign 1111","codDiv":"DIV-1111","dteStartSellIn":"2026-01-01T00:00:00","dteEndSellIn":"2026-01-31T00:00:00","dteStartSellOut":"2026-02-01T00:00:00","dteEndSellOut":"2026-02-28T00:00:00","documentKey":"DOC-1111","dteToShost":null,"levParticipants":1},{"idAction":2222,"name":"haseeb","codDiv":"DIV02","dteStartSellIn":"2026-01-28T00:00:00","dteEndSellIn":"2026-01-30T00:00:00","dteStartSellOut":"2026-01-28T00:00:00","dteEndSellOut":"2026-01-30T00:00:00","documentKey":null,"dteToShost":null,"levParticipants":2},{"idAction":5555,"name":"I will Rollback 5556","codDiv":"DIV-5555","dteStartSellIn":"2026-01-01T00:00:00","dteEndSellIn":"2026-01-31T00:00:00","dteStartSellOut":"2026-02-01T00:00:00","dteEndSellOut":"2026-02-28T00:00:00","documentKey":"DOC-5556","dteToShost":null,"levParticipants":1},{"idAction":6000,"name":"Zero Redundancy Campaign 6000","codDiv":"DIV-6000","dteStartSellIn":"2026-01-01T00:00:00","dteEndSellIn":"2026-01-31T00:00:00","dteStartSellOut":"2026-02-01T00:00:00","dteEndSellOut":"2026-02-28T00:00:00","documentKey":"DOC-6000","dteToShost":"2026-01-05T00:00:00","levParticipants":1},{"idAction":7000,"name":"Atomic Campaign 7000","codDiv":"DIV-7000","dteStartSellIn":"2026-01-01T00:00:00","dteEndSellIn":"2026-01-31T00:00:00","dteStartSellOut":"2026-02-01T00:00:00","dteEndSellOut":"2026-02-28T00:00:00","documentKey":"DOC-7000","dteToShost":null,"levParticipants":1},{"idAction":7777,"name":"Atomic Success Campaign 7777","codDiv":"DIV-7777","dteStartSellIn":"2026-01-01T00:00:00","dteEndSellIn":"2026-01-31T00:00:00","dteStartSellOut":"2026-02-01T00:00:00","dteEndSellOut":"2026-02-28T00:00:00","documentKey":"DOC-7777","dteToShost":null,"levParticipants":1},{"idAction":8888,"name":"Atomic Campaign 8888 Complete","codDiv":"DIV-8888","dteStartSellIn":"2026-01-01T00:00:00","dteEndSellIn":"2026-01-31T00:00:00","dteStartSellOut":"2026-02-01T00:00:00","dteEndSellOut":"2026-02-28T00:00:00","documentKey":"DOC-8888","dteToShost":null,"levParticipants":1},{"idAction":9000,"name":"Balanced Atomic Campaign 9000","codDiv":"DIV-9000","dteStartSellIn":"2026-01-01T00:00:00","dteEndSellIn":"2026-01-31T00:00:00","dteStartSellOut":"2026-02-01T00:00:00","dteEndSellOut":"2026-02-28T00:00:00","documentKey":"DOC-9000","dteToShost":null,"levParticipants":1},{"idAction":9999,"name":"I should not exist in DB","codDiv":"DIV-9999","dteStartSellIn":"2026-01-01T00:00:00","dteEndSellIn":"2026-01-31T00:00:00","dteStartSellOut":"2026-02-01T00:00:00","dteEndSellOut":"2026-02-28T00:00:00","documentKey":"DOC-9999","dteToShost":null,"levParticipants":1}]
2026-01-14 17:30:28.848 +05:00 [INF] HTTP GET /api/promotions/actions responded 200 in 73.3922 ms
2026-01-14 18:00:51.490 +05:00 [INF] Forwarding request POST /api/auth/login to https://localhost:7222/api/auth/login
2026-01-14 18:00:53.467 +05:00 [INF] Received response 200 from https://localhost:7222/api/auth/login
2026-01-14 18:00:53.484 +05:00 [INF] HTTP POST /api/auth/login responded 200 in 2040.1892 ms | User: Anonymous (N/A) | IP: ::1 | RequestBody: {"Email":"haseeb@gmail.com","Password":"haseeb123"} | ResponseBody: {"accessToken":"eyJhbGciOiJIUzI1NiIsInR5cCI6IkpXVCJ9.eyJzdWIiOiIxMyIsImVtYWlsIjoiaGFzZWViQGdtYWlsLmNvbSIsInVuaXF1ZV9uYW1lIjoiaGFzZWViIiwiZXhwIjoxNzY4NDAyODUzLCJpc3MiOiJNeUNvbXBhbnkiLCJhdWQiOiJNeUNvbXBhbnlVc2VycyJ9.41Hy017xJV3g0kc_NwNAlUxPbZ0cXGXvPRsnj3tZFKc","refreshToken":"75428d35-b8a2-4eca-9ca9-ff46c90f6046"}
2026-01-14 18:00:53.504 +05:00 [INF] HTTP POST /api/auth/login responded 200 in 2063.8464 ms
2026-01-14 18:00:58.506 +05:00 [INF] JWT validated for haseeb
2026-01-14 18:00:58.518 +05:00 [INF] Forwarding request GET /api/promotions/dashboard/metrics to https://localhost:7043/api/promotions/dashboard/metrics
2026-01-14 18:00:59.459 +05:00 [INF] Received response 200 from https://localhost:7043/api/promotions/dashboard/metrics
2026-01-14 18:00:59.477 +05:00 [INF] HTTP GET /api/promotions/dashboard/metrics responded 200 in 977.2092 ms | User: haseeb (N/A) | IP: ::1 | RequestBody:  | ResponseBody: {"totalPromotions":10,"totalProducts":8,"totalParticipants":8,"activeActions":10,"estimatedRevenue":0}
2026-01-14 18:00:59.522 +05:00 [INF] HTTP GET /api/promotions/dashboard/metrics responded 200 in 1022.2134 ms
2026-01-14 18:00:59.524 +05:00 [INF] JWT validated for haseeb
2026-01-14 18:00:59.536 +05:00 [INF] Forwarding request GET /api/promotions/dashboard/metrics to https://localhost:7043/api/promotions/dashboard/metrics
2026-01-14 18:00:59.611 +05:00 [INF] Received response 200 from https://localhost:7043/api/promotions/dashboard/metrics
2026-01-14 18:00:59.617 +05:00 [INF] HTTP GET /api/promotions/dashboard/metrics responded 200 in 93.5138 ms | User: haseeb (N/A) | IP: ::1 | RequestBody:  | ResponseBody: {"totalPromotions":10,"totalProducts":8,"totalParticipants":8,"activeActions":10,"estimatedRevenue":0}
2026-01-14 18:00:59.631 +05:00 [INF] HTTP GET /api/promotions/dashboard/metrics responded 200 in 107.6455 ms
2026-01-14 18:01:03.441 +05:00 [INF] JWT validated for haseeb
2026-01-14 18:01:03.452 +05:00 [INF] Forwarding request GET /api/promotions/actions to https://localhost:7043/api/promotions/actions
2026-01-14 18:01:03.533 +05:00 [INF] Received response 200 from https://localhost:7043/api/promotions/actions
2026-01-14 18:01:03.548 +05:00 [INF] HTTP GET /api/promotions/actions responded 200 in 106.4856 ms | User: haseeb (N/A) | IP: ::1 | RequestBody:  | ResponseBody: [{"idAction":0,"name":"new promo","codDiv":"DIV01","dteStartSellIn":"2026-01-15T00:00:00","dteEndSellIn":"2026-01-17T00:00:00","dteStartSellOut":"2026-01-15T00:00:00","dteEndSellOut":"2026-01-17T00:00:00","documentKey":null,"dteToShost":null,"levParticipants":1},{"idAction":1111,"name":"Atomic Campaign 1111","codDiv":"DIV-1111","dteStartSellIn":"2026-01-01T00:00:00","dteEndSellIn":"2026-01-31T00:00:00","dteStartSellOut":"2026-02-01T00:00:00","dteEndSellOut":"2026-02-28T00:00:00","documentKey":"DOC-1111","dteToShost":null,"levParticipants":1},{"idAction":2222,"name":"haseeb","codDiv":"DIV02","dteStartSellIn":"2026-01-28T00:00:00","dteEndSellIn":"2026-01-30T00:00:00","dteStartSellOut":"2026-01-28T00:00:00","dteEndSellOut":"2026-01-30T00:00:00","documentKey":null,"dteToShost":null,"levParticipants":2},{"idAction":5555,"name":"I will Rollback 5556","codDiv":"DIV-5555","dteStartSellIn":"2026-01-01T00:00:00","dteEndSellIn":"2026-01-31T00:00:00","dteStartSellOut":"2026-02-01T00:00:00","dteEndSellOut":"2026-02-28T00:00:00","documentKey":"DOC-5556","dteToShost":null,"levParticipants":1},{"idAction":6000,"name":"Zero Redundancy Campaign 6000","codDiv":"DIV-6000","dteStartSellIn":"2026-01-01T00:00:00","dteEndSellIn":"2026-01-31T00:00:00","dteStartSellOut":"2026-02-01T00:00:00","dteEndSellOut":"2026-02-28T00:00:00","documentKey":"DOC-6000","dteToShost":"2026-01-05T00:00:00","levParticipants":1},{"idAction":7000,"name":"Atomic Campaign 7000","codDiv":"DIV-7000","dteStartSellIn":"2026-01-01T00:00:00","dteEndSellIn":"2026-01-31T00:00:00","dteStartSellOut":"2026-02-01T00:00:00","dteEndSellOut":"2026-02-28T00:00:00","documentKey":"DOC-7000","dteToShost":null,"levParticipants":1},{"idAction":7777,"name":"Atomic Success Campaign 7777","codDiv":"DIV-7777","dteStartSellIn":"2026-01-01T00:00:00","dteEndSellIn":"2026-01-31T00:00:00","dteStartSellOut":"2026-02-01T00:00:00","dteEndSellOut":"2026-02-28T00:00:00","documentKey":"DOC-7777","dteToShost":null,"levParticipants":1},{"idAction":8888,"name":"Atomic Campaign 8888 Complete","codDiv":"DIV-8888","dteStartSellIn":"2026-01-01T00:00:00","dteEndSellIn":"2026-01-31T00:00:00","dteStartSellOut":"2026-02-01T00:00:00","dteEndSellOut":"2026-02-28T00:00:00","documentKey":"DOC-8888","dteToShost":null,"levParticipants":1},{"idAction":9000,"name":"Balanced Atomic Campaign 9000","codDiv":"DIV-9000","dteStartSellIn":"2026-01-01T00:00:00","dteEndSellIn":"2026-01-31T00:00:00","dteStartSellOut":"2026-02-01T00:00:00","dteEndSellOut":"2026-02-28T00:00:00","documentKey":"DOC-9000","dteToShost":null,"levParticipants":1},{"idAction":9999,"name":"I should not exist in DB","codDiv":"DIV-9999","dteStartSellIn":"2026-01-01T00:00:00","dteEndSellIn":"2026-01-31T00:00:00","dteStartSellOut":"2026-02-01T00:00:00","dteEndSellOut":"2026-02-28T00:00:00","documentKey":"DOC-9999","dteToShost":null,"levParticipants":1}]
2026-01-14 18:01:03.591 +05:00 [INF] HTTP GET /api/promotions/actions responded 200 in 150.3839 ms
2026-01-14 18:01:03.604 +05:00 [INF] JWT validated for haseeb
2026-01-14 18:01:03.631 +05:00 [INF] Forwarding request GET /api/promotions/actions to https://localhost:7043/api/promotions/actions
2026-01-14 18:01:03.700 +05:00 [INF] Received response 200 from https://localhost:7043/api/promotions/actions
2026-01-14 18:01:03.709 +05:00 [INF] HTTP GET /api/promotions/actions responded 200 in 107.2938 ms | User: haseeb (N/A) | IP: ::1 | RequestBody:  | ResponseBody: [{"idAction":0,"name":"new promo","codDiv":"DIV01","dteStartSellIn":"2026-01-15T00:00:00","dteEndSellIn":"2026-01-17T00:00:00","dteStartSellOut":"2026-01-15T00:00:00","dteEndSellOut":"2026-01-17T00:00:00","documentKey":null,"dteToShost":null,"levParticipants":1},{"idAction":1111,"name":"Atomic Campaign 1111","codDiv":"DIV-1111","dteStartSellIn":"2026-01-01T00:00:00","dteEndSellIn":"2026-01-31T00:00:00","dteStartSellOut":"2026-02-01T00:00:00","dteEndSellOut":"2026-02-28T00:00:00","documentKey":"DOC-1111","dteToShost":null,"levParticipants":1},{"idAction":2222,"name":"haseeb","codDiv":"DIV02","dteStartSellIn":"2026-01-28T00:00:00","dteEndSellIn":"2026-01-30T00:00:00","dteStartSellOut":"2026-01-28T00:00:00","dteEndSellOut":"2026-01-30T00:00:00","documentKey":null,"dteToShost":null,"levParticipants":2},{"idAction":5555,"name":"I will Rollback 5556","codDiv":"DIV-5555","dteStartSellIn":"2026-01-01T00:00:00","dteEndSellIn":"2026-01-31T00:00:00","dteStartSellOut":"2026-02-01T00:00:00","dteEndSellOut":"2026-02-28T00:00:00","documentKey":"DOC-5556","dteToShost":null,"levParticipants":1},{"idAction":6000,"name":"Zero Redundancy Campaign 6000","codDiv":"DIV-6000","dteStartSellIn":"2026-01-01T00:00:00","dteEndSellIn":"2026-01-31T00:00:00","dteStartSellOut":"2026-02-01T00:00:00","dteEndSellOut":"2026-02-28T00:00:00","documentKey":"DOC-6000","dteToShost":"2026-01-05T00:00:00","levParticipants":1},{"idAction":7000,"name":"Atomic Campaign 7000","codDiv":"DIV-7000","dteStartSellIn":"2026-01-01T00:00:00","dteEndSellIn":"2026-01-31T00:00:00","dteStartSellOut":"2026-02-01T00:00:00","dteEndSellOut":"2026-02-28T00:00:00","documentKey":"DOC-7000","dteToShost":null,"levParticipants":1},{"idAction":7777,"name":"Atomic Success Campaign 7777","codDiv":"DIV-7777","dteStartSellIn":"2026-01-01T00:00:00","dteEndSellIn":"2026-01-31T00:00:00","dteStartSellOut":"2026-02-01T00:00:00","dteEndSellOut":"2026-02-28T00:00:00","documentKey":"DOC-7777","dteToShost":null,"levParticipants":1},{"idAction":8888,"name":"Atomic Campaign 8888 Complete","codDiv":"DIV-8888","dteStartSellIn":"2026-01-01T00:00:00","dteEndSellIn":"2026-01-31T00:00:00","dteStartSellOut":"2026-02-01T00:00:00","dteEndSellOut":"2026-02-28T00:00:00","documentKey":"DOC-8888","dteToShost":null,"levParticipants":1},{"idAction":9000,"name":"Balanced Atomic Campaign 9000","codDiv":"DIV-9000","dteStartSellIn":"2026-01-01T00:00:00","dteEndSellIn":"2026-01-31T00:00:00","dteStartSellOut":"2026-02-01T00:00:00","dteEndSellOut":"2026-02-28T00:00:00","documentKey":"DOC-9000","dteToShost":null,"levParticipants":1},{"idAction":9999,"name":"I should not exist in DB","codDiv":"DIV-9999","dteStartSellIn":"2026-01-01T00:00:00","dteEndSellIn":"2026-01-31T00:00:00","dteStartSellOut":"2026-02-01T00:00:00","dteEndSellOut":"2026-02-28T00:00:00","documentKey":"DOC-9999","dteToShost":null,"levParticipants":1}]
2026-01-14 18:01:03.724 +05:00 [INF] HTTP GET /api/promotions/actions responded 200 in 122.6295 ms
2026-01-14 18:55:33.206 +05:00 [INF] HTTP GET /swagger/index.html responded 404 in 725.0984 ms | User: Anonymous (N/A) | IP: ::1 | RequestBody:  | ResponseBody: 
2026-01-14 18:55:33.735 +05:00 [INF] HTTP GET /swagger/index.html responded 404 in 1264.7004 ms
2026-01-14 19:07:24.965 +05:00 [INF] Forwarding request POST /api/auth/register to https://localhost:7222/api/auth/register
2026-01-14 19:07:30.812 +05:00 [INF] Received response 200 from https://localhost:7222/api/auth/register
2026-01-14 19:07:30.832 +05:00 [INF] HTTP POST /api/auth/register responded 200 in 6109.6958 ms | User: Anonymous (N/A) | IP: ::1 | RequestBody: {"userName":"ddd","email":"ddd@gmail.com","password":"ddd123"} | ResponseBody: {"message":"User registered successfully"}
2026-01-14 19:07:30.845 +05:00 [INF] HTTP POST /api/auth/register responded 200 in 6122.3669 ms
2026-01-14 19:08:15.226 +05:00 [INF] Forwarding request POST /api/auth/login to https://localhost:7222/api/auth/login
2026-01-14 19:08:16.545 +05:00 [INF] Received response 200 from https://localhost:7222/api/auth/login
2026-01-14 19:08:16.550 +05:00 [INF] HTTP POST /api/auth/login responded 200 in 1338.6281 ms | User: Anonymous (N/A) | IP: ::1 | RequestBody: {"Email":"ddd@gmail.com","Password":"ddd123"} | ResponseBody: {"accessToken":"eyJhbGciOiJIUzI1NiIsInR5cCI6IkpXVCJ9.eyJzdWIiOiIxNyIsImVtYWlsIjoiZGRkQGdtYWlsLmNvbSIsInVuaXF1ZV9uYW1lIjoiZGRkIiwiZXhwIjoxNzY4NDA2ODk2LCJpc3MiOiJNeUNvbXBhbnkiLCJhdWQiOiJNeUNvbXBhbnlVc2VycyJ9.V-jn2kc2JiUpZwVYxxgWV9HqSdjO2wH4ZL_7ZP48Q1o","refreshToken":"965b1674-5be7-43f2-96eb-6df85405286b"}
2026-01-14 19:08:16.558 +05:00 [INF] HTTP POST /api/auth/login responded 200 in 1347.1892 ms
2026-01-14 19:08:16.819 +05:00 [INF] JWT validated for ddd
2026-01-14 19:08:16.827 +05:00 [INF] Forwarding request GET /api/promotions/dashboard/metrics to https://localhost:7043/api/promotions/dashboard/metrics
2026-01-14 19:08:22.505 +05:00 [INF] Received response 200 from https://localhost:7043/api/promotions/dashboard/metrics
2026-01-14 19:08:22.516 +05:00 [INF] HTTP GET /api/promotions/dashboard/metrics responded 200 in 5862.8758 ms | User: ddd (N/A) | IP: ::1 | RequestBody:  | ResponseBody: {"totalPromotions":10,"totalProducts":8,"totalParticipants":8,"activeActions":10,"estimatedRevenue":0}
2026-01-14 19:08:22.543 +05:00 [INF] HTTP GET /api/promotions/dashboard/metrics responded 200 in 5889.7363 ms
2026-01-14 19:08:22.608 +05:00 [INF] JWT validated for ddd
2026-01-14 19:08:22.619 +05:00 [INF] Forwarding request GET /api/promotions/dashboard/metrics to https://localhost:7043/api/promotions/dashboard/metrics
2026-01-14 19:08:22.700 +05:00 [INF] Received response 200 from https://localhost:7043/api/promotions/dashboard/metrics
2026-01-14 19:08:22.705 +05:00 [INF] HTTP GET /api/promotions/dashboard/metrics responded 200 in 151.4771 ms | User: ddd (N/A) | IP: ::1 | RequestBody:  | ResponseBody: {"totalPromotions":10,"totalProducts":8,"totalParticipants":8,"activeActions":10,"estimatedRevenue":0}
2026-01-14 19:08:22.714 +05:00 [INF] HTTP GET /api/promotions/dashboard/metrics responded 200 in 160.6814 ms
2026-01-14 19:09:03.867 +05:00 [INF] JWT validated for ddd
2026-01-14 19:09:03.870 +05:00 [INF] Forwarding request GET /api/promotions/actions to https://localhost:7043/api/promotions/actions
2026-01-14 19:09:04.177 +05:00 [INF] Received response 200 from https://localhost:7043/api/promotions/actions
2026-01-14 19:09:04.184 +05:00 [INF] HTTP GET /api/promotions/actions responded 200 in 319.0846 ms | User: ddd (N/A) | IP: ::1 | RequestBody:  | ResponseBody: [{"idAction":0,"name":"new promo","codDiv":"DIV01","dteStartSellIn":"2026-01-15T00:00:00","dteEndSellIn":"2026-01-17T00:00:00","dteStartSellOut":"2026-01-15T00:00:00","dteEndSellOut":"2026-01-17T00:00:00","documentKey":null,"dteToShost":null,"levParticipants":1},{"idAction":1111,"name":"Atomic Campaign 1111","codDiv":"DIV-1111","dteStartSellIn":"2026-01-01T00:00:00","dteEndSellIn":"2026-01-31T00:00:00","dteStartSellOut":"2026-02-01T00:00:00","dteEndSellOut":"2026-02-28T00:00:00","documentKey":"DOC-1111","dteToShost":null,"levParticipants":1},{"idAction":2222,"name":"haseeb","codDiv":"DIV02","dteStartSellIn":"2026-01-28T00:00:00","dteEndSellIn":"2026-01-30T00:00:00","dteStartSellOut":"2026-01-28T00:00:00","dteEndSellOut":"2026-01-30T00:00:00","documentKey":null,"dteToShost":null,"levParticipants":2},{"idAction":5555,"name":"I will Rollback 5556","codDiv":"DIV-5555","dteStartSellIn":"2026-01-01T00:00:00","dteEndSellIn":"2026-01-31T00:00:00","dteStartSellOut":"2026-02-01T00:00:00","dteEndSellOut":"2026-02-28T00:00:00","documentKey":"DOC-5556","dteToShost":null,"levParticipants":1},{"idAction":6000,"name":"Zero Redundancy Campaign 6000","codDiv":"DIV-6000","dteStartSellIn":"2026-01-01T00:00:00","dteEndSellIn":"2026-01-31T00:00:00","dteStartSellOut":"2026-02-01T00:00:00","dteEndSellOut":"2026-02-28T00:00:00","documentKey":"DOC-6000","dteToShost":"2026-01-05T00:00:00","levParticipants":1},{"idAction":7000,"name":"Atomic Campaign 7000","codDiv":"DIV-7000","dteStartSellIn":"2026-01-01T00:00:00","dteEndSellIn":"2026-01-31T00:00:00","dteStartSellOut":"2026-02-01T00:00:00","dteEndSellOut":"2026-02-28T00:00:00","documentKey":"DOC-7000","dteToShost":null,"levParticipants":1},{"idAction":7777,"name":"Atomic Success Campaign 7777","codDiv":"DIV-7777","dteStartSellIn":"2026-01-01T00:00:00","dteEndSellIn":"2026-01-31T00:00:00","dteStartSellOut":"2026-02-01T00:00:00","dteEndSellOut":"2026-02-28T00:00:00","documentKey":"DOC-7777","dteToShost":null,"levParticipants":1},{"idAction":8888,"name":"Atomic Campaign 8888 Complete","codDiv":"DIV-8888","dteStartSellIn":"2026-01-01T00:00:00","dteEndSellIn":"2026-01-31T00:00:00","dteStartSellOut":"2026-02-01T00:00:00","dteEndSellOut":"2026-02-28T00:00:00","documentKey":"DOC-8888","dteToShost":null,"levParticipants":1},{"idAction":9000,"name":"Balanced Atomic Campaign 9000","codDiv":"DIV-9000","dteStartSellIn":"2026-01-01T00:00:00","dteEndSellIn":"2026-01-31T00:00:00","dteStartSellOut":"2026-02-01T00:00:00","dteEndSellOut":"2026-02-28T00:00:00","documentKey":"DOC-9000","dteToShost":null,"levParticipants":1},{"idAction":9999,"name":"I should not exist in DB","codDiv":"DIV-9999","dteStartSellIn":"2026-01-01T00:00:00","dteEndSellIn":"2026-01-31T00:00:00","dteStartSellOut":"2026-02-01T00:00:00","dteEndSellOut":"2026-02-28T00:00:00","documentKey":"DOC-9999","dteToShost":null,"levParticipants":1}]
2026-01-14 19:09:04.191 +05:00 [INF] HTTP GET /api/promotions/actions responded 200 in 326.4851 ms
2026-01-14 19:09:04.207 +05:00 [INF] JWT validated for ddd
2026-01-14 19:09:04.210 +05:00 [INF] Forwarding request GET /api/promotions/actions to https://localhost:7043/api/promotions/actions
2026-01-14 19:09:04.227 +05:00 [INF] Received response 200 from https://localhost:7043/api/promotions/actions
2026-01-14 19:09:04.231 +05:00 [INF] HTTP GET /api/promotions/actions responded 200 in 26.8015 ms | User: ddd (N/A) | IP: ::1 | RequestBody:  | ResponseBody: [{"idAction":0,"name":"new promo","codDiv":"DIV01","dteStartSellIn":"2026-01-15T00:00:00","dteEndSellIn":"2026-01-17T00:00:00","dteStartSellOut":"2026-01-15T00:00:00","dteEndSellOut":"2026-01-17T00:00:00","documentKey":null,"dteToShost":null,"levParticipants":1},{"idAction":1111,"name":"Atomic Campaign 1111","codDiv":"DIV-1111","dteStartSellIn":"2026-01-01T00:00:00","dteEndSellIn":"2026-01-31T00:00:00","dteStartSellOut":"2026-02-01T00:00:00","dteEndSellOut":"2026-02-28T00:00:00","documentKey":"DOC-1111","dteToShost":null,"levParticipants":1},{"idAction":2222,"name":"haseeb","codDiv":"DIV02","dteStartSellIn":"2026-01-28T00:00:00","dteEndSellIn":"2026-01-30T00:00:00","dteStartSellOut":"2026-01-28T00:00:00","dteEndSellOut":"2026-01-30T00:00:00","documentKey":null,"dteToShost":null,"levParticipants":2},{"idAction":5555,"name":"I will Rollback 5556","codDiv":"DIV-5555","dteStartSellIn":"2026-01-01T00:00:00","dteEndSellIn":"2026-01-31T00:00:00","dteStartSellOut":"2026-02-01T00:00:00","dteEndSellOut":"2026-02-28T00:00:00","documentKey":"DOC-5556","dteToShost":null,"levParticipants":1},{"idAction":6000,"name":"Zero Redundancy Campaign 6000","codDiv":"DIV-6000","dteStartSellIn":"2026-01-01T00:00:00","dteEndSellIn":"2026-01-31T00:00:00","dteStartSellOut":"2026-02-01T00:00:00","dteEndSellOut":"2026-02-28T00:00:00","documentKey":"DOC-6000","dteToShost":"2026-01-05T00:00:00","levParticipants":1},{"idAction":7000,"name":"Atomic Campaign 7000","codDiv":"DIV-7000","dteStartSellIn":"2026-01-01T00:00:00","dteEndSellIn":"2026-01-31T00:00:00","dteStartSellOut":"2026-02-01T00:00:00","dteEndSellOut":"2026-02-28T00:00:00","documentKey":"DOC-7000","dteToShost":null,"levParticipants":1},{"idAction":7777,"name":"Atomic Success Campaign 7777","codDiv":"DIV-7777","dteStartSellIn":"2026-01-01T00:00:00","dteEndSellIn":"2026-01-31T00:00:00","dteStartSellOut":"2026-02-01T00:00:00","dteEndSellOut":"2026-02-28T00:00:00","documentKey":"DOC-7777","dteToShost":null,"levParticipants":1},{"idAction":8888,"name":"Atomic Campaign 8888 Complete","codDiv":"DIV-8888","dteStartSellIn":"2026-01-01T00:00:00","dteEndSellIn":"2026-01-31T00:00:00","dteStartSellOut":"2026-02-01T00:00:00","dteEndSellOut":"2026-02-28T00:00:00","documentKey":"DOC-8888","dteToShost":null,"levParticipants":1},{"idAction":9000,"name":"Balanced Atomic Campaign 9000","codDiv":"DIV-9000","dteStartSellIn":"2026-01-01T00:00:00","dteEndSellIn":"2026-01-31T00:00:00","dteStartSellOut":"2026-02-01T00:00:00","dteEndSellOut":"2026-02-28T00:00:00","documentKey":"DOC-9000","dteToShost":null,"levParticipants":1},{"idAction":9999,"name":"I should not exist in DB","codDiv":"DIV-9999","dteStartSellIn":"2026-01-01T00:00:00","dteEndSellIn":"2026-01-31T00:00:00","dteStartSellOut":"2026-02-01T00:00:00","dteEndSellOut":"2026-02-28T00:00:00","documentKey":"DOC-9999","dteToShost":null,"levParticipants":1}]
2026-01-14 19:09:04.247 +05:00 [INF] HTTP GET /api/promotions/actions responded 200 in 43.9220 ms
2026-01-14 19:14:20.519 +05:00 [INF] JWT validated for ddd
2026-01-14 19:14:20.541 +05:00 [INF] Forwarding request GET /api/promotions/actions to https://localhost:7043/api/promotions/actions
2026-01-14 19:14:20.944 +05:00 [INF] Received response 200 from https://localhost:7043/api/promotions/actions
2026-01-14 19:14:20.950 +05:00 [INF] HTTP GET /api/promotions/actions responded 200 in 446.9110 ms | User: ddd (N/A) | IP: ::1 | RequestBody:  | ResponseBody: [{"idAction":0,"name":"new promo","codDiv":"DIV01","dteStartSellIn":"2026-01-15T00:00:00","dteEndSellIn":"2026-01-17T00:00:00","dteStartSellOut":"2026-01-15T00:00:00","dteEndSellOut":"2026-01-17T00:00:00","documentKey":null,"dteToShost":null,"levParticipants":1},{"idAction":1111,"name":"Atomic Campaign 1111","codDiv":"DIV-1111","dteStartSellIn":"2026-01-01T00:00:00","dteEndSellIn":"2026-01-31T00:00:00","dteStartSellOut":"2026-02-01T00:00:00","dteEndSellOut":"2026-02-28T00:00:00","documentKey":"DOC-1111","dteToShost":null,"levParticipants":1},{"idAction":2222,"name":"haseeb","codDiv":"DIV02","dteStartSellIn":"2026-01-28T00:00:00","dteEndSellIn":"2026-01-30T00:00:00","dteStartSellOut":"2026-01-28T00:00:00","dteEndSellOut":"2026-01-30T00:00:00","documentKey":null,"dteToShost":null,"levParticipants":2},{"idAction":5555,"name":"I will Rollback 5556","codDiv":"DIV-5555","dteStartSellIn":"2026-01-01T00:00:00","dteEndSellIn":"2026-01-31T00:00:00","dteStartSellOut":"2026-02-01T00:00:00","dteEndSellOut":"2026-02-28T00:00:00","documentKey":"DOC-5556","dteToShost":null,"levParticipants":1},{"idAction":6000,"name":"Zero Redundancy Campaign 6000","codDiv":"DIV-6000","dteStartSellIn":"2026-01-01T00:00:00","dteEndSellIn":"2026-01-31T00:00:00","dteStartSellOut":"2026-02-01T00:00:00","dteEndSellOut":"2026-02-28T00:00:00","documentKey":"DOC-6000","dteToShost":"2026-01-05T00:00:00","levParticipants":1},{"idAction":7000,"name":"Atomic Campaign 7000","codDiv":"DIV-7000","dteStartSellIn":"2026-01-01T00:00:00","dteEndSellIn":"2026-01-31T00:00:00","dteStartSellOut":"2026-02-01T00:00:00","dteEndSellOut":"2026-02-28T00:00:00","documentKey":"DOC-7000","dteToShost":null,"levParticipants":1},{"idAction":7777,"name":"Atomic Success Campaign 7777","codDiv":"DIV-7777","dteStartSellIn":"2026-01-01T00:00:00","dteEndSellIn":"2026-01-31T00:00:00","dteStartSellOut":"2026-02-01T00:00:00","dteEndSellOut":"2026-02-28T00:00:00","documentKey":"DOC-7777","dteToShost":null,"levParticipants":1},{"idAction":8888,"name":"Atomic Campaign 8888 Complete","codDiv":"DIV-8888","dteStartSellIn":"2026-01-01T00:00:00","dteEndSellIn":"2026-01-31T00:00:00","dteStartSellOut":"2026-02-01T00:00:00","dteEndSellOut":"2026-02-28T00:00:00","documentKey":"DOC-8888","dteToShost":null,"levParticipants":1},{"idAction":9000,"name":"Balanced Atomic Campaign 9000","codDiv":"DIV-9000","dteStartSellIn":"2026-01-01T00:00:00","dteEndSellIn":"2026-01-31T00:00:00","dteStartSellOut":"2026-02-01T00:00:00","dteEndSellOut":"2026-02-28T00:00:00","documentKey":"DOC-9000","dteToShost":null,"levParticipants":1},{"idAction":9999,"name":"I should not exist in DB","codDiv":"DIV-9999","dteStartSellIn":"2026-01-01T00:00:00","dteEndSellIn":"2026-01-31T00:00:00","dteStartSellOut":"2026-02-01T00:00:00","dteEndSellOut":"2026-02-28T00:00:00","documentKey":"DOC-9999","dteToShost":null,"levParticipants":1}]
2026-01-14 19:14:20.956 +05:00 [INF] HTTP GET /api/promotions/actions responded 200 in 453.8080 ms
2026-01-14 19:14:20.958 +05:00 [INF] JWT validated for ddd
2026-01-14 19:14:20.962 +05:00 [INF] Forwarding request GET /api/promotions/actions to https://localhost:7043/api/promotions/actions
2026-01-14 19:14:20.984 +05:00 [INF] Received response 200 from https://localhost:7043/api/promotions/actions
2026-01-14 19:14:20.988 +05:00 [INF] HTTP GET /api/promotions/actions responded 200 in 30.2594 ms | User: ddd (N/A) | IP: ::1 | RequestBody:  | ResponseBody: [{"idAction":0,"name":"new promo","codDiv":"DIV01","dteStartSellIn":"2026-01-15T00:00:00","dteEndSellIn":"2026-01-17T00:00:00","dteStartSellOut":"2026-01-15T00:00:00","dteEndSellOut":"2026-01-17T00:00:00","documentKey":null,"dteToShost":null,"levParticipants":1},{"idAction":1111,"name":"Atomic Campaign 1111","codDiv":"DIV-1111","dteStartSellIn":"2026-01-01T00:00:00","dteEndSellIn":"2026-01-31T00:00:00","dteStartSellOut":"2026-02-01T00:00:00","dteEndSellOut":"2026-02-28T00:00:00","documentKey":"DOC-1111","dteToShost":null,"levParticipants":1},{"idAction":2222,"name":"haseeb","codDiv":"DIV02","dteStartSellIn":"2026-01-28T00:00:00","dteEndSellIn":"2026-01-30T00:00:00","dteStartSellOut":"2026-01-28T00:00:00","dteEndSellOut":"2026-01-30T00:00:00","documentKey":null,"dteToShost":null,"levParticipants":2},{"idAction":5555,"name":"I will Rollback 5556","codDiv":"DIV-5555","dteStartSellIn":"2026-01-01T00:00:00","dteEndSellIn":"2026-01-31T00:00:00","dteStartSellOut":"2026-02-01T00:00:00","dteEndSellOut":"2026-02-28T00:00:00","documentKey":"DOC-5556","dteToShost":null,"levParticipants":1},{"idAction":6000,"name":"Zero Redundancy Campaign 6000","codDiv":"DIV-6000","dteStartSellIn":"2026-01-01T00:00:00","dteEndSellIn":"2026-01-31T00:00:00","dteStartSellOut":"2026-02-01T00:00:00","dteEndSellOut":"2026-02-28T00:00:00","documentKey":"DOC-6000","dteToShost":"2026-01-05T00:00:00","levParticipants":1},{"idAction":7000,"name":"Atomic Campaign 7000","codDiv":"DIV-7000","dteStartSellIn":"2026-01-01T00:00:00","dteEndSellIn":"2026-01-31T00:00:00","dteStartSellOut":"2026-02-01T00:00:00","dteEndSellOut":"2026-02-28T00:00:00","documentKey":"DOC-7000","dteToShost":null,"levParticipants":1},{"idAction":7777,"name":"Atomic Success Campaign 7777","codDiv":"DIV-7777","dteStartSellIn":"2026-01-01T00:00:00","dteEndSellIn":"2026-01-31T00:00:00","dteStartSellOut":"2026-02-01T00:00:00","dteEndSellOut":"2026-02-28T00:00:00","documentKey":"DOC-7777","dteToShost":null,"levParticipants":1},{"idAction":8888,"name":"Atomic Campaign 8888 Complete","codDiv":"DIV-8888","dteStartSellIn":"2026-01-01T00:00:00","dteEndSellIn":"2026-01-31T00:00:00","dteStartSellOut":"2026-02-01T00:00:00","dteEndSellOut":"2026-02-28T00:00:00","documentKey":"DOC-8888","dteToShost":null,"levParticipants":1},{"idAction":9000,"name":"Balanced Atomic Campaign 9000","codDiv":"DIV-9000","dteStartSellIn":"2026-01-01T00:00:00","dteEndSellIn":"2026-01-31T00:00:00","dteStartSellOut":"2026-02-01T00:00:00","dteEndSellOut":"2026-02-28T00:00:00","documentKey":"DOC-9000","dteToShost":null,"levParticipants":1},{"idAction":9999,"name":"I should not exist in DB","codDiv":"DIV-9999","dteStartSellIn":"2026-01-01T00:00:00","dteEndSellIn":"2026-01-31T00:00:00","dteStartSellOut":"2026-02-01T00:00:00","dteEndSellOut":"2026-02-28T00:00:00","documentKey":"DOC-9999","dteToShost":null,"levParticipants":1}]
2026-01-14 19:14:20.994 +05:00 [INF] HTTP GET /api/promotions/actions responded 200 in 36.6397 ms
2026-01-14 19:14:51.847 +05:00 [INF] JWT validated for ddd
2026-01-14 19:14:51.872 +05:00 [INF] Forwarding request GET /api/promotions/actions to https://localhost:7043/api/promotions/actions
2026-01-14 19:14:51.917 +05:00 [INF] Received response 200 from https://localhost:7043/api/promotions/actions
2026-01-14 19:14:51.934 +05:00 [INF] HTTP GET /api/promotions/actions responded 200 in 92.8430 ms | User: ddd (N/A) | IP: ::1 | RequestBody:  | ResponseBody: [{"idAction":0,"name":"new promo","codDiv":"DIV01","dteStartSellIn":"2026-01-15T00:00:00","dteEndSellIn":"2026-01-17T00:00:00","dteStartSellOut":"2026-01-15T00:00:00","dteEndSellOut":"2026-01-17T00:00:00","documentKey":null,"dteToShost":null,"levParticipants":1},{"idAction":1111,"name":"Atomic Campaign 1111","codDiv":"DIV-1111","dteStartSellIn":"2026-01-01T00:00:00","dteEndSellIn":"2026-01-31T00:00:00","dteStartSellOut":"2026-02-01T00:00:00","dteEndSellOut":"2026-02-28T00:00:00","documentKey":"DOC-1111","dteToShost":null,"levParticipants":1},{"idAction":2222,"name":"haseeb","codDiv":"DIV02","dteStartSellIn":"2026-01-28T00:00:00","dteEndSellIn":"2026-01-30T00:00:00","dteStartSellOut":"2026-01-28T00:00:00","dteEndSellOut":"2026-01-30T00:00:00","documentKey":null,"dteToShost":null,"levParticipants":2},{"idAction":5555,"name":"I will Rollback 5556","codDiv":"DIV-5555","dteStartSellIn":"2026-01-01T00:00:00","dteEndSellIn":"2026-01-31T00:00:00","dteStartSellOut":"2026-02-01T00:00:00","dteEndSellOut":"2026-02-28T00:00:00","documentKey":"DOC-5556","dteToShost":null,"levParticipants":1},{"idAction":6000,"name":"Zero Redundancy Campaign 6000","codDiv":"DIV-6000","dteStartSellIn":"2026-01-01T00:00:00","dteEndSellIn":"2026-01-31T00:00:00","dteStartSellOut":"2026-02-01T00:00:00","dteEndSellOut":"2026-02-28T00:00:00","documentKey":"DOC-6000","dteToShost":"2026-01-05T00:00:00","levParticipants":1},{"idAction":7000,"name":"Atomic Campaign 7000","codDiv":"DIV-7000","dteStartSellIn":"2026-01-01T00:00:00","dteEndSellIn":"2026-01-31T00:00:00","dteStartSellOut":"2026-02-01T00:00:00","dteEndSellOut":"2026-02-28T00:00:00","documentKey":"DOC-7000","dteToShost":null,"levParticipants":1},{"idAction":7777,"name":"Atomic Success Campaign 7777","codDiv":"DIV-7777","dteStartSellIn":"2026-01-01T00:00:00","dteEndSellIn":"2026-01-31T00:00:00","dteStartSellOut":"2026-02-01T00:00:00","dteEndSellOut":"2026-02-28T00:00:00","documentKey":"DOC-7777","dteToShost":null,"levParticipants":1},{"idAction":8888,"name":"Atomic Campaign 8888 Complete","codDiv":"DIV-8888","dteStartSellIn":"2026-01-01T00:00:00","dteEndSellIn":"2026-01-31T00:00:00","dteStartSellOut":"2026-02-01T00:00:00","dteEndSellOut":"2026-02-28T00:00:00","documentKey":"DOC-8888","dteToShost":null,"levParticipants":1},{"idAction":9000,"name":"Balanced Atomic Campaign 9000","codDiv":"DIV-9000","dteStartSellIn":"2026-01-01T00:00:00","dteEndSellIn":"2026-01-31T00:00:00","dteStartSellOut":"2026-02-01T00:00:00","dteEndSellOut":"2026-02-28T00:00:00","documentKey":"DOC-9000","dteToShost":null,"levParticipants":1},{"idAction":9999,"name":"I should not exist in DB","codDiv":"DIV-9999","dteStartSellIn":"2026-01-01T00:00:00","dteEndSellIn":"2026-01-31T00:00:00","dteStartSellOut":"2026-02-01T00:00:00","dteEndSellOut":"2026-02-28T00:00:00","documentKey":"DOC-9999","dteToShost":null,"levParticipants":1}]
2026-01-14 19:14:51.946 +05:00 [INF] HTTP GET /api/promotions/actions responded 200 in 105.3220 ms
2026-01-14 19:14:51.959 +05:00 [INF] JWT validated for ddd
2026-01-14 19:14:51.963 +05:00 [INF] Forwarding request GET /api/promotions/actions to https://localhost:7043/api/promotions/actions
2026-01-14 19:14:52.043 +05:00 [INF] Received response 200 from https://localhost:7043/api/promotions/actions
2026-01-14 19:14:52.049 +05:00 [INF] HTTP GET /api/promotions/actions responded 200 in 91.3726 ms | User: ddd (N/A) | IP: ::1 | RequestBody:  | ResponseBody: [{"idAction":0,"name":"new promo","codDiv":"DIV01","dteStartSellIn":"2026-01-15T00:00:00","dteEndSellIn":"2026-01-17T00:00:00","dteStartSellOut":"2026-01-15T00:00:00","dteEndSellOut":"2026-01-17T00:00:00","documentKey":null,"dteToShost":null,"levParticipants":1},{"idAction":1111,"name":"Atomic Campaign 1111","codDiv":"DIV-1111","dteStartSellIn":"2026-01-01T00:00:00","dteEndSellIn":"2026-01-31T00:00:00","dteStartSellOut":"2026-02-01T00:00:00","dteEndSellOut":"2026-02-28T00:00:00","documentKey":"DOC-1111","dteToShost":null,"levParticipants":1},{"idAction":2222,"name":"haseeb","codDiv":"DIV02","dteStartSellIn":"2026-01-28T00:00:00","dteEndSellIn":"2026-01-30T00:00:00","dteStartSellOut":"2026-01-28T00:00:00","dteEndSellOut":"2026-01-30T00:00:00","documentKey":null,"dteToShost":null,"levParticipants":2},{"idAction":5555,"name":"I will Rollback 5556","codDiv":"DIV-5555","dteStartSellIn":"2026-01-01T00:00:00","dteEndSellIn":"2026-01-31T00:00:00","dteStartSellOut":"2026-02-01T00:00:00","dteEndSellOut":"2026-02-28T00:00:00","documentKey":"DOC-5556","dteToShost":null,"levParticipants":1},{"idAction":6000,"name":"Zero Redundancy Campaign 6000","codDiv":"DIV-6000","dteStartSellIn":"2026-01-01T00:00:00","dteEndSellIn":"2026-01-31T00:00:00","dteStartSellOut":"2026-02-01T00:00:00","dteEndSellOut":"2026-02-28T00:00:00","documentKey":"DOC-6000","dteToShost":"2026-01-05T00:00:00","levParticipants":1},{"idAction":7000,"name":"Atomic Campaign 7000","codDiv":"DIV-7000","dteStartSellIn":"2026-01-01T00:00:00","dteEndSellIn":"2026-01-31T00:00:00","dteStartSellOut":"2026-02-01T00:00:00","dteEndSellOut":"2026-02-28T00:00:00","documentKey":"DOC-7000","dteToShost":null,"levParticipants":1},{"idAction":7777,"name":"Atomic Success Campaign 7777","codDiv":"DIV-7777","dteStartSellIn":"2026-01-01T00:00:00","dteEndSellIn":"2026-01-31T00:00:00","dteStartSellOut":"2026-02-01T00:00:00","dteEndSellOut":"2026-02-28T00:00:00","documentKey":"DOC-7777","dteToShost":null,"levParticipants":1},{"idAction":8888,"name":"Atomic Campaign 8888 Complete","codDiv":"DIV-8888","dteStartSellIn":"2026-01-01T00:00:00","dteEndSellIn":"2026-01-31T00:00:00","dteStartSellOut":"2026-02-01T00:00:00","dteEndSellOut":"2026-02-28T00:00:00","documentKey":"DOC-8888","dteToShost":null,"levParticipants":1},{"idAction":9000,"name":"Balanced Atomic Campaign 9000","codDiv":"DIV-9000","dteStartSellIn":"2026-01-01T00:00:00","dteEndSellIn":"2026-01-31T00:00:00","dteStartSellOut":"2026-02-01T00:00:00","dteEndSellOut":"2026-02-28T00:00:00","documentKey":"DOC-9000","dteToShost":null,"levParticipants":1},{"idAction":9999,"name":"I should not exist in DB","codDiv":"DIV-9999","dteStartSellIn":"2026-01-01T00:00:00","dteEndSellIn":"2026-01-31T00:00:00","dteStartSellOut":"2026-02-01T00:00:00","dteEndSellOut":"2026-02-28T00:00:00","documentKey":"DOC-9999","dteToShost":null,"levParticipants":1}]
2026-01-14 19:14:52.056 +05:00 [INF] HTTP GET /api/promotions/actions responded 200 in 99.2695 ms
