2026-03-09 11:39:17.233 +05:00 [INF] [STARTUP] SsoConnection env var: NOT SET - using appsettings
2026-03-09 11:39:32.468 +05:00 [INF] Applying Promotions database migrations...
2026-03-09 11:39:42.108 +05:00 [INF] Promotions database migrated successfully.
2026-03-09 11:39:42.848 +05:00 [INF]  Promotion API started successfully
2026-03-09 11:39:43.092 +05:00 [INF]  Health Monitoring Service started
2026-03-09 11:39:48.034 +05:00 [INF] HTTP GET /swagger/index.html responded 200 in 314.2132 ms | User: Anonymous (N/A) | IP: ::1 | RequestBody:  | ResponseBody: <!-- HTML for static distribution bundle build -->
<!DOCTYPE html>
<html lang="en">
<head>
    <meta charset="UTF-8">
    <title>Swagger UI</title>
    <link rel="stylesheet" type="text/css" href="./swagger-ui.css">
    <link rel="icon" type="image/png" href="./favicon-32x32.png" sizes="32x32" />
    <link rel="icon" type="image/png" href="./favicon-16x16.png" sizes="16x16" />
    <style>

        html {
            box-sizing: border-box;
            overflow: -moz-scrollbars-vertical;
            overflow-y: scroll;
        }

        *,
        *:before,
        *:after {
            box-sizing: inherit;
        }

        body {
            margin: 0;
            background: #fafafa;
        }
    </style>
    
</head>

<body>
    <div id="swagger-ui"></div>

    <!-- Workaround for https://github.com/swagger-api/swagger-editor/issues/1371 -->
    <script>
        if (window.navigator.userAgent.indexOf("Edge") > -1) {
            console.log("Removing native Edge fetch in favor of swagger-ui's polyfill")
            window.fetch = undefined;
        }
    </script>

    <script src="./swagger-ui-bundle.js"></script>
    <script src="./swagger-ui-standalone-preset.js"></script>
    <script>
        /* Source: https://gist.github.com/lamberta/3768814
         * Parse a string function definition and return a function object. Does not use eval.
         * @param {string} str
         * @return {function}
         *
         * Example:
         *  var f = function (x, y) { return x * y; };
         *  var g = parseFunction(f.toString());
         *  g(33, 3); //=> 99
         */
        function parseFunction(str) {
            if (!str) return void (0);

            var fn_body_idx = str.indexOf('{'),
                fn_body = str.substring(fn_body_idx + 1, str.lastIndexOf('}')),
                fn_declare = str.substring(0, fn_body_idx),
                fn_params = fn_declare.substring(fn_declare.indexOf('(') + 1, fn_declare.lastIndexOf(')')),
                args = fn_params.split(',');

            args.push(fn_body);

            function Fn() {
                return Function.apply(this, args);
            }
            Fn.prototype = Function.prototype;

            return new Fn();
        }

        window.onload = function () {
            var configObject = JSON.parse('{"urls":[{"url":"v1/swagger.json","name":"Promotions.Api v1"}],"deepLinking":false,"persistAuthorization":false,"displayOperationId":false,"defaultModelsExpandDepth":1,"defaultModelExpandDepth":1,"defaultModelRendering":"example","displayRequestDuration":false,"docExpansion":"list","showExtensions":false,"showCommonExtensions":false,"supportedSubmitMethods":["get","put","post","delete","options","head","patch","trace"],"tryItOutEnabled":false}');
            var oauthConfigObject = JSON.parse('{"scopeSeparator":" ","scopes":[],"useBasicAuthenticationWithAccessCodeGrant":false,"usePkceWithAuthorizationCodeGrant":false}');

            // Workaround for https://github.com/swagger-api/swagger-ui/issues/5945
            configObject.urls.forEach(function (item) {
                if (item.url.startsWith("http") || item.url.startsWith("/")) return;
                item.url = window.location.href.replace("index.html", item.url).split('#')[0];
            });

            // If validatorUrl is not explicitly provided, disable the feature by setting to null
            if (!configObject.hasOwnProperty("validatorUrl"))
                configObject.validatorUrl = null

            // If oauth2RedirectUrl isn't specified, use the built-in default
            if (!configObject.hasOwnProperty("oauth2RedirectUrl"))
                configObject.oauth2RedirectUrl = (new URL("oauth2-redirect.html", window.location.href)).href;

            // Apply mandatory parameters
            configObject.dom_id = "#swagger-ui";
            configObject.presets = [SwaggerUIBundle.presets.apis, SwaggerUIStandalonePreset];
            configObject.layout = "StandaloneLayout";

            // Parse and add interceptor functions
            var interceptors = JSON.parse('{}');
            if (interceptors.RequestInterceptorFunction)
                configObject.requestInterceptor = parseFunction(interceptors.RequestInterceptorFunction);
            if (interceptors.ResponseInterceptorFunction)
                configObject.responseInterceptor = parseFunction(interceptors.ResponseInterceptorFunction);

            // Begin Swagger UI call region

            const ui = SwaggerUIBundle(configObject);

            ui.initOAuth(oauthConfigObject);

            // End Swagger UI call region

            window.ui = ui
        }
    </script>
</body>
</html>

2026-03-09 11:39:48.241 +05:00 [INF] HTTP GET /swagger/index.html responded 200 in 543.5650 ms
2026-03-09 11:39:49.305 +05:00 [INF] HTTP GET /swagger/v1/swagger.json responded 200 in 159.2686 ms | User: Anonymous (N/A) | IP: ::1 | RequestBody:  | ResponseBody: {
  "openapi": "3.0.1",
  "info": {
    "title": "Promotions.Api",
    "version": "1.0"
  },
  "paths": {
    "/api/promotions/customer-relations": {
      "post": {
        "tags": [
          "CustomerRelations"
        ],
        "requestBody": {
          "content": {
            "application/json": {
              "schema": {
                "$ref": "#/components/schemas/CreateCustomerRelationDto"
              }
            },
            "text/json": {
              "schema": {
                "$ref": "#/components/schemas/CreateCustomerRelationDto"
              }
            },
            "application/*+json": {
              "schema": {
                "$ref": "#/components/schemas/CreateCustomerRelationDto"
              }
            }
          }
        },
        "responses": {
          "200": {
            "description": "OK"
          }
        }
      },
      "get": {
        "tags": [
          "CustomerRelations"
        ],
        "parameters": [
          {
            "name": "idAction",
            "in": "query",
            "schema": {
              "type": "integer",
              "format": "int32"
            }
          }
        ],
        "responses": {
          "200": {
            "description": "OK"
          }
        }
      },
      "put": {
        "tags": [
          "CustomerRelations"
        ],
        "parameters": [
          {
            "name": "codHier",
            "in": "query",
            "schema": {
              "type": "string"
            }
          },
          {
            "name": "codDiv",
            "in": "query",
            "schema": {
              "type": "string"
            }
          },
          {
            "name": "codNode",
            "in": "query",
            "schema": {
              "type": "string"
            }
          },
          {
            "name": "idLevel",
            "in": "query",
            "schema": {
              "type": "integer",
              "format": "int32"
            }
          },
          {
            "name": "dteStart",
            "in": "query",
            "schema": {
              "type": "string",
              "format": "date-time"
            }
          }
        ],
        "requestBody": {
          "content": {
            "application/json": {
              "schema": {
                "$ref": "#/components/schemas/UpdateCustomerRelationDto"
              }
            },
            "text/json": {
              "schema": {
                "$ref": "#/components/schemas/UpdateCustomerRelationDto"
              }
            },
            "application/*+json": {
              "schema": {
                "$ref": "#/components/schemas/UpdateCustomerRelationDto"
              }
            }
          }
        },
        "responses": {
          "200": {
            "description": "OK"
          }
        }
      },
      "delete": {
        "tags": [
          "CustomerRelations"
        ],
        "parameters": [
          {
            "name": "codHier",
            "in": "query",
            "schema": {
              "type": "string"
            }
          },
          {
            "name": "codDiv",
            "in": "query",
            "schema": {
              "type": "string"
            }
          },
          {
            "name": "codNode",
            "in": "query",
            "schema": {
              "type": "string"
            }
          },
          {
            "name": "idLevel",
            "in": "query",
            "schema": {
              "type": "integer",
              "format": "int32"
            }
          },
          {
            "name": "dteStart",
            "in": "query",
            "schema": {
              "type": "string",
              "format": "date-time"
            }
          }
        ],
        "responses": {
          "200": {
            "description": "OK"
          }
        }
      }
    },
    "/api/promotions/customer-relations/{codHier}/{codDiv}/{codNode}/{idLevel}/{dteStart}": {
      "get": {
        "tags": [
          "CustomerRelations"
        ],
        "parameters": [
          {
            "name": "codHier",
            "in": "path",
            "required": true,
            "schema": {
              "type": "string"
            }
          },
          {
            "name": "codDiv",
            "in": "path",
            "required": true,
            "schema": {
              "type": "string"
            }
          },
          {
            "name": "codNode",
            "in": "path",
            "required": true,
            "schema": {
              "type": "string"
            }
          },
          {
            "name": "idLevel",
            "in": "path",
            "required": true,
            "schema": {
              "type": "integer",
              "format": "int32"
            }
          },
          {
            "name": "dteStart",
            "in": "path",
            "required": true,
            "schema": {
              "type": "string",
              "format": "date-time"
            }
          }
        ],
        "responses": {
          "200": {
            "description": "OK"
          }
        }
      }
    },
    "/api/promotions/dashboard/metrics": {
      "get": {
        "tags": [
          "Dashboard"
        ],
        "responses": {
          "200": {
            "description": "OK"
          }
        }
      }
    },
    "/api/Health": {
      "get": {
        "tags": [
          "Health"
        ],
        "responses": {
          "200": {
            "description": "OK"
          }
        }
      }
    },
    "/api/Health/detailed": {
      "get": {
        "tags": [
          "Health"
        ],
        "responses": {
          "200": {
            "description": "OK"
          }
        }
      }
    },
    "/api/Logging/level": {
      "get": {
        "tags": [
          "Logging"
        ],
        "responses": {
          "200": {
            "description": "OK"
          }
        }
      },
      "post": {
        "tags": [
          "Logging"
        ],
        "requestBody": {
          "content": {
            "application/json": {
              "schema": {
                "$ref": "#/components/schemas/SetLogLevelRequest"
              }
            },
            "text/json": {
              "schema": {
                "$ref": "#/components/schemas/SetLogLevelRequest"
              }
            },
            "application/*+json": {
              "schema": {
                "$ref": "#/components/schemas/SetLogLevelRequest"
              }
            }
          }
        },
        "responses": {
          "200": {
            "description": "OK"
          }
        }
      }
    },
    "/api/actions/{idAction}/participants": {
      "post": {
        "tags": [
          "Participants"
        ],
        "parameters": [
          {
            "name": "idAction",
            "in": "path",
            "required": true,
            "schema": {
              "type": "integer",
              "format": "int32"
            }
          }
        ],
        "requestBody": {
          "content": {
            "application/json": {
              "schema": {
                "$ref": "#/components/schemas/CreateParticipantDto"
              }
            },
            "text/json": {
              "schema": {
                "$ref": "#/components/schemas/CreateParticipantDto"
              }
            },
            "application/*+json": {
              "schema": {
                "$ref": "#/components/schemas/CreateParticipantDto"
              }
            }
          }
        },
        "responses": {
          "200": {
            "description": "OK"
          }
        }
      },
      "get": {
        "tags": [
          "Participants"
        ],
        "parameters": [
          {
            "name": "idAction",
            "in": "path",
            "required": true,
            "schema": {
              "type": "integer",
              "format": "int32"
            }
          }
        ],
        "responses": {
          "200": {
            "description": "OK"
          }
        }
      }
    },
    "/api/actions/{idAction}/participants/{codParticipant}": {
      "put": {
        "tags": [
          "Participants"
        ],
        "parameters": [
          {
            "name": "idAction",
            "in": "path",
            "required": true,
            "schema": {
              "type": "integer",
              "format": "int32"
            }
          },
          {
            "name": "codParticipant",
            "in": "path",
            "required": true,
            "schema": {
              "type": "string"
            }
          }
        ],
        "requestBody": {
          "content": {
            "application/json": {
              "schema": {
                "$ref": "#/components/schemas/UpdateParticipantDto"
              }
            },
            "text/json": {
              "schema": {
                "$ref": "#/components/schemas/UpdateParticipantDto"
              }
            },
            "application/*+json": {
              "schema": {
                "$ref": "#/components/schemas/UpdateParticipantDto"
              }
            }
          }
        },
        "responses": {
          "200": {
            "description": "OK"
          }
        }
      },
      "delete": {
        "tags": [
          "Participants"
        ],
        "parameters": [
          {
            "name": "idAction",
            "in": "path",
            "required": true,
            "schema": {
              "type": "integer",
              "format": "int32"
            }
          },
          {
            "name": "codParticipant",
            "in": "path",
            "required": true,
            "schema": {
              "type": "string"
            }
          }
        ],
        "responses": {
          "200": {
            "description": "OK"
          }
        }
      }
    },
    "/api/participants/all": {
      "get": {
        "tags": [
          "Participants"
        ],
        "responses": {
          "200": {
            "description": "OK"
          }
        }
      }
    },
    "/api/promotions/actions": {
      "post": {
        "tags": [
          "Promotion Actions"
        ],
        "requestBody": {
          "content": {
            "application/json": {
              "schema": {
                "$ref": "#/components/schemas/CreatePromoActionDto"
              }
            },
            "text/json": {
              "schema": {
                "$ref": "#/components/schemas/CreatePromoActionDto"
              }
            },
            "application/*+json": {
              "schema": {
                "$ref": "#/components/schemas/CreatePromoActionDto"
              }
            }
          }
        },
        "responses": {
          "200": {
            "description": "OK"
          }
        }
      },
      "get": {
        "tags": [
          "Promotion Actions"
        ],
        "responses": {
          "200": {
            "description": "OK"
          }
        }
      },
      "put": {
        "tags": [
          "Promotion Actions"
        ],
        "parameters": [
          {
            "name": "idAction",
            "in": "query",
            "schema": {
              "type": "integer",
              "format": "int32"
            }
          }
        ],
        "requestBody": {
          "content": {
            "application/json": {
              "schema": {
                "$ref": "#/components/schemas/UpdatePromoActionDto"
              }
            },
            "text/json": {
              "schema": {
                "$ref": "#/components/schemas/UpdatePromoActionDto"
              }
            },
            "application/*+json": {
              "schema": {
                "$ref": "#/components/schemas/UpdatePromoActionDto"
              }
            }
          }
        },
        "responses": {
          "200": {
            "description": "OK"
          }
        }
      },
      "delete": {
        "tags": [
          "Promotion Actions"
        ],
        "parameters": [
          {
            "name": "idAction",
            "in": "query",
            "schema": {
              "type": "integer",
              "format": "int32"
            }
          }
        ],
        "responses": {
          "200": {
            "description": "OK"
          }
        }
      }
    },
    "/api/promotions/actions/atomic": {
      "post": {
        "tags": [
          "Promotion Actions"
        ],
        "requestBody": {
          "content": {
            "application/json": {
              "schema": {
                "$ref": "#/components/schemas/AtomicCreatePromoActionDto"
              }
            },
            "text/json": {
              "schema": {
                "$ref": "#/components/schemas/AtomicCreatePromoActionDto"
              }
            },
            "application/*+json": {
              "schema": {
                "$ref": "#/components/schemas/AtomicCreatePromoActionDto"
              }
            }
          }
        },
        "responses": {
          "200": {
            "description": "OK"
          }
        }
      }
    },
    "/api/promotions/actions/{idAction}": {
      "get": {
        "tags": [
          "Promotion Actions"
        ],
        "parameters": [
          {
            "name": "idAction",
            "in": "path",
            "required": true,
            "schema": {
              "type": "integer",
              "format": "int32"
            }
          }
        ],
        "responses": {
          "200": {
            "description": "OK"
          }
        }
      }
    },
    "/api/promotions/actions/{idAction}/complete": {
      "get": {
        "tags": [
          "Promotion Actions"
        ],
        "parameters": [
          {
            "name": "idAction",
            "in": "path",
            "required": true,
            "schema": {
              "type": "integer",
              "format": "int32"
            }
          }
        ],
        "responses": {
          "200": {
            "description": "OK"
          }
        }
      }
    },
    "/api/promotions/promo-articles": {
      "post": {
        "tags": [
          "Promotion Articles"
        ],
        "requestBody": {
          "content": {
            "application/json": {
              "schema": {
                "$ref": "#/components/schemas/CreatePromoArticleDto"
              }
            },
            "text/json": {
              "schema": {
                "$ref": "#/components/schemas/CreatePromoArticleDto"
              }
            },
            "application/*+json": {
              "schema": {
                "$ref": "#/components/schemas/CreatePromoArticleDto"
              }
            }
          }
        },
        "responses": {
          "200": {
            "description": "OK"
          }
        }
      },
      "get": {
        "tags": [
          "Promotion Articles"
        ],
        "responses": {
          "200": {
            "description": "OK"
          }
        }
      },
      "put": {
        "tags": [
          "Promotion Articles"
        ],
        "parameters": [
          {
            "name": "codDiv",
            "in": "query",
            "schema": {
              "type": "string"
            }
          },
          {
            "name": "codNode",
            "in": "query",
            "schema": {
              "type": "string"
            }
          }
        ],
        "requestBody": {
          "content": {
            "application/json": {
              "schema": {
                "$ref": "#/components/schemas/UpdatePromoArticleDto"
              }
            },
            "text/json": {
              "schema": {
                "$ref": "#/components/schemas/UpdatePromoArticleDto"
              }
            },
            "application/*+json": {
              "schema": {
                "$ref": "#/components/schemas/UpdatePromoArticleDto"
              }
            }
          }
        },
        "responses": {
          "200": {
            "description": "OK"
          }
        }
      },
      "delete": {
        "tags": [
          "Promotion Articles"
        ],
        "parameters": [
          {
            "name": "codDiv",
            "in": "query",
            "schema": {
              "type": "string"
            }
          },
          {
            "name": "codNode",
            "in": "query",
            "schema": {
              "type": "string"
            }
          }
        ],
        "responses": {
          "200": {
            "description": "OK"
          }
        }
      }
    },
    "/api/promotions/promo-articles/find": {
      "get": {
        "tags": [
          "Promotion Articles"
        ],
        "parameters": [
          {
            "name": "codDiv",
            "in": "query",
            "schema": {
              "type": "string"
            }
          },
          {
            "name": "codNode",
            "in": "query",
            "schema": {
              "type": "string"
            }
          }
        ],
        "responses": {
          "200": {
            "description": "OK"
          }
        }
      }
    },
    "/api/promotions/delivery-points/{idAction}/{codDeliveryPoint}": {
      "post": {
        "tags": [
          "Promotion Delivery Points"
        ],
        "parameters": [
          {
            "name": "idAction",
            "in": "path",
            "required": true,
            "schema": {
              "type": "integer",
              "format": "int32"
            }
          },
          {
            "name": "codDeliveryPoint",
            "in": "path",
            "required": true,
            "schema": {
              "type": "string"
            }
          }
        ],
        "requestBody": {
          "content": {
            "application/json": {
              "schema": {
                "$ref": "#/components/schemas/CreateDeliveryPointDto"
              }
            },
            "text/json": {
              "schema": {
                "$ref": "#/components/schemas/CreateDeliveryPointDto"
              }
            },
            "application/*+json": {
              "schema": {
                "$ref": "#/components/schemas/CreateDeliveryPointDto"
              }
            }
          }
        },
        "responses": {
          "200": {
            "description": "OK"
          }
        }
      },
      "get": {
        "tags": [
          "Promotion Delivery Points"
        ],
        "parameters": [
          {
            "name": "idAction",
            "in": "path",
            "required": true,
            "schema": {
              "type": "integer",
              "format": "int32"
            }
          },
          {
            "name": "codDeliveryPoint",
            "in": "path",
            "required": true,
            "schema": {
              "type": "string"
            }
          }
        ],
        "responses": {
          "200": {
            "description": "OK"
          }
        }
      },
      "put": {
        "tags": [
          "Promotion Delivery Points"
        ],
        "parameters": [
          {
            "name": "idAction",
            "in": "path",
            "required": true,
            "schema": {
              "type": "integer",
              "format": "int32"
            }
          },
          {
            "name": "codDeliveryPoint",
            "in": "path",
            "required": true,
            "schema": {
              "type": "string"
            }
          }
        ],
        "requestBody": {
          "content": {
            "application/json": {
              "schema": {
                "$ref": "#/components/schemas/UpdateDeliveryPointDto"
              }
            },
            "text/json": {
              "schema": {
                "$ref": "#/components/schemas/UpdateDeliveryPointDto"
              }
            },
            "application/*+json": {
              "schema": {
                "$ref": "#/components/schemas/UpdateDeliveryPointDto"
              }
            }
          }
        },
        "responses": {
          "200": {
            "description": "OK"
          }
        }
      },
      "delete": {
        "tags": [
          "Promotion Delivery Points"
        ],
        "parameters": [
          {
            "name": "idAction",
            "in": "path",
            "required": true,
            "schema": {
              "type": "integer",
              "format": "int32"
            }
          },
          {
            "name": "codDeliveryPoint",
            "in": "path",
            "required": true,
            "schema": {
              "type": "string"
            }
          }
        ],
        "responses": {
          "200": {
            "description": "OK"
          }
        }
      }
    },
    "/api/promotions/delivery-points": {
      "get": {
        "tags": [
          "Promotion Delivery Points"
        ],
        "responses": {
          "200": {
            "description": "OK"
          }
        }
      }
    },
    "/api/promotions/measures": {
      "post": {
        "tags": [
          "Promotion Measures"
        ],
        "requestBody": {
          "content": {
            "application/json": {
              "schema": {
                "$ref": "#/components/schemas/PromoMeasureFieldDto"
              }
            },
            "text/json": {
              "schema": {
                "$ref": "#/components/schemas/PromoMeasureFieldDto"
              }
            },
            "application/*+json": {
              "schema": {
                "$ref": "#/components/schemas/PromoMeasureFieldDto"
              }
            }
          }
        },
        "responses": {
          "200": {
            "description": "OK"
          }
        }
      },
      "get": {
        "tags": [
          "Promotion Measures"
        ],
        "responses": {
          "200": {
            "description": "OK"
          }
        }
      }
    },
    "/api/promotions/measures/{codMeasure}/{codDiv}/{fieldName}": {
      "get": {
        "tags": [
          "Promotion Measures"
        ],
        "parameters": [
          {
            "name": "codMeasure",
            "in": "path",
            "required": true,
            "schema": {
              "type": "string"
            }
          },
          {
            "name": "codDiv",
            "in": "path",
            "required": true,
            "schema": {
              "type": "string"
            }
          },
          {
            "name": "fieldName",
            "in": "path",
            "required": true,
            "schema": {
              "type": "string"
            }
          }
        ],
        "responses": {
          "200": {
            "description": "OK"
          }
        }
      },
      "put": {
        "tags": [
          "Promotion Measures"
        ],
        "parameters": [
          {
            "name": "codMeasure",
            "in": "path",
            "required": true,
            "schema": {
              "type": "string"
            }
          },
          {
            "name": "codDiv",
            "in": "path",
            "required": true,
            "schema": {
              "type": "string"
            }
          },
          {
            "name": "fieldName",
            "in": "path",
            "required": true,
            "schema": {
              "type": "string"
            }
          }
        ],
        "requestBody": {
          "content": {
            "application/json": {
              "schema": {
                "$ref": "#/components/schemas/UpdatePromoMeasureFieldDto"
              }
            },
            "text/json": {
              "schema": {
                "$ref": "#/components/schemas/UpdatePromoMeasureFieldDto"
              }
            },
            "application/*+json": {
              "schema": {
                "$ref": "#/components/schemas/UpdatePromoMeasureFieldDto"
              }
            }
          }
        },
        "responses": {
          "200": {
            "description": "OK"
          }
        }
      },
      "delete": {
        "tags": [
          "Promotion Measures"
        ],
        "parameters": [
          {
            "name": "codMeasure",
            "in": "path",
            "required": true,
            "schema": {
              "type": "string"
            }
          },
          {
            "name": "codDiv",
            "in": "path",
            "required": true,
            "schema": {
              "type": "string"
            }
          },
          {
            "name": "fieldName",
            "in": "path",
            "required": true,
            "schema": {
              "type": "string"
            }
          }
        ],
        "responses": {
          "200": {
            "description": "OK"
          }
        }
      }
    },
    "/api/promotions/product-details": {
      "post": {
        "tags": [
          "Promotion Product Details"
        ],
        "requestBody": {
          "content": {
            "application/json": {
              "schema": {
                "$ref": "#/components/schemas/CreateProductDetailDto"
              }
            },
            "text/json": {
              "schema": {
                "$ref": "#/components/schemas/CreateProductDetailDto"
              }
            },
            "application/*+json": {
              "schema": {
                "$ref": "#/components/schemas/CreateProductDetailDto"
              }
            }
          }
        },
        "responses": {
          "200": {
            "description": "OK"
          }
        }
      },
      "get": {
        "tags": [
          "Promotion Product Details"
        ],
        "responses": {
          "200": {
            "description": "OK"
          }
        }
      },
      "put": {
        "tags": [
          "Promotion Product Details"
        ],
        "parameters": [
          {
            "name": "idAction",
            "in": "query",
            "schema": {
              "type": "integer",
              "format": "int32"
            }
          },
          {
            "name": "codProduct",
            "in": "query",
            "schema": {
              "type": "string"
            }
          },
          {
            "name": "levProduct",
            "in": "query",
            "schema": {
              "type": "integer",
              "format": "int32"
            }
          },
          {
            "name": "codDisplay",
            "in": "query",
            "schema": {
              "type": "string"
            }
          },
          {
            "name": "codNode",
            "in": "query",
            "schema": {
              "type": "string"
            }
          },
          {
            "name": "codDiv",
            "in": "query",
            "schema": {
              "type": "string"
            }
          }
        ],
        "requestBody": {
          "content": {
            "application/json": {
              "schema": {
                "$ref": "#/components/schemas/UpdateProductDetailDto"
              }
            },
            "text/json": {
              "schema": {
                "$ref": "#/components/schemas/UpdateProductDetailDto"
              }
            },
            "application/*+json": {
              "schema": {
                "$ref": "#/components/schemas/UpdateProductDetailDto"
              }
            }
          }
        },
        "responses": {
          "200": {
            "description": "OK"
          }
        }
      },
      "delete": {
        "tags": [
          "Promotion Product Details"
        ],
        "parameters": [
          {
            "name": "idAction",
            "in": "query",
            "schema": {
              "type": "integer",
              "format": "int32"
            }
          },
          {
            "name": "codProduct",
            "in": "query",
            "schema": {
              "type": "string"
            }
          },
          {
            "name": "levProduct",
            "in": "query",
            "schema": {
              "type": "integer",
              "format": "int32"
            }
          },
          {
            "name": "codDisplay",
            "in": "query",
            "schema": {
              "type": "string"
            }
          },
          {
            "name": "codNode",
            "in": "query",
            "schema": {
              "type": "string"
            }
          },
          {
            "name": "codDiv",
            "in": "query",
            "schema": {
              "type": "string"
            }
          }
        ],
        "responses": {
          "200": {
            "description": "OK"
          }
        }
      }
    },
    "/api/promotions/product-details/action/{idAction}": {
      "get": {
        "tags": [
          "Promotion Product Details"
        ],
        "parameters": [
          {
            "name": "idAction",
            "in": "path",
            "required": true,
            "schema": {
              "type": "integer",
              "format": "int32"
            }
          }
        ],
        "responses": {
          "200": {
            "description": "OK"
          }
        }
      }
    },
    "/api/promotions/product-details/find": {
      "get": {
        "tags": [
          "Promotion Product Details"
        ],
        "parameters": [
          {
            "name": "idAction",
            "in": "query",
            "schema": {
              "type": "integer",
              "format": "int32"
            }
          },
          {
            "name": "codProduct",
            "in": "query",
            "schema": {
              "type": "string"
            }
          },
          {
            "name": "levProduct",
            "in": "query",
            "schema": {
              "type": "integer",
              "format": "int32"
            }
          },
          {
            "name": "codDisplay",
            "in": "query",
            "schema": {
              "type": "string"
            }
          },
          {
            "name": "codNode",
            "in": "query",
            "schema": {
              "type": "string"
            }
          },
          {
            "name": "codDiv",
            "in": "query",
            "schema": {
              "type": "string"
            }
          }
        ],
        "responses": {
          "200": {
            "description": "OK"
          }
        }
      }
    },
    "/api/promotions/products": {
      "post": {
        "tags": [
          "Promotion Products"
        ],
        "requestBody": {
          "content": {
            "application/json": {
              "schema": {
                "$ref": "#/components/schemas/CreateProductDto"
              }
            },
            "text/json": {
              "schema": {
                "$ref": "#/components/schemas/CreateProductDto"
              }
            },
            "application/*+json": {
              "schema": {
                "$ref": "#/components/schemas/CreateProductDto"
              }
            }
          }
        },
        "responses": {
          "200": {
            "description": "OK"
          }
        }
      },
      "get": {
        "tags": [
          "Promotion Products"
        ],
        "responses": {
          "200": {
            "description": "OK"
          }
        }
      },
      "put": {
        "tags": [
          "Promotion Products"
        ],
        "parameters": [
          {
            "name": "idAction",
            "in": "query",
            "schema": {
              "type": "integer",
              "format": "int32"
            }
          },
          {
            "name": "codProduct",
            "in": "query",
            "schema": {
              "type": "string"
            }
          },
          {
            "name": "levProduct",
            "in": "query",
            "schema": {
              "type": "integer",
              "format": "int32"
            }
          },
          {
            "name": "codDisplay",
            "in": "query",
            "schema": {
              "type": "string"
            }
          }
        ],
        "requestBody": {
          "content": {
            "application/json": {
              "schema": {
                "$ref": "#/components/schemas/UpdateProductDto"
              }
            },
            "text/json": {
              "schema": {
                "$ref": "#/components/schemas/UpdateProductDto"
              }
            },
            "application/*+json": {
              "schema": {
                "$ref": "#/components/schemas/UpdateProductDto"
              }
            }
          }
        },
        "responses": {
          "200": {
            "description": "OK"
          }
        }
      },
      "delete": {
        "tags": [
          "Promotion Products"
        ],
        "parameters": [
          {
            "name": "idAction",
            "in": "query",
            "schema": {
              "type": "integer",
              "format": "int32"
            }
          },
          {
            "name": "codProduct",
            "in": "query",
            "schema": {
              "type": "string"
            }
          },
          {
            "name": "levProduct",
            "in": "query",
            "schema": {
              "type": "integer",
              "format": "int32"
            }
          },
          {
            "name": "codDisplay",
            "in": "query",
            "schema": {
              "type": "string"
            }
          }
        ],
        "responses": {
          "200": {
            "description": "OK"
          }
        }
      }
    },
    "/api/promotions/products/action/{idAction}": {
      "get": {
        "tags": [
          "Promotion Products"
        ],
        "parameters": [
          {
            "name": "idAction",
            "in": "path",
            "required": true,
            "schema": {
              "type": "integer",
              "format": "int32"
            }
          }
        ],
        "responses": {
          "200": {
            "description": "OK"
          }
        }
      }
    },
    "/api/promotions/products/{idAction}/{codProduct}/{levProduct}/{codDisplay}": {
      "get": {
        "tags": [
          "Promotion Products"
        ],
        "parameters": [
          {
            "name": "idAction",
            "in": "path",
            "required": true,
            "schema": {
              "type": "integer",
              "format": "int32"
            }
          },
          {
            "name": "codProduct",
            "in": "path",
            "required": true,
            "schema": {
              "type": "string"
            }
          },
          {
            "name": "levProduct",
            "in": "path",
            "required": true,
            "schema": {
              "type": "integer",
              "format": "int32"
            }
          },
          {
            "name": "codDisplay",
            "in": "path",
            "required": true,
            "schema": {
              "type": "string"
            }
          }
        ],
        "responses": {
          "200": {
            "description": "OK"
          }
        }
      }
    },
    "/api/Promotions": {
      "get": {
        "tags": [
          "Promotions"
        ],
        "responses": {
          "200": {
            "description": "OK"
          }
        }
      }
    },
    "/WeatherForecast": {
      "get": {
        "tags": [
          "WeatherForecast"
        ],
        "operationId": "GetWeatherForecast",
        "responses": {
          "200": {
            "description": "OK",
            "content": {
              "text/plain": {
                "schema": {
                  "type": "array",
                  "items": {
                    "$ref": "#/components/schemas/WeatherForecast"
                  }
                }
              },
              "application/json": {
                "schema": {
                  "type": "array",
                  "items": {
                    "$ref": "#/components/schemas/WeatherForecast"
                  }
                }
              },
              "text/json": {
                "schema": {
                  "type": "array",
                  "items": {
                    "$ref": "#/components/schemas/WeatherForecast"
                  }
                }
              }
            }
          }
        }
      }
    }
  },
  "components": {
    "schemas": {
      "AtomicCreateProductDetailDto": {
        "type": "object",
        "properties": {
          "codNode": {
            "type": "string",
            "nullable": true
          },
          "codDiv": {
            "type": "string",
            "nullable": true
          },
          "flgInclusion": {
            "type": "boolean"
          },
          "articles": {
            "type": "array",
            "items": {
              "$ref": "#/components/schemas/AtomicCreatePromoArticleDto"
            },
            "nullable": true
          }
        },
        "additionalProperties": false
      },
      "AtomicCreateProductDto": {
        "type": "object",
        "properties": {
          "codProduct": {
            "type": "string",
            "nullable": true
          },
          "levProduct": {
            "type": "integer",
            "format": "int32",
            "nullable": true
          },
          "codDisplay": {
            "type": "string",
            "nullable": true
          },
          "codDiv": {
            "type": "string",
            "nullable": true
          },
          "qtyEstimated": {
            "type": "number",
            "format": "double"
          },
          "perceDiscount1": {
            "type": "number",
            "format": "double",
            "nullable": true
          },
          "perceDiscount2": {
            "type": "number",
            "format": "double",
            "nullable": true
          },
          "numMeasure": {
            "type": "number",
            "format": "double",
            "nullable": true
          },
          "codMeasure": {
            "type": "string",
            "nullable": true
          },
          "details": {
            "type": "array",
            "items": {
              "$ref": "#/components/schemas/AtomicCreateProductDetailDto"
            },
            "nullable": true
          },
          "measureFields": {
            "type": "array",
            "items": {
              "$ref": "#/components/schemas/CreatePromoMeasureFieldDto"
            },
            "nullable": true
          }
        },
        "additionalProperties": false
      },
      "AtomicCreatePromoActionDto": {
        "type": "object",
        "properties": {
          "idAction": {
            "type": "integer",
            "format": "int32"
          },
          "name": {
            "type": "string",
            "nullable": true
          },
          "codDiv": {
            "type": "string",
            "nullable": true
          },
          "dteStartSellIn": {
            "type": "string",
            "format": "date-time"
          },
          "dteEndSellIn": {
            "type": "string",
            "format": "date-time"
          },
          "dteStartSellOut": {
            "type": "string",
            "format": "date-time"
          },
          "dteEndSellOut": {
            "type": "string",
            "format": "date-time"
          },
          "documentKey": {
            "type": "string",
            "nullable": true
          },
          "dteToShost": {
            "type": "string",
            "format": "date-time",
            "nullable": true
          },
          "levParticipants": {
            "type": "integer",
            "format": "int32",
            "nullable": true
          },
          "participants": {
            "type": "array",
            "items": {
              "$ref": "#/components/schemas/CreateParticipantDto"
            },
            "nullable": true
          },
          "deliveryPoints": {
            "type": "array",
            "items": {
              "$ref": "#/components/schemas/CreateDeliveryPointDto"
            },
            "nullable": true
          },
          "products": {
            "type": "array",
            "items": {
              "$ref": "#/components/schemas/AtomicCreateProductDto"
            },
            "nullable": true
          }
        },
        "additionalProperties": false
      },
      "AtomicCreatePromoArticleDto": {
        "type": "object",
        "properties": {
          "codDiv": {
            "type": "string",
            "nullable": true
          },
          "codNode": {
            "type": "string",
            "nullable": true
          },
          "codNode1": {
            "type": "string",
            "nullable": true
          },
          "codNode2": {
            "type": "string",
            "nullable": true
          },
          "codNodeN": {
            "type": "string",
            "nullable": true
          }
        },
        "additionalProperties": false
      },
      "CreateCustomerRelationDto": {
        "type": "object",
        "properties": {
          "codHier": {
            "type": "string",
            "nullable": true
          },
          "codDiv": {
            "type": "string",
            "nullable": true
          },
          "codNode": {
            "type": "string",
            "nullable": true
          },
          "idLevel": {
            "type": "integer",
            "format": "int32"
          },
          "dteStart": {
            "type": "string",
            "format": "date-time"
          },
          "codParentNode": {
            "type": "string",
            "nullable": true
          },
          "dteEnd": {
            "type": "string",
            "format": "date-time",
            "nullable": true
          }
        },
        "additionalProperties": false
      },
      "CreateDeliveryPointDto": {
        "type": "object",
        "properties": {
          "codDeliveryPoint": {
            "type": "string",
            "nullable": true
          },
          "flgInclusion": {
            "type": "boolean"
          },
          "codHier": {
            "type": "string",
            "nullable": true
          },
          "codDiv": {
            "type": "string",
            "nullable": true
          },
          "codNode": {
            "type": "string",
            "nullable": true
          },
          "idLevel": {
            "type": "integer",
            "format": "int32",
            "nullable": true
          },
          "dteStart": {
            "type": "string",
            "format": "date-time",
            "nullable": true
          }
        },
        "additionalProperties": false
      },
      "CreateParticipantDto": {
        "type": "object",
        "properties": {
          "codParticipant": {
            "type": "string",
            "nullable": true
          },
          "flgInclusion": {
            "type": "boolean"
          },
          "codHier": {
            "type": "string",
            "nullable": true
          },
          "codDiv": {
            "type": "string",
            "nullable": true
          },
          "codNode": {
            "type": "string",
            "nullable": true
          },
          "idLevel": {
            "type": "integer",
            "format": "int32",
            "nullable": true
          },
          "dteStart": {
            "type": "string",
            "format": "date-time",
            "nullable": true
          }
        },
        "additionalProperties": false
      },
      "CreateProductDetailDto": {
        "type": "object",
        "properties": {
          "idAction": {
            "type": "integer",
            "format": "int32",
            "nullable": true
          },
          "codProduct": {
            "type": "string",
            "nullable": true
          },
          "levProduct": {
            "type": "integer",
            "format": "int32",
            "nullable": true
          },
          "codDisplay": {
            "type": "string",
            "nullable": true
          },
          "codNode": {
            "type": "string",
            "nullable": true
          },
          "codDiv": {
            "type": "string",
            "nullable": true
          },
          "flgInclusion": {
            "type": "boolean"
          }
        },
        "additionalProperties": false
      },
      "CreateProductDto": {
        "type": "object",
        "properties": {
          "idAction": {
            "type": "integer",
            "format": "int32",
            "nullable": true
          },
          "codProduct": {
            "type": "string",
            "nullable": true
          },
          "levProduct": {
            "type": "integer",
            "format": "int32",
            "nullable": true
          },
          "codDisplay": {
            "type": "string",
            "nullable": true
          },
          "codDiv": {
            "type": "string",
            "nullable": true
          },
          "qtyEstimated": {
            "type": "number",
            "format": "double"
          },
          "perceDiscount1": {
            "type": "number",
            "format": "double",
            "nullable": true
          },
          "perceDiscount2": {
            "type": "number",
            "format": "double",
            "nullable": true
          },
          "numMeasure": {
            "type": "number",
            "format": "double",
            "nullable": true
          },
          "codMeasure": {
            "type": "string",
            "nullable": true
          },
          "details": {
            "type": "array",
            "items": {
              "$ref": "#/components/schemas/AtomicCreateProductDetailDto"
            },
            "nullable": true
          },
          "measureFields": {
            "type": "array",
            "items": {
              "$ref": "#/components/schemas/CreatePromoMeasureFieldDto"
            },
            "nullable": true
          }
        },
        "additionalProperties": false
      },
      "CreatePromoActionDto": {
        "type": "object",
        "properties": {
          "idAction": {
            "type": "integer",
            "format": "int32"
          },
          "name": {
            "type": "string",
            "nullable": true
          },
          "codDiv": {
            "type": "string",
            "nullable": true
          },
          "dteStartSellIn": {
            "type": "string",
            "format": "date-time"
          },
          "dteEndSellIn": {
            "type": "string",
            "format": "date-time"
          },
          "dteStartSellOut": {
            "type": "string",
            "format": "date-time"
          },
          "dteEndSellOut": {
            "type": "string",
            "format": "date-time"
          },
          "documentKey": {
            "type": "string",
            "nullable": true
          },
          "dteToShost": {
            "type": "string",
            "format": "date-time",
            "nullable": true
          },
          "levParticipants": {
            "type": "integer",
            "format": "int32",
            "nullable": true
          }
        },
        "additionalProperties": false
      },
      "CreatePromoArticleDto": {
        "type": "object",
        "properties": {
          "idAction": {
            "type": "integer",
            "format": "int32",
            "nullable": true
          },
          "codProduct": {
            "type": "string",
            "nullable": true
          },
          "levProduct": {
            "type": "integer",
            "format": "int32",
            "nullable": true
          },
          "codDisplay": {
            "type": "string",
            "nullable": true
          },
          "codDiv": {
            "type": "string",
            "nullable": true
          },
          "codNode": {
            "type": "string",
            "nullable": true
          },
          "codNode1": {
            "type": "string",
            "nullable": true
          },
          "codNode2": {
            "type": "string",
            "nullable": true
          },
          "codNodeN": {
            "type": "string",
            "nullable": true
          }
        },
        "additionalProperties": false
      },
      "CreatePromoMeasureFieldDto": {
        "type": "object",
        "properties": {
          "fieldName": {
            "type": "string",
            "nullable": true
          },
          "formula": {
            "type": "string",
            "nullable": true
          }
        },
        "additionalProperties": false
      },
      "PromoMeasureFieldDto": {
        "type": "object",
        "properties": {
          "codDiv": {
            "type": "string",
            "nullable": true
          },
          "codMeasure": {
            "type": "string",
            "nullable": true
          },
          "fieldName": {
            "type": "string",
            "nullable": true
          },
          "formula": {
            "type": "string",
            "nullable": true
          }
        },
        "additionalProperties": false
      },
      "SetLogLevelRequest": {
        "type": "object",
        "properties": {
          "level": {
            "type": "string",
            "nullable": true
          }
        },
        "additionalProperties": false
      },
      "UpdateCustomerRelationDto": {
        "type": "object",
        "properties": {
          "codParentNode": {
            "type": "string",
            "nullable": true
          },
          "dteEnd": {
            "type": "string",
            "format": "date-time",
            "nullable": true
          }
        },
        "additionalProperties": false
      },
      "UpdateDeliveryPointDto": {
        "type": "object",
        "properties": {
          "flgInclusion": {
            "type": "boolean"
          }
        },
        "additionalProperties": false
      },
      "UpdateParticipantDto": {
        "type": "object",
        "properties": {
          "flgInclusion": {
            "type": "boolean"
          }
        },
        "additionalProperties": false
      },
      "UpdateProductDetailDto": {
        "type": "object",
        "properties": {
          "flgInclusion": {
            "type": "boolean"
          }
        },
        "additionalProperties": false
      },
      "UpdateProductDto": {
        "type": "object",
        "properties": {
          "codDiv": {
            "type": "string",
            "nullable": true
          },
          "qtyEstimated": {
            "type": "number",
            "format": "double",
            "nullable": true
          },
          "perceDiscount1": {
            "type": "number",
            "format": "double",
            "nullable": true
          },
          "perceDiscount2": {
            "type": "number",
            "format": "double",
            "nullable": true
          },
          "numMeasure": {
            "type": "number",
            "format": "double",
            "nullable": true
          },
          "codMeasure": {
            "type": "string",
            "nullable": true
          }
        },
        "additionalProperties": false
      },
      "UpdatePromoActionDto": {
        "type": "object",
        "properties": {
          "name": {
            "type": "string",
            "nullable": true
          },
          "dteStartSellIn": {
            "type": "string",
            "format": "date-time",
            "nullable": true
          },
          "dteEndSellIn": {
            "type": "string",
            "format": "date-time",
            "nullable": true
          },
          "dteStartSellOut": {
            "type": "string",
            "format": "date-time",
            "nullable": true
          },
          "dteEndSellOut": {
            "type": "string",
            "format": "date-time",
            "nullable": true
          },
          "documentKey": {
            "type": "string",
            "nullable": true
          },
          "dteToShost": {
            "type": "string",
            "format": "date-time",
            "nullable": true
          },
          "levParticipants": {
            "type": "integer",
            "format": "int32",
            "nullable": true
          }
        },
        "additionalProperties": false
      },
      "UpdatePromoArticleDto": {
        "type": "object",
        "properties": {
          "codNode1": {
            "type": "string",
            "nullable": true
          },
          "codNode2": {
            "type": "string",
            "nullable": true
          },
          "codNodeN": {
            "type": "string",
            "nullable": true
          }
        },
        "additionalProperties": false
      },
      "UpdatePromoMeasureFieldDto": {
        "type": "object",
        "properties": {
          "formula": {
            "type": "string",
            "nullable": true
          }
        },
        "additionalProperties": false
      },
      "WeatherForecast": {
        "type": "object",
        "properties": {
          "date": {
            "type": "string",
            "format": "date"
          },
          "temperatureC": {
            "type": "integer",
            "format": "int32"
          },
          "temperatureF": {
            "type": "integer",
            "format": "int32",
            "readOnly": true
          },
          "summary": {
            "type": "string",
            "nullable": true
          }
        },
        "additionalProperties": false
      }
    },
    "securitySchemes": {
      "Bearer": {
        "type": "http",
        "description": "your valid token",
        "scheme": "bearer",
        "bearerFormat": "JWT"
      }
    }
  },
  "security": [
    {
      "Bearer": [ ]
    }
  ]
}
2026-03-09 11:39:49.438 +05:00 [INF] HTTP GET /swagger/v1/swagger.json responded 200 in 292.8053 ms
2026-03-09 11:53:26.747 +05:00 [INF] [STARTUP] SsoConnection env var: NOT SET - using appsettings
2026-03-09 11:53:34.886 +05:00 [INF] Applying Promotions database migrations...
2026-03-09 11:53:44.435 +05:00 [INF] Promotions database migrated successfully.
2026-03-09 11:53:45.097 +05:00 [INF]  Promotion API started successfully
2026-03-09 11:53:45.317 +05:00 [INF]  Health Monitoring Service started
2026-03-09 11:53:50.007 +05:00 [INF] HTTP GET /swagger/index.html responded 200 in 344.7880 ms | User: Anonymous (N/A) | IP: ::1 | RequestBody:  | ResponseBody: <!-- HTML for static distribution bundle build -->
<!DOCTYPE html>
<html lang="en">
<head>
    <meta charset="UTF-8">
    <title>Swagger UI</title>
    <link rel="stylesheet" type="text/css" href="./swagger-ui.css">
    <link rel="icon" type="image/png" href="./favicon-32x32.png" sizes="32x32" />
    <link rel="icon" type="image/png" href="./favicon-16x16.png" sizes="16x16" />
    <style>

        html {
            box-sizing: border-box;
            overflow: -moz-scrollbars-vertical;
            overflow-y: scroll;
        }

        *,
        *:before,
        *:after {
            box-sizing: inherit;
        }

        body {
            margin: 0;
            background: #fafafa;
        }
    </style>
    
</head>

<body>
    <div id="swagger-ui"></div>

    <!-- Workaround for https://github.com/swagger-api/swagger-editor/issues/1371 -->
    <script>
        if (window.navigator.userAgent.indexOf("Edge") > -1) {
            console.log("Removing native Edge fetch in favor of swagger-ui's polyfill")
            window.fetch = undefined;
        }
    </script>

    <script src="./swagger-ui-bundle.js"></script>
    <script src="./swagger-ui-standalone-preset.js"></script>
    <script>
        /* Source: https://gist.github.com/lamberta/3768814
         * Parse a string function definition and return a function object. Does not use eval.
         * @param {string} str
         * @return {function}
         *
         * Example:
         *  var f = function (x, y) { return x * y; };
         *  var g = parseFunction(f.toString());
         *  g(33, 3); //=> 99
         */
        function parseFunction(str) {
            if (!str) return void (0);

            var fn_body_idx = str.indexOf('{'),
                fn_body = str.substring(fn_body_idx + 1, str.lastIndexOf('}')),
                fn_declare = str.substring(0, fn_body_idx),
                fn_params = fn_declare.substring(fn_declare.indexOf('(') + 1, fn_declare.lastIndexOf(')')),
                args = fn_params.split(',');

            args.push(fn_body);

            function Fn() {
                return Function.apply(this, args);
            }
            Fn.prototype = Function.prototype;

            return new Fn();
        }

        window.onload = function () {
            var configObject = JSON.parse('{"urls":[{"url":"v1/swagger.json","name":"Promotions.Api v1"}],"deepLinking":false,"persistAuthorization":false,"displayOperationId":false,"defaultModelsExpandDepth":1,"defaultModelExpandDepth":1,"defaultModelRendering":"example","displayRequestDuration":false,"docExpansion":"list","showExtensions":false,"showCommonExtensions":false,"supportedSubmitMethods":["get","put","post","delete","options","head","patch","trace"],"tryItOutEnabled":false}');
            var oauthConfigObject = JSON.parse('{"scopeSeparator":" ","scopes":[],"useBasicAuthenticationWithAccessCodeGrant":false,"usePkceWithAuthorizationCodeGrant":false}');

            // Workaround for https://github.com/swagger-api/swagger-ui/issues/5945
            configObject.urls.forEach(function (item) {
                if (item.url.startsWith("http") || item.url.startsWith("/")) return;
                item.url = window.location.href.replace("index.html", item.url).split('#')[0];
            });

            // If validatorUrl is not explicitly provided, disable the feature by setting to null
            if (!configObject.hasOwnProperty("validatorUrl"))
                configObject.validatorUrl = null

            // If oauth2RedirectUrl isn't specified, use the built-in default
            if (!configObject.hasOwnProperty("oauth2RedirectUrl"))
                configObject.oauth2RedirectUrl = (new URL("oauth2-redirect.html", window.location.href)).href;

            // Apply mandatory parameters
            configObject.dom_id = "#swagger-ui";
            configObject.presets = [SwaggerUIBundle.presets.apis, SwaggerUIStandalonePreset];
            configObject.layout = "StandaloneLayout";

            // Parse and add interceptor functions
            var interceptors = JSON.parse('{}');
            if (interceptors.RequestInterceptorFunction)
                configObject.requestInterceptor = parseFunction(interceptors.RequestInterceptorFunction);
            if (interceptors.ResponseInterceptorFunction)
                configObject.responseInterceptor = parseFunction(interceptors.ResponseInterceptorFunction);

            // Begin Swagger UI call region

            const ui = SwaggerUIBundle(configObject);

            ui.initOAuth(oauthConfigObject);

            // End Swagger UI call region

            window.ui = ui
        }
    </script>
</body>
</html>

2026-03-09 11:53:50.195 +05:00 [INF] HTTP GET /swagger/index.html responded 200 in 546.0263 ms
2026-03-09 11:53:51.168 +05:00 [INF] HTTP GET /swagger/v1/swagger.json responded 200 in 152.3236 ms | User: Anonymous (N/A) | IP: ::1 | RequestBody:  | ResponseBody: {
  "openapi": "3.0.1",
  "info": {
    "title": "Promotions.Api",
    "version": "1.0"
  },
  "paths": {
    "/api/promotions/customer-relations": {
      "post": {
        "tags": [
          "CustomerRelations"
        ],
        "requestBody": {
          "content": {
            "application/json": {
              "schema": {
                "$ref": "#/components/schemas/CreateCustomerRelationDto"
              }
            },
            "text/json": {
              "schema": {
                "$ref": "#/components/schemas/CreateCustomerRelationDto"
              }
            },
            "application/*+json": {
              "schema": {
                "$ref": "#/components/schemas/CreateCustomerRelationDto"
              }
            }
          }
        },
        "responses": {
          "200": {
            "description": "OK"
          }
        }
      },
      "get": {
        "tags": [
          "CustomerRelations"
        ],
        "parameters": [
          {
            "name": "idAction",
            "in": "query",
            "schema": {
              "type": "integer",
              "format": "int32"
            }
          }
        ],
        "responses": {
          "200": {
            "description": "OK"
          }
        }
      },
      "put": {
        "tags": [
          "CustomerRelations"
        ],
        "parameters": [
          {
            "name": "codHier",
            "in": "query",
            "schema": {
              "type": "string"
            }
          },
          {
            "name": "codDiv",
            "in": "query",
            "schema": {
              "type": "string"
            }
          },
          {
            "name": "codNode",
            "in": "query",
            "schema": {
              "type": "string"
            }
          },
          {
            "name": "idLevel",
            "in": "query",
            "schema": {
              "type": "integer",
              "format": "int32"
            }
          },
          {
            "name": "dteStart",
            "in": "query",
            "schema": {
              "type": "string",
              "format": "date-time"
            }
          }
        ],
        "requestBody": {
          "content": {
            "application/json": {
              "schema": {
                "$ref": "#/components/schemas/UpdateCustomerRelationDto"
              }
            },
            "text/json": {
              "schema": {
                "$ref": "#/components/schemas/UpdateCustomerRelationDto"
              }
            },
            "application/*+json": {
              "schema": {
                "$ref": "#/components/schemas/UpdateCustomerRelationDto"
              }
            }
          }
        },
        "responses": {
          "200": {
            "description": "OK"
          }
        }
      },
      "delete": {
        "tags": [
          "CustomerRelations"
        ],
        "parameters": [
          {
            "name": "codHier",
            "in": "query",
            "schema": {
              "type": "string"
            }
          },
          {
            "name": "codDiv",
            "in": "query",
            "schema": {
              "type": "string"
            }
          },
          {
            "name": "codNode",
            "in": "query",
            "schema": {
              "type": "string"
            }
          },
          {
            "name": "idLevel",
            "in": "query",
            "schema": {
              "type": "integer",
              "format": "int32"
            }
          },
          {
            "name": "dteStart",
            "in": "query",
            "schema": {
              "type": "string",
              "format": "date-time"
            }
          }
        ],
        "responses": {
          "200": {
            "description": "OK"
          }
        }
      }
    },
    "/api/promotions/customer-relations/{codHier}/{codDiv}/{codNode}/{idLevel}/{dteStart}": {
      "get": {
        "tags": [
          "CustomerRelations"
        ],
        "parameters": [
          {
            "name": "codHier",
            "in": "path",
            "required": true,
            "schema": {
              "type": "string"
            }
          },
          {
            "name": "codDiv",
            "in": "path",
            "required": true,
            "schema": {
              "type": "string"
            }
          },
          {
            "name": "codNode",
            "in": "path",
            "required": true,
            "schema": {
              "type": "string"
            }
          },
          {
            "name": "idLevel",
            "in": "path",
            "required": true,
            "schema": {
              "type": "integer",
              "format": "int32"
            }
          },
          {
            "name": "dteStart",
            "in": "path",
            "required": true,
            "schema": {
              "type": "string",
              "format": "date-time"
            }
          }
        ],
        "responses": {
          "200": {
            "description": "OK"
          }
        }
      }
    },
    "/api/promotions/dashboard/metrics": {
      "get": {
        "tags": [
          "Dashboard"
        ],
        "responses": {
          "200": {
            "description": "OK"
          }
        }
      }
    },
    "/api/Health": {
      "get": {
        "tags": [
          "Health"
        ],
        "responses": {
          "200": {
            "description": "OK"
          }
        }
      }
    },
    "/api/Health/detailed": {
      "get": {
        "tags": [
          "Health"
        ],
        "responses": {
          "200": {
            "description": "OK"
          }
        }
      }
    },
    "/api/Logging/level": {
      "get": {
        "tags": [
          "Logging"
        ],
        "responses": {
          "200": {
            "description": "OK"
          }
        }
      },
      "post": {
        "tags": [
          "Logging"
        ],
        "requestBody": {
          "content": {
            "application/json": {
              "schema": {
                "$ref": "#/components/schemas/SetLogLevelRequest"
              }
            },
            "text/json": {
              "schema": {
                "$ref": "#/components/schemas/SetLogLevelRequest"
              }
            },
            "application/*+json": {
              "schema": {
                "$ref": "#/components/schemas/SetLogLevelRequest"
              }
            }
          }
        },
        "responses": {
          "200": {
            "description": "OK"
          }
        }
      }
    },
    "/api/actions/{idAction}/participants": {
      "post": {
        "tags": [
          "Participants"
        ],
        "parameters": [
          {
            "name": "idAction",
            "in": "path",
            "required": true,
            "schema": {
              "type": "integer",
              "format": "int32"
            }
          }
        ],
        "requestBody": {
          "content": {
            "application/json": {
              "schema": {
                "$ref": "#/components/schemas/CreateParticipantDto"
              }
            },
            "text/json": {
              "schema": {
                "$ref": "#/components/schemas/CreateParticipantDto"
              }
            },
            "application/*+json": {
              "schema": {
                "$ref": "#/components/schemas/CreateParticipantDto"
              }
            }
          }
        },
        "responses": {
          "200": {
            "description": "OK"
          }
        }
      },
      "get": {
        "tags": [
          "Participants"
        ],
        "parameters": [
          {
            "name": "idAction",
            "in": "path",
            "required": true,
            "schema": {
              "type": "integer",
              "format": "int32"
            }
          }
        ],
        "responses": {
          "200": {
            "description": "OK"
          }
        }
      }
    },
    "/api/actions/{idAction}/participants/{codParticipant}": {
      "put": {
        "tags": [
          "Participants"
        ],
        "parameters": [
          {
            "name": "idAction",
            "in": "path",
            "required": true,
            "schema": {
              "type": "integer",
              "format": "int32"
            }
          },
          {
            "name": "codParticipant",
            "in": "path",
            "required": true,
            "schema": {
              "type": "string"
            }
          }
        ],
        "requestBody": {
          "content": {
            "application/json": {
              "schema": {
                "$ref": "#/components/schemas/UpdateParticipantDto"
              }
            },
            "text/json": {
              "schema": {
                "$ref": "#/components/schemas/UpdateParticipantDto"
              }
            },
            "application/*+json": {
              "schema": {
                "$ref": "#/components/schemas/UpdateParticipantDto"
              }
            }
          }
        },
        "responses": {
          "200": {
            "description": "OK"
          }
        }
      },
      "delete": {
        "tags": [
          "Participants"
        ],
        "parameters": [
          {
            "name": "idAction",
            "in": "path",
            "required": true,
            "schema": {
              "type": "integer",
              "format": "int32"
            }
          },
          {
            "name": "codParticipant",
            "in": "path",
            "required": true,
            "schema": {
              "type": "string"
            }
          }
        ],
        "responses": {
          "200": {
            "description": "OK"
          }
        }
      }
    },
    "/api/participants/all": {
      "get": {
        "tags": [
          "Participants"
        ],
        "responses": {
          "200": {
            "description": "OK"
          }
        }
      }
    },
    "/api/promotions/actions": {
      "post": {
        "tags": [
          "Promotion Actions"
        ],
        "requestBody": {
          "content": {
            "application/json": {
              "schema": {
                "$ref": "#/components/schemas/CreatePromoActionDto"
              }
            },
            "text/json": {
              "schema": {
                "$ref": "#/components/schemas/CreatePromoActionDto"
              }
            },
            "application/*+json": {
              "schema": {
                "$ref": "#/components/schemas/CreatePromoActionDto"
              }
            }
          }
        },
        "responses": {
          "200": {
            "description": "OK"
          }
        }
      },
      "get": {
        "tags": [
          "Promotion Actions"
        ],
        "responses": {
          "200": {
            "description": "OK"
          }
        }
      },
      "put": {
        "tags": [
          "Promotion Actions"
        ],
        "parameters": [
          {
            "name": "idAction",
            "in": "query",
            "schema": {
              "type": "integer",
              "format": "int32"
            }
          }
        ],
        "requestBody": {
          "content": {
            "application/json": {
              "schema": {
                "$ref": "#/components/schemas/UpdatePromoActionDto"
              }
            },
            "text/json": {
              "schema": {
                "$ref": "#/components/schemas/UpdatePromoActionDto"
              }
            },
            "application/*+json": {
              "schema": {
                "$ref": "#/components/schemas/UpdatePromoActionDto"
              }
            }
          }
        },
        "responses": {
          "200": {
            "description": "OK"
          }
        }
      },
      "delete": {
        "tags": [
          "Promotion Actions"
        ],
        "parameters": [
          {
            "name": "idAction",
            "in": "query",
            "schema": {
              "type": "integer",
              "format": "int32"
            }
          }
        ],
        "responses": {
          "200": {
            "description": "OK"
          }
        }
      }
    },
    "/api/promotions/actions/atomic": {
      "post": {
        "tags": [
          "Promotion Actions"
        ],
        "requestBody": {
          "content": {
            "application/json": {
              "schema": {
                "$ref": "#/components/schemas/AtomicCreatePromoActionDto"
              }
            },
            "text/json": {
              "schema": {
                "$ref": "#/components/schemas/AtomicCreatePromoActionDto"
              }
            },
            "application/*+json": {
              "schema": {
                "$ref": "#/components/schemas/AtomicCreatePromoActionDto"
              }
            }
          }
        },
        "responses": {
          "200": {
            "description": "OK"
          }
        }
      }
    },
    "/api/promotions/actions/{idAction}": {
      "get": {
        "tags": [
          "Promotion Actions"
        ],
        "parameters": [
          {
            "name": "idAction",
            "in": "path",
            "required": true,
            "schema": {
              "type": "integer",
              "format": "int32"
            }
          }
        ],
        "responses": {
          "200": {
            "description": "OK"
          }
        }
      }
    },
    "/api/promotions/actions/{idAction}/complete": {
      "get": {
        "tags": [
          "Promotion Actions"
        ],
        "parameters": [
          {
            "name": "idAction",
            "in": "path",
            "required": true,
            "schema": {
              "type": "integer",
              "format": "int32"
            }
          }
        ],
        "responses": {
          "200": {
            "description": "OK"
          }
        }
      }
    },
    "/api/promotions/promo-articles": {
      "post": {
        "tags": [
          "Promotion Articles"
        ],
        "requestBody": {
          "content": {
            "application/json": {
              "schema": {
                "$ref": "#/components/schemas/CreatePromoArticleDto"
              }
            },
            "text/json": {
              "schema": {
                "$ref": "#/components/schemas/CreatePromoArticleDto"
              }
            },
            "application/*+json": {
              "schema": {
                "$ref": "#/components/schemas/CreatePromoArticleDto"
              }
            }
          }
        },
        "responses": {
          "200": {
            "description": "OK"
          }
        }
      },
      "get": {
        "tags": [
          "Promotion Articles"
        ],
        "responses": {
          "200": {
            "description": "OK"
          }
        }
      },
      "put": {
        "tags": [
          "Promotion Articles"
        ],
        "parameters": [
          {
            "name": "codDiv",
            "in": "query",
            "schema": {
              "type": "string"
            }
          },
          {
            "name": "codNode",
            "in": "query",
            "schema": {
              "type": "string"
            }
          }
        ],
        "requestBody": {
          "content": {
            "application/json": {
              "schema": {
                "$ref": "#/components/schemas/UpdatePromoArticleDto"
              }
            },
            "text/json": {
              "schema": {
                "$ref": "#/components/schemas/UpdatePromoArticleDto"
              }
            },
            "application/*+json": {
              "schema": {
                "$ref": "#/components/schemas/UpdatePromoArticleDto"
              }
            }
          }
        },
        "responses": {
          "200": {
            "description": "OK"
          }
        }
      },
      "delete": {
        "tags": [
          "Promotion Articles"
        ],
        "parameters": [
          {
            "name": "codDiv",
            "in": "query",
            "schema": {
              "type": "string"
            }
          },
          {
            "name": "codNode",
            "in": "query",
            "schema": {
              "type": "string"
            }
          }
        ],
        "responses": {
          "200": {
            "description": "OK"
          }
        }
      }
    },
    "/api/promotions/promo-articles/find": {
      "get": {
        "tags": [
          "Promotion Articles"
        ],
        "parameters": [
          {
            "name": "codDiv",
            "in": "query",
            "schema": {
              "type": "string"
            }
          },
          {
            "name": "codNode",
            "in": "query",
            "schema": {
              "type": "string"
            }
          }
        ],
        "responses": {
          "200": {
            "description": "OK"
          }
        }
      }
    },
    "/api/promotions/delivery-points/{idAction}/{codDeliveryPoint}": {
      "post": {
        "tags": [
          "Promotion Delivery Points"
        ],
        "parameters": [
          {
            "name": "idAction",
            "in": "path",
            "required": true,
            "schema": {
              "type": "integer",
              "format": "int32"
            }
          },
          {
            "name": "codDeliveryPoint",
            "in": "path",
            "required": true,
            "schema": {
              "type": "string"
            }
          }
        ],
        "requestBody": {
          "content": {
            "application/json": {
              "schema": {
                "$ref": "#/components/schemas/CreateDeliveryPointDto"
              }
            },
            "text/json": {
              "schema": {
                "$ref": "#/components/schemas/CreateDeliveryPointDto"
              }
            },
            "application/*+json": {
              "schema": {
                "$ref": "#/components/schemas/CreateDeliveryPointDto"
              }
            }
          }
        },
        "responses": {
          "200": {
            "description": "OK"
          }
        }
      },
      "get": {
        "tags": [
          "Promotion Delivery Points"
        ],
        "parameters": [
          {
            "name": "idAction",
            "in": "path",
            "required": true,
            "schema": {
              "type": "integer",
              "format": "int32"
            }
          },
          {
            "name": "codDeliveryPoint",
            "in": "path",
            "required": true,
            "schema": {
              "type": "string"
            }
          }
        ],
        "responses": {
          "200": {
            "description": "OK"
          }
        }
      },
      "put": {
        "tags": [
          "Promotion Delivery Points"
        ],
        "parameters": [
          {
            "name": "idAction",
            "in": "path",
            "required": true,
            "schema": {
              "type": "integer",
              "format": "int32"
            }
          },
          {
            "name": "codDeliveryPoint",
            "in": "path",
            "required": true,
            "schema": {
              "type": "string"
            }
          }
        ],
        "requestBody": {
          "content": {
            "application/json": {
              "schema": {
                "$ref": "#/components/schemas/UpdateDeliveryPointDto"
              }
            },
            "text/json": {
              "schema": {
                "$ref": "#/components/schemas/UpdateDeliveryPointDto"
              }
            },
            "application/*+json": {
              "schema": {
                "$ref": "#/components/schemas/UpdateDeliveryPointDto"
              }
            }
          }
        },
        "responses": {
          "200": {
            "description": "OK"
          }
        }
      },
      "delete": {
        "tags": [
          "Promotion Delivery Points"
        ],
        "parameters": [
          {
            "name": "idAction",
            "in": "path",
            "required": true,
            "schema": {
              "type": "integer",
              "format": "int32"
            }
          },
          {
            "name": "codDeliveryPoint",
            "in": "path",
            "required": true,
            "schema": {
              "type": "string"
            }
          }
        ],
        "responses": {
          "200": {
            "description": "OK"
          }
        }
      }
    },
    "/api/promotions/delivery-points": {
      "get": {
        "tags": [
          "Promotion Delivery Points"
        ],
        "responses": {
          "200": {
            "description": "OK"
          }
        }
      }
    },
    "/api/promotions/measures": {
      "post": {
        "tags": [
          "Promotion Measures"
        ],
        "requestBody": {
          "content": {
            "application/json": {
              "schema": {
                "$ref": "#/components/schemas/PromoMeasureFieldDto"
              }
            },
            "text/json": {
              "schema": {
                "$ref": "#/components/schemas/PromoMeasureFieldDto"
              }
            },
            "application/*+json": {
              "schema": {
                "$ref": "#/components/schemas/PromoMeasureFieldDto"
              }
            }
          }
        },
        "responses": {
          "200": {
            "description": "OK"
          }
        }
      },
      "get": {
        "tags": [
          "Promotion Measures"
        ],
        "responses": {
          "200": {
            "description": "OK"
          }
        }
      }
    },
    "/api/promotions/measures/{codMeasure}/{codDiv}/{fieldName}": {
      "get": {
        "tags": [
          "Promotion Measures"
        ],
        "parameters": [
          {
            "name": "codMeasure",
            "in": "path",
            "required": true,
            "schema": {
              "type": "string"
            }
          },
          {
            "name": "codDiv",
            "in": "path",
            "required": true,
            "schema": {
              "type": "string"
            }
          },
          {
            "name": "fieldName",
            "in": "path",
            "required": true,
            "schema": {
              "type": "string"
            }
          }
        ],
        "responses": {
          "200": {
            "description": "OK"
          }
        }
      },
      "put": {
        "tags": [
          "Promotion Measures"
        ],
        "parameters": [
          {
            "name": "codMeasure",
            "in": "path",
            "required": true,
            "schema": {
              "type": "string"
            }
          },
          {
            "name": "codDiv",
            "in": "path",
            "required": true,
            "schema": {
              "type": "string"
            }
          },
          {
            "name": "fieldName",
            "in": "path",
            "required": true,
            "schema": {
              "type": "string"
            }
          }
        ],
        "requestBody": {
          "content": {
            "application/json": {
              "schema": {
                "$ref": "#/components/schemas/UpdatePromoMeasureFieldDto"
              }
            },
            "text/json": {
              "schema": {
                "$ref": "#/components/schemas/UpdatePromoMeasureFieldDto"
              }
            },
            "application/*+json": {
              "schema": {
                "$ref": "#/components/schemas/UpdatePromoMeasureFieldDto"
              }
            }
          }
        },
        "responses": {
          "200": {
            "description": "OK"
          }
        }
      },
      "delete": {
        "tags": [
          "Promotion Measures"
        ],
        "parameters": [
          {
            "name": "codMeasure",
            "in": "path",
            "required": true,
            "schema": {
              "type": "string"
            }
          },
          {
            "name": "codDiv",
            "in": "path",
            "required": true,
            "schema": {
              "type": "string"
            }
          },
          {
            "name": "fieldName",
            "in": "path",
            "required": true,
            "schema": {
              "type": "string"
            }
          }
        ],
        "responses": {
          "200": {
            "description": "OK"
          }
        }
      }
    },
    "/api/promotions/product-details": {
      "post": {
        "tags": [
          "Promotion Product Details"
        ],
        "requestBody": {
          "content": {
            "application/json": {
              "schema": {
                "$ref": "#/components/schemas/CreateProductDetailDto"
              }
            },
            "text/json": {
              "schema": {
                "$ref": "#/components/schemas/CreateProductDetailDto"
              }
            },
            "application/*+json": {
              "schema": {
                "$ref": "#/components/schemas/CreateProductDetailDto"
              }
            }
          }
        },
        "responses": {
          "200": {
            "description": "OK"
          }
        }
      },
      "get": {
        "tags": [
          "Promotion Product Details"
        ],
        "responses": {
          "200": {
            "description": "OK"
          }
        }
      },
      "put": {
        "tags": [
          "Promotion Product Details"
        ],
        "parameters": [
          {
            "name": "idAction",
            "in": "query",
            "schema": {
              "type": "integer",
              "format": "int32"
            }
          },
          {
            "name": "codProduct",
            "in": "query",
            "schema": {
              "type": "string"
            }
          },
          {
            "name": "levProduct",
            "in": "query",
            "schema": {
              "type": "integer",
              "format": "int32"
            }
          },
          {
            "name": "codDisplay",
            "in": "query",
            "schema": {
              "type": "string"
            }
          },
          {
            "name": "codNode",
            "in": "query",
            "schema": {
              "type": "string"
            }
          },
          {
            "name": "codDiv",
            "in": "query",
            "schema": {
              "type": "string"
            }
          }
        ],
        "requestBody": {
          "content": {
            "application/json": {
              "schema": {
                "$ref": "#/components/schemas/UpdateProductDetailDto"
              }
            },
            "text/json": {
              "schema": {
                "$ref": "#/components/schemas/UpdateProductDetailDto"
              }
            },
            "application/*+json": {
              "schema": {
                "$ref": "#/components/schemas/UpdateProductDetailDto"
              }
            }
          }
        },
        "responses": {
          "200": {
            "description": "OK"
          }
        }
      },
      "delete": {
        "tags": [
          "Promotion Product Details"
        ],
        "parameters": [
          {
            "name": "idAction",
            "in": "query",
            "schema": {
              "type": "integer",
              "format": "int32"
            }
          },
          {
            "name": "codProduct",
            "in": "query",
            "schema": {
              "type": "string"
            }
          },
          {
            "name": "levProduct",
            "in": "query",
            "schema": {
              "type": "integer",
              "format": "int32"
            }
          },
          {
            "name": "codDisplay",
            "in": "query",
            "schema": {
              "type": "string"
            }
          },
          {
            "name": "codNode",
            "in": "query",
            "schema": {
              "type": "string"
            }
          },
          {
            "name": "codDiv",
            "in": "query",
            "schema": {
              "type": "string"
            }
          }
        ],
        "responses": {
          "200": {
            "description": "OK"
          }
        }
      }
    },
    "/api/promotions/product-details/action/{idAction}": {
      "get": {
        "tags": [
          "Promotion Product Details"
        ],
        "parameters": [
          {
            "name": "idAction",
            "in": "path",
            "required": true,
            "schema": {
              "type": "integer",
              "format": "int32"
            }
          }
        ],
        "responses": {
          "200": {
            "description": "OK"
          }
        }
      }
    },
    "/api/promotions/product-details/find": {
      "get": {
        "tags": [
          "Promotion Product Details"
        ],
        "parameters": [
          {
            "name": "idAction",
            "in": "query",
            "schema": {
              "type": "integer",
              "format": "int32"
            }
          },
          {
            "name": "codProduct",
            "in": "query",
            "schema": {
              "type": "string"
            }
          },
          {
            "name": "levProduct",
            "in": "query",
            "schema": {
              "type": "integer",
              "format": "int32"
            }
          },
          {
            "name": "codDisplay",
            "in": "query",
            "schema": {
              "type": "string"
            }
          },
          {
            "name": "codNode",
            "in": "query",
            "schema": {
              "type": "string"
            }
          },
          {
            "name": "codDiv",
            "in": "query",
            "schema": {
              "type": "string"
            }
          }
        ],
        "responses": {
          "200": {
            "description": "OK"
          }
        }
      }
    },
    "/api/promotions/products": {
      "post": {
        "tags": [
          "Promotion Products"
        ],
        "requestBody": {
          "content": {
            "application/json": {
              "schema": {
                "$ref": "#/components/schemas/CreateProductDto"
              }
            },
            "text/json": {
              "schema": {
                "$ref": "#/components/schemas/CreateProductDto"
              }
            },
            "application/*+json": {
              "schema": {
                "$ref": "#/components/schemas/CreateProductDto"
              }
            }
          }
        },
        "responses": {
          "200": {
            "description": "OK"
          }
        }
      },
      "get": {
        "tags": [
          "Promotion Products"
        ],
        "responses": {
          "200": {
            "description": "OK"
          }
        }
      },
      "put": {
        "tags": [
          "Promotion Products"
        ],
        "parameters": [
          {
            "name": "idAction",
            "in": "query",
            "schema": {
              "type": "integer",
              "format": "int32"
            }
          },
          {
            "name": "codProduct",
            "in": "query",
            "schema": {
              "type": "string"
            }
          },
          {
            "name": "levProduct",
            "in": "query",
            "schema": {
              "type": "integer",
              "format": "int32"
            }
          },
          {
            "name": "codDisplay",
            "in": "query",
            "schema": {
              "type": "string"
            }
          }
        ],
        "requestBody": {
          "content": {
            "application/json": {
              "schema": {
                "$ref": "#/components/schemas/UpdateProductDto"
              }
            },
            "text/json": {
              "schema": {
                "$ref": "#/components/schemas/UpdateProductDto"
              }
            },
            "application/*+json": {
              "schema": {
                "$ref": "#/components/schemas/UpdateProductDto"
              }
            }
          }
        },
        "responses": {
          "200": {
            "description": "OK"
          }
        }
      },
      "delete": {
        "tags": [
          "Promotion Products"
        ],
        "parameters": [
          {
            "name": "idAction",
            "in": "query",
            "schema": {
              "type": "integer",
              "format": "int32"
            }
          },
          {
            "name": "codProduct",
            "in": "query",
            "schema": {
              "type": "string"
            }
          },
          {
            "name": "levProduct",
            "in": "query",
            "schema": {
              "type": "integer",
              "format": "int32"
            }
          },
          {
            "name": "codDisplay",
            "in": "query",
            "schema": {
              "type": "string"
            }
          }
        ],
        "responses": {
          "200": {
            "description": "OK"
          }
        }
      }
    },
    "/api/promotions/products/action/{idAction}": {
      "get": {
        "tags": [
          "Promotion Products"
        ],
        "parameters": [
          {
            "name": "idAction",
            "in": "path",
            "required": true,
            "schema": {
              "type": "integer",
              "format": "int32"
            }
          }
        ],
        "responses": {
          "200": {
            "description": "OK"
          }
        }
      }
    },
    "/api/promotions/products/{idAction}/{codProduct}/{levProduct}/{codDisplay}": {
      "get": {
        "tags": [
          "Promotion Products"
        ],
        "parameters": [
          {
            "name": "idAction",
            "in": "path",
            "required": true,
            "schema": {
              "type": "integer",
              "format": "int32"
            }
          },
          {
            "name": "codProduct",
            "in": "path",
            "required": true,
            "schema": {
              "type": "string"
            }
          },
          {
            "name": "levProduct",
            "in": "path",
            "required": true,
            "schema": {
              "type": "integer",
              "format": "int32"
            }
          },
          {
            "name": "codDisplay",
            "in": "path",
            "required": true,
            "schema": {
              "type": "string"
            }
          }
        ],
        "responses": {
          "200": {
            "description": "OK"
          }
        }
      }
    },
    "/api/Promotions": {
      "get": {
        "tags": [
          "Promotions"
        ],
        "responses": {
          "200": {
            "description": "OK"
          }
        }
      }
    },
    "/WeatherForecast": {
      "get": {
        "tags": [
          "WeatherForecast"
        ],
        "operationId": "GetWeatherForecast",
        "responses": {
          "200": {
            "description": "OK",
            "content": {
              "text/plain": {
                "schema": {
                  "type": "array",
                  "items": {
                    "$ref": "#/components/schemas/WeatherForecast"
                  }
                }
              },
              "application/json": {
                "schema": {
                  "type": "array",
                  "items": {
                    "$ref": "#/components/schemas/WeatherForecast"
                  }
                }
              },
              "text/json": {
                "schema": {
                  "type": "array",
                  "items": {
                    "$ref": "#/components/schemas/WeatherForecast"
                  }
                }
              }
            }
          }
        }
      }
    }
  },
  "components": {
    "schemas": {
      "AtomicCreateProductDetailDto": {
        "type": "object",
        "properties": {
          "codNode": {
            "type": "string",
            "nullable": true
          },
          "codDiv": {
            "type": "string",
            "nullable": true
          },
          "flgInclusion": {
            "type": "boolean"
          },
          "articles": {
            "type": "array",
            "items": {
              "$ref": "#/components/schemas/AtomicCreatePromoArticleDto"
            },
            "nullable": true
          }
        },
        "additionalProperties": false
      },
      "AtomicCreateProductDto": {
        "type": "object",
        "properties": {
          "codProduct": {
            "type": "string",
            "nullable": true
          },
          "levProduct": {
            "type": "integer",
            "format": "int32",
            "nullable": true
          },
          "codDisplay": {
            "type": "string",
            "nullable": true
          },
          "codDiv": {
            "type": "string",
            "nullable": true
          },
          "qtyEstimated": {
            "type": "number",
            "format": "double"
          },
          "perceDiscount1": {
            "type": "number",
            "format": "double",
            "nullable": true
          },
          "perceDiscount2": {
            "type": "number",
            "format": "double",
            "nullable": true
          },
          "numMeasure": {
            "type": "number",
            "format": "double",
            "nullable": true
          },
          "codMeasure": {
            "type": "string",
            "nullable": true
          },
          "details": {
            "type": "array",
            "items": {
              "$ref": "#/components/schemas/AtomicCreateProductDetailDto"
            },
            "nullable": true
          },
          "measureFields": {
            "type": "array",
            "items": {
              "$ref": "#/components/schemas/CreatePromoMeasureFieldDto"
            },
            "nullable": true
          }
        },
        "additionalProperties": false
      },
      "AtomicCreatePromoActionDto": {
        "type": "object",
        "properties": {
          "idAction": {
            "type": "integer",
            "format": "int32"
          },
          "name": {
            "type": "string",
            "nullable": true
          },
          "codDiv": {
            "type": "string",
            "nullable": true
          },
          "dteStartSellIn": {
            "type": "string",
            "format": "date-time"
          },
          "dteEndSellIn": {
            "type": "string",
            "format": "date-time"
          },
          "dteStartSellOut": {
            "type": "string",
            "format": "date-time"
          },
          "dteEndSellOut": {
            "type": "string",
            "format": "date-time"
          },
          "documentKey": {
            "type": "string",
            "nullable": true
          },
          "dteToShost": {
            "type": "string",
            "format": "date-time",
            "nullable": true
          },
          "levParticipants": {
            "type": "integer",
            "format": "int32",
            "nullable": true
          },
          "participants": {
            "type": "array",
            "items": {
              "$ref": "#/components/schemas/CreateParticipantDto"
            },
            "nullable": true
          },
          "deliveryPoints": {
            "type": "array",
            "items": {
              "$ref": "#/components/schemas/CreateDeliveryPointDto"
            },
            "nullable": true
          },
          "products": {
            "type": "array",
            "items": {
              "$ref": "#/components/schemas/AtomicCreateProductDto"
            },
            "nullable": true
          }
        },
        "additionalProperties": false
      },
      "AtomicCreatePromoArticleDto": {
        "type": "object",
        "properties": {
          "codDiv": {
            "type": "string",
            "nullable": true
          },
          "codNode": {
            "type": "string",
            "nullable": true
          },
          "codNode1": {
            "type": "string",
            "nullable": true
          },
          "codNode2": {
            "type": "string",
            "nullable": true
          },
          "codNodeN": {
            "type": "string",
            "nullable": true
          }
        },
        "additionalProperties": false
      },
      "CreateCustomerRelationDto": {
        "type": "object",
        "properties": {
          "codHier": {
            "type": "string",
            "nullable": true
          },
          "codDiv": {
            "type": "string",
            "nullable": true
          },
          "codNode": {
            "type": "string",
            "nullable": true
          },
          "idLevel": {
            "type": "integer",
            "format": "int32"
          },
          "dteStart": {
            "type": "string",
            "format": "date-time"
          },
          "codParentNode": {
            "type": "string",
            "nullable": true
          },
          "dteEnd": {
            "type": "string",
            "format": "date-time",
            "nullable": true
          }
        },
        "additionalProperties": false
      },
      "CreateDeliveryPointDto": {
        "type": "object",
        "properties": {
          "codDeliveryPoint": {
            "type": "string",
            "nullable": true
          },
          "flgInclusion": {
            "type": "boolean"
          },
          "codHier": {
            "type": "string",
            "nullable": true
          },
          "codDiv": {
            "type": "string",
            "nullable": true
          },
          "codNode": {
            "type": "string",
            "nullable": true
          },
          "idLevel": {
            "type": "integer",
            "format": "int32",
            "nullable": true
          },
          "dteStart": {
            "type": "string",
            "format": "date-time",
            "nullable": true
          }
        },
        "additionalProperties": false
      },
      "CreateParticipantDto": {
        "type": "object",
        "properties": {
          "codParticipant": {
            "type": "string",
            "nullable": true
          },
          "flgInclusion": {
            "type": "boolean"
          },
          "codHier": {
            "type": "string",
            "nullable": true
          },
          "codDiv": {
            "type": "string",
            "nullable": true
          },
          "codNode": {
            "type": "string",
            "nullable": true
          },
          "idLevel": {
            "type": "integer",
            "format": "int32",
            "nullable": true
          },
          "dteStart": {
            "type": "string",
            "format": "date-time",
            "nullable": true
          }
        },
        "additionalProperties": false
      },
      "CreateProductDetailDto": {
        "type": "object",
        "properties": {
          "idAction": {
            "type": "integer",
            "format": "int32",
            "nullable": true
          },
          "codProduct": {
            "type": "string",
            "nullable": true
          },
          "levProduct": {
            "type": "integer",
            "format": "int32",
            "nullable": true
          },
          "codDisplay": {
            "type": "string",
            "nullable": true
          },
          "codNode": {
            "type": "string",
            "nullable": true
          },
          "codDiv": {
            "type": "string",
            "nullable": true
          },
          "flgInclusion": {
            "type": "boolean"
          }
        },
        "additionalProperties": false
      },
      "CreateProductDto": {
        "type": "object",
        "properties": {
          "idAction": {
            "type": "integer",
            "format": "int32",
            "nullable": true
          },
          "codProduct": {
            "type": "string",
            "nullable": true
          },
          "levProduct": {
            "type": "integer",
            "format": "int32",
            "nullable": true
          },
          "codDisplay": {
            "type": "string",
            "nullable": true
          },
          "codDiv": {
            "type": "string",
            "nullable": true
          },
          "qtyEstimated": {
            "type": "number",
            "format": "double"
          },
          "perceDiscount1": {
            "type": "number",
            "format": "double",
            "nullable": true
          },
          "perceDiscount2": {
            "type": "number",
            "format": "double",
            "nullable": true
          },
          "numMeasure": {
            "type": "number",
            "format": "double",
            "nullable": true
          },
          "codMeasure": {
            "type": "string",
            "nullable": true
          },
          "details": {
            "type": "array",
            "items": {
              "$ref": "#/components/schemas/AtomicCreateProductDetailDto"
            },
            "nullable": true
          },
          "measureFields": {
            "type": "array",
            "items": {
              "$ref": "#/components/schemas/CreatePromoMeasureFieldDto"
            },
            "nullable": true
          }
        },
        "additionalProperties": false
      },
      "CreatePromoActionDto": {
        "type": "object",
        "properties": {
          "idAction": {
            "type": "integer",
            "format": "int32"
          },
          "name": {
            "type": "string",
            "nullable": true
          },
          "codDiv": {
            "type": "string",
            "nullable": true
          },
          "dteStartSellIn": {
            "type": "string",
            "format": "date-time"
          },
          "dteEndSellIn": {
            "type": "string",
            "format": "date-time"
          },
          "dteStartSellOut": {
            "type": "string",
            "format": "date-time"
          },
          "dteEndSellOut": {
            "type": "string",
            "format": "date-time"
          },
          "documentKey": {
            "type": "string",
            "nullable": true
          },
          "dteToShost": {
            "type": "string",
            "format": "date-time",
            "nullable": true
          },
          "levParticipants": {
            "type": "integer",
            "format": "int32",
            "nullable": true
          }
        },
        "additionalProperties": false
      },
      "CreatePromoArticleDto": {
        "type": "object",
        "properties": {
          "idAction": {
            "type": "integer",
            "format": "int32",
            "nullable": true
          },
          "codProduct": {
            "type": "string",
            "nullable": true
          },
          "levProduct": {
            "type": "integer",
            "format": "int32",
            "nullable": true
          },
          "codDisplay": {
            "type": "string",
            "nullable": true
          },
          "codDiv": {
            "type": "string",
            "nullable": true
          },
          "codNode": {
            "type": "string",
            "nullable": true
          },
          "codNode1": {
            "type": "string",
            "nullable": true
          },
          "codNode2": {
            "type": "string",
            "nullable": true
          },
          "codNodeN": {
            "type": "string",
            "nullable": true
          }
        },
        "additionalProperties": false
      },
      "CreatePromoMeasureFieldDto": {
        "type": "object",
        "properties": {
          "fieldName": {
            "type": "string",
            "nullable": true
          },
          "formula": {
            "type": "string",
            "nullable": true
          }
        },
        "additionalProperties": false
      },
      "PromoMeasureFieldDto": {
        "type": "object",
        "properties": {
          "codDiv": {
            "type": "string",
            "nullable": true
          },
          "codMeasure": {
            "type": "string",
            "nullable": true
          },
          "fieldName": {
            "type": "string",
            "nullable": true
          },
          "formula": {
            "type": "string",
            "nullable": true
          }
        },
        "additionalProperties": false
      },
      "SetLogLevelRequest": {
        "type": "object",
        "properties": {
          "level": {
            "type": "string",
            "nullable": true
          }
        },
        "additionalProperties": false
      },
      "UpdateCustomerRelationDto": {
        "type": "object",
        "properties": {
          "codParentNode": {
            "type": "string",
            "nullable": true
          },
          "dteEnd": {
            "type": "string",
            "format": "date-time",
            "nullable": true
          }
        },
        "additionalProperties": false
      },
      "UpdateDeliveryPointDto": {
        "type": "object",
        "properties": {
          "flgInclusion": {
            "type": "boolean"
          }
        },
        "additionalProperties": false
      },
      "UpdateParticipantDto": {
        "type": "object",
        "properties": {
          "flgInclusion": {
            "type": "boolean"
          }
        },
        "additionalProperties": false
      },
      "UpdateProductDetailDto": {
        "type": "object",
        "properties": {
          "flgInclusion": {
            "type": "boolean"
          }
        },
        "additionalProperties": false
      },
      "UpdateProductDto": {
        "type": "object",
        "properties": {
          "codDiv": {
            "type": "string",
            "nullable": true
          },
          "qtyEstimated": {
            "type": "number",
            "format": "double",
            "nullable": true
          },
          "perceDiscount1": {
            "type": "number",
            "format": "double",
            "nullable": true
          },
          "perceDiscount2": {
            "type": "number",
            "format": "double",
            "nullable": true
          },
          "numMeasure": {
            "type": "number",
            "format": "double",
            "nullable": true
          },
          "codMeasure": {
            "type": "string",
            "nullable": true
          }
        },
        "additionalProperties": false
      },
      "UpdatePromoActionDto": {
        "type": "object",
        "properties": {
          "name": {
            "type": "string",
            "nullable": true
          },
          "dteStartSellIn": {
            "type": "string",
            "format": "date-time",
            "nullable": true
          },
          "dteEndSellIn": {
            "type": "string",
            "format": "date-time",
            "nullable": true
          },
          "dteStartSellOut": {
            "type": "string",
            "format": "date-time",
            "nullable": true
          },
          "dteEndSellOut": {
            "type": "string",
            "format": "date-time",
            "nullable": true
          },
          "documentKey": {
            "type": "string",
            "nullable": true
          },
          "dteToShost": {
            "type": "string",
            "format": "date-time",
            "nullable": true
          },
          "levParticipants": {
            "type": "integer",
            "format": "int32",
            "nullable": true
          }
        },
        "additionalProperties": false
      },
      "UpdatePromoArticleDto": {
        "type": "object",
        "properties": {
          "codNode1": {
            "type": "string",
            "nullable": true
          },
          "codNode2": {
            "type": "string",
            "nullable": true
          },
          "codNodeN": {
            "type": "string",
            "nullable": true
          }
        },
        "additionalProperties": false
      },
      "UpdatePromoMeasureFieldDto": {
        "type": "object",
        "properties": {
          "formula": {
            "type": "string",
            "nullable": true
          }
        },
        "additionalProperties": false
      },
      "WeatherForecast": {
        "type": "object",
        "properties": {
          "date": {
            "type": "string",
            "format": "date"
          },
          "temperatureC": {
            "type": "integer",
            "format": "int32"
          },
          "temperatureF": {
            "type": "integer",
            "format": "int32",
            "readOnly": true
          },
          "summary": {
            "type": "string",
            "nullable": true
          }
        },
        "additionalProperties": false
      }
    },
    "securitySchemes": {
      "Bearer": {
        "type": "http",
        "description": "your valid token",
        "scheme": "bearer",
        "bearerFormat": "JWT"
      }
    }
  },
  "security": [
    {
      "Bearer": [ ]
    }
  ]
}
2026-03-09 11:53:51.277 +05:00 [INF] HTTP GET /swagger/v1/swagger.json responded 200 in 261.9642 ms
