2026-01-29 10:45:31.499 +05:00 [INF]  Promotion API started successfully
2026-01-29 10:45:34.251 +05:00 [INF] HTTP GET /swagger/index.html responded 200 in 183.0630 ms | User: Anonymous (N/A) | IP: ::1 | RequestBody:  | ResponseBody: <!-- HTML for static distribution bundle build -->
<!DOCTYPE html>
<html lang="en">
<head>
    <meta charset="UTF-8">
    <title>Swagger UI</title>
    <link rel="stylesheet" type="text/css" href="./swagger-ui.css">
    <link rel="icon" type="image/png" href="./favicon-32x32.png" sizes="32x32" />
    <link rel="icon" type="image/png" href="./favicon-16x16.png" sizes="16x16" />
    <style>

        html {
            box-sizing: border-box;
            overflow: -moz-scrollbars-vertical;
            overflow-y: scroll;
        }

        *,
        *:before,
        *:after {
            box-sizing: inherit;
        }

        body {
            margin: 0;
            background: #fafafa;
        }
    </style>
    
</head>

<body>
    <div id="swagger-ui"></div>

    <!-- Workaround for https://github.com/swagger-api/swagger-editor/issues/1371 -->
    <script>
        if (window.navigator.userAgent.indexOf("Edge") > -1) {
            console.log("Removing native Edge fetch in favor of swagger-ui's polyfill")
            window.fetch = undefined;
        }
    </script>

    <script src="./swagger-ui-bundle.js"></script>
    <script src="./swagger-ui-standalone-preset.js"></script>
    <script>
        /* Source: https://gist.github.com/lamberta/3768814
         * Parse a string function definition and return a function object. Does not use eval.
         * @param {string} str
         * @return {function}
         *
         * Example:
         *  var f = function (x, y) { return x * y; };
         *  var g = parseFunction(f.toString());
         *  g(33, 3); //=> 99
         */
        function parseFunction(str) {
            if (!str) return void (0);

            var fn_body_idx = str.indexOf('{'),
                fn_body = str.substring(fn_body_idx + 1, str.lastIndexOf('}')),
                fn_declare = str.substring(0, fn_body_idx),
                fn_params = fn_declare.substring(fn_declare.indexOf('(') + 1, fn_declare.lastIndexOf(')')),
                args = fn_params.split(',');

            args.push(fn_body);

            function Fn() {
                return Function.apply(this, args);
            }
            Fn.prototype = Function.prototype;

            return new Fn();
        }

        window.onload = function () {
            var configObject = JSON.parse('{"urls":[{"url":"v1/swagger.json","name":"Promotions.Api v1"}],"deepLinking":false,"persistAuthorization":false,"displayOperationId":false,"defaultModelsExpandDepth":1,"defaultModelExpandDepth":1,"defaultModelRendering":"example","displayRequestDuration":false,"docExpansion":"list","showExtensions":false,"showCommonExtensions":false,"supportedSubmitMethods":["get","put","post","delete","options","head","patch","trace"],"tryItOutEnabled":false}');
            var oauthConfigObject = JSON.parse('{"scopeSeparator":" ","scopes":[],"useBasicAuthenticationWithAccessCodeGrant":false,"usePkceWithAuthorizationCodeGrant":false}');

            // Workaround for https://github.com/swagger-api/swagger-ui/issues/5945
            configObject.urls.forEach(function (item) {
                if (item.url.startsWith("http") || item.url.startsWith("/")) return;
                item.url = window.location.href.replace("index.html", item.url).split('#')[0];
            });

            // If validatorUrl is not explicitly provided, disable the feature by setting to null
            if (!configObject.hasOwnProperty("validatorUrl"))
                configObject.validatorUrl = null

            // If oauth2RedirectUrl isn't specified, use the built-in default
            if (!configObject.hasOwnProperty("oauth2RedirectUrl"))
                configObject.oauth2RedirectUrl = (new URL("oauth2-redirect.html", window.location.href)).href;

            // Apply mandatory parameters
            configObject.dom_id = "#swagger-ui";
            configObject.presets = [SwaggerUIBundle.presets.apis, SwaggerUIStandalonePreset];
            configObject.layout = "StandaloneLayout";

            // Parse and add interceptor functions
            var interceptors = JSON.parse('{}');
            if (interceptors.RequestInterceptorFunction)
                configObject.requestInterceptor = parseFunction(interceptors.RequestInterceptorFunction);
            if (interceptors.ResponseInterceptorFunction)
                configObject.responseInterceptor = parseFunction(interceptors.ResponseInterceptorFunction);

            // Begin Swagger UI call region

            const ui = SwaggerUIBundle(configObject);

            ui.initOAuth(oauthConfigObject);

            // End Swagger UI call region

            window.ui = ui
        }
    </script>
</body>
</html>

2026-01-29 10:45:34.381 +05:00 [INF] HTTP GET /swagger/index.html responded 200 in 335.4997 ms
2026-01-29 10:45:36.606 +05:00 [INF] HTTP GET /swagger/v1/swagger.json responded 200 in 57.4778 ms | User: Anonymous (N/A) | IP: ::1 | RequestBody:  | ResponseBody: {
  "openapi": "3.0.1",
  "info": {
    "title": "Promotions.Api",
    "version": "1.0"
  },
  "paths": {
    "/api/promotions/customer-relations": {
      "post": {
        "tags": [
          "CustomerRelations"
        ],
        "requestBody": {
          "content": {
            "application/json": {
              "schema": {
                "$ref": "#/components/schemas/CreateCustomerRelationDto"
              }
            },
            "text/json": {
              "schema": {
                "$ref": "#/components/schemas/CreateCustomerRelationDto"
              }
            },
            "application/*+json": {
              "schema": {
                "$ref": "#/components/schemas/CreateCustomerRelationDto"
              }
            }
          }
        },
        "responses": {
          "200": {
            "description": "OK"
          }
        }
      },
      "get": {
        "tags": [
          "CustomerRelations"
        ],
        "responses": {
          "200": {
            "description": "OK"
          }
        }
      },
      "put": {
        "tags": [
          "CustomerRelations"
        ],
        "parameters": [
          {
            "name": "codHier",
            "in": "query",
            "schema": {
              "type": "string"
            }
          },
          {
            "name": "codDiv",
            "in": "query",
            "schema": {
              "type": "string"
            }
          },
          {
            "name": "codNode",
            "in": "query",
            "schema": {
              "type": "string"
            }
          },
          {
            "name": "idLevel",
            "in": "query",
            "schema": {
              "type": "integer",
              "format": "int32"
            }
          },
          {
            "name": "dteStart",
            "in": "query",
            "schema": {
              "type": "string",
              "format": "date-time"
            }
          }
        ],
        "requestBody": {
          "content": {
            "application/json": {
              "schema": {
                "$ref": "#/components/schemas/UpdateCustomerRelationDto"
              }
            },
            "text/json": {
              "schema": {
                "$ref": "#/components/schemas/UpdateCustomerRelationDto"
              }
            },
            "application/*+json": {
              "schema": {
                "$ref": "#/components/schemas/UpdateCustomerRelationDto"
              }
            }
          }
        },
        "responses": {
          "200": {
            "description": "OK"
          }
        }
      },
      "delete": {
        "tags": [
          "CustomerRelations"
        ],
        "parameters": [
          {
            "name": "codHier",
            "in": "query",
            "schema": {
              "type": "string"
            }
          },
          {
            "name": "codDiv",
            "in": "query",
            "schema": {
              "type": "string"
            }
          },
          {
            "name": "codNode",
            "in": "query",
            "schema": {
              "type": "string"
            }
          },
          {
            "name": "idLevel",
            "in": "query",
            "schema": {
              "type": "integer",
              "format": "int32"
            }
          },
          {
            "name": "dteStart",
            "in": "query",
            "schema": {
              "type": "string",
              "format": "date-time"
            }
          }
        ],
        "responses": {
          "200": {
            "description": "OK"
          }
        }
      }
    },
    "/api/promotions/customer-relations/{codHier}/{codDiv}/{codNode}/{idLevel}/{dteStart}": {
      "get": {
        "tags": [
          "CustomerRelations"
        ],
        "parameters": [
          {
            "name": "codHier",
            "in": "path",
            "required": true,
            "schema": {
              "type": "string"
            }
          },
          {
            "name": "codDiv",
            "in": "path",
            "required": true,
            "schema": {
              "type": "string"
            }
          },
          {
            "name": "codNode",
            "in": "path",
            "required": true,
            "schema": {
              "type": "string"
            }
          },
          {
            "name": "idLevel",
            "in": "path",
            "required": true,
            "schema": {
              "type": "integer",
              "format": "int32"
            }
          },
          {
            "name": "dteStart",
            "in": "path",
            "required": true,
            "schema": {
              "type": "string",
              "format": "date-time"
            }
          }
        ],
        "responses": {
          "200": {
            "description": "OK"
          }
        }
      }
    },
    "/api/promotions/dashboard/metrics": {
      "get": {
        "tags": [
          "Dashboard"
        ],
        "responses": {
          "200": {
            "description": "OK"
          }
        }
      }
    },
    "/api/actions/{idAction}/participants": {
      "post": {
        "tags": [
          "Participants"
        ],
        "parameters": [
          {
            "name": "idAction",
            "in": "path",
            "required": true,
            "schema": {
              "type": "integer",
              "format": "int32"
            }
          }
        ],
        "requestBody": {
          "content": {
            "application/json": {
              "schema": {
                "$ref": "#/components/schemas/CreateParticipantDto"
              }
            },
            "text/json": {
              "schema": {
                "$ref": "#/components/schemas/CreateParticipantDto"
              }
            },
            "application/*+json": {
              "schema": {
                "$ref": "#/components/schemas/CreateParticipantDto"
              }
            }
          }
        },
        "responses": {
          "200": {
            "description": "OK"
          }
        }
      },
      "get": {
        "tags": [
          "Participants"
        ],
        "parameters": [
          {
            "name": "idAction",
            "in": "path",
            "required": true,
            "schema": {
              "type": "integer",
              "format": "int32"
            }
          }
        ],
        "responses": {
          "200": {
            "description": "OK"
          }
        }
      }
    },
    "/api/actions/{idAction}/participants/{codParticipant}": {
      "put": {
        "tags": [
          "Participants"
        ],
        "parameters": [
          {
            "name": "idAction",
            "in": "path",
            "required": true,
            "schema": {
              "type": "integer",
              "format": "int32"
            }
          },
          {
            "name": "codParticipant",
            "in": "path",
            "required": true,
            "schema": {
              "type": "string"
            }
          }
        ],
        "requestBody": {
          "content": {
            "application/json": {
              "schema": {
                "$ref": "#/components/schemas/UpdateParticipantDto"
              }
            },
            "text/json": {
              "schema": {
                "$ref": "#/components/schemas/UpdateParticipantDto"
              }
            },
            "application/*+json": {
              "schema": {
                "$ref": "#/components/schemas/UpdateParticipantDto"
              }
            }
          }
        },
        "responses": {
          "200": {
            "description": "OK"
          }
        }
      },
      "delete": {
        "tags": [
          "Participants"
        ],
        "parameters": [
          {
            "name": "idAction",
            "in": "path",
            "required": true,
            "schema": {
              "type": "integer",
              "format": "int32"
            }
          },
          {
            "name": "codParticipant",
            "in": "path",
            "required": true,
            "schema": {
              "type": "string"
            }
          }
        ],
        "responses": {
          "200": {
            "description": "OK"
          }
        }
      }
    },
    "/api/participants/all": {
      "get": {
        "tags": [
          "Participants"
        ],
        "responses": {
          "200": {
            "description": "OK"
          }
        }
      }
    },
    "/api/promotions/actions": {
      "post": {
        "tags": [
          "Promotion Actions"
        ],
        "requestBody": {
          "content": {
            "application/json": {
              "schema": {
                "$ref": "#/components/schemas/CreatePromoActionDto"
              }
            },
            "text/json": {
              "schema": {
                "$ref": "#/components/schemas/CreatePromoActionDto"
              }
            },
            "application/*+json": {
              "schema": {
                "$ref": "#/components/schemas/CreatePromoActionDto"
              }
            }
          }
        },
        "responses": {
          "200": {
            "description": "OK"
          }
        }
      },
      "get": {
        "tags": [
          "Promotion Actions"
        ],
        "responses": {
          "200": {
            "description": "OK"
          }
        }
      },
      "put": {
        "tags": [
          "Promotion Actions"
        ],
        "parameters": [
          {
            "name": "idAction",
            "in": "query",
            "schema": {
              "type": "integer",
              "format": "int32"
            }
          }
        ],
        "requestBody": {
          "content": {
            "application/json": {
              "schema": {
                "$ref": "#/components/schemas/UpdatePromoActionDto"
              }
            },
            "text/json": {
              "schema": {
                "$ref": "#/components/schemas/UpdatePromoActionDto"
              }
            },
            "application/*+json": {
              "schema": {
                "$ref": "#/components/schemas/UpdatePromoActionDto"
              }
            }
          }
        },
        "responses": {
          "200": {
            "description": "OK"
          }
        }
      },
      "delete": {
        "tags": [
          "Promotion Actions"
        ],
        "parameters": [
          {
            "name": "idAction",
            "in": "query",
            "schema": {
              "type": "integer",
              "format": "int32"
            }
          }
        ],
        "responses": {
          "200": {
            "description": "OK"
          }
        }
      }
    },
    "/api/promotions/actions/atomic": {
      "post": {
        "tags": [
          "Promotion Actions"
        ],
        "requestBody": {
          "content": {
            "application/json": {
              "schema": {
                "$ref": "#/components/schemas/AtomicCreatePromoActionDto"
              }
            },
            "text/json": {
              "schema": {
                "$ref": "#/components/schemas/AtomicCreatePromoActionDto"
              }
            },
            "application/*+json": {
              "schema": {
                "$ref": "#/components/schemas/AtomicCreatePromoActionDto"
              }
            }
          }
        },
        "responses": {
          "200": {
            "description": "OK"
          }
        }
      }
    },
    "/api/promotions/actions/{idAction}": {
      "get": {
        "tags": [
          "Promotion Actions"
        ],
        "parameters": [
          {
            "name": "idAction",
            "in": "path",
            "required": true,
            "schema": {
              "type": "integer",
              "format": "int32"
            }
          }
        ],
        "responses": {
          "200": {
            "description": "OK"
          }
        }
      }
    },
    "/api/promotions/actions/{idAction}/complete": {
      "get": {
        "tags": [
          "Promotion Actions"
        ],
        "parameters": [
          {
            "name": "idAction",
            "in": "path",
            "required": true,
            "schema": {
              "type": "integer",
              "format": "int32"
            }
          }
        ],
        "responses": {
          "200": {
            "description": "OK"
          }
        }
      }
    },
    "/api/promotions/promo-articles": {
      "post": {
        "tags": [
          "Promotion Articles"
        ],
        "requestBody": {
          "content": {
            "application/json": {
              "schema": {
                "$ref": "#/components/schemas/CreatePromoArticleDto"
              }
            },
            "text/json": {
              "schema": {
                "$ref": "#/components/schemas/CreatePromoArticleDto"
              }
            },
            "application/*+json": {
              "schema": {
                "$ref": "#/components/schemas/CreatePromoArticleDto"
              }
            }
          }
        },
        "responses": {
          "200": {
            "description": "OK"
          }
        }
      },
      "get": {
        "tags": [
          "Promotion Articles"
        ],
        "responses": {
          "200": {
            "description": "OK"
          }
        }
      },
      "put": {
        "tags": [
          "Promotion Articles"
        ],
        "parameters": [
          {
            "name": "codDiv",
            "in": "query",
            "schema": {
              "type": "string"
            }
          },
          {
            "name": "codNode",
            "in": "query",
            "schema": {
              "type": "string"
            }
          }
        ],
        "requestBody": {
          "content": {
            "application/json": {
              "schema": {
                "$ref": "#/components/schemas/UpdatePromoArticleDto"
              }
            },
            "text/json": {
              "schema": {
                "$ref": "#/components/schemas/UpdatePromoArticleDto"
              }
            },
            "application/*+json": {
              "schema": {
                "$ref": "#/components/schemas/UpdatePromoArticleDto"
              }
            }
          }
        },
        "responses": {
          "200": {
            "description": "OK"
          }
        }
      },
      "delete": {
        "tags": [
          "Promotion Articles"
        ],
        "parameters": [
          {
            "name": "codDiv",
            "in": "query",
            "schema": {
              "type": "string"
            }
          },
          {
            "name": "codNode",
            "in": "query",
            "schema": {
              "type": "string"
            }
          }
        ],
        "responses": {
          "200": {
            "description": "OK"
          }
        }
      }
    },
    "/api/promotions/promo-articles/find": {
      "get": {
        "tags": [
          "Promotion Articles"
        ],
        "parameters": [
          {
            "name": "codDiv",
            "in": "query",
            "schema": {
              "type": "string"
            }
          },
          {
            "name": "codNode",
            "in": "query",
            "schema": {
              "type": "string"
            }
          }
        ],
        "responses": {
          "200": {
            "description": "OK"
          }
        }
      }
    },
    "/api/promotions/delivery-points/{idAction}/{codDeliveryPoint}": {
      "post": {
        "tags": [
          "Promotion Delivery Points"
        ],
        "parameters": [
          {
            "name": "idAction",
            "in": "path",
            "required": true,
            "schema": {
              "type": "integer",
              "format": "int32"
            }
          },
          {
            "name": "codDeliveryPoint",
            "in": "path",
            "required": true,
            "schema": {
              "type": "string"
            }
          }
        ],
        "requestBody": {
          "content": {
            "application/json": {
              "schema": {
                "$ref": "#/components/schemas/CreateDeliveryPointDto"
              }
            },
            "text/json": {
              "schema": {
                "$ref": "#/components/schemas/CreateDeliveryPointDto"
              }
            },
            "application/*+json": {
              "schema": {
                "$ref": "#/components/schemas/CreateDeliveryPointDto"
              }
            }
          }
        },
        "responses": {
          "200": {
            "description": "OK"
          }
        }
      },
      "get": {
        "tags": [
          "Promotion Delivery Points"
        ],
        "parameters": [
          {
            "name": "idAction",
            "in": "path",
            "required": true,
            "schema": {
              "type": "integer",
              "format": "int32"
            }
          },
          {
            "name": "codDeliveryPoint",
            "in": "path",
            "required": true,
            "schema": {
              "type": "string"
            }
          }
        ],
        "responses": {
          "200": {
            "description": "OK"
          }
        }
      },
      "put": {
        "tags": [
          "Promotion Delivery Points"
        ],
        "parameters": [
          {
            "name": "idAction",
            "in": "path",
            "required": true,
            "schema": {
              "type": "integer",
              "format": "int32"
            }
          },
          {
            "name": "codDeliveryPoint",
            "in": "path",
            "required": true,
            "schema": {
              "type": "string"
            }
          }
        ],
        "requestBody": {
          "content": {
            "application/json": {
              "schema": {
                "$ref": "#/components/schemas/UpdateDeliveryPointDto"
              }
            },
            "text/json": {
              "schema": {
                "$ref": "#/components/schemas/UpdateDeliveryPointDto"
              }
            },
            "application/*+json": {
              "schema": {
                "$ref": "#/components/schemas/UpdateDeliveryPointDto"
              }
            }
          }
        },
        "responses": {
          "200": {
            "description": "OK"
          }
        }
      },
      "delete": {
        "tags": [
          "Promotion Delivery Points"
        ],
        "parameters": [
          {
            "name": "idAction",
            "in": "path",
            "required": true,
            "schema": {
              "type": "integer",
              "format": "int32"
            }
          },
          {
            "name": "codDeliveryPoint",
            "in": "path",
            "required": true,
            "schema": {
              "type": "string"
            }
          }
        ],
        "responses": {
          "200": {
            "description": "OK"
          }
        }
      }
    },
    "/api/promotions/delivery-points": {
      "get": {
        "tags": [
          "Promotion Delivery Points"
        ],
        "responses": {
          "200": {
            "description": "OK"
          }
        }
      }
    },
    "/api/promotions/measures": {
      "post": {
        "tags": [
          "Promotion Measures"
        ],
        "requestBody": {
          "content": {
            "application/json": {
              "schema": {
                "$ref": "#/components/schemas/PromoMeasureFieldDto"
              }
            },
            "text/json": {
              "schema": {
                "$ref": "#/components/schemas/PromoMeasureFieldDto"
              }
            },
            "application/*+json": {
              "schema": {
                "$ref": "#/components/schemas/PromoMeasureFieldDto"
              }
            }
          }
        },
        "responses": {
          "200": {
            "description": "OK"
          }
        }
      },
      "get": {
        "tags": [
          "Promotion Measures"
        ],
        "responses": {
          "200": {
            "description": "OK"
          }
        }
      }
    },
    "/api/promotions/measures/{codMeasure}/{codDiv}/{fieldName}": {
      "get": {
        "tags": [
          "Promotion Measures"
        ],
        "parameters": [
          {
            "name": "codMeasure",
            "in": "path",
            "required": true,
            "schema": {
              "type": "string"
            }
          },
          {
            "name": "codDiv",
            "in": "path",
            "required": true,
            "schema": {
              "type": "string"
            }
          },
          {
            "name": "fieldName",
            "in": "path",
            "required": true,
            "schema": {
              "type": "string"
            }
          }
        ],
        "responses": {
          "200": {
            "description": "OK"
          }
        }
      },
      "put": {
        "tags": [
          "Promotion Measures"
        ],
        "parameters": [
          {
            "name": "codMeasure",
            "in": "path",
            "required": true,
            "schema": {
              "type": "string"
            }
          },
          {
            "name": "codDiv",
            "in": "path",
            "required": true,
            "schema": {
              "type": "string"
            }
          },
          {
            "name": "fieldName",
            "in": "path",
            "required": true,
            "schema": {
              "type": "string"
            }
          }
        ],
        "requestBody": {
          "content": {
            "application/json": {
              "schema": {
                "$ref": "#/components/schemas/UpdatePromoMeasureFieldDto"
              }
            },
            "text/json": {
              "schema": {
                "$ref": "#/components/schemas/UpdatePromoMeasureFieldDto"
              }
            },
            "application/*+json": {
              "schema": {
                "$ref": "#/components/schemas/UpdatePromoMeasureFieldDto"
              }
            }
          }
        },
        "responses": {
          "200": {
            "description": "OK"
          }
        }
      },
      "delete": {
        "tags": [
          "Promotion Measures"
        ],
        "parameters": [
          {
            "name": "codMeasure",
            "in": "path",
            "required": true,
            "schema": {
              "type": "string"
            }
          },
          {
            "name": "codDiv",
            "in": "path",
            "required": true,
            "schema": {
              "type": "string"
            }
          },
          {
            "name": "fieldName",
            "in": "path",
            "required": true,
            "schema": {
              "type": "string"
            }
          }
        ],
        "responses": {
          "200": {
            "description": "OK"
          }
        }
      }
    },
    "/api/promotions/product-details": {
      "post": {
        "tags": [
          "Promotion Product Details"
        ],
        "requestBody": {
          "content": {
            "application/json": {
              "schema": {
                "$ref": "#/components/schemas/CreateProductDetailDto"
              }
            },
            "text/json": {
              "schema": {
                "$ref": "#/components/schemas/CreateProductDetailDto"
              }
            },
            "application/*+json": {
              "schema": {
                "$ref": "#/components/schemas/CreateProductDetailDto"
              }
            }
          }
        },
        "responses": {
          "200": {
            "description": "OK"
          }
        }
      },
      "get": {
        "tags": [
          "Promotion Product Details"
        ],
        "responses": {
          "200": {
            "description": "OK"
          }
        }
      },
      "put": {
        "tags": [
          "Promotion Product Details"
        ],
        "parameters": [
          {
            "name": "idAction",
            "in": "query",
            "schema": {
              "type": "integer",
              "format": "int32"
            }
          },
          {
            "name": "codProduct",
            "in": "query",
            "schema": {
              "type": "string"
            }
          },
          {
            "name": "levProduct",
            "in": "query",
            "schema": {
              "type": "integer",
              "format": "int32"
            }
          },
          {
            "name": "codDisplay",
            "in": "query",
            "schema": {
              "type": "string"
            }
          },
          {
            "name": "codNode",
            "in": "query",
            "schema": {
              "type": "string"
            }
          },
          {
            "name": "codDiv",
            "in": "query",
            "schema": {
              "type": "string"
            }
          }
        ],
        "requestBody": {
          "content": {
            "application/json": {
              "schema": {
                "$ref": "#/components/schemas/UpdateProductDetailDto"
              }
            },
            "text/json": {
              "schema": {
                "$ref": "#/components/schemas/UpdateProductDetailDto"
              }
            },
            "application/*+json": {
              "schema": {
                "$ref": "#/components/schemas/UpdateProductDetailDto"
              }
            }
          }
        },
        "responses": {
          "200": {
            "description": "OK"
          }
        }
      },
      "delete": {
        "tags": [
          "Promotion Product Details"
        ],
        "parameters": [
          {
            "name": "idAction",
            "in": "query",
            "schema": {
              "type": "integer",
              "format": "int32"
            }
          },
          {
            "name": "codProduct",
            "in": "query",
            "schema": {
              "type": "string"
            }
          },
          {
            "name": "levProduct",
            "in": "query",
            "schema": {
              "type": "integer",
              "format": "int32"
            }
          },
          {
            "name": "codDisplay",
            "in": "query",
            "schema": {
              "type": "string"
            }
          },
          {
            "name": "codNode",
            "in": "query",
            "schema": {
              "type": "string"
            }
          },
          {
            "name": "codDiv",
            "in": "query",
            "schema": {
              "type": "string"
            }
          }
        ],
        "responses": {
          "200": {
            "description": "OK"
          }
        }
      }
    },
    "/api/promotions/product-details/action/{idAction}": {
      "get": {
        "tags": [
          "Promotion Product Details"
        ],
        "parameters": [
          {
            "name": "idAction",
            "in": "path",
            "required": true,
            "schema": {
              "type": "integer",
              "format": "int32"
            }
          }
        ],
        "responses": {
          "200": {
            "description": "OK"
          }
        }
      }
    },
    "/api/promotions/product-details/find": {
      "get": {
        "tags": [
          "Promotion Product Details"
        ],
        "parameters": [
          {
            "name": "idAction",
            "in": "query",
            "schema": {
              "type": "integer",
              "format": "int32"
            }
          },
          {
            "name": "codProduct",
            "in": "query",
            "schema": {
              "type": "string"
            }
          },
          {
            "name": "levProduct",
            "in": "query",
            "schema": {
              "type": "integer",
              "format": "int32"
            }
          },
          {
            "name": "codDisplay",
            "in": "query",
            "schema": {
              "type": "string"
            }
          },
          {
            "name": "codNode",
            "in": "query",
            "schema": {
              "type": "string"
            }
          },
          {
            "name": "codDiv",
            "in": "query",
            "schema": {
              "type": "string"
            }
          }
        ],
        "responses": {
          "200": {
            "description": "OK"
          }
        }
      }
    },
    "/api/promotions/products": {
      "post": {
        "tags": [
          "Promotion Products"
        ],
        "requestBody": {
          "content": {
            "application/json": {
              "schema": {
                "$ref": "#/components/schemas/CreateProductDto"
              }
            },
            "text/json": {
              "schema": {
                "$ref": "#/components/schemas/CreateProductDto"
              }
            },
            "application/*+json": {
              "schema": {
                "$ref": "#/components/schemas/CreateProductDto"
              }
            }
          }
        },
        "responses": {
          "200": {
            "description": "OK"
          }
        }
      },
      "get": {
        "tags": [
          "Promotion Products"
        ],
        "responses": {
          "200": {
            "description": "OK"
          }
        }
      },
      "put": {
        "tags": [
          "Promotion Products"
        ],
        "parameters": [
          {
            "name": "idAction",
            "in": "query",
            "schema": {
              "type": "integer",
              "format": "int32"
            }
          },
          {
            "name": "codProduct",
            "in": "query",
            "schema": {
              "type": "string"
            }
          },
          {
            "name": "levProduct",
            "in": "query",
            "schema": {
              "type": "integer",
              "format": "int32"
            }
          },
          {
            "name": "codDisplay",
            "in": "query",
            "schema": {
              "type": "string"
            }
          }
        ],
        "requestBody": {
          "content": {
            "application/json": {
              "schema": {
                "$ref": "#/components/schemas/UpdateProductDto"
              }
            },
            "text/json": {
              "schema": {
                "$ref": "#/components/schemas/UpdateProductDto"
              }
            },
            "application/*+json": {
              "schema": {
                "$ref": "#/components/schemas/UpdateProductDto"
              }
            }
          }
        },
        "responses": {
          "200": {
            "description": "OK"
          }
        }
      },
      "delete": {
        "tags": [
          "Promotion Products"
        ],
        "parameters": [
          {
            "name": "idAction",
            "in": "query",
            "schema": {
              "type": "integer",
              "format": "int32"
            }
          },
          {
            "name": "codProduct",
            "in": "query",
            "schema": {
              "type": "string"
            }
          },
          {
            "name": "levProduct",
            "in": "query",
            "schema": {
              "type": "integer",
              "format": "int32"
            }
          },
          {
            "name": "codDisplay",
            "in": "query",
            "schema": {
              "type": "string"
            }
          }
        ],
        "responses": {
          "200": {
            "description": "OK"
          }
        }
      }
    },
    "/api/promotions/products/action/{idAction}": {
      "get": {
        "tags": [
          "Promotion Products"
        ],
        "parameters": [
          {
            "name": "idAction",
            "in": "path",
            "required": true,
            "schema": {
              "type": "integer",
              "format": "int32"
            }
          }
        ],
        "responses": {
          "200": {
            "description": "OK"
          }
        }
      }
    },
    "/api/promotions/products/{idAction}/{codProduct}/{levProduct}/{codDisplay}": {
      "get": {
        "tags": [
          "Promotion Products"
        ],
        "parameters": [
          {
            "name": "idAction",
            "in": "path",
            "required": true,
            "schema": {
              "type": "integer",
              "format": "int32"
            }
          },
          {
            "name": "codProduct",
            "in": "path",
            "required": true,
            "schema": {
              "type": "string"
            }
          },
          {
            "name": "levProduct",
            "in": "path",
            "required": true,
            "schema": {
              "type": "integer",
              "format": "int32"
            }
          },
          {
            "name": "codDisplay",
            "in": "path",
            "required": true,
            "schema": {
              "type": "string"
            }
          }
        ],
        "responses": {
          "200": {
            "description": "OK"
          }
        }
      }
    },
    "/api/Promotions": {
      "get": {
        "tags": [
          "Promotions"
        ],
        "responses": {
          "200": {
            "description": "OK"
          }
        }
      }
    },
    "/WeatherForecast": {
      "get": {
        "tags": [
          "WeatherForecast"
        ],
        "operationId": "GetWeatherForecast",
        "responses": {
          "200": {
            "description": "OK",
            "content": {
              "text/plain": {
                "schema": {
                  "type": "array",
                  "items": {
                    "$ref": "#/components/schemas/WeatherForecast"
                  }
                }
              },
              "application/json": {
                "schema": {
                  "type": "array",
                  "items": {
                    "$ref": "#/components/schemas/WeatherForecast"
                  }
                }
              },
              "text/json": {
                "schema": {
                  "type": "array",
                  "items": {
                    "$ref": "#/components/schemas/WeatherForecast"
                  }
                }
              }
            }
          }
        }
      }
    }
  },
  "components": {
    "schemas": {
      "AtomicCreateProductDetailDto": {
        "type": "object",
        "properties": {
          "codNode": {
            "type": "string",
            "nullable": true
          },
          "codDiv": {
            "type": "string",
            "nullable": true
          },
          "flgInclusion": {
            "type": "boolean"
          },
          "articles": {
            "type": "array",
            "items": {
              "$ref": "#/components/schemas/AtomicCreatePromoArticleDto"
            },
            "nullable": true
          }
        },
        "additionalProperties": false
      },
      "AtomicCreateProductDto": {
        "type": "object",
        "properties": {
          "codProduct": {
            "type": "string",
            "nullable": true
          },
          "levProduct": {
            "type": "integer",
            "format": "int32",
            "nullable": true
          },
          "codDisplay": {
            "type": "string",
            "nullable": true
          },
          "codDiv": {
            "type": "string",
            "nullable": true
          },
          "qtyEstimated": {
            "type": "number",
            "format": "double"
          },
          "perceDiscount1": {
            "type": "number",
            "format": "double",
            "nullable": true
          },
          "perceDiscount2": {
            "type": "number",
            "format": "double",
            "nullable": true
          },
          "numMeasure": {
            "type": "number",
            "format": "double",
            "nullable": true
          },
          "codMeasure": {
            "type": "string",
            "nullable": true
          },
          "details": {
            "type": "array",
            "items": {
              "$ref": "#/components/schemas/AtomicCreateProductDetailDto"
            },
            "nullable": true
          },
          "measureFields": {
            "type": "array",
            "items": {
              "$ref": "#/components/schemas/CreatePromoMeasureFieldDto"
            },
            "nullable": true
          }
        },
        "additionalProperties": false
      },
      "AtomicCreatePromoActionDto": {
        "type": "object",
        "properties": {
          "idAction": {
            "type": "integer",
            "format": "int32"
          },
          "name": {
            "type": "string",
            "nullable": true
          },
          "codDiv": {
            "type": "string",
            "nullable": true
          },
          "dteStartSellIn": {
            "type": "string",
            "format": "date-time"
          },
          "dteEndSellIn": {
            "type": "string",
            "format": "date-time"
          },
          "dteStartSellOut": {
            "type": "string",
            "format": "date-time"
          },
          "dteEndSellOut": {
            "type": "string",
            "format": "date-time"
          },
          "documentKey": {
            "type": "string",
            "nullable": true
          },
          "dteToShost": {
            "type": "string",
            "format": "date-time",
            "nullable": true
          },
          "levParticipants": {
            "type": "integer",
            "format": "int32",
            "nullable": true
          },
          "participants": {
            "type": "array",
            "items": {
              "$ref": "#/components/schemas/CreateParticipantDto"
            },
            "nullable": true
          },
          "deliveryPoints": {
            "type": "array",
            "items": {
              "$ref": "#/components/schemas/CreateDeliveryPointDto"
            },
            "nullable": true
          },
          "products": {
            "type": "array",
            "items": {
              "$ref": "#/components/schemas/AtomicCreateProductDto"
            },
            "nullable": true
          }
        },
        "additionalProperties": false
      },
      "AtomicCreatePromoArticleDto": {
        "type": "object",
        "properties": {
          "codDiv": {
            "type": "string",
            "nullable": true
          },
          "codNode": {
            "type": "string",
            "nullable": true
          },
          "codNode1": {
            "type": "string",
            "nullable": true
          },
          "codNode2": {
            "type": "string",
            "nullable": true
          },
          "codNodeN": {
            "type": "string",
            "nullable": true
          }
        },
        "additionalProperties": false
      },
      "CreateCustomerRelationDto": {
        "type": "object",
        "properties": {
          "codHier": {
            "type": "string",
            "nullable": true
          },
          "codDiv": {
            "type": "string",
            "nullable": true
          },
          "codNode": {
            "type": "string",
            "nullable": true
          },
          "idLevel": {
            "type": "integer",
            "format": "int32"
          },
          "dteStart": {
            "type": "string",
            "format": "date-time"
          },
          "codParentNode": {
            "type": "string",
            "nullable": true
          },
          "dteEnd": {
            "type": "string",
            "format": "date-time",
            "nullable": true
          }
        },
        "additionalProperties": false
      },
      "CreateDeliveryPointDto": {
        "type": "object",
        "properties": {
          "codDeliveryPoint": {
            "type": "string",
            "nullable": true
          },
          "flgInclusion": {
            "type": "boolean"
          },
          "codHier": {
            "type": "string",
            "nullable": true
          },
          "codDiv": {
            "type": "string",
            "nullable": true
          },
          "codNode": {
            "type": "string",
            "nullable": true
          },
          "idLevel": {
            "type": "integer",
            "format": "int32",
            "nullable": true
          },
          "dteStart": {
            "type": "string",
            "format": "date-time",
            "nullable": true
          }
        },
        "additionalProperties": false
      },
      "CreateParticipantDto": {
        "type": "object",
        "properties": {
          "codParticipant": {
            "type": "string",
            "nullable": true
          },
          "flgInclusion": {
            "type": "boolean"
          },
          "codHier": {
            "type": "string",
            "nullable": true
          },
          "codDiv": {
            "type": "string",
            "nullable": true
          },
          "codNode": {
            "type": "string",
            "nullable": true
          },
          "idLevel": {
            "type": "integer",
            "format": "int32",
            "nullable": true
          },
          "dteStart": {
            "type": "string",
            "format": "date-time",
            "nullable": true
          }
        },
        "additionalProperties": false
      },
      "CreateProductDetailDto": {
        "type": "object",
        "properties": {
          "idAction": {
            "type": "integer",
            "format": "int32",
            "nullable": true
          },
          "codProduct": {
            "type": "string",
            "nullable": true
          },
          "levProduct": {
            "type": "integer",
            "format": "int32",
            "nullable": true
          },
          "codDisplay": {
            "type": "string",
            "nullable": true
          },
          "codNode": {
            "type": "string",
            "nullable": true
          },
          "codDiv": {
            "type": "string",
            "nullable": true
          },
          "flgInclusion": {
            "type": "boolean"
          }
        },
        "additionalProperties": false
      },
      "CreateProductDto": {
        "type": "object",
        "properties": {
          "idAction": {
            "type": "integer",
            "format": "int32",
            "nullable": true
          },
          "codProduct": {
            "type": "string",
            "nullable": true
          },
          "levProduct": {
            "type": "integer",
            "format": "int32",
            "nullable": true
          },
          "codDisplay": {
            "type": "string",
            "nullable": true
          },
          "codDiv": {
            "type": "string",
            "nullable": true
          },
          "qtyEstimated": {
            "type": "number",
            "format": "double"
          },
          "perceDiscount1": {
            "type": "number",
            "format": "double",
            "nullable": true
          },
          "perceDiscount2": {
            "type": "number",
            "format": "double",
            "nullable": true
          },
          "numMeasure": {
            "type": "number",
            "format": "double",
            "nullable": true
          },
          "codMeasure": {
            "type": "string",
            "nullable": true
          },
          "details": {
            "type": "array",
            "items": {
              "$ref": "#/components/schemas/AtomicCreateProductDetailDto"
            },
            "nullable": true
          },
          "measureFields": {
            "type": "array",
            "items": {
              "$ref": "#/components/schemas/CreatePromoMeasureFieldDto"
            },
            "nullable": true
          }
        },
        "additionalProperties": false
      },
      "CreatePromoActionDto": {
        "type": "object",
        "properties": {
          "idAction": {
            "type": "integer",
            "format": "int32"
          },
          "name": {
            "type": "string",
            "nullable": true
          },
          "codDiv": {
            "type": "string",
            "nullable": true
          },
          "dteStartSellIn": {
            "type": "string",
            "format": "date-time"
          },
          "dteEndSellIn": {
            "type": "string",
            "format": "date-time"
          },
          "dteStartSellOut": {
            "type": "string",
            "format": "date-time"
          },
          "dteEndSellOut": {
            "type": "string",
            "format": "date-time"
          },
          "documentKey": {
            "type": "string",
            "nullable": true
          },
          "dteToShost": {
            "type": "string",
            "format": "date-time",
            "nullable": true
          },
          "levParticipants": {
            "type": "integer",
            "format": "int32",
            "nullable": true
          }
        },
        "additionalProperties": false
      },
      "CreatePromoArticleDto": {
        "type": "object",
        "properties": {
          "idAction": {
            "type": "integer",
            "format": "int32",
            "nullable": true
          },
          "codProduct": {
            "type": "string",
            "nullable": true
          },
          "levProduct": {
            "type": "integer",
            "format": "int32",
            "nullable": true
          },
          "codDisplay": {
            "type": "string",
            "nullable": true
          },
          "codDiv": {
            "type": "string",
            "nullable": true
          },
          "codNode": {
            "type": "string",
            "nullable": true
          },
          "codNode1": {
            "type": "string",
            "nullable": true
          },
          "codNode2": {
            "type": "string",
            "nullable": true
          },
          "codNodeN": {
            "type": "string",
            "nullable": true
          }
        },
        "additionalProperties": false
      },
      "CreatePromoMeasureFieldDto": {
        "type": "object",
        "properties": {
          "fieldName": {
            "type": "string",
            "nullable": true
          },
          "formula": {
            "type": "string",
            "nullable": true
          }
        },
        "additionalProperties": false
      },
      "PromoMeasureFieldDto": {
        "type": "object",
        "properties": {
          "codDiv": {
            "type": "string",
            "nullable": true
          },
          "codMeasure": {
            "type": "string",
            "nullable": true
          },
          "fieldName": {
            "type": "string",
            "nullable": true
          },
          "formula": {
            "type": "string",
            "nullable": true
          }
        },
        "additionalProperties": false
      },
      "UpdateCustomerRelationDto": {
        "type": "object",
        "properties": {
          "codParentNode": {
            "type": "string",
            "nullable": true
          },
          "dteEnd": {
            "type": "string",
            "format": "date-time",
            "nullable": true
          }
        },
        "additionalProperties": false
      },
      "UpdateDeliveryPointDto": {
        "type": "object",
        "properties": {
          "flgInclusion": {
            "type": "boolean"
          }
        },
        "additionalProperties": false
      },
      "UpdateParticipantDto": {
        "type": "object",
        "properties": {
          "flgInclusion": {
            "type": "boolean"
          }
        },
        "additionalProperties": false
      },
      "UpdateProductDetailDto": {
        "type": "object",
        "properties": {
          "flgInclusion": {
            "type": "boolean"
          }
        },
        "additionalProperties": false
      },
      "UpdateProductDto": {
        "type": "object",
        "properties": {
          "codDiv": {
            "type": "string",
            "nullable": true
          },
          "qtyEstimated": {
            "type": "number",
            "format": "double",
            "nullable": true
          },
          "perceDiscount1": {
            "type": "number",
            "format": "double",
            "nullable": true
          },
          "perceDiscount2": {
            "type": "number",
            "format": "double",
            "nullable": true
          },
          "numMeasure": {
            "type": "number",
            "format": "double",
            "nullable": true
          },
          "codMeasure": {
            "type": "string",
            "nullable": true
          }
        },
        "additionalProperties": false
      },
      "UpdatePromoActionDto": {
        "type": "object",
        "properties": {
          "name": {
            "type": "string",
            "nullable": true
          },
          "dteStartSellIn": {
            "type": "string",
            "format": "date-time",
            "nullable": true
          },
          "dteEndSellIn": {
            "type": "string",
            "format": "date-time",
            "nullable": true
          },
          "dteStartSellOut": {
            "type": "string",
            "format": "date-time",
            "nullable": true
          },
          "dteEndSellOut": {
            "type": "string",
            "format": "date-time",
            "nullable": true
          },
          "documentKey": {
            "type": "string",
            "nullable": true
          },
          "dteToShost": {
            "type": "string",
            "format": "date-time",
            "nullable": true
          },
          "levParticipants": {
            "type": "integer",
            "format": "int32",
            "nullable": true
          }
        },
        "additionalProperties": false
      },
      "UpdatePromoArticleDto": {
        "type": "object",
        "properties": {
          "codNode1": {
            "type": "string",
            "nullable": true
          },
          "codNode2": {
            "type": "string",
            "nullable": true
          },
          "codNodeN": {
            "type": "string",
            "nullable": true
          }
        },
        "additionalProperties": false
      },
      "UpdatePromoMeasureFieldDto": {
        "type": "object",
        "properties": {
          "formula": {
            "type": "string",
            "nullable": true
          }
        },
        "additionalProperties": false
      },
      "WeatherForecast": {
        "type": "object",
        "properties": {
          "date": {
            "type": "string",
            "format": "date"
          },
          "temperatureC": {
            "type": "integer",
            "format": "int32"
          },
          "temperatureF": {
            "type": "integer",
            "format": "int32",
            "readOnly": true
          },
          "summary": {
            "type": "string",
            "nullable": true
          }
        },
        "additionalProperties": false
      }
    },
    "securitySchemes": {
      "Bearer": {
        "type": "http",
        "description": "your valid token",
        "scheme": "bearer",
        "bearerFormat": "JWT"
      }
    }
  },
  "security": [
    {
      "Bearer": [ ]
    }
  ]
}
2026-01-29 10:45:36.626 +05:00 [INF] HTTP GET /swagger/v1/swagger.json responded 200 in 77.4098 ms
2026-01-29 10:47:30.118 +05:00 [WRN] No store type was specified for the decimal property 'NumMeasure' on entity type 'PromoProduct'. This will cause values to be silently truncated if they do not fit in the default precision and scale. Explicitly specify the SQL server column type that can accommodate all the values in 'OnModelCreating' using 'HasColumnType', specify precision and scale using 'HasPrecision', or configure a value converter using 'HasConversion'.
2026-01-29 10:47:30.136 +05:00 [WRN] No store type was specified for the decimal property 'PerceDiscount1' on entity type 'PromoProduct'. This will cause values to be silently truncated if they do not fit in the default precision and scale. Explicitly specify the SQL server column type that can accommodate all the values in 'OnModelCreating' using 'HasColumnType', specify precision and scale using 'HasPrecision', or configure a value converter using 'HasConversion'.
2026-01-29 10:47:30.140 +05:00 [WRN] No store type was specified for the decimal property 'PerceDiscount2' on entity type 'PromoProduct'. This will cause values to be silently truncated if they do not fit in the default precision and scale. Explicitly specify the SQL server column type that can accommodate all the values in 'OnModelCreating' using 'HasColumnType', specify precision and scale using 'HasPrecision', or configure a value converter using 'HasConversion'.
2026-01-29 10:47:30.143 +05:00 [WRN] No store type was specified for the decimal property 'QtyEstimated' on entity type 'PromoProduct'. This will cause values to be silently truncated if they do not fit in the default precision and scale. Explicitly specify the SQL server column type that can accommodate all the values in 'OnModelCreating' using 'HasColumnType', specify precision and scale using 'HasPrecision', or configure a value converter using 'HasConversion'.
2026-01-29 10:47:32.232 +05:00 [INF] HTTP GET /api/promotions/delivery-points responded 200 in 4515.2292 ms | User: Talha (N/A) | IP: ::1 | RequestBody:  | ResponseBody: [{"idAction":3,"codDeliveryPoint":"NODE_3","flgInclusion":true,"codHier":"H_3","codDiv":"DIV_3","codNode":"NODE_3","idLevel":3,"dteStart":"2026-01-01T10:45:00"},{"idAction":10,"codDeliveryPoint":"NODE_10","flgInclusion":true,"codHier":"H_10","codDiv":"DIV_10","codNode":"NODE_10","idLevel":10,"dteStart":"2026-01-01T14:45:00"},{"idAction":1111,"codDeliveryPoint":"NODE_1111","flgInclusion":true,"codHier":"H_1111","codDiv":"DIV_1111","codNode":"NODE_1111","idLevel":11,"dteStart":"2026-01-01T17:00:00"},{"idAction":5005,"codDeliveryPoint":"","flgInclusion":true,"codHier":"H-2255","codDiv":"DIV-2255","codNode":"CUST-2255","idLevel":10,"dteStart":"2026-01-01T00:00:00"},{"idAction":6767,"codDeliveryPoint":"DP-6767","flgInclusion":true,"codHier":"H-6767","codDiv":"DIV-6767","codNode":"CUST-6767","idLevel":5,"dteStart":"2026-01-01T12:15:00"},{"idAction":7000,"codDeliveryPoint":"DP-7000","flgInclusion":true,"codHier":"H-7000","codDiv":"DIV-7000","codNode":"CUST-7000","idLevel":10,"dteStart":"2026-01-01T00:00:00"}]
2026-01-29 10:47:32.232 +05:00 [INF] HTTP GET /api/participants/all responded 200 in 4515.2388 ms | User: Talha (N/A) | IP: ::1 | RequestBody:  | ResponseBody: [{"idAction":3,"codParticipant":"NODE_3","flgInclusion":true,"codHier":"H_3","codDiv":"DIV_3","codNode":"NODE_3","idLevel":3,"dteStart":"2026-01-01T10:45:00"},{"idAction":10,"codParticipant":"NODE_10","flgInclusion":true,"codHier":"H_10","codDiv":"DIV_10","codNode":"NODE_10","idLevel":10,"dteStart":"2026-01-01T14:45:00"},{"idAction":1111,"codParticipant":"NODE_1111","flgInclusion":true,"codHier":"H_1111","codDiv":"DIV_1111","codNode":"NODE_1111","idLevel":11,"dteStart":"2026-01-01T17:00:00"},{"idAction":2323,"codParticipant":"P-2323","flgInclusion":true,"codHier":"H-2323","codDiv":"D-2323","codNode":"C-2323","idLevel":4,"dteStart":"2026-01-01T12:48:00"},{"idAction":5005,"codParticipant":"","flgInclusion":true,"codHier":"H-9999","codDiv":"DIV-9999","codNode":"CUST-9999","idLevel":10,"dteStart":"2026-01-01T00:00:00"},{"idAction":6000,"codParticipant":"P-6000","flgInclusion":true,"codHier":"H-6000","codDiv":"DIV-6000","codNode":"CUST-6000","idLevel":10,"dteStart":"2026-01-01T00:00:00"},{"idAction":6767,"codParticipant":"P-6767","flgInclusion":false,"codHier":"H-6767","codDiv":"DIV-6767","codNode":"CUST-6767","idLevel":5,"dteStart":"2026-01-01T12:15:00"},{"idAction":7000,"codParticipant":"P-7000","flgInclusion":true,"codHier":"H-7000","codDiv":"DIV-7000","codNode":"CUST-7000","idLevel":10,"dteStart":"2026-01-01T00:00:00"},{"idAction":8888,"codParticipant":"P-8888","flgInclusion":true,"codHier":"H-8888","codDiv":"DIV-8888","codNode":"CUST-8888","idLevel":10,"dteStart":"2026-01-01T00:00:00"},{"idAction":9000,"codParticipant":"P-9000","flgInclusion":true,"codHier":"H-9000","codDiv":"DIV-9000","codNode":"CUST-9000","idLevel":10,"dteStart":"2026-01-01T00:00:00"},{"idAction":9999,"codParticipant":"P-9999","flgInclusion":true,"codHier":"H-9999","codDiv":"DIV-9999","codNode":"CUST-9999","idLevel":10,"dteStart":"2026-01-01T00:00:00"}]
2026-01-29 10:47:32.241 +05:00 [INF] HTTP GET /api/promotions/actions responded 200 in 4525.0846 ms | User: Talha (N/A) | IP: ::1 | RequestBody:  | ResponseBody: [{"idAction":3,"name":"PROMO_3","codDiv":"DIV_3","dteStartSellIn":"2026-01-14T10:44:00","dteEndSellIn":"2026-01-15T10:45:00","dteStartSellOut":"2026-01-25T10:45:00","dteEndSellOut":"2026-01-30T10:45:00","documentKey":"KEY_3","dteToShost":"2026-01-10T10:44:00","levParticipants":3},{"idAction":10,"name":"PROMO_10","codDiv":"DIV_10","dteStartSellIn":"2026-01-30T14:45:00","dteEndSellIn":"2026-01-31T14:45:00","dteStartSellOut":"2026-01-23T14:45:00","dteEndSellOut":"2026-01-24T14:45:00","documentKey":"DOCC_KEY_10","dteToShost":"2026-01-29T14:44:00","levParticipants":10},{"idAction":45,"name":"cccc","codDiv":"DIV01","dteStartSellIn":"2026-01-16T00:00:00","dteEndSellIn":"2026-01-17T00:00:00","dteStartSellOut":"2026-01-16T00:00:00","dteEndSellOut":"2026-01-17T00:00:00","documentKey":null,"dteToShost":null,"levParticipants":2},{"idAction":1111,"name":"PROMO_1111","codDiv":"DIV_1111","dteStartSellIn":"2026-01-01T17:00:00","dteEndSellIn":"2026-01-30T17:02:00","dteStartSellOut":"2026-01-17T17:02:00","dteEndSellOut":"2026-01-28T17:02:00","documentKey":"1111_DOCC_KEY","dteToShost":"2026-01-13T17:02:00","levParticipants":11},{"idAction":2020,"name":"Spring Special 2020","codDiv":"D-2020","dteStartSellIn":"2026-01-03T12:28:00","dteEndSellIn":"2026-01-04T12:28:00","dteStartSellOut":"2026-01-05T12:28:00","dteEndSellOut":"2026-01-06T12:28:00","documentKey":"DOC-SPRING-2020","dteToShost":"2026-01-02T12:28:00","levParticipants":1},{"idAction":2222,"name":"haseeb","codDiv":"DIV02","dteStartSellIn":"2026-01-28T00:00:00","dteEndSellIn":"2026-01-30T00:00:00","dteStartSellOut":"2026-01-28T00:00:00","dteEndSellOut":"2026-01-30T00:00:00","documentKey":null,"dteToShost":null,"levParticipants":2},{"idAction":2323,"name":"Winter Sale Campaign 2323","codDiv":"D-2323","dteStartSellIn":"2026-01-19T14:39:00","dteEndSellIn":"2026-01-20T14:40:00","dteStartSellOut":"2026-01-21T14:40:00","dteEndSellOut":"2026-01-22T14:40:00","documentKey":"DOC-WINTER-2323","dteToShost":"2026-01-30T14:39:00","levParticipants":1},{"idAction":5005,"name":"bbb","codDiv":"DIV5005","dteStartSellIn":"2026-01-23T00:00:00","dteEndSellIn":"2026-01-30T00:00:00","dteStartSellOut":"2026-01-26T00:00:00","dteEndSellOut":"2026-01-18T00:00:00","documentKey":"555553","dteToShost":"2026-01-19T00:00:00","levParticipants":14},{"idAction":6000,"name":"Zero Redundancy Campaign 6000","codDiv":"DIV-6000","dteStartSellIn":"2026-01-01T00:00:00","dteEndSellIn":"2026-01-31T00:00:00","dteStartSellOut":"2026-02-01T00:00:00","dteEndSellOut":"2026-02-28T00:00:00","documentKey":"DOC-6000","dteToShost":"2026-01-05T00:00:00","levParticipants":1},{"idAction":6767,"name":"XTEL Launch Promo 6767","codDiv":"DIV-6767","dteStartSellIn":"2026-01-20T12:16:00","dteEndSellIn":"2026-01-21T12:16:00","dteStartSellOut":"2026-01-22T12:16:00","dteEndSellOut":"2026-01-23T12:16:00","documentKey":"DOC-XTEL-6767","dteToShost":"2026-01-03T12:16:00","levParticipants":1},{"idAction":7000,"name":"Atomic Campaign 7000","codDiv":"DIV-7000","dteStartSellIn":"2026-01-01T00:00:00","dteEndSellIn":"2026-01-31T00:00:00","dteStartSellOut":"2026-02-01T00:00:00","dteEndSellOut":"2026-02-28T00:00:00","documentKey":"DOC-7000","dteToShost":null,"levParticipants":1},{"idAction":8888,"name":"Atomic Campaign 8888 Complete","codDiv":"DIV-8888","dteStartSellIn":"2026-01-01T00:00:00","dteEndSellIn":"2026-01-31T00:00:00","dteStartSellOut":"2026-02-01T00:00:00","dteEndSellOut":"2026-02-28T00:00:00","documentKey":"DOC-8888","dteToShost":null,"levParticipants":1},{"idAction":9000,"name":"Balanced Atomic Campaign 9000","codDiv":"DIV-9000","dteStartSellIn":"2026-01-01T00:00:00","dteEndSellIn":"2026-01-31T00:00:00","dteStartSellOut":"2026-02-01T00:00:00","dteEndSellOut":"2026-02-28T00:00:00","documentKey":"DOC-9000","dteToShost":null,"levParticipants":1},{"idAction":9999,"name":"I should not exist in DB","codDiv":"DIV-9999","dteStartSellIn":"2026-01-01T00:00:00","dteEndSellIn":"2026-01-31T00:00:00","dteStartSellOut":"2026-02-01T00:00:00","dteEndSellOut":"2026-02-28T00:00:00","documentKey":"DOC-9999","dteToShost":null,"levParticipants":1}]
2026-01-29 10:47:32.238 +05:00 [INF] HTTP GET /api/promotions/customer-relations responded 200 in 4521.5343 ms | User: Talha (N/A) | IP: ::1 | RequestBody:  | ResponseBody: [{"idAction":0,"codHier":"5555","codDiv":"div5555","codNode":"f5555","idLevel":1,"dteStart":"2026-01-15T00:00:00","codParentNode":"root","dteEnd":null},{"idAction":0,"codHier":"56","codDiv":"565","codNode":"56","idLevel":55,"dteStart":"2026-01-29T00:44:00","codParentNode":"haseeb","dteEnd":"2026-01-26T00:44:00"},{"idAction":0,"codHier":"H_10","codDiv":"DIV_10","codNode":"NODE_10","idLevel":10,"dteStart":"2026-01-01T14:45:00","codParentNode":"ROOT_10","dteEnd":"2026-01-31T14:44:00"},{"idAction":0,"codHier":"H_1111","codDiv":"DIV_1111","codNode":"NODE_1111","idLevel":11,"dteStart":"2026-01-01T17:00:00","codParentNode":"ROOT_1111","dteEnd":"2026-01-30T17:01:00"},{"idAction":0,"codHier":"H_3","codDiv":"DIV_3","codNode":"NODE_3","idLevel":3,"dteStart":"2026-01-01T10:45:00","codParentNode":"ROOT_3","dteEnd":"2026-01-30T10:44:00"},{"idAction":0,"codHier":"H-1010","codDiv":"D-1010","codNode":"C-1010","idLevel":1,"dteStart":"2026-01-01T11:54:00","codParentNode":"root","dteEnd":"2026-01-12T11:54:00"},{"idAction":0,"codHier":"H-11","codDiv":"DIV-11","codNode":"C-11","idLevel":11,"dteStart":"2026-01-01T15:05:00","codParentNode":"ROOT","dteEnd":"2026-01-31T15:05:00"},{"idAction":0,"codHier":"H-1111","codDiv":"DIV-1111","codNode":"CUST-1111","idLevel":10,"dteStart":"2026-01-01T00:00:00","codParentNode":"ROOT","dteEnd":null},{"idAction":0,"codHier":"H-1414","codDiv":"D-1414","codNode":"C-1414","idLevel":4,"dteStart":"2026-01-01T14:45:00","codParentNode":"ROOT","dteEnd":"2026-01-15T14:45:00"},{"idAction":0,"codHier":"H-2","codDiv":"DIV-2","codNode":"CUST-2","idLevel":2,"dteStart":"2026-01-01T12:40:00","codParentNode":"ROOT","dteEnd":"2026-01-16T12:37:00"},{"idAction":0,"codHier":"H-2","codDiv":"DIV-2","codNode":"CUST-2","idLevel":2,"dteStart":"2026-01-21T12:37:00","codParentNode":"ROOT","dteEnd":"2026-01-24T12:37:00"},{"idAction":0,"codHier":"H-2020","codDiv":"D-2020","codNode":"C-2020","idLevel":2,"dteStart":"2026-01-02T12:27:00","codParentNode":"root","dteEnd":"2026-01-30T12:27:00"},{"idAction":0,"codHier":"H-2255","codDiv":"DIV-2255","codNode":"CUST-2255","idLevel":10,"dteStart":"2026-01-01T00:00:00","codParentNode":"ROOT","dteEnd":null},{"idAction":0,"codHier":"H-2323","codDiv":"D-2323","codNode":"C-2323","idLevel":4,"dteStart":"2026-01-01T12:48:00","codParentNode":"ROOT","dteEnd":"2026-01-12T12:49:00"},{"idAction":0,"codHier":"H-3333","codDiv":"DIV-3333","codNode":"CUST-3333","idLevel":10,"dteStart":"2026-01-01T00:00:00","codParentNode":"ROOT","dteEnd":null},{"idAction":0,"codHier":"H-3344","codDiv":"DIV-3345","codNode":"CUST-3345","idLevel":10,"dteStart":"2026-01-01T00:00:00","codParentNode":"ROOT","dteEnd":null},{"idAction":0,"codHier":"H-3345","codDiv":"DIV-3345","codNode":"CUST-3345","idLevel":10,"dteStart":"2026-01-01T00:00:00","codParentNode":"ROOT","dteEnd":null},{"idAction":0,"codHier":"H-4","codDiv":"DIV-4","codNode":"CUST-4","idLevel":4,"dteStart":"2026-01-01T14:44:00","codParentNode":"ROOT","dteEnd":"2026-01-02T14:44:00"},{"idAction":0,"codHier":"H-5555","codDiv":"DIV-5555","codNode":"CUST-5555","idLevel":10,"dteStart":"2026-01-01T00:00:00","codParentNode":"ROOT","dteEnd":null},{"idAction":0,"codHier":"H-6000","codDiv":"DIV-6000","codNode":"CUST-6000","idLevel":10,"dteStart":"2026-01-01T00:00:00","codParentNode":"ROOT","dteEnd":"2026-12-31T00:00:00"},{"idAction":0,"codHier":"H-6666","codDiv":"DIV-6666","codNode":"CUST-6666","idLevel":10,"dteStart":"2026-01-17T01:30:00","codParentNode":"ROOT","dteEnd":"2026-01-18T01:30:00"},{"idAction":0,"codHier":"H-6767","codDiv":"DIV-6767","codNode":"CUST-6767","idLevel":5,"dteStart":"2026-01-01T12:15:00","codParentNode":"ROOT","dteEnd":"2026-01-08T12:15:00"},{"idAction":0,"codHier":"H-7000","codDiv":"DIV-7000","codNode":"CUST-7000","idLevel":10,"dteStart":"2026-01-01T00:00:00","codParentNode":"ROOT","dteEnd":null},{"idAction":0,"codHier":"H-7777","codDiv":"DIV-7777","codNode":"CUST-7777","idLevel":10,"dteStart":"2026-01-01T00:00:00","codParentNode":"ROOT","dteEnd":null},{"idAction":0,"codHier":"H-7878","codDiv":"DIV-7878","codNode":"CUST-7878","idLevel":3,"dteStart":"2026-01-18T11:43:00","codParentNode":"ROOT","dteEnd":"2026-01-19T11:43:00"},{"idAction":0,"codHier":"H-8000","codDiv":"DIV-8000","codNode":"CUST-8000","idLevel":10,"dteStart":"2026-01-01T00:00:00","codParentNode":"ROOT","dteEnd":null},{"idAction":0,"codHier":"H-8888","codDiv":"DIV-8888","codNode":"CUST-8888","idLevel":10,"dteStart":"2026-01-01T00:00:00","codParentNode":"ROOT","dteEnd":null},{"idAction":0,"codHier":"H-9000","codDiv":"DIV-9000","codNode":"CUST-9000","idLevel":10,"dteStart":"2026-01-01T00:00:00","codParentNode":"ROOT","dteEnd":null},{"idAction":0,"codHier":"H-9999","codDiv":"DIV-9999","codNode":"CUST-9999","idLevel":10,"dteStart":"2026-01-01T00:00:00","codParentNode":"ROOT","dteEnd":null},{"idAction":0,"codHier":"HIER_CORP","codDiv":"DIV01","codNode":"NODE_9111","idLevel":1,"dteStart":"2026-01-15T00:00:00","codParentNode":"ROOT_NODE","dteEnd":null}]
2026-01-29 10:47:32.261 +05:00 [INF] HTTP GET /api/promotions/delivery-points responded 200 in 4544.7018 ms
2026-01-29 10:47:32.261 +05:00 [INF] HTTP GET /api/participants/all responded 200 in 4545.0097 ms
2026-01-29 10:47:32.272 +05:00 [INF] HTTP GET /api/promotions/actions responded 200 in 4555.8417 ms
2026-01-29 10:47:32.278 +05:00 [INF] HTTP GET /api/promotions/customer-relations responded 200 in 4561.7689 ms
2026-01-29 10:47:32.568 +05:00 [INF] HTTP GET /api/promotions/actions responded 200 in 149.0531 ms | User: Talha (N/A) | IP: ::1 | RequestBody:  | ResponseBody: [{"idAction":3,"name":"PROMO_3","codDiv":"DIV_3","dteStartSellIn":"2026-01-14T10:44:00","dteEndSellIn":"2026-01-15T10:45:00","dteStartSellOut":"2026-01-25T10:45:00","dteEndSellOut":"2026-01-30T10:45:00","documentKey":"KEY_3","dteToShost":"2026-01-10T10:44:00","levParticipants":3},{"idAction":10,"name":"PROMO_10","codDiv":"DIV_10","dteStartSellIn":"2026-01-30T14:45:00","dteEndSellIn":"2026-01-31T14:45:00","dteStartSellOut":"2026-01-23T14:45:00","dteEndSellOut":"2026-01-24T14:45:00","documentKey":"DOCC_KEY_10","dteToShost":"2026-01-29T14:44:00","levParticipants":10},{"idAction":45,"name":"cccc","codDiv":"DIV01","dteStartSellIn":"2026-01-16T00:00:00","dteEndSellIn":"2026-01-17T00:00:00","dteStartSellOut":"2026-01-16T00:00:00","dteEndSellOut":"2026-01-17T00:00:00","documentKey":null,"dteToShost":null,"levParticipants":2},{"idAction":1111,"name":"PROMO_1111","codDiv":"DIV_1111","dteStartSellIn":"2026-01-01T17:00:00","dteEndSellIn":"2026-01-30T17:02:00","dteStartSellOut":"2026-01-17T17:02:00","dteEndSellOut":"2026-01-28T17:02:00","documentKey":"1111_DOCC_KEY","dteToShost":"2026-01-13T17:02:00","levParticipants":11},{"idAction":2020,"name":"Spring Special 2020","codDiv":"D-2020","dteStartSellIn":"2026-01-03T12:28:00","dteEndSellIn":"2026-01-04T12:28:00","dteStartSellOut":"2026-01-05T12:28:00","dteEndSellOut":"2026-01-06T12:28:00","documentKey":"DOC-SPRING-2020","dteToShost":"2026-01-02T12:28:00","levParticipants":1},{"idAction":2222,"name":"haseeb","codDiv":"DIV02","dteStartSellIn":"2026-01-28T00:00:00","dteEndSellIn":"2026-01-30T00:00:00","dteStartSellOut":"2026-01-28T00:00:00","dteEndSellOut":"2026-01-30T00:00:00","documentKey":null,"dteToShost":null,"levParticipants":2},{"idAction":2323,"name":"Winter Sale Campaign 2323","codDiv":"D-2323","dteStartSellIn":"2026-01-19T14:39:00","dteEndSellIn":"2026-01-20T14:40:00","dteStartSellOut":"2026-01-21T14:40:00","dteEndSellOut":"2026-01-22T14:40:00","documentKey":"DOC-WINTER-2323","dteToShost":"2026-01-30T14:39:00","levParticipants":1},{"idAction":5005,"name":"bbb","codDiv":"DIV5005","dteStartSellIn":"2026-01-23T00:00:00","dteEndSellIn":"2026-01-30T00:00:00","dteStartSellOut":"2026-01-26T00:00:00","dteEndSellOut":"2026-01-18T00:00:00","documentKey":"555553","dteToShost":"2026-01-19T00:00:00","levParticipants":14},{"idAction":6000,"name":"Zero Redundancy Campaign 6000","codDiv":"DIV-6000","dteStartSellIn":"2026-01-01T00:00:00","dteEndSellIn":"2026-01-31T00:00:00","dteStartSellOut":"2026-02-01T00:00:00","dteEndSellOut":"2026-02-28T00:00:00","documentKey":"DOC-6000","dteToShost":"2026-01-05T00:00:00","levParticipants":1},{"idAction":6767,"name":"XTEL Launch Promo 6767","codDiv":"DIV-6767","dteStartSellIn":"2026-01-20T12:16:00","dteEndSellIn":"2026-01-21T12:16:00","dteStartSellOut":"2026-01-22T12:16:00","dteEndSellOut":"2026-01-23T12:16:00","documentKey":"DOC-XTEL-6767","dteToShost":"2026-01-03T12:16:00","levParticipants":1},{"idAction":7000,"name":"Atomic Campaign 7000","codDiv":"DIV-7000","dteStartSellIn":"2026-01-01T00:00:00","dteEndSellIn":"2026-01-31T00:00:00","dteStartSellOut":"2026-02-01T00:00:00","dteEndSellOut":"2026-02-28T00:00:00","documentKey":"DOC-7000","dteToShost":null,"levParticipants":1},{"idAction":8888,"name":"Atomic Campaign 8888 Complete","codDiv":"DIV-8888","dteStartSellIn":"2026-01-01T00:00:00","dteEndSellIn":"2026-01-31T00:00:00","dteStartSellOut":"2026-02-01T00:00:00","dteEndSellOut":"2026-02-28T00:00:00","documentKey":"DOC-8888","dteToShost":null,"levParticipants":1},{"idAction":9000,"name":"Balanced Atomic Campaign 9000","codDiv":"DIV-9000","dteStartSellIn":"2026-01-01T00:00:00","dteEndSellIn":"2026-01-31T00:00:00","dteStartSellOut":"2026-02-01T00:00:00","dteEndSellOut":"2026-02-28T00:00:00","documentKey":"DOC-9000","dteToShost":null,"levParticipants":1},{"idAction":9999,"name":"I should not exist in DB","codDiv":"DIV-9999","dteStartSellIn":"2026-01-01T00:00:00","dteEndSellIn":"2026-01-31T00:00:00","dteStartSellOut":"2026-02-01T00:00:00","dteEndSellOut":"2026-02-28T00:00:00","documentKey":"DOC-9999","dteToShost":null,"levParticipants":1}]
2026-01-29 10:47:32.570 +05:00 [INF] HTTP GET /api/promotions/delivery-points responded 200 in 160.9860 ms | User: Talha (N/A) | IP: ::1 | RequestBody:  | ResponseBody: [{"idAction":3,"codDeliveryPoint":"NODE_3","flgInclusion":true,"codHier":"H_3","codDiv":"DIV_3","codNode":"NODE_3","idLevel":3,"dteStart":"2026-01-01T10:45:00"},{"idAction":10,"codDeliveryPoint":"NODE_10","flgInclusion":true,"codHier":"H_10","codDiv":"DIV_10","codNode":"NODE_10","idLevel":10,"dteStart":"2026-01-01T14:45:00"},{"idAction":1111,"codDeliveryPoint":"NODE_1111","flgInclusion":true,"codHier":"H_1111","codDiv":"DIV_1111","codNode":"NODE_1111","idLevel":11,"dteStart":"2026-01-01T17:00:00"},{"idAction":5005,"codDeliveryPoint":"","flgInclusion":true,"codHier":"H-2255","codDiv":"DIV-2255","codNode":"CUST-2255","idLevel":10,"dteStart":"2026-01-01T00:00:00"},{"idAction":6767,"codDeliveryPoint":"DP-6767","flgInclusion":true,"codHier":"H-6767","codDiv":"DIV-6767","codNode":"CUST-6767","idLevel":5,"dteStart":"2026-01-01T12:15:00"},{"idAction":7000,"codDeliveryPoint":"DP-7000","flgInclusion":true,"codHier":"H-7000","codDiv":"DIV-7000","codNode":"CUST-7000","idLevel":10,"dteStart":"2026-01-01T00:00:00"}]
2026-01-29 10:47:32.571 +05:00 [INF] HTTP GET /api/promotions/customer-relations responded 200 in 142.7610 ms | User: Talha (N/A) | IP: ::1 | RequestBody:  | ResponseBody: [{"idAction":0,"codHier":"5555","codDiv":"div5555","codNode":"f5555","idLevel":1,"dteStart":"2026-01-15T00:00:00","codParentNode":"root","dteEnd":null},{"idAction":0,"codHier":"56","codDiv":"565","codNode":"56","idLevel":55,"dteStart":"2026-01-29T00:44:00","codParentNode":"haseeb","dteEnd":"2026-01-26T00:44:00"},{"idAction":0,"codHier":"H_10","codDiv":"DIV_10","codNode":"NODE_10","idLevel":10,"dteStart":"2026-01-01T14:45:00","codParentNode":"ROOT_10","dteEnd":"2026-01-31T14:44:00"},{"idAction":0,"codHier":"H_1111","codDiv":"DIV_1111","codNode":"NODE_1111","idLevel":11,"dteStart":"2026-01-01T17:00:00","codParentNode":"ROOT_1111","dteEnd":"2026-01-30T17:01:00"},{"idAction":0,"codHier":"H_3","codDiv":"DIV_3","codNode":"NODE_3","idLevel":3,"dteStart":"2026-01-01T10:45:00","codParentNode":"ROOT_3","dteEnd":"2026-01-30T10:44:00"},{"idAction":0,"codHier":"H-1010","codDiv":"D-1010","codNode":"C-1010","idLevel":1,"dteStart":"2026-01-01T11:54:00","codParentNode":"root","dteEnd":"2026-01-12T11:54:00"},{"idAction":0,"codHier":"H-11","codDiv":"DIV-11","codNode":"C-11","idLevel":11,"dteStart":"2026-01-01T15:05:00","codParentNode":"ROOT","dteEnd":"2026-01-31T15:05:00"},{"idAction":0,"codHier":"H-1111","codDiv":"DIV-1111","codNode":"CUST-1111","idLevel":10,"dteStart":"2026-01-01T00:00:00","codParentNode":"ROOT","dteEnd":null},{"idAction":0,"codHier":"H-1414","codDiv":"D-1414","codNode":"C-1414","idLevel":4,"dteStart":"2026-01-01T14:45:00","codParentNode":"ROOT","dteEnd":"2026-01-15T14:45:00"},{"idAction":0,"codHier":"H-2","codDiv":"DIV-2","codNode":"CUST-2","idLevel":2,"dteStart":"2026-01-01T12:40:00","codParentNode":"ROOT","dteEnd":"2026-01-16T12:37:00"},{"idAction":0,"codHier":"H-2","codDiv":"DIV-2","codNode":"CUST-2","idLevel":2,"dteStart":"2026-01-21T12:37:00","codParentNode":"ROOT","dteEnd":"2026-01-24T12:37:00"},{"idAction":0,"codHier":"H-2020","codDiv":"D-2020","codNode":"C-2020","idLevel":2,"dteStart":"2026-01-02T12:27:00","codParentNode":"root","dteEnd":"2026-01-30T12:27:00"},{"idAction":0,"codHier":"H-2255","codDiv":"DIV-2255","codNode":"CUST-2255","idLevel":10,"dteStart":"2026-01-01T00:00:00","codParentNode":"ROOT","dteEnd":null},{"idAction":0,"codHier":"H-2323","codDiv":"D-2323","codNode":"C-2323","idLevel":4,"dteStart":"2026-01-01T12:48:00","codParentNode":"ROOT","dteEnd":"2026-01-12T12:49:00"},{"idAction":0,"codHier":"H-3333","codDiv":"DIV-3333","codNode":"CUST-3333","idLevel":10,"dteStart":"2026-01-01T00:00:00","codParentNode":"ROOT","dteEnd":null},{"idAction":0,"codHier":"H-3344","codDiv":"DIV-3345","codNode":"CUST-3345","idLevel":10,"dteStart":"2026-01-01T00:00:00","codParentNode":"ROOT","dteEnd":null},{"idAction":0,"codHier":"H-3345","codDiv":"DIV-3345","codNode":"CUST-3345","idLevel":10,"dteStart":"2026-01-01T00:00:00","codParentNode":"ROOT","dteEnd":null},{"idAction":0,"codHier":"H-4","codDiv":"DIV-4","codNode":"CUST-4","idLevel":4,"dteStart":"2026-01-01T14:44:00","codParentNode":"ROOT","dteEnd":"2026-01-02T14:44:00"},{"idAction":0,"codHier":"H-5555","codDiv":"DIV-5555","codNode":"CUST-5555","idLevel":10,"dteStart":"2026-01-01T00:00:00","codParentNode":"ROOT","dteEnd":null},{"idAction":0,"codHier":"H-6000","codDiv":"DIV-6000","codNode":"CUST-6000","idLevel":10,"dteStart":"2026-01-01T00:00:00","codParentNode":"ROOT","dteEnd":"2026-12-31T00:00:00"},{"idAction":0,"codHier":"H-6666","codDiv":"DIV-6666","codNode":"CUST-6666","idLevel":10,"dteStart":"2026-01-17T01:30:00","codParentNode":"ROOT","dteEnd":"2026-01-18T01:30:00"},{"idAction":0,"codHier":"H-6767","codDiv":"DIV-6767","codNode":"CUST-6767","idLevel":5,"dteStart":"2026-01-01T12:15:00","codParentNode":"ROOT","dteEnd":"2026-01-08T12:15:00"},{"idAction":0,"codHier":"H-7000","codDiv":"DIV-7000","codNode":"CUST-7000","idLevel":10,"dteStart":"2026-01-01T00:00:00","codParentNode":"ROOT","dteEnd":null},{"idAction":0,"codHier":"H-7777","codDiv":"DIV-7777","codNode":"CUST-7777","idLevel":10,"dteStart":"2026-01-01T00:00:00","codParentNode":"ROOT","dteEnd":null},{"idAction":0,"codHier":"H-7878","codDiv":"DIV-7878","codNode":"CUST-7878","idLevel":3,"dteStart":"2026-01-18T11:43:00","codParentNode":"ROOT","dteEnd":"2026-01-19T11:43:00"},{"idAction":0,"codHier":"H-8000","codDiv":"DIV-8000","codNode":"CUST-8000","idLevel":10,"dteStart":"2026-01-01T00:00:00","codParentNode":"ROOT","dteEnd":null},{"idAction":0,"codHier":"H-8888","codDiv":"DIV-8888","codNode":"CUST-8888","idLevel":10,"dteStart":"2026-01-01T00:00:00","codParentNode":"ROOT","dteEnd":null},{"idAction":0,"codHier":"H-9000","codDiv":"DIV-9000","codNode":"CUST-9000","idLevel":10,"dteStart":"2026-01-01T00:00:00","codParentNode":"ROOT","dteEnd":null},{"idAction":0,"codHier":"H-9999","codDiv":"DIV-9999","codNode":"CUST-9999","idLevel":10,"dteStart":"2026-01-01T00:00:00","codParentNode":"ROOT","dteEnd":null},{"idAction":0,"codHier":"HIER_CORP","codDiv":"DIV01","codNode":"NODE_9111","idLevel":1,"dteStart":"2026-01-15T00:00:00","codParentNode":"ROOT_NODE","dteEnd":null}]
2026-01-29 10:47:32.574 +05:00 [INF] HTTP GET /api/participants/all responded 200 in 162.6023 ms | User: Talha (N/A) | IP: ::1 | RequestBody:  | ResponseBody: [{"idAction":3,"codParticipant":"NODE_3","flgInclusion":true,"codHier":"H_3","codDiv":"DIV_3","codNode":"NODE_3","idLevel":3,"dteStart":"2026-01-01T10:45:00"},{"idAction":10,"codParticipant":"NODE_10","flgInclusion":true,"codHier":"H_10","codDiv":"DIV_10","codNode":"NODE_10","idLevel":10,"dteStart":"2026-01-01T14:45:00"},{"idAction":1111,"codParticipant":"NODE_1111","flgInclusion":true,"codHier":"H_1111","codDiv":"DIV_1111","codNode":"NODE_1111","idLevel":11,"dteStart":"2026-01-01T17:00:00"},{"idAction":2323,"codParticipant":"P-2323","flgInclusion":true,"codHier":"H-2323","codDiv":"D-2323","codNode":"C-2323","idLevel":4,"dteStart":"2026-01-01T12:48:00"},{"idAction":5005,"codParticipant":"","flgInclusion":true,"codHier":"H-9999","codDiv":"DIV-9999","codNode":"CUST-9999","idLevel":10,"dteStart":"2026-01-01T00:00:00"},{"idAction":6000,"codParticipant":"P-6000","flgInclusion":true,"codHier":"H-6000","codDiv":"DIV-6000","codNode":"CUST-6000","idLevel":10,"dteStart":"2026-01-01T00:00:00"},{"idAction":6767,"codParticipant":"P-6767","flgInclusion":false,"codHier":"H-6767","codDiv":"DIV-6767","codNode":"CUST-6767","idLevel":5,"dteStart":"2026-01-01T12:15:00"},{"idAction":7000,"codParticipant":"P-7000","flgInclusion":true,"codHier":"H-7000","codDiv":"DIV-7000","codNode":"CUST-7000","idLevel":10,"dteStart":"2026-01-01T00:00:00"},{"idAction":8888,"codParticipant":"P-8888","flgInclusion":true,"codHier":"H-8888","codDiv":"DIV-8888","codNode":"CUST-8888","idLevel":10,"dteStart":"2026-01-01T00:00:00"},{"idAction":9000,"codParticipant":"P-9000","flgInclusion":true,"codHier":"H-9000","codDiv":"DIV-9000","codNode":"CUST-9000","idLevel":10,"dteStart":"2026-01-01T00:00:00"},{"idAction":9999,"codParticipant":"P-9999","flgInclusion":true,"codHier":"H-9999","codDiv":"DIV-9999","codNode":"CUST-9999","idLevel":10,"dteStart":"2026-01-01T00:00:00"}]
2026-01-29 10:47:32.578 +05:00 [INF] HTTP GET /api/promotions/actions responded 200 in 159.2748 ms
2026-01-29 10:47:32.583 +05:00 [INF] HTTP GET /api/promotions/delivery-points responded 200 in 173.6403 ms
2026-01-29 10:47:32.596 +05:00 [INF] HTTP GET /api/participants/all responded 200 in 185.0371 ms
2026-01-29 10:47:32.588 +05:00 [INF] HTTP GET /api/promotions/customer-relations responded 200 in 159.9171 ms
2026-01-29 10:47:36.146 +05:00 [WRN] Compiling a query which loads related collections for more than one collection navigation, either via 'Include' or through projection, but no 'QuerySplittingBehavior' has been configured. By default, Entity Framework will use 'QuerySplittingBehavior.SingleQuery', which can potentially result in slow query performance. See https://go.microsoft.com/fwlink/?linkid=2134277 for more information. To identify the query that's triggering this warning call 'ConfigureWarnings(w => w.Throw(RelationalEventId.MultipleCollectionIncludeWarning))'.
2026-01-29 10:47:36.467 +05:00 [INF] HTTP GET /api/promotions/products responded 200 in 468.5283 ms | User: Talha (N/A) | IP: ::1 | RequestBody:  | ResponseBody: [{"idAction":3,"codProduct":"PRD_3","levProduct":3,"codDisplay":"DSP_3","codDiv":"DIV_3","qtyEstimated":3450.00,"perceDiscount1":0.50,"perceDiscount2":9.00,"numMeasure":0.00,"codMeasure":"MEASURE_3","details":[{"idAction":3,"codProduct":"PRD_3","levProduct":3,"codDisplay":"DSP_3","codNode":"NODE_3","codDiv":"DIV_3","flgInclusion":true,"articles":[{"idAction":3,"codProduct":"PRD_3","levProduct":3,"codDisplay":"DSP_3","codDiv":"DIV_3","codNode":"NODE_3","codNode1":"AAA","codNode2":"BBB","codNodeN":"CCC"}]}],"measureFields":[]},{"idAction":3,"codProduct":"prd_33","levProduct":1,"codDisplay":"dsp_33","codDiv":"div_33","qtyEstimated":4000.00,"perceDiscount1":0.40,"perceDiscount2":0.90,"numMeasure":339.00,"codMeasure":"measure_33","details":[{"idAction":3,"codProduct":"prd_33","levProduct":1,"codDisplay":"dsp_33","codNode":"node_33","codDiv":"div_33","flgInclusion":true,"articles":[{"idAction":3,"codProduct":"prd_33","levProduct":1,"codDisplay":"dsp_33","codDiv":"div_33","codNode":"node_33","codNode1":"ddd","codNode2":"fff","codNodeN":"ggg"}]}],"measureFields":[]},{"idAction":3,"codProduct":"PROD-9000","levProduct":1,"codDisplay":"DISP-9000","codDiv":"DIV-9000","qtyEstimated":2000.00,"perceDiscount1":0.60,"perceDiscount2":0.90,"numMeasure":66.00,"codMeasure":"measure_9000","details":[{"idAction":3,"codProduct":"PROD-9000","levProduct":1,"codDisplay":"DISP-9000","codNode":"NODE-9000","codDiv":"DIV-9000","flgInclusion":true,"articles":[{"idAction":3,"codProduct":"PROD-9000","levProduct":1,"codDisplay":"DISP-9000","codDiv":"DIV-9000","codNode":"NODE-9000","codNode1":"A1","codNode2":null,"codNodeN":null}]}],"measureFields":[]},{"idAction":10,"codProduct":"PRD_10","levProduct":10,"codDisplay":"DSP_10","codDiv":"DIV_10","qtyEstimated":5000.00,"perceDiscount1":0.70,"perceDiscount2":9.80,"numMeasure":0.00,"codMeasure":"MEASURE_10","details":[{"idAction":10,"codProduct":"PRD_10","levProduct":10,"codDisplay":"DSP_10","codNode":"NODE_10","codDiv":"DIV_10","flgInclusion":true,"articles":[{"idAction":10,"codProduct":"PRD_10","levProduct":10,"codDisplay":"DSP_10","codDiv":"DIV_10","codNode":"NODE_10","codNode1":"QQQ","codNode2":"WWW","codNodeN":"EEE"}]}],"measureFields":[]},{"idAction":10,"codProduct":"PROD-5555","levProduct":1,"codDisplay":"DISP-5555","codDiv":"DIV-5555","qtyEstimated":500.00,"perceDiscount1":0.80,"perceDiscount2":0.10,"numMeasure":5555.00,"codMeasure":"measure_55555","details":[{"idAction":10,"codProduct":"PROD-5555","levProduct":1,"codDisplay":"DISP-5555","codNode":"NODE-5555","codDiv":"DIV-5555","flgInclusion":true,"articles":[{"idAction":10,"codProduct":"PROD-5555","levProduct":1,"codDisplay":"DISP-5555","codDiv":"DIV-5555","codNode":"NODE-5555","codNode1":null,"codNode2":null,"codNodeN":null}]}],"measureFields":[]},{"idAction":10,"codProduct":"PROD-8888","levProduct":1,"codDisplay":"DISP-8888","codDiv":"DIV-8888","qtyEstimated":2000.00,"perceDiscount1":0.00,"perceDiscount2":0.00,"numMeasure":0.00,"codMeasure":null,"details":[{"idAction":10,"codProduct":"PROD-8888","levProduct":1,"codDisplay":"DISP-8888","codNode":"NODE-8888","codDiv":"DIV-8888","flgInclusion":true,"articles":[{"idAction":10,"codProduct":"PROD-8888","levProduct":1,"codDisplay":"DISP-8888","codDiv":"DIV-8888","codNode":"NODE-8888","codNode1":"A1","codNode2":null,"codNodeN":null}]}],"measureFields":[]},{"idAction":1111,"codProduct":"PRD_1","levProduct":1,"codDisplay":"DIV_1","codDiv":"DIV_1","qtyEstimated":78.00,"perceDiscount1":6.00,"perceDiscount2":8.00,"numMeasure":78788.00,"codMeasure":"1","details":[],"measureFields":[]},{"idAction":1111,"codProduct":"PRD_1","levProduct":1,"codDisplay":"DSP_1","codDiv":"DIV_1","qtyEstimated":11.00,"perceDiscount1":9.80,"perceDiscount2":6.70,"numMeasure":11.00,"codMeasure":"MEASURE_1","details":[{"idAction":1111,"codProduct":"PRD_1","levProduct":1,"codDisplay":"DSP_1","codNode":"NODE_1","codDiv":"DIV_1","flgInclusion":true,"articles":[{"idAction":1111,"codProduct":"PRD_1","levProduct":1,"codDisplay":"DSP_1","codDiv":"DIV_1","codNode":"NODE_1","codNode1":"NN","codNode2":"MM","codNodeN":"ZZ"}]}],"measureFields":[]},{"idAction":1111,"codProduct":"PRD_1111","levProduct":11,"codDisplay":"DSP_1111","codDiv":"DIV_1111","qtyEstimated":6756.00,"perceDiscount1":9.81,"perceDiscount2":8.90,"numMeasure":0.00,"codMeasure":"MEASURE_1111","details":[{"idAction":1111,"codProduct":"PRD_1111","levProduct":11,"codDisplay":"DSP_1111","codNode":"NODE_1111","codDiv":"DIV_1111","flgInclusion":true,"articles":[{"idAction":1111,"codProduct":"PRD_1111","levProduct":11,"codDisplay":"DSP_1111","codDiv":"DIV_1111","codNode":"NODE_1111","codNode1":"CCCCCC","codNode2":"AAAAAAA","codNodeN":"BBBBBBBB"}]}],"measureFields":[]},{"idAction":1111,"codProduct":"PRD_24","levProduct":1,"codDisplay":"DS-_24","codDiv":"DIV_24","qtyEstimated":345.00,"perceDiscount1":0.50,"perceDiscount2":0.90,"numMeasure":8.00,"codMeasure":"MEASURE_24","details":[],"measureFields":[]},{"idAction":1111,"codProduct":"PRD_44","levProduct":1,"codDisplay":"DSP_44","codDiv":"DIC_44","qtyEstimated":44.00,"perceDiscount1":0.10,"perceDiscount2":0.50,"numMeasure":76.00,"codMeasure":"MEASURE_44","details":[],"measureFields":[]},{"idAction":1111,"codProduct":"PRD_765","levProduct":1,"codDisplay":"DSP_567","codDiv":"DIV_765","qtyEstimated":5.60,"perceDiscount1":0.50,"perceDiscount2":0.40,"numMeasure":999.00,"codMeasure":"765","details":[],"measureFields":[]},{"idAction":1111,"codProduct":"PROD-1111","levProduct":1,"codDisplay":"DISP-1111","codDiv":"DIV-1111","qtyEstimated":0.00,"perceDiscount1":0.00,"perceDiscount2":0.00,"numMeasure":1.00,"codMeasure":"EA","details":[{"idAction":1111,"codProduct":"PROD-1111","levProduct":1,"codDisplay":"DISP-1111","codNode":"ddd","codDiv":"DIV5005","flgInclusion":true,"articles":[]}],"measureFields":[]},{"idAction":1111,"codProduct":"PROD-2323","levProduct":1,"codDisplay":"DSP-2323","codDiv":"D-2322","qtyEstimated":2340.00,"perceDiscount1":0.40,"perceDiscount2":45.00,"numMeasure":0.00,"codMeasure":"PALLET","details":[{"idAction":1111,"codProduct":"PROD-2323","levProduct":1,"codDisplay":"DSP-2323","codNode":"NODE-2323","codDiv":"D-2323","flgInclusion":true,"articles":[{"idAction":1111,"codProduct":"PROD-2323","levProduct":1,"codDisplay":"DSP-2323","codDiv":"D-2323","codNode":"NODE-2323","codNode1":"A1-2323","codNode2":"A2-2323","codNodeN":"AN-2323"}]}],"measureFields":[]},{"idAction":2020,"codProduct":"PRD_1","levProduct":1,"codDisplay":"DIV_1","codDiv":"DIV_1","qtyEstimated":78.00,"perceDiscount1":6.00,"perceDiscount2":8.00,"numMeasure":78788.00,"codMeasure":"1","details":[],"measureFields":[]},{"idAction":2020,"codProduct":"PRD_24","levProduct":1,"codDisplay":"DS-_24","codDiv":"DIV_24","qtyEstimated":345.00,"perceDiscount1":0.50,"perceDiscount2":0.90,"numMeasure":8.00,"codMeasure":"MEASURE_24","details":[],"measureFields":[]},{"idAction":2020,"codProduct":"PRD_44","levProduct":1,"codDisplay":"DSP_44","codDiv":"DIC_44","qtyEstimated":44.00,"perceDiscount1":0.10,"perceDiscount2":0.50,"numMeasure":76.00,"codMeasure":"MEASURE_44","details":[],"measureFields":[]},{"idAction":2020,"codProduct":"PRD_765","levProduct":0,"codDisplay":"DSP_765","codDiv":"DIV_765","qtyEstimated":234.00,"perceDiscount1":0.50,"perceDiscount2":0.56,"numMeasure":765.00,"codMeasure":"MEASURE_765","details":[],"measureFields":[]},{"idAction":2020,"codProduct":"PRD_765","levProduct":0,"codDisplay":"DSP-765","codDiv":"DIV_765","qtyEstimated":345.00,"perceDiscount1":3.55,"perceDiscount2":67.00,"numMeasure":765.00,"codMeasure":"MEASURE_765","details":[],"measureFields":[]},{"idAction":2020,"codProduct":"PRD-2020","levProduct":1,"codDisplay":"DSP-2020","codDiv":"D-2020","qtyEstimated":2000.00,"perceDiscount1":11.00,"perceDiscount2":23.00,"numMeasure":0.00,"codMeasure":"BOX","details":[{"idAction":2020,"codProduct":"PRD-2020","levProduct":1,"codDisplay":"DSP-2020","codNode":"NODE-2020","codDiv":"D-2020","flgInclusion":true,"articles":[{"idAction":2020,"codProduct":"PRD-2020","levProduct":1,"codDisplay":"DSP-2020","codDiv":"D-2020","codNode":"NODE-2020","codNode1":"A1-2020","codNode2":"A2-2020","codNodeN":"AN-2020"}]}],"measureFields":[]},{"idAction":2323,"codProduct":"PRD_08","levProduct":0,"codDisplay":"DSP_08","codDiv":"DIV_08","qtyEstimated":11.00,"perceDiscount1":22.00,"perceDiscount2":2.00,"numMeasure":2.00,"codMeasure":"08","details":[],"measureFields":[]},{"idAction":2323,"codProduct":"PRD_1","levProduct":1,"codDisplay":"DIV_1","codDiv":"DIV_1","qtyEstimated":78.00,"perceDiscount1":6.00,"perceDiscount2":8.00,"numMeasure":78788.00,"codMeasure":"1","details":[],"measureFields":[]},{"idAction":2323,"codProduct":"PRD_23","levProduct":0,"codDisplay":"DSP_23","codDiv":"DIV_23","qtyEstimated":28.00,"perceDiscount1":7.00,"perceDiscount2":2.00,"numMeasure":7.00,"codMeasure":"MEASURE_23","details":[],"measureFields":[]},{"idAction":2323,"codProduct":"PRD_24","levProduct":1,"codDisplay":"DS-_24","codDiv":"DIV_24","qtyEstimated":345.00,"perceDiscount1":0.50,"perceDiscount2":0.90,"numMeasure":8.00,"codMeasure":"MEASURE_24","details":[],"measureFields":[]},{"idAction":2323,"codProduct":"PRD_34","levProduct":1,"codDisplay":"DSP_34","codDiv":"DIV_34","qtyEstimated":2345.00,"perceDiscount1":0.60,"perceDiscount2":8.87,"numMeasure":34.00,"codMeasure":"MEASURE_34","details":[],"measureFields":[]},{"idAction":2323,"codProduct":"PRD_44","levProduct":1,"codDisplay":"DSP_44","codDiv":"DIC_44","qtyEstimated":44.00,"perceDiscount1":0.10,"perceDiscount2":0.50,"numMeasure":76.00,"codMeasure":"MEASURE_44","details":[],"measureFields":[]},{"idAction":2323,"codProduct":"PRD_55","levProduct":1,"codDisplay":"DSP_55","codDiv":"DIV_55","qtyEstimated":66.00,"perceDiscount1":0.50,"perceDiscount2":0.10,"numMeasure":34.00,"codMeasure":"55","details":[],"measureFields":[]},{"idAction":2323,"codProduct":"PRD_765","levProduct":0,"codDisplay":"DSP_567","codDiv":"DIV_765","qtyEstimated":5.60,"perceDiscount1":0.50,"perceDiscount2":0.40,"numMeasure":999.00,"codMeasure":"765","details":[],"measureFields":[]},{"idAction":2323,"codProduct":"PROD-2323","levProduct":1,"codDisplay":"DSP-2323","codDiv":"D-2322","qtyEstimated":2340.00,"perceDiscount1":0.40,"perceDiscount2":45.00,"numMeasure":0.00,"codMeasure":"PALLET","details":[{"idAction":2323,"codProduct":"PROD-2323","levProduct":1,"codDisplay":"DSP-2323","codNode":"NODE-2323","codDiv":"D-2323","flgInclusion":true,"articles":[{"idAction":2323,"codProduct":"PROD-2323","levProduct":1,"codDisplay":"DSP-2323","codDiv":"D-2323","codNode":"NODE-2323","codNode1":"A1-2323","codNode2":"A2-2323","codNodeN":"AN-2323"}]}],"measureFields":[]},{"idAction":5005,"codProduct":"PROD-1111","levProduct":1,"codDisplay":"DISP-1111","codDiv":"DIV-1111","qtyEstimated":0.00,"perceDiscount1":0.00,"perceDiscount2":0.00,"numMeasure":1.00,"codMeasure":"EA","details":[{"idAction":5005,"codProduct":"PROD-1111","levProduct":1,"codDisplay":"DISP-1111","codNode":"ddd","codDiv":"DIV5005","flgInclusion":true,"articles":[]}],"measureFields":[]},{"idAction":6000,"codProduct":"PRD_6666","levProduct":1,"codDisplay":"DSP_6666","codDiv":"DIV_6666","qtyEstimated":14.00,"perceDiscount1":0.80,"perceDiscount2":8.90,"numMeasure":654.00,"codMeasure":"MEASURE_6666","details":[],"measureFields":[]},{"idAction":6000,"codProduct":"PRD_99","levProduct":1,"codDisplay":"DSP_99","codDiv":"DIV_99","qtyEstimated":456.00,"perceDiscount1":9.80,"perceDiscount2":7.70,"numMeasure":999.00,"codMeasure":"MEASURE_99","details":[{"idAction":6000,"codProduct":"PRD_99","levProduct":1,"codDisplay":"DSP_99","codNode":"NODE_99","codDiv":"DIV_99","flgInclusion":true,"articles":[{"idAction":6000,"codProduct":"PRD_99","levProduct":1,"codDisplay":"DSP_99","codDiv":"DIV_99","codNode":"NODE_99","codNode1":"HBKK","codNode2":"KHNKH","codNodeN":"IYGFTUFTY"}]}],"measureFields":[]},{"idAction":6000,"codProduct":"PROD-6000","levProduct":1,"codDisplay":"DISP-6000","codDiv":"DIV-6000","qtyEstimated":100.00,"perceDiscount1":15.00,"perceDiscount2":0.00,"numMeasure":1.00,"codMeasure":"UNIT","details":[{"idAction":6000,"codProduct":"PROD-6000","levProduct":1,"codDisplay":"DISP-6000","codNode":"DET-6000","codDiv":"DIV-6000","flgInclusion":true,"articles":[{"idAction":6000,"codProduct":"PROD-6000","levProduct":1,"codDisplay":"DISP-6000","codDiv":"DIV-6000","codNode":"DET-6000","codNode1":"SKU-6001","codNode2":"V-GOLD","codNodeN":"SIZE-XL"}]}],"measureFields":[]},{"idAction":6767,"codProduct":"PRD_7777","levProduct":1,"codDisplay":"DSP_7777","codDiv":"DIV_7777","qtyEstimated":3423.00,"perceDiscount1":9.80,"perceDiscount2":5.60,"numMeasure":3432.00,"codMeasure":"MEASURE_7777","details":[{"idAction":6767,"codProduct":"PRD_7777","levProduct":1,"codDisplay":"DSP_7777","codNode":"NODE_7777","codDiv":"DIV_7777","flgInclusion":true,"articles":[{"idAction":6767,"codProduct":"PRD_7777","levProduct":1,"codDisplay":"DSP_7777","codDiv":"DIV_7777","codNode":"NODE_7777","codNode1":"ABC","codNode2":"DEF","codNodeN":"HBJ"}]}],"measureFields":[]},{"idAction":6767,"codProduct":"PROD-6767","levProduct":1,"codDisplay":"DSP-6767","codDiv":"DIV-6767","qtyEstimated":5000.00,"perceDiscount1":23.50,"perceDiscount2":45.60,"numMeasure":0.00,"codMeasure":"PALLET","details":[{"idAction":6767,"codProduct":"PROD-6767","levProduct":1,"codDisplay":"DSP-6767","codNode":"NODE-6767","codDiv":"DIV-6767","flgInclusion":true,"articles":[{"idAction":6767,"codProduct":"PROD-6767","levProduct":1,"codDisplay":"DSP-6767","codDiv":"DIV-6767","codNode":"NODE-6767","codNode1":"A1-6767","codNode2":"A2-6767","codNodeN":"AN-6767"}]}],"measureFields":[]},{"idAction":7000,"codProduct":"PROD-7000","levProduct":1,"codDisplay":"DISP-7000","codDiv":"DIV-7000","qtyEstimated":500.00,"perceDiscount1":null,"perceDiscount2":null,"numMeasure":null,"codMeasure":null,"details":[],"measureFields":[]},{"idAction":8888,"codProduct":"PROD-5555","levProduct":1,"codDisplay":"DISP-5555","codDiv":"DIV-5555","qtyEstimated":500.00,"perceDiscount1":0.00,"perceDiscount2":0.00,"numMeasure":0.00,"codMeasure":null,"details":[{"idAction":8888,"codProduct":"PROD-5555","levProduct":1,"codDisplay":"DISP-5555","codNode":"NODE-5555","codDiv":"DIV-5555","flgInclusion":true,"articles":[{"idAction":8888,"codProduct":"PROD-5555","levProduct":1,"codDisplay":"DISP-5555","codDiv":"DIV-5555","codNode":"NODE-5555","codNode1":null,"codNode2":null,"codNodeN":null}]}],"measureFields":[]},{"idAction":8888,"codProduct":"PROD-8888","levProduct":1,"codDisplay":"DISP-8888","codDiv":"DIV-8888","qtyEstimated":2000.00,"perceDiscount1":null,"perceDiscount2":null,"numMeasure":null,"codMeasure":null,"details":[{"idAction":8888,"codProduct":"PROD-8888","levProduct":1,"codDisplay":"DISP-8888","codNode":"NODE-8888","codDiv":"DIV-8888","flgInclusion":true,"articles":[{"idAction":8888,"codProduct":"PROD-8888","levProduct":1,"codDisplay":"DISP-8888","codDiv":"DIV-8888","codNode":"NODE-8888","codNode1":"A1","codNode2":null,"codNodeN":null}]}],"measureFields":[]},{"idAction":9000,"codProduct":"PROD-9000","levProduct":1,"codDisplay":"DISP-9000","codDiv":"DIV-9000","qtyEstimated":2000.00,"perceDiscount1":null,"perceDiscount2":null,"numMeasure":null,"codMeasure":null,"details":[{"idAction":9000,"codProduct":"PROD-9000","levProduct":1,"codDisplay":"DISP-9000","codNode":"NODE-9000","codDiv":"DIV-9000","flgInclusion":true,"articles":[{"idAction":9000,"codProduct":"PROD-9000","levProduct":1,"codDisplay":"DISP-9000","codDiv":"DIV-9000","codNode":"NODE-9000","codNode1":"A1","codNode2":null,"codNodeN":null}]}],"measureFields":[]},{"idAction":9999,"codProduct":"PROD-9999","levProduct":1,"codDisplay":"DISP-9999","codDiv":"DIV-9999","qtyEstimated":777.00,"perceDiscount1":null,"perceDiscount2":null,"numMeasure":null,"codMeasure":null,"details":[{"idAction":9999,"codProduct":"PROD-9999","levProduct":1,"codDisplay":"DISP-9999","codNode":"NODE-9999","codDiv":"DIV-9999","flgInclusion":true,"articles":[{"idAction":9999,"codProduct":"PROD-9999","levProduct":1,"codDisplay":"DISP-9999","codDiv":"DIV-9999","codNode":"NODE-9999","codNode1":"ERR","codNode2":null,"codNodeN":null}]}],"measureFields":[]}]
2026-01-29 10:47:36.476 +05:00 [INF] HTTP GET /api/promotions/products responded 200 in 477.8995 ms
2026-01-29 10:47:36.558 +05:00 [INF] HTTP GET /api/promotions/products responded 200 in 25.5981 ms | User: Talha (N/A) | IP: ::1 | RequestBody:  | ResponseBody: [{"idAction":3,"codProduct":"PRD_3","levProduct":3,"codDisplay":"DSP_3","codDiv":"DIV_3","qtyEstimated":3450.00,"perceDiscount1":0.50,"perceDiscount2":9.00,"numMeasure":0.00,"codMeasure":"MEASURE_3","details":[{"idAction":3,"codProduct":"PRD_3","levProduct":3,"codDisplay":"DSP_3","codNode":"NODE_3","codDiv":"DIV_3","flgInclusion":true,"articles":[{"idAction":3,"codProduct":"PRD_3","levProduct":3,"codDisplay":"DSP_3","codDiv":"DIV_3","codNode":"NODE_3","codNode1":"AAA","codNode2":"BBB","codNodeN":"CCC"}]}],"measureFields":[]},{"idAction":3,"codProduct":"prd_33","levProduct":1,"codDisplay":"dsp_33","codDiv":"div_33","qtyEstimated":4000.00,"perceDiscount1":0.40,"perceDiscount2":0.90,"numMeasure":339.00,"codMeasure":"measure_33","details":[{"idAction":3,"codProduct":"prd_33","levProduct":1,"codDisplay":"dsp_33","codNode":"node_33","codDiv":"div_33","flgInclusion":true,"articles":[{"idAction":3,"codProduct":"prd_33","levProduct":1,"codDisplay":"dsp_33","codDiv":"div_33","codNode":"node_33","codNode1":"ddd","codNode2":"fff","codNodeN":"ggg"}]}],"measureFields":[]},{"idAction":3,"codProduct":"PROD-9000","levProduct":1,"codDisplay":"DISP-9000","codDiv":"DIV-9000","qtyEstimated":2000.00,"perceDiscount1":0.60,"perceDiscount2":0.90,"numMeasure":66.00,"codMeasure":"measure_9000","details":[{"idAction":3,"codProduct":"PROD-9000","levProduct":1,"codDisplay":"DISP-9000","codNode":"NODE-9000","codDiv":"DIV-9000","flgInclusion":true,"articles":[{"idAction":3,"codProduct":"PROD-9000","levProduct":1,"codDisplay":"DISP-9000","codDiv":"DIV-9000","codNode":"NODE-9000","codNode1":"A1","codNode2":null,"codNodeN":null}]}],"measureFields":[]},{"idAction":10,"codProduct":"PRD_10","levProduct":10,"codDisplay":"DSP_10","codDiv":"DIV_10","qtyEstimated":5000.00,"perceDiscount1":0.70,"perceDiscount2":9.80,"numMeasure":0.00,"codMeasure":"MEASURE_10","details":[{"idAction":10,"codProduct":"PRD_10","levProduct":10,"codDisplay":"DSP_10","codNode":"NODE_10","codDiv":"DIV_10","flgInclusion":true,"articles":[{"idAction":10,"codProduct":"PRD_10","levProduct":10,"codDisplay":"DSP_10","codDiv":"DIV_10","codNode":"NODE_10","codNode1":"QQQ","codNode2":"WWW","codNodeN":"EEE"}]}],"measureFields":[]},{"idAction":10,"codProduct":"PROD-5555","levProduct":1,"codDisplay":"DISP-5555","codDiv":"DIV-5555","qtyEstimated":500.00,"perceDiscount1":0.80,"perceDiscount2":0.10,"numMeasure":5555.00,"codMeasure":"measure_55555","details":[{"idAction":10,"codProduct":"PROD-5555","levProduct":1,"codDisplay":"DISP-5555","codNode":"NODE-5555","codDiv":"DIV-5555","flgInclusion":true,"articles":[{"idAction":10,"codProduct":"PROD-5555","levProduct":1,"codDisplay":"DISP-5555","codDiv":"DIV-5555","codNode":"NODE-5555","codNode1":null,"codNode2":null,"codNodeN":null}]}],"measureFields":[]},{"idAction":10,"codProduct":"PROD-8888","levProduct":1,"codDisplay":"DISP-8888","codDiv":"DIV-8888","qtyEstimated":2000.00,"perceDiscount1":0.00,"perceDiscount2":0.00,"numMeasure":0.00,"codMeasure":null,"details":[{"idAction":10,"codProduct":"PROD-8888","levProduct":1,"codDisplay":"DISP-8888","codNode":"NODE-8888","codDiv":"DIV-8888","flgInclusion":true,"articles":[{"idAction":10,"codProduct":"PROD-8888","levProduct":1,"codDisplay":"DISP-8888","codDiv":"DIV-8888","codNode":"NODE-8888","codNode1":"A1","codNode2":null,"codNodeN":null}]}],"measureFields":[]},{"idAction":1111,"codProduct":"PRD_1","levProduct":1,"codDisplay":"DIV_1","codDiv":"DIV_1","qtyEstimated":78.00,"perceDiscount1":6.00,"perceDiscount2":8.00,"numMeasure":78788.00,"codMeasure":"1","details":[],"measureFields":[]},{"idAction":1111,"codProduct":"PRD_1","levProduct":1,"codDisplay":"DSP_1","codDiv":"DIV_1","qtyEstimated":11.00,"perceDiscount1":9.80,"perceDiscount2":6.70,"numMeasure":11.00,"codMeasure":"MEASURE_1","details":[{"idAction":1111,"codProduct":"PRD_1","levProduct":1,"codDisplay":"DSP_1","codNode":"NODE_1","codDiv":"DIV_1","flgInclusion":true,"articles":[{"idAction":1111,"codProduct":"PRD_1","levProduct":1,"codDisplay":"DSP_1","codDiv":"DIV_1","codNode":"NODE_1","codNode1":"NN","codNode2":"MM","codNodeN":"ZZ"}]}],"measureFields":[]},{"idAction":1111,"codProduct":"PRD_1111","levProduct":11,"codDisplay":"DSP_1111","codDiv":"DIV_1111","qtyEstimated":6756.00,"perceDiscount1":9.81,"perceDiscount2":8.90,"numMeasure":0.00,"codMeasure":"MEASURE_1111","details":[{"idAction":1111,"codProduct":"PRD_1111","levProduct":11,"codDisplay":"DSP_1111","codNode":"NODE_1111","codDiv":"DIV_1111","flgInclusion":true,"articles":[{"idAction":1111,"codProduct":"PRD_1111","levProduct":11,"codDisplay":"DSP_1111","codDiv":"DIV_1111","codNode":"NODE_1111","codNode1":"CCCCCC","codNode2":"AAAAAAA","codNodeN":"BBBBBBBB"}]}],"measureFields":[]},{"idAction":1111,"codProduct":"PRD_24","levProduct":1,"codDisplay":"DS-_24","codDiv":"DIV_24","qtyEstimated":345.00,"perceDiscount1":0.50,"perceDiscount2":0.90,"numMeasure":8.00,"codMeasure":"MEASURE_24","details":[],"measureFields":[]},{"idAction":1111,"codProduct":"PRD_44","levProduct":1,"codDisplay":"DSP_44","codDiv":"DIC_44","qtyEstimated":44.00,"perceDiscount1":0.10,"perceDiscount2":0.50,"numMeasure":76.00,"codMeasure":"MEASURE_44","details":[],"measureFields":[]},{"idAction":1111,"codProduct":"PRD_765","levProduct":1,"codDisplay":"DSP_567","codDiv":"DIV_765","qtyEstimated":5.60,"perceDiscount1":0.50,"perceDiscount2":0.40,"numMeasure":999.00,"codMeasure":"765","details":[],"measureFields":[]},{"idAction":1111,"codProduct":"PROD-1111","levProduct":1,"codDisplay":"DISP-1111","codDiv":"DIV-1111","qtyEstimated":0.00,"perceDiscount1":0.00,"perceDiscount2":0.00,"numMeasure":1.00,"codMeasure":"EA","details":[{"idAction":1111,"codProduct":"PROD-1111","levProduct":1,"codDisplay":"DISP-1111","codNode":"ddd","codDiv":"DIV5005","flgInclusion":true,"articles":[]}],"measureFields":[]},{"idAction":1111,"codProduct":"PROD-2323","levProduct":1,"codDisplay":"DSP-2323","codDiv":"D-2322","qtyEstimated":2340.00,"perceDiscount1":0.40,"perceDiscount2":45.00,"numMeasure":0.00,"codMeasure":"PALLET","details":[{"idAction":1111,"codProduct":"PROD-2323","levProduct":1,"codDisplay":"DSP-2323","codNode":"NODE-2323","codDiv":"D-2323","flgInclusion":true,"articles":[{"idAction":1111,"codProduct":"PROD-2323","levProduct":1,"codDisplay":"DSP-2323","codDiv":"D-2323","codNode":"NODE-2323","codNode1":"A1-2323","codNode2":"A2-2323","codNodeN":"AN-2323"}]}],"measureFields":[]},{"idAction":2020,"codProduct":"PRD_1","levProduct":1,"codDisplay":"DIV_1","codDiv":"DIV_1","qtyEstimated":78.00,"perceDiscount1":6.00,"perceDiscount2":8.00,"numMeasure":78788.00,"codMeasure":"1","details":[],"measureFields":[]},{"idAction":2020,"codProduct":"PRD_24","levProduct":1,"codDisplay":"DS-_24","codDiv":"DIV_24","qtyEstimated":345.00,"perceDiscount1":0.50,"perceDiscount2":0.90,"numMeasure":8.00,"codMeasure":"MEASURE_24","details":[],"measureFields":[]},{"idAction":2020,"codProduct":"PRD_44","levProduct":1,"codDisplay":"DSP_44","codDiv":"DIC_44","qtyEstimated":44.00,"perceDiscount1":0.10,"perceDiscount2":0.50,"numMeasure":76.00,"codMeasure":"MEASURE_44","details":[],"measureFields":[]},{"idAction":2020,"codProduct":"PRD_765","levProduct":0,"codDisplay":"DSP_765","codDiv":"DIV_765","qtyEstimated":234.00,"perceDiscount1":0.50,"perceDiscount2":0.56,"numMeasure":765.00,"codMeasure":"MEASURE_765","details":[],"measureFields":[]},{"idAction":2020,"codProduct":"PRD_765","levProduct":0,"codDisplay":"DSP-765","codDiv":"DIV_765","qtyEstimated":345.00,"perceDiscount1":3.55,"perceDiscount2":67.00,"numMeasure":765.00,"codMeasure":"MEASURE_765","details":[],"measureFields":[]},{"idAction":2020,"codProduct":"PRD-2020","levProduct":1,"codDisplay":"DSP-2020","codDiv":"D-2020","qtyEstimated":2000.00,"perceDiscount1":11.00,"perceDiscount2":23.00,"numMeasure":0.00,"codMeasure":"BOX","details":[{"idAction":2020,"codProduct":"PRD-2020","levProduct":1,"codDisplay":"DSP-2020","codNode":"NODE-2020","codDiv":"D-2020","flgInclusion":true,"articles":[{"idAction":2020,"codProduct":"PRD-2020","levProduct":1,"codDisplay":"DSP-2020","codDiv":"D-2020","codNode":"NODE-2020","codNode1":"A1-2020","codNode2":"A2-2020","codNodeN":"AN-2020"}]}],"measureFields":[]},{"idAction":2323,"codProduct":"PRD_08","levProduct":0,"codDisplay":"DSP_08","codDiv":"DIV_08","qtyEstimated":11.00,"perceDiscount1":22.00,"perceDiscount2":2.00,"numMeasure":2.00,"codMeasure":"08","details":[],"measureFields":[]},{"idAction":2323,"codProduct":"PRD_1","levProduct":1,"codDisplay":"DIV_1","codDiv":"DIV_1","qtyEstimated":78.00,"perceDiscount1":6.00,"perceDiscount2":8.00,"numMeasure":78788.00,"codMeasure":"1","details":[],"measureFields":[]},{"idAction":2323,"codProduct":"PRD_23","levProduct":0,"codDisplay":"DSP_23","codDiv":"DIV_23","qtyEstimated":28.00,"perceDiscount1":7.00,"perceDiscount2":2.00,"numMeasure":7.00,"codMeasure":"MEASURE_23","details":[],"measureFields":[]},{"idAction":2323,"codProduct":"PRD_24","levProduct":1,"codDisplay":"DS-_24","codDiv":"DIV_24","qtyEstimated":345.00,"perceDiscount1":0.50,"perceDiscount2":0.90,"numMeasure":8.00,"codMeasure":"MEASURE_24","details":[],"measureFields":[]},{"idAction":2323,"codProduct":"PRD_34","levProduct":1,"codDisplay":"DSP_34","codDiv":"DIV_34","qtyEstimated":2345.00,"perceDiscount1":0.60,"perceDiscount2":8.87,"numMeasure":34.00,"codMeasure":"MEASURE_34","details":[],"measureFields":[]},{"idAction":2323,"codProduct":"PRD_44","levProduct":1,"codDisplay":"DSP_44","codDiv":"DIC_44","qtyEstimated":44.00,"perceDiscount1":0.10,"perceDiscount2":0.50,"numMeasure":76.00,"codMeasure":"MEASURE_44","details":[],"measureFields":[]},{"idAction":2323,"codProduct":"PRD_55","levProduct":1,"codDisplay":"DSP_55","codDiv":"DIV_55","qtyEstimated":66.00,"perceDiscount1":0.50,"perceDiscount2":0.10,"numMeasure":34.00,"codMeasure":"55","details":[],"measureFields":[]},{"idAction":2323,"codProduct":"PRD_765","levProduct":0,"codDisplay":"DSP_567","codDiv":"DIV_765","qtyEstimated":5.60,"perceDiscount1":0.50,"perceDiscount2":0.40,"numMeasure":999.00,"codMeasure":"765","details":[],"measureFields":[]},{"idAction":2323,"codProduct":"PROD-2323","levProduct":1,"codDisplay":"DSP-2323","codDiv":"D-2322","qtyEstimated":2340.00,"perceDiscount1":0.40,"perceDiscount2":45.00,"numMeasure":0.00,"codMeasure":"PALLET","details":[{"idAction":2323,"codProduct":"PROD-2323","levProduct":1,"codDisplay":"DSP-2323","codNode":"NODE-2323","codDiv":"D-2323","flgInclusion":true,"articles":[{"idAction":2323,"codProduct":"PROD-2323","levProduct":1,"codDisplay":"DSP-2323","codDiv":"D-2323","codNode":"NODE-2323","codNode1":"A1-2323","codNode2":"A2-2323","codNodeN":"AN-2323"}]}],"measureFields":[]},{"idAction":5005,"codProduct":"PROD-1111","levProduct":1,"codDisplay":"DISP-1111","codDiv":"DIV-1111","qtyEstimated":0.00,"perceDiscount1":0.00,"perceDiscount2":0.00,"numMeasure":1.00,"codMeasure":"EA","details":[{"idAction":5005,"codProduct":"PROD-1111","levProduct":1,"codDisplay":"DISP-1111","codNode":"ddd","codDiv":"DIV5005","flgInclusion":true,"articles":[]}],"measureFields":[]},{"idAction":6000,"codProduct":"PRD_6666","levProduct":1,"codDisplay":"DSP_6666","codDiv":"DIV_6666","qtyEstimated":14.00,"perceDiscount1":0.80,"perceDiscount2":8.90,"numMeasure":654.00,"codMeasure":"MEASURE_6666","details":[],"measureFields":[]},{"idAction":6000,"codProduct":"PRD_99","levProduct":1,"codDisplay":"DSP_99","codDiv":"DIV_99","qtyEstimated":456.00,"perceDiscount1":9.80,"perceDiscount2":7.70,"numMeasure":999.00,"codMeasure":"MEASURE_99","details":[{"idAction":6000,"codProduct":"PRD_99","levProduct":1,"codDisplay":"DSP_99","codNode":"NODE_99","codDiv":"DIV_99","flgInclusion":true,"articles":[{"idAction":6000,"codProduct":"PRD_99","levProduct":1,"codDisplay":"DSP_99","codDiv":"DIV_99","codNode":"NODE_99","codNode1":"HBKK","codNode2":"KHNKH","codNodeN":"IYGFTUFTY"}]}],"measureFields":[]},{"idAction":6000,"codProduct":"PROD-6000","levProduct":1,"codDisplay":"DISP-6000","codDiv":"DIV-6000","qtyEstimated":100.00,"perceDiscount1":15.00,"perceDiscount2":0.00,"numMeasure":1.00,"codMeasure":"UNIT","details":[{"idAction":6000,"codProduct":"PROD-6000","levProduct":1,"codDisplay":"DISP-6000","codNode":"DET-6000","codDiv":"DIV-6000","flgInclusion":true,"articles":[{"idAction":6000,"codProduct":"PROD-6000","levProduct":1,"codDisplay":"DISP-6000","codDiv":"DIV-6000","codNode":"DET-6000","codNode1":"SKU-6001","codNode2":"V-GOLD","codNodeN":"SIZE-XL"}]}],"measureFields":[]},{"idAction":6767,"codProduct":"PRD_7777","levProduct":1,"codDisplay":"DSP_7777","codDiv":"DIV_7777","qtyEstimated":3423.00,"perceDiscount1":9.80,"perceDiscount2":5.60,"numMeasure":3432.00,"codMeasure":"MEASURE_7777","details":[{"idAction":6767,"codProduct":"PRD_7777","levProduct":1,"codDisplay":"DSP_7777","codNode":"NODE_7777","codDiv":"DIV_7777","flgInclusion":true,"articles":[{"idAction":6767,"codProduct":"PRD_7777","levProduct":1,"codDisplay":"DSP_7777","codDiv":"DIV_7777","codNode":"NODE_7777","codNode1":"ABC","codNode2":"DEF","codNodeN":"HBJ"}]}],"measureFields":[]},{"idAction":6767,"codProduct":"PROD-6767","levProduct":1,"codDisplay":"DSP-6767","codDiv":"DIV-6767","qtyEstimated":5000.00,"perceDiscount1":23.50,"perceDiscount2":45.60,"numMeasure":0.00,"codMeasure":"PALLET","details":[{"idAction":6767,"codProduct":"PROD-6767","levProduct":1,"codDisplay":"DSP-6767","codNode":"NODE-6767","codDiv":"DIV-6767","flgInclusion":true,"articles":[{"idAction":6767,"codProduct":"PROD-6767","levProduct":1,"codDisplay":"DSP-6767","codDiv":"DIV-6767","codNode":"NODE-6767","codNode1":"A1-6767","codNode2":"A2-6767","codNodeN":"AN-6767"}]}],"measureFields":[]},{"idAction":7000,"codProduct":"PROD-7000","levProduct":1,"codDisplay":"DISP-7000","codDiv":"DIV-7000","qtyEstimated":500.00,"perceDiscount1":null,"perceDiscount2":null,"numMeasure":null,"codMeasure":null,"details":[],"measureFields":[]},{"idAction":8888,"codProduct":"PROD-5555","levProduct":1,"codDisplay":"DISP-5555","codDiv":"DIV-5555","qtyEstimated":500.00,"perceDiscount1":0.00,"perceDiscount2":0.00,"numMeasure":0.00,"codMeasure":null,"details":[{"idAction":8888,"codProduct":"PROD-5555","levProduct":1,"codDisplay":"DISP-5555","codNode":"NODE-5555","codDiv":"DIV-5555","flgInclusion":true,"articles":[{"idAction":8888,"codProduct":"PROD-5555","levProduct":1,"codDisplay":"DISP-5555","codDiv":"DIV-5555","codNode":"NODE-5555","codNode1":null,"codNode2":null,"codNodeN":null}]}],"measureFields":[]},{"idAction":8888,"codProduct":"PROD-8888","levProduct":1,"codDisplay":"DISP-8888","codDiv":"DIV-8888","qtyEstimated":2000.00,"perceDiscount1":null,"perceDiscount2":null,"numMeasure":null,"codMeasure":null,"details":[{"idAction":8888,"codProduct":"PROD-8888","levProduct":1,"codDisplay":"DISP-8888","codNode":"NODE-8888","codDiv":"DIV-8888","flgInclusion":true,"articles":[{"idAction":8888,"codProduct":"PROD-8888","levProduct":1,"codDisplay":"DISP-8888","codDiv":"DIV-8888","codNode":"NODE-8888","codNode1":"A1","codNode2":null,"codNodeN":null}]}],"measureFields":[]},{"idAction":9000,"codProduct":"PROD-9000","levProduct":1,"codDisplay":"DISP-9000","codDiv":"DIV-9000","qtyEstimated":2000.00,"perceDiscount1":null,"perceDiscount2":null,"numMeasure":null,"codMeasure":null,"details":[{"idAction":9000,"codProduct":"PROD-9000","levProduct":1,"codDisplay":"DISP-9000","codNode":"NODE-9000","codDiv":"DIV-9000","flgInclusion":true,"articles":[{"idAction":9000,"codProduct":"PROD-9000","levProduct":1,"codDisplay":"DISP-9000","codDiv":"DIV-9000","codNode":"NODE-9000","codNode1":"A1","codNode2":null,"codNodeN":null}]}],"measureFields":[]},{"idAction":9999,"codProduct":"PROD-9999","levProduct":1,"codDisplay":"DISP-9999","codDiv":"DIV-9999","qtyEstimated":777.00,"perceDiscount1":null,"perceDiscount2":null,"numMeasure":null,"codMeasure":null,"details":[{"idAction":9999,"codProduct":"PROD-9999","levProduct":1,"codDisplay":"DISP-9999","codNode":"NODE-9999","codDiv":"DIV-9999","flgInclusion":true,"articles":[{"idAction":9999,"codProduct":"PROD-9999","levProduct":1,"codDisplay":"DISP-9999","codDiv":"DIV-9999","codNode":"NODE-9999","codNode1":"ERR","codNode2":null,"codNodeN":null}]}],"measureFields":[]}]
2026-01-29 10:47:36.568 +05:00 [INF] HTTP GET /api/promotions/products responded 200 in 35.5338 ms
2026-01-29 10:47:41.750 +05:00 [INF] HTTP GET /api/promotions/customer-relations responded 200 in 19.7242 ms | User: Talha (N/A) | IP: ::1 | RequestBody:  | ResponseBody: [{"idAction":0,"codHier":"5555","codDiv":"div5555","codNode":"f5555","idLevel":1,"dteStart":"2026-01-15T00:00:00","codParentNode":"root","dteEnd":null},{"idAction":0,"codHier":"56","codDiv":"565","codNode":"56","idLevel":55,"dteStart":"2026-01-29T00:44:00","codParentNode":"haseeb","dteEnd":"2026-01-26T00:44:00"},{"idAction":0,"codHier":"H_10","codDiv":"DIV_10","codNode":"NODE_10","idLevel":10,"dteStart":"2026-01-01T14:45:00","codParentNode":"ROOT_10","dteEnd":"2026-01-31T14:44:00"},{"idAction":0,"codHier":"H_1111","codDiv":"DIV_1111","codNode":"NODE_1111","idLevel":11,"dteStart":"2026-01-01T17:00:00","codParentNode":"ROOT_1111","dteEnd":"2026-01-30T17:01:00"},{"idAction":0,"codHier":"H_3","codDiv":"DIV_3","codNode":"NODE_3","idLevel":3,"dteStart":"2026-01-01T10:45:00","codParentNode":"ROOT_3","dteEnd":"2026-01-30T10:44:00"},{"idAction":0,"codHier":"H-1010","codDiv":"D-1010","codNode":"C-1010","idLevel":1,"dteStart":"2026-01-01T11:54:00","codParentNode":"root","dteEnd":"2026-01-12T11:54:00"},{"idAction":0,"codHier":"H-11","codDiv":"DIV-11","codNode":"C-11","idLevel":11,"dteStart":"2026-01-01T15:05:00","codParentNode":"ROOT","dteEnd":"2026-01-31T15:05:00"},{"idAction":0,"codHier":"H-1111","codDiv":"DIV-1111","codNode":"CUST-1111","idLevel":10,"dteStart":"2026-01-01T00:00:00","codParentNode":"ROOT","dteEnd":null},{"idAction":0,"codHier":"H-1414","codDiv":"D-1414","codNode":"C-1414","idLevel":4,"dteStart":"2026-01-01T14:45:00","codParentNode":"ROOT","dteEnd":"2026-01-15T14:45:00"},{"idAction":0,"codHier":"H-2","codDiv":"DIV-2","codNode":"CUST-2","idLevel":2,"dteStart":"2026-01-01T12:40:00","codParentNode":"ROOT","dteEnd":"2026-01-16T12:37:00"},{"idAction":0,"codHier":"H-2","codDiv":"DIV-2","codNode":"CUST-2","idLevel":2,"dteStart":"2026-01-21T12:37:00","codParentNode":"ROOT","dteEnd":"2026-01-24T12:37:00"},{"idAction":0,"codHier":"H-2020","codDiv":"D-2020","codNode":"C-2020","idLevel":2,"dteStart":"2026-01-02T12:27:00","codParentNode":"root","dteEnd":"2026-01-30T12:27:00"},{"idAction":0,"codHier":"H-2255","codDiv":"DIV-2255","codNode":"CUST-2255","idLevel":10,"dteStart":"2026-01-01T00:00:00","codParentNode":"ROOT","dteEnd":null},{"idAction":0,"codHier":"H-2323","codDiv":"D-2323","codNode":"C-2323","idLevel":4,"dteStart":"2026-01-01T12:48:00","codParentNode":"ROOT","dteEnd":"2026-01-12T12:49:00"},{"idAction":0,"codHier":"H-3333","codDiv":"DIV-3333","codNode":"CUST-3333","idLevel":10,"dteStart":"2026-01-01T00:00:00","codParentNode":"ROOT","dteEnd":null},{"idAction":0,"codHier":"H-3344","codDiv":"DIV-3345","codNode":"CUST-3345","idLevel":10,"dteStart":"2026-01-01T00:00:00","codParentNode":"ROOT","dteEnd":null},{"idAction":0,"codHier":"H-3345","codDiv":"DIV-3345","codNode":"CUST-3345","idLevel":10,"dteStart":"2026-01-01T00:00:00","codParentNode":"ROOT","dteEnd":null},{"idAction":0,"codHier":"H-4","codDiv":"DIV-4","codNode":"CUST-4","idLevel":4,"dteStart":"2026-01-01T14:44:00","codParentNode":"ROOT","dteEnd":"2026-01-02T14:44:00"},{"idAction":0,"codHier":"H-5555","codDiv":"DIV-5555","codNode":"CUST-5555","idLevel":10,"dteStart":"2026-01-01T00:00:00","codParentNode":"ROOT","dteEnd":null},{"idAction":0,"codHier":"H-6000","codDiv":"DIV-6000","codNode":"CUST-6000","idLevel":10,"dteStart":"2026-01-01T00:00:00","codParentNode":"ROOT","dteEnd":"2026-12-31T00:00:00"},{"idAction":0,"codHier":"H-6666","codDiv":"DIV-6666","codNode":"CUST-6666","idLevel":10,"dteStart":"2026-01-17T01:30:00","codParentNode":"ROOT","dteEnd":"2026-01-18T01:30:00"},{"idAction":0,"codHier":"H-6767","codDiv":"DIV-6767","codNode":"CUST-6767","idLevel":5,"dteStart":"2026-01-01T12:15:00","codParentNode":"ROOT","dteEnd":"2026-01-08T12:15:00"},{"idAction":0,"codHier":"H-7000","codDiv":"DIV-7000","codNode":"CUST-7000","idLevel":10,"dteStart":"2026-01-01T00:00:00","codParentNode":"ROOT","dteEnd":null},{"idAction":0,"codHier":"H-7777","codDiv":"DIV-7777","codNode":"CUST-7777","idLevel":10,"dteStart":"2026-01-01T00:00:00","codParentNode":"ROOT","dteEnd":null},{"idAction":0,"codHier":"H-7878","codDiv":"DIV-7878","codNode":"CUST-7878","idLevel":3,"dteStart":"2026-01-18T11:43:00","codParentNode":"ROOT","dteEnd":"2026-01-19T11:43:00"},{"idAction":0,"codHier":"H-8000","codDiv":"DIV-8000","codNode":"CUST-8000","idLevel":10,"dteStart":"2026-01-01T00:00:00","codParentNode":"ROOT","dteEnd":null},{"idAction":0,"codHier":"H-8888","codDiv":"DIV-8888","codNode":"CUST-8888","idLevel":10,"dteStart":"2026-01-01T00:00:00","codParentNode":"ROOT","dteEnd":null},{"idAction":0,"codHier":"H-9000","codDiv":"DIV-9000","codNode":"CUST-9000","idLevel":10,"dteStart":"2026-01-01T00:00:00","codParentNode":"ROOT","dteEnd":null},{"idAction":0,"codHier":"H-9999","codDiv":"DIV-9999","codNode":"CUST-9999","idLevel":10,"dteStart":"2026-01-01T00:00:00","codParentNode":"ROOT","dteEnd":null},{"idAction":0,"codHier":"HIER_CORP","codDiv":"DIV01","codNode":"NODE_9111","idLevel":1,"dteStart":"2026-01-15T00:00:00","codParentNode":"ROOT_NODE","dteEnd":null}]
2026-01-29 10:47:41.760 +05:00 [INF] HTTP GET /api/promotions/actions responded 200 in 13.5105 ms | User: Talha (N/A) | IP: ::1 | RequestBody:  | ResponseBody: [{"idAction":3,"name":"PROMO_3","codDiv":"DIV_3","dteStartSellIn":"2026-01-14T10:44:00","dteEndSellIn":"2026-01-15T10:45:00","dteStartSellOut":"2026-01-25T10:45:00","dteEndSellOut":"2026-01-30T10:45:00","documentKey":"KEY_3","dteToShost":"2026-01-10T10:44:00","levParticipants":3},{"idAction":10,"name":"PROMO_10","codDiv":"DIV_10","dteStartSellIn":"2026-01-30T14:45:00","dteEndSellIn":"2026-01-31T14:45:00","dteStartSellOut":"2026-01-23T14:45:00","dteEndSellOut":"2026-01-24T14:45:00","documentKey":"DOCC_KEY_10","dteToShost":"2026-01-29T14:44:00","levParticipants":10},{"idAction":45,"name":"cccc","codDiv":"DIV01","dteStartSellIn":"2026-01-16T00:00:00","dteEndSellIn":"2026-01-17T00:00:00","dteStartSellOut":"2026-01-16T00:00:00","dteEndSellOut":"2026-01-17T00:00:00","documentKey":null,"dteToShost":null,"levParticipants":2},{"idAction":1111,"name":"PROMO_1111","codDiv":"DIV_1111","dteStartSellIn":"2026-01-01T17:00:00","dteEndSellIn":"2026-01-30T17:02:00","dteStartSellOut":"2026-01-17T17:02:00","dteEndSellOut":"2026-01-28T17:02:00","documentKey":"1111_DOCC_KEY","dteToShost":"2026-01-13T17:02:00","levParticipants":11},{"idAction":2020,"name":"Spring Special 2020","codDiv":"D-2020","dteStartSellIn":"2026-01-03T12:28:00","dteEndSellIn":"2026-01-04T12:28:00","dteStartSellOut":"2026-01-05T12:28:00","dteEndSellOut":"2026-01-06T12:28:00","documentKey":"DOC-SPRING-2020","dteToShost":"2026-01-02T12:28:00","levParticipants":1},{"idAction":2222,"name":"haseeb","codDiv":"DIV02","dteStartSellIn":"2026-01-28T00:00:00","dteEndSellIn":"2026-01-30T00:00:00","dteStartSellOut":"2026-01-28T00:00:00","dteEndSellOut":"2026-01-30T00:00:00","documentKey":null,"dteToShost":null,"levParticipants":2},{"idAction":2323,"name":"Winter Sale Campaign 2323","codDiv":"D-2323","dteStartSellIn":"2026-01-19T14:39:00","dteEndSellIn":"2026-01-20T14:40:00","dteStartSellOut":"2026-01-21T14:40:00","dteEndSellOut":"2026-01-22T14:40:00","documentKey":"DOC-WINTER-2323","dteToShost":"2026-01-30T14:39:00","levParticipants":1},{"idAction":5005,"name":"bbb","codDiv":"DIV5005","dteStartSellIn":"2026-01-23T00:00:00","dteEndSellIn":"2026-01-30T00:00:00","dteStartSellOut":"2026-01-26T00:00:00","dteEndSellOut":"2026-01-18T00:00:00","documentKey":"555553","dteToShost":"2026-01-19T00:00:00","levParticipants":14},{"idAction":6000,"name":"Zero Redundancy Campaign 6000","codDiv":"DIV-6000","dteStartSellIn":"2026-01-01T00:00:00","dteEndSellIn":"2026-01-31T00:00:00","dteStartSellOut":"2026-02-01T00:00:00","dteEndSellOut":"2026-02-28T00:00:00","documentKey":"DOC-6000","dteToShost":"2026-01-05T00:00:00","levParticipants":1},{"idAction":6767,"name":"XTEL Launch Promo 6767","codDiv":"DIV-6767","dteStartSellIn":"2026-01-20T12:16:00","dteEndSellIn":"2026-01-21T12:16:00","dteStartSellOut":"2026-01-22T12:16:00","dteEndSellOut":"2026-01-23T12:16:00","documentKey":"DOC-XTEL-6767","dteToShost":"2026-01-03T12:16:00","levParticipants":1},{"idAction":7000,"name":"Atomic Campaign 7000","codDiv":"DIV-7000","dteStartSellIn":"2026-01-01T00:00:00","dteEndSellIn":"2026-01-31T00:00:00","dteStartSellOut":"2026-02-01T00:00:00","dteEndSellOut":"2026-02-28T00:00:00","documentKey":"DOC-7000","dteToShost":null,"levParticipants":1},{"idAction":8888,"name":"Atomic Campaign 8888 Complete","codDiv":"DIV-8888","dteStartSellIn":"2026-01-01T00:00:00","dteEndSellIn":"2026-01-31T00:00:00","dteStartSellOut":"2026-02-01T00:00:00","dteEndSellOut":"2026-02-28T00:00:00","documentKey":"DOC-8888","dteToShost":null,"levParticipants":1},{"idAction":9000,"name":"Balanced Atomic Campaign 9000","codDiv":"DIV-9000","dteStartSellIn":"2026-01-01T00:00:00","dteEndSellIn":"2026-01-31T00:00:00","dteStartSellOut":"2026-02-01T00:00:00","dteEndSellOut":"2026-02-28T00:00:00","documentKey":"DOC-9000","dteToShost":null,"levParticipants":1},{"idAction":9999,"name":"I should not exist in DB","codDiv":"DIV-9999","dteStartSellIn":"2026-01-01T00:00:00","dteEndSellIn":"2026-01-31T00:00:00","dteStartSellOut":"2026-02-01T00:00:00","dteEndSellOut":"2026-02-28T00:00:00","documentKey":"DOC-9999","dteToShost":null,"levParticipants":1}]
2026-01-29 10:47:41.761 +05:00 [INF] HTTP GET /api/promotions/customer-relations responded 200 in 30.7820 ms
2026-01-29 10:47:41.766 +05:00 [INF] HTTP GET /api/promotions/actions responded 200 in 19.4985 ms
2026-01-29 10:47:41.866 +05:00 [INF] HTTP GET /api/promotions/customer-relations responded 200 in 13.9939 ms | User: Talha (N/A) | IP: ::1 | RequestBody:  | ResponseBody: [{"idAction":0,"codHier":"5555","codDiv":"div5555","codNode":"f5555","idLevel":1,"dteStart":"2026-01-15T00:00:00","codParentNode":"root","dteEnd":null},{"idAction":0,"codHier":"56","codDiv":"565","codNode":"56","idLevel":55,"dteStart":"2026-01-29T00:44:00","codParentNode":"haseeb","dteEnd":"2026-01-26T00:44:00"},{"idAction":0,"codHier":"H_10","codDiv":"DIV_10","codNode":"NODE_10","idLevel":10,"dteStart":"2026-01-01T14:45:00","codParentNode":"ROOT_10","dteEnd":"2026-01-31T14:44:00"},{"idAction":0,"codHier":"H_1111","codDiv":"DIV_1111","codNode":"NODE_1111","idLevel":11,"dteStart":"2026-01-01T17:00:00","codParentNode":"ROOT_1111","dteEnd":"2026-01-30T17:01:00"},{"idAction":0,"codHier":"H_3","codDiv":"DIV_3","codNode":"NODE_3","idLevel":3,"dteStart":"2026-01-01T10:45:00","codParentNode":"ROOT_3","dteEnd":"2026-01-30T10:44:00"},{"idAction":0,"codHier":"H-1010","codDiv":"D-1010","codNode":"C-1010","idLevel":1,"dteStart":"2026-01-01T11:54:00","codParentNode":"root","dteEnd":"2026-01-12T11:54:00"},{"idAction":0,"codHier":"H-11","codDiv":"DIV-11","codNode":"C-11","idLevel":11,"dteStart":"2026-01-01T15:05:00","codParentNode":"ROOT","dteEnd":"2026-01-31T15:05:00"},{"idAction":0,"codHier":"H-1111","codDiv":"DIV-1111","codNode":"CUST-1111","idLevel":10,"dteStart":"2026-01-01T00:00:00","codParentNode":"ROOT","dteEnd":null},{"idAction":0,"codHier":"H-1414","codDiv":"D-1414","codNode":"C-1414","idLevel":4,"dteStart":"2026-01-01T14:45:00","codParentNode":"ROOT","dteEnd":"2026-01-15T14:45:00"},{"idAction":0,"codHier":"H-2","codDiv":"DIV-2","codNode":"CUST-2","idLevel":2,"dteStart":"2026-01-01T12:40:00","codParentNode":"ROOT","dteEnd":"2026-01-16T12:37:00"},{"idAction":0,"codHier":"H-2","codDiv":"DIV-2","codNode":"CUST-2","idLevel":2,"dteStart":"2026-01-21T12:37:00","codParentNode":"ROOT","dteEnd":"2026-01-24T12:37:00"},{"idAction":0,"codHier":"H-2020","codDiv":"D-2020","codNode":"C-2020","idLevel":2,"dteStart":"2026-01-02T12:27:00","codParentNode":"root","dteEnd":"2026-01-30T12:27:00"},{"idAction":0,"codHier":"H-2255","codDiv":"DIV-2255","codNode":"CUST-2255","idLevel":10,"dteStart":"2026-01-01T00:00:00","codParentNode":"ROOT","dteEnd":null},{"idAction":0,"codHier":"H-2323","codDiv":"D-2323","codNode":"C-2323","idLevel":4,"dteStart":"2026-01-01T12:48:00","codParentNode":"ROOT","dteEnd":"2026-01-12T12:49:00"},{"idAction":0,"codHier":"H-3333","codDiv":"DIV-3333","codNode":"CUST-3333","idLevel":10,"dteStart":"2026-01-01T00:00:00","codParentNode":"ROOT","dteEnd":null},{"idAction":0,"codHier":"H-3344","codDiv":"DIV-3345","codNode":"CUST-3345","idLevel":10,"dteStart":"2026-01-01T00:00:00","codParentNode":"ROOT","dteEnd":null},{"idAction":0,"codHier":"H-3345","codDiv":"DIV-3345","codNode":"CUST-3345","idLevel":10,"dteStart":"2026-01-01T00:00:00","codParentNode":"ROOT","dteEnd":null},{"idAction":0,"codHier":"H-4","codDiv":"DIV-4","codNode":"CUST-4","idLevel":4,"dteStart":"2026-01-01T14:44:00","codParentNode":"ROOT","dteEnd":"2026-01-02T14:44:00"},{"idAction":0,"codHier":"H-5555","codDiv":"DIV-5555","codNode":"CUST-5555","idLevel":10,"dteStart":"2026-01-01T00:00:00","codParentNode":"ROOT","dteEnd":null},{"idAction":0,"codHier":"H-6000","codDiv":"DIV-6000","codNode":"CUST-6000","idLevel":10,"dteStart":"2026-01-01T00:00:00","codParentNode":"ROOT","dteEnd":"2026-12-31T00:00:00"},{"idAction":0,"codHier":"H-6666","codDiv":"DIV-6666","codNode":"CUST-6666","idLevel":10,"dteStart":"2026-01-17T01:30:00","codParentNode":"ROOT","dteEnd":"2026-01-18T01:30:00"},{"idAction":0,"codHier":"H-6767","codDiv":"DIV-6767","codNode":"CUST-6767","idLevel":5,"dteStart":"2026-01-01T12:15:00","codParentNode":"ROOT","dteEnd":"2026-01-08T12:15:00"},{"idAction":0,"codHier":"H-7000","codDiv":"DIV-7000","codNode":"CUST-7000","idLevel":10,"dteStart":"2026-01-01T00:00:00","codParentNode":"ROOT","dteEnd":null},{"idAction":0,"codHier":"H-7777","codDiv":"DIV-7777","codNode":"CUST-7777","idLevel":10,"dteStart":"2026-01-01T00:00:00","codParentNode":"ROOT","dteEnd":null},{"idAction":0,"codHier":"H-7878","codDiv":"DIV-7878","codNode":"CUST-7878","idLevel":3,"dteStart":"2026-01-18T11:43:00","codParentNode":"ROOT","dteEnd":"2026-01-19T11:43:00"},{"idAction":0,"codHier":"H-8000","codDiv":"DIV-8000","codNode":"CUST-8000","idLevel":10,"dteStart":"2026-01-01T00:00:00","codParentNode":"ROOT","dteEnd":null},{"idAction":0,"codHier":"H-8888","codDiv":"DIV-8888","codNode":"CUST-8888","idLevel":10,"dteStart":"2026-01-01T00:00:00","codParentNode":"ROOT","dteEnd":null},{"idAction":0,"codHier":"H-9000","codDiv":"DIV-9000","codNode":"CUST-9000","idLevel":10,"dteStart":"2026-01-01T00:00:00","codParentNode":"ROOT","dteEnd":null},{"idAction":0,"codHier":"H-9999","codDiv":"DIV-9999","codNode":"CUST-9999","idLevel":10,"dteStart":"2026-01-01T00:00:00","codParentNode":"ROOT","dteEnd":null},{"idAction":0,"codHier":"HIER_CORP","codDiv":"DIV01","codNode":"NODE_9111","idLevel":1,"dteStart":"2026-01-15T00:00:00","codParentNode":"ROOT_NODE","dteEnd":null}]
2026-01-29 10:47:41.878 +05:00 [INF] HTTP GET /api/promotions/actions responded 200 in 14.5214 ms | User: Talha (N/A) | IP: ::1 | RequestBody:  | ResponseBody: [{"idAction":3,"name":"PROMO_3","codDiv":"DIV_3","dteStartSellIn":"2026-01-14T10:44:00","dteEndSellIn":"2026-01-15T10:45:00","dteStartSellOut":"2026-01-25T10:45:00","dteEndSellOut":"2026-01-30T10:45:00","documentKey":"KEY_3","dteToShost":"2026-01-10T10:44:00","levParticipants":3},{"idAction":10,"name":"PROMO_10","codDiv":"DIV_10","dteStartSellIn":"2026-01-30T14:45:00","dteEndSellIn":"2026-01-31T14:45:00","dteStartSellOut":"2026-01-23T14:45:00","dteEndSellOut":"2026-01-24T14:45:00","documentKey":"DOCC_KEY_10","dteToShost":"2026-01-29T14:44:00","levParticipants":10},{"idAction":45,"name":"cccc","codDiv":"DIV01","dteStartSellIn":"2026-01-16T00:00:00","dteEndSellIn":"2026-01-17T00:00:00","dteStartSellOut":"2026-01-16T00:00:00","dteEndSellOut":"2026-01-17T00:00:00","documentKey":null,"dteToShost":null,"levParticipants":2},{"idAction":1111,"name":"PROMO_1111","codDiv":"DIV_1111","dteStartSellIn":"2026-01-01T17:00:00","dteEndSellIn":"2026-01-30T17:02:00","dteStartSellOut":"2026-01-17T17:02:00","dteEndSellOut":"2026-01-28T17:02:00","documentKey":"1111_DOCC_KEY","dteToShost":"2026-01-13T17:02:00","levParticipants":11},{"idAction":2020,"name":"Spring Special 2020","codDiv":"D-2020","dteStartSellIn":"2026-01-03T12:28:00","dteEndSellIn":"2026-01-04T12:28:00","dteStartSellOut":"2026-01-05T12:28:00","dteEndSellOut":"2026-01-06T12:28:00","documentKey":"DOC-SPRING-2020","dteToShost":"2026-01-02T12:28:00","levParticipants":1},{"idAction":2222,"name":"haseeb","codDiv":"DIV02","dteStartSellIn":"2026-01-28T00:00:00","dteEndSellIn":"2026-01-30T00:00:00","dteStartSellOut":"2026-01-28T00:00:00","dteEndSellOut":"2026-01-30T00:00:00","documentKey":null,"dteToShost":null,"levParticipants":2},{"idAction":2323,"name":"Winter Sale Campaign 2323","codDiv":"D-2323","dteStartSellIn":"2026-01-19T14:39:00","dteEndSellIn":"2026-01-20T14:40:00","dteStartSellOut":"2026-01-21T14:40:00","dteEndSellOut":"2026-01-22T14:40:00","documentKey":"DOC-WINTER-2323","dteToShost":"2026-01-30T14:39:00","levParticipants":1},{"idAction":5005,"name":"bbb","codDiv":"DIV5005","dteStartSellIn":"2026-01-23T00:00:00","dteEndSellIn":"2026-01-30T00:00:00","dteStartSellOut":"2026-01-26T00:00:00","dteEndSellOut":"2026-01-18T00:00:00","documentKey":"555553","dteToShost":"2026-01-19T00:00:00","levParticipants":14},{"idAction":6000,"name":"Zero Redundancy Campaign 6000","codDiv":"DIV-6000","dteStartSellIn":"2026-01-01T00:00:00","dteEndSellIn":"2026-01-31T00:00:00","dteStartSellOut":"2026-02-01T00:00:00","dteEndSellOut":"2026-02-28T00:00:00","documentKey":"DOC-6000","dteToShost":"2026-01-05T00:00:00","levParticipants":1},{"idAction":6767,"name":"XTEL Launch Promo 6767","codDiv":"DIV-6767","dteStartSellIn":"2026-01-20T12:16:00","dteEndSellIn":"2026-01-21T12:16:00","dteStartSellOut":"2026-01-22T12:16:00","dteEndSellOut":"2026-01-23T12:16:00","documentKey":"DOC-XTEL-6767","dteToShost":"2026-01-03T12:16:00","levParticipants":1},{"idAction":7000,"name":"Atomic Campaign 7000","codDiv":"DIV-7000","dteStartSellIn":"2026-01-01T00:00:00","dteEndSellIn":"2026-01-31T00:00:00","dteStartSellOut":"2026-02-01T00:00:00","dteEndSellOut":"2026-02-28T00:00:00","documentKey":"DOC-7000","dteToShost":null,"levParticipants":1},{"idAction":8888,"name":"Atomic Campaign 8888 Complete","codDiv":"DIV-8888","dteStartSellIn":"2026-01-01T00:00:00","dteEndSellIn":"2026-01-31T00:00:00","dteStartSellOut":"2026-02-01T00:00:00","dteEndSellOut":"2026-02-28T00:00:00","documentKey":"DOC-8888","dteToShost":null,"levParticipants":1},{"idAction":9000,"name":"Balanced Atomic Campaign 9000","codDiv":"DIV-9000","dteStartSellIn":"2026-01-01T00:00:00","dteEndSellIn":"2026-01-31T00:00:00","dteStartSellOut":"2026-02-01T00:00:00","dteEndSellOut":"2026-02-28T00:00:00","documentKey":"DOC-9000","dteToShost":null,"levParticipants":1},{"idAction":9999,"name":"I should not exist in DB","codDiv":"DIV-9999","dteStartSellIn":"2026-01-01T00:00:00","dteEndSellIn":"2026-01-31T00:00:00","dteStartSellOut":"2026-02-01T00:00:00","dteEndSellOut":"2026-02-28T00:00:00","documentKey":"DOC-9999","dteToShost":null,"levParticipants":1}]
2026-01-29 10:47:41.880 +05:00 [INF] HTTP GET /api/promotions/customer-relations responded 200 in 28.4947 ms
2026-01-29 10:47:41.888 +05:00 [INF] HTTP GET /api/promotions/actions responded 200 in 24.6852 ms
2026-01-29 10:47:41.892 +05:00 [INF] HTTP GET /api/participants/all responded 200 in 16.2194 ms | User: Talha (N/A) | IP: ::1 | RequestBody:  | ResponseBody: [{"idAction":3,"codParticipant":"NODE_3","flgInclusion":true,"codHier":"H_3","codDiv":"DIV_3","codNode":"NODE_3","idLevel":3,"dteStart":"2026-01-01T10:45:00"},{"idAction":10,"codParticipant":"NODE_10","flgInclusion":true,"codHier":"H_10","codDiv":"DIV_10","codNode":"NODE_10","idLevel":10,"dteStart":"2026-01-01T14:45:00"},{"idAction":1111,"codParticipant":"NODE_1111","flgInclusion":true,"codHier":"H_1111","codDiv":"DIV_1111","codNode":"NODE_1111","idLevel":11,"dteStart":"2026-01-01T17:00:00"},{"idAction":2323,"codParticipant":"P-2323","flgInclusion":true,"codHier":"H-2323","codDiv":"D-2323","codNode":"C-2323","idLevel":4,"dteStart":"2026-01-01T12:48:00"},{"idAction":5005,"codParticipant":"","flgInclusion":true,"codHier":"H-9999","codDiv":"DIV-9999","codNode":"CUST-9999","idLevel":10,"dteStart":"2026-01-01T00:00:00"},{"idAction":6000,"codParticipant":"P-6000","flgInclusion":true,"codHier":"H-6000","codDiv":"DIV-6000","codNode":"CUST-6000","idLevel":10,"dteStart":"2026-01-01T00:00:00"},{"idAction":6767,"codParticipant":"P-6767","flgInclusion":false,"codHier":"H-6767","codDiv":"DIV-6767","codNode":"CUST-6767","idLevel":5,"dteStart":"2026-01-01T12:15:00"},{"idAction":7000,"codParticipant":"P-7000","flgInclusion":true,"codHier":"H-7000","codDiv":"DIV-7000","codNode":"CUST-7000","idLevel":10,"dteStart":"2026-01-01T00:00:00"},{"idAction":8888,"codParticipant":"P-8888","flgInclusion":true,"codHier":"H-8888","codDiv":"DIV-8888","codNode":"CUST-8888","idLevel":10,"dteStart":"2026-01-01T00:00:00"},{"idAction":9000,"codParticipant":"P-9000","flgInclusion":true,"codHier":"H-9000","codDiv":"DIV-9000","codNode":"CUST-9000","idLevel":10,"dteStart":"2026-01-01T00:00:00"},{"idAction":9999,"codParticipant":"P-9999","flgInclusion":true,"codHier":"H-9999","codDiv":"DIV-9999","codNode":"CUST-9999","idLevel":10,"dteStart":"2026-01-01T00:00:00"}]
2026-01-29 10:47:41.899 +05:00 [INF] HTTP GET /api/participants/all responded 200 in 22.4319 ms
2026-01-29 10:47:41.989 +05:00 [INF] HTTP GET /api/participants/all responded 200 in 14.0116 ms | User: Talha (N/A) | IP: ::1 | RequestBody:  | ResponseBody: [{"idAction":3,"codParticipant":"NODE_3","flgInclusion":true,"codHier":"H_3","codDiv":"DIV_3","codNode":"NODE_3","idLevel":3,"dteStart":"2026-01-01T10:45:00"},{"idAction":10,"codParticipant":"NODE_10","flgInclusion":true,"codHier":"H_10","codDiv":"DIV_10","codNode":"NODE_10","idLevel":10,"dteStart":"2026-01-01T14:45:00"},{"idAction":1111,"codParticipant":"NODE_1111","flgInclusion":true,"codHier":"H_1111","codDiv":"DIV_1111","codNode":"NODE_1111","idLevel":11,"dteStart":"2026-01-01T17:00:00"},{"idAction":2323,"codParticipant":"P-2323","flgInclusion":true,"codHier":"H-2323","codDiv":"D-2323","codNode":"C-2323","idLevel":4,"dteStart":"2026-01-01T12:48:00"},{"idAction":5005,"codParticipant":"","flgInclusion":true,"codHier":"H-9999","codDiv":"DIV-9999","codNode":"CUST-9999","idLevel":10,"dteStart":"2026-01-01T00:00:00"},{"idAction":6000,"codParticipant":"P-6000","flgInclusion":true,"codHier":"H-6000","codDiv":"DIV-6000","codNode":"CUST-6000","idLevel":10,"dteStart":"2026-01-01T00:00:00"},{"idAction":6767,"codParticipant":"P-6767","flgInclusion":false,"codHier":"H-6767","codDiv":"DIV-6767","codNode":"CUST-6767","idLevel":5,"dteStart":"2026-01-01T12:15:00"},{"idAction":7000,"codParticipant":"P-7000","flgInclusion":true,"codHier":"H-7000","codDiv":"DIV-7000","codNode":"CUST-7000","idLevel":10,"dteStart":"2026-01-01T00:00:00"},{"idAction":8888,"codParticipant":"P-8888","flgInclusion":true,"codHier":"H-8888","codDiv":"DIV-8888","codNode":"CUST-8888","idLevel":10,"dteStart":"2026-01-01T00:00:00"},{"idAction":9000,"codParticipant":"P-9000","flgInclusion":true,"codHier":"H-9000","codDiv":"DIV-9000","codNode":"CUST-9000","idLevel":10,"dteStart":"2026-01-01T00:00:00"},{"idAction":9999,"codParticipant":"P-9999","flgInclusion":true,"codHier":"H-9999","codDiv":"DIV-9999","codNode":"CUST-9999","idLevel":10,"dteStart":"2026-01-01T00:00:00"}]
2026-01-29 10:47:41.995 +05:00 [INF] HTTP GET /api/participants/all responded 200 in 20.3766 ms
2026-01-29 10:47:42.001 +05:00 [INF] HTTP GET /api/promotions/delivery-points responded 200 in 13.4773 ms | User: Talha (N/A) | IP: ::1 | RequestBody:  | ResponseBody: [{"idAction":3,"codDeliveryPoint":"NODE_3","flgInclusion":true,"codHier":"H_3","codDiv":"DIV_3","codNode":"NODE_3","idLevel":3,"dteStart":"2026-01-01T10:45:00"},{"idAction":10,"codDeliveryPoint":"NODE_10","flgInclusion":true,"codHier":"H_10","codDiv":"DIV_10","codNode":"NODE_10","idLevel":10,"dteStart":"2026-01-01T14:45:00"},{"idAction":1111,"codDeliveryPoint":"NODE_1111","flgInclusion":true,"codHier":"H_1111","codDiv":"DIV_1111","codNode":"NODE_1111","idLevel":11,"dteStart":"2026-01-01T17:00:00"},{"idAction":5005,"codDeliveryPoint":"","flgInclusion":true,"codHier":"H-2255","codDiv":"DIV-2255","codNode":"CUST-2255","idLevel":10,"dteStart":"2026-01-01T00:00:00"},{"idAction":6767,"codDeliveryPoint":"DP-6767","flgInclusion":true,"codHier":"H-6767","codDiv":"DIV-6767","codNode":"CUST-6767","idLevel":5,"dteStart":"2026-01-01T12:15:00"},{"idAction":7000,"codDeliveryPoint":"DP-7000","flgInclusion":true,"codHier":"H-7000","codDiv":"DIV-7000","codNode":"CUST-7000","idLevel":10,"dteStart":"2026-01-01T00:00:00"}]
2026-01-29 10:47:42.011 +05:00 [INF] HTTP GET /api/promotions/delivery-points responded 200 in 23.3338 ms
2026-01-29 10:47:42.114 +05:00 [INF] HTTP GET /api/promotions/delivery-points responded 200 in 9.7955 ms | User: Talha (N/A) | IP: ::1 | RequestBody:  | ResponseBody: [{"idAction":3,"codDeliveryPoint":"NODE_3","flgInclusion":true,"codHier":"H_3","codDiv":"DIV_3","codNode":"NODE_3","idLevel":3,"dteStart":"2026-01-01T10:45:00"},{"idAction":10,"codDeliveryPoint":"NODE_10","flgInclusion":true,"codHier":"H_10","codDiv":"DIV_10","codNode":"NODE_10","idLevel":10,"dteStart":"2026-01-01T14:45:00"},{"idAction":1111,"codDeliveryPoint":"NODE_1111","flgInclusion":true,"codHier":"H_1111","codDiv":"DIV_1111","codNode":"NODE_1111","idLevel":11,"dteStart":"2026-01-01T17:00:00"},{"idAction":5005,"codDeliveryPoint":"","flgInclusion":true,"codHier":"H-2255","codDiv":"DIV-2255","codNode":"CUST-2255","idLevel":10,"dteStart":"2026-01-01T00:00:00"},{"idAction":6767,"codDeliveryPoint":"DP-6767","flgInclusion":true,"codHier":"H-6767","codDiv":"DIV-6767","codNode":"CUST-6767","idLevel":5,"dteStart":"2026-01-01T12:15:00"},{"idAction":7000,"codDeliveryPoint":"DP-7000","flgInclusion":true,"codHier":"H-7000","codDiv":"DIV-7000","codNode":"CUST-7000","idLevel":10,"dteStart":"2026-01-01T00:00:00"}]
2026-01-29 10:47:42.121 +05:00 [INF] HTTP GET /api/promotions/delivery-points responded 200 in 16.4607 ms
2026-01-29 10:47:48.184 +05:00 [INF] HTTP GET /api/promotions/customer-relations responded 200 in 11.5351 ms | User: Talha (N/A) | IP: ::1 | RequestBody:  | ResponseBody: [{"idAction":0,"codHier":"5555","codDiv":"div5555","codNode":"f5555","idLevel":1,"dteStart":"2026-01-15T00:00:00","codParentNode":"root","dteEnd":null},{"idAction":0,"codHier":"56","codDiv":"565","codNode":"56","idLevel":55,"dteStart":"2026-01-29T00:44:00","codParentNode":"haseeb","dteEnd":"2026-01-26T00:44:00"},{"idAction":0,"codHier":"H_10","codDiv":"DIV_10","codNode":"NODE_10","idLevel":10,"dteStart":"2026-01-01T14:45:00","codParentNode":"ROOT_10","dteEnd":"2026-01-31T14:44:00"},{"idAction":0,"codHier":"H_1111","codDiv":"DIV_1111","codNode":"NODE_1111","idLevel":11,"dteStart":"2026-01-01T17:00:00","codParentNode":"ROOT_1111","dteEnd":"2026-01-30T17:01:00"},{"idAction":0,"codHier":"H_3","codDiv":"DIV_3","codNode":"NODE_3","idLevel":3,"dteStart":"2026-01-01T10:45:00","codParentNode":"ROOT_3","dteEnd":"2026-01-30T10:44:00"},{"idAction":0,"codHier":"H-1010","codDiv":"D-1010","codNode":"C-1010","idLevel":1,"dteStart":"2026-01-01T11:54:00","codParentNode":"root","dteEnd":"2026-01-12T11:54:00"},{"idAction":0,"codHier":"H-11","codDiv":"DIV-11","codNode":"C-11","idLevel":11,"dteStart":"2026-01-01T15:05:00","codParentNode":"ROOT","dteEnd":"2026-01-31T15:05:00"},{"idAction":0,"codHier":"H-1111","codDiv":"DIV-1111","codNode":"CUST-1111","idLevel":10,"dteStart":"2026-01-01T00:00:00","codParentNode":"ROOT","dteEnd":null},{"idAction":0,"codHier":"H-1414","codDiv":"D-1414","codNode":"C-1414","idLevel":4,"dteStart":"2026-01-01T14:45:00","codParentNode":"ROOT","dteEnd":"2026-01-15T14:45:00"},{"idAction":0,"codHier":"H-2","codDiv":"DIV-2","codNode":"CUST-2","idLevel":2,"dteStart":"2026-01-01T12:40:00","codParentNode":"ROOT","dteEnd":"2026-01-16T12:37:00"},{"idAction":0,"codHier":"H-2","codDiv":"DIV-2","codNode":"CUST-2","idLevel":2,"dteStart":"2026-01-21T12:37:00","codParentNode":"ROOT","dteEnd":"2026-01-24T12:37:00"},{"idAction":0,"codHier":"H-2020","codDiv":"D-2020","codNode":"C-2020","idLevel":2,"dteStart":"2026-01-02T12:27:00","codParentNode":"root","dteEnd":"2026-01-30T12:27:00"},{"idAction":0,"codHier":"H-2255","codDiv":"DIV-2255","codNode":"CUST-2255","idLevel":10,"dteStart":"2026-01-01T00:00:00","codParentNode":"ROOT","dteEnd":null},{"idAction":0,"codHier":"H-2323","codDiv":"D-2323","codNode":"C-2323","idLevel":4,"dteStart":"2026-01-01T12:48:00","codParentNode":"ROOT","dteEnd":"2026-01-12T12:49:00"},{"idAction":0,"codHier":"H-3333","codDiv":"DIV-3333","codNode":"CUST-3333","idLevel":10,"dteStart":"2026-01-01T00:00:00","codParentNode":"ROOT","dteEnd":null},{"idAction":0,"codHier":"H-3344","codDiv":"DIV-3345","codNode":"CUST-3345","idLevel":10,"dteStart":"2026-01-01T00:00:00","codParentNode":"ROOT","dteEnd":null},{"idAction":0,"codHier":"H-3345","codDiv":"DIV-3345","codNode":"CUST-3345","idLevel":10,"dteStart":"2026-01-01T00:00:00","codParentNode":"ROOT","dteEnd":null},{"idAction":0,"codHier":"H-4","codDiv":"DIV-4","codNode":"CUST-4","idLevel":4,"dteStart":"2026-01-01T14:44:00","codParentNode":"ROOT","dteEnd":"2026-01-02T14:44:00"},{"idAction":0,"codHier":"H-5555","codDiv":"DIV-5555","codNode":"CUST-5555","idLevel":10,"dteStart":"2026-01-01T00:00:00","codParentNode":"ROOT","dteEnd":null},{"idAction":0,"codHier":"H-6000","codDiv":"DIV-6000","codNode":"CUST-6000","idLevel":10,"dteStart":"2026-01-01T00:00:00","codParentNode":"ROOT","dteEnd":"2026-12-31T00:00:00"},{"idAction":0,"codHier":"H-6666","codDiv":"DIV-6666","codNode":"CUST-6666","idLevel":10,"dteStart":"2026-01-17T01:30:00","codParentNode":"ROOT","dteEnd":"2026-01-18T01:30:00"},{"idAction":0,"codHier":"H-6767","codDiv":"DIV-6767","codNode":"CUST-6767","idLevel":5,"dteStart":"2026-01-01T12:15:00","codParentNode":"ROOT","dteEnd":"2026-01-08T12:15:00"},{"idAction":0,"codHier":"H-7000","codDiv":"DIV-7000","codNode":"CUST-7000","idLevel":10,"dteStart":"2026-01-01T00:00:00","codParentNode":"ROOT","dteEnd":null},{"idAction":0,"codHier":"H-7777","codDiv":"DIV-7777","codNode":"CUST-7777","idLevel":10,"dteStart":"2026-01-01T00:00:00","codParentNode":"ROOT","dteEnd":null},{"idAction":0,"codHier":"H-7878","codDiv":"DIV-7878","codNode":"CUST-7878","idLevel":3,"dteStart":"2026-01-18T11:43:00","codParentNode":"ROOT","dteEnd":"2026-01-19T11:43:00"},{"idAction":0,"codHier":"H-8000","codDiv":"DIV-8000","codNode":"CUST-8000","idLevel":10,"dteStart":"2026-01-01T00:00:00","codParentNode":"ROOT","dteEnd":null},{"idAction":0,"codHier":"H-8888","codDiv":"DIV-8888","codNode":"CUST-8888","idLevel":10,"dteStart":"2026-01-01T00:00:00","codParentNode":"ROOT","dteEnd":null},{"idAction":0,"codHier":"H-9000","codDiv":"DIV-9000","codNode":"CUST-9000","idLevel":10,"dteStart":"2026-01-01T00:00:00","codParentNode":"ROOT","dteEnd":null},{"idAction":0,"codHier":"H-9999","codDiv":"DIV-9999","codNode":"CUST-9999","idLevel":10,"dteStart":"2026-01-01T00:00:00","codParentNode":"ROOT","dteEnd":null},{"idAction":0,"codHier":"HIER_CORP","codDiv":"DIV01","codNode":"NODE_9111","idLevel":1,"dteStart":"2026-01-15T00:00:00","codParentNode":"ROOT_NODE","dteEnd":null}]
2026-01-29 10:47:48.194 +05:00 [INF] HTTP GET /api/promotions/customer-relations responded 200 in 21.4242 ms
2026-01-29 10:47:48.277 +05:00 [INF] HTTP GET /api/promotions/customer-relations responded 200 in 10.2582 ms | User: Talha (N/A) | IP: ::1 | RequestBody:  | ResponseBody: [{"idAction":0,"codHier":"5555","codDiv":"div5555","codNode":"f5555","idLevel":1,"dteStart":"2026-01-15T00:00:00","codParentNode":"root","dteEnd":null},{"idAction":0,"codHier":"56","codDiv":"565","codNode":"56","idLevel":55,"dteStart":"2026-01-29T00:44:00","codParentNode":"haseeb","dteEnd":"2026-01-26T00:44:00"},{"idAction":0,"codHier":"H_10","codDiv":"DIV_10","codNode":"NODE_10","idLevel":10,"dteStart":"2026-01-01T14:45:00","codParentNode":"ROOT_10","dteEnd":"2026-01-31T14:44:00"},{"idAction":0,"codHier":"H_1111","codDiv":"DIV_1111","codNode":"NODE_1111","idLevel":11,"dteStart":"2026-01-01T17:00:00","codParentNode":"ROOT_1111","dteEnd":"2026-01-30T17:01:00"},{"idAction":0,"codHier":"H_3","codDiv":"DIV_3","codNode":"NODE_3","idLevel":3,"dteStart":"2026-01-01T10:45:00","codParentNode":"ROOT_3","dteEnd":"2026-01-30T10:44:00"},{"idAction":0,"codHier":"H-1010","codDiv":"D-1010","codNode":"C-1010","idLevel":1,"dteStart":"2026-01-01T11:54:00","codParentNode":"root","dteEnd":"2026-01-12T11:54:00"},{"idAction":0,"codHier":"H-11","codDiv":"DIV-11","codNode":"C-11","idLevel":11,"dteStart":"2026-01-01T15:05:00","codParentNode":"ROOT","dteEnd":"2026-01-31T15:05:00"},{"idAction":0,"codHier":"H-1111","codDiv":"DIV-1111","codNode":"CUST-1111","idLevel":10,"dteStart":"2026-01-01T00:00:00","codParentNode":"ROOT","dteEnd":null},{"idAction":0,"codHier":"H-1414","codDiv":"D-1414","codNode":"C-1414","idLevel":4,"dteStart":"2026-01-01T14:45:00","codParentNode":"ROOT","dteEnd":"2026-01-15T14:45:00"},{"idAction":0,"codHier":"H-2","codDiv":"DIV-2","codNode":"CUST-2","idLevel":2,"dteStart":"2026-01-01T12:40:00","codParentNode":"ROOT","dteEnd":"2026-01-16T12:37:00"},{"idAction":0,"codHier":"H-2","codDiv":"DIV-2","codNode":"CUST-2","idLevel":2,"dteStart":"2026-01-21T12:37:00","codParentNode":"ROOT","dteEnd":"2026-01-24T12:37:00"},{"idAction":0,"codHier":"H-2020","codDiv":"D-2020","codNode":"C-2020","idLevel":2,"dteStart":"2026-01-02T12:27:00","codParentNode":"root","dteEnd":"2026-01-30T12:27:00"},{"idAction":0,"codHier":"H-2255","codDiv":"DIV-2255","codNode":"CUST-2255","idLevel":10,"dteStart":"2026-01-01T00:00:00","codParentNode":"ROOT","dteEnd":null},{"idAction":0,"codHier":"H-2323","codDiv":"D-2323","codNode":"C-2323","idLevel":4,"dteStart":"2026-01-01T12:48:00","codParentNode":"ROOT","dteEnd":"2026-01-12T12:49:00"},{"idAction":0,"codHier":"H-3333","codDiv":"DIV-3333","codNode":"CUST-3333","idLevel":10,"dteStart":"2026-01-01T00:00:00","codParentNode":"ROOT","dteEnd":null},{"idAction":0,"codHier":"H-3344","codDiv":"DIV-3345","codNode":"CUST-3345","idLevel":10,"dteStart":"2026-01-01T00:00:00","codParentNode":"ROOT","dteEnd":null},{"idAction":0,"codHier":"H-3345","codDiv":"DIV-3345","codNode":"CUST-3345","idLevel":10,"dteStart":"2026-01-01T00:00:00","codParentNode":"ROOT","dteEnd":null},{"idAction":0,"codHier":"H-4","codDiv":"DIV-4","codNode":"CUST-4","idLevel":4,"dteStart":"2026-01-01T14:44:00","codParentNode":"ROOT","dteEnd":"2026-01-02T14:44:00"},{"idAction":0,"codHier":"H-5555","codDiv":"DIV-5555","codNode":"CUST-5555","idLevel":10,"dteStart":"2026-01-01T00:00:00","codParentNode":"ROOT","dteEnd":null},{"idAction":0,"codHier":"H-6000","codDiv":"DIV-6000","codNode":"CUST-6000","idLevel":10,"dteStart":"2026-01-01T00:00:00","codParentNode":"ROOT","dteEnd":"2026-12-31T00:00:00"},{"idAction":0,"codHier":"H-6666","codDiv":"DIV-6666","codNode":"CUST-6666","idLevel":10,"dteStart":"2026-01-17T01:30:00","codParentNode":"ROOT","dteEnd":"2026-01-18T01:30:00"},{"idAction":0,"codHier":"H-6767","codDiv":"DIV-6767","codNode":"CUST-6767","idLevel":5,"dteStart":"2026-01-01T12:15:00","codParentNode":"ROOT","dteEnd":"2026-01-08T12:15:00"},{"idAction":0,"codHier":"H-7000","codDiv":"DIV-7000","codNode":"CUST-7000","idLevel":10,"dteStart":"2026-01-01T00:00:00","codParentNode":"ROOT","dteEnd":null},{"idAction":0,"codHier":"H-7777","codDiv":"DIV-7777","codNode":"CUST-7777","idLevel":10,"dteStart":"2026-01-01T00:00:00","codParentNode":"ROOT","dteEnd":null},{"idAction":0,"codHier":"H-7878","codDiv":"DIV-7878","codNode":"CUST-7878","idLevel":3,"dteStart":"2026-01-18T11:43:00","codParentNode":"ROOT","dteEnd":"2026-01-19T11:43:00"},{"idAction":0,"codHier":"H-8000","codDiv":"DIV-8000","codNode":"CUST-8000","idLevel":10,"dteStart":"2026-01-01T00:00:00","codParentNode":"ROOT","dteEnd":null},{"idAction":0,"codHier":"H-8888","codDiv":"DIV-8888","codNode":"CUST-8888","idLevel":10,"dteStart":"2026-01-01T00:00:00","codParentNode":"ROOT","dteEnd":null},{"idAction":0,"codHier":"H-9000","codDiv":"DIV-9000","codNode":"CUST-9000","idLevel":10,"dteStart":"2026-01-01T00:00:00","codParentNode":"ROOT","dteEnd":null},{"idAction":0,"codHier":"H-9999","codDiv":"DIV-9999","codNode":"CUST-9999","idLevel":10,"dteStart":"2026-01-01T00:00:00","codParentNode":"ROOT","dteEnd":null},{"idAction":0,"codHier":"HIER_CORP","codDiv":"DIV01","codNode":"NODE_9111","idLevel":1,"dteStart":"2026-01-15T00:00:00","codParentNode":"ROOT_NODE","dteEnd":null}]
2026-01-29 10:47:48.285 +05:00 [INF] HTTP GET /api/promotions/customer-relations responded 200 in 17.9157 ms
2026-01-29 10:48:00.210 +05:00 [INF] HTTP GET /api/promotions/products responded 200 in 24.6639 ms | User: Talha (N/A) | IP: ::1 | RequestBody:  | ResponseBody: [{"idAction":3,"codProduct":"PRD_3","levProduct":3,"codDisplay":"DSP_3","codDiv":"DIV_3","qtyEstimated":3450.00,"perceDiscount1":0.50,"perceDiscount2":9.00,"numMeasure":0.00,"codMeasure":"MEASURE_3","details":[{"idAction":3,"codProduct":"PRD_3","levProduct":3,"codDisplay":"DSP_3","codNode":"NODE_3","codDiv":"DIV_3","flgInclusion":true,"articles":[{"idAction":3,"codProduct":"PRD_3","levProduct":3,"codDisplay":"DSP_3","codDiv":"DIV_3","codNode":"NODE_3","codNode1":"AAA","codNode2":"BBB","codNodeN":"CCC"}]}],"measureFields":[]},{"idAction":3,"codProduct":"prd_33","levProduct":1,"codDisplay":"dsp_33","codDiv":"div_33","qtyEstimated":4000.00,"perceDiscount1":0.40,"perceDiscount2":0.90,"numMeasure":339.00,"codMeasure":"measure_33","details":[{"idAction":3,"codProduct":"prd_33","levProduct":1,"codDisplay":"dsp_33","codNode":"node_33","codDiv":"div_33","flgInclusion":true,"articles":[{"idAction":3,"codProduct":"prd_33","levProduct":1,"codDisplay":"dsp_33","codDiv":"div_33","codNode":"node_33","codNode1":"ddd","codNode2":"fff","codNodeN":"ggg"}]}],"measureFields":[]},{"idAction":3,"codProduct":"PROD-9000","levProduct":1,"codDisplay":"DISP-9000","codDiv":"DIV-9000","qtyEstimated":2000.00,"perceDiscount1":0.60,"perceDiscount2":0.90,"numMeasure":66.00,"codMeasure":"measure_9000","details":[{"idAction":3,"codProduct":"PROD-9000","levProduct":1,"codDisplay":"DISP-9000","codNode":"NODE-9000","codDiv":"DIV-9000","flgInclusion":true,"articles":[{"idAction":3,"codProduct":"PROD-9000","levProduct":1,"codDisplay":"DISP-9000","codDiv":"DIV-9000","codNode":"NODE-9000","codNode1":"A1","codNode2":null,"codNodeN":null}]}],"measureFields":[]},{"idAction":10,"codProduct":"PRD_10","levProduct":10,"codDisplay":"DSP_10","codDiv":"DIV_10","qtyEstimated":5000.00,"perceDiscount1":0.70,"perceDiscount2":9.80,"numMeasure":0.00,"codMeasure":"MEASURE_10","details":[{"idAction":10,"codProduct":"PRD_10","levProduct":10,"codDisplay":"DSP_10","codNode":"NODE_10","codDiv":"DIV_10","flgInclusion":true,"articles":[{"idAction":10,"codProduct":"PRD_10","levProduct":10,"codDisplay":"DSP_10","codDiv":"DIV_10","codNode":"NODE_10","codNode1":"QQQ","codNode2":"WWW","codNodeN":"EEE"}]}],"measureFields":[]},{"idAction":10,"codProduct":"PROD-5555","levProduct":1,"codDisplay":"DISP-5555","codDiv":"DIV-5555","qtyEstimated":500.00,"perceDiscount1":0.80,"perceDiscount2":0.10,"numMeasure":5555.00,"codMeasure":"measure_55555","details":[{"idAction":10,"codProduct":"PROD-5555","levProduct":1,"codDisplay":"DISP-5555","codNode":"NODE-5555","codDiv":"DIV-5555","flgInclusion":true,"articles":[{"idAction":10,"codProduct":"PROD-5555","levProduct":1,"codDisplay":"DISP-5555","codDiv":"DIV-5555","codNode":"NODE-5555","codNode1":null,"codNode2":null,"codNodeN":null}]}],"measureFields":[]},{"idAction":10,"codProduct":"PROD-8888","levProduct":1,"codDisplay":"DISP-8888","codDiv":"DIV-8888","qtyEstimated":2000.00,"perceDiscount1":0.00,"perceDiscount2":0.00,"numMeasure":0.00,"codMeasure":null,"details":[{"idAction":10,"codProduct":"PROD-8888","levProduct":1,"codDisplay":"DISP-8888","codNode":"NODE-8888","codDiv":"DIV-8888","flgInclusion":true,"articles":[{"idAction":10,"codProduct":"PROD-8888","levProduct":1,"codDisplay":"DISP-8888","codDiv":"DIV-8888","codNode":"NODE-8888","codNode1":"A1","codNode2":null,"codNodeN":null}]}],"measureFields":[]},{"idAction":1111,"codProduct":"PRD_1","levProduct":1,"codDisplay":"DIV_1","codDiv":"DIV_1","qtyEstimated":78.00,"perceDiscount1":6.00,"perceDiscount2":8.00,"numMeasure":78788.00,"codMeasure":"1","details":[],"measureFields":[]},{"idAction":1111,"codProduct":"PRD_1","levProduct":1,"codDisplay":"DSP_1","codDiv":"DIV_1","qtyEstimated":11.00,"perceDiscount1":9.80,"perceDiscount2":6.70,"numMeasure":11.00,"codMeasure":"MEASURE_1","details":[{"idAction":1111,"codProduct":"PRD_1","levProduct":1,"codDisplay":"DSP_1","codNode":"NODE_1","codDiv":"DIV_1","flgInclusion":true,"articles":[{"idAction":1111,"codProduct":"PRD_1","levProduct":1,"codDisplay":"DSP_1","codDiv":"DIV_1","codNode":"NODE_1","codNode1":"NN","codNode2":"MM","codNodeN":"ZZ"}]}],"measureFields":[]},{"idAction":1111,"codProduct":"PRD_1111","levProduct":11,"codDisplay":"DSP_1111","codDiv":"DIV_1111","qtyEstimated":6756.00,"perceDiscount1":9.81,"perceDiscount2":8.90,"numMeasure":0.00,"codMeasure":"MEASURE_1111","details":[{"idAction":1111,"codProduct":"PRD_1111","levProduct":11,"codDisplay":"DSP_1111","codNode":"NODE_1111","codDiv":"DIV_1111","flgInclusion":true,"articles":[{"idAction":1111,"codProduct":"PRD_1111","levProduct":11,"codDisplay":"DSP_1111","codDiv":"DIV_1111","codNode":"NODE_1111","codNode1":"CCCCCC","codNode2":"AAAAAAA","codNodeN":"BBBBBBBB"}]}],"measureFields":[]},{"idAction":1111,"codProduct":"PRD_24","levProduct":1,"codDisplay":"DS-_24","codDiv":"DIV_24","qtyEstimated":345.00,"perceDiscount1":0.50,"perceDiscount2":0.90,"numMeasure":8.00,"codMeasure":"MEASURE_24","details":[],"measureFields":[]},{"idAction":1111,"codProduct":"PRD_44","levProduct":1,"codDisplay":"DSP_44","codDiv":"DIC_44","qtyEstimated":44.00,"perceDiscount1":0.10,"perceDiscount2":0.50,"numMeasure":76.00,"codMeasure":"MEASURE_44","details":[],"measureFields":[]},{"idAction":1111,"codProduct":"PRD_765","levProduct":1,"codDisplay":"DSP_567","codDiv":"DIV_765","qtyEstimated":5.60,"perceDiscount1":0.50,"perceDiscount2":0.40,"numMeasure":999.00,"codMeasure":"765","details":[],"measureFields":[]},{"idAction":1111,"codProduct":"PROD-1111","levProduct":1,"codDisplay":"DISP-1111","codDiv":"DIV-1111","qtyEstimated":0.00,"perceDiscount1":0.00,"perceDiscount2":0.00,"numMeasure":1.00,"codMeasure":"EA","details":[{"idAction":1111,"codProduct":"PROD-1111","levProduct":1,"codDisplay":"DISP-1111","codNode":"ddd","codDiv":"DIV5005","flgInclusion":true,"articles":[]}],"measureFields":[]},{"idAction":1111,"codProduct":"PROD-2323","levProduct":1,"codDisplay":"DSP-2323","codDiv":"D-2322","qtyEstimated":2340.00,"perceDiscount1":0.40,"perceDiscount2":45.00,"numMeasure":0.00,"codMeasure":"PALLET","details":[{"idAction":1111,"codProduct":"PROD-2323","levProduct":1,"codDisplay":"DSP-2323","codNode":"NODE-2323","codDiv":"D-2323","flgInclusion":true,"articles":[{"idAction":1111,"codProduct":"PROD-2323","levProduct":1,"codDisplay":"DSP-2323","codDiv":"D-2323","codNode":"NODE-2323","codNode1":"A1-2323","codNode2":"A2-2323","codNodeN":"AN-2323"}]}],"measureFields":[]},{"idAction":2020,"codProduct":"PRD_1","levProduct":1,"codDisplay":"DIV_1","codDiv":"DIV_1","qtyEstimated":78.00,"perceDiscount1":6.00,"perceDiscount2":8.00,"numMeasure":78788.00,"codMeasure":"1","details":[],"measureFields":[]},{"idAction":2020,"codProduct":"PRD_24","levProduct":1,"codDisplay":"DS-_24","codDiv":"DIV_24","qtyEstimated":345.00,"perceDiscount1":0.50,"perceDiscount2":0.90,"numMeasure":8.00,"codMeasure":"MEASURE_24","details":[],"measureFields":[]},{"idAction":2020,"codProduct":"PRD_44","levProduct":1,"codDisplay":"DSP_44","codDiv":"DIC_44","qtyEstimated":44.00,"perceDiscount1":0.10,"perceDiscount2":0.50,"numMeasure":76.00,"codMeasure":"MEASURE_44","details":[],"measureFields":[]},{"idAction":2020,"codProduct":"PRD_765","levProduct":0,"codDisplay":"DSP_765","codDiv":"DIV_765","qtyEstimated":234.00,"perceDiscount1":0.50,"perceDiscount2":0.56,"numMeasure":765.00,"codMeasure":"MEASURE_765","details":[],"measureFields":[]},{"idAction":2020,"codProduct":"PRD_765","levProduct":0,"codDisplay":"DSP-765","codDiv":"DIV_765","qtyEstimated":345.00,"perceDiscount1":3.55,"perceDiscount2":67.00,"numMeasure":765.00,"codMeasure":"MEASURE_765","details":[],"measureFields":[]},{"idAction":2020,"codProduct":"PRD-2020","levProduct":1,"codDisplay":"DSP-2020","codDiv":"D-2020","qtyEstimated":2000.00,"perceDiscount1":11.00,"perceDiscount2":23.00,"numMeasure":0.00,"codMeasure":"BOX","details":[{"idAction":2020,"codProduct":"PRD-2020","levProduct":1,"codDisplay":"DSP-2020","codNode":"NODE-2020","codDiv":"D-2020","flgInclusion":true,"articles":[{"idAction":2020,"codProduct":"PRD-2020","levProduct":1,"codDisplay":"DSP-2020","codDiv":"D-2020","codNode":"NODE-2020","codNode1":"A1-2020","codNode2":"A2-2020","codNodeN":"AN-2020"}]}],"measureFields":[]},{"idAction":2323,"codProduct":"PRD_08","levProduct":0,"codDisplay":"DSP_08","codDiv":"DIV_08","qtyEstimated":11.00,"perceDiscount1":22.00,"perceDiscount2":2.00,"numMeasure":2.00,"codMeasure":"08","details":[],"measureFields":[]},{"idAction":2323,"codProduct":"PRD_1","levProduct":1,"codDisplay":"DIV_1","codDiv":"DIV_1","qtyEstimated":78.00,"perceDiscount1":6.00,"perceDiscount2":8.00,"numMeasure":78788.00,"codMeasure":"1","details":[],"measureFields":[]},{"idAction":2323,"codProduct":"PRD_23","levProduct":0,"codDisplay":"DSP_23","codDiv":"DIV_23","qtyEstimated":28.00,"perceDiscount1":7.00,"perceDiscount2":2.00,"numMeasure":7.00,"codMeasure":"MEASURE_23","details":[],"measureFields":[]},{"idAction":2323,"codProduct":"PRD_24","levProduct":1,"codDisplay":"DS-_24","codDiv":"DIV_24","qtyEstimated":345.00,"perceDiscount1":0.50,"perceDiscount2":0.90,"numMeasure":8.00,"codMeasure":"MEASURE_24","details":[],"measureFields":[]},{"idAction":2323,"codProduct":"PRD_34","levProduct":1,"codDisplay":"DSP_34","codDiv":"DIV_34","qtyEstimated":2345.00,"perceDiscount1":0.60,"perceDiscount2":8.87,"numMeasure":34.00,"codMeasure":"MEASURE_34","details":[],"measureFields":[]},{"idAction":2323,"codProduct":"PRD_44","levProduct":1,"codDisplay":"DSP_44","codDiv":"DIC_44","qtyEstimated":44.00,"perceDiscount1":0.10,"perceDiscount2":0.50,"numMeasure":76.00,"codMeasure":"MEASURE_44","details":[],"measureFields":[]},{"idAction":2323,"codProduct":"PRD_55","levProduct":1,"codDisplay":"DSP_55","codDiv":"DIV_55","qtyEstimated":66.00,"perceDiscount1":0.50,"perceDiscount2":0.10,"numMeasure":34.00,"codMeasure":"55","details":[],"measureFields":[]},{"idAction":2323,"codProduct":"PRD_765","levProduct":0,"codDisplay":"DSP_567","codDiv":"DIV_765","qtyEstimated":5.60,"perceDiscount1":0.50,"perceDiscount2":0.40,"numMeasure":999.00,"codMeasure":"765","details":[],"measureFields":[]},{"idAction":2323,"codProduct":"PROD-2323","levProduct":1,"codDisplay":"DSP-2323","codDiv":"D-2322","qtyEstimated":2340.00,"perceDiscount1":0.40,"perceDiscount2":45.00,"numMeasure":0.00,"codMeasure":"PALLET","details":[{"idAction":2323,"codProduct":"PROD-2323","levProduct":1,"codDisplay":"DSP-2323","codNode":"NODE-2323","codDiv":"D-2323","flgInclusion":true,"articles":[{"idAction":2323,"codProduct":"PROD-2323","levProduct":1,"codDisplay":"DSP-2323","codDiv":"D-2323","codNode":"NODE-2323","codNode1":"A1-2323","codNode2":"A2-2323","codNodeN":"AN-2323"}]}],"measureFields":[]},{"idAction":5005,"codProduct":"PROD-1111","levProduct":1,"codDisplay":"DISP-1111","codDiv":"DIV-1111","qtyEstimated":0.00,"perceDiscount1":0.00,"perceDiscount2":0.00,"numMeasure":1.00,"codMeasure":"EA","details":[{"idAction":5005,"codProduct":"PROD-1111","levProduct":1,"codDisplay":"DISP-1111","codNode":"ddd","codDiv":"DIV5005","flgInclusion":true,"articles":[]}],"measureFields":[]},{"idAction":6000,"codProduct":"PRD_6666","levProduct":1,"codDisplay":"DSP_6666","codDiv":"DIV_6666","qtyEstimated":14.00,"perceDiscount1":0.80,"perceDiscount2":8.90,"numMeasure":654.00,"codMeasure":"MEASURE_6666","details":[],"measureFields":[]},{"idAction":6000,"codProduct":"PRD_99","levProduct":1,"codDisplay":"DSP_99","codDiv":"DIV_99","qtyEstimated":456.00,"perceDiscount1":9.80,"perceDiscount2":7.70,"numMeasure":999.00,"codMeasure":"MEASURE_99","details":[{"idAction":6000,"codProduct":"PRD_99","levProduct":1,"codDisplay":"DSP_99","codNode":"NODE_99","codDiv":"DIV_99","flgInclusion":true,"articles":[{"idAction":6000,"codProduct":"PRD_99","levProduct":1,"codDisplay":"DSP_99","codDiv":"DIV_99","codNode":"NODE_99","codNode1":"HBKK","codNode2":"KHNKH","codNodeN":"IYGFTUFTY"}]}],"measureFields":[]},{"idAction":6000,"codProduct":"PROD-6000","levProduct":1,"codDisplay":"DISP-6000","codDiv":"DIV-6000","qtyEstimated":100.00,"perceDiscount1":15.00,"perceDiscount2":0.00,"numMeasure":1.00,"codMeasure":"UNIT","details":[{"idAction":6000,"codProduct":"PROD-6000","levProduct":1,"codDisplay":"DISP-6000","codNode":"DET-6000","codDiv":"DIV-6000","flgInclusion":true,"articles":[{"idAction":6000,"codProduct":"PROD-6000","levProduct":1,"codDisplay":"DISP-6000","codDiv":"DIV-6000","codNode":"DET-6000","codNode1":"SKU-6001","codNode2":"V-GOLD","codNodeN":"SIZE-XL"}]}],"measureFields":[]},{"idAction":6767,"codProduct":"PRD_7777","levProduct":1,"codDisplay":"DSP_7777","codDiv":"DIV_7777","qtyEstimated":3423.00,"perceDiscount1":9.80,"perceDiscount2":5.60,"numMeasure":3432.00,"codMeasure":"MEASURE_7777","details":[{"idAction":6767,"codProduct":"PRD_7777","levProduct":1,"codDisplay":"DSP_7777","codNode":"NODE_7777","codDiv":"DIV_7777","flgInclusion":true,"articles":[{"idAction":6767,"codProduct":"PRD_7777","levProduct":1,"codDisplay":"DSP_7777","codDiv":"DIV_7777","codNode":"NODE_7777","codNode1":"ABC","codNode2":"DEF","codNodeN":"HBJ"}]}],"measureFields":[]},{"idAction":6767,"codProduct":"PROD-6767","levProduct":1,"codDisplay":"DSP-6767","codDiv":"DIV-6767","qtyEstimated":5000.00,"perceDiscount1":23.50,"perceDiscount2":45.60,"numMeasure":0.00,"codMeasure":"PALLET","details":[{"idAction":6767,"codProduct":"PROD-6767","levProduct":1,"codDisplay":"DSP-6767","codNode":"NODE-6767","codDiv":"DIV-6767","flgInclusion":true,"articles":[{"idAction":6767,"codProduct":"PROD-6767","levProduct":1,"codDisplay":"DSP-6767","codDiv":"DIV-6767","codNode":"NODE-6767","codNode1":"A1-6767","codNode2":"A2-6767","codNodeN":"AN-6767"}]}],"measureFields":[]},{"idAction":7000,"codProduct":"PROD-7000","levProduct":1,"codDisplay":"DISP-7000","codDiv":"DIV-7000","qtyEstimated":500.00,"perceDiscount1":null,"perceDiscount2":null,"numMeasure":null,"codMeasure":null,"details":[],"measureFields":[]},{"idAction":8888,"codProduct":"PROD-5555","levProduct":1,"codDisplay":"DISP-5555","codDiv":"DIV-5555","qtyEstimated":500.00,"perceDiscount1":0.00,"perceDiscount2":0.00,"numMeasure":0.00,"codMeasure":null,"details":[{"idAction":8888,"codProduct":"PROD-5555","levProduct":1,"codDisplay":"DISP-5555","codNode":"NODE-5555","codDiv":"DIV-5555","flgInclusion":true,"articles":[{"idAction":8888,"codProduct":"PROD-5555","levProduct":1,"codDisplay":"DISP-5555","codDiv":"DIV-5555","codNode":"NODE-5555","codNode1":null,"codNode2":null,"codNodeN":null}]}],"measureFields":[]},{"idAction":8888,"codProduct":"PROD-8888","levProduct":1,"codDisplay":"DISP-8888","codDiv":"DIV-8888","qtyEstimated":2000.00,"perceDiscount1":null,"perceDiscount2":null,"numMeasure":null,"codMeasure":null,"details":[{"idAction":8888,"codProduct":"PROD-8888","levProduct":1,"codDisplay":"DISP-8888","codNode":"NODE-8888","codDiv":"DIV-8888","flgInclusion":true,"articles":[{"idAction":8888,"codProduct":"PROD-8888","levProduct":1,"codDisplay":"DISP-8888","codDiv":"DIV-8888","codNode":"NODE-8888","codNode1":"A1","codNode2":null,"codNodeN":null}]}],"measureFields":[]},{"idAction":9000,"codProduct":"PROD-9000","levProduct":1,"codDisplay":"DISP-9000","codDiv":"DIV-9000","qtyEstimated":2000.00,"perceDiscount1":null,"perceDiscount2":null,"numMeasure":null,"codMeasure":null,"details":[{"idAction":9000,"codProduct":"PROD-9000","levProduct":1,"codDisplay":"DISP-9000","codNode":"NODE-9000","codDiv":"DIV-9000","flgInclusion":true,"articles":[{"idAction":9000,"codProduct":"PROD-9000","levProduct":1,"codDisplay":"DISP-9000","codDiv":"DIV-9000","codNode":"NODE-9000","codNode1":"A1","codNode2":null,"codNodeN":null}]}],"measureFields":[]},{"idAction":9999,"codProduct":"PROD-9999","levProduct":1,"codDisplay":"DISP-9999","codDiv":"DIV-9999","qtyEstimated":777.00,"perceDiscount1":null,"perceDiscount2":null,"numMeasure":null,"codMeasure":null,"details":[{"idAction":9999,"codProduct":"PROD-9999","levProduct":1,"codDisplay":"DISP-9999","codNode":"NODE-9999","codDiv":"DIV-9999","flgInclusion":true,"articles":[{"idAction":9999,"codProduct":"PROD-9999","levProduct":1,"codDisplay":"DISP-9999","codDiv":"DIV-9999","codNode":"NODE-9999","codNode1":"ERR","codNode2":null,"codNodeN":null}]}],"measureFields":[]}]
2026-01-29 10:48:00.231 +05:00 [INF] HTTP GET /api/promotions/products responded 200 in 45.7102 ms
2026-01-29 10:48:00.313 +05:00 [INF] HTTP GET /api/promotions/products responded 200 in 18.9960 ms | User: Talha (N/A) | IP: ::1 | RequestBody:  | ResponseBody: [{"idAction":3,"codProduct":"PRD_3","levProduct":3,"codDisplay":"DSP_3","codDiv":"DIV_3","qtyEstimated":3450.00,"perceDiscount1":0.50,"perceDiscount2":9.00,"numMeasure":0.00,"codMeasure":"MEASURE_3","details":[{"idAction":3,"codProduct":"PRD_3","levProduct":3,"codDisplay":"DSP_3","codNode":"NODE_3","codDiv":"DIV_3","flgInclusion":true,"articles":[{"idAction":3,"codProduct":"PRD_3","levProduct":3,"codDisplay":"DSP_3","codDiv":"DIV_3","codNode":"NODE_3","codNode1":"AAA","codNode2":"BBB","codNodeN":"CCC"}]}],"measureFields":[]},{"idAction":3,"codProduct":"prd_33","levProduct":1,"codDisplay":"dsp_33","codDiv":"div_33","qtyEstimated":4000.00,"perceDiscount1":0.40,"perceDiscount2":0.90,"numMeasure":339.00,"codMeasure":"measure_33","details":[{"idAction":3,"codProduct":"prd_33","levProduct":1,"codDisplay":"dsp_33","codNode":"node_33","codDiv":"div_33","flgInclusion":true,"articles":[{"idAction":3,"codProduct":"prd_33","levProduct":1,"codDisplay":"dsp_33","codDiv":"div_33","codNode":"node_33","codNode1":"ddd","codNode2":"fff","codNodeN":"ggg"}]}],"measureFields":[]},{"idAction":3,"codProduct":"PROD-9000","levProduct":1,"codDisplay":"DISP-9000","codDiv":"DIV-9000","qtyEstimated":2000.00,"perceDiscount1":0.60,"perceDiscount2":0.90,"numMeasure":66.00,"codMeasure":"measure_9000","details":[{"idAction":3,"codProduct":"PROD-9000","levProduct":1,"codDisplay":"DISP-9000","codNode":"NODE-9000","codDiv":"DIV-9000","flgInclusion":true,"articles":[{"idAction":3,"codProduct":"PROD-9000","levProduct":1,"codDisplay":"DISP-9000","codDiv":"DIV-9000","codNode":"NODE-9000","codNode1":"A1","codNode2":null,"codNodeN":null}]}],"measureFields":[]},{"idAction":10,"codProduct":"PRD_10","levProduct":10,"codDisplay":"DSP_10","codDiv":"DIV_10","qtyEstimated":5000.00,"perceDiscount1":0.70,"perceDiscount2":9.80,"numMeasure":0.00,"codMeasure":"MEASURE_10","details":[{"idAction":10,"codProduct":"PRD_10","levProduct":10,"codDisplay":"DSP_10","codNode":"NODE_10","codDiv":"DIV_10","flgInclusion":true,"articles":[{"idAction":10,"codProduct":"PRD_10","levProduct":10,"codDisplay":"DSP_10","codDiv":"DIV_10","codNode":"NODE_10","codNode1":"QQQ","codNode2":"WWW","codNodeN":"EEE"}]}],"measureFields":[]},{"idAction":10,"codProduct":"PROD-5555","levProduct":1,"codDisplay":"DISP-5555","codDiv":"DIV-5555","qtyEstimated":500.00,"perceDiscount1":0.80,"perceDiscount2":0.10,"numMeasure":5555.00,"codMeasure":"measure_55555","details":[{"idAction":10,"codProduct":"PROD-5555","levProduct":1,"codDisplay":"DISP-5555","codNode":"NODE-5555","codDiv":"DIV-5555","flgInclusion":true,"articles":[{"idAction":10,"codProduct":"PROD-5555","levProduct":1,"codDisplay":"DISP-5555","codDiv":"DIV-5555","codNode":"NODE-5555","codNode1":null,"codNode2":null,"codNodeN":null}]}],"measureFields":[]},{"idAction":10,"codProduct":"PROD-8888","levProduct":1,"codDisplay":"DISP-8888","codDiv":"DIV-8888","qtyEstimated":2000.00,"perceDiscount1":0.00,"perceDiscount2":0.00,"numMeasure":0.00,"codMeasure":null,"details":[{"idAction":10,"codProduct":"PROD-8888","levProduct":1,"codDisplay":"DISP-8888","codNode":"NODE-8888","codDiv":"DIV-8888","flgInclusion":true,"articles":[{"idAction":10,"codProduct":"PROD-8888","levProduct":1,"codDisplay":"DISP-8888","codDiv":"DIV-8888","codNode":"NODE-8888","codNode1":"A1","codNode2":null,"codNodeN":null}]}],"measureFields":[]},{"idAction":1111,"codProduct":"PRD_1","levProduct":1,"codDisplay":"DIV_1","codDiv":"DIV_1","qtyEstimated":78.00,"perceDiscount1":6.00,"perceDiscount2":8.00,"numMeasure":78788.00,"codMeasure":"1","details":[],"measureFields":[]},{"idAction":1111,"codProduct":"PRD_1","levProduct":1,"codDisplay":"DSP_1","codDiv":"DIV_1","qtyEstimated":11.00,"perceDiscount1":9.80,"perceDiscount2":6.70,"numMeasure":11.00,"codMeasure":"MEASURE_1","details":[{"idAction":1111,"codProduct":"PRD_1","levProduct":1,"codDisplay":"DSP_1","codNode":"NODE_1","codDiv":"DIV_1","flgInclusion":true,"articles":[{"idAction":1111,"codProduct":"PRD_1","levProduct":1,"codDisplay":"DSP_1","codDiv":"DIV_1","codNode":"NODE_1","codNode1":"NN","codNode2":"MM","codNodeN":"ZZ"}]}],"measureFields":[]},{"idAction":1111,"codProduct":"PRD_1111","levProduct":11,"codDisplay":"DSP_1111","codDiv":"DIV_1111","qtyEstimated":6756.00,"perceDiscount1":9.81,"perceDiscount2":8.90,"numMeasure":0.00,"codMeasure":"MEASURE_1111","details":[{"idAction":1111,"codProduct":"PRD_1111","levProduct":11,"codDisplay":"DSP_1111","codNode":"NODE_1111","codDiv":"DIV_1111","flgInclusion":true,"articles":[{"idAction":1111,"codProduct":"PRD_1111","levProduct":11,"codDisplay":"DSP_1111","codDiv":"DIV_1111","codNode":"NODE_1111","codNode1":"CCCCCC","codNode2":"AAAAAAA","codNodeN":"BBBBBBBB"}]}],"measureFields":[]},{"idAction":1111,"codProduct":"PRD_24","levProduct":1,"codDisplay":"DS-_24","codDiv":"DIV_24","qtyEstimated":345.00,"perceDiscount1":0.50,"perceDiscount2":0.90,"numMeasure":8.00,"codMeasure":"MEASURE_24","details":[],"measureFields":[]},{"idAction":1111,"codProduct":"PRD_44","levProduct":1,"codDisplay":"DSP_44","codDiv":"DIC_44","qtyEstimated":44.00,"perceDiscount1":0.10,"perceDiscount2":0.50,"numMeasure":76.00,"codMeasure":"MEASURE_44","details":[],"measureFields":[]},{"idAction":1111,"codProduct":"PRD_765","levProduct":1,"codDisplay":"DSP_567","codDiv":"DIV_765","qtyEstimated":5.60,"perceDiscount1":0.50,"perceDiscount2":0.40,"numMeasure":999.00,"codMeasure":"765","details":[],"measureFields":[]},{"idAction":1111,"codProduct":"PROD-1111","levProduct":1,"codDisplay":"DISP-1111","codDiv":"DIV-1111","qtyEstimated":0.00,"perceDiscount1":0.00,"perceDiscount2":0.00,"numMeasure":1.00,"codMeasure":"EA","details":[{"idAction":1111,"codProduct":"PROD-1111","levProduct":1,"codDisplay":"DISP-1111","codNode":"ddd","codDiv":"DIV5005","flgInclusion":true,"articles":[]}],"measureFields":[]},{"idAction":1111,"codProduct":"PROD-2323","levProduct":1,"codDisplay":"DSP-2323","codDiv":"D-2322","qtyEstimated":2340.00,"perceDiscount1":0.40,"perceDiscount2":45.00,"numMeasure":0.00,"codMeasure":"PALLET","details":[{"idAction":1111,"codProduct":"PROD-2323","levProduct":1,"codDisplay":"DSP-2323","codNode":"NODE-2323","codDiv":"D-2323","flgInclusion":true,"articles":[{"idAction":1111,"codProduct":"PROD-2323","levProduct":1,"codDisplay":"DSP-2323","codDiv":"D-2323","codNode":"NODE-2323","codNode1":"A1-2323","codNode2":"A2-2323","codNodeN":"AN-2323"}]}],"measureFields":[]},{"idAction":2020,"codProduct":"PRD_1","levProduct":1,"codDisplay":"DIV_1","codDiv":"DIV_1","qtyEstimated":78.00,"perceDiscount1":6.00,"perceDiscount2":8.00,"numMeasure":78788.00,"codMeasure":"1","details":[],"measureFields":[]},{"idAction":2020,"codProduct":"PRD_24","levProduct":1,"codDisplay":"DS-_24","codDiv":"DIV_24","qtyEstimated":345.00,"perceDiscount1":0.50,"perceDiscount2":0.90,"numMeasure":8.00,"codMeasure":"MEASURE_24","details":[],"measureFields":[]},{"idAction":2020,"codProduct":"PRD_44","levProduct":1,"codDisplay":"DSP_44","codDiv":"DIC_44","qtyEstimated":44.00,"perceDiscount1":0.10,"perceDiscount2":0.50,"numMeasure":76.00,"codMeasure":"MEASURE_44","details":[],"measureFields":[]},{"idAction":2020,"codProduct":"PRD_765","levProduct":0,"codDisplay":"DSP_765","codDiv":"DIV_765","qtyEstimated":234.00,"perceDiscount1":0.50,"perceDiscount2":0.56,"numMeasure":765.00,"codMeasure":"MEASURE_765","details":[],"measureFields":[]},{"idAction":2020,"codProduct":"PRD_765","levProduct":0,"codDisplay":"DSP-765","codDiv":"DIV_765","qtyEstimated":345.00,"perceDiscount1":3.55,"perceDiscount2":67.00,"numMeasure":765.00,"codMeasure":"MEASURE_765","details":[],"measureFields":[]},{"idAction":2020,"codProduct":"PRD-2020","levProduct":1,"codDisplay":"DSP-2020","codDiv":"D-2020","qtyEstimated":2000.00,"perceDiscount1":11.00,"perceDiscount2":23.00,"numMeasure":0.00,"codMeasure":"BOX","details":[{"idAction":2020,"codProduct":"PRD-2020","levProduct":1,"codDisplay":"DSP-2020","codNode":"NODE-2020","codDiv":"D-2020","flgInclusion":true,"articles":[{"idAction":2020,"codProduct":"PRD-2020","levProduct":1,"codDisplay":"DSP-2020","codDiv":"D-2020","codNode":"NODE-2020","codNode1":"A1-2020","codNode2":"A2-2020","codNodeN":"AN-2020"}]}],"measureFields":[]},{"idAction":2323,"codProduct":"PRD_08","levProduct":0,"codDisplay":"DSP_08","codDiv":"DIV_08","qtyEstimated":11.00,"perceDiscount1":22.00,"perceDiscount2":2.00,"numMeasure":2.00,"codMeasure":"08","details":[],"measureFields":[]},{"idAction":2323,"codProduct":"PRD_1","levProduct":1,"codDisplay":"DIV_1","codDiv":"DIV_1","qtyEstimated":78.00,"perceDiscount1":6.00,"perceDiscount2":8.00,"numMeasure":78788.00,"codMeasure":"1","details":[],"measureFields":[]},{"idAction":2323,"codProduct":"PRD_23","levProduct":0,"codDisplay":"DSP_23","codDiv":"DIV_23","qtyEstimated":28.00,"perceDiscount1":7.00,"perceDiscount2":2.00,"numMeasure":7.00,"codMeasure":"MEASURE_23","details":[],"measureFields":[]},{"idAction":2323,"codProduct":"PRD_24","levProduct":1,"codDisplay":"DS-_24","codDiv":"DIV_24","qtyEstimated":345.00,"perceDiscount1":0.50,"perceDiscount2":0.90,"numMeasure":8.00,"codMeasure":"MEASURE_24","details":[],"measureFields":[]},{"idAction":2323,"codProduct":"PRD_34","levProduct":1,"codDisplay":"DSP_34","codDiv":"DIV_34","qtyEstimated":2345.00,"perceDiscount1":0.60,"perceDiscount2":8.87,"numMeasure":34.00,"codMeasure":"MEASURE_34","details":[],"measureFields":[]},{"idAction":2323,"codProduct":"PRD_44","levProduct":1,"codDisplay":"DSP_44","codDiv":"DIC_44","qtyEstimated":44.00,"perceDiscount1":0.10,"perceDiscount2":0.50,"numMeasure":76.00,"codMeasure":"MEASURE_44","details":[],"measureFields":[]},{"idAction":2323,"codProduct":"PRD_55","levProduct":1,"codDisplay":"DSP_55","codDiv":"DIV_55","qtyEstimated":66.00,"perceDiscount1":0.50,"perceDiscount2":0.10,"numMeasure":34.00,"codMeasure":"55","details":[],"measureFields":[]},{"idAction":2323,"codProduct":"PRD_765","levProduct":0,"codDisplay":"DSP_567","codDiv":"DIV_765","qtyEstimated":5.60,"perceDiscount1":0.50,"perceDiscount2":0.40,"numMeasure":999.00,"codMeasure":"765","details":[],"measureFields":[]},{"idAction":2323,"codProduct":"PROD-2323","levProduct":1,"codDisplay":"DSP-2323","codDiv":"D-2322","qtyEstimated":2340.00,"perceDiscount1":0.40,"perceDiscount2":45.00,"numMeasure":0.00,"codMeasure":"PALLET","details":[{"idAction":2323,"codProduct":"PROD-2323","levProduct":1,"codDisplay":"DSP-2323","codNode":"NODE-2323","codDiv":"D-2323","flgInclusion":true,"articles":[{"idAction":2323,"codProduct":"PROD-2323","levProduct":1,"codDisplay":"DSP-2323","codDiv":"D-2323","codNode":"NODE-2323","codNode1":"A1-2323","codNode2":"A2-2323","codNodeN":"AN-2323"}]}],"measureFields":[]},{"idAction":5005,"codProduct":"PROD-1111","levProduct":1,"codDisplay":"DISP-1111","codDiv":"DIV-1111","qtyEstimated":0.00,"perceDiscount1":0.00,"perceDiscount2":0.00,"numMeasure":1.00,"codMeasure":"EA","details":[{"idAction":5005,"codProduct":"PROD-1111","levProduct":1,"codDisplay":"DISP-1111","codNode":"ddd","codDiv":"DIV5005","flgInclusion":true,"articles":[]}],"measureFields":[]},{"idAction":6000,"codProduct":"PRD_6666","levProduct":1,"codDisplay":"DSP_6666","codDiv":"DIV_6666","qtyEstimated":14.00,"perceDiscount1":0.80,"perceDiscount2":8.90,"numMeasure":654.00,"codMeasure":"MEASURE_6666","details":[],"measureFields":[]},{"idAction":6000,"codProduct":"PRD_99","levProduct":1,"codDisplay":"DSP_99","codDiv":"DIV_99","qtyEstimated":456.00,"perceDiscount1":9.80,"perceDiscount2":7.70,"numMeasure":999.00,"codMeasure":"MEASURE_99","details":[{"idAction":6000,"codProduct":"PRD_99","levProduct":1,"codDisplay":"DSP_99","codNode":"NODE_99","codDiv":"DIV_99","flgInclusion":true,"articles":[{"idAction":6000,"codProduct":"PRD_99","levProduct":1,"codDisplay":"DSP_99","codDiv":"DIV_99","codNode":"NODE_99","codNode1":"HBKK","codNode2":"KHNKH","codNodeN":"IYGFTUFTY"}]}],"measureFields":[]},{"idAction":6000,"codProduct":"PROD-6000","levProduct":1,"codDisplay":"DISP-6000","codDiv":"DIV-6000","qtyEstimated":100.00,"perceDiscount1":15.00,"perceDiscount2":0.00,"numMeasure":1.00,"codMeasure":"UNIT","details":[{"idAction":6000,"codProduct":"PROD-6000","levProduct":1,"codDisplay":"DISP-6000","codNode":"DET-6000","codDiv":"DIV-6000","flgInclusion":true,"articles":[{"idAction":6000,"codProduct":"PROD-6000","levProduct":1,"codDisplay":"DISP-6000","codDiv":"DIV-6000","codNode":"DET-6000","codNode1":"SKU-6001","codNode2":"V-GOLD","codNodeN":"SIZE-XL"}]}],"measureFields":[]},{"idAction":6767,"codProduct":"PRD_7777","levProduct":1,"codDisplay":"DSP_7777","codDiv":"DIV_7777","qtyEstimated":3423.00,"perceDiscount1":9.80,"perceDiscount2":5.60,"numMeasure":3432.00,"codMeasure":"MEASURE_7777","details":[{"idAction":6767,"codProduct":"PRD_7777","levProduct":1,"codDisplay":"DSP_7777","codNode":"NODE_7777","codDiv":"DIV_7777","flgInclusion":true,"articles":[{"idAction":6767,"codProduct":"PRD_7777","levProduct":1,"codDisplay":"DSP_7777","codDiv":"DIV_7777","codNode":"NODE_7777","codNode1":"ABC","codNode2":"DEF","codNodeN":"HBJ"}]}],"measureFields":[]},{"idAction":6767,"codProduct":"PROD-6767","levProduct":1,"codDisplay":"DSP-6767","codDiv":"DIV-6767","qtyEstimated":5000.00,"perceDiscount1":23.50,"perceDiscount2":45.60,"numMeasure":0.00,"codMeasure":"PALLET","details":[{"idAction":6767,"codProduct":"PROD-6767","levProduct":1,"codDisplay":"DSP-6767","codNode":"NODE-6767","codDiv":"DIV-6767","flgInclusion":true,"articles":[{"idAction":6767,"codProduct":"PROD-6767","levProduct":1,"codDisplay":"DSP-6767","codDiv":"DIV-6767","codNode":"NODE-6767","codNode1":"A1-6767","codNode2":"A2-6767","codNodeN":"AN-6767"}]}],"measureFields":[]},{"idAction":7000,"codProduct":"PROD-7000","levProduct":1,"codDisplay":"DISP-7000","codDiv":"DIV-7000","qtyEstimated":500.00,"perceDiscount1":null,"perceDiscount2":null,"numMeasure":null,"codMeasure":null,"details":[],"measureFields":[]},{"idAction":8888,"codProduct":"PROD-5555","levProduct":1,"codDisplay":"DISP-5555","codDiv":"DIV-5555","qtyEstimated":500.00,"perceDiscount1":0.00,"perceDiscount2":0.00,"numMeasure":0.00,"codMeasure":null,"details":[{"idAction":8888,"codProduct":"PROD-5555","levProduct":1,"codDisplay":"DISP-5555","codNode":"NODE-5555","codDiv":"DIV-5555","flgInclusion":true,"articles":[{"idAction":8888,"codProduct":"PROD-5555","levProduct":1,"codDisplay":"DISP-5555","codDiv":"DIV-5555","codNode":"NODE-5555","codNode1":null,"codNode2":null,"codNodeN":null}]}],"measureFields":[]},{"idAction":8888,"codProduct":"PROD-8888","levProduct":1,"codDisplay":"DISP-8888","codDiv":"DIV-8888","qtyEstimated":2000.00,"perceDiscount1":null,"perceDiscount2":null,"numMeasure":null,"codMeasure":null,"details":[{"idAction":8888,"codProduct":"PROD-8888","levProduct":1,"codDisplay":"DISP-8888","codNode":"NODE-8888","codDiv":"DIV-8888","flgInclusion":true,"articles":[{"idAction":8888,"codProduct":"PROD-8888","levProduct":1,"codDisplay":"DISP-8888","codDiv":"DIV-8888","codNode":"NODE-8888","codNode1":"A1","codNode2":null,"codNodeN":null}]}],"measureFields":[]},{"idAction":9000,"codProduct":"PROD-9000","levProduct":1,"codDisplay":"DISP-9000","codDiv":"DIV-9000","qtyEstimated":2000.00,"perceDiscount1":null,"perceDiscount2":null,"numMeasure":null,"codMeasure":null,"details":[{"idAction":9000,"codProduct":"PROD-9000","levProduct":1,"codDisplay":"DISP-9000","codNode":"NODE-9000","codDiv":"DIV-9000","flgInclusion":true,"articles":[{"idAction":9000,"codProduct":"PROD-9000","levProduct":1,"codDisplay":"DISP-9000","codDiv":"DIV-9000","codNode":"NODE-9000","codNode1":"A1","codNode2":null,"codNodeN":null}]}],"measureFields":[]},{"idAction":9999,"codProduct":"PROD-9999","levProduct":1,"codDisplay":"DISP-9999","codDiv":"DIV-9999","qtyEstimated":777.00,"perceDiscount1":null,"perceDiscount2":null,"numMeasure":null,"codMeasure":null,"details":[{"idAction":9999,"codProduct":"PROD-9999","levProduct":1,"codDisplay":"DISP-9999","codNode":"NODE-9999","codDiv":"DIV-9999","flgInclusion":true,"articles":[{"idAction":9999,"codProduct":"PROD-9999","levProduct":1,"codDisplay":"DISP-9999","codDiv":"DIV-9999","codNode":"NODE-9999","codNode1":"ERR","codNode2":null,"codNodeN":null}]}],"measureFields":[]}]
2026-01-29 10:48:00.327 +05:00 [INF] HTTP GET /api/promotions/products responded 200 in 33.2751 ms
2026-01-29 10:48:01.537 +05:00 [INF] HTTP GET /api/promotions/actions responded 200 in 8.6990 ms | User: Talha (N/A) | IP: ::1 | RequestBody:  | ResponseBody: [{"idAction":3,"name":"PROMO_3","codDiv":"DIV_3","dteStartSellIn":"2026-01-14T10:44:00","dteEndSellIn":"2026-01-15T10:45:00","dteStartSellOut":"2026-01-25T10:45:00","dteEndSellOut":"2026-01-30T10:45:00","documentKey":"KEY_3","dteToShost":"2026-01-10T10:44:00","levParticipants":3},{"idAction":10,"name":"PROMO_10","codDiv":"DIV_10","dteStartSellIn":"2026-01-30T14:45:00","dteEndSellIn":"2026-01-31T14:45:00","dteStartSellOut":"2026-01-23T14:45:00","dteEndSellOut":"2026-01-24T14:45:00","documentKey":"DOCC_KEY_10","dteToShost":"2026-01-29T14:44:00","levParticipants":10},{"idAction":45,"name":"cccc","codDiv":"DIV01","dteStartSellIn":"2026-01-16T00:00:00","dteEndSellIn":"2026-01-17T00:00:00","dteStartSellOut":"2026-01-16T00:00:00","dteEndSellOut":"2026-01-17T00:00:00","documentKey":null,"dteToShost":null,"levParticipants":2},{"idAction":1111,"name":"PROMO_1111","codDiv":"DIV_1111","dteStartSellIn":"2026-01-01T17:00:00","dteEndSellIn":"2026-01-30T17:02:00","dteStartSellOut":"2026-01-17T17:02:00","dteEndSellOut":"2026-01-28T17:02:00","documentKey":"1111_DOCC_KEY","dteToShost":"2026-01-13T17:02:00","levParticipants":11},{"idAction":2020,"name":"Spring Special 2020","codDiv":"D-2020","dteStartSellIn":"2026-01-03T12:28:00","dteEndSellIn":"2026-01-04T12:28:00","dteStartSellOut":"2026-01-05T12:28:00","dteEndSellOut":"2026-01-06T12:28:00","documentKey":"DOC-SPRING-2020","dteToShost":"2026-01-02T12:28:00","levParticipants":1},{"idAction":2222,"name":"haseeb","codDiv":"DIV02","dteStartSellIn":"2026-01-28T00:00:00","dteEndSellIn":"2026-01-30T00:00:00","dteStartSellOut":"2026-01-28T00:00:00","dteEndSellOut":"2026-01-30T00:00:00","documentKey":null,"dteToShost":null,"levParticipants":2},{"idAction":2323,"name":"Winter Sale Campaign 2323","codDiv":"D-2323","dteStartSellIn":"2026-01-19T14:39:00","dteEndSellIn":"2026-01-20T14:40:00","dteStartSellOut":"2026-01-21T14:40:00","dteEndSellOut":"2026-01-22T14:40:00","documentKey":"DOC-WINTER-2323","dteToShost":"2026-01-30T14:39:00","levParticipants":1},{"idAction":5005,"name":"bbb","codDiv":"DIV5005","dteStartSellIn":"2026-01-23T00:00:00","dteEndSellIn":"2026-01-30T00:00:00","dteStartSellOut":"2026-01-26T00:00:00","dteEndSellOut":"2026-01-18T00:00:00","documentKey":"555553","dteToShost":"2026-01-19T00:00:00","levParticipants":14},{"idAction":6000,"name":"Zero Redundancy Campaign 6000","codDiv":"DIV-6000","dteStartSellIn":"2026-01-01T00:00:00","dteEndSellIn":"2026-01-31T00:00:00","dteStartSellOut":"2026-02-01T00:00:00","dteEndSellOut":"2026-02-28T00:00:00","documentKey":"DOC-6000","dteToShost":"2026-01-05T00:00:00","levParticipants":1},{"idAction":6767,"name":"XTEL Launch Promo 6767","codDiv":"DIV-6767","dteStartSellIn":"2026-01-20T12:16:00","dteEndSellIn":"2026-01-21T12:16:00","dteStartSellOut":"2026-01-22T12:16:00","dteEndSellOut":"2026-01-23T12:16:00","documentKey":"DOC-XTEL-6767","dteToShost":"2026-01-03T12:16:00","levParticipants":1},{"idAction":7000,"name":"Atomic Campaign 7000","codDiv":"DIV-7000","dteStartSellIn":"2026-01-01T00:00:00","dteEndSellIn":"2026-01-31T00:00:00","dteStartSellOut":"2026-02-01T00:00:00","dteEndSellOut":"2026-02-28T00:00:00","documentKey":"DOC-7000","dteToShost":null,"levParticipants":1},{"idAction":8888,"name":"Atomic Campaign 8888 Complete","codDiv":"DIV-8888","dteStartSellIn":"2026-01-01T00:00:00","dteEndSellIn":"2026-01-31T00:00:00","dteStartSellOut":"2026-02-01T00:00:00","dteEndSellOut":"2026-02-28T00:00:00","documentKey":"DOC-8888","dteToShost":null,"levParticipants":1},{"idAction":9000,"name":"Balanced Atomic Campaign 9000","codDiv":"DIV-9000","dteStartSellIn":"2026-01-01T00:00:00","dteEndSellIn":"2026-01-31T00:00:00","dteStartSellOut":"2026-02-01T00:00:00","dteEndSellOut":"2026-02-28T00:00:00","documentKey":"DOC-9000","dteToShost":null,"levParticipants":1},{"idAction":9999,"name":"I should not exist in DB","codDiv":"DIV-9999","dteStartSellIn":"2026-01-01T00:00:00","dteEndSellIn":"2026-01-31T00:00:00","dteStartSellOut":"2026-02-01T00:00:00","dteEndSellOut":"2026-02-28T00:00:00","documentKey":"DOC-9999","dteToShost":null,"levParticipants":1}]
2026-01-29 10:48:01.544 +05:00 [INF] HTTP GET /api/promotions/actions responded 200 in 15.6872 ms
2026-01-29 10:48:01.555 +05:00 [INF] HTTP GET /api/promotions/customer-relations responded 200 in 14.3116 ms | User: Talha (N/A) | IP: ::1 | RequestBody:  | ResponseBody: [{"idAction":0,"codHier":"5555","codDiv":"div5555","codNode":"f5555","idLevel":1,"dteStart":"2026-01-15T00:00:00","codParentNode":"root","dteEnd":null},{"idAction":0,"codHier":"56","codDiv":"565","codNode":"56","idLevel":55,"dteStart":"2026-01-29T00:44:00","codParentNode":"haseeb","dteEnd":"2026-01-26T00:44:00"},{"idAction":0,"codHier":"H_10","codDiv":"DIV_10","codNode":"NODE_10","idLevel":10,"dteStart":"2026-01-01T14:45:00","codParentNode":"ROOT_10","dteEnd":"2026-01-31T14:44:00"},{"idAction":0,"codHier":"H_1111","codDiv":"DIV_1111","codNode":"NODE_1111","idLevel":11,"dteStart":"2026-01-01T17:00:00","codParentNode":"ROOT_1111","dteEnd":"2026-01-30T17:01:00"},{"idAction":0,"codHier":"H_3","codDiv":"DIV_3","codNode":"NODE_3","idLevel":3,"dteStart":"2026-01-01T10:45:00","codParentNode":"ROOT_3","dteEnd":"2026-01-30T10:44:00"},{"idAction":0,"codHier":"H-1010","codDiv":"D-1010","codNode":"C-1010","idLevel":1,"dteStart":"2026-01-01T11:54:00","codParentNode":"root","dteEnd":"2026-01-12T11:54:00"},{"idAction":0,"codHier":"H-11","codDiv":"DIV-11","codNode":"C-11","idLevel":11,"dteStart":"2026-01-01T15:05:00","codParentNode":"ROOT","dteEnd":"2026-01-31T15:05:00"},{"idAction":0,"codHier":"H-1111","codDiv":"DIV-1111","codNode":"CUST-1111","idLevel":10,"dteStart":"2026-01-01T00:00:00","codParentNode":"ROOT","dteEnd":null},{"idAction":0,"codHier":"H-1414","codDiv":"D-1414","codNode":"C-1414","idLevel":4,"dteStart":"2026-01-01T14:45:00","codParentNode":"ROOT","dteEnd":"2026-01-15T14:45:00"},{"idAction":0,"codHier":"H-2","codDiv":"DIV-2","codNode":"CUST-2","idLevel":2,"dteStart":"2026-01-01T12:40:00","codParentNode":"ROOT","dteEnd":"2026-01-16T12:37:00"},{"idAction":0,"codHier":"H-2","codDiv":"DIV-2","codNode":"CUST-2","idLevel":2,"dteStart":"2026-01-21T12:37:00","codParentNode":"ROOT","dteEnd":"2026-01-24T12:37:00"},{"idAction":0,"codHier":"H-2020","codDiv":"D-2020","codNode":"C-2020","idLevel":2,"dteStart":"2026-01-02T12:27:00","codParentNode":"root","dteEnd":"2026-01-30T12:27:00"},{"idAction":0,"codHier":"H-2255","codDiv":"DIV-2255","codNode":"CUST-2255","idLevel":10,"dteStart":"2026-01-01T00:00:00","codParentNode":"ROOT","dteEnd":null},{"idAction":0,"codHier":"H-2323","codDiv":"D-2323","codNode":"C-2323","idLevel":4,"dteStart":"2026-01-01T12:48:00","codParentNode":"ROOT","dteEnd":"2026-01-12T12:49:00"},{"idAction":0,"codHier":"H-3333","codDiv":"DIV-3333","codNode":"CUST-3333","idLevel":10,"dteStart":"2026-01-01T00:00:00","codParentNode":"ROOT","dteEnd":null},{"idAction":0,"codHier":"H-3344","codDiv":"DIV-3345","codNode":"CUST-3345","idLevel":10,"dteStart":"2026-01-01T00:00:00","codParentNode":"ROOT","dteEnd":null},{"idAction":0,"codHier":"H-3345","codDiv":"DIV-3345","codNode":"CUST-3345","idLevel":10,"dteStart":"2026-01-01T00:00:00","codParentNode":"ROOT","dteEnd":null},{"idAction":0,"codHier":"H-4","codDiv":"DIV-4","codNode":"CUST-4","idLevel":4,"dteStart":"2026-01-01T14:44:00","codParentNode":"ROOT","dteEnd":"2026-01-02T14:44:00"},{"idAction":0,"codHier":"H-5555","codDiv":"DIV-5555","codNode":"CUST-5555","idLevel":10,"dteStart":"2026-01-01T00:00:00","codParentNode":"ROOT","dteEnd":null},{"idAction":0,"codHier":"H-6000","codDiv":"DIV-6000","codNode":"CUST-6000","idLevel":10,"dteStart":"2026-01-01T00:00:00","codParentNode":"ROOT","dteEnd":"2026-12-31T00:00:00"},{"idAction":0,"codHier":"H-6666","codDiv":"DIV-6666","codNode":"CUST-6666","idLevel":10,"dteStart":"2026-01-17T01:30:00","codParentNode":"ROOT","dteEnd":"2026-01-18T01:30:00"},{"idAction":0,"codHier":"H-6767","codDiv":"DIV-6767","codNode":"CUST-6767","idLevel":5,"dteStart":"2026-01-01T12:15:00","codParentNode":"ROOT","dteEnd":"2026-01-08T12:15:00"},{"idAction":0,"codHier":"H-7000","codDiv":"DIV-7000","codNode":"CUST-7000","idLevel":10,"dteStart":"2026-01-01T00:00:00","codParentNode":"ROOT","dteEnd":null},{"idAction":0,"codHier":"H-7777","codDiv":"DIV-7777","codNode":"CUST-7777","idLevel":10,"dteStart":"2026-01-01T00:00:00","codParentNode":"ROOT","dteEnd":null},{"idAction":0,"codHier":"H-7878","codDiv":"DIV-7878","codNode":"CUST-7878","idLevel":3,"dteStart":"2026-01-18T11:43:00","codParentNode":"ROOT","dteEnd":"2026-01-19T11:43:00"},{"idAction":0,"codHier":"H-8000","codDiv":"DIV-8000","codNode":"CUST-8000","idLevel":10,"dteStart":"2026-01-01T00:00:00","codParentNode":"ROOT","dteEnd":null},{"idAction":0,"codHier":"H-8888","codDiv":"DIV-8888","codNode":"CUST-8888","idLevel":10,"dteStart":"2026-01-01T00:00:00","codParentNode":"ROOT","dteEnd":null},{"idAction":0,"codHier":"H-9000","codDiv":"DIV-9000","codNode":"CUST-9000","idLevel":10,"dteStart":"2026-01-01T00:00:00","codParentNode":"ROOT","dteEnd":null},{"idAction":0,"codHier":"H-9999","codDiv":"DIV-9999","codNode":"CUST-9999","idLevel":10,"dteStart":"2026-01-01T00:00:00","codParentNode":"ROOT","dteEnd":null},{"idAction":0,"codHier":"HIER_CORP","codDiv":"DIV01","codNode":"NODE_9111","idLevel":1,"dteStart":"2026-01-15T00:00:00","codParentNode":"ROOT_NODE","dteEnd":null}]
2026-01-29 10:48:01.561 +05:00 [INF] HTTP GET /api/promotions/customer-relations responded 200 in 20.3455 ms
2026-01-29 10:48:01.641 +05:00 [INF] HTTP GET /api/promotions/actions responded 200 in 11.0450 ms | User: Talha (N/A) | IP: ::1 | RequestBody:  | ResponseBody: [{"idAction":3,"name":"PROMO_3","codDiv":"DIV_3","dteStartSellIn":"2026-01-14T10:44:00","dteEndSellIn":"2026-01-15T10:45:00","dteStartSellOut":"2026-01-25T10:45:00","dteEndSellOut":"2026-01-30T10:45:00","documentKey":"KEY_3","dteToShost":"2026-01-10T10:44:00","levParticipants":3},{"idAction":10,"name":"PROMO_10","codDiv":"DIV_10","dteStartSellIn":"2026-01-30T14:45:00","dteEndSellIn":"2026-01-31T14:45:00","dteStartSellOut":"2026-01-23T14:45:00","dteEndSellOut":"2026-01-24T14:45:00","documentKey":"DOCC_KEY_10","dteToShost":"2026-01-29T14:44:00","levParticipants":10},{"idAction":45,"name":"cccc","codDiv":"DIV01","dteStartSellIn":"2026-01-16T00:00:00","dteEndSellIn":"2026-01-17T00:00:00","dteStartSellOut":"2026-01-16T00:00:00","dteEndSellOut":"2026-01-17T00:00:00","documentKey":null,"dteToShost":null,"levParticipants":2},{"idAction":1111,"name":"PROMO_1111","codDiv":"DIV_1111","dteStartSellIn":"2026-01-01T17:00:00","dteEndSellIn":"2026-01-30T17:02:00","dteStartSellOut":"2026-01-17T17:02:00","dteEndSellOut":"2026-01-28T17:02:00","documentKey":"1111_DOCC_KEY","dteToShost":"2026-01-13T17:02:00","levParticipants":11},{"idAction":2020,"name":"Spring Special 2020","codDiv":"D-2020","dteStartSellIn":"2026-01-03T12:28:00","dteEndSellIn":"2026-01-04T12:28:00","dteStartSellOut":"2026-01-05T12:28:00","dteEndSellOut":"2026-01-06T12:28:00","documentKey":"DOC-SPRING-2020","dteToShost":"2026-01-02T12:28:00","levParticipants":1},{"idAction":2222,"name":"haseeb","codDiv":"DIV02","dteStartSellIn":"2026-01-28T00:00:00","dteEndSellIn":"2026-01-30T00:00:00","dteStartSellOut":"2026-01-28T00:00:00","dteEndSellOut":"2026-01-30T00:00:00","documentKey":null,"dteToShost":null,"levParticipants":2},{"idAction":2323,"name":"Winter Sale Campaign 2323","codDiv":"D-2323","dteStartSellIn":"2026-01-19T14:39:00","dteEndSellIn":"2026-01-20T14:40:00","dteStartSellOut":"2026-01-21T14:40:00","dteEndSellOut":"2026-01-22T14:40:00","documentKey":"DOC-WINTER-2323","dteToShost":"2026-01-30T14:39:00","levParticipants":1},{"idAction":5005,"name":"bbb","codDiv":"DIV5005","dteStartSellIn":"2026-01-23T00:00:00","dteEndSellIn":"2026-01-30T00:00:00","dteStartSellOut":"2026-01-26T00:00:00","dteEndSellOut":"2026-01-18T00:00:00","documentKey":"555553","dteToShost":"2026-01-19T00:00:00","levParticipants":14},{"idAction":6000,"name":"Zero Redundancy Campaign 6000","codDiv":"DIV-6000","dteStartSellIn":"2026-01-01T00:00:00","dteEndSellIn":"2026-01-31T00:00:00","dteStartSellOut":"2026-02-01T00:00:00","dteEndSellOut":"2026-02-28T00:00:00","documentKey":"DOC-6000","dteToShost":"2026-01-05T00:00:00","levParticipants":1},{"idAction":6767,"name":"XTEL Launch Promo 6767","codDiv":"DIV-6767","dteStartSellIn":"2026-01-20T12:16:00","dteEndSellIn":"2026-01-21T12:16:00","dteStartSellOut":"2026-01-22T12:16:00","dteEndSellOut":"2026-01-23T12:16:00","documentKey":"DOC-XTEL-6767","dteToShost":"2026-01-03T12:16:00","levParticipants":1},{"idAction":7000,"name":"Atomic Campaign 7000","codDiv":"DIV-7000","dteStartSellIn":"2026-01-01T00:00:00","dteEndSellIn":"2026-01-31T00:00:00","dteStartSellOut":"2026-02-01T00:00:00","dteEndSellOut":"2026-02-28T00:00:00","documentKey":"DOC-7000","dteToShost":null,"levParticipants":1},{"idAction":8888,"name":"Atomic Campaign 8888 Complete","codDiv":"DIV-8888","dteStartSellIn":"2026-01-01T00:00:00","dteEndSellIn":"2026-01-31T00:00:00","dteStartSellOut":"2026-02-01T00:00:00","dteEndSellOut":"2026-02-28T00:00:00","documentKey":"DOC-8888","dteToShost":null,"levParticipants":1},{"idAction":9000,"name":"Balanced Atomic Campaign 9000","codDiv":"DIV-9000","dteStartSellIn":"2026-01-01T00:00:00","dteEndSellIn":"2026-01-31T00:00:00","dteStartSellOut":"2026-02-01T00:00:00","dteEndSellOut":"2026-02-28T00:00:00","documentKey":"DOC-9000","dteToShost":null,"levParticipants":1},{"idAction":9999,"name":"I should not exist in DB","codDiv":"DIV-9999","dteStartSellIn":"2026-01-01T00:00:00","dteEndSellIn":"2026-01-31T00:00:00","dteStartSellOut":"2026-02-01T00:00:00","dteEndSellOut":"2026-02-28T00:00:00","documentKey":"DOC-9999","dteToShost":null,"levParticipants":1}]
2026-01-29 10:48:01.660 +05:00 [INF] HTTP GET /api/promotions/actions responded 200 in 29.1161 ms
2026-01-29 10:48:01.681 +05:00 [INF] HTTP GET /api/promotions/customer-relations responded 200 in 16.3731 ms | User: Talha (N/A) | IP: ::1 | RequestBody:  | ResponseBody: [{"idAction":0,"codHier":"5555","codDiv":"div5555","codNode":"f5555","idLevel":1,"dteStart":"2026-01-15T00:00:00","codParentNode":"root","dteEnd":null},{"idAction":0,"codHier":"56","codDiv":"565","codNode":"56","idLevel":55,"dteStart":"2026-01-29T00:44:00","codParentNode":"haseeb","dteEnd":"2026-01-26T00:44:00"},{"idAction":0,"codHier":"H_10","codDiv":"DIV_10","codNode":"NODE_10","idLevel":10,"dteStart":"2026-01-01T14:45:00","codParentNode":"ROOT_10","dteEnd":"2026-01-31T14:44:00"},{"idAction":0,"codHier":"H_1111","codDiv":"DIV_1111","codNode":"NODE_1111","idLevel":11,"dteStart":"2026-01-01T17:00:00","codParentNode":"ROOT_1111","dteEnd":"2026-01-30T17:01:00"},{"idAction":0,"codHier":"H_3","codDiv":"DIV_3","codNode":"NODE_3","idLevel":3,"dteStart":"2026-01-01T10:45:00","codParentNode":"ROOT_3","dteEnd":"2026-01-30T10:44:00"},{"idAction":0,"codHier":"H-1010","codDiv":"D-1010","codNode":"C-1010","idLevel":1,"dteStart":"2026-01-01T11:54:00","codParentNode":"root","dteEnd":"2026-01-12T11:54:00"},{"idAction":0,"codHier":"H-11","codDiv":"DIV-11","codNode":"C-11","idLevel":11,"dteStart":"2026-01-01T15:05:00","codParentNode":"ROOT","dteEnd":"2026-01-31T15:05:00"},{"idAction":0,"codHier":"H-1111","codDiv":"DIV-1111","codNode":"CUST-1111","idLevel":10,"dteStart":"2026-01-01T00:00:00","codParentNode":"ROOT","dteEnd":null},{"idAction":0,"codHier":"H-1414","codDiv":"D-1414","codNode":"C-1414","idLevel":4,"dteStart":"2026-01-01T14:45:00","codParentNode":"ROOT","dteEnd":"2026-01-15T14:45:00"},{"idAction":0,"codHier":"H-2","codDiv":"DIV-2","codNode":"CUST-2","idLevel":2,"dteStart":"2026-01-01T12:40:00","codParentNode":"ROOT","dteEnd":"2026-01-16T12:37:00"},{"idAction":0,"codHier":"H-2","codDiv":"DIV-2","codNode":"CUST-2","idLevel":2,"dteStart":"2026-01-21T12:37:00","codParentNode":"ROOT","dteEnd":"2026-01-24T12:37:00"},{"idAction":0,"codHier":"H-2020","codDiv":"D-2020","codNode":"C-2020","idLevel":2,"dteStart":"2026-01-02T12:27:00","codParentNode":"root","dteEnd":"2026-01-30T12:27:00"},{"idAction":0,"codHier":"H-2255","codDiv":"DIV-2255","codNode":"CUST-2255","idLevel":10,"dteStart":"2026-01-01T00:00:00","codParentNode":"ROOT","dteEnd":null},{"idAction":0,"codHier":"H-2323","codDiv":"D-2323","codNode":"C-2323","idLevel":4,"dteStart":"2026-01-01T12:48:00","codParentNode":"ROOT","dteEnd":"2026-01-12T12:49:00"},{"idAction":0,"codHier":"H-3333","codDiv":"DIV-3333","codNode":"CUST-3333","idLevel":10,"dteStart":"2026-01-01T00:00:00","codParentNode":"ROOT","dteEnd":null},{"idAction":0,"codHier":"H-3344","codDiv":"DIV-3345","codNode":"CUST-3345","idLevel":10,"dteStart":"2026-01-01T00:00:00","codParentNode":"ROOT","dteEnd":null},{"idAction":0,"codHier":"H-3345","codDiv":"DIV-3345","codNode":"CUST-3345","idLevel":10,"dteStart":"2026-01-01T00:00:00","codParentNode":"ROOT","dteEnd":null},{"idAction":0,"codHier":"H-4","codDiv":"DIV-4","codNode":"CUST-4","idLevel":4,"dteStart":"2026-01-01T14:44:00","codParentNode":"ROOT","dteEnd":"2026-01-02T14:44:00"},{"idAction":0,"codHier":"H-5555","codDiv":"DIV-5555","codNode":"CUST-5555","idLevel":10,"dteStart":"2026-01-01T00:00:00","codParentNode":"ROOT","dteEnd":null},{"idAction":0,"codHier":"H-6000","codDiv":"DIV-6000","codNode":"CUST-6000","idLevel":10,"dteStart":"2026-01-01T00:00:00","codParentNode":"ROOT","dteEnd":"2026-12-31T00:00:00"},{"idAction":0,"codHier":"H-6666","codDiv":"DIV-6666","codNode":"CUST-6666","idLevel":10,"dteStart":"2026-01-17T01:30:00","codParentNode":"ROOT","dteEnd":"2026-01-18T01:30:00"},{"idAction":0,"codHier":"H-6767","codDiv":"DIV-6767","codNode":"CUST-6767","idLevel":5,"dteStart":"2026-01-01T12:15:00","codParentNode":"ROOT","dteEnd":"2026-01-08T12:15:00"},{"idAction":0,"codHier":"H-7000","codDiv":"DIV-7000","codNode":"CUST-7000","idLevel":10,"dteStart":"2026-01-01T00:00:00","codParentNode":"ROOT","dteEnd":null},{"idAction":0,"codHier":"H-7777","codDiv":"DIV-7777","codNode":"CUST-7777","idLevel":10,"dteStart":"2026-01-01T00:00:00","codParentNode":"ROOT","dteEnd":null},{"idAction":0,"codHier":"H-7878","codDiv":"DIV-7878","codNode":"CUST-7878","idLevel":3,"dteStart":"2026-01-18T11:43:00","codParentNode":"ROOT","dteEnd":"2026-01-19T11:43:00"},{"idAction":0,"codHier":"H-8000","codDiv":"DIV-8000","codNode":"CUST-8000","idLevel":10,"dteStart":"2026-01-01T00:00:00","codParentNode":"ROOT","dteEnd":null},{"idAction":0,"codHier":"H-8888","codDiv":"DIV-8888","codNode":"CUST-8888","idLevel":10,"dteStart":"2026-01-01T00:00:00","codParentNode":"ROOT","dteEnd":null},{"idAction":0,"codHier":"H-9000","codDiv":"DIV-9000","codNode":"CUST-9000","idLevel":10,"dteStart":"2026-01-01T00:00:00","codParentNode":"ROOT","dteEnd":null},{"idAction":0,"codHier":"H-9999","codDiv":"DIV-9999","codNode":"CUST-9999","idLevel":10,"dteStart":"2026-01-01T00:00:00","codParentNode":"ROOT","dteEnd":null},{"idAction":0,"codHier":"HIER_CORP","codDiv":"DIV01","codNode":"NODE_9111","idLevel":1,"dteStart":"2026-01-15T00:00:00","codParentNode":"ROOT_NODE","dteEnd":null}]
2026-01-29 10:48:01.693 +05:00 [INF] HTTP GET /api/participants/all responded 200 in 24.3885 ms | User: Talha (N/A) | IP: ::1 | RequestBody:  | ResponseBody: [{"idAction":3,"codParticipant":"NODE_3","flgInclusion":true,"codHier":"H_3","codDiv":"DIV_3","codNode":"NODE_3","idLevel":3,"dteStart":"2026-01-01T10:45:00"},{"idAction":10,"codParticipant":"NODE_10","flgInclusion":true,"codHier":"H_10","codDiv":"DIV_10","codNode":"NODE_10","idLevel":10,"dteStart":"2026-01-01T14:45:00"},{"idAction":1111,"codParticipant":"NODE_1111","flgInclusion":true,"codHier":"H_1111","codDiv":"DIV_1111","codNode":"NODE_1111","idLevel":11,"dteStart":"2026-01-01T17:00:00"},{"idAction":2323,"codParticipant":"P-2323","flgInclusion":true,"codHier":"H-2323","codDiv":"D-2323","codNode":"C-2323","idLevel":4,"dteStart":"2026-01-01T12:48:00"},{"idAction":5005,"codParticipant":"","flgInclusion":true,"codHier":"H-9999","codDiv":"DIV-9999","codNode":"CUST-9999","idLevel":10,"dteStart":"2026-01-01T00:00:00"},{"idAction":6000,"codParticipant":"P-6000","flgInclusion":true,"codHier":"H-6000","codDiv":"DIV-6000","codNode":"CUST-6000","idLevel":10,"dteStart":"2026-01-01T00:00:00"},{"idAction":6767,"codParticipant":"P-6767","flgInclusion":false,"codHier":"H-6767","codDiv":"DIV-6767","codNode":"CUST-6767","idLevel":5,"dteStart":"2026-01-01T12:15:00"},{"idAction":7000,"codParticipant":"P-7000","flgInclusion":true,"codHier":"H-7000","codDiv":"DIV-7000","codNode":"CUST-7000","idLevel":10,"dteStart":"2026-01-01T00:00:00"},{"idAction":8888,"codParticipant":"P-8888","flgInclusion":true,"codHier":"H-8888","codDiv":"DIV-8888","codNode":"CUST-8888","idLevel":10,"dteStart":"2026-01-01T00:00:00"},{"idAction":9000,"codParticipant":"P-9000","flgInclusion":true,"codHier":"H-9000","codDiv":"DIV-9000","codNode":"CUST-9000","idLevel":10,"dteStart":"2026-01-01T00:00:00"},{"idAction":9999,"codParticipant":"P-9999","flgInclusion":true,"codHier":"H-9999","codDiv":"DIV-9999","codNode":"CUST-9999","idLevel":10,"dteStart":"2026-01-01T00:00:00"}]
2026-01-29 10:48:01.695 +05:00 [INF] HTTP GET /api/promotions/customer-relations responded 200 in 30.2757 ms
2026-01-29 10:48:01.698 +05:00 [INF] HTTP GET /api/participants/all responded 200 in 30.1871 ms
2026-01-29 10:48:01.766 +05:00 [INF] HTTP GET /api/participants/all responded 200 in 6.7012 ms | User: Talha (N/A) | IP: ::1 | RequestBody:  | ResponseBody: [{"idAction":3,"codParticipant":"NODE_3","flgInclusion":true,"codHier":"H_3","codDiv":"DIV_3","codNode":"NODE_3","idLevel":3,"dteStart":"2026-01-01T10:45:00"},{"idAction":10,"codParticipant":"NODE_10","flgInclusion":true,"codHier":"H_10","codDiv":"DIV_10","codNode":"NODE_10","idLevel":10,"dteStart":"2026-01-01T14:45:00"},{"idAction":1111,"codParticipant":"NODE_1111","flgInclusion":true,"codHier":"H_1111","codDiv":"DIV_1111","codNode":"NODE_1111","idLevel":11,"dteStart":"2026-01-01T17:00:00"},{"idAction":2323,"codParticipant":"P-2323","flgInclusion":true,"codHier":"H-2323","codDiv":"D-2323","codNode":"C-2323","idLevel":4,"dteStart":"2026-01-01T12:48:00"},{"idAction":5005,"codParticipant":"","flgInclusion":true,"codHier":"H-9999","codDiv":"DIV-9999","codNode":"CUST-9999","idLevel":10,"dteStart":"2026-01-01T00:00:00"},{"idAction":6000,"codParticipant":"P-6000","flgInclusion":true,"codHier":"H-6000","codDiv":"DIV-6000","codNode":"CUST-6000","idLevel":10,"dteStart":"2026-01-01T00:00:00"},{"idAction":6767,"codParticipant":"P-6767","flgInclusion":false,"codHier":"H-6767","codDiv":"DIV-6767","codNode":"CUST-6767","idLevel":5,"dteStart":"2026-01-01T12:15:00"},{"idAction":7000,"codParticipant":"P-7000","flgInclusion":true,"codHier":"H-7000","codDiv":"DIV-7000","codNode":"CUST-7000","idLevel":10,"dteStart":"2026-01-01T00:00:00"},{"idAction":8888,"codParticipant":"P-8888","flgInclusion":true,"codHier":"H-8888","codDiv":"DIV-8888","codNode":"CUST-8888","idLevel":10,"dteStart":"2026-01-01T00:00:00"},{"idAction":9000,"codParticipant":"P-9000","flgInclusion":true,"codHier":"H-9000","codDiv":"DIV-9000","codNode":"CUST-9000","idLevel":10,"dteStart":"2026-01-01T00:00:00"},{"idAction":9999,"codParticipant":"P-9999","flgInclusion":true,"codHier":"H-9999","codDiv":"DIV-9999","codNode":"CUST-9999","idLevel":10,"dteStart":"2026-01-01T00:00:00"}]
2026-01-29 10:48:01.774 +05:00 [INF] HTTP GET /api/participants/all responded 200 in 15.2955 ms
2026-01-29 10:48:01.789 +05:00 [INF] HTTP GET /api/promotions/delivery-points responded 200 in 19.3332 ms | User: Talha (N/A) | IP: ::1 | RequestBody:  | ResponseBody: [{"idAction":3,"codDeliveryPoint":"NODE_3","flgInclusion":true,"codHier":"H_3","codDiv":"DIV_3","codNode":"NODE_3","idLevel":3,"dteStart":"2026-01-01T10:45:00"},{"idAction":10,"codDeliveryPoint":"NODE_10","flgInclusion":true,"codHier":"H_10","codDiv":"DIV_10","codNode":"NODE_10","idLevel":10,"dteStart":"2026-01-01T14:45:00"},{"idAction":1111,"codDeliveryPoint":"NODE_1111","flgInclusion":true,"codHier":"H_1111","codDiv":"DIV_1111","codNode":"NODE_1111","idLevel":11,"dteStart":"2026-01-01T17:00:00"},{"idAction":5005,"codDeliveryPoint":"","flgInclusion":true,"codHier":"H-2255","codDiv":"DIV-2255","codNode":"CUST-2255","idLevel":10,"dteStart":"2026-01-01T00:00:00"},{"idAction":6767,"codDeliveryPoint":"DP-6767","flgInclusion":true,"codHier":"H-6767","codDiv":"DIV-6767","codNode":"CUST-6767","idLevel":5,"dteStart":"2026-01-01T12:15:00"},{"idAction":7000,"codDeliveryPoint":"DP-7000","flgInclusion":true,"codHier":"H-7000","codDiv":"DIV-7000","codNode":"CUST-7000","idLevel":10,"dteStart":"2026-01-01T00:00:00"}]
2026-01-29 10:48:01.795 +05:00 [INF] HTTP GET /api/promotions/delivery-points responded 200 in 25.7878 ms
2026-01-29 10:48:01.838 +05:00 [INF] HTTP GET /api/promotions/delivery-points responded 200 in 6.1561 ms | User: Talha (N/A) | IP: ::1 | RequestBody:  | ResponseBody: [{"idAction":3,"codDeliveryPoint":"NODE_3","flgInclusion":true,"codHier":"H_3","codDiv":"DIV_3","codNode":"NODE_3","idLevel":3,"dteStart":"2026-01-01T10:45:00"},{"idAction":10,"codDeliveryPoint":"NODE_10","flgInclusion":true,"codHier":"H_10","codDiv":"DIV_10","codNode":"NODE_10","idLevel":10,"dteStart":"2026-01-01T14:45:00"},{"idAction":1111,"codDeliveryPoint":"NODE_1111","flgInclusion":true,"codHier":"H_1111","codDiv":"DIV_1111","codNode":"NODE_1111","idLevel":11,"dteStart":"2026-01-01T17:00:00"},{"idAction":5005,"codDeliveryPoint":"","flgInclusion":true,"codHier":"H-2255","codDiv":"DIV-2255","codNode":"CUST-2255","idLevel":10,"dteStart":"2026-01-01T00:00:00"},{"idAction":6767,"codDeliveryPoint":"DP-6767","flgInclusion":true,"codHier":"H-6767","codDiv":"DIV-6767","codNode":"CUST-6767","idLevel":5,"dteStart":"2026-01-01T12:15:00"},{"idAction":7000,"codDeliveryPoint":"DP-7000","flgInclusion":true,"codHier":"H-7000","codDiv":"DIV-7000","codNode":"CUST-7000","idLevel":10,"dteStart":"2026-01-01T00:00:00"}]
2026-01-29 10:48:01.840 +05:00 [INF] HTTP GET /api/promotions/delivery-points responded 200 in 8.8218 ms
2026-01-29 10:48:05.242 +05:00 [INF] HTTP GET /api/promotions/customer-relations responded 200 in 12.3993 ms | User: Talha (N/A) | IP: ::1 | RequestBody:  | ResponseBody: [{"idAction":0,"codHier":"5555","codDiv":"div5555","codNode":"f5555","idLevel":1,"dteStart":"2026-01-15T00:00:00","codParentNode":"root","dteEnd":null},{"idAction":0,"codHier":"56","codDiv":"565","codNode":"56","idLevel":55,"dteStart":"2026-01-29T00:44:00","codParentNode":"haseeb","dteEnd":"2026-01-26T00:44:00"},{"idAction":0,"codHier":"H_10","codDiv":"DIV_10","codNode":"NODE_10","idLevel":10,"dteStart":"2026-01-01T14:45:00","codParentNode":"ROOT_10","dteEnd":"2026-01-31T14:44:00"},{"idAction":0,"codHier":"H_1111","codDiv":"DIV_1111","codNode":"NODE_1111","idLevel":11,"dteStart":"2026-01-01T17:00:00","codParentNode":"ROOT_1111","dteEnd":"2026-01-30T17:01:00"},{"idAction":0,"codHier":"H_3","codDiv":"DIV_3","codNode":"NODE_3","idLevel":3,"dteStart":"2026-01-01T10:45:00","codParentNode":"ROOT_3","dteEnd":"2026-01-30T10:44:00"},{"idAction":0,"codHier":"H-1010","codDiv":"D-1010","codNode":"C-1010","idLevel":1,"dteStart":"2026-01-01T11:54:00","codParentNode":"root","dteEnd":"2026-01-12T11:54:00"},{"idAction":0,"codHier":"H-11","codDiv":"DIV-11","codNode":"C-11","idLevel":11,"dteStart":"2026-01-01T15:05:00","codParentNode":"ROOT","dteEnd":"2026-01-31T15:05:00"},{"idAction":0,"codHier":"H-1111","codDiv":"DIV-1111","codNode":"CUST-1111","idLevel":10,"dteStart":"2026-01-01T00:00:00","codParentNode":"ROOT","dteEnd":null},{"idAction":0,"codHier":"H-1414","codDiv":"D-1414","codNode":"C-1414","idLevel":4,"dteStart":"2026-01-01T14:45:00","codParentNode":"ROOT","dteEnd":"2026-01-15T14:45:00"},{"idAction":0,"codHier":"H-2","codDiv":"DIV-2","codNode":"CUST-2","idLevel":2,"dteStart":"2026-01-01T12:40:00","codParentNode":"ROOT","dteEnd":"2026-01-16T12:37:00"},{"idAction":0,"codHier":"H-2","codDiv":"DIV-2","codNode":"CUST-2","idLevel":2,"dteStart":"2026-01-21T12:37:00","codParentNode":"ROOT","dteEnd":"2026-01-24T12:37:00"},{"idAction":0,"codHier":"H-2020","codDiv":"D-2020","codNode":"C-2020","idLevel":2,"dteStart":"2026-01-02T12:27:00","codParentNode":"root","dteEnd":"2026-01-30T12:27:00"},{"idAction":0,"codHier":"H-2255","codDiv":"DIV-2255","codNode":"CUST-2255","idLevel":10,"dteStart":"2026-01-01T00:00:00","codParentNode":"ROOT","dteEnd":null},{"idAction":0,"codHier":"H-2323","codDiv":"D-2323","codNode":"C-2323","idLevel":4,"dteStart":"2026-01-01T12:48:00","codParentNode":"ROOT","dteEnd":"2026-01-12T12:49:00"},{"idAction":0,"codHier":"H-3333","codDiv":"DIV-3333","codNode":"CUST-3333","idLevel":10,"dteStart":"2026-01-01T00:00:00","codParentNode":"ROOT","dteEnd":null},{"idAction":0,"codHier":"H-3344","codDiv":"DIV-3345","codNode":"CUST-3345","idLevel":10,"dteStart":"2026-01-01T00:00:00","codParentNode":"ROOT","dteEnd":null},{"idAction":0,"codHier":"H-3345","codDiv":"DIV-3345","codNode":"CUST-3345","idLevel":10,"dteStart":"2026-01-01T00:00:00","codParentNode":"ROOT","dteEnd":null},{"idAction":0,"codHier":"H-4","codDiv":"DIV-4","codNode":"CUST-4","idLevel":4,"dteStart":"2026-01-01T14:44:00","codParentNode":"ROOT","dteEnd":"2026-01-02T14:44:00"},{"idAction":0,"codHier":"H-5555","codDiv":"DIV-5555","codNode":"CUST-5555","idLevel":10,"dteStart":"2026-01-01T00:00:00","codParentNode":"ROOT","dteEnd":null},{"idAction":0,"codHier":"H-6000","codDiv":"DIV-6000","codNode":"CUST-6000","idLevel":10,"dteStart":"2026-01-01T00:00:00","codParentNode":"ROOT","dteEnd":"2026-12-31T00:00:00"},{"idAction":0,"codHier":"H-6666","codDiv":"DIV-6666","codNode":"CUST-6666","idLevel":10,"dteStart":"2026-01-17T01:30:00","codParentNode":"ROOT","dteEnd":"2026-01-18T01:30:00"},{"idAction":0,"codHier":"H-6767","codDiv":"DIV-6767","codNode":"CUST-6767","idLevel":5,"dteStart":"2026-01-01T12:15:00","codParentNode":"ROOT","dteEnd":"2026-01-08T12:15:00"},{"idAction":0,"codHier":"H-7000","codDiv":"DIV-7000","codNode":"CUST-7000","idLevel":10,"dteStart":"2026-01-01T00:00:00","codParentNode":"ROOT","dteEnd":null},{"idAction":0,"codHier":"H-7777","codDiv":"DIV-7777","codNode":"CUST-7777","idLevel":10,"dteStart":"2026-01-01T00:00:00","codParentNode":"ROOT","dteEnd":null},{"idAction":0,"codHier":"H-7878","codDiv":"DIV-7878","codNode":"CUST-7878","idLevel":3,"dteStart":"2026-01-18T11:43:00","codParentNode":"ROOT","dteEnd":"2026-01-19T11:43:00"},{"idAction":0,"codHier":"H-8000","codDiv":"DIV-8000","codNode":"CUST-8000","idLevel":10,"dteStart":"2026-01-01T00:00:00","codParentNode":"ROOT","dteEnd":null},{"idAction":0,"codHier":"H-8888","codDiv":"DIV-8888","codNode":"CUST-8888","idLevel":10,"dteStart":"2026-01-01T00:00:00","codParentNode":"ROOT","dteEnd":null},{"idAction":0,"codHier":"H-9000","codDiv":"DIV-9000","codNode":"CUST-9000","idLevel":10,"dteStart":"2026-01-01T00:00:00","codParentNode":"ROOT","dteEnd":null},{"idAction":0,"codHier":"H-9999","codDiv":"DIV-9999","codNode":"CUST-9999","idLevel":10,"dteStart":"2026-01-01T00:00:00","codParentNode":"ROOT","dteEnd":null},{"idAction":0,"codHier":"HIER_CORP","codDiv":"DIV01","codNode":"NODE_9111","idLevel":1,"dteStart":"2026-01-15T00:00:00","codParentNode":"ROOT_NODE","dteEnd":null}]
2026-01-29 10:48:05.251 +05:00 [INF] HTTP GET /api/promotions/customer-relations responded 200 in 21.6900 ms
2026-01-29 10:48:05.351 +05:00 [INF] HTTP GET /api/promotions/customer-relations responded 200 in 16.9626 ms | User: Talha (N/A) | IP: ::1 | RequestBody:  | ResponseBody: [{"idAction":0,"codHier":"5555","codDiv":"div5555","codNode":"f5555","idLevel":1,"dteStart":"2026-01-15T00:00:00","codParentNode":"root","dteEnd":null},{"idAction":0,"codHier":"56","codDiv":"565","codNode":"56","idLevel":55,"dteStart":"2026-01-29T00:44:00","codParentNode":"haseeb","dteEnd":"2026-01-26T00:44:00"},{"idAction":0,"codHier":"H_10","codDiv":"DIV_10","codNode":"NODE_10","idLevel":10,"dteStart":"2026-01-01T14:45:00","codParentNode":"ROOT_10","dteEnd":"2026-01-31T14:44:00"},{"idAction":0,"codHier":"H_1111","codDiv":"DIV_1111","codNode":"NODE_1111","idLevel":11,"dteStart":"2026-01-01T17:00:00","codParentNode":"ROOT_1111","dteEnd":"2026-01-30T17:01:00"},{"idAction":0,"codHier":"H_3","codDiv":"DIV_3","codNode":"NODE_3","idLevel":3,"dteStart":"2026-01-01T10:45:00","codParentNode":"ROOT_3","dteEnd":"2026-01-30T10:44:00"},{"idAction":0,"codHier":"H-1010","codDiv":"D-1010","codNode":"C-1010","idLevel":1,"dteStart":"2026-01-01T11:54:00","codParentNode":"root","dteEnd":"2026-01-12T11:54:00"},{"idAction":0,"codHier":"H-11","codDiv":"DIV-11","codNode":"C-11","idLevel":11,"dteStart":"2026-01-01T15:05:00","codParentNode":"ROOT","dteEnd":"2026-01-31T15:05:00"},{"idAction":0,"codHier":"H-1111","codDiv":"DIV-1111","codNode":"CUST-1111","idLevel":10,"dteStart":"2026-01-01T00:00:00","codParentNode":"ROOT","dteEnd":null},{"idAction":0,"codHier":"H-1414","codDiv":"D-1414","codNode":"C-1414","idLevel":4,"dteStart":"2026-01-01T14:45:00","codParentNode":"ROOT","dteEnd":"2026-01-15T14:45:00"},{"idAction":0,"codHier":"H-2","codDiv":"DIV-2","codNode":"CUST-2","idLevel":2,"dteStart":"2026-01-01T12:40:00","codParentNode":"ROOT","dteEnd":"2026-01-16T12:37:00"},{"idAction":0,"codHier":"H-2","codDiv":"DIV-2","codNode":"CUST-2","idLevel":2,"dteStart":"2026-01-21T12:37:00","codParentNode":"ROOT","dteEnd":"2026-01-24T12:37:00"},{"idAction":0,"codHier":"H-2020","codDiv":"D-2020","codNode":"C-2020","idLevel":2,"dteStart":"2026-01-02T12:27:00","codParentNode":"root","dteEnd":"2026-01-30T12:27:00"},{"idAction":0,"codHier":"H-2255","codDiv":"DIV-2255","codNode":"CUST-2255","idLevel":10,"dteStart":"2026-01-01T00:00:00","codParentNode":"ROOT","dteEnd":null},{"idAction":0,"codHier":"H-2323","codDiv":"D-2323","codNode":"C-2323","idLevel":4,"dteStart":"2026-01-01T12:48:00","codParentNode":"ROOT","dteEnd":"2026-01-12T12:49:00"},{"idAction":0,"codHier":"H-3333","codDiv":"DIV-3333","codNode":"CUST-3333","idLevel":10,"dteStart":"2026-01-01T00:00:00","codParentNode":"ROOT","dteEnd":null},{"idAction":0,"codHier":"H-3344","codDiv":"DIV-3345","codNode":"CUST-3345","idLevel":10,"dteStart":"2026-01-01T00:00:00","codParentNode":"ROOT","dteEnd":null},{"idAction":0,"codHier":"H-3345","codDiv":"DIV-3345","codNode":"CUST-3345","idLevel":10,"dteStart":"2026-01-01T00:00:00","codParentNode":"ROOT","dteEnd":null},{"idAction":0,"codHier":"H-4","codDiv":"DIV-4","codNode":"CUST-4","idLevel":4,"dteStart":"2026-01-01T14:44:00","codParentNode":"ROOT","dteEnd":"2026-01-02T14:44:00"},{"idAction":0,"codHier":"H-5555","codDiv":"DIV-5555","codNode":"CUST-5555","idLevel":10,"dteStart":"2026-01-01T00:00:00","codParentNode":"ROOT","dteEnd":null},{"idAction":0,"codHier":"H-6000","codDiv":"DIV-6000","codNode":"CUST-6000","idLevel":10,"dteStart":"2026-01-01T00:00:00","codParentNode":"ROOT","dteEnd":"2026-12-31T00:00:00"},{"idAction":0,"codHier":"H-6666","codDiv":"DIV-6666","codNode":"CUST-6666","idLevel":10,"dteStart":"2026-01-17T01:30:00","codParentNode":"ROOT","dteEnd":"2026-01-18T01:30:00"},{"idAction":0,"codHier":"H-6767","codDiv":"DIV-6767","codNode":"CUST-6767","idLevel":5,"dteStart":"2026-01-01T12:15:00","codParentNode":"ROOT","dteEnd":"2026-01-08T12:15:00"},{"idAction":0,"codHier":"H-7000","codDiv":"DIV-7000","codNode":"CUST-7000","idLevel":10,"dteStart":"2026-01-01T00:00:00","codParentNode":"ROOT","dteEnd":null},{"idAction":0,"codHier":"H-7777","codDiv":"DIV-7777","codNode":"CUST-7777","idLevel":10,"dteStart":"2026-01-01T00:00:00","codParentNode":"ROOT","dteEnd":null},{"idAction":0,"codHier":"H-7878","codDiv":"DIV-7878","codNode":"CUST-7878","idLevel":3,"dteStart":"2026-01-18T11:43:00","codParentNode":"ROOT","dteEnd":"2026-01-19T11:43:00"},{"idAction":0,"codHier":"H-8000","codDiv":"DIV-8000","codNode":"CUST-8000","idLevel":10,"dteStart":"2026-01-01T00:00:00","codParentNode":"ROOT","dteEnd":null},{"idAction":0,"codHier":"H-8888","codDiv":"DIV-8888","codNode":"CUST-8888","idLevel":10,"dteStart":"2026-01-01T00:00:00","codParentNode":"ROOT","dteEnd":null},{"idAction":0,"codHier":"H-9000","codDiv":"DIV-9000","codNode":"CUST-9000","idLevel":10,"dteStart":"2026-01-01T00:00:00","codParentNode":"ROOT","dteEnd":null},{"idAction":0,"codHier":"H-9999","codDiv":"DIV-9999","codNode":"CUST-9999","idLevel":10,"dteStart":"2026-01-01T00:00:00","codParentNode":"ROOT","dteEnd":null},{"idAction":0,"codHier":"HIER_CORP","codDiv":"DIV01","codNode":"NODE_9111","idLevel":1,"dteStart":"2026-01-15T00:00:00","codParentNode":"ROOT_NODE","dteEnd":null}]
2026-01-29 10:48:05.367 +05:00 [INF] HTTP GET /api/promotions/customer-relations responded 200 in 32.8698 ms
2026-01-29 10:48:37.390 +05:00 [INF] HTTP POST /api/promotions/customer-relations responded 200 in 384.0784 ms | User: Talha (N/A) | IP: ::1 | RequestBody:  | ResponseBody: 
2026-01-29 10:48:37.395 +05:00 [INF] HTTP POST /api/promotions/customer-relations responded 200 in 389.4852 ms
2026-01-29 10:48:38.981 +05:00 [INF] HTTP GET /api/promotions/customer-relations responded 200 in 17.6134 ms | User: Talha (N/A) | IP: ::1 | RequestBody:  | ResponseBody: [{"idAction":0,"codHier":"5555","codDiv":"div5555","codNode":"f5555","idLevel":1,"dteStart":"2026-01-15T00:00:00","codParentNode":"root","dteEnd":null},{"idAction":0,"codHier":"56","codDiv":"565","codNode":"56","idLevel":55,"dteStart":"2026-01-29T00:44:00","codParentNode":"haseeb","dteEnd":"2026-01-26T00:44:00"},{"idAction":0,"codHier":"H_10","codDiv":"DIV_10","codNode":"NODE_10","idLevel":10,"dteStart":"2026-01-01T14:45:00","codParentNode":"ROOT_10","dteEnd":"2026-01-31T14:44:00"},{"idAction":0,"codHier":"H_1111","codDiv":"DIV_1111","codNode":"NODE_1111","idLevel":11,"dteStart":"2026-01-01T17:00:00","codParentNode":"ROOT_1111","dteEnd":"2026-01-30T17:01:00"},{"idAction":0,"codHier":"H_3","codDiv":"DIV_3","codNode":"NODE_3","idLevel":3,"dteStart":"2026-01-01T10:45:00","codParentNode":"ROOT_3","dteEnd":"2026-01-30T10:44:00"},{"idAction":0,"codHier":"H_5","codDiv":"DIV_5","codNode":"NODE_5","idLevel":5,"dteStart":"2026-01-30T10:50:00","codParentNode":"ROOT_5","dteEnd":"2026-01-31T10:48:00"},{"idAction":0,"codHier":"H-1010","codDiv":"D-1010","codNode":"C-1010","idLevel":1,"dteStart":"2026-01-01T11:54:00","codParentNode":"root","dteEnd":"2026-01-12T11:54:00"},{"idAction":0,"codHier":"H-11","codDiv":"DIV-11","codNode":"C-11","idLevel":11,"dteStart":"2026-01-01T15:05:00","codParentNode":"ROOT","dteEnd":"2026-01-31T15:05:00"},{"idAction":0,"codHier":"H-1111","codDiv":"DIV-1111","codNode":"CUST-1111","idLevel":10,"dteStart":"2026-01-01T00:00:00","codParentNode":"ROOT","dteEnd":null},{"idAction":0,"codHier":"H-1414","codDiv":"D-1414","codNode":"C-1414","idLevel":4,"dteStart":"2026-01-01T14:45:00","codParentNode":"ROOT","dteEnd":"2026-01-15T14:45:00"},{"idAction":0,"codHier":"H-2","codDiv":"DIV-2","codNode":"CUST-2","idLevel":2,"dteStart":"2026-01-01T12:40:00","codParentNode":"ROOT","dteEnd":"2026-01-16T12:37:00"},{"idAction":0,"codHier":"H-2","codDiv":"DIV-2","codNode":"CUST-2","idLevel":2,"dteStart":"2026-01-21T12:37:00","codParentNode":"ROOT","dteEnd":"2026-01-24T12:37:00"},{"idAction":0,"codHier":"H-2020","codDiv":"D-2020","codNode":"C-2020","idLevel":2,"dteStart":"2026-01-02T12:27:00","codParentNode":"root","dteEnd":"2026-01-30T12:27:00"},{"idAction":0,"codHier":"H-2255","codDiv":"DIV-2255","codNode":"CUST-2255","idLevel":10,"dteStart":"2026-01-01T00:00:00","codParentNode":"ROOT","dteEnd":null},{"idAction":0,"codHier":"H-2323","codDiv":"D-2323","codNode":"C-2323","idLevel":4,"dteStart":"2026-01-01T12:48:00","codParentNode":"ROOT","dteEnd":"2026-01-12T12:49:00"},{"idAction":0,"codHier":"H-3333","codDiv":"DIV-3333","codNode":"CUST-3333","idLevel":10,"dteStart":"2026-01-01T00:00:00","codParentNode":"ROOT","dteEnd":null},{"idAction":0,"codHier":"H-3344","codDiv":"DIV-3345","codNode":"CUST-3345","idLevel":10,"dteStart":"2026-01-01T00:00:00","codParentNode":"ROOT","dteEnd":null},{"idAction":0,"codHier":"H-3345","codDiv":"DIV-3345","codNode":"CUST-3345","idLevel":10,"dteStart":"2026-01-01T00:00:00","codParentNode":"ROOT","dteEnd":null},{"idAction":0,"codHier":"H-4","codDiv":"DIV-4","codNode":"CUST-4","idLevel":4,"dteStart":"2026-01-01T14:44:00","codParentNode":"ROOT","dteEnd":"2026-01-02T14:44:00"},{"idAction":0,"codHier":"H-5555","codDiv":"DIV-5555","codNode":"CUST-5555","idLevel":10,"dteStart":"2026-01-01T00:00:00","codParentNode":"ROOT","dteEnd":null},{"idAction":0,"codHier":"H-6000","codDiv":"DIV-6000","codNode":"CUST-6000","idLevel":10,"dteStart":"2026-01-01T00:00:00","codParentNode":"ROOT","dteEnd":"2026-12-31T00:00:00"},{"idAction":0,"codHier":"H-6666","codDiv":"DIV-6666","codNode":"CUST-6666","idLevel":10,"dteStart":"2026-01-17T01:30:00","codParentNode":"ROOT","dteEnd":"2026-01-18T01:30:00"},{"idAction":0,"codHier":"H-6767","codDiv":"DIV-6767","codNode":"CUST-6767","idLevel":5,"dteStart":"2026-01-01T12:15:00","codParentNode":"ROOT","dteEnd":"2026-01-08T12:15:00"},{"idAction":0,"codHier":"H-7000","codDiv":"DIV-7000","codNode":"CUST-7000","idLevel":10,"dteStart":"2026-01-01T00:00:00","codParentNode":"ROOT","dteEnd":null},{"idAction":0,"codHier":"H-7777","codDiv":"DIV-7777","codNode":"CUST-7777","idLevel":10,"dteStart":"2026-01-01T00:00:00","codParentNode":"ROOT","dteEnd":null},{"idAction":0,"codHier":"H-7878","codDiv":"DIV-7878","codNode":"CUST-7878","idLevel":3,"dteStart":"2026-01-18T11:43:00","codParentNode":"ROOT","dteEnd":"2026-01-19T11:43:00"},{"idAction":0,"codHier":"H-8000","codDiv":"DIV-8000","codNode":"CUST-8000","idLevel":10,"dteStart":"2026-01-01T00:00:00","codParentNode":"ROOT","dteEnd":null},{"idAction":0,"codHier":"H-8888","codDiv":"DIV-8888","codNode":"CUST-8888","idLevel":10,"dteStart":"2026-01-01T00:00:00","codParentNode":"ROOT","dteEnd":null},{"idAction":0,"codHier":"H-9000","codDiv":"DIV-9000","codNode":"CUST-9000","idLevel":10,"dteStart":"2026-01-01T00:00:00","codParentNode":"ROOT","dteEnd":null},{"idAction":0,"codHier":"H-9999","codDiv":"DIV-9999","codNode":"CUST-9999","idLevel":10,"dteStart":"2026-01-01T00:00:00","codParentNode":"ROOT","dteEnd":null},{"idAction":0,"codHier":"HIER_CORP","codDiv":"DIV01","codNode":"NODE_9111","idLevel":1,"dteStart":"2026-01-15T00:00:00","codParentNode":"ROOT_NODE","dteEnd":null}]
2026-01-29 10:48:38.995 +05:00 [INF] HTTP GET /api/promotions/customer-relations responded 200 in 31.7841 ms
2026-01-29 10:48:43.708 +05:00 [INF] HTTP GET /api/promotions/actions responded 200 in 11.4490 ms | User: Talha (N/A) | IP: ::1 | RequestBody:  | ResponseBody: [{"idAction":3,"name":"PROMO_3","codDiv":"DIV_3","dteStartSellIn":"2026-01-14T10:44:00","dteEndSellIn":"2026-01-15T10:45:00","dteStartSellOut":"2026-01-25T10:45:00","dteEndSellOut":"2026-01-30T10:45:00","documentKey":"KEY_3","dteToShost":"2026-01-10T10:44:00","levParticipants":3},{"idAction":10,"name":"PROMO_10","codDiv":"DIV_10","dteStartSellIn":"2026-01-30T14:45:00","dteEndSellIn":"2026-01-31T14:45:00","dteStartSellOut":"2026-01-23T14:45:00","dteEndSellOut":"2026-01-24T14:45:00","documentKey":"DOCC_KEY_10","dteToShost":"2026-01-29T14:44:00","levParticipants":10},{"idAction":45,"name":"cccc","codDiv":"DIV01","dteStartSellIn":"2026-01-16T00:00:00","dteEndSellIn":"2026-01-17T00:00:00","dteStartSellOut":"2026-01-16T00:00:00","dteEndSellOut":"2026-01-17T00:00:00","documentKey":null,"dteToShost":null,"levParticipants":2},{"idAction":1111,"name":"PROMO_1111","codDiv":"DIV_1111","dteStartSellIn":"2026-01-01T17:00:00","dteEndSellIn":"2026-01-30T17:02:00","dteStartSellOut":"2026-01-17T17:02:00","dteEndSellOut":"2026-01-28T17:02:00","documentKey":"1111_DOCC_KEY","dteToShost":"2026-01-13T17:02:00","levParticipants":11},{"idAction":2020,"name":"Spring Special 2020","codDiv":"D-2020","dteStartSellIn":"2026-01-03T12:28:00","dteEndSellIn":"2026-01-04T12:28:00","dteStartSellOut":"2026-01-05T12:28:00","dteEndSellOut":"2026-01-06T12:28:00","documentKey":"DOC-SPRING-2020","dteToShost":"2026-01-02T12:28:00","levParticipants":1},{"idAction":2222,"name":"haseeb","codDiv":"DIV02","dteStartSellIn":"2026-01-28T00:00:00","dteEndSellIn":"2026-01-30T00:00:00","dteStartSellOut":"2026-01-28T00:00:00","dteEndSellOut":"2026-01-30T00:00:00","documentKey":null,"dteToShost":null,"levParticipants":2},{"idAction":2323,"name":"Winter Sale Campaign 2323","codDiv":"D-2323","dteStartSellIn":"2026-01-19T14:39:00","dteEndSellIn":"2026-01-20T14:40:00","dteStartSellOut":"2026-01-21T14:40:00","dteEndSellOut":"2026-01-22T14:40:00","documentKey":"DOC-WINTER-2323","dteToShost":"2026-01-30T14:39:00","levParticipants":1},{"idAction":5005,"name":"bbb","codDiv":"DIV5005","dteStartSellIn":"2026-01-23T00:00:00","dteEndSellIn":"2026-01-30T00:00:00","dteStartSellOut":"2026-01-26T00:00:00","dteEndSellOut":"2026-01-18T00:00:00","documentKey":"555553","dteToShost":"2026-01-19T00:00:00","levParticipants":14},{"idAction":6000,"name":"Zero Redundancy Campaign 6000","codDiv":"DIV-6000","dteStartSellIn":"2026-01-01T00:00:00","dteEndSellIn":"2026-01-31T00:00:00","dteStartSellOut":"2026-02-01T00:00:00","dteEndSellOut":"2026-02-28T00:00:00","documentKey":"DOC-6000","dteToShost":"2026-01-05T00:00:00","levParticipants":1},{"idAction":6767,"name":"XTEL Launch Promo 6767","codDiv":"DIV-6767","dteStartSellIn":"2026-01-20T12:16:00","dteEndSellIn":"2026-01-21T12:16:00","dteStartSellOut":"2026-01-22T12:16:00","dteEndSellOut":"2026-01-23T12:16:00","documentKey":"DOC-XTEL-6767","dteToShost":"2026-01-03T12:16:00","levParticipants":1},{"idAction":7000,"name":"Atomic Campaign 7000","codDiv":"DIV-7000","dteStartSellIn":"2026-01-01T00:00:00","dteEndSellIn":"2026-01-31T00:00:00","dteStartSellOut":"2026-02-01T00:00:00","dteEndSellOut":"2026-02-28T00:00:00","documentKey":"DOC-7000","dteToShost":null,"levParticipants":1},{"idAction":8888,"name":"Atomic Campaign 8888 Complete","codDiv":"DIV-8888","dteStartSellIn":"2026-01-01T00:00:00","dteEndSellIn":"2026-01-31T00:00:00","dteStartSellOut":"2026-02-01T00:00:00","dteEndSellOut":"2026-02-28T00:00:00","documentKey":"DOC-8888","dteToShost":null,"levParticipants":1},{"idAction":9000,"name":"Balanced Atomic Campaign 9000","codDiv":"DIV-9000","dteStartSellIn":"2026-01-01T00:00:00","dteEndSellIn":"2026-01-31T00:00:00","dteStartSellOut":"2026-02-01T00:00:00","dteEndSellOut":"2026-02-28T00:00:00","documentKey":"DOC-9000","dteToShost":null,"levParticipants":1},{"idAction":9999,"name":"I should not exist in DB","codDiv":"DIV-9999","dteStartSellIn":"2026-01-01T00:00:00","dteEndSellIn":"2026-01-31T00:00:00","dteStartSellOut":"2026-02-01T00:00:00","dteEndSellOut":"2026-02-28T00:00:00","documentKey":"DOC-9999","dteToShost":null,"levParticipants":1}]
2026-01-29 10:48:43.715 +05:00 [INF] HTTP GET /api/promotions/actions responded 200 in 18.0528 ms
2026-01-29 10:48:43.722 +05:00 [INF] HTTP GET /api/promotions/customer-relations responded 200 in 9.6898 ms | User: Talha (N/A) | IP: ::1 | RequestBody:  | ResponseBody: [{"idAction":0,"codHier":"5555","codDiv":"div5555","codNode":"f5555","idLevel":1,"dteStart":"2026-01-15T00:00:00","codParentNode":"root","dteEnd":null},{"idAction":0,"codHier":"56","codDiv":"565","codNode":"56","idLevel":55,"dteStart":"2026-01-29T00:44:00","codParentNode":"haseeb","dteEnd":"2026-01-26T00:44:00"},{"idAction":0,"codHier":"H_10","codDiv":"DIV_10","codNode":"NODE_10","idLevel":10,"dteStart":"2026-01-01T14:45:00","codParentNode":"ROOT_10","dteEnd":"2026-01-31T14:44:00"},{"idAction":0,"codHier":"H_1111","codDiv":"DIV_1111","codNode":"NODE_1111","idLevel":11,"dteStart":"2026-01-01T17:00:00","codParentNode":"ROOT_1111","dteEnd":"2026-01-30T17:01:00"},{"idAction":0,"codHier":"H_3","codDiv":"DIV_3","codNode":"NODE_3","idLevel":3,"dteStart":"2026-01-01T10:45:00","codParentNode":"ROOT_3","dteEnd":"2026-01-30T10:44:00"},{"idAction":0,"codHier":"H_5","codDiv":"DIV_5","codNode":"NODE_5","idLevel":5,"dteStart":"2026-01-30T10:50:00","codParentNode":"ROOT_5","dteEnd":"2026-01-31T10:48:00"},{"idAction":0,"codHier":"H-1010","codDiv":"D-1010","codNode":"C-1010","idLevel":1,"dteStart":"2026-01-01T11:54:00","codParentNode":"root","dteEnd":"2026-01-12T11:54:00"},{"idAction":0,"codHier":"H-11","codDiv":"DIV-11","codNode":"C-11","idLevel":11,"dteStart":"2026-01-01T15:05:00","codParentNode":"ROOT","dteEnd":"2026-01-31T15:05:00"},{"idAction":0,"codHier":"H-1111","codDiv":"DIV-1111","codNode":"CUST-1111","idLevel":10,"dteStart":"2026-01-01T00:00:00","codParentNode":"ROOT","dteEnd":null},{"idAction":0,"codHier":"H-1414","codDiv":"D-1414","codNode":"C-1414","idLevel":4,"dteStart":"2026-01-01T14:45:00","codParentNode":"ROOT","dteEnd":"2026-01-15T14:45:00"},{"idAction":0,"codHier":"H-2","codDiv":"DIV-2","codNode":"CUST-2","idLevel":2,"dteStart":"2026-01-01T12:40:00","codParentNode":"ROOT","dteEnd":"2026-01-16T12:37:00"},{"idAction":0,"codHier":"H-2","codDiv":"DIV-2","codNode":"CUST-2","idLevel":2,"dteStart":"2026-01-21T12:37:00","codParentNode":"ROOT","dteEnd":"2026-01-24T12:37:00"},{"idAction":0,"codHier":"H-2020","codDiv":"D-2020","codNode":"C-2020","idLevel":2,"dteStart":"2026-01-02T12:27:00","codParentNode":"root","dteEnd":"2026-01-30T12:27:00"},{"idAction":0,"codHier":"H-2255","codDiv":"DIV-2255","codNode":"CUST-2255","idLevel":10,"dteStart":"2026-01-01T00:00:00","codParentNode":"ROOT","dteEnd":null},{"idAction":0,"codHier":"H-2323","codDiv":"D-2323","codNode":"C-2323","idLevel":4,"dteStart":"2026-01-01T12:48:00","codParentNode":"ROOT","dteEnd":"2026-01-12T12:49:00"},{"idAction":0,"codHier":"H-3333","codDiv":"DIV-3333","codNode":"CUST-3333","idLevel":10,"dteStart":"2026-01-01T00:00:00","codParentNode":"ROOT","dteEnd":null},{"idAction":0,"codHier":"H-3344","codDiv":"DIV-3345","codNode":"CUST-3345","idLevel":10,"dteStart":"2026-01-01T00:00:00","codParentNode":"ROOT","dteEnd":null},{"idAction":0,"codHier":"H-3345","codDiv":"DIV-3345","codNode":"CUST-3345","idLevel":10,"dteStart":"2026-01-01T00:00:00","codParentNode":"ROOT","dteEnd":null},{"idAction":0,"codHier":"H-4","codDiv":"DIV-4","codNode":"CUST-4","idLevel":4,"dteStart":"2026-01-01T14:44:00","codParentNode":"ROOT","dteEnd":"2026-01-02T14:44:00"},{"idAction":0,"codHier":"H-5555","codDiv":"DIV-5555","codNode":"CUST-5555","idLevel":10,"dteStart":"2026-01-01T00:00:00","codParentNode":"ROOT","dteEnd":null},{"idAction":0,"codHier":"H-6000","codDiv":"DIV-6000","codNode":"CUST-6000","idLevel":10,"dteStart":"2026-01-01T00:00:00","codParentNode":"ROOT","dteEnd":"2026-12-31T00:00:00"},{"idAction":0,"codHier":"H-6666","codDiv":"DIV-6666","codNode":"CUST-6666","idLevel":10,"dteStart":"2026-01-17T01:30:00","codParentNode":"ROOT","dteEnd":"2026-01-18T01:30:00"},{"idAction":0,"codHier":"H-6767","codDiv":"DIV-6767","codNode":"CUST-6767","idLevel":5,"dteStart":"2026-01-01T12:15:00","codParentNode":"ROOT","dteEnd":"2026-01-08T12:15:00"},{"idAction":0,"codHier":"H-7000","codDiv":"DIV-7000","codNode":"CUST-7000","idLevel":10,"dteStart":"2026-01-01T00:00:00","codParentNode":"ROOT","dteEnd":null},{"idAction":0,"codHier":"H-7777","codDiv":"DIV-7777","codNode":"CUST-7777","idLevel":10,"dteStart":"2026-01-01T00:00:00","codParentNode":"ROOT","dteEnd":null},{"idAction":0,"codHier":"H-7878","codDiv":"DIV-7878","codNode":"CUST-7878","idLevel":3,"dteStart":"2026-01-18T11:43:00","codParentNode":"ROOT","dteEnd":"2026-01-19T11:43:00"},{"idAction":0,"codHier":"H-8000","codDiv":"DIV-8000","codNode":"CUST-8000","idLevel":10,"dteStart":"2026-01-01T00:00:00","codParentNode":"ROOT","dteEnd":null},{"idAction":0,"codHier":"H-8888","codDiv":"DIV-8888","codNode":"CUST-8888","idLevel":10,"dteStart":"2026-01-01T00:00:00","codParentNode":"ROOT","dteEnd":null},{"idAction":0,"codHier":"H-9000","codDiv":"DIV-9000","codNode":"CUST-9000","idLevel":10,"dteStart":"2026-01-01T00:00:00","codParentNode":"ROOT","dteEnd":null},{"idAction":0,"codHier":"H-9999","codDiv":"DIV-9999","codNode":"CUST-9999","idLevel":10,"dteStart":"2026-01-01T00:00:00","codParentNode":"ROOT","dteEnd":null},{"idAction":0,"codHier":"HIER_CORP","codDiv":"DIV01","codNode":"NODE_9111","idLevel":1,"dteStart":"2026-01-15T00:00:00","codParentNode":"ROOT_NODE","dteEnd":null}]
2026-01-29 10:48:43.737 +05:00 [INF] HTTP GET /api/promotions/customer-relations responded 200 in 25.2280 ms
2026-01-29 10:48:43.829 +05:00 [INF] HTTP GET /api/promotions/actions responded 200 in 19.4346 ms | User: Talha (N/A) | IP: ::1 | RequestBody:  | ResponseBody: [{"idAction":3,"name":"PROMO_3","codDiv":"DIV_3","dteStartSellIn":"2026-01-14T10:44:00","dteEndSellIn":"2026-01-15T10:45:00","dteStartSellOut":"2026-01-25T10:45:00","dteEndSellOut":"2026-01-30T10:45:00","documentKey":"KEY_3","dteToShost":"2026-01-10T10:44:00","levParticipants":3},{"idAction":10,"name":"PROMO_10","codDiv":"DIV_10","dteStartSellIn":"2026-01-30T14:45:00","dteEndSellIn":"2026-01-31T14:45:00","dteStartSellOut":"2026-01-23T14:45:00","dteEndSellOut":"2026-01-24T14:45:00","documentKey":"DOCC_KEY_10","dteToShost":"2026-01-29T14:44:00","levParticipants":10},{"idAction":45,"name":"cccc","codDiv":"DIV01","dteStartSellIn":"2026-01-16T00:00:00","dteEndSellIn":"2026-01-17T00:00:00","dteStartSellOut":"2026-01-16T00:00:00","dteEndSellOut":"2026-01-17T00:00:00","documentKey":null,"dteToShost":null,"levParticipants":2},{"idAction":1111,"name":"PROMO_1111","codDiv":"DIV_1111","dteStartSellIn":"2026-01-01T17:00:00","dteEndSellIn":"2026-01-30T17:02:00","dteStartSellOut":"2026-01-17T17:02:00","dteEndSellOut":"2026-01-28T17:02:00","documentKey":"1111_DOCC_KEY","dteToShost":"2026-01-13T17:02:00","levParticipants":11},{"idAction":2020,"name":"Spring Special 2020","codDiv":"D-2020","dteStartSellIn":"2026-01-03T12:28:00","dteEndSellIn":"2026-01-04T12:28:00","dteStartSellOut":"2026-01-05T12:28:00","dteEndSellOut":"2026-01-06T12:28:00","documentKey":"DOC-SPRING-2020","dteToShost":"2026-01-02T12:28:00","levParticipants":1},{"idAction":2222,"name":"haseeb","codDiv":"DIV02","dteStartSellIn":"2026-01-28T00:00:00","dteEndSellIn":"2026-01-30T00:00:00","dteStartSellOut":"2026-01-28T00:00:00","dteEndSellOut":"2026-01-30T00:00:00","documentKey":null,"dteToShost":null,"levParticipants":2},{"idAction":2323,"name":"Winter Sale Campaign 2323","codDiv":"D-2323","dteStartSellIn":"2026-01-19T14:39:00","dteEndSellIn":"2026-01-20T14:40:00","dteStartSellOut":"2026-01-21T14:40:00","dteEndSellOut":"2026-01-22T14:40:00","documentKey":"DOC-WINTER-2323","dteToShost":"2026-01-30T14:39:00","levParticipants":1},{"idAction":5005,"name":"bbb","codDiv":"DIV5005","dteStartSellIn":"2026-01-23T00:00:00","dteEndSellIn":"2026-01-30T00:00:00","dteStartSellOut":"2026-01-26T00:00:00","dteEndSellOut":"2026-01-18T00:00:00","documentKey":"555553","dteToShost":"2026-01-19T00:00:00","levParticipants":14},{"idAction":6000,"name":"Zero Redundancy Campaign 6000","codDiv":"DIV-6000","dteStartSellIn":"2026-01-01T00:00:00","dteEndSellIn":"2026-01-31T00:00:00","dteStartSellOut":"2026-02-01T00:00:00","dteEndSellOut":"2026-02-28T00:00:00","documentKey":"DOC-6000","dteToShost":"2026-01-05T00:00:00","levParticipants":1},{"idAction":6767,"name":"XTEL Launch Promo 6767","codDiv":"DIV-6767","dteStartSellIn":"2026-01-20T12:16:00","dteEndSellIn":"2026-01-21T12:16:00","dteStartSellOut":"2026-01-22T12:16:00","dteEndSellOut":"2026-01-23T12:16:00","documentKey":"DOC-XTEL-6767","dteToShost":"2026-01-03T12:16:00","levParticipants":1},{"idAction":7000,"name":"Atomic Campaign 7000","codDiv":"DIV-7000","dteStartSellIn":"2026-01-01T00:00:00","dteEndSellIn":"2026-01-31T00:00:00","dteStartSellOut":"2026-02-01T00:00:00","dteEndSellOut":"2026-02-28T00:00:00","documentKey":"DOC-7000","dteToShost":null,"levParticipants":1},{"idAction":8888,"name":"Atomic Campaign 8888 Complete","codDiv":"DIV-8888","dteStartSellIn":"2026-01-01T00:00:00","dteEndSellIn":"2026-01-31T00:00:00","dteStartSellOut":"2026-02-01T00:00:00","dteEndSellOut":"2026-02-28T00:00:00","documentKey":"DOC-8888","dteToShost":null,"levParticipants":1},{"idAction":9000,"name":"Balanced Atomic Campaign 9000","codDiv":"DIV-9000","dteStartSellIn":"2026-01-01T00:00:00","dteEndSellIn":"2026-01-31T00:00:00","dteStartSellOut":"2026-02-01T00:00:00","dteEndSellOut":"2026-02-28T00:00:00","documentKey":"DOC-9000","dteToShost":null,"levParticipants":1},{"idAction":9999,"name":"I should not exist in DB","codDiv":"DIV-9999","dteStartSellIn":"2026-01-01T00:00:00","dteEndSellIn":"2026-01-31T00:00:00","dteStartSellOut":"2026-02-01T00:00:00","dteEndSellOut":"2026-02-28T00:00:00","documentKey":"DOC-9999","dteToShost":null,"levParticipants":1}]
2026-01-29 10:48:43.844 +05:00 [INF] HTTP GET /api/promotions/customer-relations responded 200 in 21.6313 ms | User: Talha (N/A) | IP: ::1 | RequestBody:  | ResponseBody: [{"idAction":0,"codHier":"5555","codDiv":"div5555","codNode":"f5555","idLevel":1,"dteStart":"2026-01-15T00:00:00","codParentNode":"root","dteEnd":null},{"idAction":0,"codHier":"56","codDiv":"565","codNode":"56","idLevel":55,"dteStart":"2026-01-29T00:44:00","codParentNode":"haseeb","dteEnd":"2026-01-26T00:44:00"},{"idAction":0,"codHier":"H_10","codDiv":"DIV_10","codNode":"NODE_10","idLevel":10,"dteStart":"2026-01-01T14:45:00","codParentNode":"ROOT_10","dteEnd":"2026-01-31T14:44:00"},{"idAction":0,"codHier":"H_1111","codDiv":"DIV_1111","codNode":"NODE_1111","idLevel":11,"dteStart":"2026-01-01T17:00:00","codParentNode":"ROOT_1111","dteEnd":"2026-01-30T17:01:00"},{"idAction":0,"codHier":"H_3","codDiv":"DIV_3","codNode":"NODE_3","idLevel":3,"dteStart":"2026-01-01T10:45:00","codParentNode":"ROOT_3","dteEnd":"2026-01-30T10:44:00"},{"idAction":0,"codHier":"H_5","codDiv":"DIV_5","codNode":"NODE_5","idLevel":5,"dteStart":"2026-01-30T10:50:00","codParentNode":"ROOT_5","dteEnd":"2026-01-31T10:48:00"},{"idAction":0,"codHier":"H-1010","codDiv":"D-1010","codNode":"C-1010","idLevel":1,"dteStart":"2026-01-01T11:54:00","codParentNode":"root","dteEnd":"2026-01-12T11:54:00"},{"idAction":0,"codHier":"H-11","codDiv":"DIV-11","codNode":"C-11","idLevel":11,"dteStart":"2026-01-01T15:05:00","codParentNode":"ROOT","dteEnd":"2026-01-31T15:05:00"},{"idAction":0,"codHier":"H-1111","codDiv":"DIV-1111","codNode":"CUST-1111","idLevel":10,"dteStart":"2026-01-01T00:00:00","codParentNode":"ROOT","dteEnd":null},{"idAction":0,"codHier":"H-1414","codDiv":"D-1414","codNode":"C-1414","idLevel":4,"dteStart":"2026-01-01T14:45:00","codParentNode":"ROOT","dteEnd":"2026-01-15T14:45:00"},{"idAction":0,"codHier":"H-2","codDiv":"DIV-2","codNode":"CUST-2","idLevel":2,"dteStart":"2026-01-01T12:40:00","codParentNode":"ROOT","dteEnd":"2026-01-16T12:37:00"},{"idAction":0,"codHier":"H-2","codDiv":"DIV-2","codNode":"CUST-2","idLevel":2,"dteStart":"2026-01-21T12:37:00","codParentNode":"ROOT","dteEnd":"2026-01-24T12:37:00"},{"idAction":0,"codHier":"H-2020","codDiv":"D-2020","codNode":"C-2020","idLevel":2,"dteStart":"2026-01-02T12:27:00","codParentNode":"root","dteEnd":"2026-01-30T12:27:00"},{"idAction":0,"codHier":"H-2255","codDiv":"DIV-2255","codNode":"CUST-2255","idLevel":10,"dteStart":"2026-01-01T00:00:00","codParentNode":"ROOT","dteEnd":null},{"idAction":0,"codHier":"H-2323","codDiv":"D-2323","codNode":"C-2323","idLevel":4,"dteStart":"2026-01-01T12:48:00","codParentNode":"ROOT","dteEnd":"2026-01-12T12:49:00"},{"idAction":0,"codHier":"H-3333","codDiv":"DIV-3333","codNode":"CUST-3333","idLevel":10,"dteStart":"2026-01-01T00:00:00","codParentNode":"ROOT","dteEnd":null},{"idAction":0,"codHier":"H-3344","codDiv":"DIV-3345","codNode":"CUST-3345","idLevel":10,"dteStart":"2026-01-01T00:00:00","codParentNode":"ROOT","dteEnd":null},{"idAction":0,"codHier":"H-3345","codDiv":"DIV-3345","codNode":"CUST-3345","idLevel":10,"dteStart":"2026-01-01T00:00:00","codParentNode":"ROOT","dteEnd":null},{"idAction":0,"codHier":"H-4","codDiv":"DIV-4","codNode":"CUST-4","idLevel":4,"dteStart":"2026-01-01T14:44:00","codParentNode":"ROOT","dteEnd":"2026-01-02T14:44:00"},{"idAction":0,"codHier":"H-5555","codDiv":"DIV-5555","codNode":"CUST-5555","idLevel":10,"dteStart":"2026-01-01T00:00:00","codParentNode":"ROOT","dteEnd":null},{"idAction":0,"codHier":"H-6000","codDiv":"DIV-6000","codNode":"CUST-6000","idLevel":10,"dteStart":"2026-01-01T00:00:00","codParentNode":"ROOT","dteEnd":"2026-12-31T00:00:00"},{"idAction":0,"codHier":"H-6666","codDiv":"DIV-6666","codNode":"CUST-6666","idLevel":10,"dteStart":"2026-01-17T01:30:00","codParentNode":"ROOT","dteEnd":"2026-01-18T01:30:00"},{"idAction":0,"codHier":"H-6767","codDiv":"DIV-6767","codNode":"CUST-6767","idLevel":5,"dteStart":"2026-01-01T12:15:00","codParentNode":"ROOT","dteEnd":"2026-01-08T12:15:00"},{"idAction":0,"codHier":"H-7000","codDiv":"DIV-7000","codNode":"CUST-7000","idLevel":10,"dteStart":"2026-01-01T00:00:00","codParentNode":"ROOT","dteEnd":null},{"idAction":0,"codHier":"H-7777","codDiv":"DIV-7777","codNode":"CUST-7777","idLevel":10,"dteStart":"2026-01-01T00:00:00","codParentNode":"ROOT","dteEnd":null},{"idAction":0,"codHier":"H-7878","codDiv":"DIV-7878","codNode":"CUST-7878","idLevel":3,"dteStart":"2026-01-18T11:43:00","codParentNode":"ROOT","dteEnd":"2026-01-19T11:43:00"},{"idAction":0,"codHier":"H-8000","codDiv":"DIV-8000","codNode":"CUST-8000","idLevel":10,"dteStart":"2026-01-01T00:00:00","codParentNode":"ROOT","dteEnd":null},{"idAction":0,"codHier":"H-8888","codDiv":"DIV-8888","codNode":"CUST-8888","idLevel":10,"dteStart":"2026-01-01T00:00:00","codParentNode":"ROOT","dteEnd":null},{"idAction":0,"codHier":"H-9000","codDiv":"DIV-9000","codNode":"CUST-9000","idLevel":10,"dteStart":"2026-01-01T00:00:00","codParentNode":"ROOT","dteEnd":null},{"idAction":0,"codHier":"H-9999","codDiv":"DIV-9999","codNode":"CUST-9999","idLevel":10,"dteStart":"2026-01-01T00:00:00","codParentNode":"ROOT","dteEnd":null},{"idAction":0,"codHier":"HIER_CORP","codDiv":"DIV01","codNode":"NODE_9111","idLevel":1,"dteStart":"2026-01-15T00:00:00","codParentNode":"ROOT_NODE","dteEnd":null}]
2026-01-29 10:48:43.845 +05:00 [INF] HTTP GET /api/promotions/actions responded 200 in 36.0967 ms
2026-01-29 10:48:43.896 +05:00 [INF] HTTP GET /api/promotions/customer-relations responded 200 in 74.1145 ms
2026-01-29 10:48:43.909 +05:00 [INF] HTTP GET /api/participants/all responded 200 in 60.6811 ms | User: Talha (N/A) | IP: ::1 | RequestBody:  | ResponseBody: [{"idAction":3,"codParticipant":"NODE_3","flgInclusion":true,"codHier":"H_3","codDiv":"DIV_3","codNode":"NODE_3","idLevel":3,"dteStart":"2026-01-01T10:45:00"},{"idAction":10,"codParticipant":"NODE_10","flgInclusion":true,"codHier":"H_10","codDiv":"DIV_10","codNode":"NODE_10","idLevel":10,"dteStart":"2026-01-01T14:45:00"},{"idAction":1111,"codParticipant":"NODE_1111","flgInclusion":true,"codHier":"H_1111","codDiv":"DIV_1111","codNode":"NODE_1111","idLevel":11,"dteStart":"2026-01-01T17:00:00"},{"idAction":2323,"codParticipant":"P-2323","flgInclusion":true,"codHier":"H-2323","codDiv":"D-2323","codNode":"C-2323","idLevel":4,"dteStart":"2026-01-01T12:48:00"},{"idAction":5005,"codParticipant":"","flgInclusion":true,"codHier":"H-9999","codDiv":"DIV-9999","codNode":"CUST-9999","idLevel":10,"dteStart":"2026-01-01T00:00:00"},{"idAction":6000,"codParticipant":"P-6000","flgInclusion":true,"codHier":"H-6000","codDiv":"DIV-6000","codNode":"CUST-6000","idLevel":10,"dteStart":"2026-01-01T00:00:00"},{"idAction":6767,"codParticipant":"P-6767","flgInclusion":false,"codHier":"H-6767","codDiv":"DIV-6767","codNode":"CUST-6767","idLevel":5,"dteStart":"2026-01-01T12:15:00"},{"idAction":7000,"codParticipant":"P-7000","flgInclusion":true,"codHier":"H-7000","codDiv":"DIV-7000","codNode":"CUST-7000","idLevel":10,"dteStart":"2026-01-01T00:00:00"},{"idAction":8888,"codParticipant":"P-8888","flgInclusion":true,"codHier":"H-8888","codDiv":"DIV-8888","codNode":"CUST-8888","idLevel":10,"dteStart":"2026-01-01T00:00:00"},{"idAction":9000,"codParticipant":"P-9000","flgInclusion":true,"codHier":"H-9000","codDiv":"DIV-9000","codNode":"CUST-9000","idLevel":10,"dteStart":"2026-01-01T00:00:00"},{"idAction":9999,"codParticipant":"P-9999","flgInclusion":true,"codHier":"H-9999","codDiv":"DIV-9999","codNode":"CUST-9999","idLevel":10,"dteStart":"2026-01-01T00:00:00"}]
2026-01-29 10:48:43.914 +05:00 [INF] HTTP GET /api/participants/all responded 200 in 65.2047 ms
2026-01-29 10:48:43.996 +05:00 [INF] HTTP GET /api/participants/all responded 200 in 7.1061 ms | User: Talha (N/A) | IP: ::1 | RequestBody:  | ResponseBody: [{"idAction":3,"codParticipant":"NODE_3","flgInclusion":true,"codHier":"H_3","codDiv":"DIV_3","codNode":"NODE_3","idLevel":3,"dteStart":"2026-01-01T10:45:00"},{"idAction":10,"codParticipant":"NODE_10","flgInclusion":true,"codHier":"H_10","codDiv":"DIV_10","codNode":"NODE_10","idLevel":10,"dteStart":"2026-01-01T14:45:00"},{"idAction":1111,"codParticipant":"NODE_1111","flgInclusion":true,"codHier":"H_1111","codDiv":"DIV_1111","codNode":"NODE_1111","idLevel":11,"dteStart":"2026-01-01T17:00:00"},{"idAction":2323,"codParticipant":"P-2323","flgInclusion":true,"codHier":"H-2323","codDiv":"D-2323","codNode":"C-2323","idLevel":4,"dteStart":"2026-01-01T12:48:00"},{"idAction":5005,"codParticipant":"","flgInclusion":true,"codHier":"H-9999","codDiv":"DIV-9999","codNode":"CUST-9999","idLevel":10,"dteStart":"2026-01-01T00:00:00"},{"idAction":6000,"codParticipant":"P-6000","flgInclusion":true,"codHier":"H-6000","codDiv":"DIV-6000","codNode":"CUST-6000","idLevel":10,"dteStart":"2026-01-01T00:00:00"},{"idAction":6767,"codParticipant":"P-6767","flgInclusion":false,"codHier":"H-6767","codDiv":"DIV-6767","codNode":"CUST-6767","idLevel":5,"dteStart":"2026-01-01T12:15:00"},{"idAction":7000,"codParticipant":"P-7000","flgInclusion":true,"codHier":"H-7000","codDiv":"DIV-7000","codNode":"CUST-7000","idLevel":10,"dteStart":"2026-01-01T00:00:00"},{"idAction":8888,"codParticipant":"P-8888","flgInclusion":true,"codHier":"H-8888","codDiv":"DIV-8888","codNode":"CUST-8888","idLevel":10,"dteStart":"2026-01-01T00:00:00"},{"idAction":9000,"codParticipant":"P-9000","flgInclusion":true,"codHier":"H-9000","codDiv":"DIV-9000","codNode":"CUST-9000","idLevel":10,"dteStart":"2026-01-01T00:00:00"},{"idAction":9999,"codParticipant":"P-9999","flgInclusion":true,"codHier":"H-9999","codDiv":"DIV-9999","codNode":"CUST-9999","idLevel":10,"dteStart":"2026-01-01T00:00:00"}]
2026-01-29 10:48:44.002 +05:00 [INF] HTTP GET /api/participants/all responded 200 in 12.9125 ms
2026-01-29 10:48:44.002 +05:00 [INF] HTTP GET /api/promotions/delivery-points responded 200 in 6.9540 ms | User: Talha (N/A) | IP: ::1 | RequestBody:  | ResponseBody: [{"idAction":3,"codDeliveryPoint":"NODE_3","flgInclusion":true,"codHier":"H_3","codDiv":"DIV_3","codNode":"NODE_3","idLevel":3,"dteStart":"2026-01-01T10:45:00"},{"idAction":10,"codDeliveryPoint":"NODE_10","flgInclusion":true,"codHier":"H_10","codDiv":"DIV_10","codNode":"NODE_10","idLevel":10,"dteStart":"2026-01-01T14:45:00"},{"idAction":1111,"codDeliveryPoint":"NODE_1111","flgInclusion":true,"codHier":"H_1111","codDiv":"DIV_1111","codNode":"NODE_1111","idLevel":11,"dteStart":"2026-01-01T17:00:00"},{"idAction":5005,"codDeliveryPoint":"","flgInclusion":true,"codHier":"H-2255","codDiv":"DIV-2255","codNode":"CUST-2255","idLevel":10,"dteStart":"2026-01-01T00:00:00"},{"idAction":6767,"codDeliveryPoint":"DP-6767","flgInclusion":true,"codHier":"H-6767","codDiv":"DIV-6767","codNode":"CUST-6767","idLevel":5,"dteStart":"2026-01-01T12:15:00"},{"idAction":7000,"codDeliveryPoint":"DP-7000","flgInclusion":true,"codHier":"H-7000","codDiv":"DIV-7000","codNode":"CUST-7000","idLevel":10,"dteStart":"2026-01-01T00:00:00"}]
2026-01-29 10:48:44.007 +05:00 [INF] HTTP GET /api/promotions/delivery-points responded 200 in 11.4722 ms
2026-01-29 10:48:44.049 +05:00 [INF] HTTP GET /api/promotions/delivery-points responded 200 in 6.5863 ms | User: Talha (N/A) | IP: ::1 | RequestBody:  | ResponseBody: [{"idAction":3,"codDeliveryPoint":"NODE_3","flgInclusion":true,"codHier":"H_3","codDiv":"DIV_3","codNode":"NODE_3","idLevel":3,"dteStart":"2026-01-01T10:45:00"},{"idAction":10,"codDeliveryPoint":"NODE_10","flgInclusion":true,"codHier":"H_10","codDiv":"DIV_10","codNode":"NODE_10","idLevel":10,"dteStart":"2026-01-01T14:45:00"},{"idAction":1111,"codDeliveryPoint":"NODE_1111","flgInclusion":true,"codHier":"H_1111","codDiv":"DIV_1111","codNode":"NODE_1111","idLevel":11,"dteStart":"2026-01-01T17:00:00"},{"idAction":5005,"codDeliveryPoint":"","flgInclusion":true,"codHier":"H-2255","codDiv":"DIV-2255","codNode":"CUST-2255","idLevel":10,"dteStart":"2026-01-01T00:00:00"},{"idAction":6767,"codDeliveryPoint":"DP-6767","flgInclusion":true,"codHier":"H-6767","codDiv":"DIV-6767","codNode":"CUST-6767","idLevel":5,"dteStart":"2026-01-01T12:15:00"},{"idAction":7000,"codDeliveryPoint":"DP-7000","flgInclusion":true,"codHier":"H-7000","codDiv":"DIV-7000","codNode":"CUST-7000","idLevel":10,"dteStart":"2026-01-01T00:00:00"}]
2026-01-29 10:48:44.052 +05:00 [INF] HTTP GET /api/promotions/delivery-points responded 200 in 10.0159 ms
2026-01-29 10:51:52.948 +05:00 [INF] HTTP POST /api/promotions/actions/atomic responded 200 in 435.9565 ms | User: Talha (N/A) | IP: ::1 | RequestBody:  | ResponseBody: 
2026-01-29 10:51:52.953 +05:00 [INF] HTTP POST /api/promotions/actions/atomic responded 200 in 440.4631 ms
2026-01-29 10:51:54.484 +05:00 [INF] HTTP GET /api/promotions/actions responded 200 in 10.6265 ms | User: Talha (N/A) | IP: ::1 | RequestBody:  | ResponseBody: [{"idAction":3,"name":"PROMO_3","codDiv":"DIV_3","dteStartSellIn":"2026-01-14T10:44:00","dteEndSellIn":"2026-01-15T10:45:00","dteStartSellOut":"2026-01-25T10:45:00","dteEndSellOut":"2026-01-30T10:45:00","documentKey":"KEY_3","dteToShost":"2026-01-10T10:44:00","levParticipants":3},{"idAction":5,"name":"PROMO_5","codDiv":"DIV_5","dteStartSellIn":"2026-02-24T10:49:00","dteEndSellIn":"2026-02-21T10:49:00","dteStartSellOut":"2026-02-24T10:49:00","dteEndSellOut":"2026-02-27T10:49:00","documentKey":"DOC_KEY_5","dteToShost":"2026-01-18T10:48:00","levParticipants":5},{"idAction":10,"name":"PROMO_10","codDiv":"DIV_10","dteStartSellIn":"2026-01-30T14:45:00","dteEndSellIn":"2026-01-31T14:45:00","dteStartSellOut":"2026-01-23T14:45:00","dteEndSellOut":"2026-01-24T14:45:00","documentKey":"DOCC_KEY_10","dteToShost":"2026-01-29T14:44:00","levParticipants":10},{"idAction":45,"name":"cccc","codDiv":"DIV01","dteStartSellIn":"2026-01-16T00:00:00","dteEndSellIn":"2026-01-17T00:00:00","dteStartSellOut":"2026-01-16T00:00:00","dteEndSellOut":"2026-01-17T00:00:00","documentKey":null,"dteToShost":null,"levParticipants":2},{"idAction":1111,"name":"PROMO_1111","codDiv":"DIV_1111","dteStartSellIn":"2026-01-01T17:00:00","dteEndSellIn":"2026-01-30T17:02:00","dteStartSellOut":"2026-01-17T17:02:00","dteEndSellOut":"2026-01-28T17:02:00","documentKey":"1111_DOCC_KEY","dteToShost":"2026-01-13T17:02:00","levParticipants":11},{"idAction":2020,"name":"Spring Special 2020","codDiv":"D-2020","dteStartSellIn":"2026-01-03T12:28:00","dteEndSellIn":"2026-01-04T12:28:00","dteStartSellOut":"2026-01-05T12:28:00","dteEndSellOut":"2026-01-06T12:28:00","documentKey":"DOC-SPRING-2020","dteToShost":"2026-01-02T12:28:00","levParticipants":1},{"idAction":2222,"name":"haseeb","codDiv":"DIV02","dteStartSellIn":"2026-01-28T00:00:00","dteEndSellIn":"2026-01-30T00:00:00","dteStartSellOut":"2026-01-28T00:00:00","dteEndSellOut":"2026-01-30T00:00:00","documentKey":null,"dteToShost":null,"levParticipants":2},{"idAction":2323,"name":"Winter Sale Campaign 2323","codDiv":"D-2323","dteStartSellIn":"2026-01-19T14:39:00","dteEndSellIn":"2026-01-20T14:40:00","dteStartSellOut":"2026-01-21T14:40:00","dteEndSellOut":"2026-01-22T14:40:00","documentKey":"DOC-WINTER-2323","dteToShost":"2026-01-30T14:39:00","levParticipants":1},{"idAction":5005,"name":"bbb","codDiv":"DIV5005","dteStartSellIn":"2026-01-23T00:00:00","dteEndSellIn":"2026-01-30T00:00:00","dteStartSellOut":"2026-01-26T00:00:00","dteEndSellOut":"2026-01-18T00:00:00","documentKey":"555553","dteToShost":"2026-01-19T00:00:00","levParticipants":14},{"idAction":6000,"name":"Zero Redundancy Campaign 6000","codDiv":"DIV-6000","dteStartSellIn":"2026-01-01T00:00:00","dteEndSellIn":"2026-01-31T00:00:00","dteStartSellOut":"2026-02-01T00:00:00","dteEndSellOut":"2026-02-28T00:00:00","documentKey":"DOC-6000","dteToShost":"2026-01-05T00:00:00","levParticipants":1},{"idAction":6767,"name":"XTEL Launch Promo 6767","codDiv":"DIV-6767","dteStartSellIn":"2026-01-20T12:16:00","dteEndSellIn":"2026-01-21T12:16:00","dteStartSellOut":"2026-01-22T12:16:00","dteEndSellOut":"2026-01-23T12:16:00","documentKey":"DOC-XTEL-6767","dteToShost":"2026-01-03T12:16:00","levParticipants":1},{"idAction":7000,"name":"Atomic Campaign 7000","codDiv":"DIV-7000","dteStartSellIn":"2026-01-01T00:00:00","dteEndSellIn":"2026-01-31T00:00:00","dteStartSellOut":"2026-02-01T00:00:00","dteEndSellOut":"2026-02-28T00:00:00","documentKey":"DOC-7000","dteToShost":null,"levParticipants":1},{"idAction":8888,"name":"Atomic Campaign 8888 Complete","codDiv":"DIV-8888","dteStartSellIn":"2026-01-01T00:00:00","dteEndSellIn":"2026-01-31T00:00:00","dteStartSellOut":"2026-02-01T00:00:00","dteEndSellOut":"2026-02-28T00:00:00","documentKey":"DOC-8888","dteToShost":null,"levParticipants":1},{"idAction":9000,"name":"Balanced Atomic Campaign 9000","codDiv":"DIV-9000","dteStartSellIn":"2026-01-01T00:00:00","dteEndSellIn":"2026-01-31T00:00:00","dteStartSellOut":"2026-02-01T00:00:00","dteEndSellOut":"2026-02-28T00:00:00","documentKey":"DOC-9000","dteToShost":null,"levParticipants":1},{"idAction":9999,"name":"I should not exist in DB","codDiv":"DIV-9999","dteStartSellIn":"2026-01-01T00:00:00","dteEndSellIn":"2026-01-31T00:00:00","dteStartSellOut":"2026-02-01T00:00:00","dteEndSellOut":"2026-02-28T00:00:00","documentKey":"DOC-9999","dteToShost":null,"levParticipants":1}]
2026-01-29 10:51:54.490 +05:00 [INF] HTTP GET /api/promotions/actions responded 200 in 16.1939 ms
2026-01-29 10:52:15.050 +05:00 [INF] HTTP GET /api/promotions/actions responded 200 in 21.4452 ms | User: Talha (N/A) | IP: ::1 | RequestBody:  | ResponseBody: [{"idAction":3,"name":"PROMO_3","codDiv":"DIV_3","dteStartSellIn":"2026-01-14T10:44:00","dteEndSellIn":"2026-01-15T10:45:00","dteStartSellOut":"2026-01-25T10:45:00","dteEndSellOut":"2026-01-30T10:45:00","documentKey":"KEY_3","dteToShost":"2026-01-10T10:44:00","levParticipants":3},{"idAction":5,"name":"PROMO_5","codDiv":"DIV_5","dteStartSellIn":"2026-02-24T10:49:00","dteEndSellIn":"2026-02-21T10:49:00","dteStartSellOut":"2026-02-24T10:49:00","dteEndSellOut":"2026-02-27T10:49:00","documentKey":"DOC_KEY_5","dteToShost":"2026-01-18T10:48:00","levParticipants":5},{"idAction":10,"name":"PROMO_10","codDiv":"DIV_10","dteStartSellIn":"2026-01-30T14:45:00","dteEndSellIn":"2026-01-31T14:45:00","dteStartSellOut":"2026-01-23T14:45:00","dteEndSellOut":"2026-01-24T14:45:00","documentKey":"DOCC_KEY_10","dteToShost":"2026-01-29T14:44:00","levParticipants":10},{"idAction":45,"name":"cccc","codDiv":"DIV01","dteStartSellIn":"2026-01-16T00:00:00","dteEndSellIn":"2026-01-17T00:00:00","dteStartSellOut":"2026-01-16T00:00:00","dteEndSellOut":"2026-01-17T00:00:00","documentKey":null,"dteToShost":null,"levParticipants":2},{"idAction":1111,"name":"PROMO_1111","codDiv":"DIV_1111","dteStartSellIn":"2026-01-01T17:00:00","dteEndSellIn":"2026-01-30T17:02:00","dteStartSellOut":"2026-01-17T17:02:00","dteEndSellOut":"2026-01-28T17:02:00","documentKey":"1111_DOCC_KEY","dteToShost":"2026-01-13T17:02:00","levParticipants":11},{"idAction":2020,"name":"Spring Special 2020","codDiv":"D-2020","dteStartSellIn":"2026-01-03T12:28:00","dteEndSellIn":"2026-01-04T12:28:00","dteStartSellOut":"2026-01-05T12:28:00","dteEndSellOut":"2026-01-06T12:28:00","documentKey":"DOC-SPRING-2020","dteToShost":"2026-01-02T12:28:00","levParticipants":1},{"idAction":2222,"name":"haseeb","codDiv":"DIV02","dteStartSellIn":"2026-01-28T00:00:00","dteEndSellIn":"2026-01-30T00:00:00","dteStartSellOut":"2026-01-28T00:00:00","dteEndSellOut":"2026-01-30T00:00:00","documentKey":null,"dteToShost":null,"levParticipants":2},{"idAction":2323,"name":"Winter Sale Campaign 2323","codDiv":"D-2323","dteStartSellIn":"2026-01-19T14:39:00","dteEndSellIn":"2026-01-20T14:40:00","dteStartSellOut":"2026-01-21T14:40:00","dteEndSellOut":"2026-01-22T14:40:00","documentKey":"DOC-WINTER-2323","dteToShost":"2026-01-30T14:39:00","levParticipants":1},{"idAction":5005,"name":"bbb","codDiv":"DIV5005","dteStartSellIn":"2026-01-23T00:00:00","dteEndSellIn":"2026-01-30T00:00:00","dteStartSellOut":"2026-01-26T00:00:00","dteEndSellOut":"2026-01-18T00:00:00","documentKey":"555553","dteToShost":"2026-01-19T00:00:00","levParticipants":14},{"idAction":6000,"name":"Zero Redundancy Campaign 6000","codDiv":"DIV-6000","dteStartSellIn":"2026-01-01T00:00:00","dteEndSellIn":"2026-01-31T00:00:00","dteStartSellOut":"2026-02-01T00:00:00","dteEndSellOut":"2026-02-28T00:00:00","documentKey":"DOC-6000","dteToShost":"2026-01-05T00:00:00","levParticipants":1},{"idAction":6767,"name":"XTEL Launch Promo 6767","codDiv":"DIV-6767","dteStartSellIn":"2026-01-20T12:16:00","dteEndSellIn":"2026-01-21T12:16:00","dteStartSellOut":"2026-01-22T12:16:00","dteEndSellOut":"2026-01-23T12:16:00","documentKey":"DOC-XTEL-6767","dteToShost":"2026-01-03T12:16:00","levParticipants":1},{"idAction":7000,"name":"Atomic Campaign 7000","codDiv":"DIV-7000","dteStartSellIn":"2026-01-01T00:00:00","dteEndSellIn":"2026-01-31T00:00:00","dteStartSellOut":"2026-02-01T00:00:00","dteEndSellOut":"2026-02-28T00:00:00","documentKey":"DOC-7000","dteToShost":null,"levParticipants":1},{"idAction":8888,"name":"Atomic Campaign 8888 Complete","codDiv":"DIV-8888","dteStartSellIn":"2026-01-01T00:00:00","dteEndSellIn":"2026-01-31T00:00:00","dteStartSellOut":"2026-02-01T00:00:00","dteEndSellOut":"2026-02-28T00:00:00","documentKey":"DOC-8888","dteToShost":null,"levParticipants":1},{"idAction":9000,"name":"Balanced Atomic Campaign 9000","codDiv":"DIV-9000","dteStartSellIn":"2026-01-01T00:00:00","dteEndSellIn":"2026-01-31T00:00:00","dteStartSellOut":"2026-02-01T00:00:00","dteEndSellOut":"2026-02-28T00:00:00","documentKey":"DOC-9000","dteToShost":null,"levParticipants":1},{"idAction":9999,"name":"I should not exist in DB","codDiv":"DIV-9999","dteStartSellIn":"2026-01-01T00:00:00","dteEndSellIn":"2026-01-31T00:00:00","dteStartSellOut":"2026-02-01T00:00:00","dteEndSellOut":"2026-02-28T00:00:00","documentKey":"DOC-9999","dteToShost":null,"levParticipants":1}]
2026-01-29 10:52:15.059 +05:00 [INF] HTTP GET /api/promotions/actions responded 200 in 30.0164 ms
2026-01-29 10:52:19.089 +05:00 [INF] HTTP GET /api/participants/all responded 200 in 8.3137 ms | User: Talha (N/A) | IP: ::1 | RequestBody:  | ResponseBody: [{"idAction":3,"codParticipant":"NODE_3","flgInclusion":true,"codHier":"H_3","codDiv":"DIV_3","codNode":"NODE_3","idLevel":3,"dteStart":"2026-01-01T10:45:00"},{"idAction":5,"codParticipant":"NODE_5","flgInclusion":true,"codHier":"H_5","codDiv":"DIV_5","codNode":"NODE_5","idLevel":5,"dteStart":"2026-01-30T10:50:00"},{"idAction":10,"codParticipant":"NODE_10","flgInclusion":true,"codHier":"H_10","codDiv":"DIV_10","codNode":"NODE_10","idLevel":10,"dteStart":"2026-01-01T14:45:00"},{"idAction":1111,"codParticipant":"NODE_1111","flgInclusion":true,"codHier":"H_1111","codDiv":"DIV_1111","codNode":"NODE_1111","idLevel":11,"dteStart":"2026-01-01T17:00:00"},{"idAction":2323,"codParticipant":"P-2323","flgInclusion":true,"codHier":"H-2323","codDiv":"D-2323","codNode":"C-2323","idLevel":4,"dteStart":"2026-01-01T12:48:00"},{"idAction":5005,"codParticipant":"","flgInclusion":true,"codHier":"H-9999","codDiv":"DIV-9999","codNode":"CUST-9999","idLevel":10,"dteStart":"2026-01-01T00:00:00"},{"idAction":6000,"codParticipant":"P-6000","flgInclusion":true,"codHier":"H-6000","codDiv":"DIV-6000","codNode":"CUST-6000","idLevel":10,"dteStart":"2026-01-01T00:00:00"},{"idAction":6767,"codParticipant":"P-6767","flgInclusion":false,"codHier":"H-6767","codDiv":"DIV-6767","codNode":"CUST-6767","idLevel":5,"dteStart":"2026-01-01T12:15:00"},{"idAction":7000,"codParticipant":"P-7000","flgInclusion":true,"codHier":"H-7000","codDiv":"DIV-7000","codNode":"CUST-7000","idLevel":10,"dteStart":"2026-01-01T00:00:00"},{"idAction":8888,"codParticipant":"P-8888","flgInclusion":true,"codHier":"H-8888","codDiv":"DIV-8888","codNode":"CUST-8888","idLevel":10,"dteStart":"2026-01-01T00:00:00"},{"idAction":9000,"codParticipant":"P-9000","flgInclusion":true,"codHier":"H-9000","codDiv":"DIV-9000","codNode":"CUST-9000","idLevel":10,"dteStart":"2026-01-01T00:00:00"},{"idAction":9999,"codParticipant":"P-9999","flgInclusion":true,"codHier":"H-9999","codDiv":"DIV-9999","codNode":"CUST-9999","idLevel":10,"dteStart":"2026-01-01T00:00:00"}]
2026-01-29 10:52:19.096 +05:00 [INF] HTTP GET /api/participants/all responded 200 in 14.7275 ms
2026-01-29 10:52:22.378 +05:00 [INF] HTTP GET /api/promotions/measures responded 200 in 46.3735 ms | User: Talha (N/A) | IP: ::1 | RequestBody:  | ResponseBody: [{"codDiv":"D-1414","codMeasure":"CARTON","fieldName":"SpringBonus","formula":"QTY * 0.08"},{"codDiv":"D-2020","codMeasure":"BOX","fieldName":"SeasonalBonus","formula":"QTY * 0.05"},{"codDiv":"D-2322","codMeasure":"PALLET","fieldName":"WinterRebate","formula":"QTY * 0.12"},{"codDiv":"DIV_1","codMeasure":"MEASURE_1","fieldName":"DEDEQWEQ","formula":"C*B"},{"codDiv":"DIV_10","codMeasure":"MEASURE_10","fieldName":"THIS_IS_PROMO_10","formula":"S*S/10"},{"codDiv":"DIV_1111","codMeasure":"MEASURE_1111","fieldName":"THIS_IS_PROMO_1111","formula":"*A*B/C*1"},{"codDiv":"DIV_3","codMeasure":"MEASURE_3","fieldName":"THIS_IS_PROMO_3","formula":"A*B/5"},{"codDiv":"div_33","codMeasure":"measure_33","fieldName":"promo_33","formula":"d*d/10"},{"codDiv":"DIV_5","codMeasure":"MEASURE_5","fieldName":"THIS_IS_PTOMO_5","formula":"P*P/9"},{"codDiv":"DIV_7777","codMeasure":"MEASURE_7777","fieldName":"TESTING_PHASE","formula":"A*B/3"},{"codDiv":"DIV_99","codMeasure":"MEASURE_99","fieldName":"CHECKING_PHASE","formula":"J*H/109"},{"codDiv":"DIV-1111","codMeasure":"EA","fieldName":"ddd","formula":"ddd"},{"codDiv":"DIV-1111","codMeasure":"MEASURE-1111","fieldName":"TAX_PROMO","formula":"15.0"},{"codDiv":"DIV-6767","codMeasure":"PALLET","fieldName":"PromoMargin","formula":"QTY * 0.20"}]
2026-01-29 10:52:22.383 +05:00 [INF] HTTP GET /api/promotions/measures responded 200 in 50.7565 ms
2026-01-29 10:52:27.723 +05:00 [WRN] Compiling a query which loads related collections for more than one collection navigation, either via 'Include' or through projection, but no 'QuerySplittingBehavior' has been configured. By default, Entity Framework will use 'QuerySplittingBehavior.SingleQuery', which can potentially result in slow query performance. See https://go.microsoft.com/fwlink/?linkid=2134277 for more information. To identify the query that's triggering this warning call 'ConfigureWarnings(w => w.Throw(RelationalEventId.MultipleCollectionIncludeWarning))'.
2026-01-29 10:52:27.868 +05:00 [WRN] Compiling a query which loads related collections for more than one collection navigation, either via 'Include' or through projection, but no 'QuerySplittingBehavior' has been configured. By default, Entity Framework will use 'QuerySplittingBehavior.SingleQuery', which can potentially result in slow query performance. See https://go.microsoft.com/fwlink/?linkid=2134277 for more information. To identify the query that's triggering this warning call 'ConfigureWarnings(w => w.Throw(RelationalEventId.MultipleCollectionIncludeWarning))'.
2026-01-29 10:52:27.980 +05:00 [INF] HTTP GET /api/promotions/actions/5/complete responded 200 in 385.2828 ms | User: Talha (N/A) | IP: ::1 | RequestBody:  | ResponseBody: {"promoAction":{"idAction":5,"name":"PROMO_5","codDiv":"DIV_5","dteStartSellIn":"2026-02-24T10:49:00","dteEndSellIn":"2026-02-21T10:49:00","dteStartSellOut":"2026-02-24T10:49:00","dteEndSellOut":"2026-02-27T10:49:00","documentKey":"DOC_KEY_5","dteToShost":"2026-01-18T10:48:00","levParticipants":5},"products":[{"idAction":5,"codProduct":"PRD_5","levProduct":5,"codDisplay":"DSP_5","codDiv":"DIV_5","qtyEstimated":2500.00,"perceDiscount1":6.70,"perceDiscount2":8.90,"numMeasure":0.00,"codMeasure":"MEASURE_5","details":[{"idAction":5,"codProduct":"PRD_5","levProduct":5,"codDisplay":"DSP_5","codNode":"NODE_5","codDiv":"DIV_5","flgInclusion":true,"articles":[{"idAction":5,"codProduct":"PRD_5","levProduct":5,"codDisplay":"DSP_5","codDiv":"DIV_5","codNode":"NODE_5","codNode1":"RRR","codNode2":"TTT","codNodeN":"YYY"}]}],"measureFields":[{"codDiv":"DIV_5","codMeasure":"MEASURE_5","fieldName":"THIS_IS_PTOMO_5","formula":"P*P/9"}]}],"articles":[{"idAction":5,"codProduct":"PRD_5","levProduct":5,"codDisplay":"DSP_5","codDiv":"DIV_5","codNode":"NODE_5","codNode1":"RRR","codNode2":"TTT","codNodeN":"YYY"}],"measureFields":[{"codDiv":"DIV_5","codMeasure":"MEASURE_5","fieldName":"THIS_IS_PTOMO_5","formula":"P*P/9"}],"participants":[{"idAction":5,"codParticipant":"NODE_5","flgInclusion":true,"codHier":"H_5","codDiv":"DIV_5","codNode":"NODE_5","idLevel":5,"dteStart":"0001-01-01T00:00:00"}],"deliveryPoints":[{"idAction":5,"codDeliveryPoint":"NODE_5","flgInclusion":true,"codHier":"H_5","codDiv":"DIV_5","codNode":"NODE_5","idLevel":5,"dteStart":"0001-01-01T00:00:00"}],"productDetails":[{"idAction":5,"codProduct":"PRD_5","levProduct":5,"codDisplay":"DSP_5","codNode":"NODE_5","codDiv":"DIV_5","flgInclusion":true,"articles":[{"idAction":5,"codProduct":"PRD_5","levProduct":5,"codDisplay":"DSP_5","codDiv":"DIV_5","codNode":"NODE_5","codNode1":"RRR","codNode2":"TTT","codNodeN":"YYY"}]}],"customers":[{"idAction":5,"codHier":"H_5","codDiv":"DIV_5","codNode":"NODE_5","idLevel":5,"dteStart":"2026-01-30T10:50:00","codParentNode":"ROOT_5","dteEnd":"2026-01-31T10:48:00"}]}
2026-01-29 10:52:27.988 +05:00 [INF] HTTP GET /api/promotions/actions/5/complete responded 200 in 393.1382 ms
2026-01-29 10:52:42.467 +05:00 [INF] HTTP GET /api/promotions/products responded 200 in 29.2030 ms | User: Talha (N/A) | IP: ::1 | RequestBody:  | ResponseBody: [{"idAction":3,"codProduct":"PRD_3","levProduct":3,"codDisplay":"DSP_3","codDiv":"DIV_3","qtyEstimated":3450.00,"perceDiscount1":0.50,"perceDiscount2":9.00,"numMeasure":0.00,"codMeasure":"MEASURE_3","details":[{"idAction":3,"codProduct":"PRD_3","levProduct":3,"codDisplay":"DSP_3","codNode":"NODE_3","codDiv":"DIV_3","flgInclusion":true,"articles":[{"idAction":3,"codProduct":"PRD_3","levProduct":3,"codDisplay":"DSP_3","codDiv":"DIV_3","codNode":"NODE_3","codNode1":"AAA","codNode2":"BBB","codNodeN":"CCC"}]}],"measureFields":[]},{"idAction":3,"codProduct":"prd_33","levProduct":1,"codDisplay":"dsp_33","codDiv":"div_33","qtyEstimated":4000.00,"perceDiscount1":0.40,"perceDiscount2":0.90,"numMeasure":339.00,"codMeasure":"measure_33","details":[{"idAction":3,"codProduct":"prd_33","levProduct":1,"codDisplay":"dsp_33","codNode":"node_33","codDiv":"div_33","flgInclusion":true,"articles":[{"idAction":3,"codProduct":"prd_33","levProduct":1,"codDisplay":"dsp_33","codDiv":"div_33","codNode":"node_33","codNode1":"ddd","codNode2":"fff","codNodeN":"ggg"}]}],"measureFields":[]},{"idAction":3,"codProduct":"PROD-9000","levProduct":1,"codDisplay":"DISP-9000","codDiv":"DIV-9000","qtyEstimated":2000.00,"perceDiscount1":0.60,"perceDiscount2":0.90,"numMeasure":66.00,"codMeasure":"measure_9000","details":[{"idAction":3,"codProduct":"PROD-9000","levProduct":1,"codDisplay":"DISP-9000","codNode":"NODE-9000","codDiv":"DIV-9000","flgInclusion":true,"articles":[{"idAction":3,"codProduct":"PROD-9000","levProduct":1,"codDisplay":"DISP-9000","codDiv":"DIV-9000","codNode":"NODE-9000","codNode1":"A1","codNode2":null,"codNodeN":null}]}],"measureFields":[]},{"idAction":5,"codProduct":"PRD_5","levProduct":5,"codDisplay":"DSP_5","codDiv":"DIV_5","qtyEstimated":2500.00,"perceDiscount1":6.70,"perceDiscount2":8.90,"numMeasure":0.00,"codMeasure":"MEASURE_5","details":[{"idAction":5,"codProduct":"PRD_5","levProduct":5,"codDisplay":"DSP_5","codNode":"NODE_5","codDiv":"DIV_5","flgInclusion":true,"articles":[{"idAction":5,"codProduct":"PRD_5","levProduct":5,"codDisplay":"DSP_5","codDiv":"DIV_5","codNode":"NODE_5","codNode1":"RRR","codNode2":"TTT","codNodeN":"YYY"}]}],"measureFields":[]},{"idAction":10,"codProduct":"PRD_10","levProduct":10,"codDisplay":"DSP_10","codDiv":"DIV_10","qtyEstimated":5000.00,"perceDiscount1":0.70,"perceDiscount2":9.80,"numMeasure":0.00,"codMeasure":"MEASURE_10","details":[{"idAction":10,"codProduct":"PRD_10","levProduct":10,"codDisplay":"DSP_10","codNode":"NODE_10","codDiv":"DIV_10","flgInclusion":true,"articles":[{"idAction":10,"codProduct":"PRD_10","levProduct":10,"codDisplay":"DSP_10","codDiv":"DIV_10","codNode":"NODE_10","codNode1":"QQQ","codNode2":"WWW","codNodeN":"EEE"}]}],"measureFields":[]},{"idAction":10,"codProduct":"PROD-5555","levProduct":1,"codDisplay":"DISP-5555","codDiv":"DIV-5555","qtyEstimated":500.00,"perceDiscount1":0.80,"perceDiscount2":0.10,"numMeasure":5555.00,"codMeasure":"measure_55555","details":[{"idAction":10,"codProduct":"PROD-5555","levProduct":1,"codDisplay":"DISP-5555","codNode":"NODE-5555","codDiv":"DIV-5555","flgInclusion":true,"articles":[{"idAction":10,"codProduct":"PROD-5555","levProduct":1,"codDisplay":"DISP-5555","codDiv":"DIV-5555","codNode":"NODE-5555","codNode1":null,"codNode2":null,"codNodeN":null}]}],"measureFields":[]},{"idAction":10,"codProduct":"PROD-8888","levProduct":1,"codDisplay":"DISP-8888","codDiv":"DIV-8888","qtyEstimated":2000.00,"perceDiscount1":0.00,"perceDiscount2":0.00,"numMeasure":0.00,"codMeasure":null,"details":[{"idAction":10,"codProduct":"PROD-8888","levProduct":1,"codDisplay":"DISP-8888","codNode":"NODE-8888","codDiv":"DIV-8888","flgInclusion":true,"articles":[{"idAction":10,"codProduct":"PROD-8888","levProduct":1,"codDisplay":"DISP-8888","codDiv":"DIV-8888","codNode":"NODE-8888","codNode1":"A1","codNode2":null,"codNodeN":null}]}],"measureFields":[]},{"idAction":1111,"codProduct":"PRD_1","levProduct":1,"codDisplay":"DIV_1","codDiv":"DIV_1","qtyEstimated":78.00,"perceDiscount1":6.00,"perceDiscount2":8.00,"numMeasure":78788.00,"codMeasure":"1","details":[],"measureFields":[]},{"idAction":1111,"codProduct":"PRD_1","levProduct":1,"codDisplay":"DSP_1","codDiv":"DIV_1","qtyEstimated":11.00,"perceDiscount1":9.80,"perceDiscount2":6.70,"numMeasure":11.00,"codMeasure":"MEASURE_1","details":[{"idAction":1111,"codProduct":"PRD_1","levProduct":1,"codDisplay":"DSP_1","codNode":"NODE_1","codDiv":"DIV_1","flgInclusion":true,"articles":[{"idAction":1111,"codProduct":"PRD_1","levProduct":1,"codDisplay":"DSP_1","codDiv":"DIV_1","codNode":"NODE_1","codNode1":"NN","codNode2":"MM","codNodeN":"ZZ"}]}],"measureFields":[]},{"idAction":1111,"codProduct":"PRD_1111","levProduct":11,"codDisplay":"DSP_1111","codDiv":"DIV_1111","qtyEstimated":6756.00,"perceDiscount1":9.81,"perceDiscount2":8.90,"numMeasure":0.00,"codMeasure":"MEASURE_1111","details":[{"idAction":1111,"codProduct":"PRD_1111","levProduct":11,"codDisplay":"DSP_1111","codNode":"NODE_1111","codDiv":"DIV_1111","flgInclusion":true,"articles":[{"idAction":1111,"codProduct":"PRD_1111","levProduct":11,"codDisplay":"DSP_1111","codDiv":"DIV_1111","codNode":"NODE_1111","codNode1":"CCCCCC","codNode2":"AAAAAAA","codNodeN":"BBBBBBBB"}]}],"measureFields":[]},{"idAction":1111,"codProduct":"PRD_24","levProduct":1,"codDisplay":"DS-_24","codDiv":"DIV_24","qtyEstimated":345.00,"perceDiscount1":0.50,"perceDiscount2":0.90,"numMeasure":8.00,"codMeasure":"MEASURE_24","details":[],"measureFields":[]},{"idAction":1111,"codProduct":"PRD_44","levProduct":1,"codDisplay":"DSP_44","codDiv":"DIC_44","qtyEstimated":44.00,"perceDiscount1":0.10,"perceDiscount2":0.50,"numMeasure":76.00,"codMeasure":"MEASURE_44","details":[],"measureFields":[]},{"idAction":1111,"codProduct":"PRD_765","levProduct":1,"codDisplay":"DSP_567","codDiv":"DIV_765","qtyEstimated":5.60,"perceDiscount1":0.50,"perceDiscount2":0.40,"numMeasure":999.00,"codMeasure":"765","details":[],"measureFields":[]},{"idAction":1111,"codProduct":"PROD-1111","levProduct":1,"codDisplay":"DISP-1111","codDiv":"DIV-1111","qtyEstimated":0.00,"perceDiscount1":0.00,"perceDiscount2":0.00,"numMeasure":1.00,"codMeasure":"EA","details":[{"idAction":1111,"codProduct":"PROD-1111","levProduct":1,"codDisplay":"DISP-1111","codNode":"ddd","codDiv":"DIV5005","flgInclusion":true,"articles":[]}],"measureFields":[]},{"idAction":1111,"codProduct":"PROD-2323","levProduct":1,"codDisplay":"DSP-2323","codDiv":"D-2322","qtyEstimated":2340.00,"perceDiscount1":0.40,"perceDiscount2":45.00,"numMeasure":0.00,"codMeasure":"PALLET","details":[{"idAction":1111,"codProduct":"PROD-2323","levProduct":1,"codDisplay":"DSP-2323","codNode":"NODE-2323","codDiv":"D-2323","flgInclusion":true,"articles":[{"idAction":1111,"codProduct":"PROD-2323","levProduct":1,"codDisplay":"DSP-2323","codDiv":"D-2323","codNode":"NODE-2323","codNode1":"A1-2323","codNode2":"A2-2323","codNodeN":"AN-2323"}]}],"measureFields":[]},{"idAction":2020,"codProduct":"PRD_1","levProduct":1,"codDisplay":"DIV_1","codDiv":"DIV_1","qtyEstimated":78.00,"perceDiscount1":6.00,"perceDiscount2":8.00,"numMeasure":78788.00,"codMeasure":"1","details":[],"measureFields":[]},{"idAction":2020,"codProduct":"PRD_24","levProduct":1,"codDisplay":"DS-_24","codDiv":"DIV_24","qtyEstimated":345.00,"perceDiscount1":0.50,"perceDiscount2":0.90,"numMeasure":8.00,"codMeasure":"MEASURE_24","details":[],"measureFields":[]},{"idAction":2020,"codProduct":"PRD_44","levProduct":1,"codDisplay":"DSP_44","codDiv":"DIC_44","qtyEstimated":44.00,"perceDiscount1":0.10,"perceDiscount2":0.50,"numMeasure":76.00,"codMeasure":"MEASURE_44","details":[],"measureFields":[]},{"idAction":2020,"codProduct":"PRD_765","levProduct":0,"codDisplay":"DSP_765","codDiv":"DIV_765","qtyEstimated":234.00,"perceDiscount1":0.50,"perceDiscount2":0.56,"numMeasure":765.00,"codMeasure":"MEASURE_765","details":[],"measureFields":[]},{"idAction":2020,"codProduct":"PRD_765","levProduct":0,"codDisplay":"DSP-765","codDiv":"DIV_765","qtyEstimated":345.00,"perceDiscount1":3.55,"perceDiscount2":67.00,"numMeasure":765.00,"codMeasure":"MEASURE_765","details":[],"measureFields":[]},{"idAction":2020,"codProduct":"PRD-2020","levProduct":1,"codDisplay":"DSP-2020","codDiv":"D-2020","qtyEstimated":2000.00,"perceDiscount1":11.00,"perceDiscount2":23.00,"numMeasure":0.00,"codMeasure":"BOX","details":[{"idAction":2020,"codProduct":"PRD-2020","levProduct":1,"codDisplay":"DSP-2020","codNode":"NODE-2020","codDiv":"D-2020","flgInclusion":true,"articles":[{"idAction":2020,"codProduct":"PRD-2020","levProduct":1,"codDisplay":"DSP-2020","codDiv":"D-2020","codNode":"NODE-2020","codNode1":"A1-2020","codNode2":"A2-2020","codNodeN":"AN-2020"}]}],"measureFields":[]},{"idAction":2323,"codProduct":"PRD_08","levProduct":0,"codDisplay":"DSP_08","codDiv":"DIV_08","qtyEstimated":11.00,"perceDiscount1":22.00,"perceDiscount2":2.00,"numMeasure":2.00,"codMeasure":"08","details":[],"measureFields":[]},{"idAction":2323,"codProduct":"PRD_1","levProduct":1,"codDisplay":"DIV_1","codDiv":"DIV_1","qtyEstimated":78.00,"perceDiscount1":6.00,"perceDiscount2":8.00,"numMeasure":78788.00,"codMeasure":"1","details":[],"measureFields":[]},{"idAction":2323,"codProduct":"PRD_23","levProduct":0,"codDisplay":"DSP_23","codDiv":"DIV_23","qtyEstimated":28.00,"perceDiscount1":7.00,"perceDiscount2":2.00,"numMeasure":7.00,"codMeasure":"MEASURE_23","details":[],"measureFields":[]},{"idAction":2323,"codProduct":"PRD_24","levProduct":1,"codDisplay":"DS-_24","codDiv":"DIV_24","qtyEstimated":345.00,"perceDiscount1":0.50,"perceDiscount2":0.90,"numMeasure":8.00,"codMeasure":"MEASURE_24","details":[],"measureFields":[]},{"idAction":2323,"codProduct":"PRD_34","levProduct":1,"codDisplay":"DSP_34","codDiv":"DIV_34","qtyEstimated":2345.00,"perceDiscount1":0.60,"perceDiscount2":8.87,"numMeasure":34.00,"codMeasure":"MEASURE_34","details":[],"measureFields":[]},{"idAction":2323,"codProduct":"PRD_44","levProduct":1,"codDisplay":"DSP_44","codDiv":"DIC_44","qtyEstimated":44.00,"perceDiscount1":0.10,"perceDiscount2":0.50,"numMeasure":76.00,"codMeasure":"MEASURE_44","details":[],"measureFields":[]},{"idAction":2323,"codProduct":"PRD_55","levProduct":1,"codDisplay":"DSP_55","codDiv":"DIV_55","qtyEstimated":66.00,"perceDiscount1":0.50,"perceDiscount2":0.10,"numMeasure":34.00,"codMeasure":"55","details":[],"measureFields":[]},{"idAction":2323,"codProduct":"PRD_765","levProduct":0,"codDisplay":"DSP_567","codDiv":"DIV_765","qtyEstimated":5.60,"perceDiscount1":0.50,"perceDiscount2":0.40,"numMeasure":999.00,"codMeasure":"765","details":[],"measureFields":[]},{"idAction":2323,"codProduct":"PROD-2323","levProduct":1,"codDisplay":"DSP-2323","codDiv":"D-2322","qtyEstimated":2340.00,"perceDiscount1":0.40,"perceDiscount2":45.00,"numMeasure":0.00,"codMeasure":"PALLET","details":[{"idAction":2323,"codProduct":"PROD-2323","levProduct":1,"codDisplay":"DSP-2323","codNode":"NODE-2323","codDiv":"D-2323","flgInclusion":true,"articles":[{"idAction":2323,"codProduct":"PROD-2323","levProduct":1,"codDisplay":"DSP-2323","codDiv":"D-2323","codNode":"NODE-2323","codNode1":"A1-2323","codNode2":"A2-2323","codNodeN":"AN-2323"}]}],"measureFields":[]},{"idAction":5005,"codProduct":"PROD-1111","levProduct":1,"codDisplay":"DISP-1111","codDiv":"DIV-1111","qtyEstimated":0.00,"perceDiscount1":0.00,"perceDiscount2":0.00,"numMeasure":1.00,"codMeasure":"EA","details":[{"idAction":5005,"codProduct":"PROD-1111","levProduct":1,"codDisplay":"DISP-1111","codNode":"ddd","codDiv":"DIV5005","flgInclusion":true,"articles":[]}],"measureFields":[]},{"idAction":6000,"codProduct":"PRD_6666","levProduct":1,"codDisplay":"DSP_6666","codDiv":"DIV_6666","qtyEstimated":14.00,"perceDiscount1":0.80,"perceDiscount2":8.90,"numMeasure":654.00,"codMeasure":"MEASURE_6666","details":[],"measureFields":[]},{"idAction":6000,"codProduct":"PRD_99","levProduct":1,"codDisplay":"DSP_99","codDiv":"DIV_99","qtyEstimated":456.00,"perceDiscount1":9.80,"perceDiscount2":7.70,"numMeasure":999.00,"codMeasure":"MEASURE_99","details":[{"idAction":6000,"codProduct":"PRD_99","levProduct":1,"codDisplay":"DSP_99","codNode":"NODE_99","codDiv":"DIV_99","flgInclusion":true,"articles":[{"idAction":6000,"codProduct":"PRD_99","levProduct":1,"codDisplay":"DSP_99","codDiv":"DIV_99","codNode":"NODE_99","codNode1":"HBKK","codNode2":"KHNKH","codNodeN":"IYGFTUFTY"}]}],"measureFields":[]},{"idAction":6000,"codProduct":"PROD-6000","levProduct":1,"codDisplay":"DISP-6000","codDiv":"DIV-6000","qtyEstimated":100.00,"perceDiscount1":15.00,"perceDiscount2":0.00,"numMeasure":1.00,"codMeasure":"UNIT","details":[{"idAction":6000,"codProduct":"PROD-6000","levProduct":1,"codDisplay":"DISP-6000","codNode":"DET-6000","codDiv":"DIV-6000","flgInclusion":true,"articles":[{"idAction":6000,"codProduct":"PROD-6000","levProduct":1,"codDisplay":"DISP-6000","codDiv":"DIV-6000","codNode":"DET-6000","codNode1":"SKU-6001","codNode2":"V-GOLD","codNodeN":"SIZE-XL"}]}],"measureFields":[]},{"idAction":6767,"codProduct":"PRD_7777","levProduct":1,"codDisplay":"DSP_7777","codDiv":"DIV_7777","qtyEstimated":3423.00,"perceDiscount1":9.80,"perceDiscount2":5.60,"numMeasure":3432.00,"codMeasure":"MEASURE_7777","details":[{"idAction":6767,"codProduct":"PRD_7777","levProduct":1,"codDisplay":"DSP_7777","codNode":"NODE_7777","codDiv":"DIV_7777","flgInclusion":true,"articles":[{"idAction":6767,"codProduct":"PRD_7777","levProduct":1,"codDisplay":"DSP_7777","codDiv":"DIV_7777","codNode":"NODE_7777","codNode1":"ABC","codNode2":"DEF","codNodeN":"HBJ"}]}],"measureFields":[]},{"idAction":6767,"codProduct":"PROD-6767","levProduct":1,"codDisplay":"DSP-6767","codDiv":"DIV-6767","qtyEstimated":5000.00,"perceDiscount1":23.50,"perceDiscount2":45.60,"numMeasure":0.00,"codMeasure":"PALLET","details":[{"idAction":6767,"codProduct":"PROD-6767","levProduct":1,"codDisplay":"DSP-6767","codNode":"NODE-6767","codDiv":"DIV-6767","flgInclusion":true,"articles":[{"idAction":6767,"codProduct":"PROD-6767","levProduct":1,"codDisplay":"DSP-6767","codDiv":"DIV-6767","codNode":"NODE-6767","codNode1":"A1-6767","codNode2":"A2-6767","codNodeN":"AN-6767"}]}],"measureFields":[]},{"idAction":7000,"codProduct":"PROD-7000","levProduct":1,"codDisplay":"DISP-7000","codDiv":"DIV-7000","qtyEstimated":500.00,"perceDiscount1":null,"perceDiscount2":null,"numMeasure":null,"codMeasure":null,"details":[],"measureFields":[]},{"idAction":8888,"codProduct":"PROD-5555","levProduct":1,"codDisplay":"DISP-5555","codDiv":"DIV-5555","qtyEstimated":500.00,"perceDiscount1":0.00,"perceDiscount2":0.00,"numMeasure":0.00,"codMeasure":null,"details":[{"idAction":8888,"codProduct":"PROD-5555","levProduct":1,"codDisplay":"DISP-5555","codNode":"NODE-5555","codDiv":"DIV-5555","flgInclusion":true,"articles":[{"idAction":8888,"codProduct":"PROD-5555","levProduct":1,"codDisplay":"DISP-5555","codDiv":"DIV-5555","codNode":"NODE-5555","codNode1":null,"codNode2":null,"codNodeN":null}]}],"measureFields":[]},{"idAction":8888,"codProduct":"PROD-8888","levProduct":1,"codDisplay":"DISP-8888","codDiv":"DIV-8888","qtyEstimated":2000.00,"perceDiscount1":null,"perceDiscount2":null,"numMeasure":null,"codMeasure":null,"details":[{"idAction":8888,"codProduct":"PROD-8888","levProduct":1,"codDisplay":"DISP-8888","codNode":"NODE-8888","codDiv":"DIV-8888","flgInclusion":true,"articles":[{"idAction":8888,"codProduct":"PROD-8888","levProduct":1,"codDisplay":"DISP-8888","codDiv":"DIV-8888","codNode":"NODE-8888","codNode1":"A1","codNode2":null,"codNodeN":null}]}],"measureFields":[]},{"idAction":9000,"codProduct":"PROD-9000","levProduct":1,"codDisplay":"DISP-9000","codDiv":"DIV-9000","qtyEstimated":2000.00,"perceDiscount1":null,"perceDiscount2":null,"numMeasure":null,"codMeasure":null,"details":[{"idAction":9000,"codProduct":"PROD-9000","levProduct":1,"codDisplay":"DISP-9000","codNode":"NODE-9000","codDiv":"DIV-9000","flgInclusion":true,"articles":[{"idAction":9000,"codProduct":"PROD-9000","levProduct":1,"codDisplay":"DISP-9000","codDiv":"DIV-9000","codNode":"NODE-9000","codNode1":"A1","codNode2":null,"codNodeN":null}]}],"measureFields":[]},{"idAction":9999,"codProduct":"PROD-9999","levProduct":1,"codDisplay":"DISP-9999","codDiv":"DIV-9999","qtyEstimated":777.00,"perceDiscount1":null,"perceDiscount2":null,"numMeasure":null,"codMeasure":null,"details":[{"idAction":9999,"codProduct":"PROD-9999","levProduct":1,"codDisplay":"DISP-9999","codNode":"NODE-9999","codDiv":"DIV-9999","flgInclusion":true,"articles":[{"idAction":9999,"codProduct":"PROD-9999","levProduct":1,"codDisplay":"DISP-9999","codDiv":"DIV-9999","codNode":"NODE-9999","codNode1":"ERR","codNode2":null,"codNodeN":null}]}],"measureFields":[]}]
2026-01-29 10:52:42.475 +05:00 [INF] HTTP GET /api/promotions/products responded 200 in 37.5355 ms
2026-01-29 10:52:42.552 +05:00 [INF] HTTP GET /api/promotions/products responded 200 in 29.6326 ms | User: Talha (N/A) | IP: ::1 | RequestBody:  | ResponseBody: [{"idAction":3,"codProduct":"PRD_3","levProduct":3,"codDisplay":"DSP_3","codDiv":"DIV_3","qtyEstimated":3450.00,"perceDiscount1":0.50,"perceDiscount2":9.00,"numMeasure":0.00,"codMeasure":"MEASURE_3","details":[{"idAction":3,"codProduct":"PRD_3","levProduct":3,"codDisplay":"DSP_3","codNode":"NODE_3","codDiv":"DIV_3","flgInclusion":true,"articles":[{"idAction":3,"codProduct":"PRD_3","levProduct":3,"codDisplay":"DSP_3","codDiv":"DIV_3","codNode":"NODE_3","codNode1":"AAA","codNode2":"BBB","codNodeN":"CCC"}]}],"measureFields":[]},{"idAction":3,"codProduct":"prd_33","levProduct":1,"codDisplay":"dsp_33","codDiv":"div_33","qtyEstimated":4000.00,"perceDiscount1":0.40,"perceDiscount2":0.90,"numMeasure":339.00,"codMeasure":"measure_33","details":[{"idAction":3,"codProduct":"prd_33","levProduct":1,"codDisplay":"dsp_33","codNode":"node_33","codDiv":"div_33","flgInclusion":true,"articles":[{"idAction":3,"codProduct":"prd_33","levProduct":1,"codDisplay":"dsp_33","codDiv":"div_33","codNode":"node_33","codNode1":"ddd","codNode2":"fff","codNodeN":"ggg"}]}],"measureFields":[]},{"idAction":3,"codProduct":"PROD-9000","levProduct":1,"codDisplay":"DISP-9000","codDiv":"DIV-9000","qtyEstimated":2000.00,"perceDiscount1":0.60,"perceDiscount2":0.90,"numMeasure":66.00,"codMeasure":"measure_9000","details":[{"idAction":3,"codProduct":"PROD-9000","levProduct":1,"codDisplay":"DISP-9000","codNode":"NODE-9000","codDiv":"DIV-9000","flgInclusion":true,"articles":[{"idAction":3,"codProduct":"PROD-9000","levProduct":1,"codDisplay":"DISP-9000","codDiv":"DIV-9000","codNode":"NODE-9000","codNode1":"A1","codNode2":null,"codNodeN":null}]}],"measureFields":[]},{"idAction":5,"codProduct":"PRD_5","levProduct":5,"codDisplay":"DSP_5","codDiv":"DIV_5","qtyEstimated":2500.00,"perceDiscount1":6.70,"perceDiscount2":8.90,"numMeasure":0.00,"codMeasure":"MEASURE_5","details":[{"idAction":5,"codProduct":"PRD_5","levProduct":5,"codDisplay":"DSP_5","codNode":"NODE_5","codDiv":"DIV_5","flgInclusion":true,"articles":[{"idAction":5,"codProduct":"PRD_5","levProduct":5,"codDisplay":"DSP_5","codDiv":"DIV_5","codNode":"NODE_5","codNode1":"RRR","codNode2":"TTT","codNodeN":"YYY"}]}],"measureFields":[]},{"idAction":10,"codProduct":"PRD_10","levProduct":10,"codDisplay":"DSP_10","codDiv":"DIV_10","qtyEstimated":5000.00,"perceDiscount1":0.70,"perceDiscount2":9.80,"numMeasure":0.00,"codMeasure":"MEASURE_10","details":[{"idAction":10,"codProduct":"PRD_10","levProduct":10,"codDisplay":"DSP_10","codNode":"NODE_10","codDiv":"DIV_10","flgInclusion":true,"articles":[{"idAction":10,"codProduct":"PRD_10","levProduct":10,"codDisplay":"DSP_10","codDiv":"DIV_10","codNode":"NODE_10","codNode1":"QQQ","codNode2":"WWW","codNodeN":"EEE"}]}],"measureFields":[]},{"idAction":10,"codProduct":"PROD-5555","levProduct":1,"codDisplay":"DISP-5555","codDiv":"DIV-5555","qtyEstimated":500.00,"perceDiscount1":0.80,"perceDiscount2":0.10,"numMeasure":5555.00,"codMeasure":"measure_55555","details":[{"idAction":10,"codProduct":"PROD-5555","levProduct":1,"codDisplay":"DISP-5555","codNode":"NODE-5555","codDiv":"DIV-5555","flgInclusion":true,"articles":[{"idAction":10,"codProduct":"PROD-5555","levProduct":1,"codDisplay":"DISP-5555","codDiv":"DIV-5555","codNode":"NODE-5555","codNode1":null,"codNode2":null,"codNodeN":null}]}],"measureFields":[]},{"idAction":10,"codProduct":"PROD-8888","levProduct":1,"codDisplay":"DISP-8888","codDiv":"DIV-8888","qtyEstimated":2000.00,"perceDiscount1":0.00,"perceDiscount2":0.00,"numMeasure":0.00,"codMeasure":null,"details":[{"idAction":10,"codProduct":"PROD-8888","levProduct":1,"codDisplay":"DISP-8888","codNode":"NODE-8888","codDiv":"DIV-8888","flgInclusion":true,"articles":[{"idAction":10,"codProduct":"PROD-8888","levProduct":1,"codDisplay":"DISP-8888","codDiv":"DIV-8888","codNode":"NODE-8888","codNode1":"A1","codNode2":null,"codNodeN":null}]}],"measureFields":[]},{"idAction":1111,"codProduct":"PRD_1","levProduct":1,"codDisplay":"DIV_1","codDiv":"DIV_1","qtyEstimated":78.00,"perceDiscount1":6.00,"perceDiscount2":8.00,"numMeasure":78788.00,"codMeasure":"1","details":[],"measureFields":[]},{"idAction":1111,"codProduct":"PRD_1","levProduct":1,"codDisplay":"DSP_1","codDiv":"DIV_1","qtyEstimated":11.00,"perceDiscount1":9.80,"perceDiscount2":6.70,"numMeasure":11.00,"codMeasure":"MEASURE_1","details":[{"idAction":1111,"codProduct":"PRD_1","levProduct":1,"codDisplay":"DSP_1","codNode":"NODE_1","codDiv":"DIV_1","flgInclusion":true,"articles":[{"idAction":1111,"codProduct":"PRD_1","levProduct":1,"codDisplay":"DSP_1","codDiv":"DIV_1","codNode":"NODE_1","codNode1":"NN","codNode2":"MM","codNodeN":"ZZ"}]}],"measureFields":[]},{"idAction":1111,"codProduct":"PRD_1111","levProduct":11,"codDisplay":"DSP_1111","codDiv":"DIV_1111","qtyEstimated":6756.00,"perceDiscount1":9.81,"perceDiscount2":8.90,"numMeasure":0.00,"codMeasure":"MEASURE_1111","details":[{"idAction":1111,"codProduct":"PRD_1111","levProduct":11,"codDisplay":"DSP_1111","codNode":"NODE_1111","codDiv":"DIV_1111","flgInclusion":true,"articles":[{"idAction":1111,"codProduct":"PRD_1111","levProduct":11,"codDisplay":"DSP_1111","codDiv":"DIV_1111","codNode":"NODE_1111","codNode1":"CCCCCC","codNode2":"AAAAAAA","codNodeN":"BBBBBBBB"}]}],"measureFields":[]},{"idAction":1111,"codProduct":"PRD_24","levProduct":1,"codDisplay":"DS-_24","codDiv":"DIV_24","qtyEstimated":345.00,"perceDiscount1":0.50,"perceDiscount2":0.90,"numMeasure":8.00,"codMeasure":"MEASURE_24","details":[],"measureFields":[]},{"idAction":1111,"codProduct":"PRD_44","levProduct":1,"codDisplay":"DSP_44","codDiv":"DIC_44","qtyEstimated":44.00,"perceDiscount1":0.10,"perceDiscount2":0.50,"numMeasure":76.00,"codMeasure":"MEASURE_44","details":[],"measureFields":[]},{"idAction":1111,"codProduct":"PRD_765","levProduct":1,"codDisplay":"DSP_567","codDiv":"DIV_765","qtyEstimated":5.60,"perceDiscount1":0.50,"perceDiscount2":0.40,"numMeasure":999.00,"codMeasure":"765","details":[],"measureFields":[]},{"idAction":1111,"codProduct":"PROD-1111","levProduct":1,"codDisplay":"DISP-1111","codDiv":"DIV-1111","qtyEstimated":0.00,"perceDiscount1":0.00,"perceDiscount2":0.00,"numMeasure":1.00,"codMeasure":"EA","details":[{"idAction":1111,"codProduct":"PROD-1111","levProduct":1,"codDisplay":"DISP-1111","codNode":"ddd","codDiv":"DIV5005","flgInclusion":true,"articles":[]}],"measureFields":[]},{"idAction":1111,"codProduct":"PROD-2323","levProduct":1,"codDisplay":"DSP-2323","codDiv":"D-2322","qtyEstimated":2340.00,"perceDiscount1":0.40,"perceDiscount2":45.00,"numMeasure":0.00,"codMeasure":"PALLET","details":[{"idAction":1111,"codProduct":"PROD-2323","levProduct":1,"codDisplay":"DSP-2323","codNode":"NODE-2323","codDiv":"D-2323","flgInclusion":true,"articles":[{"idAction":1111,"codProduct":"PROD-2323","levProduct":1,"codDisplay":"DSP-2323","codDiv":"D-2323","codNode":"NODE-2323","codNode1":"A1-2323","codNode2":"A2-2323","codNodeN":"AN-2323"}]}],"measureFields":[]},{"idAction":2020,"codProduct":"PRD_1","levProduct":1,"codDisplay":"DIV_1","codDiv":"DIV_1","qtyEstimated":78.00,"perceDiscount1":6.00,"perceDiscount2":8.00,"numMeasure":78788.00,"codMeasure":"1","details":[],"measureFields":[]},{"idAction":2020,"codProduct":"PRD_24","levProduct":1,"codDisplay":"DS-_24","codDiv":"DIV_24","qtyEstimated":345.00,"perceDiscount1":0.50,"perceDiscount2":0.90,"numMeasure":8.00,"codMeasure":"MEASURE_24","details":[],"measureFields":[]},{"idAction":2020,"codProduct":"PRD_44","levProduct":1,"codDisplay":"DSP_44","codDiv":"DIC_44","qtyEstimated":44.00,"perceDiscount1":0.10,"perceDiscount2":0.50,"numMeasure":76.00,"codMeasure":"MEASURE_44","details":[],"measureFields":[]},{"idAction":2020,"codProduct":"PRD_765","levProduct":0,"codDisplay":"DSP_765","codDiv":"DIV_765","qtyEstimated":234.00,"perceDiscount1":0.50,"perceDiscount2":0.56,"numMeasure":765.00,"codMeasure":"MEASURE_765","details":[],"measureFields":[]},{"idAction":2020,"codProduct":"PRD_765","levProduct":0,"codDisplay":"DSP-765","codDiv":"DIV_765","qtyEstimated":345.00,"perceDiscount1":3.55,"perceDiscount2":67.00,"numMeasure":765.00,"codMeasure":"MEASURE_765","details":[],"measureFields":[]},{"idAction":2020,"codProduct":"PRD-2020","levProduct":1,"codDisplay":"DSP-2020","codDiv":"D-2020","qtyEstimated":2000.00,"perceDiscount1":11.00,"perceDiscount2":23.00,"numMeasure":0.00,"codMeasure":"BOX","details":[{"idAction":2020,"codProduct":"PRD-2020","levProduct":1,"codDisplay":"DSP-2020","codNode":"NODE-2020","codDiv":"D-2020","flgInclusion":true,"articles":[{"idAction":2020,"codProduct":"PRD-2020","levProduct":1,"codDisplay":"DSP-2020","codDiv":"D-2020","codNode":"NODE-2020","codNode1":"A1-2020","codNode2":"A2-2020","codNodeN":"AN-2020"}]}],"measureFields":[]},{"idAction":2323,"codProduct":"PRD_08","levProduct":0,"codDisplay":"DSP_08","codDiv":"DIV_08","qtyEstimated":11.00,"perceDiscount1":22.00,"perceDiscount2":2.00,"numMeasure":2.00,"codMeasure":"08","details":[],"measureFields":[]},{"idAction":2323,"codProduct":"PRD_1","levProduct":1,"codDisplay":"DIV_1","codDiv":"DIV_1","qtyEstimated":78.00,"perceDiscount1":6.00,"perceDiscount2":8.00,"numMeasure":78788.00,"codMeasure":"1","details":[],"measureFields":[]},{"idAction":2323,"codProduct":"PRD_23","levProduct":0,"codDisplay":"DSP_23","codDiv":"DIV_23","qtyEstimated":28.00,"perceDiscount1":7.00,"perceDiscount2":2.00,"numMeasure":7.00,"codMeasure":"MEASURE_23","details":[],"measureFields":[]},{"idAction":2323,"codProduct":"PRD_24","levProduct":1,"codDisplay":"DS-_24","codDiv":"DIV_24","qtyEstimated":345.00,"perceDiscount1":0.50,"perceDiscount2":0.90,"numMeasure":8.00,"codMeasure":"MEASURE_24","details":[],"measureFields":[]},{"idAction":2323,"codProduct":"PRD_34","levProduct":1,"codDisplay":"DSP_34","codDiv":"DIV_34","qtyEstimated":2345.00,"perceDiscount1":0.60,"perceDiscount2":8.87,"numMeasure":34.00,"codMeasure":"MEASURE_34","details":[],"measureFields":[]},{"idAction":2323,"codProduct":"PRD_44","levProduct":1,"codDisplay":"DSP_44","codDiv":"DIC_44","qtyEstimated":44.00,"perceDiscount1":0.10,"perceDiscount2":0.50,"numMeasure":76.00,"codMeasure":"MEASURE_44","details":[],"measureFields":[]},{"idAction":2323,"codProduct":"PRD_55","levProduct":1,"codDisplay":"DSP_55","codDiv":"DIV_55","qtyEstimated":66.00,"perceDiscount1":0.50,"perceDiscount2":0.10,"numMeasure":34.00,"codMeasure":"55","details":[],"measureFields":[]},{"idAction":2323,"codProduct":"PRD_765","levProduct":0,"codDisplay":"DSP_567","codDiv":"DIV_765","qtyEstimated":5.60,"perceDiscount1":0.50,"perceDiscount2":0.40,"numMeasure":999.00,"codMeasure":"765","details":[],"measureFields":[]},{"idAction":2323,"codProduct":"PROD-2323","levProduct":1,"codDisplay":"DSP-2323","codDiv":"D-2322","qtyEstimated":2340.00,"perceDiscount1":0.40,"perceDiscount2":45.00,"numMeasure":0.00,"codMeasure":"PALLET","details":[{"idAction":2323,"codProduct":"PROD-2323","levProduct":1,"codDisplay":"DSP-2323","codNode":"NODE-2323","codDiv":"D-2323","flgInclusion":true,"articles":[{"idAction":2323,"codProduct":"PROD-2323","levProduct":1,"codDisplay":"DSP-2323","codDiv":"D-2323","codNode":"NODE-2323","codNode1":"A1-2323","codNode2":"A2-2323","codNodeN":"AN-2323"}]}],"measureFields":[]},{"idAction":5005,"codProduct":"PROD-1111","levProduct":1,"codDisplay":"DISP-1111","codDiv":"DIV-1111","qtyEstimated":0.00,"perceDiscount1":0.00,"perceDiscount2":0.00,"numMeasure":1.00,"codMeasure":"EA","details":[{"idAction":5005,"codProduct":"PROD-1111","levProduct":1,"codDisplay":"DISP-1111","codNode":"ddd","codDiv":"DIV5005","flgInclusion":true,"articles":[]}],"measureFields":[]},{"idAction":6000,"codProduct":"PRD_6666","levProduct":1,"codDisplay":"DSP_6666","codDiv":"DIV_6666","qtyEstimated":14.00,"perceDiscount1":0.80,"perceDiscount2":8.90,"numMeasure":654.00,"codMeasure":"MEASURE_6666","details":[],"measureFields":[]},{"idAction":6000,"codProduct":"PRD_99","levProduct":1,"codDisplay":"DSP_99","codDiv":"DIV_99","qtyEstimated":456.00,"perceDiscount1":9.80,"perceDiscount2":7.70,"numMeasure":999.00,"codMeasure":"MEASURE_99","details":[{"idAction":6000,"codProduct":"PRD_99","levProduct":1,"codDisplay":"DSP_99","codNode":"NODE_99","codDiv":"DIV_99","flgInclusion":true,"articles":[{"idAction":6000,"codProduct":"PRD_99","levProduct":1,"codDisplay":"DSP_99","codDiv":"DIV_99","codNode":"NODE_99","codNode1":"HBKK","codNode2":"KHNKH","codNodeN":"IYGFTUFTY"}]}],"measureFields":[]},{"idAction":6000,"codProduct":"PROD-6000","levProduct":1,"codDisplay":"DISP-6000","codDiv":"DIV-6000","qtyEstimated":100.00,"perceDiscount1":15.00,"perceDiscount2":0.00,"numMeasure":1.00,"codMeasure":"UNIT","details":[{"idAction":6000,"codProduct":"PROD-6000","levProduct":1,"codDisplay":"DISP-6000","codNode":"DET-6000","codDiv":"DIV-6000","flgInclusion":true,"articles":[{"idAction":6000,"codProduct":"PROD-6000","levProduct":1,"codDisplay":"DISP-6000","codDiv":"DIV-6000","codNode":"DET-6000","codNode1":"SKU-6001","codNode2":"V-GOLD","codNodeN":"SIZE-XL"}]}],"measureFields":[]},{"idAction":6767,"codProduct":"PRD_7777","levProduct":1,"codDisplay":"DSP_7777","codDiv":"DIV_7777","qtyEstimated":3423.00,"perceDiscount1":9.80,"perceDiscount2":5.60,"numMeasure":3432.00,"codMeasure":"MEASURE_7777","details":[{"idAction":6767,"codProduct":"PRD_7777","levProduct":1,"codDisplay":"DSP_7777","codNode":"NODE_7777","codDiv":"DIV_7777","flgInclusion":true,"articles":[{"idAction":6767,"codProduct":"PRD_7777","levProduct":1,"codDisplay":"DSP_7777","codDiv":"DIV_7777","codNode":"NODE_7777","codNode1":"ABC","codNode2":"DEF","codNodeN":"HBJ"}]}],"measureFields":[]},{"idAction":6767,"codProduct":"PROD-6767","levProduct":1,"codDisplay":"DSP-6767","codDiv":"DIV-6767","qtyEstimated":5000.00,"perceDiscount1":23.50,"perceDiscount2":45.60,"numMeasure":0.00,"codMeasure":"PALLET","details":[{"idAction":6767,"codProduct":"PROD-6767","levProduct":1,"codDisplay":"DSP-6767","codNode":"NODE-6767","codDiv":"DIV-6767","flgInclusion":true,"articles":[{"idAction":6767,"codProduct":"PROD-6767","levProduct":1,"codDisplay":"DSP-6767","codDiv":"DIV-6767","codNode":"NODE-6767","codNode1":"A1-6767","codNode2":"A2-6767","codNodeN":"AN-6767"}]}],"measureFields":[]},{"idAction":7000,"codProduct":"PROD-7000","levProduct":1,"codDisplay":"DISP-7000","codDiv":"DIV-7000","qtyEstimated":500.00,"perceDiscount1":null,"perceDiscount2":null,"numMeasure":null,"codMeasure":null,"details":[],"measureFields":[]},{"idAction":8888,"codProduct":"PROD-5555","levProduct":1,"codDisplay":"DISP-5555","codDiv":"DIV-5555","qtyEstimated":500.00,"perceDiscount1":0.00,"perceDiscount2":0.00,"numMeasure":0.00,"codMeasure":null,"details":[{"idAction":8888,"codProduct":"PROD-5555","levProduct":1,"codDisplay":"DISP-5555","codNode":"NODE-5555","codDiv":"DIV-5555","flgInclusion":true,"articles":[{"idAction":8888,"codProduct":"PROD-5555","levProduct":1,"codDisplay":"DISP-5555","codDiv":"DIV-5555","codNode":"NODE-5555","codNode1":null,"codNode2":null,"codNodeN":null}]}],"measureFields":[]},{"idAction":8888,"codProduct":"PROD-8888","levProduct":1,"codDisplay":"DISP-8888","codDiv":"DIV-8888","qtyEstimated":2000.00,"perceDiscount1":null,"perceDiscount2":null,"numMeasure":null,"codMeasure":null,"details":[{"idAction":8888,"codProduct":"PROD-8888","levProduct":1,"codDisplay":"DISP-8888","codNode":"NODE-8888","codDiv":"DIV-8888","flgInclusion":true,"articles":[{"idAction":8888,"codProduct":"PROD-8888","levProduct":1,"codDisplay":"DISP-8888","codDiv":"DIV-8888","codNode":"NODE-8888","codNode1":"A1","codNode2":null,"codNodeN":null}]}],"measureFields":[]},{"idAction":9000,"codProduct":"PROD-9000","levProduct":1,"codDisplay":"DISP-9000","codDiv":"DIV-9000","qtyEstimated":2000.00,"perceDiscount1":null,"perceDiscount2":null,"numMeasure":null,"codMeasure":null,"details":[{"idAction":9000,"codProduct":"PROD-9000","levProduct":1,"codDisplay":"DISP-9000","codNode":"NODE-9000","codDiv":"DIV-9000","flgInclusion":true,"articles":[{"idAction":9000,"codProduct":"PROD-9000","levProduct":1,"codDisplay":"DISP-9000","codDiv":"DIV-9000","codNode":"NODE-9000","codNode1":"A1","codNode2":null,"codNodeN":null}]}],"measureFields":[]},{"idAction":9999,"codProduct":"PROD-9999","levProduct":1,"codDisplay":"DISP-9999","codDiv":"DIV-9999","qtyEstimated":777.00,"perceDiscount1":null,"perceDiscount2":null,"numMeasure":null,"codMeasure":null,"details":[{"idAction":9999,"codProduct":"PROD-9999","levProduct":1,"codDisplay":"DISP-9999","codNode":"NODE-9999","codDiv":"DIV-9999","flgInclusion":true,"articles":[{"idAction":9999,"codProduct":"PROD-9999","levProduct":1,"codDisplay":"DISP-9999","codDiv":"DIV-9999","codNode":"NODE-9999","codNode1":"ERR","codNode2":null,"codNodeN":null}]}],"measureFields":[]}]
2026-01-29 10:52:42.561 +05:00 [INF] HTTP GET /api/promotions/products responded 200 in 39.4551 ms
2026-01-29 10:52:45.792 +05:00 [INF] HTTP GET /api/promotions/actions responded 200 in 6.0726 ms | User: Talha (N/A) | IP: ::1 | RequestBody:  | ResponseBody: [{"idAction":3,"name":"PROMO_3","codDiv":"DIV_3","dteStartSellIn":"2026-01-14T10:44:00","dteEndSellIn":"2026-01-15T10:45:00","dteStartSellOut":"2026-01-25T10:45:00","dteEndSellOut":"2026-01-30T10:45:00","documentKey":"KEY_3","dteToShost":"2026-01-10T10:44:00","levParticipants":3},{"idAction":5,"name":"PROMO_5","codDiv":"DIV_5","dteStartSellIn":"2026-02-24T10:49:00","dteEndSellIn":"2026-02-21T10:49:00","dteStartSellOut":"2026-02-24T10:49:00","dteEndSellOut":"2026-02-27T10:49:00","documentKey":"DOC_KEY_5","dteToShost":"2026-01-18T10:48:00","levParticipants":5},{"idAction":10,"name":"PROMO_10","codDiv":"DIV_10","dteStartSellIn":"2026-01-30T14:45:00","dteEndSellIn":"2026-01-31T14:45:00","dteStartSellOut":"2026-01-23T14:45:00","dteEndSellOut":"2026-01-24T14:45:00","documentKey":"DOCC_KEY_10","dteToShost":"2026-01-29T14:44:00","levParticipants":10},{"idAction":45,"name":"cccc","codDiv":"DIV01","dteStartSellIn":"2026-01-16T00:00:00","dteEndSellIn":"2026-01-17T00:00:00","dteStartSellOut":"2026-01-16T00:00:00","dteEndSellOut":"2026-01-17T00:00:00","documentKey":null,"dteToShost":null,"levParticipants":2},{"idAction":1111,"name":"PROMO_1111","codDiv":"DIV_1111","dteStartSellIn":"2026-01-01T17:00:00","dteEndSellIn":"2026-01-30T17:02:00","dteStartSellOut":"2026-01-17T17:02:00","dteEndSellOut":"2026-01-28T17:02:00","documentKey":"1111_DOCC_KEY","dteToShost":"2026-01-13T17:02:00","levParticipants":11},{"idAction":2020,"name":"Spring Special 2020","codDiv":"D-2020","dteStartSellIn":"2026-01-03T12:28:00","dteEndSellIn":"2026-01-04T12:28:00","dteStartSellOut":"2026-01-05T12:28:00","dteEndSellOut":"2026-01-06T12:28:00","documentKey":"DOC-SPRING-2020","dteToShost":"2026-01-02T12:28:00","levParticipants":1},{"idAction":2222,"name":"haseeb","codDiv":"DIV02","dteStartSellIn":"2026-01-28T00:00:00","dteEndSellIn":"2026-01-30T00:00:00","dteStartSellOut":"2026-01-28T00:00:00","dteEndSellOut":"2026-01-30T00:00:00","documentKey":null,"dteToShost":null,"levParticipants":2},{"idAction":2323,"name":"Winter Sale Campaign 2323","codDiv":"D-2323","dteStartSellIn":"2026-01-19T14:39:00","dteEndSellIn":"2026-01-20T14:40:00","dteStartSellOut":"2026-01-21T14:40:00","dteEndSellOut":"2026-01-22T14:40:00","documentKey":"DOC-WINTER-2323","dteToShost":"2026-01-30T14:39:00","levParticipants":1},{"idAction":5005,"name":"bbb","codDiv":"DIV5005","dteStartSellIn":"2026-01-23T00:00:00","dteEndSellIn":"2026-01-30T00:00:00","dteStartSellOut":"2026-01-26T00:00:00","dteEndSellOut":"2026-01-18T00:00:00","documentKey":"555553","dteToShost":"2026-01-19T00:00:00","levParticipants":14},{"idAction":6000,"name":"Zero Redundancy Campaign 6000","codDiv":"DIV-6000","dteStartSellIn":"2026-01-01T00:00:00","dteEndSellIn":"2026-01-31T00:00:00","dteStartSellOut":"2026-02-01T00:00:00","dteEndSellOut":"2026-02-28T00:00:00","documentKey":"DOC-6000","dteToShost":"2026-01-05T00:00:00","levParticipants":1},{"idAction":6767,"name":"XTEL Launch Promo 6767","codDiv":"DIV-6767","dteStartSellIn":"2026-01-20T12:16:00","dteEndSellIn":"2026-01-21T12:16:00","dteStartSellOut":"2026-01-22T12:16:00","dteEndSellOut":"2026-01-23T12:16:00","documentKey":"DOC-XTEL-6767","dteToShost":"2026-01-03T12:16:00","levParticipants":1},{"idAction":7000,"name":"Atomic Campaign 7000","codDiv":"DIV-7000","dteStartSellIn":"2026-01-01T00:00:00","dteEndSellIn":"2026-01-31T00:00:00","dteStartSellOut":"2026-02-01T00:00:00","dteEndSellOut":"2026-02-28T00:00:00","documentKey":"DOC-7000","dteToShost":null,"levParticipants":1},{"idAction":8888,"name":"Atomic Campaign 8888 Complete","codDiv":"DIV-8888","dteStartSellIn":"2026-01-01T00:00:00","dteEndSellIn":"2026-01-31T00:00:00","dteStartSellOut":"2026-02-01T00:00:00","dteEndSellOut":"2026-02-28T00:00:00","documentKey":"DOC-8888","dteToShost":null,"levParticipants":1},{"idAction":9000,"name":"Balanced Atomic Campaign 9000","codDiv":"DIV-9000","dteStartSellIn":"2026-01-01T00:00:00","dteEndSellIn":"2026-01-31T00:00:00","dteStartSellOut":"2026-02-01T00:00:00","dteEndSellOut":"2026-02-28T00:00:00","documentKey":"DOC-9000","dteToShost":null,"levParticipants":1},{"idAction":9999,"name":"I should not exist in DB","codDiv":"DIV-9999","dteStartSellIn":"2026-01-01T00:00:00","dteEndSellIn":"2026-01-31T00:00:00","dteStartSellOut":"2026-02-01T00:00:00","dteEndSellOut":"2026-02-28T00:00:00","documentKey":"DOC-9999","dteToShost":null,"levParticipants":1}]
2026-01-29 10:52:45.797 +05:00 [INF] HTTP GET /api/promotions/actions responded 200 in 10.8600 ms
2026-01-29 10:52:59.669 +05:00 [INF] HTTP POST /api/promotions/products responded 200 in 34.5655 ms | User: Talha (N/A) | IP: ::1 | RequestBody:  | ResponseBody: 
2026-01-29 10:52:59.669 +05:00 [INF] HTTP POST /api/promotions/products responded 200 in 34.5727 ms | User: Talha (N/A) | IP: ::1 | RequestBody:  | ResponseBody: 
2026-01-29 10:52:59.672 +05:00 [INF] HTTP POST /api/promotions/products responded 200 in 38.1094 ms
2026-01-29 10:52:59.674 +05:00 [INF] HTTP POST /api/promotions/products responded 200 in 40.1303 ms
2026-01-29 10:52:59.777 +05:00 [INF] HTTP GET /api/promotions/products responded 200 in 25.2545 ms | User: Talha (N/A) | IP: ::1 | RequestBody:  | ResponseBody: [{"idAction":3,"codProduct":"PRD_3","levProduct":3,"codDisplay":"DSP_3","codDiv":"DIV_3","qtyEstimated":3450.00,"perceDiscount1":0.50,"perceDiscount2":9.00,"numMeasure":0.00,"codMeasure":"MEASURE_3","details":[{"idAction":3,"codProduct":"PRD_3","levProduct":3,"codDisplay":"DSP_3","codNode":"NODE_3","codDiv":"DIV_3","flgInclusion":true,"articles":[{"idAction":3,"codProduct":"PRD_3","levProduct":3,"codDisplay":"DSP_3","codDiv":"DIV_3","codNode":"NODE_3","codNode1":"AAA","codNode2":"BBB","codNodeN":"CCC"}]}],"measureFields":[]},{"idAction":3,"codProduct":"prd_33","levProduct":1,"codDisplay":"dsp_33","codDiv":"div_33","qtyEstimated":4000.00,"perceDiscount1":0.40,"perceDiscount2":0.90,"numMeasure":339.00,"codMeasure":"measure_33","details":[{"idAction":3,"codProduct":"prd_33","levProduct":1,"codDisplay":"dsp_33","codNode":"node_33","codDiv":"div_33","flgInclusion":true,"articles":[{"idAction":3,"codProduct":"prd_33","levProduct":1,"codDisplay":"dsp_33","codDiv":"div_33","codNode":"node_33","codNode1":"ddd","codNode2":"fff","codNodeN":"ggg"}]}],"measureFields":[]},{"idAction":3,"codProduct":"PROD-9000","levProduct":1,"codDisplay":"DISP-9000","codDiv":"DIV-9000","qtyEstimated":2000.00,"perceDiscount1":0.60,"perceDiscount2":0.90,"numMeasure":66.00,"codMeasure":"measure_9000","details":[{"idAction":3,"codProduct":"PROD-9000","levProduct":1,"codDisplay":"DISP-9000","codNode":"NODE-9000","codDiv":"DIV-9000","flgInclusion":true,"articles":[{"idAction":3,"codProduct":"PROD-9000","levProduct":1,"codDisplay":"DISP-9000","codDiv":"DIV-9000","codNode":"NODE-9000","codNode1":"A1","codNode2":null,"codNodeN":null}]}],"measureFields":[]},{"idAction":5,"codProduct":"PRD_3","levProduct":1,"codDisplay":"DSP_3","codDiv":"DIV_3","qtyEstimated":3450.00,"perceDiscount1":0.50,"perceDiscount2":9.00,"numMeasure":0.00,"codMeasure":"MEASURE_3","details":[{"idAction":5,"codProduct":"PRD_3","levProduct":1,"codDisplay":"DSP_3","codNode":"NODE_3","codDiv":"DIV_3","flgInclusion":true,"articles":[{"idAction":5,"codProduct":"PRD_3","levProduct":1,"codDisplay":"DSP_3","codDiv":"DIV_3","codNode":"NODE_3","codNode1":"AAA","codNode2":"BBB","codNodeN":"CCC"}]}],"measureFields":[]},{"idAction":5,"codProduct":"prd_33","levProduct":1,"codDisplay":"dsp_33","codDiv":"div_33","qtyEstimated":4000.00,"perceDiscount1":0.40,"perceDiscount2":0.90,"numMeasure":339.00,"codMeasure":"measure_33","details":[{"idAction":5,"codProduct":"prd_33","levProduct":1,"codDisplay":"dsp_33","codNode":"node_33","codDiv":"div_33","flgInclusion":true,"articles":[{"idAction":5,"codProduct":"prd_33","levProduct":1,"codDisplay":"dsp_33","codDiv":"div_33","codNode":"node_33","codNode1":"ddd","codNode2":"fff","codNodeN":"ggg"}]}],"measureFields":[]},{"idAction":5,"codProduct":"PRD_5","levProduct":5,"codDisplay":"DSP_5","codDiv":"DIV_5","qtyEstimated":2500.00,"perceDiscount1":6.70,"perceDiscount2":8.90,"numMeasure":0.00,"codMeasure":"MEASURE_5","details":[{"idAction":5,"codProduct":"PRD_5","levProduct":5,"codDisplay":"DSP_5","codNode":"NODE_5","codDiv":"DIV_5","flgInclusion":true,"articles":[{"idAction":5,"codProduct":"PRD_5","levProduct":5,"codDisplay":"DSP_5","codDiv":"DIV_5","codNode":"NODE_5","codNode1":"RRR","codNode2":"TTT","codNodeN":"YYY"}]}],"measureFields":[]},{"idAction":10,"codProduct":"PRD_10","levProduct":10,"codDisplay":"DSP_10","codDiv":"DIV_10","qtyEstimated":5000.00,"perceDiscount1":0.70,"perceDiscount2":9.80,"numMeasure":0.00,"codMeasure":"MEASURE_10","details":[{"idAction":10,"codProduct":"PRD_10","levProduct":10,"codDisplay":"DSP_10","codNode":"NODE_10","codDiv":"DIV_10","flgInclusion":true,"articles":[{"idAction":10,"codProduct":"PRD_10","levProduct":10,"codDisplay":"DSP_10","codDiv":"DIV_10","codNode":"NODE_10","codNode1":"QQQ","codNode2":"WWW","codNodeN":"EEE"}]}],"measureFields":[]},{"idAction":10,"codProduct":"PROD-5555","levProduct":1,"codDisplay":"DISP-5555","codDiv":"DIV-5555","qtyEstimated":500.00,"perceDiscount1":0.80,"perceDiscount2":0.10,"numMeasure":5555.00,"codMeasure":"measure_55555","details":[{"idAction":10,"codProduct":"PROD-5555","levProduct":1,"codDisplay":"DISP-5555","codNode":"NODE-5555","codDiv":"DIV-5555","flgInclusion":true,"articles":[{"idAction":10,"codProduct":"PROD-5555","levProduct":1,"codDisplay":"DISP-5555","codDiv":"DIV-5555","codNode":"NODE-5555","codNode1":null,"codNode2":null,"codNodeN":null}]}],"measureFields":[]},{"idAction":10,"codProduct":"PROD-8888","levProduct":1,"codDisplay":"DISP-8888","codDiv":"DIV-8888","qtyEstimated":2000.00,"perceDiscount1":0.00,"perceDiscount2":0.00,"numMeasure":0.00,"codMeasure":null,"details":[{"idAction":10,"codProduct":"PROD-8888","levProduct":1,"codDisplay":"DISP-8888","codNode":"NODE-8888","codDiv":"DIV-8888","flgInclusion":true,"articles":[{"idAction":10,"codProduct":"PROD-8888","levProduct":1,"codDisplay":"DISP-8888","codDiv":"DIV-8888","codNode":"NODE-8888","codNode1":"A1","codNode2":null,"codNodeN":null}]}],"measureFields":[]},{"idAction":1111,"codProduct":"PRD_1","levProduct":1,"codDisplay":"DIV_1","codDiv":"DIV_1","qtyEstimated":78.00,"perceDiscount1":6.00,"perceDiscount2":8.00,"numMeasure":78788.00,"codMeasure":"1","details":[],"measureFields":[]},{"idAction":1111,"codProduct":"PRD_1","levProduct":1,"codDisplay":"DSP_1","codDiv":"DIV_1","qtyEstimated":11.00,"perceDiscount1":9.80,"perceDiscount2":6.70,"numMeasure":11.00,"codMeasure":"MEASURE_1","details":[{"idAction":1111,"codProduct":"PRD_1","levProduct":1,"codDisplay":"DSP_1","codNode":"NODE_1","codDiv":"DIV_1","flgInclusion":true,"articles":[{"idAction":1111,"codProduct":"PRD_1","levProduct":1,"codDisplay":"DSP_1","codDiv":"DIV_1","codNode":"NODE_1","codNode1":"NN","codNode2":"MM","codNodeN":"ZZ"}]}],"measureFields":[]},{"idAction":1111,"codProduct":"PRD_1111","levProduct":11,"codDisplay":"DSP_1111","codDiv":"DIV_1111","qtyEstimated":6756.00,"perceDiscount1":9.81,"perceDiscount2":8.90,"numMeasure":0.00,"codMeasure":"MEASURE_1111","details":[{"idAction":1111,"codProduct":"PRD_1111","levProduct":11,"codDisplay":"DSP_1111","codNode":"NODE_1111","codDiv":"DIV_1111","flgInclusion":true,"articles":[{"idAction":1111,"codProduct":"PRD_1111","levProduct":11,"codDisplay":"DSP_1111","codDiv":"DIV_1111","codNode":"NODE_1111","codNode1":"CCCCCC","codNode2":"AAAAAAA","codNodeN":"BBBBBBBB"}]}],"measureFields":[]},{"idAction":1111,"codProduct":"PRD_24","levProduct":1,"codDisplay":"DS-_24","codDiv":"DIV_24","qtyEstimated":345.00,"perceDiscount1":0.50,"perceDiscount2":0.90,"numMeasure":8.00,"codMeasure":"MEASURE_24","details":[],"measureFields":[]},{"idAction":1111,"codProduct":"PRD_44","levProduct":1,"codDisplay":"DSP_44","codDiv":"DIC_44","qtyEstimated":44.00,"perceDiscount1":0.10,"perceDiscount2":0.50,"numMeasure":76.00,"codMeasure":"MEASURE_44","details":[],"measureFields":[]},{"idAction":1111,"codProduct":"PRD_765","levProduct":1,"codDisplay":"DSP_567","codDiv":"DIV_765","qtyEstimated":5.60,"perceDiscount1":0.50,"perceDiscount2":0.40,"numMeasure":999.00,"codMeasure":"765","details":[],"measureFields":[]},{"idAction":1111,"codProduct":"PROD-1111","levProduct":1,"codDisplay":"DISP-1111","codDiv":"DIV-1111","qtyEstimated":0.00,"perceDiscount1":0.00,"perceDiscount2":0.00,"numMeasure":1.00,"codMeasure":"EA","details":[{"idAction":1111,"codProduct":"PROD-1111","levProduct":1,"codDisplay":"DISP-1111","codNode":"ddd","codDiv":"DIV5005","flgInclusion":true,"articles":[]}],"measureFields":[]},{"idAction":1111,"codProduct":"PROD-2323","levProduct":1,"codDisplay":"DSP-2323","codDiv":"D-2322","qtyEstimated":2340.00,"perceDiscount1":0.40,"perceDiscount2":45.00,"numMeasure":0.00,"codMeasure":"PALLET","details":[{"idAction":1111,"codProduct":"PROD-2323","levProduct":1,"codDisplay":"DSP-2323","codNode":"NODE-2323","codDiv":"D-2323","flgInclusion":true,"articles":[{"idAction":1111,"codProduct":"PROD-2323","levProduct":1,"codDisplay":"DSP-2323","codDiv":"D-2323","codNode":"NODE-2323","codNode1":"A1-2323","codNode2":"A2-2323","codNodeN":"AN-2323"}]}],"measureFields":[]},{"idAction":2020,"codProduct":"PRD_1","levProduct":1,"codDisplay":"DIV_1","codDiv":"DIV_1","qtyEstimated":78.00,"perceDiscount1":6.00,"perceDiscount2":8.00,"numMeasure":78788.00,"codMeasure":"1","details":[],"measureFields":[]},{"idAction":2020,"codProduct":"PRD_24","levProduct":1,"codDisplay":"DS-_24","codDiv":"DIV_24","qtyEstimated":345.00,"perceDiscount1":0.50,"perceDiscount2":0.90,"numMeasure":8.00,"codMeasure":"MEASURE_24","details":[],"measureFields":[]},{"idAction":2020,"codProduct":"PRD_44","levProduct":1,"codDisplay":"DSP_44","codDiv":"DIC_44","qtyEstimated":44.00,"perceDiscount1":0.10,"perceDiscount2":0.50,"numMeasure":76.00,"codMeasure":"MEASURE_44","details":[],"measureFields":[]},{"idAction":2020,"codProduct":"PRD_765","levProduct":0,"codDisplay":"DSP_765","codDiv":"DIV_765","qtyEstimated":234.00,"perceDiscount1":0.50,"perceDiscount2":0.56,"numMeasure":765.00,"codMeasure":"MEASURE_765","details":[],"measureFields":[]},{"idAction":2020,"codProduct":"PRD_765","levProduct":0,"codDisplay":"DSP-765","codDiv":"DIV_765","qtyEstimated":345.00,"perceDiscount1":3.55,"perceDiscount2":67.00,"numMeasure":765.00,"codMeasure":"MEASURE_765","details":[],"measureFields":[]},{"idAction":2020,"codProduct":"PRD-2020","levProduct":1,"codDisplay":"DSP-2020","codDiv":"D-2020","qtyEstimated":2000.00,"perceDiscount1":11.00,"perceDiscount2":23.00,"numMeasure":0.00,"codMeasure":"BOX","details":[{"idAction":2020,"codProduct":"PRD-2020","levProduct":1,"codDisplay":"DSP-2020","codNode":"NODE-2020","codDiv":"D-2020","flgInclusion":true,"articles":[{"idAction":2020,"codProduct":"PRD-2020","levProduct":1,"codDisplay":"DSP-2020","codDiv":"D-2020","codNode":"NODE-2020","codNode1":"A1-2020","codNode2":"A2-2020","codNodeN":"AN-2020"}]}],"measureFields":[]},{"idAction":2323,"codProduct":"PRD_08","levProduct":0,"codDisplay":"DSP_08","codDiv":"DIV_08","qtyEstimated":11.00,"perceDiscount1":22.00,"perceDiscount2":2.00,"numMeasure":2.00,"codMeasure":"08","details":[],"measureFields":[]},{"idAction":2323,"codProduct":"PRD_1","levProduct":1,"codDisplay":"DIV_1","codDiv":"DIV_1","qtyEstimated":78.00,"perceDiscount1":6.00,"perceDiscount2":8.00,"numMeasure":78788.00,"codMeasure":"1","details":[],"measureFields":[]},{"idAction":2323,"codProduct":"PRD_23","levProduct":0,"codDisplay":"DSP_23","codDiv":"DIV_23","qtyEstimated":28.00,"perceDiscount1":7.00,"perceDiscount2":2.00,"numMeasure":7.00,"codMeasure":"MEASURE_23","details":[],"measureFields":[]},{"idAction":2323,"codProduct":"PRD_24","levProduct":1,"codDisplay":"DS-_24","codDiv":"DIV_24","qtyEstimated":345.00,"perceDiscount1":0.50,"perceDiscount2":0.90,"numMeasure":8.00,"codMeasure":"MEASURE_24","details":[],"measureFields":[]},{"idAction":2323,"codProduct":"PRD_34","levProduct":1,"codDisplay":"DSP_34","codDiv":"DIV_34","qtyEstimated":2345.00,"perceDiscount1":0.60,"perceDiscount2":8.87,"numMeasure":34.00,"codMeasure":"MEASURE_34","details":[],"measureFields":[]},{"idAction":2323,"codProduct":"PRD_44","levProduct":1,"codDisplay":"DSP_44","codDiv":"DIC_44","qtyEstimated":44.00,"perceDiscount1":0.10,"perceDiscount2":0.50,"numMeasure":76.00,"codMeasure":"MEASURE_44","details":[],"measureFields":[]},{"idAction":2323,"codProduct":"PRD_55","levProduct":1,"codDisplay":"DSP_55","codDiv":"DIV_55","qtyEstimated":66.00,"perceDiscount1":0.50,"perceDiscount2":0.10,"numMeasure":34.00,"codMeasure":"55","details":[],"measureFields":[]},{"idAction":2323,"codProduct":"PRD_765","levProduct":0,"codDisplay":"DSP_567","codDiv":"DIV_765","qtyEstimated":5.60,"perceDiscount1":0.50,"perceDiscount2":0.40,"numMeasure":999.00,"codMeasure":"765","details":[],"measureFields":[]},{"idAction":2323,"codProduct":"PROD-2323","levProduct":1,"codDisplay":"DSP-2323","codDiv":"D-2322","qtyEstimated":2340.00,"perceDiscount1":0.40,"perceDiscount2":45.00,"numMeasure":0.00,"codMeasure":"PALLET","details":[{"idAction":2323,"codProduct":"PROD-2323","levProduct":1,"codDisplay":"DSP-2323","codNode":"NODE-2323","codDiv":"D-2323","flgInclusion":true,"articles":[{"idAction":2323,"codProduct":"PROD-2323","levProduct":1,"codDisplay":"DSP-2323","codDiv":"D-2323","codNode":"NODE-2323","codNode1":"A1-2323","codNode2":"A2-2323","codNodeN":"AN-2323"}]}],"measureFields":[]},{"idAction":5005,"codProduct":"PROD-1111","levProduct":1,"codDisplay":"DISP-1111","codDiv":"DIV-1111","qtyEstimated":0.00,"perceDiscount1":0.00,"perceDiscount2":0.00,"numMeasure":1.00,"codMeasure":"EA","details":[{"idAction":5005,"codProduct":"PROD-1111","levProduct":1,"codDisplay":"DISP-1111","codNode":"ddd","codDiv":"DIV5005","flgInclusion":true,"articles":[]}],"measureFields":[]},{"idAction":6000,"codProduct":"PRD_6666","levProduct":1,"codDisplay":"DSP_6666","codDiv":"DIV_6666","qtyEstimated":14.00,"perceDiscount1":0.80,"perceDiscount2":8.90,"numMeasure":654.00,"codMeasure":"MEASURE_6666","details":[],"measureFields":[]},{"idAction":6000,"codProduct":"PRD_99","levProduct":1,"codDisplay":"DSP_99","codDiv":"DIV_99","qtyEstimated":456.00,"perceDiscount1":9.80,"perceDiscount2":7.70,"numMeasure":999.00,"codMeasure":"MEASURE_99","details":[{"idAction":6000,"codProduct":"PRD_99","levProduct":1,"codDisplay":"DSP_99","codNode":"NODE_99","codDiv":"DIV_99","flgInclusion":true,"articles":[{"idAction":6000,"codProduct":"PRD_99","levProduct":1,"codDisplay":"DSP_99","codDiv":"DIV_99","codNode":"NODE_99","codNode1":"HBKK","codNode2":"KHNKH","codNodeN":"IYGFTUFTY"}]}],"measureFields":[]},{"idAction":6000,"codProduct":"PROD-6000","levProduct":1,"codDisplay":"DISP-6000","codDiv":"DIV-6000","qtyEstimated":100.00,"perceDiscount1":15.00,"perceDiscount2":0.00,"numMeasure":1.00,"codMeasure":"UNIT","details":[{"idAction":6000,"codProduct":"PROD-6000","levProduct":1,"codDisplay":"DISP-6000","codNode":"DET-6000","codDiv":"DIV-6000","flgInclusion":true,"articles":[{"idAction":6000,"codProduct":"PROD-6000","levProduct":1,"codDisplay":"DISP-6000","codDiv":"DIV-6000","codNode":"DET-6000","codNode1":"SKU-6001","codNode2":"V-GOLD","codNodeN":"SIZE-XL"}]}],"measureFields":[]},{"idAction":6767,"codProduct":"PRD_7777","levProduct":1,"codDisplay":"DSP_7777","codDiv":"DIV_7777","qtyEstimated":3423.00,"perceDiscount1":9.80,"perceDiscount2":5.60,"numMeasure":3432.00,"codMeasure":"MEASURE_7777","details":[{"idAction":6767,"codProduct":"PRD_7777","levProduct":1,"codDisplay":"DSP_7777","codNode":"NODE_7777","codDiv":"DIV_7777","flgInclusion":true,"articles":[{"idAction":6767,"codProduct":"PRD_7777","levProduct":1,"codDisplay":"DSP_7777","codDiv":"DIV_7777","codNode":"NODE_7777","codNode1":"ABC","codNode2":"DEF","codNodeN":"HBJ"}]}],"measureFields":[]},{"idAction":6767,"codProduct":"PROD-6767","levProduct":1,"codDisplay":"DSP-6767","codDiv":"DIV-6767","qtyEstimated":5000.00,"perceDiscount1":23.50,"perceDiscount2":45.60,"numMeasure":0.00,"codMeasure":"PALLET","details":[{"idAction":6767,"codProduct":"PROD-6767","levProduct":1,"codDisplay":"DSP-6767","codNode":"NODE-6767","codDiv":"DIV-6767","flgInclusion":true,"articles":[{"idAction":6767,"codProduct":"PROD-6767","levProduct":1,"codDisplay":"DSP-6767","codDiv":"DIV-6767","codNode":"NODE-6767","codNode1":"A1-6767","codNode2":"A2-6767","codNodeN":"AN-6767"}]}],"measureFields":[]},{"idAction":7000,"codProduct":"PROD-7000","levProduct":1,"codDisplay":"DISP-7000","codDiv":"DIV-7000","qtyEstimated":500.00,"perceDiscount1":null,"perceDiscount2":null,"numMeasure":null,"codMeasure":null,"details":[],"measureFields":[]},{"idAction":8888,"codProduct":"PROD-5555","levProduct":1,"codDisplay":"DISP-5555","codDiv":"DIV-5555","qtyEstimated":500.00,"perceDiscount1":0.00,"perceDiscount2":0.00,"numMeasure":0.00,"codMeasure":null,"details":[{"idAction":8888,"codProduct":"PROD-5555","levProduct":1,"codDisplay":"DISP-5555","codNode":"NODE-5555","codDiv":"DIV-5555","flgInclusion":true,"articles":[{"idAction":8888,"codProduct":"PROD-5555","levProduct":1,"codDisplay":"DISP-5555","codDiv":"DIV-5555","codNode":"NODE-5555","codNode1":null,"codNode2":null,"codNodeN":null}]}],"measureFields":[]},{"idAction":8888,"codProduct":"PROD-8888","levProduct":1,"codDisplay":"DISP-8888","codDiv":"DIV-8888","qtyEstimated":2000.00,"perceDiscount1":null,"perceDiscount2":null,"numMeasure":null,"codMeasure":null,"details":[{"idAction":8888,"codProduct":"PROD-8888","levProduct":1,"codDisplay":"DISP-8888","codNode":"NODE-8888","codDiv":"DIV-8888","flgInclusion":true,"articles":[{"idAction":8888,"codProduct":"PROD-8888","levProduct":1,"codDisplay":"DISP-8888","codDiv":"DIV-8888","codNode":"NODE-8888","codNode1":"A1","codNode2":null,"codNodeN":null}]}],"measureFields":[]},{"idAction":9000,"codProduct":"PROD-9000","levProduct":1,"codDisplay":"DISP-9000","codDiv":"DIV-9000","qtyEstimated":2000.00,"perceDiscount1":null,"perceDiscount2":null,"numMeasure":null,"codMeasure":null,"details":[{"idAction":9000,"codProduct":"PROD-9000","levProduct":1,"codDisplay":"DISP-9000","codNode":"NODE-9000","codDiv":"DIV-9000","flgInclusion":true,"articles":[{"idAction":9000,"codProduct":"PROD-9000","levProduct":1,"codDisplay":"DISP-9000","codDiv":"DIV-9000","codNode":"NODE-9000","codNode1":"A1","codNode2":null,"codNodeN":null}]}],"measureFields":[]},{"idAction":9999,"codProduct":"PROD-9999","levProduct":1,"codDisplay":"DISP-9999","codDiv":"DIV-9999","qtyEstimated":777.00,"perceDiscount1":null,"perceDiscount2":null,"numMeasure":null,"codMeasure":null,"details":[{"idAction":9999,"codProduct":"PROD-9999","levProduct":1,"codDisplay":"DISP-9999","codNode":"NODE-9999","codDiv":"DIV-9999","flgInclusion":true,"articles":[{"idAction":9999,"codProduct":"PROD-9999","levProduct":1,"codDisplay":"DISP-9999","codDiv":"DIV-9999","codNode":"NODE-9999","codNode1":"ERR","codNode2":null,"codNodeN":null}]}],"measureFields":[]}]
2026-01-29 10:52:59.785 +05:00 [INF] HTTP GET /api/promotions/products responded 200 in 33.7016 ms
2026-01-29 10:53:10.026 +05:00 [INF] HTTP GET /api/promotions/actions responded 200 in 11.0347 ms | User: Talha (N/A) | IP: ::1 | RequestBody:  | ResponseBody: [{"idAction":3,"name":"PROMO_3","codDiv":"DIV_3","dteStartSellIn":"2026-01-14T10:44:00","dteEndSellIn":"2026-01-15T10:45:00","dteStartSellOut":"2026-01-25T10:45:00","dteEndSellOut":"2026-01-30T10:45:00","documentKey":"KEY_3","dteToShost":"2026-01-10T10:44:00","levParticipants":3},{"idAction":5,"name":"PROMO_5","codDiv":"DIV_5","dteStartSellIn":"2026-02-24T10:49:00","dteEndSellIn":"2026-02-21T10:49:00","dteStartSellOut":"2026-02-24T10:49:00","dteEndSellOut":"2026-02-27T10:49:00","documentKey":"DOC_KEY_5","dteToShost":"2026-01-18T10:48:00","levParticipants":5},{"idAction":10,"name":"PROMO_10","codDiv":"DIV_10","dteStartSellIn":"2026-01-30T14:45:00","dteEndSellIn":"2026-01-31T14:45:00","dteStartSellOut":"2026-01-23T14:45:00","dteEndSellOut":"2026-01-24T14:45:00","documentKey":"DOCC_KEY_10","dteToShost":"2026-01-29T14:44:00","levParticipants":10},{"idAction":45,"name":"cccc","codDiv":"DIV01","dteStartSellIn":"2026-01-16T00:00:00","dteEndSellIn":"2026-01-17T00:00:00","dteStartSellOut":"2026-01-16T00:00:00","dteEndSellOut":"2026-01-17T00:00:00","documentKey":null,"dteToShost":null,"levParticipants":2},{"idAction":1111,"name":"PROMO_1111","codDiv":"DIV_1111","dteStartSellIn":"2026-01-01T17:00:00","dteEndSellIn":"2026-01-30T17:02:00","dteStartSellOut":"2026-01-17T17:02:00","dteEndSellOut":"2026-01-28T17:02:00","documentKey":"1111_DOCC_KEY","dteToShost":"2026-01-13T17:02:00","levParticipants":11},{"idAction":2020,"name":"Spring Special 2020","codDiv":"D-2020","dteStartSellIn":"2026-01-03T12:28:00","dteEndSellIn":"2026-01-04T12:28:00","dteStartSellOut":"2026-01-05T12:28:00","dteEndSellOut":"2026-01-06T12:28:00","documentKey":"DOC-SPRING-2020","dteToShost":"2026-01-02T12:28:00","levParticipants":1},{"idAction":2222,"name":"haseeb","codDiv":"DIV02","dteStartSellIn":"2026-01-28T00:00:00","dteEndSellIn":"2026-01-30T00:00:00","dteStartSellOut":"2026-01-28T00:00:00","dteEndSellOut":"2026-01-30T00:00:00","documentKey":null,"dteToShost":null,"levParticipants":2},{"idAction":2323,"name":"Winter Sale Campaign 2323","codDiv":"D-2323","dteStartSellIn":"2026-01-19T14:39:00","dteEndSellIn":"2026-01-20T14:40:00","dteStartSellOut":"2026-01-21T14:40:00","dteEndSellOut":"2026-01-22T14:40:00","documentKey":"DOC-WINTER-2323","dteToShost":"2026-01-30T14:39:00","levParticipants":1},{"idAction":5005,"name":"bbb","codDiv":"DIV5005","dteStartSellIn":"2026-01-23T00:00:00","dteEndSellIn":"2026-01-30T00:00:00","dteStartSellOut":"2026-01-26T00:00:00","dteEndSellOut":"2026-01-18T00:00:00","documentKey":"555553","dteToShost":"2026-01-19T00:00:00","levParticipants":14},{"idAction":6000,"name":"Zero Redundancy Campaign 6000","codDiv":"DIV-6000","dteStartSellIn":"2026-01-01T00:00:00","dteEndSellIn":"2026-01-31T00:00:00","dteStartSellOut":"2026-02-01T00:00:00","dteEndSellOut":"2026-02-28T00:00:00","documentKey":"DOC-6000","dteToShost":"2026-01-05T00:00:00","levParticipants":1},{"idAction":6767,"name":"XTEL Launch Promo 6767","codDiv":"DIV-6767","dteStartSellIn":"2026-01-20T12:16:00","dteEndSellIn":"2026-01-21T12:16:00","dteStartSellOut":"2026-01-22T12:16:00","dteEndSellOut":"2026-01-23T12:16:00","documentKey":"DOC-XTEL-6767","dteToShost":"2026-01-03T12:16:00","levParticipants":1},{"idAction":7000,"name":"Atomic Campaign 7000","codDiv":"DIV-7000","dteStartSellIn":"2026-01-01T00:00:00","dteEndSellIn":"2026-01-31T00:00:00","dteStartSellOut":"2026-02-01T00:00:00","dteEndSellOut":"2026-02-28T00:00:00","documentKey":"DOC-7000","dteToShost":null,"levParticipants":1},{"idAction":8888,"name":"Atomic Campaign 8888 Complete","codDiv":"DIV-8888","dteStartSellIn":"2026-01-01T00:00:00","dteEndSellIn":"2026-01-31T00:00:00","dteStartSellOut":"2026-02-01T00:00:00","dteEndSellOut":"2026-02-28T00:00:00","documentKey":"DOC-8888","dteToShost":null,"levParticipants":1},{"idAction":9000,"name":"Balanced Atomic Campaign 9000","codDiv":"DIV-9000","dteStartSellIn":"2026-01-01T00:00:00","dteEndSellIn":"2026-01-31T00:00:00","dteStartSellOut":"2026-02-01T00:00:00","dteEndSellOut":"2026-02-28T00:00:00","documentKey":"DOC-9000","dteToShost":null,"levParticipants":1},{"idAction":9999,"name":"I should not exist in DB","codDiv":"DIV-9999","dteStartSellIn":"2026-01-01T00:00:00","dteEndSellIn":"2026-01-31T00:00:00","dteStartSellOut":"2026-02-01T00:00:00","dteEndSellOut":"2026-02-28T00:00:00","documentKey":"DOC-9999","dteToShost":null,"levParticipants":1}]
2026-01-29 10:53:10.040 +05:00 [INF] HTTP GET /api/promotions/actions responded 200 in 25.8517 ms
2026-01-29 10:53:10.041 +05:00 [INF] HTTP GET /api/promotions/customer-relations responded 200 in 12.2029 ms | User: Talha (N/A) | IP: ::1 | RequestBody:  | ResponseBody: [{"idAction":0,"codHier":"5555","codDiv":"div5555","codNode":"f5555","idLevel":1,"dteStart":"2026-01-15T00:00:00","codParentNode":"root","dteEnd":null},{"idAction":0,"codHier":"56","codDiv":"565","codNode":"56","idLevel":55,"dteStart":"2026-01-29T00:44:00","codParentNode":"haseeb","dteEnd":"2026-01-26T00:44:00"},{"idAction":0,"codHier":"H_10","codDiv":"DIV_10","codNode":"NODE_10","idLevel":10,"dteStart":"2026-01-01T14:45:00","codParentNode":"ROOT_10","dteEnd":"2026-01-31T14:44:00"},{"idAction":0,"codHier":"H_1111","codDiv":"DIV_1111","codNode":"NODE_1111","idLevel":11,"dteStart":"2026-01-01T17:00:00","codParentNode":"ROOT_1111","dteEnd":"2026-01-30T17:01:00"},{"idAction":0,"codHier":"H_3","codDiv":"DIV_3","codNode":"NODE_3","idLevel":3,"dteStart":"2026-01-01T10:45:00","codParentNode":"ROOT_3","dteEnd":"2026-01-30T10:44:00"},{"idAction":0,"codHier":"H_5","codDiv":"DIV_5","codNode":"NODE_5","idLevel":5,"dteStart":"2026-01-30T10:50:00","codParentNode":"ROOT_5","dteEnd":"2026-01-31T10:48:00"},{"idAction":0,"codHier":"H-1010","codDiv":"D-1010","codNode":"C-1010","idLevel":1,"dteStart":"2026-01-01T11:54:00","codParentNode":"root","dteEnd":"2026-01-12T11:54:00"},{"idAction":0,"codHier":"H-11","codDiv":"DIV-11","codNode":"C-11","idLevel":11,"dteStart":"2026-01-01T15:05:00","codParentNode":"ROOT","dteEnd":"2026-01-31T15:05:00"},{"idAction":0,"codHier":"H-1111","codDiv":"DIV-1111","codNode":"CUST-1111","idLevel":10,"dteStart":"2026-01-01T00:00:00","codParentNode":"ROOT","dteEnd":null},{"idAction":0,"codHier":"H-1414","codDiv":"D-1414","codNode":"C-1414","idLevel":4,"dteStart":"2026-01-01T14:45:00","codParentNode":"ROOT","dteEnd":"2026-01-15T14:45:00"},{"idAction":0,"codHier":"H-2","codDiv":"DIV-2","codNode":"CUST-2","idLevel":2,"dteStart":"2026-01-01T12:40:00","codParentNode":"ROOT","dteEnd":"2026-01-16T12:37:00"},{"idAction":0,"codHier":"H-2","codDiv":"DIV-2","codNode":"CUST-2","idLevel":2,"dteStart":"2026-01-21T12:37:00","codParentNode":"ROOT","dteEnd":"2026-01-24T12:37:00"},{"idAction":0,"codHier":"H-2020","codDiv":"D-2020","codNode":"C-2020","idLevel":2,"dteStart":"2026-01-02T12:27:00","codParentNode":"root","dteEnd":"2026-01-30T12:27:00"},{"idAction":0,"codHier":"H-2255","codDiv":"DIV-2255","codNode":"CUST-2255","idLevel":10,"dteStart":"2026-01-01T00:00:00","codParentNode":"ROOT","dteEnd":null},{"idAction":0,"codHier":"H-2323","codDiv":"D-2323","codNode":"C-2323","idLevel":4,"dteStart":"2026-01-01T12:48:00","codParentNode":"ROOT","dteEnd":"2026-01-12T12:49:00"},{"idAction":0,"codHier":"H-3333","codDiv":"DIV-3333","codNode":"CUST-3333","idLevel":10,"dteStart":"2026-01-01T00:00:00","codParentNode":"ROOT","dteEnd":null},{"idAction":0,"codHier":"H-3344","codDiv":"DIV-3345","codNode":"CUST-3345","idLevel":10,"dteStart":"2026-01-01T00:00:00","codParentNode":"ROOT","dteEnd":null},{"idAction":0,"codHier":"H-3345","codDiv":"DIV-3345","codNode":"CUST-3345","idLevel":10,"dteStart":"2026-01-01T00:00:00","codParentNode":"ROOT","dteEnd":null},{"idAction":0,"codHier":"H-4","codDiv":"DIV-4","codNode":"CUST-4","idLevel":4,"dteStart":"2026-01-01T14:44:00","codParentNode":"ROOT","dteEnd":"2026-01-02T14:44:00"},{"idAction":0,"codHier":"H-5555","codDiv":"DIV-5555","codNode":"CUST-5555","idLevel":10,"dteStart":"2026-01-01T00:00:00","codParentNode":"ROOT","dteEnd":null},{"idAction":0,"codHier":"H-6000","codDiv":"DIV-6000","codNode":"CUST-6000","idLevel":10,"dteStart":"2026-01-01T00:00:00","codParentNode":"ROOT","dteEnd":"2026-12-31T00:00:00"},{"idAction":0,"codHier":"H-6666","codDiv":"DIV-6666","codNode":"CUST-6666","idLevel":10,"dteStart":"2026-01-17T01:30:00","codParentNode":"ROOT","dteEnd":"2026-01-18T01:30:00"},{"idAction":0,"codHier":"H-6767","codDiv":"DIV-6767","codNode":"CUST-6767","idLevel":5,"dteStart":"2026-01-01T12:15:00","codParentNode":"ROOT","dteEnd":"2026-01-08T12:15:00"},{"idAction":0,"codHier":"H-7000","codDiv":"DIV-7000","codNode":"CUST-7000","idLevel":10,"dteStart":"2026-01-01T00:00:00","codParentNode":"ROOT","dteEnd":null},{"idAction":0,"codHier":"H-7777","codDiv":"DIV-7777","codNode":"CUST-7777","idLevel":10,"dteStart":"2026-01-01T00:00:00","codParentNode":"ROOT","dteEnd":null},{"idAction":0,"codHier":"H-7878","codDiv":"DIV-7878","codNode":"CUST-7878","idLevel":3,"dteStart":"2026-01-18T11:43:00","codParentNode":"ROOT","dteEnd":"2026-01-19T11:43:00"},{"idAction":0,"codHier":"H-8000","codDiv":"DIV-8000","codNode":"CUST-8000","idLevel":10,"dteStart":"2026-01-01T00:00:00","codParentNode":"ROOT","dteEnd":null},{"idAction":0,"codHier":"H-8888","codDiv":"DIV-8888","codNode":"CUST-8888","idLevel":10,"dteStart":"2026-01-01T00:00:00","codParentNode":"ROOT","dteEnd":null},{"idAction":0,"codHier":"H-9000","codDiv":"DIV-9000","codNode":"CUST-9000","idLevel":10,"dteStart":"2026-01-01T00:00:00","codParentNode":"ROOT","dteEnd":null},{"idAction":0,"codHier":"H-9999","codDiv":"DIV-9999","codNode":"CUST-9999","idLevel":10,"dteStart":"2026-01-01T00:00:00","codParentNode":"ROOT","dteEnd":null},{"idAction":0,"codHier":"HIER_CORP","codDiv":"DIV01","codNode":"NODE_9111","idLevel":1,"dteStart":"2026-01-15T00:00:00","codParentNode":"ROOT_NODE","dteEnd":null}]
2026-01-29 10:53:10.053 +05:00 [INF] HTTP GET /api/promotions/customer-relations responded 200 in 24.0304 ms
2026-01-29 10:53:10.137 +05:00 [INF] HTTP GET /api/promotions/actions responded 200 in 6.4974 ms | User: Talha (N/A) | IP: ::1 | RequestBody:  | ResponseBody: [{"idAction":3,"name":"PROMO_3","codDiv":"DIV_3","dteStartSellIn":"2026-01-14T10:44:00","dteEndSellIn":"2026-01-15T10:45:00","dteStartSellOut":"2026-01-25T10:45:00","dteEndSellOut":"2026-01-30T10:45:00","documentKey":"KEY_3","dteToShost":"2026-01-10T10:44:00","levParticipants":3},{"idAction":5,"name":"PROMO_5","codDiv":"DIV_5","dteStartSellIn":"2026-02-24T10:49:00","dteEndSellIn":"2026-02-21T10:49:00","dteStartSellOut":"2026-02-24T10:49:00","dteEndSellOut":"2026-02-27T10:49:00","documentKey":"DOC_KEY_5","dteToShost":"2026-01-18T10:48:00","levParticipants":5},{"idAction":10,"name":"PROMO_10","codDiv":"DIV_10","dteStartSellIn":"2026-01-30T14:45:00","dteEndSellIn":"2026-01-31T14:45:00","dteStartSellOut":"2026-01-23T14:45:00","dteEndSellOut":"2026-01-24T14:45:00","documentKey":"DOCC_KEY_10","dteToShost":"2026-01-29T14:44:00","levParticipants":10},{"idAction":45,"name":"cccc","codDiv":"DIV01","dteStartSellIn":"2026-01-16T00:00:00","dteEndSellIn":"2026-01-17T00:00:00","dteStartSellOut":"2026-01-16T00:00:00","dteEndSellOut":"2026-01-17T00:00:00","documentKey":null,"dteToShost":null,"levParticipants":2},{"idAction":1111,"name":"PROMO_1111","codDiv":"DIV_1111","dteStartSellIn":"2026-01-01T17:00:00","dteEndSellIn":"2026-01-30T17:02:00","dteStartSellOut":"2026-01-17T17:02:00","dteEndSellOut":"2026-01-28T17:02:00","documentKey":"1111_DOCC_KEY","dteToShost":"2026-01-13T17:02:00","levParticipants":11},{"idAction":2020,"name":"Spring Special 2020","codDiv":"D-2020","dteStartSellIn":"2026-01-03T12:28:00","dteEndSellIn":"2026-01-04T12:28:00","dteStartSellOut":"2026-01-05T12:28:00","dteEndSellOut":"2026-01-06T12:28:00","documentKey":"DOC-SPRING-2020","dteToShost":"2026-01-02T12:28:00","levParticipants":1},{"idAction":2222,"name":"haseeb","codDiv":"DIV02","dteStartSellIn":"2026-01-28T00:00:00","dteEndSellIn":"2026-01-30T00:00:00","dteStartSellOut":"2026-01-28T00:00:00","dteEndSellOut":"2026-01-30T00:00:00","documentKey":null,"dteToShost":null,"levParticipants":2},{"idAction":2323,"name":"Winter Sale Campaign 2323","codDiv":"D-2323","dteStartSellIn":"2026-01-19T14:39:00","dteEndSellIn":"2026-01-20T14:40:00","dteStartSellOut":"2026-01-21T14:40:00","dteEndSellOut":"2026-01-22T14:40:00","documentKey":"DOC-WINTER-2323","dteToShost":"2026-01-30T14:39:00","levParticipants":1},{"idAction":5005,"name":"bbb","codDiv":"DIV5005","dteStartSellIn":"2026-01-23T00:00:00","dteEndSellIn":"2026-01-30T00:00:00","dteStartSellOut":"2026-01-26T00:00:00","dteEndSellOut":"2026-01-18T00:00:00","documentKey":"555553","dteToShost":"2026-01-19T00:00:00","levParticipants":14},{"idAction":6000,"name":"Zero Redundancy Campaign 6000","codDiv":"DIV-6000","dteStartSellIn":"2026-01-01T00:00:00","dteEndSellIn":"2026-01-31T00:00:00","dteStartSellOut":"2026-02-01T00:00:00","dteEndSellOut":"2026-02-28T00:00:00","documentKey":"DOC-6000","dteToShost":"2026-01-05T00:00:00","levParticipants":1},{"idAction":6767,"name":"XTEL Launch Promo 6767","codDiv":"DIV-6767","dteStartSellIn":"2026-01-20T12:16:00","dteEndSellIn":"2026-01-21T12:16:00","dteStartSellOut":"2026-01-22T12:16:00","dteEndSellOut":"2026-01-23T12:16:00","documentKey":"DOC-XTEL-6767","dteToShost":"2026-01-03T12:16:00","levParticipants":1},{"idAction":7000,"name":"Atomic Campaign 7000","codDiv":"DIV-7000","dteStartSellIn":"2026-01-01T00:00:00","dteEndSellIn":"2026-01-31T00:00:00","dteStartSellOut":"2026-02-01T00:00:00","dteEndSellOut":"2026-02-28T00:00:00","documentKey":"DOC-7000","dteToShost":null,"levParticipants":1},{"idAction":8888,"name":"Atomic Campaign 8888 Complete","codDiv":"DIV-8888","dteStartSellIn":"2026-01-01T00:00:00","dteEndSellIn":"2026-01-31T00:00:00","dteStartSellOut":"2026-02-01T00:00:00","dteEndSellOut":"2026-02-28T00:00:00","documentKey":"DOC-8888","dteToShost":null,"levParticipants":1},{"idAction":9000,"name":"Balanced Atomic Campaign 9000","codDiv":"DIV-9000","dteStartSellIn":"2026-01-01T00:00:00","dteEndSellIn":"2026-01-31T00:00:00","dteStartSellOut":"2026-02-01T00:00:00","dteEndSellOut":"2026-02-28T00:00:00","documentKey":"DOC-9000","dteToShost":null,"levParticipants":1},{"idAction":9999,"name":"I should not exist in DB","codDiv":"DIV-9999","dteStartSellIn":"2026-01-01T00:00:00","dteEndSellIn":"2026-01-31T00:00:00","dteStartSellOut":"2026-02-01T00:00:00","dteEndSellOut":"2026-02-28T00:00:00","documentKey":"DOC-9999","dteToShost":null,"levParticipants":1}]
2026-01-29 10:53:10.153 +05:00 [INF] HTTP GET /api/promotions/actions responded 200 in 22.9282 ms
2026-01-29 10:53:10.153 +05:00 [INF] HTTP GET /api/promotions/customer-relations responded 200 in 7.7145 ms | User: Talha (N/A) | IP: ::1 | RequestBody:  | ResponseBody: [{"idAction":0,"codHier":"5555","codDiv":"div5555","codNode":"f5555","idLevel":1,"dteStart":"2026-01-15T00:00:00","codParentNode":"root","dteEnd":null},{"idAction":0,"codHier":"56","codDiv":"565","codNode":"56","idLevel":55,"dteStart":"2026-01-29T00:44:00","codParentNode":"haseeb","dteEnd":"2026-01-26T00:44:00"},{"idAction":0,"codHier":"H_10","codDiv":"DIV_10","codNode":"NODE_10","idLevel":10,"dteStart":"2026-01-01T14:45:00","codParentNode":"ROOT_10","dteEnd":"2026-01-31T14:44:00"},{"idAction":0,"codHier":"H_1111","codDiv":"DIV_1111","codNode":"NODE_1111","idLevel":11,"dteStart":"2026-01-01T17:00:00","codParentNode":"ROOT_1111","dteEnd":"2026-01-30T17:01:00"},{"idAction":0,"codHier":"H_3","codDiv":"DIV_3","codNode":"NODE_3","idLevel":3,"dteStart":"2026-01-01T10:45:00","codParentNode":"ROOT_3","dteEnd":"2026-01-30T10:44:00"},{"idAction":0,"codHier":"H_5","codDiv":"DIV_5","codNode":"NODE_5","idLevel":5,"dteStart":"2026-01-30T10:50:00","codParentNode":"ROOT_5","dteEnd":"2026-01-31T10:48:00"},{"idAction":0,"codHier":"H-1010","codDiv":"D-1010","codNode":"C-1010","idLevel":1,"dteStart":"2026-01-01T11:54:00","codParentNode":"root","dteEnd":"2026-01-12T11:54:00"},{"idAction":0,"codHier":"H-11","codDiv":"DIV-11","codNode":"C-11","idLevel":11,"dteStart":"2026-01-01T15:05:00","codParentNode":"ROOT","dteEnd":"2026-01-31T15:05:00"},{"idAction":0,"codHier":"H-1111","codDiv":"DIV-1111","codNode":"CUST-1111","idLevel":10,"dteStart":"2026-01-01T00:00:00","codParentNode":"ROOT","dteEnd":null},{"idAction":0,"codHier":"H-1414","codDiv":"D-1414","codNode":"C-1414","idLevel":4,"dteStart":"2026-01-01T14:45:00","codParentNode":"ROOT","dteEnd":"2026-01-15T14:45:00"},{"idAction":0,"codHier":"H-2","codDiv":"DIV-2","codNode":"CUST-2","idLevel":2,"dteStart":"2026-01-01T12:40:00","codParentNode":"ROOT","dteEnd":"2026-01-16T12:37:00"},{"idAction":0,"codHier":"H-2","codDiv":"DIV-2","codNode":"CUST-2","idLevel":2,"dteStart":"2026-01-21T12:37:00","codParentNode":"ROOT","dteEnd":"2026-01-24T12:37:00"},{"idAction":0,"codHier":"H-2020","codDiv":"D-2020","codNode":"C-2020","idLevel":2,"dteStart":"2026-01-02T12:27:00","codParentNode":"root","dteEnd":"2026-01-30T12:27:00"},{"idAction":0,"codHier":"H-2255","codDiv":"DIV-2255","codNode":"CUST-2255","idLevel":10,"dteStart":"2026-01-01T00:00:00","codParentNode":"ROOT","dteEnd":null},{"idAction":0,"codHier":"H-2323","codDiv":"D-2323","codNode":"C-2323","idLevel":4,"dteStart":"2026-01-01T12:48:00","codParentNode":"ROOT","dteEnd":"2026-01-12T12:49:00"},{"idAction":0,"codHier":"H-3333","codDiv":"DIV-3333","codNode":"CUST-3333","idLevel":10,"dteStart":"2026-01-01T00:00:00","codParentNode":"ROOT","dteEnd":null},{"idAction":0,"codHier":"H-3344","codDiv":"DIV-3345","codNode":"CUST-3345","idLevel":10,"dteStart":"2026-01-01T00:00:00","codParentNode":"ROOT","dteEnd":null},{"idAction":0,"codHier":"H-3345","codDiv":"DIV-3345","codNode":"CUST-3345","idLevel":10,"dteStart":"2026-01-01T00:00:00","codParentNode":"ROOT","dteEnd":null},{"idAction":0,"codHier":"H-4","codDiv":"DIV-4","codNode":"CUST-4","idLevel":4,"dteStart":"2026-01-01T14:44:00","codParentNode":"ROOT","dteEnd":"2026-01-02T14:44:00"},{"idAction":0,"codHier":"H-5555","codDiv":"DIV-5555","codNode":"CUST-5555","idLevel":10,"dteStart":"2026-01-01T00:00:00","codParentNode":"ROOT","dteEnd":null},{"idAction":0,"codHier":"H-6000","codDiv":"DIV-6000","codNode":"CUST-6000","idLevel":10,"dteStart":"2026-01-01T00:00:00","codParentNode":"ROOT","dteEnd":"2026-12-31T00:00:00"},{"idAction":0,"codHier":"H-6666","codDiv":"DIV-6666","codNode":"CUST-6666","idLevel":10,"dteStart":"2026-01-17T01:30:00","codParentNode":"ROOT","dteEnd":"2026-01-18T01:30:00"},{"idAction":0,"codHier":"H-6767","codDiv":"DIV-6767","codNode":"CUST-6767","idLevel":5,"dteStart":"2026-01-01T12:15:00","codParentNode":"ROOT","dteEnd":"2026-01-08T12:15:00"},{"idAction":0,"codHier":"H-7000","codDiv":"DIV-7000","codNode":"CUST-7000","idLevel":10,"dteStart":"2026-01-01T00:00:00","codParentNode":"ROOT","dteEnd":null},{"idAction":0,"codHier":"H-7777","codDiv":"DIV-7777","codNode":"CUST-7777","idLevel":10,"dteStart":"2026-01-01T00:00:00","codParentNode":"ROOT","dteEnd":null},{"idAction":0,"codHier":"H-7878","codDiv":"DIV-7878","codNode":"CUST-7878","idLevel":3,"dteStart":"2026-01-18T11:43:00","codParentNode":"ROOT","dteEnd":"2026-01-19T11:43:00"},{"idAction":0,"codHier":"H-8000","codDiv":"DIV-8000","codNode":"CUST-8000","idLevel":10,"dteStart":"2026-01-01T00:00:00","codParentNode":"ROOT","dteEnd":null},{"idAction":0,"codHier":"H-8888","codDiv":"DIV-8888","codNode":"CUST-8888","idLevel":10,"dteStart":"2026-01-01T00:00:00","codParentNode":"ROOT","dteEnd":null},{"idAction":0,"codHier":"H-9000","codDiv":"DIV-9000","codNode":"CUST-9000","idLevel":10,"dteStart":"2026-01-01T00:00:00","codParentNode":"ROOT","dteEnd":null},{"idAction":0,"codHier":"H-9999","codDiv":"DIV-9999","codNode":"CUST-9999","idLevel":10,"dteStart":"2026-01-01T00:00:00","codParentNode":"ROOT","dteEnd":null},{"idAction":0,"codHier":"HIER_CORP","codDiv":"DIV01","codNode":"NODE_9111","idLevel":1,"dteStart":"2026-01-15T00:00:00","codParentNode":"ROOT_NODE","dteEnd":null}]
2026-01-29 10:53:10.171 +05:00 [INF] HTTP GET /api/participants/all responded 200 in 19.1843 ms | User: Talha (N/A) | IP: ::1 | RequestBody:  | ResponseBody: [{"idAction":3,"codParticipant":"NODE_3","flgInclusion":true,"codHier":"H_3","codDiv":"DIV_3","codNode":"NODE_3","idLevel":3,"dteStart":"2026-01-01T10:45:00"},{"idAction":5,"codParticipant":"NODE_5","flgInclusion":true,"codHier":"H_5","codDiv":"DIV_5","codNode":"NODE_5","idLevel":5,"dteStart":"2026-01-30T10:50:00"},{"idAction":10,"codParticipant":"NODE_10","flgInclusion":true,"codHier":"H_10","codDiv":"DIV_10","codNode":"NODE_10","idLevel":10,"dteStart":"2026-01-01T14:45:00"},{"idAction":1111,"codParticipant":"NODE_1111","flgInclusion":true,"codHier":"H_1111","codDiv":"DIV_1111","codNode":"NODE_1111","idLevel":11,"dteStart":"2026-01-01T17:00:00"},{"idAction":2323,"codParticipant":"P-2323","flgInclusion":true,"codHier":"H-2323","codDiv":"D-2323","codNode":"C-2323","idLevel":4,"dteStart":"2026-01-01T12:48:00"},{"idAction":5005,"codParticipant":"","flgInclusion":true,"codHier":"H-9999","codDiv":"DIV-9999","codNode":"CUST-9999","idLevel":10,"dteStart":"2026-01-01T00:00:00"},{"idAction":6000,"codParticipant":"P-6000","flgInclusion":true,"codHier":"H-6000","codDiv":"DIV-6000","codNode":"CUST-6000","idLevel":10,"dteStart":"2026-01-01T00:00:00"},{"idAction":6767,"codParticipant":"P-6767","flgInclusion":false,"codHier":"H-6767","codDiv":"DIV-6767","codNode":"CUST-6767","idLevel":5,"dteStart":"2026-01-01T12:15:00"},{"idAction":7000,"codParticipant":"P-7000","flgInclusion":true,"codHier":"H-7000","codDiv":"DIV-7000","codNode":"CUST-7000","idLevel":10,"dteStart":"2026-01-01T00:00:00"},{"idAction":8888,"codParticipant":"P-8888","flgInclusion":true,"codHier":"H-8888","codDiv":"DIV-8888","codNode":"CUST-8888","idLevel":10,"dteStart":"2026-01-01T00:00:00"},{"idAction":9000,"codParticipant":"P-9000","flgInclusion":true,"codHier":"H-9000","codDiv":"DIV-9000","codNode":"CUST-9000","idLevel":10,"dteStart":"2026-01-01T00:00:00"},{"idAction":9999,"codParticipant":"P-9999","flgInclusion":true,"codHier":"H-9999","codDiv":"DIV-9999","codNode":"CUST-9999","idLevel":10,"dteStart":"2026-01-01T00:00:00"}]
2026-01-29 10:53:10.172 +05:00 [INF] HTTP GET /api/promotions/customer-relations responded 200 in 26.5053 ms
2026-01-29 10:53:10.179 +05:00 [INF] HTTP GET /api/participants/all responded 200 in 26.4824 ms
2026-01-29 10:53:10.259 +05:00 [INF] HTTP GET /api/participants/all responded 200 in 9.7265 ms | User: Talha (N/A) | IP: ::1 | RequestBody:  | ResponseBody: [{"idAction":3,"codParticipant":"NODE_3","flgInclusion":true,"codHier":"H_3","codDiv":"DIV_3","codNode":"NODE_3","idLevel":3,"dteStart":"2026-01-01T10:45:00"},{"idAction":5,"codParticipant":"NODE_5","flgInclusion":true,"codHier":"H_5","codDiv":"DIV_5","codNode":"NODE_5","idLevel":5,"dteStart":"2026-01-30T10:50:00"},{"idAction":10,"codParticipant":"NODE_10","flgInclusion":true,"codHier":"H_10","codDiv":"DIV_10","codNode":"NODE_10","idLevel":10,"dteStart":"2026-01-01T14:45:00"},{"idAction":1111,"codParticipant":"NODE_1111","flgInclusion":true,"codHier":"H_1111","codDiv":"DIV_1111","codNode":"NODE_1111","idLevel":11,"dteStart":"2026-01-01T17:00:00"},{"idAction":2323,"codParticipant":"P-2323","flgInclusion":true,"codHier":"H-2323","codDiv":"D-2323","codNode":"C-2323","idLevel":4,"dteStart":"2026-01-01T12:48:00"},{"idAction":5005,"codParticipant":"","flgInclusion":true,"codHier":"H-9999","codDiv":"DIV-9999","codNode":"CUST-9999","idLevel":10,"dteStart":"2026-01-01T00:00:00"},{"idAction":6000,"codParticipant":"P-6000","flgInclusion":true,"codHier":"H-6000","codDiv":"DIV-6000","codNode":"CUST-6000","idLevel":10,"dteStart":"2026-01-01T00:00:00"},{"idAction":6767,"codParticipant":"P-6767","flgInclusion":false,"codHier":"H-6767","codDiv":"DIV-6767","codNode":"CUST-6767","idLevel":5,"dteStart":"2026-01-01T12:15:00"},{"idAction":7000,"codParticipant":"P-7000","flgInclusion":true,"codHier":"H-7000","codDiv":"DIV-7000","codNode":"CUST-7000","idLevel":10,"dteStart":"2026-01-01T00:00:00"},{"idAction":8888,"codParticipant":"P-8888","flgInclusion":true,"codHier":"H-8888","codDiv":"DIV-8888","codNode":"CUST-8888","idLevel":10,"dteStart":"2026-01-01T00:00:00"},{"idAction":9000,"codParticipant":"P-9000","flgInclusion":true,"codHier":"H-9000","codDiv":"DIV-9000","codNode":"CUST-9000","idLevel":10,"dteStart":"2026-01-01T00:00:00"},{"idAction":9999,"codParticipant":"P-9999","flgInclusion":true,"codHier":"H-9999","codDiv":"DIV-9999","codNode":"CUST-9999","idLevel":10,"dteStart":"2026-01-01T00:00:00"}]
2026-01-29 10:53:10.265 +05:00 [INF] HTTP GET /api/participants/all responded 200 in 16.2234 ms
2026-01-29 10:53:10.267 +05:00 [INF] HTTP GET /api/promotions/delivery-points responded 200 in 7.7706 ms | User: Talha (N/A) | IP: ::1 | RequestBody:  | ResponseBody: [{"idAction":3,"codDeliveryPoint":"NODE_3","flgInclusion":true,"codHier":"H_3","codDiv":"DIV_3","codNode":"NODE_3","idLevel":3,"dteStart":"2026-01-01T10:45:00"},{"idAction":5,"codDeliveryPoint":"NODE_5","flgInclusion":true,"codHier":"H_5","codDiv":"DIV_5","codNode":"NODE_5","idLevel":5,"dteStart":"2026-01-30T10:50:00"},{"idAction":10,"codDeliveryPoint":"NODE_10","flgInclusion":true,"codHier":"H_10","codDiv":"DIV_10","codNode":"NODE_10","idLevel":10,"dteStart":"2026-01-01T14:45:00"},{"idAction":1111,"codDeliveryPoint":"NODE_1111","flgInclusion":true,"codHier":"H_1111","codDiv":"DIV_1111","codNode":"NODE_1111","idLevel":11,"dteStart":"2026-01-01T17:00:00"},{"idAction":5005,"codDeliveryPoint":"","flgInclusion":true,"codHier":"H-2255","codDiv":"DIV-2255","codNode":"CUST-2255","idLevel":10,"dteStart":"2026-01-01T00:00:00"},{"idAction":6767,"codDeliveryPoint":"DP-6767","flgInclusion":true,"codHier":"H-6767","codDiv":"DIV-6767","codNode":"CUST-6767","idLevel":5,"dteStart":"2026-01-01T12:15:00"},{"idAction":7000,"codDeliveryPoint":"DP-7000","flgInclusion":true,"codHier":"H-7000","codDiv":"DIV-7000","codNode":"CUST-7000","idLevel":10,"dteStart":"2026-01-01T00:00:00"}]
2026-01-29 10:53:10.274 +05:00 [INF] HTTP GET /api/promotions/delivery-points responded 200 in 15.0384 ms
2026-01-29 10:53:10.326 +05:00 [INF] HTTP GET /api/promotions/delivery-points responded 200 in 6.3494 ms | User: Talha (N/A) | IP: ::1 | RequestBody:  | ResponseBody: [{"idAction":3,"codDeliveryPoint":"NODE_3","flgInclusion":true,"codHier":"H_3","codDiv":"DIV_3","codNode":"NODE_3","idLevel":3,"dteStart":"2026-01-01T10:45:00"},{"idAction":5,"codDeliveryPoint":"NODE_5","flgInclusion":true,"codHier":"H_5","codDiv":"DIV_5","codNode":"NODE_5","idLevel":5,"dteStart":"2026-01-30T10:50:00"},{"idAction":10,"codDeliveryPoint":"NODE_10","flgInclusion":true,"codHier":"H_10","codDiv":"DIV_10","codNode":"NODE_10","idLevel":10,"dteStart":"2026-01-01T14:45:00"},{"idAction":1111,"codDeliveryPoint":"NODE_1111","flgInclusion":true,"codHier":"H_1111","codDiv":"DIV_1111","codNode":"NODE_1111","idLevel":11,"dteStart":"2026-01-01T17:00:00"},{"idAction":5005,"codDeliveryPoint":"","flgInclusion":true,"codHier":"H-2255","codDiv":"DIV-2255","codNode":"CUST-2255","idLevel":10,"dteStart":"2026-01-01T00:00:00"},{"idAction":6767,"codDeliveryPoint":"DP-6767","flgInclusion":true,"codHier":"H-6767","codDiv":"DIV-6767","codNode":"CUST-6767","idLevel":5,"dteStart":"2026-01-01T12:15:00"},{"idAction":7000,"codDeliveryPoint":"DP-7000","flgInclusion":true,"codHier":"H-7000","codDiv":"DIV-7000","codNode":"CUST-7000","idLevel":10,"dteStart":"2026-01-01T00:00:00"}]
2026-01-29 10:53:10.329 +05:00 [INF] HTTP GET /api/promotions/delivery-points responded 200 in 9.3310 ms
2026-01-29 10:53:12.852 +05:00 [INF] HTTP GET /api/promotions/actions/5/complete responded 200 in 54.4735 ms | User: Talha (N/A) | IP: ::1 | RequestBody:  | ResponseBody: {"promoAction":{"idAction":5,"name":"PROMO_5","codDiv":"DIV_5","dteStartSellIn":"2026-02-24T10:49:00","dteEndSellIn":"2026-02-21T10:49:00","dteStartSellOut":"2026-02-24T10:49:00","dteEndSellOut":"2026-02-27T10:49:00","documentKey":"DOC_KEY_5","dteToShost":"2026-01-18T10:48:00","levParticipants":5},"products":[{"idAction":5,"codProduct":"PRD_3","levProduct":1,"codDisplay":"DSP_3","codDiv":"DIV_3","qtyEstimated":3450.00,"perceDiscount1":0.50,"perceDiscount2":9.00,"numMeasure":0.00,"codMeasure":"MEASURE_3","details":[{"idAction":5,"codProduct":"PRD_3","levProduct":1,"codDisplay":"DSP_3","codNode":"NODE_3","codDiv":"DIV_3","flgInclusion":true,"articles":[{"idAction":5,"codProduct":"PRD_3","levProduct":1,"codDisplay":"DSP_3","codDiv":"DIV_3","codNode":"NODE_3","codNode1":"AAA","codNode2":"BBB","codNodeN":"CCC"}]}],"measureFields":[{"codDiv":"DIV_3","codMeasure":"MEASURE_3","fieldName":"THIS_IS_PROMO_3","formula":"A*B/5"}]},{"idAction":5,"codProduct":"prd_33","levProduct":1,"codDisplay":"dsp_33","codDiv":"div_33","qtyEstimated":4000.00,"perceDiscount1":0.40,"perceDiscount2":0.90,"numMeasure":339.00,"codMeasure":"measure_33","details":[{"idAction":5,"codProduct":"prd_33","levProduct":1,"codDisplay":"dsp_33","codNode":"node_33","codDiv":"div_33","flgInclusion":true,"articles":[{"idAction":5,"codProduct":"prd_33","levProduct":1,"codDisplay":"dsp_33","codDiv":"div_33","codNode":"node_33","codNode1":"ddd","codNode2":"fff","codNodeN":"ggg"}]}],"measureFields":[{"codDiv":"div_33","codMeasure":"measure_33","fieldName":"promo_33","formula":"d*d/10"}]},{"idAction":5,"codProduct":"PRD_5","levProduct":5,"codDisplay":"DSP_5","codDiv":"DIV_5","qtyEstimated":2500.00,"perceDiscount1":6.70,"perceDiscount2":8.90,"numMeasure":0.00,"codMeasure":"MEASURE_5","details":[{"idAction":5,"codProduct":"PRD_5","levProduct":5,"codDisplay":"DSP_5","codNode":"NODE_5","codDiv":"DIV_5","flgInclusion":true,"articles":[{"idAction":5,"codProduct":"PRD_5","levProduct":5,"codDisplay":"DSP_5","codDiv":"DIV_5","codNode":"NODE_5","codNode1":"RRR","codNode2":"TTT","codNodeN":"YYY"}]}],"measureFields":[{"codDiv":"DIV_5","codMeasure":"MEASURE_5","fieldName":"THIS_IS_PTOMO_5","formula":"P*P/9"}]}],"articles":[{"idAction":5,"codProduct":"PRD_3","levProduct":1,"codDisplay":"DSP_3","codDiv":"DIV_3","codNode":"NODE_3","codNode1":"AAA","codNode2":"BBB","codNodeN":"CCC"},{"idAction":5,"codProduct":"prd_33","levProduct":1,"codDisplay":"dsp_33","codDiv":"div_33","codNode":"node_33","codNode1":"ddd","codNode2":"fff","codNodeN":"ggg"},{"idAction":5,"codProduct":"PRD_5","levProduct":5,"codDisplay":"DSP_5","codDiv":"DIV_5","codNode":"NODE_5","codNode1":"RRR","codNode2":"TTT","codNodeN":"YYY"}],"measureFields":[{"codDiv":"DIV_3","codMeasure":"MEASURE_3","fieldName":"THIS_IS_PROMO_3","formula":"A*B/5"},{"codDiv":"div_33","codMeasure":"measure_33","fieldName":"promo_33","formula":"d*d/10"},{"codDiv":"DIV_5","codMeasure":"MEASURE_5","fieldName":"THIS_IS_PTOMO_5","formula":"P*P/9"}],"participants":[{"idAction":5,"codParticipant":"NODE_5","flgInclusion":true,"codHier":"H_5","codDiv":"DIV_5","codNode":"NODE_5","idLevel":5,"dteStart":"0001-01-01T00:00:00"}],"deliveryPoints":[{"idAction":5,"codDeliveryPoint":"NODE_5","flgInclusion":true,"codHier":"H_5","codDiv":"DIV_5","codNode":"NODE_5","idLevel":5,"dteStart":"0001-01-01T00:00:00"}],"productDetails":[{"idAction":5,"codProduct":"PRD_3","levProduct":1,"codDisplay":"DSP_3","codNode":"NODE_3","codDiv":"DIV_3","flgInclusion":true,"articles":[{"idAction":5,"codProduct":"PRD_3","levProduct":1,"codDisplay":"DSP_3","codDiv":"DIV_3","codNode":"NODE_3","codNode1":"AAA","codNode2":"BBB","codNodeN":"CCC"}]},{"idAction":5,"codProduct":"prd_33","levProduct":1,"codDisplay":"dsp_33","codNode":"node_33","codDiv":"div_33","flgInclusion":true,"articles":[{"idAction":5,"codProduct":"prd_33","levProduct":1,"codDisplay":"dsp_33","codDiv":"div_33","codNode":"node_33","codNode1":"ddd","codNode2":"fff","codNodeN":"ggg"}]},{"idAction":5,"codProduct":"PRD_5","levProduct":5,"codDisplay":"DSP_5","codNode":"NODE_5","codDiv":"DIV_5","flgInclusion":true,"articles":[{"idAction":5,"codProduct":"PRD_5","levProduct":5,"codDisplay":"DSP_5","codDiv":"DIV_5","codNode":"NODE_5","codNode1":"RRR","codNode2":"TTT","codNodeN":"YYY"}]}],"customers":[{"idAction":5,"codHier":"H_5","codDiv":"DIV_5","codNode":"NODE_5","idLevel":5,"dteStart":"2026-01-30T10:50:00","codParentNode":"ROOT_5","dteEnd":"2026-01-31T10:48:00"}]}
2026-01-29 10:53:12.856 +05:00 [INF] HTTP GET /api/promotions/actions/5/complete responded 200 in 59.3744 ms
2026-01-29 10:53:24.781 +05:00 [INF] HTTP GET /api/promotions/products responded 200 in 37.7459 ms | User: Talha (N/A) | IP: ::1 | RequestBody:  | ResponseBody: [{"idAction":3,"codProduct":"PRD_3","levProduct":3,"codDisplay":"DSP_3","codDiv":"DIV_3","qtyEstimated":3450.00,"perceDiscount1":0.50,"perceDiscount2":9.00,"numMeasure":0.00,"codMeasure":"MEASURE_3","details":[{"idAction":3,"codProduct":"PRD_3","levProduct":3,"codDisplay":"DSP_3","codNode":"NODE_3","codDiv":"DIV_3","flgInclusion":true,"articles":[{"idAction":3,"codProduct":"PRD_3","levProduct":3,"codDisplay":"DSP_3","codDiv":"DIV_3","codNode":"NODE_3","codNode1":"AAA","codNode2":"BBB","codNodeN":"CCC"}]}],"measureFields":[]},{"idAction":3,"codProduct":"prd_33","levProduct":1,"codDisplay":"dsp_33","codDiv":"div_33","qtyEstimated":4000.00,"perceDiscount1":0.40,"perceDiscount2":0.90,"numMeasure":339.00,"codMeasure":"measure_33","details":[{"idAction":3,"codProduct":"prd_33","levProduct":1,"codDisplay":"dsp_33","codNode":"node_33","codDiv":"div_33","flgInclusion":true,"articles":[{"idAction":3,"codProduct":"prd_33","levProduct":1,"codDisplay":"dsp_33","codDiv":"div_33","codNode":"node_33","codNode1":"ddd","codNode2":"fff","codNodeN":"ggg"}]}],"measureFields":[]},{"idAction":3,"codProduct":"PROD-9000","levProduct":1,"codDisplay":"DISP-9000","codDiv":"DIV-9000","qtyEstimated":2000.00,"perceDiscount1":0.60,"perceDiscount2":0.90,"numMeasure":66.00,"codMeasure":"measure_9000","details":[{"idAction":3,"codProduct":"PROD-9000","levProduct":1,"codDisplay":"DISP-9000","codNode":"NODE-9000","codDiv":"DIV-9000","flgInclusion":true,"articles":[{"idAction":3,"codProduct":"PROD-9000","levProduct":1,"codDisplay":"DISP-9000","codDiv":"DIV-9000","codNode":"NODE-9000","codNode1":"A1","codNode2":null,"codNodeN":null}]}],"measureFields":[]},{"idAction":5,"codProduct":"PRD_3","levProduct":1,"codDisplay":"DSP_3","codDiv":"DIV_3","qtyEstimated":3450.00,"perceDiscount1":0.50,"perceDiscount2":9.00,"numMeasure":0.00,"codMeasure":"MEASURE_3","details":[{"idAction":5,"codProduct":"PRD_3","levProduct":1,"codDisplay":"DSP_3","codNode":"NODE_3","codDiv":"DIV_3","flgInclusion":true,"articles":[{"idAction":5,"codProduct":"PRD_3","levProduct":1,"codDisplay":"DSP_3","codDiv":"DIV_3","codNode":"NODE_3","codNode1":"AAA","codNode2":"BBB","codNodeN":"CCC"}]}],"measureFields":[]},{"idAction":5,"codProduct":"prd_33","levProduct":1,"codDisplay":"dsp_33","codDiv":"div_33","qtyEstimated":4000.00,"perceDiscount1":0.40,"perceDiscount2":0.90,"numMeasure":339.00,"codMeasure":"measure_33","details":[{"idAction":5,"codProduct":"prd_33","levProduct":1,"codDisplay":"dsp_33","codNode":"node_33","codDiv":"div_33","flgInclusion":true,"articles":[{"idAction":5,"codProduct":"prd_33","levProduct":1,"codDisplay":"dsp_33","codDiv":"div_33","codNode":"node_33","codNode1":"ddd","codNode2":"fff","codNodeN":"ggg"}]}],"measureFields":[]},{"idAction":5,"codProduct":"PRD_5","levProduct":5,"codDisplay":"DSP_5","codDiv":"DIV_5","qtyEstimated":2500.00,"perceDiscount1":6.70,"perceDiscount2":8.90,"numMeasure":0.00,"codMeasure":"MEASURE_5","details":[{"idAction":5,"codProduct":"PRD_5","levProduct":5,"codDisplay":"DSP_5","codNode":"NODE_5","codDiv":"DIV_5","flgInclusion":true,"articles":[{"idAction":5,"codProduct":"PRD_5","levProduct":5,"codDisplay":"DSP_5","codDiv":"DIV_5","codNode":"NODE_5","codNode1":"RRR","codNode2":"TTT","codNodeN":"YYY"}]}],"measureFields":[]},{"idAction":10,"codProduct":"PRD_10","levProduct":10,"codDisplay":"DSP_10","codDiv":"DIV_10","qtyEstimated":5000.00,"perceDiscount1":0.70,"perceDiscount2":9.80,"numMeasure":0.00,"codMeasure":"MEASURE_10","details":[{"idAction":10,"codProduct":"PRD_10","levProduct":10,"codDisplay":"DSP_10","codNode":"NODE_10","codDiv":"DIV_10","flgInclusion":true,"articles":[{"idAction":10,"codProduct":"PRD_10","levProduct":10,"codDisplay":"DSP_10","codDiv":"DIV_10","codNode":"NODE_10","codNode1":"QQQ","codNode2":"WWW","codNodeN":"EEE"}]}],"measureFields":[]},{"idAction":10,"codProduct":"PROD-5555","levProduct":1,"codDisplay":"DISP-5555","codDiv":"DIV-5555","qtyEstimated":500.00,"perceDiscount1":0.80,"perceDiscount2":0.10,"numMeasure":5555.00,"codMeasure":"measure_55555","details":[{"idAction":10,"codProduct":"PROD-5555","levProduct":1,"codDisplay":"DISP-5555","codNode":"NODE-5555","codDiv":"DIV-5555","flgInclusion":true,"articles":[{"idAction":10,"codProduct":"PROD-5555","levProduct":1,"codDisplay":"DISP-5555","codDiv":"DIV-5555","codNode":"NODE-5555","codNode1":null,"codNode2":null,"codNodeN":null}]}],"measureFields":[]},{"idAction":10,"codProduct":"PROD-8888","levProduct":1,"codDisplay":"DISP-8888","codDiv":"DIV-8888","qtyEstimated":2000.00,"perceDiscount1":0.00,"perceDiscount2":0.00,"numMeasure":0.00,"codMeasure":null,"details":[{"idAction":10,"codProduct":"PROD-8888","levProduct":1,"codDisplay":"DISP-8888","codNode":"NODE-8888","codDiv":"DIV-8888","flgInclusion":true,"articles":[{"idAction":10,"codProduct":"PROD-8888","levProduct":1,"codDisplay":"DISP-8888","codDiv":"DIV-8888","codNode":"NODE-8888","codNode1":"A1","codNode2":null,"codNodeN":null}]}],"measureFields":[]},{"idAction":1111,"codProduct":"PRD_1","levProduct":1,"codDisplay":"DIV_1","codDiv":"DIV_1","qtyEstimated":78.00,"perceDiscount1":6.00,"perceDiscount2":8.00,"numMeasure":78788.00,"codMeasure":"1","details":[],"measureFields":[]},{"idAction":1111,"codProduct":"PRD_1","levProduct":1,"codDisplay":"DSP_1","codDiv":"DIV_1","qtyEstimated":11.00,"perceDiscount1":9.80,"perceDiscount2":6.70,"numMeasure":11.00,"codMeasure":"MEASURE_1","details":[{"idAction":1111,"codProduct":"PRD_1","levProduct":1,"codDisplay":"DSP_1","codNode":"NODE_1","codDiv":"DIV_1","flgInclusion":true,"articles":[{"idAction":1111,"codProduct":"PRD_1","levProduct":1,"codDisplay":"DSP_1","codDiv":"DIV_1","codNode":"NODE_1","codNode1":"NN","codNode2":"MM","codNodeN":"ZZ"}]}],"measureFields":[]},{"idAction":1111,"codProduct":"PRD_1111","levProduct":11,"codDisplay":"DSP_1111","codDiv":"DIV_1111","qtyEstimated":6756.00,"perceDiscount1":9.81,"perceDiscount2":8.90,"numMeasure":0.00,"codMeasure":"MEASURE_1111","details":[{"idAction":1111,"codProduct":"PRD_1111","levProduct":11,"codDisplay":"DSP_1111","codNode":"NODE_1111","codDiv":"DIV_1111","flgInclusion":true,"articles":[{"idAction":1111,"codProduct":"PRD_1111","levProduct":11,"codDisplay":"DSP_1111","codDiv":"DIV_1111","codNode":"NODE_1111","codNode1":"CCCCCC","codNode2":"AAAAAAA","codNodeN":"BBBBBBBB"}]}],"measureFields":[]},{"idAction":1111,"codProduct":"PRD_24","levProduct":1,"codDisplay":"DS-_24","codDiv":"DIV_24","qtyEstimated":345.00,"perceDiscount1":0.50,"perceDiscount2":0.90,"numMeasure":8.00,"codMeasure":"MEASURE_24","details":[],"measureFields":[]},{"idAction":1111,"codProduct":"PRD_44","levProduct":1,"codDisplay":"DSP_44","codDiv":"DIC_44","qtyEstimated":44.00,"perceDiscount1":0.10,"perceDiscount2":0.50,"numMeasure":76.00,"codMeasure":"MEASURE_44","details":[],"measureFields":[]},{"idAction":1111,"codProduct":"PRD_765","levProduct":1,"codDisplay":"DSP_567","codDiv":"DIV_765","qtyEstimated":5.60,"perceDiscount1":0.50,"perceDiscount2":0.40,"numMeasure":999.00,"codMeasure":"765","details":[],"measureFields":[]},{"idAction":1111,"codProduct":"PROD-1111","levProduct":1,"codDisplay":"DISP-1111","codDiv":"DIV-1111","qtyEstimated":0.00,"perceDiscount1":0.00,"perceDiscount2":0.00,"numMeasure":1.00,"codMeasure":"EA","details":[{"idAction":1111,"codProduct":"PROD-1111","levProduct":1,"codDisplay":"DISP-1111","codNode":"ddd","codDiv":"DIV5005","flgInclusion":true,"articles":[]}],"measureFields":[]},{"idAction":1111,"codProduct":"PROD-2323","levProduct":1,"codDisplay":"DSP-2323","codDiv":"D-2322","qtyEstimated":2340.00,"perceDiscount1":0.40,"perceDiscount2":45.00,"numMeasure":0.00,"codMeasure":"PALLET","details":[{"idAction":1111,"codProduct":"PROD-2323","levProduct":1,"codDisplay":"DSP-2323","codNode":"NODE-2323","codDiv":"D-2323","flgInclusion":true,"articles":[{"idAction":1111,"codProduct":"PROD-2323","levProduct":1,"codDisplay":"DSP-2323","codDiv":"D-2323","codNode":"NODE-2323","codNode1":"A1-2323","codNode2":"A2-2323","codNodeN":"AN-2323"}]}],"measureFields":[]},{"idAction":2020,"codProduct":"PRD_1","levProduct":1,"codDisplay":"DIV_1","codDiv":"DIV_1","qtyEstimated":78.00,"perceDiscount1":6.00,"perceDiscount2":8.00,"numMeasure":78788.00,"codMeasure":"1","details":[],"measureFields":[]},{"idAction":2020,"codProduct":"PRD_24","levProduct":1,"codDisplay":"DS-_24","codDiv":"DIV_24","qtyEstimated":345.00,"perceDiscount1":0.50,"perceDiscount2":0.90,"numMeasure":8.00,"codMeasure":"MEASURE_24","details":[],"measureFields":[]},{"idAction":2020,"codProduct":"PRD_44","levProduct":1,"codDisplay":"DSP_44","codDiv":"DIC_44","qtyEstimated":44.00,"perceDiscount1":0.10,"perceDiscount2":0.50,"numMeasure":76.00,"codMeasure":"MEASURE_44","details":[],"measureFields":[]},{"idAction":2020,"codProduct":"PRD_765","levProduct":0,"codDisplay":"DSP_765","codDiv":"DIV_765","qtyEstimated":234.00,"perceDiscount1":0.50,"perceDiscount2":0.56,"numMeasure":765.00,"codMeasure":"MEASURE_765","details":[],"measureFields":[]},{"idAction":2020,"codProduct":"PRD_765","levProduct":0,"codDisplay":"DSP-765","codDiv":"DIV_765","qtyEstimated":345.00,"perceDiscount1":3.55,"perceDiscount2":67.00,"numMeasure":765.00,"codMeasure":"MEASURE_765","details":[],"measureFields":[]},{"idAction":2020,"codProduct":"PRD-2020","levProduct":1,"codDisplay":"DSP-2020","codDiv":"D-2020","qtyEstimated":2000.00,"perceDiscount1":11.00,"perceDiscount2":23.00,"numMeasure":0.00,"codMeasure":"BOX","details":[{"idAction":2020,"codProduct":"PRD-2020","levProduct":1,"codDisplay":"DSP-2020","codNode":"NODE-2020","codDiv":"D-2020","flgInclusion":true,"articles":[{"idAction":2020,"codProduct":"PRD-2020","levProduct":1,"codDisplay":"DSP-2020","codDiv":"D-2020","codNode":"NODE-2020","codNode1":"A1-2020","codNode2":"A2-2020","codNodeN":"AN-2020"}]}],"measureFields":[]},{"idAction":2323,"codProduct":"PRD_08","levProduct":0,"codDisplay":"DSP_08","codDiv":"DIV_08","qtyEstimated":11.00,"perceDiscount1":22.00,"perceDiscount2":2.00,"numMeasure":2.00,"codMeasure":"08","details":[],"measureFields":[]},{"idAction":2323,"codProduct":"PRD_1","levProduct":1,"codDisplay":"DIV_1","codDiv":"DIV_1","qtyEstimated":78.00,"perceDiscount1":6.00,"perceDiscount2":8.00,"numMeasure":78788.00,"codMeasure":"1","details":[],"measureFields":[]},{"idAction":2323,"codProduct":"PRD_23","levProduct":0,"codDisplay":"DSP_23","codDiv":"DIV_23","qtyEstimated":28.00,"perceDiscount1":7.00,"perceDiscount2":2.00,"numMeasure":7.00,"codMeasure":"MEASURE_23","details":[],"measureFields":[]},{"idAction":2323,"codProduct":"PRD_24","levProduct":1,"codDisplay":"DS-_24","codDiv":"DIV_24","qtyEstimated":345.00,"perceDiscount1":0.50,"perceDiscount2":0.90,"numMeasure":8.00,"codMeasure":"MEASURE_24","details":[],"measureFields":[]},{"idAction":2323,"codProduct":"PRD_34","levProduct":1,"codDisplay":"DSP_34","codDiv":"DIV_34","qtyEstimated":2345.00,"perceDiscount1":0.60,"perceDiscount2":8.87,"numMeasure":34.00,"codMeasure":"MEASURE_34","details":[],"measureFields":[]},{"idAction":2323,"codProduct":"PRD_44","levProduct":1,"codDisplay":"DSP_44","codDiv":"DIC_44","qtyEstimated":44.00,"perceDiscount1":0.10,"perceDiscount2":0.50,"numMeasure":76.00,"codMeasure":"MEASURE_44","details":[],"measureFields":[]},{"idAction":2323,"codProduct":"PRD_55","levProduct":1,"codDisplay":"DSP_55","codDiv":"DIV_55","qtyEstimated":66.00,"perceDiscount1":0.50,"perceDiscount2":0.10,"numMeasure":34.00,"codMeasure":"55","details":[],"measureFields":[]},{"idAction":2323,"codProduct":"PRD_765","levProduct":0,"codDisplay":"DSP_567","codDiv":"DIV_765","qtyEstimated":5.60,"perceDiscount1":0.50,"perceDiscount2":0.40,"numMeasure":999.00,"codMeasure":"765","details":[],"measureFields":[]},{"idAction":2323,"codProduct":"PROD-2323","levProduct":1,"codDisplay":"DSP-2323","codDiv":"D-2322","qtyEstimated":2340.00,"perceDiscount1":0.40,"perceDiscount2":45.00,"numMeasure":0.00,"codMeasure":"PALLET","details":[{"idAction":2323,"codProduct":"PROD-2323","levProduct":1,"codDisplay":"DSP-2323","codNode":"NODE-2323","codDiv":"D-2323","flgInclusion":true,"articles":[{"idAction":2323,"codProduct":"PROD-2323","levProduct":1,"codDisplay":"DSP-2323","codDiv":"D-2323","codNode":"NODE-2323","codNode1":"A1-2323","codNode2":"A2-2323","codNodeN":"AN-2323"}]}],"measureFields":[]},{"idAction":5005,"codProduct":"PROD-1111","levProduct":1,"codDisplay":"DISP-1111","codDiv":"DIV-1111","qtyEstimated":0.00,"perceDiscount1":0.00,"perceDiscount2":0.00,"numMeasure":1.00,"codMeasure":"EA","details":[{"idAction":5005,"codProduct":"PROD-1111","levProduct":1,"codDisplay":"DISP-1111","codNode":"ddd","codDiv":"DIV5005","flgInclusion":true,"articles":[]}],"measureFields":[]},{"idAction":6000,"codProduct":"PRD_6666","levProduct":1,"codDisplay":"DSP_6666","codDiv":"DIV_6666","qtyEstimated":14.00,"perceDiscount1":0.80,"perceDiscount2":8.90,"numMeasure":654.00,"codMeasure":"MEASURE_6666","details":[],"measureFields":[]},{"idAction":6000,"codProduct":"PRD_99","levProduct":1,"codDisplay":"DSP_99","codDiv":"DIV_99","qtyEstimated":456.00,"perceDiscount1":9.80,"perceDiscount2":7.70,"numMeasure":999.00,"codMeasure":"MEASURE_99","details":[{"idAction":6000,"codProduct":"PRD_99","levProduct":1,"codDisplay":"DSP_99","codNode":"NODE_99","codDiv":"DIV_99","flgInclusion":true,"articles":[{"idAction":6000,"codProduct":"PRD_99","levProduct":1,"codDisplay":"DSP_99","codDiv":"DIV_99","codNode":"NODE_99","codNode1":"HBKK","codNode2":"KHNKH","codNodeN":"IYGFTUFTY"}]}],"measureFields":[]},{"idAction":6000,"codProduct":"PROD-6000","levProduct":1,"codDisplay":"DISP-6000","codDiv":"DIV-6000","qtyEstimated":100.00,"perceDiscount1":15.00,"perceDiscount2":0.00,"numMeasure":1.00,"codMeasure":"UNIT","details":[{"idAction":6000,"codProduct":"PROD-6000","levProduct":1,"codDisplay":"DISP-6000","codNode":"DET-6000","codDiv":"DIV-6000","flgInclusion":true,"articles":[{"idAction":6000,"codProduct":"PROD-6000","levProduct":1,"codDisplay":"DISP-6000","codDiv":"DIV-6000","codNode":"DET-6000","codNode1":"SKU-6001","codNode2":"V-GOLD","codNodeN":"SIZE-XL"}]}],"measureFields":[]},{"idAction":6767,"codProduct":"PRD_7777","levProduct":1,"codDisplay":"DSP_7777","codDiv":"DIV_7777","qtyEstimated":3423.00,"perceDiscount1":9.80,"perceDiscount2":5.60,"numMeasure":3432.00,"codMeasure":"MEASURE_7777","details":[{"idAction":6767,"codProduct":"PRD_7777","levProduct":1,"codDisplay":"DSP_7777","codNode":"NODE_7777","codDiv":"DIV_7777","flgInclusion":true,"articles":[{"idAction":6767,"codProduct":"PRD_7777","levProduct":1,"codDisplay":"DSP_7777","codDiv":"DIV_7777","codNode":"NODE_7777","codNode1":"ABC","codNode2":"DEF","codNodeN":"HBJ"}]}],"measureFields":[]},{"idAction":6767,"codProduct":"PROD-6767","levProduct":1,"codDisplay":"DSP-6767","codDiv":"DIV-6767","qtyEstimated":5000.00,"perceDiscount1":23.50,"perceDiscount2":45.60,"numMeasure":0.00,"codMeasure":"PALLET","details":[{"idAction":6767,"codProduct":"PROD-6767","levProduct":1,"codDisplay":"DSP-6767","codNode":"NODE-6767","codDiv":"DIV-6767","flgInclusion":true,"articles":[{"idAction":6767,"codProduct":"PROD-6767","levProduct":1,"codDisplay":"DSP-6767","codDiv":"DIV-6767","codNode":"NODE-6767","codNode1":"A1-6767","codNode2":"A2-6767","codNodeN":"AN-6767"}]}],"measureFields":[]},{"idAction":7000,"codProduct":"PROD-7000","levProduct":1,"codDisplay":"DISP-7000","codDiv":"DIV-7000","qtyEstimated":500.00,"perceDiscount1":null,"perceDiscount2":null,"numMeasure":null,"codMeasure":null,"details":[],"measureFields":[]},{"idAction":8888,"codProduct":"PROD-5555","levProduct":1,"codDisplay":"DISP-5555","codDiv":"DIV-5555","qtyEstimated":500.00,"perceDiscount1":0.00,"perceDiscount2":0.00,"numMeasure":0.00,"codMeasure":null,"details":[{"idAction":8888,"codProduct":"PROD-5555","levProduct":1,"codDisplay":"DISP-5555","codNode":"NODE-5555","codDiv":"DIV-5555","flgInclusion":true,"articles":[{"idAction":8888,"codProduct":"PROD-5555","levProduct":1,"codDisplay":"DISP-5555","codDiv":"DIV-5555","codNode":"NODE-5555","codNode1":null,"codNode2":null,"codNodeN":null}]}],"measureFields":[]},{"idAction":8888,"codProduct":"PROD-8888","levProduct":1,"codDisplay":"DISP-8888","codDiv":"DIV-8888","qtyEstimated":2000.00,"perceDiscount1":null,"perceDiscount2":null,"numMeasure":null,"codMeasure":null,"details":[{"idAction":8888,"codProduct":"PROD-8888","levProduct":1,"codDisplay":"DISP-8888","codNode":"NODE-8888","codDiv":"DIV-8888","flgInclusion":true,"articles":[{"idAction":8888,"codProduct":"PROD-8888","levProduct":1,"codDisplay":"DISP-8888","codDiv":"DIV-8888","codNode":"NODE-8888","codNode1":"A1","codNode2":null,"codNodeN":null}]}],"measureFields":[]},{"idAction":9000,"codProduct":"PROD-9000","levProduct":1,"codDisplay":"DISP-9000","codDiv":"DIV-9000","qtyEstimated":2000.00,"perceDiscount1":null,"perceDiscount2":null,"numMeasure":null,"codMeasure":null,"details":[{"idAction":9000,"codProduct":"PROD-9000","levProduct":1,"codDisplay":"DISP-9000","codNode":"NODE-9000","codDiv":"DIV-9000","flgInclusion":true,"articles":[{"idAction":9000,"codProduct":"PROD-9000","levProduct":1,"codDisplay":"DISP-9000","codDiv":"DIV-9000","codNode":"NODE-9000","codNode1":"A1","codNode2":null,"codNodeN":null}]}],"measureFields":[]},{"idAction":9999,"codProduct":"PROD-9999","levProduct":1,"codDisplay":"DISP-9999","codDiv":"DIV-9999","qtyEstimated":777.00,"perceDiscount1":null,"perceDiscount2":null,"numMeasure":null,"codMeasure":null,"details":[{"idAction":9999,"codProduct":"PROD-9999","levProduct":1,"codDisplay":"DISP-9999","codNode":"NODE-9999","codDiv":"DIV-9999","flgInclusion":true,"articles":[{"idAction":9999,"codProduct":"PROD-9999","levProduct":1,"codDisplay":"DISP-9999","codDiv":"DIV-9999","codNode":"NODE-9999","codNode1":"ERR","codNode2":null,"codNodeN":null}]}],"measureFields":[]}]
2026-01-29 10:53:24.792 +05:00 [INF] HTTP GET /api/promotions/products responded 200 in 48.4988 ms
2026-01-29 10:53:24.862 +05:00 [INF] HTTP GET /api/promotions/products responded 200 in 14.2421 ms | User: Talha (N/A) | IP: ::1 | RequestBody:  | ResponseBody: [{"idAction":3,"codProduct":"PRD_3","levProduct":3,"codDisplay":"DSP_3","codDiv":"DIV_3","qtyEstimated":3450.00,"perceDiscount1":0.50,"perceDiscount2":9.00,"numMeasure":0.00,"codMeasure":"MEASURE_3","details":[{"idAction":3,"codProduct":"PRD_3","levProduct":3,"codDisplay":"DSP_3","codNode":"NODE_3","codDiv":"DIV_3","flgInclusion":true,"articles":[{"idAction":3,"codProduct":"PRD_3","levProduct":3,"codDisplay":"DSP_3","codDiv":"DIV_3","codNode":"NODE_3","codNode1":"AAA","codNode2":"BBB","codNodeN":"CCC"}]}],"measureFields":[]},{"idAction":3,"codProduct":"prd_33","levProduct":1,"codDisplay":"dsp_33","codDiv":"div_33","qtyEstimated":4000.00,"perceDiscount1":0.40,"perceDiscount2":0.90,"numMeasure":339.00,"codMeasure":"measure_33","details":[{"idAction":3,"codProduct":"prd_33","levProduct":1,"codDisplay":"dsp_33","codNode":"node_33","codDiv":"div_33","flgInclusion":true,"articles":[{"idAction":3,"codProduct":"prd_33","levProduct":1,"codDisplay":"dsp_33","codDiv":"div_33","codNode":"node_33","codNode1":"ddd","codNode2":"fff","codNodeN":"ggg"}]}],"measureFields":[]},{"idAction":3,"codProduct":"PROD-9000","levProduct":1,"codDisplay":"DISP-9000","codDiv":"DIV-9000","qtyEstimated":2000.00,"perceDiscount1":0.60,"perceDiscount2":0.90,"numMeasure":66.00,"codMeasure":"measure_9000","details":[{"idAction":3,"codProduct":"PROD-9000","levProduct":1,"codDisplay":"DISP-9000","codNode":"NODE-9000","codDiv":"DIV-9000","flgInclusion":true,"articles":[{"idAction":3,"codProduct":"PROD-9000","levProduct":1,"codDisplay":"DISP-9000","codDiv":"DIV-9000","codNode":"NODE-9000","codNode1":"A1","codNode2":null,"codNodeN":null}]}],"measureFields":[]},{"idAction":5,"codProduct":"PRD_3","levProduct":1,"codDisplay":"DSP_3","codDiv":"DIV_3","qtyEstimated":3450.00,"perceDiscount1":0.50,"perceDiscount2":9.00,"numMeasure":0.00,"codMeasure":"MEASURE_3","details":[{"idAction":5,"codProduct":"PRD_3","levProduct":1,"codDisplay":"DSP_3","codNode":"NODE_3","codDiv":"DIV_3","flgInclusion":true,"articles":[{"idAction":5,"codProduct":"PRD_3","levProduct":1,"codDisplay":"DSP_3","codDiv":"DIV_3","codNode":"NODE_3","codNode1":"AAA","codNode2":"BBB","codNodeN":"CCC"}]}],"measureFields":[]},{"idAction":5,"codProduct":"prd_33","levProduct":1,"codDisplay":"dsp_33","codDiv":"div_33","qtyEstimated":4000.00,"perceDiscount1":0.40,"perceDiscount2":0.90,"numMeasure":339.00,"codMeasure":"measure_33","details":[{"idAction":5,"codProduct":"prd_33","levProduct":1,"codDisplay":"dsp_33","codNode":"node_33","codDiv":"div_33","flgInclusion":true,"articles":[{"idAction":5,"codProduct":"prd_33","levProduct":1,"codDisplay":"dsp_33","codDiv":"div_33","codNode":"node_33","codNode1":"ddd","codNode2":"fff","codNodeN":"ggg"}]}],"measureFields":[]},{"idAction":5,"codProduct":"PRD_5","levProduct":5,"codDisplay":"DSP_5","codDiv":"DIV_5","qtyEstimated":2500.00,"perceDiscount1":6.70,"perceDiscount2":8.90,"numMeasure":0.00,"codMeasure":"MEASURE_5","details":[{"idAction":5,"codProduct":"PRD_5","levProduct":5,"codDisplay":"DSP_5","codNode":"NODE_5","codDiv":"DIV_5","flgInclusion":true,"articles":[{"idAction":5,"codProduct":"PRD_5","levProduct":5,"codDisplay":"DSP_5","codDiv":"DIV_5","codNode":"NODE_5","codNode1":"RRR","codNode2":"TTT","codNodeN":"YYY"}]}],"measureFields":[]},{"idAction":10,"codProduct":"PRD_10","levProduct":10,"codDisplay":"DSP_10","codDiv":"DIV_10","qtyEstimated":5000.00,"perceDiscount1":0.70,"perceDiscount2":9.80,"numMeasure":0.00,"codMeasure":"MEASURE_10","details":[{"idAction":10,"codProduct":"PRD_10","levProduct":10,"codDisplay":"DSP_10","codNode":"NODE_10","codDiv":"DIV_10","flgInclusion":true,"articles":[{"idAction":10,"codProduct":"PRD_10","levProduct":10,"codDisplay":"DSP_10","codDiv":"DIV_10","codNode":"NODE_10","codNode1":"QQQ","codNode2":"WWW","codNodeN":"EEE"}]}],"measureFields":[]},{"idAction":10,"codProduct":"PROD-5555","levProduct":1,"codDisplay":"DISP-5555","codDiv":"DIV-5555","qtyEstimated":500.00,"perceDiscount1":0.80,"perceDiscount2":0.10,"numMeasure":5555.00,"codMeasure":"measure_55555","details":[{"idAction":10,"codProduct":"PROD-5555","levProduct":1,"codDisplay":"DISP-5555","codNode":"NODE-5555","codDiv":"DIV-5555","flgInclusion":true,"articles":[{"idAction":10,"codProduct":"PROD-5555","levProduct":1,"codDisplay":"DISP-5555","codDiv":"DIV-5555","codNode":"NODE-5555","codNode1":null,"codNode2":null,"codNodeN":null}]}],"measureFields":[]},{"idAction":10,"codProduct":"PROD-8888","levProduct":1,"codDisplay":"DISP-8888","codDiv":"DIV-8888","qtyEstimated":2000.00,"perceDiscount1":0.00,"perceDiscount2":0.00,"numMeasure":0.00,"codMeasure":null,"details":[{"idAction":10,"codProduct":"PROD-8888","levProduct":1,"codDisplay":"DISP-8888","codNode":"NODE-8888","codDiv":"DIV-8888","flgInclusion":true,"articles":[{"idAction":10,"codProduct":"PROD-8888","levProduct":1,"codDisplay":"DISP-8888","codDiv":"DIV-8888","codNode":"NODE-8888","codNode1":"A1","codNode2":null,"codNodeN":null}]}],"measureFields":[]},{"idAction":1111,"codProduct":"PRD_1","levProduct":1,"codDisplay":"DIV_1","codDiv":"DIV_1","qtyEstimated":78.00,"perceDiscount1":6.00,"perceDiscount2":8.00,"numMeasure":78788.00,"codMeasure":"1","details":[],"measureFields":[]},{"idAction":1111,"codProduct":"PRD_1","levProduct":1,"codDisplay":"DSP_1","codDiv":"DIV_1","qtyEstimated":11.00,"perceDiscount1":9.80,"perceDiscount2":6.70,"numMeasure":11.00,"codMeasure":"MEASURE_1","details":[{"idAction":1111,"codProduct":"PRD_1","levProduct":1,"codDisplay":"DSP_1","codNode":"NODE_1","codDiv":"DIV_1","flgInclusion":true,"articles":[{"idAction":1111,"codProduct":"PRD_1","levProduct":1,"codDisplay":"DSP_1","codDiv":"DIV_1","codNode":"NODE_1","codNode1":"NN","codNode2":"MM","codNodeN":"ZZ"}]}],"measureFields":[]},{"idAction":1111,"codProduct":"PRD_1111","levProduct":11,"codDisplay":"DSP_1111","codDiv":"DIV_1111","qtyEstimated":6756.00,"perceDiscount1":9.81,"perceDiscount2":8.90,"numMeasure":0.00,"codMeasure":"MEASURE_1111","details":[{"idAction":1111,"codProduct":"PRD_1111","levProduct":11,"codDisplay":"DSP_1111","codNode":"NODE_1111","codDiv":"DIV_1111","flgInclusion":true,"articles":[{"idAction":1111,"codProduct":"PRD_1111","levProduct":11,"codDisplay":"DSP_1111","codDiv":"DIV_1111","codNode":"NODE_1111","codNode1":"CCCCCC","codNode2":"AAAAAAA","codNodeN":"BBBBBBBB"}]}],"measureFields":[]},{"idAction":1111,"codProduct":"PRD_24","levProduct":1,"codDisplay":"DS-_24","codDiv":"DIV_24","qtyEstimated":345.00,"perceDiscount1":0.50,"perceDiscount2":0.90,"numMeasure":8.00,"codMeasure":"MEASURE_24","details":[],"measureFields":[]},{"idAction":1111,"codProduct":"PRD_44","levProduct":1,"codDisplay":"DSP_44","codDiv":"DIC_44","qtyEstimated":44.00,"perceDiscount1":0.10,"perceDiscount2":0.50,"numMeasure":76.00,"codMeasure":"MEASURE_44","details":[],"measureFields":[]},{"idAction":1111,"codProduct":"PRD_765","levProduct":1,"codDisplay":"DSP_567","codDiv":"DIV_765","qtyEstimated":5.60,"perceDiscount1":0.50,"perceDiscount2":0.40,"numMeasure":999.00,"codMeasure":"765","details":[],"measureFields":[]},{"idAction":1111,"codProduct":"PROD-1111","levProduct":1,"codDisplay":"DISP-1111","codDiv":"DIV-1111","qtyEstimated":0.00,"perceDiscount1":0.00,"perceDiscount2":0.00,"numMeasure":1.00,"codMeasure":"EA","details":[{"idAction":1111,"codProduct":"PROD-1111","levProduct":1,"codDisplay":"DISP-1111","codNode":"ddd","codDiv":"DIV5005","flgInclusion":true,"articles":[]}],"measureFields":[]},{"idAction":1111,"codProduct":"PROD-2323","levProduct":1,"codDisplay":"DSP-2323","codDiv":"D-2322","qtyEstimated":2340.00,"perceDiscount1":0.40,"perceDiscount2":45.00,"numMeasure":0.00,"codMeasure":"PALLET","details":[{"idAction":1111,"codProduct":"PROD-2323","levProduct":1,"codDisplay":"DSP-2323","codNode":"NODE-2323","codDiv":"D-2323","flgInclusion":true,"articles":[{"idAction":1111,"codProduct":"PROD-2323","levProduct":1,"codDisplay":"DSP-2323","codDiv":"D-2323","codNode":"NODE-2323","codNode1":"A1-2323","codNode2":"A2-2323","codNodeN":"AN-2323"}]}],"measureFields":[]},{"idAction":2020,"codProduct":"PRD_1","levProduct":1,"codDisplay":"DIV_1","codDiv":"DIV_1","qtyEstimated":78.00,"perceDiscount1":6.00,"perceDiscount2":8.00,"numMeasure":78788.00,"codMeasure":"1","details":[],"measureFields":[]},{"idAction":2020,"codProduct":"PRD_24","levProduct":1,"codDisplay":"DS-_24","codDiv":"DIV_24","qtyEstimated":345.00,"perceDiscount1":0.50,"perceDiscount2":0.90,"numMeasure":8.00,"codMeasure":"MEASURE_24","details":[],"measureFields":[]},{"idAction":2020,"codProduct":"PRD_44","levProduct":1,"codDisplay":"DSP_44","codDiv":"DIC_44","qtyEstimated":44.00,"perceDiscount1":0.10,"perceDiscount2":0.50,"numMeasure":76.00,"codMeasure":"MEASURE_44","details":[],"measureFields":[]},{"idAction":2020,"codProduct":"PRD_765","levProduct":0,"codDisplay":"DSP_765","codDiv":"DIV_765","qtyEstimated":234.00,"perceDiscount1":0.50,"perceDiscount2":0.56,"numMeasure":765.00,"codMeasure":"MEASURE_765","details":[],"measureFields":[]},{"idAction":2020,"codProduct":"PRD_765","levProduct":0,"codDisplay":"DSP-765","codDiv":"DIV_765","qtyEstimated":345.00,"perceDiscount1":3.55,"perceDiscount2":67.00,"numMeasure":765.00,"codMeasure":"MEASURE_765","details":[],"measureFields":[]},{"idAction":2020,"codProduct":"PRD-2020","levProduct":1,"codDisplay":"DSP-2020","codDiv":"D-2020","qtyEstimated":2000.00,"perceDiscount1":11.00,"perceDiscount2":23.00,"numMeasure":0.00,"codMeasure":"BOX","details":[{"idAction":2020,"codProduct":"PRD-2020","levProduct":1,"codDisplay":"DSP-2020","codNode":"NODE-2020","codDiv":"D-2020","flgInclusion":true,"articles":[{"idAction":2020,"codProduct":"PRD-2020","levProduct":1,"codDisplay":"DSP-2020","codDiv":"D-2020","codNode":"NODE-2020","codNode1":"A1-2020","codNode2":"A2-2020","codNodeN":"AN-2020"}]}],"measureFields":[]},{"idAction":2323,"codProduct":"PRD_08","levProduct":0,"codDisplay":"DSP_08","codDiv":"DIV_08","qtyEstimated":11.00,"perceDiscount1":22.00,"perceDiscount2":2.00,"numMeasure":2.00,"codMeasure":"08","details":[],"measureFields":[]},{"idAction":2323,"codProduct":"PRD_1","levProduct":1,"codDisplay":"DIV_1","codDiv":"DIV_1","qtyEstimated":78.00,"perceDiscount1":6.00,"perceDiscount2":8.00,"numMeasure":78788.00,"codMeasure":"1","details":[],"measureFields":[]},{"idAction":2323,"codProduct":"PRD_23","levProduct":0,"codDisplay":"DSP_23","codDiv":"DIV_23","qtyEstimated":28.00,"perceDiscount1":7.00,"perceDiscount2":2.00,"numMeasure":7.00,"codMeasure":"MEASURE_23","details":[],"measureFields":[]},{"idAction":2323,"codProduct":"PRD_24","levProduct":1,"codDisplay":"DS-_24","codDiv":"DIV_24","qtyEstimated":345.00,"perceDiscount1":0.50,"perceDiscount2":0.90,"numMeasure":8.00,"codMeasure":"MEASURE_24","details":[],"measureFields":[]},{"idAction":2323,"codProduct":"PRD_34","levProduct":1,"codDisplay":"DSP_34","codDiv":"DIV_34","qtyEstimated":2345.00,"perceDiscount1":0.60,"perceDiscount2":8.87,"numMeasure":34.00,"codMeasure":"MEASURE_34","details":[],"measureFields":[]},{"idAction":2323,"codProduct":"PRD_44","levProduct":1,"codDisplay":"DSP_44","codDiv":"DIC_44","qtyEstimated":44.00,"perceDiscount1":0.10,"perceDiscount2":0.50,"numMeasure":76.00,"codMeasure":"MEASURE_44","details":[],"measureFields":[]},{"idAction":2323,"codProduct":"PRD_55","levProduct":1,"codDisplay":"DSP_55","codDiv":"DIV_55","qtyEstimated":66.00,"perceDiscount1":0.50,"perceDiscount2":0.10,"numMeasure":34.00,"codMeasure":"55","details":[],"measureFields":[]},{"idAction":2323,"codProduct":"PRD_765","levProduct":0,"codDisplay":"DSP_567","codDiv":"DIV_765","qtyEstimated":5.60,"perceDiscount1":0.50,"perceDiscount2":0.40,"numMeasure":999.00,"codMeasure":"765","details":[],"measureFields":[]},{"idAction":2323,"codProduct":"PROD-2323","levProduct":1,"codDisplay":"DSP-2323","codDiv":"D-2322","qtyEstimated":2340.00,"perceDiscount1":0.40,"perceDiscount2":45.00,"numMeasure":0.00,"codMeasure":"PALLET","details":[{"idAction":2323,"codProduct":"PROD-2323","levProduct":1,"codDisplay":"DSP-2323","codNode":"NODE-2323","codDiv":"D-2323","flgInclusion":true,"articles":[{"idAction":2323,"codProduct":"PROD-2323","levProduct":1,"codDisplay":"DSP-2323","codDiv":"D-2323","codNode":"NODE-2323","codNode1":"A1-2323","codNode2":"A2-2323","codNodeN":"AN-2323"}]}],"measureFields":[]},{"idAction":5005,"codProduct":"PROD-1111","levProduct":1,"codDisplay":"DISP-1111","codDiv":"DIV-1111","qtyEstimated":0.00,"perceDiscount1":0.00,"perceDiscount2":0.00,"numMeasure":1.00,"codMeasure":"EA","details":[{"idAction":5005,"codProduct":"PROD-1111","levProduct":1,"codDisplay":"DISP-1111","codNode":"ddd","codDiv":"DIV5005","flgInclusion":true,"articles":[]}],"measureFields":[]},{"idAction":6000,"codProduct":"PRD_6666","levProduct":1,"codDisplay":"DSP_6666","codDiv":"DIV_6666","qtyEstimated":14.00,"perceDiscount1":0.80,"perceDiscount2":8.90,"numMeasure":654.00,"codMeasure":"MEASURE_6666","details":[],"measureFields":[]},{"idAction":6000,"codProduct":"PRD_99","levProduct":1,"codDisplay":"DSP_99","codDiv":"DIV_99","qtyEstimated":456.00,"perceDiscount1":9.80,"perceDiscount2":7.70,"numMeasure":999.00,"codMeasure":"MEASURE_99","details":[{"idAction":6000,"codProduct":"PRD_99","levProduct":1,"codDisplay":"DSP_99","codNode":"NODE_99","codDiv":"DIV_99","flgInclusion":true,"articles":[{"idAction":6000,"codProduct":"PRD_99","levProduct":1,"codDisplay":"DSP_99","codDiv":"DIV_99","codNode":"NODE_99","codNode1":"HBKK","codNode2":"KHNKH","codNodeN":"IYGFTUFTY"}]}],"measureFields":[]},{"idAction":6000,"codProduct":"PROD-6000","levProduct":1,"codDisplay":"DISP-6000","codDiv":"DIV-6000","qtyEstimated":100.00,"perceDiscount1":15.00,"perceDiscount2":0.00,"numMeasure":1.00,"codMeasure":"UNIT","details":[{"idAction":6000,"codProduct":"PROD-6000","levProduct":1,"codDisplay":"DISP-6000","codNode":"DET-6000","codDiv":"DIV-6000","flgInclusion":true,"articles":[{"idAction":6000,"codProduct":"PROD-6000","levProduct":1,"codDisplay":"DISP-6000","codDiv":"DIV-6000","codNode":"DET-6000","codNode1":"SKU-6001","codNode2":"V-GOLD","codNodeN":"SIZE-XL"}]}],"measureFields":[]},{"idAction":6767,"codProduct":"PRD_7777","levProduct":1,"codDisplay":"DSP_7777","codDiv":"DIV_7777","qtyEstimated":3423.00,"perceDiscount1":9.80,"perceDiscount2":5.60,"numMeasure":3432.00,"codMeasure":"MEASURE_7777","details":[{"idAction":6767,"codProduct":"PRD_7777","levProduct":1,"codDisplay":"DSP_7777","codNode":"NODE_7777","codDiv":"DIV_7777","flgInclusion":true,"articles":[{"idAction":6767,"codProduct":"PRD_7777","levProduct":1,"codDisplay":"DSP_7777","codDiv":"DIV_7777","codNode":"NODE_7777","codNode1":"ABC","codNode2":"DEF","codNodeN":"HBJ"}]}],"measureFields":[]},{"idAction":6767,"codProduct":"PROD-6767","levProduct":1,"codDisplay":"DSP-6767","codDiv":"DIV-6767","qtyEstimated":5000.00,"perceDiscount1":23.50,"perceDiscount2":45.60,"numMeasure":0.00,"codMeasure":"PALLET","details":[{"idAction":6767,"codProduct":"PROD-6767","levProduct":1,"codDisplay":"DSP-6767","codNode":"NODE-6767","codDiv":"DIV-6767","flgInclusion":true,"articles":[{"idAction":6767,"codProduct":"PROD-6767","levProduct":1,"codDisplay":"DSP-6767","codDiv":"DIV-6767","codNode":"NODE-6767","codNode1":"A1-6767","codNode2":"A2-6767","codNodeN":"AN-6767"}]}],"measureFields":[]},{"idAction":7000,"codProduct":"PROD-7000","levProduct":1,"codDisplay":"DISP-7000","codDiv":"DIV-7000","qtyEstimated":500.00,"perceDiscount1":null,"perceDiscount2":null,"numMeasure":null,"codMeasure":null,"details":[],"measureFields":[]},{"idAction":8888,"codProduct":"PROD-5555","levProduct":1,"codDisplay":"DISP-5555","codDiv":"DIV-5555","qtyEstimated":500.00,"perceDiscount1":0.00,"perceDiscount2":0.00,"numMeasure":0.00,"codMeasure":null,"details":[{"idAction":8888,"codProduct":"PROD-5555","levProduct":1,"codDisplay":"DISP-5555","codNode":"NODE-5555","codDiv":"DIV-5555","flgInclusion":true,"articles":[{"idAction":8888,"codProduct":"PROD-5555","levProduct":1,"codDisplay":"DISP-5555","codDiv":"DIV-5555","codNode":"NODE-5555","codNode1":null,"codNode2":null,"codNodeN":null}]}],"measureFields":[]},{"idAction":8888,"codProduct":"PROD-8888","levProduct":1,"codDisplay":"DISP-8888","codDiv":"DIV-8888","qtyEstimated":2000.00,"perceDiscount1":null,"perceDiscount2":null,"numMeasure":null,"codMeasure":null,"details":[{"idAction":8888,"codProduct":"PROD-8888","levProduct":1,"codDisplay":"DISP-8888","codNode":"NODE-8888","codDiv":"DIV-8888","flgInclusion":true,"articles":[{"idAction":8888,"codProduct":"PROD-8888","levProduct":1,"codDisplay":"DISP-8888","codDiv":"DIV-8888","codNode":"NODE-8888","codNode1":"A1","codNode2":null,"codNodeN":null}]}],"measureFields":[]},{"idAction":9000,"codProduct":"PROD-9000","levProduct":1,"codDisplay":"DISP-9000","codDiv":"DIV-9000","qtyEstimated":2000.00,"perceDiscount1":null,"perceDiscount2":null,"numMeasure":null,"codMeasure":null,"details":[{"idAction":9000,"codProduct":"PROD-9000","levProduct":1,"codDisplay":"DISP-9000","codNode":"NODE-9000","codDiv":"DIV-9000","flgInclusion":true,"articles":[{"idAction":9000,"codProduct":"PROD-9000","levProduct":1,"codDisplay":"DISP-9000","codDiv":"DIV-9000","codNode":"NODE-9000","codNode1":"A1","codNode2":null,"codNodeN":null}]}],"measureFields":[]},{"idAction":9999,"codProduct":"PROD-9999","levProduct":1,"codDisplay":"DISP-9999","codDiv":"DIV-9999","qtyEstimated":777.00,"perceDiscount1":null,"perceDiscount2":null,"numMeasure":null,"codMeasure":null,"details":[{"idAction":9999,"codProduct":"PROD-9999","levProduct":1,"codDisplay":"DISP-9999","codNode":"NODE-9999","codDiv":"DIV-9999","flgInclusion":true,"articles":[{"idAction":9999,"codProduct":"PROD-9999","levProduct":1,"codDisplay":"DISP-9999","codDiv":"DIV-9999","codNode":"NODE-9999","codNode1":"ERR","codNode2":null,"codNodeN":null}]}],"measureFields":[]}]
2026-01-29 10:53:24.868 +05:00 [INF] HTTP GET /api/promotions/products responded 200 in 19.9841 ms
2026-01-29 10:53:26.628 +05:00 [INF] HTTP GET /api/promotions/actions responded 200 in 14.2234 ms | User: Talha (N/A) | IP: ::1 | RequestBody:  | ResponseBody: [{"idAction":3,"name":"PROMO_3","codDiv":"DIV_3","dteStartSellIn":"2026-01-14T10:44:00","dteEndSellIn":"2026-01-15T10:45:00","dteStartSellOut":"2026-01-25T10:45:00","dteEndSellOut":"2026-01-30T10:45:00","documentKey":"KEY_3","dteToShost":"2026-01-10T10:44:00","levParticipants":3},{"idAction":5,"name":"PROMO_5","codDiv":"DIV_5","dteStartSellIn":"2026-02-24T10:49:00","dteEndSellIn":"2026-02-21T10:49:00","dteStartSellOut":"2026-02-24T10:49:00","dteEndSellOut":"2026-02-27T10:49:00","documentKey":"DOC_KEY_5","dteToShost":"2026-01-18T10:48:00","levParticipants":5},{"idAction":10,"name":"PROMO_10","codDiv":"DIV_10","dteStartSellIn":"2026-01-30T14:45:00","dteEndSellIn":"2026-01-31T14:45:00","dteStartSellOut":"2026-01-23T14:45:00","dteEndSellOut":"2026-01-24T14:45:00","documentKey":"DOCC_KEY_10","dteToShost":"2026-01-29T14:44:00","levParticipants":10},{"idAction":45,"name":"cccc","codDiv":"DIV01","dteStartSellIn":"2026-01-16T00:00:00","dteEndSellIn":"2026-01-17T00:00:00","dteStartSellOut":"2026-01-16T00:00:00","dteEndSellOut":"2026-01-17T00:00:00","documentKey":null,"dteToShost":null,"levParticipants":2},{"idAction":1111,"name":"PROMO_1111","codDiv":"DIV_1111","dteStartSellIn":"2026-01-01T17:00:00","dteEndSellIn":"2026-01-30T17:02:00","dteStartSellOut":"2026-01-17T17:02:00","dteEndSellOut":"2026-01-28T17:02:00","documentKey":"1111_DOCC_KEY","dteToShost":"2026-01-13T17:02:00","levParticipants":11},{"idAction":2020,"name":"Spring Special 2020","codDiv":"D-2020","dteStartSellIn":"2026-01-03T12:28:00","dteEndSellIn":"2026-01-04T12:28:00","dteStartSellOut":"2026-01-05T12:28:00","dteEndSellOut":"2026-01-06T12:28:00","documentKey":"DOC-SPRING-2020","dteToShost":"2026-01-02T12:28:00","levParticipants":1},{"idAction":2222,"name":"haseeb","codDiv":"DIV02","dteStartSellIn":"2026-01-28T00:00:00","dteEndSellIn":"2026-01-30T00:00:00","dteStartSellOut":"2026-01-28T00:00:00","dteEndSellOut":"2026-01-30T00:00:00","documentKey":null,"dteToShost":null,"levParticipants":2},{"idAction":2323,"name":"Winter Sale Campaign 2323","codDiv":"D-2323","dteStartSellIn":"2026-01-19T14:39:00","dteEndSellIn":"2026-01-20T14:40:00","dteStartSellOut":"2026-01-21T14:40:00","dteEndSellOut":"2026-01-22T14:40:00","documentKey":"DOC-WINTER-2323","dteToShost":"2026-01-30T14:39:00","levParticipants":1},{"idAction":5005,"name":"bbb","codDiv":"DIV5005","dteStartSellIn":"2026-01-23T00:00:00","dteEndSellIn":"2026-01-30T00:00:00","dteStartSellOut":"2026-01-26T00:00:00","dteEndSellOut":"2026-01-18T00:00:00","documentKey":"555553","dteToShost":"2026-01-19T00:00:00","levParticipants":14},{"idAction":6000,"name":"Zero Redundancy Campaign 6000","codDiv":"DIV-6000","dteStartSellIn":"2026-01-01T00:00:00","dteEndSellIn":"2026-01-31T00:00:00","dteStartSellOut":"2026-02-01T00:00:00","dteEndSellOut":"2026-02-28T00:00:00","documentKey":"DOC-6000","dteToShost":"2026-01-05T00:00:00","levParticipants":1},{"idAction":6767,"name":"XTEL Launch Promo 6767","codDiv":"DIV-6767","dteStartSellIn":"2026-01-20T12:16:00","dteEndSellIn":"2026-01-21T12:16:00","dteStartSellOut":"2026-01-22T12:16:00","dteEndSellOut":"2026-01-23T12:16:00","documentKey":"DOC-XTEL-6767","dteToShost":"2026-01-03T12:16:00","levParticipants":1},{"idAction":7000,"name":"Atomic Campaign 7000","codDiv":"DIV-7000","dteStartSellIn":"2026-01-01T00:00:00","dteEndSellIn":"2026-01-31T00:00:00","dteStartSellOut":"2026-02-01T00:00:00","dteEndSellOut":"2026-02-28T00:00:00","documentKey":"DOC-7000","dteToShost":null,"levParticipants":1},{"idAction":8888,"name":"Atomic Campaign 8888 Complete","codDiv":"DIV-8888","dteStartSellIn":"2026-01-01T00:00:00","dteEndSellIn":"2026-01-31T00:00:00","dteStartSellOut":"2026-02-01T00:00:00","dteEndSellOut":"2026-02-28T00:00:00","documentKey":"DOC-8888","dteToShost":null,"levParticipants":1},{"idAction":9000,"name":"Balanced Atomic Campaign 9000","codDiv":"DIV-9000","dteStartSellIn":"2026-01-01T00:00:00","dteEndSellIn":"2026-01-31T00:00:00","dteStartSellOut":"2026-02-01T00:00:00","dteEndSellOut":"2026-02-28T00:00:00","documentKey":"DOC-9000","dteToShost":null,"levParticipants":1},{"idAction":9999,"name":"I should not exist in DB","codDiv":"DIV-9999","dteStartSellIn":"2026-01-01T00:00:00","dteEndSellIn":"2026-01-31T00:00:00","dteStartSellOut":"2026-02-01T00:00:00","dteEndSellOut":"2026-02-28T00:00:00","documentKey":"DOC-9999","dteToShost":null,"levParticipants":1}]
2026-01-29 10:53:26.650 +05:00 [INF] HTTP GET /api/promotions/actions responded 200 in 35.6526 ms
2026-01-29 10:54:39.243 +05:00 [INF] HTTP POST /api/promotions/products responded 200 in 81.2729 ms | User: Talha (N/A) | IP: ::1 | RequestBody:  | ResponseBody: 
2026-01-29 10:54:39.248 +05:00 [INF] HTTP POST /api/promotions/products responded 200 in 86.7517 ms
2026-01-29 10:54:50.029 +05:00 [INF] HTTP GET /api/promotions/actions responded 200 in 17.1460 ms | User: Talha (N/A) | IP: ::1 | RequestBody:  | ResponseBody: [{"idAction":3,"name":"PROMO_3","codDiv":"DIV_3","dteStartSellIn":"2026-01-14T10:44:00","dteEndSellIn":"2026-01-15T10:45:00","dteStartSellOut":"2026-01-25T10:45:00","dteEndSellOut":"2026-01-30T10:45:00","documentKey":"KEY_3","dteToShost":"2026-01-10T10:44:00","levParticipants":3},{"idAction":5,"name":"PROMO_5","codDiv":"DIV_5","dteStartSellIn":"2026-02-24T10:49:00","dteEndSellIn":"2026-02-21T10:49:00","dteStartSellOut":"2026-02-24T10:49:00","dteEndSellOut":"2026-02-27T10:49:00","documentKey":"DOC_KEY_5","dteToShost":"2026-01-18T10:48:00","levParticipants":5},{"idAction":10,"name":"PROMO_10","codDiv":"DIV_10","dteStartSellIn":"2026-01-30T14:45:00","dteEndSellIn":"2026-01-31T14:45:00","dteStartSellOut":"2026-01-23T14:45:00","dteEndSellOut":"2026-01-24T14:45:00","documentKey":"DOCC_KEY_10","dteToShost":"2026-01-29T14:44:00","levParticipants":10},{"idAction":45,"name":"cccc","codDiv":"DIV01","dteStartSellIn":"2026-01-16T00:00:00","dteEndSellIn":"2026-01-17T00:00:00","dteStartSellOut":"2026-01-16T00:00:00","dteEndSellOut":"2026-01-17T00:00:00","documentKey":null,"dteToShost":null,"levParticipants":2},{"idAction":1111,"name":"PROMO_1111","codDiv":"DIV_1111","dteStartSellIn":"2026-01-01T17:00:00","dteEndSellIn":"2026-01-30T17:02:00","dteStartSellOut":"2026-01-17T17:02:00","dteEndSellOut":"2026-01-28T17:02:00","documentKey":"1111_DOCC_KEY","dteToShost":"2026-01-13T17:02:00","levParticipants":11},{"idAction":2020,"name":"Spring Special 2020","codDiv":"D-2020","dteStartSellIn":"2026-01-03T12:28:00","dteEndSellIn":"2026-01-04T12:28:00","dteStartSellOut":"2026-01-05T12:28:00","dteEndSellOut":"2026-01-06T12:28:00","documentKey":"DOC-SPRING-2020","dteToShost":"2026-01-02T12:28:00","levParticipants":1},{"idAction":2222,"name":"haseeb","codDiv":"DIV02","dteStartSellIn":"2026-01-28T00:00:00","dteEndSellIn":"2026-01-30T00:00:00","dteStartSellOut":"2026-01-28T00:00:00","dteEndSellOut":"2026-01-30T00:00:00","documentKey":null,"dteToShost":null,"levParticipants":2},{"idAction":2323,"name":"Winter Sale Campaign 2323","codDiv":"D-2323","dteStartSellIn":"2026-01-19T14:39:00","dteEndSellIn":"2026-01-20T14:40:00","dteStartSellOut":"2026-01-21T14:40:00","dteEndSellOut":"2026-01-22T14:40:00","documentKey":"DOC-WINTER-2323","dteToShost":"2026-01-30T14:39:00","levParticipants":1},{"idAction":5005,"name":"bbb","codDiv":"DIV5005","dteStartSellIn":"2026-01-23T00:00:00","dteEndSellIn":"2026-01-30T00:00:00","dteStartSellOut":"2026-01-26T00:00:00","dteEndSellOut":"2026-01-18T00:00:00","documentKey":"555553","dteToShost":"2026-01-19T00:00:00","levParticipants":14},{"idAction":6000,"name":"Zero Redundancy Campaign 6000","codDiv":"DIV-6000","dteStartSellIn":"2026-01-01T00:00:00","dteEndSellIn":"2026-01-31T00:00:00","dteStartSellOut":"2026-02-01T00:00:00","dteEndSellOut":"2026-02-28T00:00:00","documentKey":"DOC-6000","dteToShost":"2026-01-05T00:00:00","levParticipants":1},{"idAction":6767,"name":"XTEL Launch Promo 6767","codDiv":"DIV-6767","dteStartSellIn":"2026-01-20T12:16:00","dteEndSellIn":"2026-01-21T12:16:00","dteStartSellOut":"2026-01-22T12:16:00","dteEndSellOut":"2026-01-23T12:16:00","documentKey":"DOC-XTEL-6767","dteToShost":"2026-01-03T12:16:00","levParticipants":1},{"idAction":7000,"name":"Atomic Campaign 7000","codDiv":"DIV-7000","dteStartSellIn":"2026-01-01T00:00:00","dteEndSellIn":"2026-01-31T00:00:00","dteStartSellOut":"2026-02-01T00:00:00","dteEndSellOut":"2026-02-28T00:00:00","documentKey":"DOC-7000","dteToShost":null,"levParticipants":1},{"idAction":8888,"name":"Atomic Campaign 8888 Complete","codDiv":"DIV-8888","dteStartSellIn":"2026-01-01T00:00:00","dteEndSellIn":"2026-01-31T00:00:00","dteStartSellOut":"2026-02-01T00:00:00","dteEndSellOut":"2026-02-28T00:00:00","documentKey":"DOC-8888","dteToShost":null,"levParticipants":1},{"idAction":9000,"name":"Balanced Atomic Campaign 9000","codDiv":"DIV-9000","dteStartSellIn":"2026-01-01T00:00:00","dteEndSellIn":"2026-01-31T00:00:00","dteStartSellOut":"2026-02-01T00:00:00","dteEndSellOut":"2026-02-28T00:00:00","documentKey":"DOC-9000","dteToShost":null,"levParticipants":1},{"idAction":9999,"name":"I should not exist in DB","codDiv":"DIV-9999","dteStartSellIn":"2026-01-01T00:00:00","dteEndSellIn":"2026-01-31T00:00:00","dteStartSellOut":"2026-02-01T00:00:00","dteEndSellOut":"2026-02-28T00:00:00","documentKey":"DOC-9999","dteToShost":null,"levParticipants":1}]
2026-01-29 10:54:50.066 +05:00 [INF] HTTP GET /api/participants/all responded 200 in 35.2852 ms | User: Talha (N/A) | IP: ::1 | RequestBody:  | ResponseBody: [{"idAction":3,"codParticipant":"NODE_3","flgInclusion":true,"codHier":"H_3","codDiv":"DIV_3","codNode":"NODE_3","idLevel":3,"dteStart":"2026-01-01T10:45:00"},{"idAction":5,"codParticipant":"NODE_5","flgInclusion":true,"codHier":"H_5","codDiv":"DIV_5","codNode":"NODE_5","idLevel":5,"dteStart":"2026-01-30T10:50:00"},{"idAction":10,"codParticipant":"NODE_10","flgInclusion":true,"codHier":"H_10","codDiv":"DIV_10","codNode":"NODE_10","idLevel":10,"dteStart":"2026-01-01T14:45:00"},{"idAction":1111,"codParticipant":"NODE_1111","flgInclusion":true,"codHier":"H_1111","codDiv":"DIV_1111","codNode":"NODE_1111","idLevel":11,"dteStart":"2026-01-01T17:00:00"},{"idAction":2323,"codParticipant":"P-2323","flgInclusion":true,"codHier":"H-2323","codDiv":"D-2323","codNode":"C-2323","idLevel":4,"dteStart":"2026-01-01T12:48:00"},{"idAction":5005,"codParticipant":"","flgInclusion":true,"codHier":"H-9999","codDiv":"DIV-9999","codNode":"CUST-9999","idLevel":10,"dteStart":"2026-01-01T00:00:00"},{"idAction":6000,"codParticipant":"P-6000","flgInclusion":true,"codHier":"H-6000","codDiv":"DIV-6000","codNode":"CUST-6000","idLevel":10,"dteStart":"2026-01-01T00:00:00"},{"idAction":6767,"codParticipant":"P-6767","flgInclusion":false,"codHier":"H-6767","codDiv":"DIV-6767","codNode":"CUST-6767","idLevel":5,"dteStart":"2026-01-01T12:15:00"},{"idAction":7000,"codParticipant":"P-7000","flgInclusion":true,"codHier":"H-7000","codDiv":"DIV-7000","codNode":"CUST-7000","idLevel":10,"dteStart":"2026-01-01T00:00:00"},{"idAction":8888,"codParticipant":"P-8888","flgInclusion":true,"codHier":"H-8888","codDiv":"DIV-8888","codNode":"CUST-8888","idLevel":10,"dteStart":"2026-01-01T00:00:00"},{"idAction":9000,"codParticipant":"P-9000","flgInclusion":true,"codHier":"H-9000","codDiv":"DIV-9000","codNode":"CUST-9000","idLevel":10,"dteStart":"2026-01-01T00:00:00"},{"idAction":9999,"codParticipant":"P-9999","flgInclusion":true,"codHier":"H-9999","codDiv":"DIV-9999","codNode":"CUST-9999","idLevel":10,"dteStart":"2026-01-01T00:00:00"}]
2026-01-29 10:54:50.066 +05:00 [INF] HTTP GET /api/promotions/delivery-points responded 200 in 37.1127 ms | User: Talha (N/A) | IP: ::1 | RequestBody:  | ResponseBody: [{"idAction":3,"codDeliveryPoint":"NODE_3","flgInclusion":true,"codHier":"H_3","codDiv":"DIV_3","codNode":"NODE_3","idLevel":3,"dteStart":"2026-01-01T10:45:00"},{"idAction":5,"codDeliveryPoint":"NODE_5","flgInclusion":true,"codHier":"H_5","codDiv":"DIV_5","codNode":"NODE_5","idLevel":5,"dteStart":"2026-01-30T10:50:00"},{"idAction":10,"codDeliveryPoint":"NODE_10","flgInclusion":true,"codHier":"H_10","codDiv":"DIV_10","codNode":"NODE_10","idLevel":10,"dteStart":"2026-01-01T14:45:00"},{"idAction":1111,"codDeliveryPoint":"NODE_1111","flgInclusion":true,"codHier":"H_1111","codDiv":"DIV_1111","codNode":"NODE_1111","idLevel":11,"dteStart":"2026-01-01T17:00:00"},{"idAction":5005,"codDeliveryPoint":"","flgInclusion":true,"codHier":"H-2255","codDiv":"DIV-2255","codNode":"CUST-2255","idLevel":10,"dteStart":"2026-01-01T00:00:00"},{"idAction":6767,"codDeliveryPoint":"DP-6767","flgInclusion":true,"codHier":"H-6767","codDiv":"DIV-6767","codNode":"CUST-6767","idLevel":5,"dteStart":"2026-01-01T12:15:00"},{"idAction":7000,"codDeliveryPoint":"DP-7000","flgInclusion":true,"codHier":"H-7000","codDiv":"DIV-7000","codNode":"CUST-7000","idLevel":10,"dteStart":"2026-01-01T00:00:00"}]
2026-01-29 10:54:50.066 +05:00 [INF] HTTP GET /api/promotions/actions responded 200 in 54.4163 ms
2026-01-29 10:54:50.073 +05:00 [INF] HTTP GET /api/promotions/customer-relations responded 200 in 11.0115 ms | User: Talha (N/A) | IP: ::1 | RequestBody:  | ResponseBody: [{"idAction":0,"codHier":"5555","codDiv":"div5555","codNode":"f5555","idLevel":1,"dteStart":"2026-01-15T00:00:00","codParentNode":"root","dteEnd":null},{"idAction":0,"codHier":"56","codDiv":"565","codNode":"56","idLevel":55,"dteStart":"2026-01-29T00:44:00","codParentNode":"haseeb","dteEnd":"2026-01-26T00:44:00"},{"idAction":0,"codHier":"H_10","codDiv":"DIV_10","codNode":"NODE_10","idLevel":10,"dteStart":"2026-01-01T14:45:00","codParentNode":"ROOT_10","dteEnd":"2026-01-31T14:44:00"},{"idAction":0,"codHier":"H_1111","codDiv":"DIV_1111","codNode":"NODE_1111","idLevel":11,"dteStart":"2026-01-01T17:00:00","codParentNode":"ROOT_1111","dteEnd":"2026-01-30T17:01:00"},{"idAction":0,"codHier":"H_3","codDiv":"DIV_3","codNode":"NODE_3","idLevel":3,"dteStart":"2026-01-01T10:45:00","codParentNode":"ROOT_3","dteEnd":"2026-01-30T10:44:00"},{"idAction":0,"codHier":"H_5","codDiv":"DIV_5","codNode":"NODE_5","idLevel":5,"dteStart":"2026-01-30T10:50:00","codParentNode":"ROOT_5","dteEnd":"2026-01-31T10:48:00"},{"idAction":0,"codHier":"H-1010","codDiv":"D-1010","codNode":"C-1010","idLevel":1,"dteStart":"2026-01-01T11:54:00","codParentNode":"root","dteEnd":"2026-01-12T11:54:00"},{"idAction":0,"codHier":"H-11","codDiv":"DIV-11","codNode":"C-11","idLevel":11,"dteStart":"2026-01-01T15:05:00","codParentNode":"ROOT","dteEnd":"2026-01-31T15:05:00"},{"idAction":0,"codHier":"H-1111","codDiv":"DIV-1111","codNode":"CUST-1111","idLevel":10,"dteStart":"2026-01-01T00:00:00","codParentNode":"ROOT","dteEnd":null},{"idAction":0,"codHier":"H-1414","codDiv":"D-1414","codNode":"C-1414","idLevel":4,"dteStart":"2026-01-01T14:45:00","codParentNode":"ROOT","dteEnd":"2026-01-15T14:45:00"},{"idAction":0,"codHier":"H-2","codDiv":"DIV-2","codNode":"CUST-2","idLevel":2,"dteStart":"2026-01-01T12:40:00","codParentNode":"ROOT","dteEnd":"2026-01-16T12:37:00"},{"idAction":0,"codHier":"H-2","codDiv":"DIV-2","codNode":"CUST-2","idLevel":2,"dteStart":"2026-01-21T12:37:00","codParentNode":"ROOT","dteEnd":"2026-01-24T12:37:00"},{"idAction":0,"codHier":"H-2020","codDiv":"D-2020","codNode":"C-2020","idLevel":2,"dteStart":"2026-01-02T12:27:00","codParentNode":"root","dteEnd":"2026-01-30T12:27:00"},{"idAction":0,"codHier":"H-2255","codDiv":"DIV-2255","codNode":"CUST-2255","idLevel":10,"dteStart":"2026-01-01T00:00:00","codParentNode":"ROOT","dteEnd":null},{"idAction":0,"codHier":"H-2323","codDiv":"D-2323","codNode":"C-2323","idLevel":4,"dteStart":"2026-01-01T12:48:00","codParentNode":"ROOT","dteEnd":"2026-01-12T12:49:00"},{"idAction":0,"codHier":"H-3333","codDiv":"DIV-3333","codNode":"CUST-3333","idLevel":10,"dteStart":"2026-01-01T00:00:00","codParentNode":"ROOT","dteEnd":null},{"idAction":0,"codHier":"H-3344","codDiv":"DIV-3345","codNode":"CUST-3345","idLevel":10,"dteStart":"2026-01-01T00:00:00","codParentNode":"ROOT","dteEnd":null},{"idAction":0,"codHier":"H-3345","codDiv":"DIV-3345","codNode":"CUST-3345","idLevel":10,"dteStart":"2026-01-01T00:00:00","codParentNode":"ROOT","dteEnd":null},{"idAction":0,"codHier":"H-4","codDiv":"DIV-4","codNode":"CUST-4","idLevel":4,"dteStart":"2026-01-01T14:44:00","codParentNode":"ROOT","dteEnd":"2026-01-02T14:44:00"},{"idAction":0,"codHier":"H-5555","codDiv":"DIV-5555","codNode":"CUST-5555","idLevel":10,"dteStart":"2026-01-01T00:00:00","codParentNode":"ROOT","dteEnd":null},{"idAction":0,"codHier":"H-6000","codDiv":"DIV-6000","codNode":"CUST-6000","idLevel":10,"dteStart":"2026-01-01T00:00:00","codParentNode":"ROOT","dteEnd":"2026-12-31T00:00:00"},{"idAction":0,"codHier":"H-6666","codDiv":"DIV-6666","codNode":"CUST-6666","idLevel":10,"dteStart":"2026-01-17T01:30:00","codParentNode":"ROOT","dteEnd":"2026-01-18T01:30:00"},{"idAction":0,"codHier":"H-6767","codDiv":"DIV-6767","codNode":"CUST-6767","idLevel":5,"dteStart":"2026-01-01T12:15:00","codParentNode":"ROOT","dteEnd":"2026-01-08T12:15:00"},{"idAction":0,"codHier":"H-7000","codDiv":"DIV-7000","codNode":"CUST-7000","idLevel":10,"dteStart":"2026-01-01T00:00:00","codParentNode":"ROOT","dteEnd":null},{"idAction":0,"codHier":"H-7777","codDiv":"DIV-7777","codNode":"CUST-7777","idLevel":10,"dteStart":"2026-01-01T00:00:00","codParentNode":"ROOT","dteEnd":null},{"idAction":0,"codHier":"H-7878","codDiv":"DIV-7878","codNode":"CUST-7878","idLevel":3,"dteStart":"2026-01-18T11:43:00","codParentNode":"ROOT","dteEnd":"2026-01-19T11:43:00"},{"idAction":0,"codHier":"H-8000","codDiv":"DIV-8000","codNode":"CUST-8000","idLevel":10,"dteStart":"2026-01-01T00:00:00","codParentNode":"ROOT","dteEnd":null},{"idAction":0,"codHier":"H-8888","codDiv":"DIV-8888","codNode":"CUST-8888","idLevel":10,"dteStart":"2026-01-01T00:00:00","codParentNode":"ROOT","dteEnd":null},{"idAction":0,"codHier":"H-9000","codDiv":"DIV-9000","codNode":"CUST-9000","idLevel":10,"dteStart":"2026-01-01T00:00:00","codParentNode":"ROOT","dteEnd":null},{"idAction":0,"codHier":"H-9999","codDiv":"DIV-9999","codNode":"CUST-9999","idLevel":10,"dteStart":"2026-01-01T00:00:00","codParentNode":"ROOT","dteEnd":null},{"idAction":0,"codHier":"HIER_CORP","codDiv":"DIV01","codNode":"NODE_9111","idLevel":1,"dteStart":"2026-01-15T00:00:00","codParentNode":"ROOT_NODE","dteEnd":null}]
2026-01-29 10:54:50.077 +05:00 [INF] HTTP GET /api/promotions/delivery-points responded 200 in 47.9836 ms
2026-01-29 10:54:50.073 +05:00 [INF] HTTP GET /api/participants/all responded 200 in 43.0610 ms
2026-01-29 10:54:50.101 +05:00 [INF] HTTP GET /api/promotions/customer-relations responded 200 in 38.8530 ms
2026-01-29 10:54:50.139 +05:00 [INF] HTTP GET /api/promotions/actions responded 200 in 8.0749 ms | User: Talha (N/A) | IP: ::1 | RequestBody:  | ResponseBody: [{"idAction":3,"name":"PROMO_3","codDiv":"DIV_3","dteStartSellIn":"2026-01-14T10:44:00","dteEndSellIn":"2026-01-15T10:45:00","dteStartSellOut":"2026-01-25T10:45:00","dteEndSellOut":"2026-01-30T10:45:00","documentKey":"KEY_3","dteToShost":"2026-01-10T10:44:00","levParticipants":3},{"idAction":5,"name":"PROMO_5","codDiv":"DIV_5","dteStartSellIn":"2026-02-24T10:49:00","dteEndSellIn":"2026-02-21T10:49:00","dteStartSellOut":"2026-02-24T10:49:00","dteEndSellOut":"2026-02-27T10:49:00","documentKey":"DOC_KEY_5","dteToShost":"2026-01-18T10:48:00","levParticipants":5},{"idAction":10,"name":"PROMO_10","codDiv":"DIV_10","dteStartSellIn":"2026-01-30T14:45:00","dteEndSellIn":"2026-01-31T14:45:00","dteStartSellOut":"2026-01-23T14:45:00","dteEndSellOut":"2026-01-24T14:45:00","documentKey":"DOCC_KEY_10","dteToShost":"2026-01-29T14:44:00","levParticipants":10},{"idAction":45,"name":"cccc","codDiv":"DIV01","dteStartSellIn":"2026-01-16T00:00:00","dteEndSellIn":"2026-01-17T00:00:00","dteStartSellOut":"2026-01-16T00:00:00","dteEndSellOut":"2026-01-17T00:00:00","documentKey":null,"dteToShost":null,"levParticipants":2},{"idAction":1111,"name":"PROMO_1111","codDiv":"DIV_1111","dteStartSellIn":"2026-01-01T17:00:00","dteEndSellIn":"2026-01-30T17:02:00","dteStartSellOut":"2026-01-17T17:02:00","dteEndSellOut":"2026-01-28T17:02:00","documentKey":"1111_DOCC_KEY","dteToShost":"2026-01-13T17:02:00","levParticipants":11},{"idAction":2020,"name":"Spring Special 2020","codDiv":"D-2020","dteStartSellIn":"2026-01-03T12:28:00","dteEndSellIn":"2026-01-04T12:28:00","dteStartSellOut":"2026-01-05T12:28:00","dteEndSellOut":"2026-01-06T12:28:00","documentKey":"DOC-SPRING-2020","dteToShost":"2026-01-02T12:28:00","levParticipants":1},{"idAction":2222,"name":"haseeb","codDiv":"DIV02","dteStartSellIn":"2026-01-28T00:00:00","dteEndSellIn":"2026-01-30T00:00:00","dteStartSellOut":"2026-01-28T00:00:00","dteEndSellOut":"2026-01-30T00:00:00","documentKey":null,"dteToShost":null,"levParticipants":2},{"idAction":2323,"name":"Winter Sale Campaign 2323","codDiv":"D-2323","dteStartSellIn":"2026-01-19T14:39:00","dteEndSellIn":"2026-01-20T14:40:00","dteStartSellOut":"2026-01-21T14:40:00","dteEndSellOut":"2026-01-22T14:40:00","documentKey":"DOC-WINTER-2323","dteToShost":"2026-01-30T14:39:00","levParticipants":1},{"idAction":5005,"name":"bbb","codDiv":"DIV5005","dteStartSellIn":"2026-01-23T00:00:00","dteEndSellIn":"2026-01-30T00:00:00","dteStartSellOut":"2026-01-26T00:00:00","dteEndSellOut":"2026-01-18T00:00:00","documentKey":"555553","dteToShost":"2026-01-19T00:00:00","levParticipants":14},{"idAction":6000,"name":"Zero Redundancy Campaign 6000","codDiv":"DIV-6000","dteStartSellIn":"2026-01-01T00:00:00","dteEndSellIn":"2026-01-31T00:00:00","dteStartSellOut":"2026-02-01T00:00:00","dteEndSellOut":"2026-02-28T00:00:00","documentKey":"DOC-6000","dteToShost":"2026-01-05T00:00:00","levParticipants":1},{"idAction":6767,"name":"XTEL Launch Promo 6767","codDiv":"DIV-6767","dteStartSellIn":"2026-01-20T12:16:00","dteEndSellIn":"2026-01-21T12:16:00","dteStartSellOut":"2026-01-22T12:16:00","dteEndSellOut":"2026-01-23T12:16:00","documentKey":"DOC-XTEL-6767","dteToShost":"2026-01-03T12:16:00","levParticipants":1},{"idAction":7000,"name":"Atomic Campaign 7000","codDiv":"DIV-7000","dteStartSellIn":"2026-01-01T00:00:00","dteEndSellIn":"2026-01-31T00:00:00","dteStartSellOut":"2026-02-01T00:00:00","dteEndSellOut":"2026-02-28T00:00:00","documentKey":"DOC-7000","dteToShost":null,"levParticipants":1},{"idAction":8888,"name":"Atomic Campaign 8888 Complete","codDiv":"DIV-8888","dteStartSellIn":"2026-01-01T00:00:00","dteEndSellIn":"2026-01-31T00:00:00","dteStartSellOut":"2026-02-01T00:00:00","dteEndSellOut":"2026-02-28T00:00:00","documentKey":"DOC-8888","dteToShost":null,"levParticipants":1},{"idAction":9000,"name":"Balanced Atomic Campaign 9000","codDiv":"DIV-9000","dteStartSellIn":"2026-01-01T00:00:00","dteEndSellIn":"2026-01-31T00:00:00","dteStartSellOut":"2026-02-01T00:00:00","dteEndSellOut":"2026-02-28T00:00:00","documentKey":"DOC-9000","dteToShost":null,"levParticipants":1},{"idAction":9999,"name":"I should not exist in DB","codDiv":"DIV-9999","dteStartSellIn":"2026-01-01T00:00:00","dteEndSellIn":"2026-01-31T00:00:00","dteStartSellOut":"2026-02-01T00:00:00","dteEndSellOut":"2026-02-28T00:00:00","documentKey":"DOC-9999","dteToShost":null,"levParticipants":1}]
2026-01-29 10:54:50.143 +05:00 [INF] HTTP GET /api/promotions/actions responded 200 in 12.6313 ms
2026-01-29 10:54:50.221 +05:00 [INF] HTTP GET /api/promotions/delivery-points responded 200 in 6.7567 ms | User: Talha (N/A) | IP: ::1 | RequestBody:  | ResponseBody: [{"idAction":3,"codDeliveryPoint":"NODE_3","flgInclusion":true,"codHier":"H_3","codDiv":"DIV_3","codNode":"NODE_3","idLevel":3,"dteStart":"2026-01-01T10:45:00"},{"idAction":5,"codDeliveryPoint":"NODE_5","flgInclusion":true,"codHier":"H_5","codDiv":"DIV_5","codNode":"NODE_5","idLevel":5,"dteStart":"2026-01-30T10:50:00"},{"idAction":10,"codDeliveryPoint":"NODE_10","flgInclusion":true,"codHier":"H_10","codDiv":"DIV_10","codNode":"NODE_10","idLevel":10,"dteStart":"2026-01-01T14:45:00"},{"idAction":1111,"codDeliveryPoint":"NODE_1111","flgInclusion":true,"codHier":"H_1111","codDiv":"DIV_1111","codNode":"NODE_1111","idLevel":11,"dteStart":"2026-01-01T17:00:00"},{"idAction":5005,"codDeliveryPoint":"","flgInclusion":true,"codHier":"H-2255","codDiv":"DIV-2255","codNode":"CUST-2255","idLevel":10,"dteStart":"2026-01-01T00:00:00"},{"idAction":6767,"codDeliveryPoint":"DP-6767","flgInclusion":true,"codHier":"H-6767","codDiv":"DIV-6767","codNode":"CUST-6767","idLevel":5,"dteStart":"2026-01-01T12:15:00"},{"idAction":7000,"codDeliveryPoint":"DP-7000","flgInclusion":true,"codHier":"H-7000","codDiv":"DIV-7000","codNode":"CUST-7000","idLevel":10,"dteStart":"2026-01-01T00:00:00"}]
2026-01-29 10:54:50.225 +05:00 [INF] HTTP GET /api/promotions/delivery-points responded 200 in 11.1760 ms
2026-01-29 10:54:50.229 +05:00 [INF] HTTP GET /api/participants/all responded 200 in 4.9127 ms | User: Talha (N/A) | IP: ::1 | RequestBody:  | ResponseBody: [{"idAction":3,"codParticipant":"NODE_3","flgInclusion":true,"codHier":"H_3","codDiv":"DIV_3","codNode":"NODE_3","idLevel":3,"dteStart":"2026-01-01T10:45:00"},{"idAction":5,"codParticipant":"NODE_5","flgInclusion":true,"codHier":"H_5","codDiv":"DIV_5","codNode":"NODE_5","idLevel":5,"dteStart":"2026-01-30T10:50:00"},{"idAction":10,"codParticipant":"NODE_10","flgInclusion":true,"codHier":"H_10","codDiv":"DIV_10","codNode":"NODE_10","idLevel":10,"dteStart":"2026-01-01T14:45:00"},{"idAction":1111,"codParticipant":"NODE_1111","flgInclusion":true,"codHier":"H_1111","codDiv":"DIV_1111","codNode":"NODE_1111","idLevel":11,"dteStart":"2026-01-01T17:00:00"},{"idAction":2323,"codParticipant":"P-2323","flgInclusion":true,"codHier":"H-2323","codDiv":"D-2323","codNode":"C-2323","idLevel":4,"dteStart":"2026-01-01T12:48:00"},{"idAction":5005,"codParticipant":"","flgInclusion":true,"codHier":"H-9999","codDiv":"DIV-9999","codNode":"CUST-9999","idLevel":10,"dteStart":"2026-01-01T00:00:00"},{"idAction":6000,"codParticipant":"P-6000","flgInclusion":true,"codHier":"H-6000","codDiv":"DIV-6000","codNode":"CUST-6000","idLevel":10,"dteStart":"2026-01-01T00:00:00"},{"idAction":6767,"codParticipant":"P-6767","flgInclusion":false,"codHier":"H-6767","codDiv":"DIV-6767","codNode":"CUST-6767","idLevel":5,"dteStart":"2026-01-01T12:15:00"},{"idAction":7000,"codParticipant":"P-7000","flgInclusion":true,"codHier":"H-7000","codDiv":"DIV-7000","codNode":"CUST-7000","idLevel":10,"dteStart":"2026-01-01T00:00:00"},{"idAction":8888,"codParticipant":"P-8888","flgInclusion":true,"codHier":"H-8888","codDiv":"DIV-8888","codNode":"CUST-8888","idLevel":10,"dteStart":"2026-01-01T00:00:00"},{"idAction":9000,"codParticipant":"P-9000","flgInclusion":true,"codHier":"H-9000","codDiv":"DIV-9000","codNode":"CUST-9000","idLevel":10,"dteStart":"2026-01-01T00:00:00"},{"idAction":9999,"codParticipant":"P-9999","flgInclusion":true,"codHier":"H-9999","codDiv":"DIV-9999","codNode":"CUST-9999","idLevel":10,"dteStart":"2026-01-01T00:00:00"}]
2026-01-29 10:54:50.235 +05:00 [INF] HTTP GET /api/participants/all responded 200 in 11.2832 ms
2026-01-29 10:54:50.235 +05:00 [INF] HTTP GET /api/promotions/customer-relations responded 200 in 4.8862 ms | User: Talha (N/A) | IP: ::1 | RequestBody:  | ResponseBody: [{"idAction":0,"codHier":"5555","codDiv":"div5555","codNode":"f5555","idLevel":1,"dteStart":"2026-01-15T00:00:00","codParentNode":"root","dteEnd":null},{"idAction":0,"codHier":"56","codDiv":"565","codNode":"56","idLevel":55,"dteStart":"2026-01-29T00:44:00","codParentNode":"haseeb","dteEnd":"2026-01-26T00:44:00"},{"idAction":0,"codHier":"H_10","codDiv":"DIV_10","codNode":"NODE_10","idLevel":10,"dteStart":"2026-01-01T14:45:00","codParentNode":"ROOT_10","dteEnd":"2026-01-31T14:44:00"},{"idAction":0,"codHier":"H_1111","codDiv":"DIV_1111","codNode":"NODE_1111","idLevel":11,"dteStart":"2026-01-01T17:00:00","codParentNode":"ROOT_1111","dteEnd":"2026-01-30T17:01:00"},{"idAction":0,"codHier":"H_3","codDiv":"DIV_3","codNode":"NODE_3","idLevel":3,"dteStart":"2026-01-01T10:45:00","codParentNode":"ROOT_3","dteEnd":"2026-01-30T10:44:00"},{"idAction":0,"codHier":"H_5","codDiv":"DIV_5","codNode":"NODE_5","idLevel":5,"dteStart":"2026-01-30T10:50:00","codParentNode":"ROOT_5","dteEnd":"2026-01-31T10:48:00"},{"idAction":0,"codHier":"H-1010","codDiv":"D-1010","codNode":"C-1010","idLevel":1,"dteStart":"2026-01-01T11:54:00","codParentNode":"root","dteEnd":"2026-01-12T11:54:00"},{"idAction":0,"codHier":"H-11","codDiv":"DIV-11","codNode":"C-11","idLevel":11,"dteStart":"2026-01-01T15:05:00","codParentNode":"ROOT","dteEnd":"2026-01-31T15:05:00"},{"idAction":0,"codHier":"H-1111","codDiv":"DIV-1111","codNode":"CUST-1111","idLevel":10,"dteStart":"2026-01-01T00:00:00","codParentNode":"ROOT","dteEnd":null},{"idAction":0,"codHier":"H-1414","codDiv":"D-1414","codNode":"C-1414","idLevel":4,"dteStart":"2026-01-01T14:45:00","codParentNode":"ROOT","dteEnd":"2026-01-15T14:45:00"},{"idAction":0,"codHier":"H-2","codDiv":"DIV-2","codNode":"CUST-2","idLevel":2,"dteStart":"2026-01-01T12:40:00","codParentNode":"ROOT","dteEnd":"2026-01-16T12:37:00"},{"idAction":0,"codHier":"H-2","codDiv":"DIV-2","codNode":"CUST-2","idLevel":2,"dteStart":"2026-01-21T12:37:00","codParentNode":"ROOT","dteEnd":"2026-01-24T12:37:00"},{"idAction":0,"codHier":"H-2020","codDiv":"D-2020","codNode":"C-2020","idLevel":2,"dteStart":"2026-01-02T12:27:00","codParentNode":"root","dteEnd":"2026-01-30T12:27:00"},{"idAction":0,"codHier":"H-2255","codDiv":"DIV-2255","codNode":"CUST-2255","idLevel":10,"dteStart":"2026-01-01T00:00:00","codParentNode":"ROOT","dteEnd":null},{"idAction":0,"codHier":"H-2323","codDiv":"D-2323","codNode":"C-2323","idLevel":4,"dteStart":"2026-01-01T12:48:00","codParentNode":"ROOT","dteEnd":"2026-01-12T12:49:00"},{"idAction":0,"codHier":"H-3333","codDiv":"DIV-3333","codNode":"CUST-3333","idLevel":10,"dteStart":"2026-01-01T00:00:00","codParentNode":"ROOT","dteEnd":null},{"idAction":0,"codHier":"H-3344","codDiv":"DIV-3345","codNode":"CUST-3345","idLevel":10,"dteStart":"2026-01-01T00:00:00","codParentNode":"ROOT","dteEnd":null},{"idAction":0,"codHier":"H-3345","codDiv":"DIV-3345","codNode":"CUST-3345","idLevel":10,"dteStart":"2026-01-01T00:00:00","codParentNode":"ROOT","dteEnd":null},{"idAction":0,"codHier":"H-4","codDiv":"DIV-4","codNode":"CUST-4","idLevel":4,"dteStart":"2026-01-01T14:44:00","codParentNode":"ROOT","dteEnd":"2026-01-02T14:44:00"},{"idAction":0,"codHier":"H-5555","codDiv":"DIV-5555","codNode":"CUST-5555","idLevel":10,"dteStart":"2026-01-01T00:00:00","codParentNode":"ROOT","dteEnd":null},{"idAction":0,"codHier":"H-6000","codDiv":"DIV-6000","codNode":"CUST-6000","idLevel":10,"dteStart":"2026-01-01T00:00:00","codParentNode":"ROOT","dteEnd":"2026-12-31T00:00:00"},{"idAction":0,"codHier":"H-6666","codDiv":"DIV-6666","codNode":"CUST-6666","idLevel":10,"dteStart":"2026-01-17T01:30:00","codParentNode":"ROOT","dteEnd":"2026-01-18T01:30:00"},{"idAction":0,"codHier":"H-6767","codDiv":"DIV-6767","codNode":"CUST-6767","idLevel":5,"dteStart":"2026-01-01T12:15:00","codParentNode":"ROOT","dteEnd":"2026-01-08T12:15:00"},{"idAction":0,"codHier":"H-7000","codDiv":"DIV-7000","codNode":"CUST-7000","idLevel":10,"dteStart":"2026-01-01T00:00:00","codParentNode":"ROOT","dteEnd":null},{"idAction":0,"codHier":"H-7777","codDiv":"DIV-7777","codNode":"CUST-7777","idLevel":10,"dteStart":"2026-01-01T00:00:00","codParentNode":"ROOT","dteEnd":null},{"idAction":0,"codHier":"H-7878","codDiv":"DIV-7878","codNode":"CUST-7878","idLevel":3,"dteStart":"2026-01-18T11:43:00","codParentNode":"ROOT","dteEnd":"2026-01-19T11:43:00"},{"idAction":0,"codHier":"H-8000","codDiv":"DIV-8000","codNode":"CUST-8000","idLevel":10,"dteStart":"2026-01-01T00:00:00","codParentNode":"ROOT","dteEnd":null},{"idAction":0,"codHier":"H-8888","codDiv":"DIV-8888","codNode":"CUST-8888","idLevel":10,"dteStart":"2026-01-01T00:00:00","codParentNode":"ROOT","dteEnd":null},{"idAction":0,"codHier":"H-9000","codDiv":"DIV-9000","codNode":"CUST-9000","idLevel":10,"dteStart":"2026-01-01T00:00:00","codParentNode":"ROOT","dteEnd":null},{"idAction":0,"codHier":"H-9999","codDiv":"DIV-9999","codNode":"CUST-9999","idLevel":10,"dteStart":"2026-01-01T00:00:00","codParentNode":"ROOT","dteEnd":null},{"idAction":0,"codHier":"HIER_CORP","codDiv":"DIV01","codNode":"NODE_9111","idLevel":1,"dteStart":"2026-01-15T00:00:00","codParentNode":"ROOT_NODE","dteEnd":null}]
2026-01-29 10:54:50.241 +05:00 [INF] HTTP GET /api/promotions/customer-relations responded 200 in 10.6148 ms
2026-01-29 10:54:50.599 +05:00 [INF] HTTP GET /api/promotions/products responded 200 in 14.2263 ms | User: Talha (N/A) | IP: ::1 | RequestBody:  | ResponseBody: [{"idAction":3,"codProduct":"PRD_3","levProduct":3,"codDisplay":"DSP_3","codDiv":"DIV_3","qtyEstimated":3450.00,"perceDiscount1":0.50,"perceDiscount2":9.00,"numMeasure":0.00,"codMeasure":"MEASURE_3","details":[{"idAction":3,"codProduct":"PRD_3","levProduct":3,"codDisplay":"DSP_3","codNode":"NODE_3","codDiv":"DIV_3","flgInclusion":true,"articles":[{"idAction":3,"codProduct":"PRD_3","levProduct":3,"codDisplay":"DSP_3","codDiv":"DIV_3","codNode":"NODE_3","codNode1":"AAA","codNode2":"BBB","codNodeN":"CCC"}]}],"measureFields":[]},{"idAction":3,"codProduct":"prd_33","levProduct":1,"codDisplay":"dsp_33","codDiv":"div_33","qtyEstimated":4000.00,"perceDiscount1":0.40,"perceDiscount2":0.90,"numMeasure":339.00,"codMeasure":"measure_33","details":[{"idAction":3,"codProduct":"prd_33","levProduct":1,"codDisplay":"dsp_33","codNode":"node_33","codDiv":"div_33","flgInclusion":true,"articles":[{"idAction":3,"codProduct":"prd_33","levProduct":1,"codDisplay":"dsp_33","codDiv":"div_33","codNode":"node_33","codNode1":"ddd","codNode2":"fff","codNodeN":"ggg"}]}],"measureFields":[]},{"idAction":3,"codProduct":"PROD-9000","levProduct":1,"codDisplay":"DISP-9000","codDiv":"DIV-9000","qtyEstimated":2000.00,"perceDiscount1":0.60,"perceDiscount2":0.90,"numMeasure":66.00,"codMeasure":"measure_9000","details":[{"idAction":3,"codProduct":"PROD-9000","levProduct":1,"codDisplay":"DISP-9000","codNode":"NODE-9000","codDiv":"DIV-9000","flgInclusion":true,"articles":[{"idAction":3,"codProduct":"PROD-9000","levProduct":1,"codDisplay":"DISP-9000","codDiv":"DIV-9000","codNode":"NODE-9000","codNode1":"A1","codNode2":null,"codNodeN":null}]}],"measureFields":[]},{"idAction":5,"codProduct":"PRD_3","levProduct":1,"codDisplay":"DSP_3","codDiv":"DIV_3","qtyEstimated":3450.00,"perceDiscount1":0.50,"perceDiscount2":9.00,"numMeasure":0.00,"codMeasure":"MEASURE_3","details":[{"idAction":5,"codProduct":"PRD_3","levProduct":1,"codDisplay":"DSP_3","codNode":"NODE_3","codDiv":"DIV_3","flgInclusion":true,"articles":[{"idAction":5,"codProduct":"PRD_3","levProduct":1,"codDisplay":"DSP_3","codDiv":"DIV_3","codNode":"NODE_3","codNode1":"AAA","codNode2":"BBB","codNodeN":"CCC"}]}],"measureFields":[]},{"idAction":5,"codProduct":"prd_33","levProduct":1,"codDisplay":"dsp_33","codDiv":"div_33","qtyEstimated":4000.00,"perceDiscount1":0.40,"perceDiscount2":0.90,"numMeasure":339.00,"codMeasure":"measure_33","details":[{"idAction":5,"codProduct":"prd_33","levProduct":1,"codDisplay":"dsp_33","codNode":"node_33","codDiv":"div_33","flgInclusion":true,"articles":[{"idAction":5,"codProduct":"prd_33","levProduct":1,"codDisplay":"dsp_33","codDiv":"div_33","codNode":"node_33","codNode1":"ddd","codNode2":"fff","codNodeN":"ggg"}]}],"measureFields":[]},{"idAction":5,"codProduct":"PRD_333","levProduct":1,"codDisplay":"DSP_333","codDiv":"DIV_333","qtyEstimated":4500.00,"perceDiscount1":0.80,"perceDiscount2":9.10,"numMeasure":556540.00,"codMeasure":"MEASURE_333","details":[{"idAction":5,"codProduct":"PRD_333","levProduct":1,"codDisplay":"DSP_333","codNode":"NODE_333","codDiv":"DIV_333","flgInclusion":true,"articles":[{"idAction":5,"codProduct":"PRD_333","levProduct":1,"codDisplay":"DSP_333","codDiv":"DIV_333","codNode":"NODE_333","codNode1":"PPP","codNode2":"LLL","codNodeN":"MMM"}]}],"measureFields":[]},{"idAction":5,"codProduct":"PRD_5","levProduct":5,"codDisplay":"DSP_5","codDiv":"DIV_5","qtyEstimated":2500.00,"perceDiscount1":6.70,"perceDiscount2":8.90,"numMeasure":0.00,"codMeasure":"MEASURE_5","details":[{"idAction":5,"codProduct":"PRD_5","levProduct":5,"codDisplay":"DSP_5","codNode":"NODE_5","codDiv":"DIV_5","flgInclusion":true,"articles":[{"idAction":5,"codProduct":"PRD_5","levProduct":5,"codDisplay":"DSP_5","codDiv":"DIV_5","codNode":"NODE_5","codNode1":"RRR","codNode2":"TTT","codNodeN":"YYY"}]}],"measureFields":[]},{"idAction":10,"codProduct":"PRD_10","levProduct":10,"codDisplay":"DSP_10","codDiv":"DIV_10","qtyEstimated":5000.00,"perceDiscount1":0.70,"perceDiscount2":9.80,"numMeasure":0.00,"codMeasure":"MEASURE_10","details":[{"idAction":10,"codProduct":"PRD_10","levProduct":10,"codDisplay":"DSP_10","codNode":"NODE_10","codDiv":"DIV_10","flgInclusion":true,"articles":[{"idAction":10,"codProduct":"PRD_10","levProduct":10,"codDisplay":"DSP_10","codDiv":"DIV_10","codNode":"NODE_10","codNode1":"QQQ","codNode2":"WWW","codNodeN":"EEE"}]}],"measureFields":[]},{"idAction":10,"codProduct":"PROD-5555","levProduct":1,"codDisplay":"DISP-5555","codDiv":"DIV-5555","qtyEstimated":500.00,"perceDiscount1":0.80,"perceDiscount2":0.10,"numMeasure":5555.00,"codMeasure":"measure_55555","details":[{"idAction":10,"codProduct":"PROD-5555","levProduct":1,"codDisplay":"DISP-5555","codNode":"NODE-5555","codDiv":"DIV-5555","flgInclusion":true,"articles":[{"idAction":10,"codProduct":"PROD-5555","levProduct":1,"codDisplay":"DISP-5555","codDiv":"DIV-5555","codNode":"NODE-5555","codNode1":null,"codNode2":null,"codNodeN":null}]}],"measureFields":[]},{"idAction":10,"codProduct":"PROD-8888","levProduct":1,"codDisplay":"DISP-8888","codDiv":"DIV-8888","qtyEstimated":2000.00,"perceDiscount1":0.00,"perceDiscount2":0.00,"numMeasure":0.00,"codMeasure":null,"details":[{"idAction":10,"codProduct":"PROD-8888","levProduct":1,"codDisplay":"DISP-8888","codNode":"NODE-8888","codDiv":"DIV-8888","flgInclusion":true,"articles":[{"idAction":10,"codProduct":"PROD-8888","levProduct":1,"codDisplay":"DISP-8888","codDiv":"DIV-8888","codNode":"NODE-8888","codNode1":"A1","codNode2":null,"codNodeN":null}]}],"measureFields":[]},{"idAction":1111,"codProduct":"PRD_1","levProduct":1,"codDisplay":"DIV_1","codDiv":"DIV_1","qtyEstimated":78.00,"perceDiscount1":6.00,"perceDiscount2":8.00,"numMeasure":78788.00,"codMeasure":"1","details":[],"measureFields":[]},{"idAction":1111,"codProduct":"PRD_1","levProduct":1,"codDisplay":"DSP_1","codDiv":"DIV_1","qtyEstimated":11.00,"perceDiscount1":9.80,"perceDiscount2":6.70,"numMeasure":11.00,"codMeasure":"MEASURE_1","details":[{"idAction":1111,"codProduct":"PRD_1","levProduct":1,"codDisplay":"DSP_1","codNode":"NODE_1","codDiv":"DIV_1","flgInclusion":true,"articles":[{"idAction":1111,"codProduct":"PRD_1","levProduct":1,"codDisplay":"DSP_1","codDiv":"DIV_1","codNode":"NODE_1","codNode1":"NN","codNode2":"MM","codNodeN":"ZZ"}]}],"measureFields":[]},{"idAction":1111,"codProduct":"PRD_1111","levProduct":11,"codDisplay":"DSP_1111","codDiv":"DIV_1111","qtyEstimated":6756.00,"perceDiscount1":9.81,"perceDiscount2":8.90,"numMeasure":0.00,"codMeasure":"MEASURE_1111","details":[{"idAction":1111,"codProduct":"PRD_1111","levProduct":11,"codDisplay":"DSP_1111","codNode":"NODE_1111","codDiv":"DIV_1111","flgInclusion":true,"articles":[{"idAction":1111,"codProduct":"PRD_1111","levProduct":11,"codDisplay":"DSP_1111","codDiv":"DIV_1111","codNode":"NODE_1111","codNode1":"CCCCCC","codNode2":"AAAAAAA","codNodeN":"BBBBBBBB"}]}],"measureFields":[]},{"idAction":1111,"codProduct":"PRD_24","levProduct":1,"codDisplay":"DS-_24","codDiv":"DIV_24","qtyEstimated":345.00,"perceDiscount1":0.50,"perceDiscount2":0.90,"numMeasure":8.00,"codMeasure":"MEASURE_24","details":[],"measureFields":[]},{"idAction":1111,"codProduct":"PRD_44","levProduct":1,"codDisplay":"DSP_44","codDiv":"DIC_44","qtyEstimated":44.00,"perceDiscount1":0.10,"perceDiscount2":0.50,"numMeasure":76.00,"codMeasure":"MEASURE_44","details":[],"measureFields":[]},{"idAction":1111,"codProduct":"PRD_765","levProduct":1,"codDisplay":"DSP_567","codDiv":"DIV_765","qtyEstimated":5.60,"perceDiscount1":0.50,"perceDiscount2":0.40,"numMeasure":999.00,"codMeasure":"765","details":[],"measureFields":[]},{"idAction":1111,"codProduct":"PROD-1111","levProduct":1,"codDisplay":"DISP-1111","codDiv":"DIV-1111","qtyEstimated":0.00,"perceDiscount1":0.00,"perceDiscount2":0.00,"numMeasure":1.00,"codMeasure":"EA","details":[{"idAction":1111,"codProduct":"PROD-1111","levProduct":1,"codDisplay":"DISP-1111","codNode":"ddd","codDiv":"DIV5005","flgInclusion":true,"articles":[]}],"measureFields":[]},{"idAction":1111,"codProduct":"PROD-2323","levProduct":1,"codDisplay":"DSP-2323","codDiv":"D-2322","qtyEstimated":2340.00,"perceDiscount1":0.40,"perceDiscount2":45.00,"numMeasure":0.00,"codMeasure":"PALLET","details":[{"idAction":1111,"codProduct":"PROD-2323","levProduct":1,"codDisplay":"DSP-2323","codNode":"NODE-2323","codDiv":"D-2323","flgInclusion":true,"articles":[{"idAction":1111,"codProduct":"PROD-2323","levProduct":1,"codDisplay":"DSP-2323","codDiv":"D-2323","codNode":"NODE-2323","codNode1":"A1-2323","codNode2":"A2-2323","codNodeN":"AN-2323"}]}],"measureFields":[]},{"idAction":2020,"codProduct":"PRD_1","levProduct":1,"codDisplay":"DIV_1","codDiv":"DIV_1","qtyEstimated":78.00,"perceDiscount1":6.00,"perceDiscount2":8.00,"numMeasure":78788.00,"codMeasure":"1","details":[],"measureFields":[]},{"idAction":2020,"codProduct":"PRD_24","levProduct":1,"codDisplay":"DS-_24","codDiv":"DIV_24","qtyEstimated":345.00,"perceDiscount1":0.50,"perceDiscount2":0.90,"numMeasure":8.00,"codMeasure":"MEASURE_24","details":[],"measureFields":[]},{"idAction":2020,"codProduct":"PRD_44","levProduct":1,"codDisplay":"DSP_44","codDiv":"DIC_44","qtyEstimated":44.00,"perceDiscount1":0.10,"perceDiscount2":0.50,"numMeasure":76.00,"codMeasure":"MEASURE_44","details":[],"measureFields":[]},{"idAction":2020,"codProduct":"PRD_765","levProduct":0,"codDisplay":"DSP_765","codDiv":"DIV_765","qtyEstimated":234.00,"perceDiscount1":0.50,"perceDiscount2":0.56,"numMeasure":765.00,"codMeasure":"MEASURE_765","details":[],"measureFields":[]},{"idAction":2020,"codProduct":"PRD_765","levProduct":0,"codDisplay":"DSP-765","codDiv":"DIV_765","qtyEstimated":345.00,"perceDiscount1":3.55,"perceDiscount2":67.00,"numMeasure":765.00,"codMeasure":"MEASURE_765","details":[],"measureFields":[]},{"idAction":2020,"codProduct":"PRD-2020","levProduct":1,"codDisplay":"DSP-2020","codDiv":"D-2020","qtyEstimated":2000.00,"perceDiscount1":11.00,"perceDiscount2":23.00,"numMeasure":0.00,"codMeasure":"BOX","details":[{"idAction":2020,"codProduct":"PRD-2020","levProduct":1,"codDisplay":"DSP-2020","codNode":"NODE-2020","codDiv":"D-2020","flgInclusion":true,"articles":[{"idAction":2020,"codProduct":"PRD-2020","levProduct":1,"codDisplay":"DSP-2020","codDiv":"D-2020","codNode":"NODE-2020","codNode1":"A1-2020","codNode2":"A2-2020","codNodeN":"AN-2020"}]}],"measureFields":[]},{"idAction":2323,"codProduct":"PRD_08","levProduct":0,"codDisplay":"DSP_08","codDiv":"DIV_08","qtyEstimated":11.00,"perceDiscount1":22.00,"perceDiscount2":2.00,"numMeasure":2.00,"codMeasure":"08","details":[],"measureFields":[]},{"idAction":2323,"codProduct":"PRD_1","levProduct":1,"codDisplay":"DIV_1","codDiv":"DIV_1","qtyEstimated":78.00,"perceDiscount1":6.00,"perceDiscount2":8.00,"numMeasure":78788.00,"codMeasure":"1","details":[],"measureFields":[]},{"idAction":2323,"codProduct":"PRD_23","levProduct":0,"codDisplay":"DSP_23","codDiv":"DIV_23","qtyEstimated":28.00,"perceDiscount1":7.00,"perceDiscount2":2.00,"numMeasure":7.00,"codMeasure":"MEASURE_23","details":[],"measureFields":[]},{"idAction":2323,"codProduct":"PRD_24","levProduct":1,"codDisplay":"DS-_24","codDiv":"DIV_24","qtyEstimated":345.00,"perceDiscount1":0.50,"perceDiscount2":0.90,"numMeasure":8.00,"codMeasure":"MEASURE_24","details":[],"measureFields":[]},{"idAction":2323,"codProduct":"PRD_34","levProduct":1,"codDisplay":"DSP_34","codDiv":"DIV_34","qtyEstimated":2345.00,"perceDiscount1":0.60,"perceDiscount2":8.87,"numMeasure":34.00,"codMeasure":"MEASURE_34","details":[],"measureFields":[]},{"idAction":2323,"codProduct":"PRD_44","levProduct":1,"codDisplay":"DSP_44","codDiv":"DIC_44","qtyEstimated":44.00,"perceDiscount1":0.10,"perceDiscount2":0.50,"numMeasure":76.00,"codMeasure":"MEASURE_44","details":[],"measureFields":[]},{"idAction":2323,"codProduct":"PRD_55","levProduct":1,"codDisplay":"DSP_55","codDiv":"DIV_55","qtyEstimated":66.00,"perceDiscount1":0.50,"perceDiscount2":0.10,"numMeasure":34.00,"codMeasure":"55","details":[],"measureFields":[]},{"idAction":2323,"codProduct":"PRD_765","levProduct":0,"codDisplay":"DSP_567","codDiv":"DIV_765","qtyEstimated":5.60,"perceDiscount1":0.50,"perceDiscount2":0.40,"numMeasure":999.00,"codMeasure":"765","details":[],"measureFields":[]},{"idAction":2323,"codProduct":"PROD-2323","levProduct":1,"codDisplay":"DSP-2323","codDiv":"D-2322","qtyEstimated":2340.00,"perceDiscount1":0.40,"perceDiscount2":45.00,"numMeasure":0.00,"codMeasure":"PALLET","details":[{"idAction":2323,"codProduct":"PROD-2323","levProduct":1,"codDisplay":"DSP-2323","codNode":"NODE-2323","codDiv":"D-2323","flgInclusion":true,"articles":[{"idAction":2323,"codProduct":"PROD-2323","levProduct":1,"codDisplay":"DSP-2323","codDiv":"D-2323","codNode":"NODE-2323","codNode1":"A1-2323","codNode2":"A2-2323","codNodeN":"AN-2323"}]}],"measureFields":[]},{"idAction":5005,"codProduct":"PROD-1111","levProduct":1,"codDisplay":"DISP-1111","codDiv":"DIV-1111","qtyEstimated":0.00,"perceDiscount1":0.00,"perceDiscount2":0.00,"numMeasure":1.00,"codMeasure":"EA","details":[{"idAction":5005,"codProduct":"PROD-1111","levProduct":1,"codDisplay":"DISP-1111","codNode":"ddd","codDiv":"DIV5005","flgInclusion":true,"articles":[]}],"measureFields":[]},{"idAction":6000,"codProduct":"PRD_6666","levProduct":1,"codDisplay":"DSP_6666","codDiv":"DIV_6666","qtyEstimated":14.00,"perceDiscount1":0.80,"perceDiscount2":8.90,"numMeasure":654.00,"codMeasure":"MEASURE_6666","details":[],"measureFields":[]},{"idAction":6000,"codProduct":"PRD_99","levProduct":1,"codDisplay":"DSP_99","codDiv":"DIV_99","qtyEstimated":456.00,"perceDiscount1":9.80,"perceDiscount2":7.70,"numMeasure":999.00,"codMeasure":"MEASURE_99","details":[{"idAction":6000,"codProduct":"PRD_99","levProduct":1,"codDisplay":"DSP_99","codNode":"NODE_99","codDiv":"DIV_99","flgInclusion":true,"articles":[{"idAction":6000,"codProduct":"PRD_99","levProduct":1,"codDisplay":"DSP_99","codDiv":"DIV_99","codNode":"NODE_99","codNode1":"HBKK","codNode2":"KHNKH","codNodeN":"IYGFTUFTY"}]}],"measureFields":[]},{"idAction":6000,"codProduct":"PROD-6000","levProduct":1,"codDisplay":"DISP-6000","codDiv":"DIV-6000","qtyEstimated":100.00,"perceDiscount1":15.00,"perceDiscount2":0.00,"numMeasure":1.00,"codMeasure":"UNIT","details":[{"idAction":6000,"codProduct":"PROD-6000","levProduct":1,"codDisplay":"DISP-6000","codNode":"DET-6000","codDiv":"DIV-6000","flgInclusion":true,"articles":[{"idAction":6000,"codProduct":"PROD-6000","levProduct":1,"codDisplay":"DISP-6000","codDiv":"DIV-6000","codNode":"DET-6000","codNode1":"SKU-6001","codNode2":"V-GOLD","codNodeN":"SIZE-XL"}]}],"measureFields":[]},{"idAction":6767,"codProduct":"PRD_7777","levProduct":1,"codDisplay":"DSP_7777","codDiv":"DIV_7777","qtyEstimated":3423.00,"perceDiscount1":9.80,"perceDiscount2":5.60,"numMeasure":3432.00,"codMeasure":"MEASURE_7777","details":[{"idAction":6767,"codProduct":"PRD_7777","levProduct":1,"codDisplay":"DSP_7777","codNode":"NODE_7777","codDiv":"DIV_7777","flgInclusion":true,"articles":[{"idAction":6767,"codProduct":"PRD_7777","levProduct":1,"codDisplay":"DSP_7777","codDiv":"DIV_7777","codNode":"NODE_7777","codNode1":"ABC","codNode2":"DEF","codNodeN":"HBJ"}]}],"measureFields":[]},{"idAction":6767,"codProduct":"PROD-6767","levProduct":1,"codDisplay":"DSP-6767","codDiv":"DIV-6767","qtyEstimated":5000.00,"perceDiscount1":23.50,"perceDiscount2":45.60,"numMeasure":0.00,"codMeasure":"PALLET","details":[{"idAction":6767,"codProduct":"PROD-6767","levProduct":1,"codDisplay":"DSP-6767","codNode":"NODE-6767","codDiv":"DIV-6767","flgInclusion":true,"articles":[{"idAction":6767,"codProduct":"PROD-6767","levProduct":1,"codDisplay":"DSP-6767","codDiv":"DIV-6767","codNode":"NODE-6767","codNode1":"A1-6767","codNode2":"A2-6767","codNodeN":"AN-6767"}]}],"measureFields":[]},{"idAction":7000,"codProduct":"PROD-7000","levProduct":1,"codDisplay":"DISP-7000","codDiv":"DIV-7000","qtyEstimated":500.00,"perceDiscount1":null,"perceDiscount2":null,"numMeasure":null,"codMeasure":null,"details":[],"measureFields":[]},{"idAction":8888,"codProduct":"PROD-5555","levProduct":1,"codDisplay":"DISP-5555","codDiv":"DIV-5555","qtyEstimated":500.00,"perceDiscount1":0.00,"perceDiscount2":0.00,"numMeasure":0.00,"codMeasure":null,"details":[{"idAction":8888,"codProduct":"PROD-5555","levProduct":1,"codDisplay":"DISP-5555","codNode":"NODE-5555","codDiv":"DIV-5555","flgInclusion":true,"articles":[{"idAction":8888,"codProduct":"PROD-5555","levProduct":1,"codDisplay":"DISP-5555","codDiv":"DIV-5555","codNode":"NODE-5555","codNode1":null,"codNode2":null,"codNodeN":null}]}],"measureFields":[]},{"idAction":8888,"codProduct":"PROD-8888","levProduct":1,"codDisplay":"DISP-8888","codDiv":"DIV-8888","qtyEstimated":2000.00,"perceDiscount1":null,"perceDiscount2":null,"numMeasure":null,"codMeasure":null,"details":[{"idAction":8888,"codProduct":"PROD-8888","levProduct":1,"codDisplay":"DISP-8888","codNode":"NODE-8888","codDiv":"DIV-8888","flgInclusion":true,"articles":[{"idAction":8888,"codProduct":"PROD-8888","levProduct":1,"codDisplay":"DISP-8888","codDiv":"DIV-8888","codNode":"NODE-8888","codNode1":"A1","codNode2":null,"codNodeN":null}]}],"measureFields":[]},{"idAction":9000,"codProduct":"PROD-9000","levProduct":1,"codDisplay":"DISP-9000","codDiv":"DIV-9000","qtyEstimated":2000.00,"perceDiscount1":null,"perceDiscount2":null,"numMeasure":null,"codMeasure":null,"details":[{"idAction":9000,"codProduct":"PROD-9000","levProduct":1,"codDisplay":"DISP-9000","codNode":"NODE-9000","codDiv":"DIV-9000","flgInclusion":true,"articles":[{"idAction":9000,"codProduct":"PROD-9000","levProduct":1,"codDisplay":"DISP-9000","codDiv":"DIV-9000","codNode":"NODE-9000","codNode1":"A1","codNode2":null,"codNodeN":null}]}],"measureFields":[]},{"idAction":9999,"codProduct":"PROD-9999","levProduct":1,"codDisplay":"DISP-9999","codDiv":"DIV-9999","qtyEstimated":777.00,"perceDiscount1":null,"perceDiscount2":null,"numMeasure":null,"codMeasure":null,"details":[{"idAction":9999,"codProduct":"PROD-9999","levProduct":1,"codDisplay":"DISP-9999","codNode":"NODE-9999","codDiv":"DIV-9999","flgInclusion":true,"articles":[{"idAction":9999,"codProduct":"PROD-9999","levProduct":1,"codDisplay":"DISP-9999","codDiv":"DIV-9999","codNode":"NODE-9999","codNode1":"ERR","codNode2":null,"codNodeN":null}]}],"measureFields":[]}]
2026-01-29 10:54:50.607 +05:00 [INF] HTTP GET /api/promotions/products responded 200 in 22.2965 ms
2026-01-29 10:54:50.674 +05:00 [INF] HTTP GET /api/promotions/products responded 200 in 20.6882 ms | User: Talha (N/A) | IP: ::1 | RequestBody:  | ResponseBody: [{"idAction":3,"codProduct":"PRD_3","levProduct":3,"codDisplay":"DSP_3","codDiv":"DIV_3","qtyEstimated":3450.00,"perceDiscount1":0.50,"perceDiscount2":9.00,"numMeasure":0.00,"codMeasure":"MEASURE_3","details":[{"idAction":3,"codProduct":"PRD_3","levProduct":3,"codDisplay":"DSP_3","codNode":"NODE_3","codDiv":"DIV_3","flgInclusion":true,"articles":[{"idAction":3,"codProduct":"PRD_3","levProduct":3,"codDisplay":"DSP_3","codDiv":"DIV_3","codNode":"NODE_3","codNode1":"AAA","codNode2":"BBB","codNodeN":"CCC"}]}],"measureFields":[]},{"idAction":3,"codProduct":"prd_33","levProduct":1,"codDisplay":"dsp_33","codDiv":"div_33","qtyEstimated":4000.00,"perceDiscount1":0.40,"perceDiscount2":0.90,"numMeasure":339.00,"codMeasure":"measure_33","details":[{"idAction":3,"codProduct":"prd_33","levProduct":1,"codDisplay":"dsp_33","codNode":"node_33","codDiv":"div_33","flgInclusion":true,"articles":[{"idAction":3,"codProduct":"prd_33","levProduct":1,"codDisplay":"dsp_33","codDiv":"div_33","codNode":"node_33","codNode1":"ddd","codNode2":"fff","codNodeN":"ggg"}]}],"measureFields":[]},{"idAction":3,"codProduct":"PROD-9000","levProduct":1,"codDisplay":"DISP-9000","codDiv":"DIV-9000","qtyEstimated":2000.00,"perceDiscount1":0.60,"perceDiscount2":0.90,"numMeasure":66.00,"codMeasure":"measure_9000","details":[{"idAction":3,"codProduct":"PROD-9000","levProduct":1,"codDisplay":"DISP-9000","codNode":"NODE-9000","codDiv":"DIV-9000","flgInclusion":true,"articles":[{"idAction":3,"codProduct":"PROD-9000","levProduct":1,"codDisplay":"DISP-9000","codDiv":"DIV-9000","codNode":"NODE-9000","codNode1":"A1","codNode2":null,"codNodeN":null}]}],"measureFields":[]},{"idAction":5,"codProduct":"PRD_3","levProduct":1,"codDisplay":"DSP_3","codDiv":"DIV_3","qtyEstimated":3450.00,"perceDiscount1":0.50,"perceDiscount2":9.00,"numMeasure":0.00,"codMeasure":"MEASURE_3","details":[{"idAction":5,"codProduct":"PRD_3","levProduct":1,"codDisplay":"DSP_3","codNode":"NODE_3","codDiv":"DIV_3","flgInclusion":true,"articles":[{"idAction":5,"codProduct":"PRD_3","levProduct":1,"codDisplay":"DSP_3","codDiv":"DIV_3","codNode":"NODE_3","codNode1":"AAA","codNode2":"BBB","codNodeN":"CCC"}]}],"measureFields":[]},{"idAction":5,"codProduct":"prd_33","levProduct":1,"codDisplay":"dsp_33","codDiv":"div_33","qtyEstimated":4000.00,"perceDiscount1":0.40,"perceDiscount2":0.90,"numMeasure":339.00,"codMeasure":"measure_33","details":[{"idAction":5,"codProduct":"prd_33","levProduct":1,"codDisplay":"dsp_33","codNode":"node_33","codDiv":"div_33","flgInclusion":true,"articles":[{"idAction":5,"codProduct":"prd_33","levProduct":1,"codDisplay":"dsp_33","codDiv":"div_33","codNode":"node_33","codNode1":"ddd","codNode2":"fff","codNodeN":"ggg"}]}],"measureFields":[]},{"idAction":5,"codProduct":"PRD_333","levProduct":1,"codDisplay":"DSP_333","codDiv":"DIV_333","qtyEstimated":4500.00,"perceDiscount1":0.80,"perceDiscount2":9.10,"numMeasure":556540.00,"codMeasure":"MEASURE_333","details":[{"idAction":5,"codProduct":"PRD_333","levProduct":1,"codDisplay":"DSP_333","codNode":"NODE_333","codDiv":"DIV_333","flgInclusion":true,"articles":[{"idAction":5,"codProduct":"PRD_333","levProduct":1,"codDisplay":"DSP_333","codDiv":"DIV_333","codNode":"NODE_333","codNode1":"PPP","codNode2":"LLL","codNodeN":"MMM"}]}],"measureFields":[]},{"idAction":5,"codProduct":"PRD_5","levProduct":5,"codDisplay":"DSP_5","codDiv":"DIV_5","qtyEstimated":2500.00,"perceDiscount1":6.70,"perceDiscount2":8.90,"numMeasure":0.00,"codMeasure":"MEASURE_5","details":[{"idAction":5,"codProduct":"PRD_5","levProduct":5,"codDisplay":"DSP_5","codNode":"NODE_5","codDiv":"DIV_5","flgInclusion":true,"articles":[{"idAction":5,"codProduct":"PRD_5","levProduct":5,"codDisplay":"DSP_5","codDiv":"DIV_5","codNode":"NODE_5","codNode1":"RRR","codNode2":"TTT","codNodeN":"YYY"}]}],"measureFields":[]},{"idAction":10,"codProduct":"PRD_10","levProduct":10,"codDisplay":"DSP_10","codDiv":"DIV_10","qtyEstimated":5000.00,"perceDiscount1":0.70,"perceDiscount2":9.80,"numMeasure":0.00,"codMeasure":"MEASURE_10","details":[{"idAction":10,"codProduct":"PRD_10","levProduct":10,"codDisplay":"DSP_10","codNode":"NODE_10","codDiv":"DIV_10","flgInclusion":true,"articles":[{"idAction":10,"codProduct":"PRD_10","levProduct":10,"codDisplay":"DSP_10","codDiv":"DIV_10","codNode":"NODE_10","codNode1":"QQQ","codNode2":"WWW","codNodeN":"EEE"}]}],"measureFields":[]},{"idAction":10,"codProduct":"PROD-5555","levProduct":1,"codDisplay":"DISP-5555","codDiv":"DIV-5555","qtyEstimated":500.00,"perceDiscount1":0.80,"perceDiscount2":0.10,"numMeasure":5555.00,"codMeasure":"measure_55555","details":[{"idAction":10,"codProduct":"PROD-5555","levProduct":1,"codDisplay":"DISP-5555","codNode":"NODE-5555","codDiv":"DIV-5555","flgInclusion":true,"articles":[{"idAction":10,"codProduct":"PROD-5555","levProduct":1,"codDisplay":"DISP-5555","codDiv":"DIV-5555","codNode":"NODE-5555","codNode1":null,"codNode2":null,"codNodeN":null}]}],"measureFields":[]},{"idAction":10,"codProduct":"PROD-8888","levProduct":1,"codDisplay":"DISP-8888","codDiv":"DIV-8888","qtyEstimated":2000.00,"perceDiscount1":0.00,"perceDiscount2":0.00,"numMeasure":0.00,"codMeasure":null,"details":[{"idAction":10,"codProduct":"PROD-8888","levProduct":1,"codDisplay":"DISP-8888","codNode":"NODE-8888","codDiv":"DIV-8888","flgInclusion":true,"articles":[{"idAction":10,"codProduct":"PROD-8888","levProduct":1,"codDisplay":"DISP-8888","codDiv":"DIV-8888","codNode":"NODE-8888","codNode1":"A1","codNode2":null,"codNodeN":null}]}],"measureFields":[]},{"idAction":1111,"codProduct":"PRD_1","levProduct":1,"codDisplay":"DIV_1","codDiv":"DIV_1","qtyEstimated":78.00,"perceDiscount1":6.00,"perceDiscount2":8.00,"numMeasure":78788.00,"codMeasure":"1","details":[],"measureFields":[]},{"idAction":1111,"codProduct":"PRD_1","levProduct":1,"codDisplay":"DSP_1","codDiv":"DIV_1","qtyEstimated":11.00,"perceDiscount1":9.80,"perceDiscount2":6.70,"numMeasure":11.00,"codMeasure":"MEASURE_1","details":[{"idAction":1111,"codProduct":"PRD_1","levProduct":1,"codDisplay":"DSP_1","codNode":"NODE_1","codDiv":"DIV_1","flgInclusion":true,"articles":[{"idAction":1111,"codProduct":"PRD_1","levProduct":1,"codDisplay":"DSP_1","codDiv":"DIV_1","codNode":"NODE_1","codNode1":"NN","codNode2":"MM","codNodeN":"ZZ"}]}],"measureFields":[]},{"idAction":1111,"codProduct":"PRD_1111","levProduct":11,"codDisplay":"DSP_1111","codDiv":"DIV_1111","qtyEstimated":6756.00,"perceDiscount1":9.81,"perceDiscount2":8.90,"numMeasure":0.00,"codMeasure":"MEASURE_1111","details":[{"idAction":1111,"codProduct":"PRD_1111","levProduct":11,"codDisplay":"DSP_1111","codNode":"NODE_1111","codDiv":"DIV_1111","flgInclusion":true,"articles":[{"idAction":1111,"codProduct":"PRD_1111","levProduct":11,"codDisplay":"DSP_1111","codDiv":"DIV_1111","codNode":"NODE_1111","codNode1":"CCCCCC","codNode2":"AAAAAAA","codNodeN":"BBBBBBBB"}]}],"measureFields":[]},{"idAction":1111,"codProduct":"PRD_24","levProduct":1,"codDisplay":"DS-_24","codDiv":"DIV_24","qtyEstimated":345.00,"perceDiscount1":0.50,"perceDiscount2":0.90,"numMeasure":8.00,"codMeasure":"MEASURE_24","details":[],"measureFields":[]},{"idAction":1111,"codProduct":"PRD_44","levProduct":1,"codDisplay":"DSP_44","codDiv":"DIC_44","qtyEstimated":44.00,"perceDiscount1":0.10,"perceDiscount2":0.50,"numMeasure":76.00,"codMeasure":"MEASURE_44","details":[],"measureFields":[]},{"idAction":1111,"codProduct":"PRD_765","levProduct":1,"codDisplay":"DSP_567","codDiv":"DIV_765","qtyEstimated":5.60,"perceDiscount1":0.50,"perceDiscount2":0.40,"numMeasure":999.00,"codMeasure":"765","details":[],"measureFields":[]},{"idAction":1111,"codProduct":"PROD-1111","levProduct":1,"codDisplay":"DISP-1111","codDiv":"DIV-1111","qtyEstimated":0.00,"perceDiscount1":0.00,"perceDiscount2":0.00,"numMeasure":1.00,"codMeasure":"EA","details":[{"idAction":1111,"codProduct":"PROD-1111","levProduct":1,"codDisplay":"DISP-1111","codNode":"ddd","codDiv":"DIV5005","flgInclusion":true,"articles":[]}],"measureFields":[]},{"idAction":1111,"codProduct":"PROD-2323","levProduct":1,"codDisplay":"DSP-2323","codDiv":"D-2322","qtyEstimated":2340.00,"perceDiscount1":0.40,"perceDiscount2":45.00,"numMeasure":0.00,"codMeasure":"PALLET","details":[{"idAction":1111,"codProduct":"PROD-2323","levProduct":1,"codDisplay":"DSP-2323","codNode":"NODE-2323","codDiv":"D-2323","flgInclusion":true,"articles":[{"idAction":1111,"codProduct":"PROD-2323","levProduct":1,"codDisplay":"DSP-2323","codDiv":"D-2323","codNode":"NODE-2323","codNode1":"A1-2323","codNode2":"A2-2323","codNodeN":"AN-2323"}]}],"measureFields":[]},{"idAction":2020,"codProduct":"PRD_1","levProduct":1,"codDisplay":"DIV_1","codDiv":"DIV_1","qtyEstimated":78.00,"perceDiscount1":6.00,"perceDiscount2":8.00,"numMeasure":78788.00,"codMeasure":"1","details":[],"measureFields":[]},{"idAction":2020,"codProduct":"PRD_24","levProduct":1,"codDisplay":"DS-_24","codDiv":"DIV_24","qtyEstimated":345.00,"perceDiscount1":0.50,"perceDiscount2":0.90,"numMeasure":8.00,"codMeasure":"MEASURE_24","details":[],"measureFields":[]},{"idAction":2020,"codProduct":"PRD_44","levProduct":1,"codDisplay":"DSP_44","codDiv":"DIC_44","qtyEstimated":44.00,"perceDiscount1":0.10,"perceDiscount2":0.50,"numMeasure":76.00,"codMeasure":"MEASURE_44","details":[],"measureFields":[]},{"idAction":2020,"codProduct":"PRD_765","levProduct":0,"codDisplay":"DSP_765","codDiv":"DIV_765","qtyEstimated":234.00,"perceDiscount1":0.50,"perceDiscount2":0.56,"numMeasure":765.00,"codMeasure":"MEASURE_765","details":[],"measureFields":[]},{"idAction":2020,"codProduct":"PRD_765","levProduct":0,"codDisplay":"DSP-765","codDiv":"DIV_765","qtyEstimated":345.00,"perceDiscount1":3.55,"perceDiscount2":67.00,"numMeasure":765.00,"codMeasure":"MEASURE_765","details":[],"measureFields":[]},{"idAction":2020,"codProduct":"PRD-2020","levProduct":1,"codDisplay":"DSP-2020","codDiv":"D-2020","qtyEstimated":2000.00,"perceDiscount1":11.00,"perceDiscount2":23.00,"numMeasure":0.00,"codMeasure":"BOX","details":[{"idAction":2020,"codProduct":"PRD-2020","levProduct":1,"codDisplay":"DSP-2020","codNode":"NODE-2020","codDiv":"D-2020","flgInclusion":true,"articles":[{"idAction":2020,"codProduct":"PRD-2020","levProduct":1,"codDisplay":"DSP-2020","codDiv":"D-2020","codNode":"NODE-2020","codNode1":"A1-2020","codNode2":"A2-2020","codNodeN":"AN-2020"}]}],"measureFields":[]},{"idAction":2323,"codProduct":"PRD_08","levProduct":0,"codDisplay":"DSP_08","codDiv":"DIV_08","qtyEstimated":11.00,"perceDiscount1":22.00,"perceDiscount2":2.00,"numMeasure":2.00,"codMeasure":"08","details":[],"measureFields":[]},{"idAction":2323,"codProduct":"PRD_1","levProduct":1,"codDisplay":"DIV_1","codDiv":"DIV_1","qtyEstimated":78.00,"perceDiscount1":6.00,"perceDiscount2":8.00,"numMeasure":78788.00,"codMeasure":"1","details":[],"measureFields":[]},{"idAction":2323,"codProduct":"PRD_23","levProduct":0,"codDisplay":"DSP_23","codDiv":"DIV_23","qtyEstimated":28.00,"perceDiscount1":7.00,"perceDiscount2":2.00,"numMeasure":7.00,"codMeasure":"MEASURE_23","details":[],"measureFields":[]},{"idAction":2323,"codProduct":"PRD_24","levProduct":1,"codDisplay":"DS-_24","codDiv":"DIV_24","qtyEstimated":345.00,"perceDiscount1":0.50,"perceDiscount2":0.90,"numMeasure":8.00,"codMeasure":"MEASURE_24","details":[],"measureFields":[]},{"idAction":2323,"codProduct":"PRD_34","levProduct":1,"codDisplay":"DSP_34","codDiv":"DIV_34","qtyEstimated":2345.00,"perceDiscount1":0.60,"perceDiscount2":8.87,"numMeasure":34.00,"codMeasure":"MEASURE_34","details":[],"measureFields":[]},{"idAction":2323,"codProduct":"PRD_44","levProduct":1,"codDisplay":"DSP_44","codDiv":"DIC_44","qtyEstimated":44.00,"perceDiscount1":0.10,"perceDiscount2":0.50,"numMeasure":76.00,"codMeasure":"MEASURE_44","details":[],"measureFields":[]},{"idAction":2323,"codProduct":"PRD_55","levProduct":1,"codDisplay":"DSP_55","codDiv":"DIV_55","qtyEstimated":66.00,"perceDiscount1":0.50,"perceDiscount2":0.10,"numMeasure":34.00,"codMeasure":"55","details":[],"measureFields":[]},{"idAction":2323,"codProduct":"PRD_765","levProduct":0,"codDisplay":"DSP_567","codDiv":"DIV_765","qtyEstimated":5.60,"perceDiscount1":0.50,"perceDiscount2":0.40,"numMeasure":999.00,"codMeasure":"765","details":[],"measureFields":[]},{"idAction":2323,"codProduct":"PROD-2323","levProduct":1,"codDisplay":"DSP-2323","codDiv":"D-2322","qtyEstimated":2340.00,"perceDiscount1":0.40,"perceDiscount2":45.00,"numMeasure":0.00,"codMeasure":"PALLET","details":[{"idAction":2323,"codProduct":"PROD-2323","levProduct":1,"codDisplay":"DSP-2323","codNode":"NODE-2323","codDiv":"D-2323","flgInclusion":true,"articles":[{"idAction":2323,"codProduct":"PROD-2323","levProduct":1,"codDisplay":"DSP-2323","codDiv":"D-2323","codNode":"NODE-2323","codNode1":"A1-2323","codNode2":"A2-2323","codNodeN":"AN-2323"}]}],"measureFields":[]},{"idAction":5005,"codProduct":"PROD-1111","levProduct":1,"codDisplay":"DISP-1111","codDiv":"DIV-1111","qtyEstimated":0.00,"perceDiscount1":0.00,"perceDiscount2":0.00,"numMeasure":1.00,"codMeasure":"EA","details":[{"idAction":5005,"codProduct":"PROD-1111","levProduct":1,"codDisplay":"DISP-1111","codNode":"ddd","codDiv":"DIV5005","flgInclusion":true,"articles":[]}],"measureFields":[]},{"idAction":6000,"codProduct":"PRD_6666","levProduct":1,"codDisplay":"DSP_6666","codDiv":"DIV_6666","qtyEstimated":14.00,"perceDiscount1":0.80,"perceDiscount2":8.90,"numMeasure":654.00,"codMeasure":"MEASURE_6666","details":[],"measureFields":[]},{"idAction":6000,"codProduct":"PRD_99","levProduct":1,"codDisplay":"DSP_99","codDiv":"DIV_99","qtyEstimated":456.00,"perceDiscount1":9.80,"perceDiscount2":7.70,"numMeasure":999.00,"codMeasure":"MEASURE_99","details":[{"idAction":6000,"codProduct":"PRD_99","levProduct":1,"codDisplay":"DSP_99","codNode":"NODE_99","codDiv":"DIV_99","flgInclusion":true,"articles":[{"idAction":6000,"codProduct":"PRD_99","levProduct":1,"codDisplay":"DSP_99","codDiv":"DIV_99","codNode":"NODE_99","codNode1":"HBKK","codNode2":"KHNKH","codNodeN":"IYGFTUFTY"}]}],"measureFields":[]},{"idAction":6000,"codProduct":"PROD-6000","levProduct":1,"codDisplay":"DISP-6000","codDiv":"DIV-6000","qtyEstimated":100.00,"perceDiscount1":15.00,"perceDiscount2":0.00,"numMeasure":1.00,"codMeasure":"UNIT","details":[{"idAction":6000,"codProduct":"PROD-6000","levProduct":1,"codDisplay":"DISP-6000","codNode":"DET-6000","codDiv":"DIV-6000","flgInclusion":true,"articles":[{"idAction":6000,"codProduct":"PROD-6000","levProduct":1,"codDisplay":"DISP-6000","codDiv":"DIV-6000","codNode":"DET-6000","codNode1":"SKU-6001","codNode2":"V-GOLD","codNodeN":"SIZE-XL"}]}],"measureFields":[]},{"idAction":6767,"codProduct":"PRD_7777","levProduct":1,"codDisplay":"DSP_7777","codDiv":"DIV_7777","qtyEstimated":3423.00,"perceDiscount1":9.80,"perceDiscount2":5.60,"numMeasure":3432.00,"codMeasure":"MEASURE_7777","details":[{"idAction":6767,"codProduct":"PRD_7777","levProduct":1,"codDisplay":"DSP_7777","codNode":"NODE_7777","codDiv":"DIV_7777","flgInclusion":true,"articles":[{"idAction":6767,"codProduct":"PRD_7777","levProduct":1,"codDisplay":"DSP_7777","codDiv":"DIV_7777","codNode":"NODE_7777","codNode1":"ABC","codNode2":"DEF","codNodeN":"HBJ"}]}],"measureFields":[]},{"idAction":6767,"codProduct":"PROD-6767","levProduct":1,"codDisplay":"DSP-6767","codDiv":"DIV-6767","qtyEstimated":5000.00,"perceDiscount1":23.50,"perceDiscount2":45.60,"numMeasure":0.00,"codMeasure":"PALLET","details":[{"idAction":6767,"codProduct":"PROD-6767","levProduct":1,"codDisplay":"DSP-6767","codNode":"NODE-6767","codDiv":"DIV-6767","flgInclusion":true,"articles":[{"idAction":6767,"codProduct":"PROD-6767","levProduct":1,"codDisplay":"DSP-6767","codDiv":"DIV-6767","codNode":"NODE-6767","codNode1":"A1-6767","codNode2":"A2-6767","codNodeN":"AN-6767"}]}],"measureFields":[]},{"idAction":7000,"codProduct":"PROD-7000","levProduct":1,"codDisplay":"DISP-7000","codDiv":"DIV-7000","qtyEstimated":500.00,"perceDiscount1":null,"perceDiscount2":null,"numMeasure":null,"codMeasure":null,"details":[],"measureFields":[]},{"idAction":8888,"codProduct":"PROD-5555","levProduct":1,"codDisplay":"DISP-5555","codDiv":"DIV-5555","qtyEstimated":500.00,"perceDiscount1":0.00,"perceDiscount2":0.00,"numMeasure":0.00,"codMeasure":null,"details":[{"idAction":8888,"codProduct":"PROD-5555","levProduct":1,"codDisplay":"DISP-5555","codNode":"NODE-5555","codDiv":"DIV-5555","flgInclusion":true,"articles":[{"idAction":8888,"codProduct":"PROD-5555","levProduct":1,"codDisplay":"DISP-5555","codDiv":"DIV-5555","codNode":"NODE-5555","codNode1":null,"codNode2":null,"codNodeN":null}]}],"measureFields":[]},{"idAction":8888,"codProduct":"PROD-8888","levProduct":1,"codDisplay":"DISP-8888","codDiv":"DIV-8888","qtyEstimated":2000.00,"perceDiscount1":null,"perceDiscount2":null,"numMeasure":null,"codMeasure":null,"details":[{"idAction":8888,"codProduct":"PROD-8888","levProduct":1,"codDisplay":"DISP-8888","codNode":"NODE-8888","codDiv":"DIV-8888","flgInclusion":true,"articles":[{"idAction":8888,"codProduct":"PROD-8888","levProduct":1,"codDisplay":"DISP-8888","codDiv":"DIV-8888","codNode":"NODE-8888","codNode1":"A1","codNode2":null,"codNodeN":null}]}],"measureFields":[]},{"idAction":9000,"codProduct":"PROD-9000","levProduct":1,"codDisplay":"DISP-9000","codDiv":"DIV-9000","qtyEstimated":2000.00,"perceDiscount1":null,"perceDiscount2":null,"numMeasure":null,"codMeasure":null,"details":[{"idAction":9000,"codProduct":"PROD-9000","levProduct":1,"codDisplay":"DISP-9000","codNode":"NODE-9000","codDiv":"DIV-9000","flgInclusion":true,"articles":[{"idAction":9000,"codProduct":"PROD-9000","levProduct":1,"codDisplay":"DISP-9000","codDiv":"DIV-9000","codNode":"NODE-9000","codNode1":"A1","codNode2":null,"codNodeN":null}]}],"measureFields":[]},{"idAction":9999,"codProduct":"PROD-9999","levProduct":1,"codDisplay":"DISP-9999","codDiv":"DIV-9999","qtyEstimated":777.00,"perceDiscount1":null,"perceDiscount2":null,"numMeasure":null,"codMeasure":null,"details":[{"idAction":9999,"codProduct":"PROD-9999","levProduct":1,"codDisplay":"DISP-9999","codNode":"NODE-9999","codDiv":"DIV-9999","flgInclusion":true,"articles":[{"idAction":9999,"codProduct":"PROD-9999","levProduct":1,"codDisplay":"DISP-9999","codDiv":"DIV-9999","codNode":"NODE-9999","codNode1":"ERR","codNode2":null,"codNodeN":null}]}],"measureFields":[]}]
2026-01-29 10:54:50.682 +05:00 [INF] HTTP GET /api/promotions/products responded 200 in 28.6352 ms
2026-01-29 10:54:56.328 +05:00 [INF] HTTP GET /api/promotions/actions responded 200 in 7.3703 ms | User: Talha (N/A) | IP: ::1 | RequestBody:  | ResponseBody: [{"idAction":3,"name":"PROMO_3","codDiv":"DIV_3","dteStartSellIn":"2026-01-14T10:44:00","dteEndSellIn":"2026-01-15T10:45:00","dteStartSellOut":"2026-01-25T10:45:00","dteEndSellOut":"2026-01-30T10:45:00","documentKey":"KEY_3","dteToShost":"2026-01-10T10:44:00","levParticipants":3},{"idAction":5,"name":"PROMO_5","codDiv":"DIV_5","dteStartSellIn":"2026-02-24T10:49:00","dteEndSellIn":"2026-02-21T10:49:00","dteStartSellOut":"2026-02-24T10:49:00","dteEndSellOut":"2026-02-27T10:49:00","documentKey":"DOC_KEY_5","dteToShost":"2026-01-18T10:48:00","levParticipants":5},{"idAction":10,"name":"PROMO_10","codDiv":"DIV_10","dteStartSellIn":"2026-01-30T14:45:00","dteEndSellIn":"2026-01-31T14:45:00","dteStartSellOut":"2026-01-23T14:45:00","dteEndSellOut":"2026-01-24T14:45:00","documentKey":"DOCC_KEY_10","dteToShost":"2026-01-29T14:44:00","levParticipants":10},{"idAction":45,"name":"cccc","codDiv":"DIV01","dteStartSellIn":"2026-01-16T00:00:00","dteEndSellIn":"2026-01-17T00:00:00","dteStartSellOut":"2026-01-16T00:00:00","dteEndSellOut":"2026-01-17T00:00:00","documentKey":null,"dteToShost":null,"levParticipants":2},{"idAction":1111,"name":"PROMO_1111","codDiv":"DIV_1111","dteStartSellIn":"2026-01-01T17:00:00","dteEndSellIn":"2026-01-30T17:02:00","dteStartSellOut":"2026-01-17T17:02:00","dteEndSellOut":"2026-01-28T17:02:00","documentKey":"1111_DOCC_KEY","dteToShost":"2026-01-13T17:02:00","levParticipants":11},{"idAction":2020,"name":"Spring Special 2020","codDiv":"D-2020","dteStartSellIn":"2026-01-03T12:28:00","dteEndSellIn":"2026-01-04T12:28:00","dteStartSellOut":"2026-01-05T12:28:00","dteEndSellOut":"2026-01-06T12:28:00","documentKey":"DOC-SPRING-2020","dteToShost":"2026-01-02T12:28:00","levParticipants":1},{"idAction":2222,"name":"haseeb","codDiv":"DIV02","dteStartSellIn":"2026-01-28T00:00:00","dteEndSellIn":"2026-01-30T00:00:00","dteStartSellOut":"2026-01-28T00:00:00","dteEndSellOut":"2026-01-30T00:00:00","documentKey":null,"dteToShost":null,"levParticipants":2},{"idAction":2323,"name":"Winter Sale Campaign 2323","codDiv":"D-2323","dteStartSellIn":"2026-01-19T14:39:00","dteEndSellIn":"2026-01-20T14:40:00","dteStartSellOut":"2026-01-21T14:40:00","dteEndSellOut":"2026-01-22T14:40:00","documentKey":"DOC-WINTER-2323","dteToShost":"2026-01-30T14:39:00","levParticipants":1},{"idAction":5005,"name":"bbb","codDiv":"DIV5005","dteStartSellIn":"2026-01-23T00:00:00","dteEndSellIn":"2026-01-30T00:00:00","dteStartSellOut":"2026-01-26T00:00:00","dteEndSellOut":"2026-01-18T00:00:00","documentKey":"555553","dteToShost":"2026-01-19T00:00:00","levParticipants":14},{"idAction":6000,"name":"Zero Redundancy Campaign 6000","codDiv":"DIV-6000","dteStartSellIn":"2026-01-01T00:00:00","dteEndSellIn":"2026-01-31T00:00:00","dteStartSellOut":"2026-02-01T00:00:00","dteEndSellOut":"2026-02-28T00:00:00","documentKey":"DOC-6000","dteToShost":"2026-01-05T00:00:00","levParticipants":1},{"idAction":6767,"name":"XTEL Launch Promo 6767","codDiv":"DIV-6767","dteStartSellIn":"2026-01-20T12:16:00","dteEndSellIn":"2026-01-21T12:16:00","dteStartSellOut":"2026-01-22T12:16:00","dteEndSellOut":"2026-01-23T12:16:00","documentKey":"DOC-XTEL-6767","dteToShost":"2026-01-03T12:16:00","levParticipants":1},{"idAction":7000,"name":"Atomic Campaign 7000","codDiv":"DIV-7000","dteStartSellIn":"2026-01-01T00:00:00","dteEndSellIn":"2026-01-31T00:00:00","dteStartSellOut":"2026-02-01T00:00:00","dteEndSellOut":"2026-02-28T00:00:00","documentKey":"DOC-7000","dteToShost":null,"levParticipants":1},{"idAction":8888,"name":"Atomic Campaign 8888 Complete","codDiv":"DIV-8888","dteStartSellIn":"2026-01-01T00:00:00","dteEndSellIn":"2026-01-31T00:00:00","dteStartSellOut":"2026-02-01T00:00:00","dteEndSellOut":"2026-02-28T00:00:00","documentKey":"DOC-8888","dteToShost":null,"levParticipants":1},{"idAction":9000,"name":"Balanced Atomic Campaign 9000","codDiv":"DIV-9000","dteStartSellIn":"2026-01-01T00:00:00","dteEndSellIn":"2026-01-31T00:00:00","dteStartSellOut":"2026-02-01T00:00:00","dteEndSellOut":"2026-02-28T00:00:00","documentKey":"DOC-9000","dteToShost":null,"levParticipants":1},{"idAction":9999,"name":"I should not exist in DB","codDiv":"DIV-9999","dteStartSellIn":"2026-01-01T00:00:00","dteEndSellIn":"2026-01-31T00:00:00","dteStartSellOut":"2026-02-01T00:00:00","dteEndSellOut":"2026-02-28T00:00:00","documentKey":"DOC-9999","dteToShost":null,"levParticipants":1}]
2026-01-29 10:54:56.328 +05:00 [INF] HTTP GET /api/promotions/customer-relations responded 200 in 6.3939 ms | User: Talha (N/A) | IP: ::1 | RequestBody:  | ResponseBody: [{"idAction":0,"codHier":"5555","codDiv":"div5555","codNode":"f5555","idLevel":1,"dteStart":"2026-01-15T00:00:00","codParentNode":"root","dteEnd":null},{"idAction":0,"codHier":"56","codDiv":"565","codNode":"56","idLevel":55,"dteStart":"2026-01-29T00:44:00","codParentNode":"haseeb","dteEnd":"2026-01-26T00:44:00"},{"idAction":0,"codHier":"H_10","codDiv":"DIV_10","codNode":"NODE_10","idLevel":10,"dteStart":"2026-01-01T14:45:00","codParentNode":"ROOT_10","dteEnd":"2026-01-31T14:44:00"},{"idAction":0,"codHier":"H_1111","codDiv":"DIV_1111","codNode":"NODE_1111","idLevel":11,"dteStart":"2026-01-01T17:00:00","codParentNode":"ROOT_1111","dteEnd":"2026-01-30T17:01:00"},{"idAction":0,"codHier":"H_3","codDiv":"DIV_3","codNode":"NODE_3","idLevel":3,"dteStart":"2026-01-01T10:45:00","codParentNode":"ROOT_3","dteEnd":"2026-01-30T10:44:00"},{"idAction":0,"codHier":"H_5","codDiv":"DIV_5","codNode":"NODE_5","idLevel":5,"dteStart":"2026-01-30T10:50:00","codParentNode":"ROOT_5","dteEnd":"2026-01-31T10:48:00"},{"idAction":0,"codHier":"H-1010","codDiv":"D-1010","codNode":"C-1010","idLevel":1,"dteStart":"2026-01-01T11:54:00","codParentNode":"root","dteEnd":"2026-01-12T11:54:00"},{"idAction":0,"codHier":"H-11","codDiv":"DIV-11","codNode":"C-11","idLevel":11,"dteStart":"2026-01-01T15:05:00","codParentNode":"ROOT","dteEnd":"2026-01-31T15:05:00"},{"idAction":0,"codHier":"H-1111","codDiv":"DIV-1111","codNode":"CUST-1111","idLevel":10,"dteStart":"2026-01-01T00:00:00","codParentNode":"ROOT","dteEnd":null},{"idAction":0,"codHier":"H-1414","codDiv":"D-1414","codNode":"C-1414","idLevel":4,"dteStart":"2026-01-01T14:45:00","codParentNode":"ROOT","dteEnd":"2026-01-15T14:45:00"},{"idAction":0,"codHier":"H-2","codDiv":"DIV-2","codNode":"CUST-2","idLevel":2,"dteStart":"2026-01-01T12:40:00","codParentNode":"ROOT","dteEnd":"2026-01-16T12:37:00"},{"idAction":0,"codHier":"H-2","codDiv":"DIV-2","codNode":"CUST-2","idLevel":2,"dteStart":"2026-01-21T12:37:00","codParentNode":"ROOT","dteEnd":"2026-01-24T12:37:00"},{"idAction":0,"codHier":"H-2020","codDiv":"D-2020","codNode":"C-2020","idLevel":2,"dteStart":"2026-01-02T12:27:00","codParentNode":"root","dteEnd":"2026-01-30T12:27:00"},{"idAction":0,"codHier":"H-2255","codDiv":"DIV-2255","codNode":"CUST-2255","idLevel":10,"dteStart":"2026-01-01T00:00:00","codParentNode":"ROOT","dteEnd":null},{"idAction":0,"codHier":"H-2323","codDiv":"D-2323","codNode":"C-2323","idLevel":4,"dteStart":"2026-01-01T12:48:00","codParentNode":"ROOT","dteEnd":"2026-01-12T12:49:00"},{"idAction":0,"codHier":"H-3333","codDiv":"DIV-3333","codNode":"CUST-3333","idLevel":10,"dteStart":"2026-01-01T00:00:00","codParentNode":"ROOT","dteEnd":null},{"idAction":0,"codHier":"H-3344","codDiv":"DIV-3345","codNode":"CUST-3345","idLevel":10,"dteStart":"2026-01-01T00:00:00","codParentNode":"ROOT","dteEnd":null},{"idAction":0,"codHier":"H-3345","codDiv":"DIV-3345","codNode":"CUST-3345","idLevel":10,"dteStart":"2026-01-01T00:00:00","codParentNode":"ROOT","dteEnd":null},{"idAction":0,"codHier":"H-4","codDiv":"DIV-4","codNode":"CUST-4","idLevel":4,"dteStart":"2026-01-01T14:44:00","codParentNode":"ROOT","dteEnd":"2026-01-02T14:44:00"},{"idAction":0,"codHier":"H-5555","codDiv":"DIV-5555","codNode":"CUST-5555","idLevel":10,"dteStart":"2026-01-01T00:00:00","codParentNode":"ROOT","dteEnd":null},{"idAction":0,"codHier":"H-6000","codDiv":"DIV-6000","codNode":"CUST-6000","idLevel":10,"dteStart":"2026-01-01T00:00:00","codParentNode":"ROOT","dteEnd":"2026-12-31T00:00:00"},{"idAction":0,"codHier":"H-6666","codDiv":"DIV-6666","codNode":"CUST-6666","idLevel":10,"dteStart":"2026-01-17T01:30:00","codParentNode":"ROOT","dteEnd":"2026-01-18T01:30:00"},{"idAction":0,"codHier":"H-6767","codDiv":"DIV-6767","codNode":"CUST-6767","idLevel":5,"dteStart":"2026-01-01T12:15:00","codParentNode":"ROOT","dteEnd":"2026-01-08T12:15:00"},{"idAction":0,"codHier":"H-7000","codDiv":"DIV-7000","codNode":"CUST-7000","idLevel":10,"dteStart":"2026-01-01T00:00:00","codParentNode":"ROOT","dteEnd":null},{"idAction":0,"codHier":"H-7777","codDiv":"DIV-7777","codNode":"CUST-7777","idLevel":10,"dteStart":"2026-01-01T00:00:00","codParentNode":"ROOT","dteEnd":null},{"idAction":0,"codHier":"H-7878","codDiv":"DIV-7878","codNode":"CUST-7878","idLevel":3,"dteStart":"2026-01-18T11:43:00","codParentNode":"ROOT","dteEnd":"2026-01-19T11:43:00"},{"idAction":0,"codHier":"H-8000","codDiv":"DIV-8000","codNode":"CUST-8000","idLevel":10,"dteStart":"2026-01-01T00:00:00","codParentNode":"ROOT","dteEnd":null},{"idAction":0,"codHier":"H-8888","codDiv":"DIV-8888","codNode":"CUST-8888","idLevel":10,"dteStart":"2026-01-01T00:00:00","codParentNode":"ROOT","dteEnd":null},{"idAction":0,"codHier":"H-9000","codDiv":"DIV-9000","codNode":"CUST-9000","idLevel":10,"dteStart":"2026-01-01T00:00:00","codParentNode":"ROOT","dteEnd":null},{"idAction":0,"codHier":"H-9999","codDiv":"DIV-9999","codNode":"CUST-9999","idLevel":10,"dteStart":"2026-01-01T00:00:00","codParentNode":"ROOT","dteEnd":null},{"idAction":0,"codHier":"HIER_CORP","codDiv":"DIV01","codNode":"NODE_9111","idLevel":1,"dteStart":"2026-01-15T00:00:00","codParentNode":"ROOT_NODE","dteEnd":null}]
2026-01-29 10:54:56.332 +05:00 [INF] HTTP GET /api/promotions/actions responded 200 in 11.5264 ms
2026-01-29 10:54:56.337 +05:00 [INF] HTTP GET /api/promotions/customer-relations responded 200 in 15.1144 ms
2026-01-29 10:54:56.405 +05:00 [INF] HTTP GET /api/promotions/actions responded 200 in 7.7246 ms | User: Talha (N/A) | IP: ::1 | RequestBody:  | ResponseBody: [{"idAction":3,"name":"PROMO_3","codDiv":"DIV_3","dteStartSellIn":"2026-01-14T10:44:00","dteEndSellIn":"2026-01-15T10:45:00","dteStartSellOut":"2026-01-25T10:45:00","dteEndSellOut":"2026-01-30T10:45:00","documentKey":"KEY_3","dteToShost":"2026-01-10T10:44:00","levParticipants":3},{"idAction":5,"name":"PROMO_5","codDiv":"DIV_5","dteStartSellIn":"2026-02-24T10:49:00","dteEndSellIn":"2026-02-21T10:49:00","dteStartSellOut":"2026-02-24T10:49:00","dteEndSellOut":"2026-02-27T10:49:00","documentKey":"DOC_KEY_5","dteToShost":"2026-01-18T10:48:00","levParticipants":5},{"idAction":10,"name":"PROMO_10","codDiv":"DIV_10","dteStartSellIn":"2026-01-30T14:45:00","dteEndSellIn":"2026-01-31T14:45:00","dteStartSellOut":"2026-01-23T14:45:00","dteEndSellOut":"2026-01-24T14:45:00","documentKey":"DOCC_KEY_10","dteToShost":"2026-01-29T14:44:00","levParticipants":10},{"idAction":45,"name":"cccc","codDiv":"DIV01","dteStartSellIn":"2026-01-16T00:00:00","dteEndSellIn":"2026-01-17T00:00:00","dteStartSellOut":"2026-01-16T00:00:00","dteEndSellOut":"2026-01-17T00:00:00","documentKey":null,"dteToShost":null,"levParticipants":2},{"idAction":1111,"name":"PROMO_1111","codDiv":"DIV_1111","dteStartSellIn":"2026-01-01T17:00:00","dteEndSellIn":"2026-01-30T17:02:00","dteStartSellOut":"2026-01-17T17:02:00","dteEndSellOut":"2026-01-28T17:02:00","documentKey":"1111_DOCC_KEY","dteToShost":"2026-01-13T17:02:00","levParticipants":11},{"idAction":2020,"name":"Spring Special 2020","codDiv":"D-2020","dteStartSellIn":"2026-01-03T12:28:00","dteEndSellIn":"2026-01-04T12:28:00","dteStartSellOut":"2026-01-05T12:28:00","dteEndSellOut":"2026-01-06T12:28:00","documentKey":"DOC-SPRING-2020","dteToShost":"2026-01-02T12:28:00","levParticipants":1},{"idAction":2222,"name":"haseeb","codDiv":"DIV02","dteStartSellIn":"2026-01-28T00:00:00","dteEndSellIn":"2026-01-30T00:00:00","dteStartSellOut":"2026-01-28T00:00:00","dteEndSellOut":"2026-01-30T00:00:00","documentKey":null,"dteToShost":null,"levParticipants":2},{"idAction":2323,"name":"Winter Sale Campaign 2323","codDiv":"D-2323","dteStartSellIn":"2026-01-19T14:39:00","dteEndSellIn":"2026-01-20T14:40:00","dteStartSellOut":"2026-01-21T14:40:00","dteEndSellOut":"2026-01-22T14:40:00","documentKey":"DOC-WINTER-2323","dteToShost":"2026-01-30T14:39:00","levParticipants":1},{"idAction":5005,"name":"bbb","codDiv":"DIV5005","dteStartSellIn":"2026-01-23T00:00:00","dteEndSellIn":"2026-01-30T00:00:00","dteStartSellOut":"2026-01-26T00:00:00","dteEndSellOut":"2026-01-18T00:00:00","documentKey":"555553","dteToShost":"2026-01-19T00:00:00","levParticipants":14},{"idAction":6000,"name":"Zero Redundancy Campaign 6000","codDiv":"DIV-6000","dteStartSellIn":"2026-01-01T00:00:00","dteEndSellIn":"2026-01-31T00:00:00","dteStartSellOut":"2026-02-01T00:00:00","dteEndSellOut":"2026-02-28T00:00:00","documentKey":"DOC-6000","dteToShost":"2026-01-05T00:00:00","levParticipants":1},{"idAction":6767,"name":"XTEL Launch Promo 6767","codDiv":"DIV-6767","dteStartSellIn":"2026-01-20T12:16:00","dteEndSellIn":"2026-01-21T12:16:00","dteStartSellOut":"2026-01-22T12:16:00","dteEndSellOut":"2026-01-23T12:16:00","documentKey":"DOC-XTEL-6767","dteToShost":"2026-01-03T12:16:00","levParticipants":1},{"idAction":7000,"name":"Atomic Campaign 7000","codDiv":"DIV-7000","dteStartSellIn":"2026-01-01T00:00:00","dteEndSellIn":"2026-01-31T00:00:00","dteStartSellOut":"2026-02-01T00:00:00","dteEndSellOut":"2026-02-28T00:00:00","documentKey":"DOC-7000","dteToShost":null,"levParticipants":1},{"idAction":8888,"name":"Atomic Campaign 8888 Complete","codDiv":"DIV-8888","dteStartSellIn":"2026-01-01T00:00:00","dteEndSellIn":"2026-01-31T00:00:00","dteStartSellOut":"2026-02-01T00:00:00","dteEndSellOut":"2026-02-28T00:00:00","documentKey":"DOC-8888","dteToShost":null,"levParticipants":1},{"idAction":9000,"name":"Balanced Atomic Campaign 9000","codDiv":"DIV-9000","dteStartSellIn":"2026-01-01T00:00:00","dteEndSellIn":"2026-01-31T00:00:00","dteStartSellOut":"2026-02-01T00:00:00","dteEndSellOut":"2026-02-28T00:00:00","documentKey":"DOC-9000","dteToShost":null,"levParticipants":1},{"idAction":9999,"name":"I should not exist in DB","codDiv":"DIV-9999","dteStartSellIn":"2026-01-01T00:00:00","dteEndSellIn":"2026-01-31T00:00:00","dteStartSellOut":"2026-02-01T00:00:00","dteEndSellOut":"2026-02-28T00:00:00","documentKey":"DOC-9999","dteToShost":null,"levParticipants":1}]
2026-01-29 10:54:56.413 +05:00 [INF] HTTP GET /api/promotions/actions responded 200 in 16.2406 ms
2026-01-29 10:54:56.415 +05:00 [INF] HTTP GET /api/promotions/customer-relations responded 200 in 4.8138 ms | User: Talha (N/A) | IP: ::1 | RequestBody:  | ResponseBody: [{"idAction":0,"codHier":"5555","codDiv":"div5555","codNode":"f5555","idLevel":1,"dteStart":"2026-01-15T00:00:00","codParentNode":"root","dteEnd":null},{"idAction":0,"codHier":"56","codDiv":"565","codNode":"56","idLevel":55,"dteStart":"2026-01-29T00:44:00","codParentNode":"haseeb","dteEnd":"2026-01-26T00:44:00"},{"idAction":0,"codHier":"H_10","codDiv":"DIV_10","codNode":"NODE_10","idLevel":10,"dteStart":"2026-01-01T14:45:00","codParentNode":"ROOT_10","dteEnd":"2026-01-31T14:44:00"},{"idAction":0,"codHier":"H_1111","codDiv":"DIV_1111","codNode":"NODE_1111","idLevel":11,"dteStart":"2026-01-01T17:00:00","codParentNode":"ROOT_1111","dteEnd":"2026-01-30T17:01:00"},{"idAction":0,"codHier":"H_3","codDiv":"DIV_3","codNode":"NODE_3","idLevel":3,"dteStart":"2026-01-01T10:45:00","codParentNode":"ROOT_3","dteEnd":"2026-01-30T10:44:00"},{"idAction":0,"codHier":"H_5","codDiv":"DIV_5","codNode":"NODE_5","idLevel":5,"dteStart":"2026-01-30T10:50:00","codParentNode":"ROOT_5","dteEnd":"2026-01-31T10:48:00"},{"idAction":0,"codHier":"H-1010","codDiv":"D-1010","codNode":"C-1010","idLevel":1,"dteStart":"2026-01-01T11:54:00","codParentNode":"root","dteEnd":"2026-01-12T11:54:00"},{"idAction":0,"codHier":"H-11","codDiv":"DIV-11","codNode":"C-11","idLevel":11,"dteStart":"2026-01-01T15:05:00","codParentNode":"ROOT","dteEnd":"2026-01-31T15:05:00"},{"idAction":0,"codHier":"H-1111","codDiv":"DIV-1111","codNode":"CUST-1111","idLevel":10,"dteStart":"2026-01-01T00:00:00","codParentNode":"ROOT","dteEnd":null},{"idAction":0,"codHier":"H-1414","codDiv":"D-1414","codNode":"C-1414","idLevel":4,"dteStart":"2026-01-01T14:45:00","codParentNode":"ROOT","dteEnd":"2026-01-15T14:45:00"},{"idAction":0,"codHier":"H-2","codDiv":"DIV-2","codNode":"CUST-2","idLevel":2,"dteStart":"2026-01-01T12:40:00","codParentNode":"ROOT","dteEnd":"2026-01-16T12:37:00"},{"idAction":0,"codHier":"H-2","codDiv":"DIV-2","codNode":"CUST-2","idLevel":2,"dteStart":"2026-01-21T12:37:00","codParentNode":"ROOT","dteEnd":"2026-01-24T12:37:00"},{"idAction":0,"codHier":"H-2020","codDiv":"D-2020","codNode":"C-2020","idLevel":2,"dteStart":"2026-01-02T12:27:00","codParentNode":"root","dteEnd":"2026-01-30T12:27:00"},{"idAction":0,"codHier":"H-2255","codDiv":"DIV-2255","codNode":"CUST-2255","idLevel":10,"dteStart":"2026-01-01T00:00:00","codParentNode":"ROOT","dteEnd":null},{"idAction":0,"codHier":"H-2323","codDiv":"D-2323","codNode":"C-2323","idLevel":4,"dteStart":"2026-01-01T12:48:00","codParentNode":"ROOT","dteEnd":"2026-01-12T12:49:00"},{"idAction":0,"codHier":"H-3333","codDiv":"DIV-3333","codNode":"CUST-3333","idLevel":10,"dteStart":"2026-01-01T00:00:00","codParentNode":"ROOT","dteEnd":null},{"idAction":0,"codHier":"H-3344","codDiv":"DIV-3345","codNode":"CUST-3345","idLevel":10,"dteStart":"2026-01-01T00:00:00","codParentNode":"ROOT","dteEnd":null},{"idAction":0,"codHier":"H-3345","codDiv":"DIV-3345","codNode":"CUST-3345","idLevel":10,"dteStart":"2026-01-01T00:00:00","codParentNode":"ROOT","dteEnd":null},{"idAction":0,"codHier":"H-4","codDiv":"DIV-4","codNode":"CUST-4","idLevel":4,"dteStart":"2026-01-01T14:44:00","codParentNode":"ROOT","dteEnd":"2026-01-02T14:44:00"},{"idAction":0,"codHier":"H-5555","codDiv":"DIV-5555","codNode":"CUST-5555","idLevel":10,"dteStart":"2026-01-01T00:00:00","codParentNode":"ROOT","dteEnd":null},{"idAction":0,"codHier":"H-6000","codDiv":"DIV-6000","codNode":"CUST-6000","idLevel":10,"dteStart":"2026-01-01T00:00:00","codParentNode":"ROOT","dteEnd":"2026-12-31T00:00:00"},{"idAction":0,"codHier":"H-6666","codDiv":"DIV-6666","codNode":"CUST-6666","idLevel":10,"dteStart":"2026-01-17T01:30:00","codParentNode":"ROOT","dteEnd":"2026-01-18T01:30:00"},{"idAction":0,"codHier":"H-6767","codDiv":"DIV-6767","codNode":"CUST-6767","idLevel":5,"dteStart":"2026-01-01T12:15:00","codParentNode":"ROOT","dteEnd":"2026-01-08T12:15:00"},{"idAction":0,"codHier":"H-7000","codDiv":"DIV-7000","codNode":"CUST-7000","idLevel":10,"dteStart":"2026-01-01T00:00:00","codParentNode":"ROOT","dteEnd":null},{"idAction":0,"codHier":"H-7777","codDiv":"DIV-7777","codNode":"CUST-7777","idLevel":10,"dteStart":"2026-01-01T00:00:00","codParentNode":"ROOT","dteEnd":null},{"idAction":0,"codHier":"H-7878","codDiv":"DIV-7878","codNode":"CUST-7878","idLevel":3,"dteStart":"2026-01-18T11:43:00","codParentNode":"ROOT","dteEnd":"2026-01-19T11:43:00"},{"idAction":0,"codHier":"H-8000","codDiv":"DIV-8000","codNode":"CUST-8000","idLevel":10,"dteStart":"2026-01-01T00:00:00","codParentNode":"ROOT","dteEnd":null},{"idAction":0,"codHier":"H-8888","codDiv":"DIV-8888","codNode":"CUST-8888","idLevel":10,"dteStart":"2026-01-01T00:00:00","codParentNode":"ROOT","dteEnd":null},{"idAction":0,"codHier":"H-9000","codDiv":"DIV-9000","codNode":"CUST-9000","idLevel":10,"dteStart":"2026-01-01T00:00:00","codParentNode":"ROOT","dteEnd":null},{"idAction":0,"codHier":"H-9999","codDiv":"DIV-9999","codNode":"CUST-9999","idLevel":10,"dteStart":"2026-01-01T00:00:00","codParentNode":"ROOT","dteEnd":null},{"idAction":0,"codHier":"HIER_CORP","codDiv":"DIV01","codNode":"NODE_9111","idLevel":1,"dteStart":"2026-01-15T00:00:00","codParentNode":"ROOT_NODE","dteEnd":null}]
2026-01-29 10:54:56.430 +05:00 [INF] HTTP GET /api/promotions/customer-relations responded 200 in 20.3030 ms
2026-01-29 10:54:56.431 +05:00 [INF] HTTP GET /api/participants/all responded 200 in 7.5139 ms | User: Talha (N/A) | IP: ::1 | RequestBody:  | ResponseBody: [{"idAction":3,"codParticipant":"NODE_3","flgInclusion":true,"codHier":"H_3","codDiv":"DIV_3","codNode":"NODE_3","idLevel":3,"dteStart":"2026-01-01T10:45:00"},{"idAction":5,"codParticipant":"NODE_5","flgInclusion":true,"codHier":"H_5","codDiv":"DIV_5","codNode":"NODE_5","idLevel":5,"dteStart":"2026-01-30T10:50:00"},{"idAction":10,"codParticipant":"NODE_10","flgInclusion":true,"codHier":"H_10","codDiv":"DIV_10","codNode":"NODE_10","idLevel":10,"dteStart":"2026-01-01T14:45:00"},{"idAction":1111,"codParticipant":"NODE_1111","flgInclusion":true,"codHier":"H_1111","codDiv":"DIV_1111","codNode":"NODE_1111","idLevel":11,"dteStart":"2026-01-01T17:00:00"},{"idAction":2323,"codParticipant":"P-2323","flgInclusion":true,"codHier":"H-2323","codDiv":"D-2323","codNode":"C-2323","idLevel":4,"dteStart":"2026-01-01T12:48:00"},{"idAction":5005,"codParticipant":"","flgInclusion":true,"codHier":"H-9999","codDiv":"DIV-9999","codNode":"CUST-9999","idLevel":10,"dteStart":"2026-01-01T00:00:00"},{"idAction":6000,"codParticipant":"P-6000","flgInclusion":true,"codHier":"H-6000","codDiv":"DIV-6000","codNode":"CUST-6000","idLevel":10,"dteStart":"2026-01-01T00:00:00"},{"idAction":6767,"codParticipant":"P-6767","flgInclusion":false,"codHier":"H-6767","codDiv":"DIV-6767","codNode":"CUST-6767","idLevel":5,"dteStart":"2026-01-01T12:15:00"},{"idAction":7000,"codParticipant":"P-7000","flgInclusion":true,"codHier":"H-7000","codDiv":"DIV-7000","codNode":"CUST-7000","idLevel":10,"dteStart":"2026-01-01T00:00:00"},{"idAction":8888,"codParticipant":"P-8888","flgInclusion":true,"codHier":"H-8888","codDiv":"DIV-8888","codNode":"CUST-8888","idLevel":10,"dteStart":"2026-01-01T00:00:00"},{"idAction":9000,"codParticipant":"P-9000","flgInclusion":true,"codHier":"H-9000","codDiv":"DIV-9000","codNode":"CUST-9000","idLevel":10,"dteStart":"2026-01-01T00:00:00"},{"idAction":9999,"codParticipant":"P-9999","flgInclusion":true,"codHier":"H-9999","codDiv":"DIV-9999","codNode":"CUST-9999","idLevel":10,"dteStart":"2026-01-01T00:00:00"}]
2026-01-29 10:54:56.438 +05:00 [INF] HTTP GET /api/participants/all responded 200 in 14.7551 ms
2026-01-29 10:54:56.507 +05:00 [INF] HTTP GET /api/participants/all responded 200 in 7.6627 ms | User: Talha (N/A) | IP: ::1 | RequestBody:  | ResponseBody: [{"idAction":3,"codParticipant":"NODE_3","flgInclusion":true,"codHier":"H_3","codDiv":"DIV_3","codNode":"NODE_3","idLevel":3,"dteStart":"2026-01-01T10:45:00"},{"idAction":5,"codParticipant":"NODE_5","flgInclusion":true,"codHier":"H_5","codDiv":"DIV_5","codNode":"NODE_5","idLevel":5,"dteStart":"2026-01-30T10:50:00"},{"idAction":10,"codParticipant":"NODE_10","flgInclusion":true,"codHier":"H_10","codDiv":"DIV_10","codNode":"NODE_10","idLevel":10,"dteStart":"2026-01-01T14:45:00"},{"idAction":1111,"codParticipant":"NODE_1111","flgInclusion":true,"codHier":"H_1111","codDiv":"DIV_1111","codNode":"NODE_1111","idLevel":11,"dteStart":"2026-01-01T17:00:00"},{"idAction":2323,"codParticipant":"P-2323","flgInclusion":true,"codHier":"H-2323","codDiv":"D-2323","codNode":"C-2323","idLevel":4,"dteStart":"2026-01-01T12:48:00"},{"idAction":5005,"codParticipant":"","flgInclusion":true,"codHier":"H-9999","codDiv":"DIV-9999","codNode":"CUST-9999","idLevel":10,"dteStart":"2026-01-01T00:00:00"},{"idAction":6000,"codParticipant":"P-6000","flgInclusion":true,"codHier":"H-6000","codDiv":"DIV-6000","codNode":"CUST-6000","idLevel":10,"dteStart":"2026-01-01T00:00:00"},{"idAction":6767,"codParticipant":"P-6767","flgInclusion":false,"codHier":"H-6767","codDiv":"DIV-6767","codNode":"CUST-6767","idLevel":5,"dteStart":"2026-01-01T12:15:00"},{"idAction":7000,"codParticipant":"P-7000","flgInclusion":true,"codHier":"H-7000","codDiv":"DIV-7000","codNode":"CUST-7000","idLevel":10,"dteStart":"2026-01-01T00:00:00"},{"idAction":8888,"codParticipant":"P-8888","flgInclusion":true,"codHier":"H-8888","codDiv":"DIV-8888","codNode":"CUST-8888","idLevel":10,"dteStart":"2026-01-01T00:00:00"},{"idAction":9000,"codParticipant":"P-9000","flgInclusion":true,"codHier":"H-9000","codDiv":"DIV-9000","codNode":"CUST-9000","idLevel":10,"dteStart":"2026-01-01T00:00:00"},{"idAction":9999,"codParticipant":"P-9999","flgInclusion":true,"codHier":"H-9999","codDiv":"DIV-9999","codNode":"CUST-9999","idLevel":10,"dteStart":"2026-01-01T00:00:00"}]
2026-01-29 10:54:56.513 +05:00 [INF] HTTP GET /api/participants/all responded 200 in 13.9171 ms
2026-01-29 10:54:56.513 +05:00 [INF] HTTP GET /api/promotions/delivery-points responded 200 in 5.5250 ms | User: Talha (N/A) | IP: ::1 | RequestBody:  | ResponseBody: [{"idAction":3,"codDeliveryPoint":"NODE_3","flgInclusion":true,"codHier":"H_3","codDiv":"DIV_3","codNode":"NODE_3","idLevel":3,"dteStart":"2026-01-01T10:45:00"},{"idAction":5,"codDeliveryPoint":"NODE_5","flgInclusion":true,"codHier":"H_5","codDiv":"DIV_5","codNode":"NODE_5","idLevel":5,"dteStart":"2026-01-30T10:50:00"},{"idAction":10,"codDeliveryPoint":"NODE_10","flgInclusion":true,"codHier":"H_10","codDiv":"DIV_10","codNode":"NODE_10","idLevel":10,"dteStart":"2026-01-01T14:45:00"},{"idAction":1111,"codDeliveryPoint":"NODE_1111","flgInclusion":true,"codHier":"H_1111","codDiv":"DIV_1111","codNode":"NODE_1111","idLevel":11,"dteStart":"2026-01-01T17:00:00"},{"idAction":5005,"codDeliveryPoint":"","flgInclusion":true,"codHier":"H-2255","codDiv":"DIV-2255","codNode":"CUST-2255","idLevel":10,"dteStart":"2026-01-01T00:00:00"},{"idAction":6767,"codDeliveryPoint":"DP-6767","flgInclusion":true,"codHier":"H-6767","codDiv":"DIV-6767","codNode":"CUST-6767","idLevel":5,"dteStart":"2026-01-01T12:15:00"},{"idAction":7000,"codDeliveryPoint":"DP-7000","flgInclusion":true,"codHier":"H-7000","codDiv":"DIV-7000","codNode":"CUST-7000","idLevel":10,"dteStart":"2026-01-01T00:00:00"}]
2026-01-29 10:54:56.525 +05:00 [INF] HTTP GET /api/promotions/delivery-points responded 200 in 17.7946 ms
2026-01-29 10:54:56.596 +05:00 [INF] HTTP GET /api/promotions/delivery-points responded 200 in 8.0470 ms | User: Talha (N/A) | IP: ::1 | RequestBody:  | ResponseBody: [{"idAction":3,"codDeliveryPoint":"NODE_3","flgInclusion":true,"codHier":"H_3","codDiv":"DIV_3","codNode":"NODE_3","idLevel":3,"dteStart":"2026-01-01T10:45:00"},{"idAction":5,"codDeliveryPoint":"NODE_5","flgInclusion":true,"codHier":"H_5","codDiv":"DIV_5","codNode":"NODE_5","idLevel":5,"dteStart":"2026-01-30T10:50:00"},{"idAction":10,"codDeliveryPoint":"NODE_10","flgInclusion":true,"codHier":"H_10","codDiv":"DIV_10","codNode":"NODE_10","idLevel":10,"dteStart":"2026-01-01T14:45:00"},{"idAction":1111,"codDeliveryPoint":"NODE_1111","flgInclusion":true,"codHier":"H_1111","codDiv":"DIV_1111","codNode":"NODE_1111","idLevel":11,"dteStart":"2026-01-01T17:00:00"},{"idAction":5005,"codDeliveryPoint":"","flgInclusion":true,"codHier":"H-2255","codDiv":"DIV-2255","codNode":"CUST-2255","idLevel":10,"dteStart":"2026-01-01T00:00:00"},{"idAction":6767,"codDeliveryPoint":"DP-6767","flgInclusion":true,"codHier":"H-6767","codDiv":"DIV-6767","codNode":"CUST-6767","idLevel":5,"dteStart":"2026-01-01T12:15:00"},{"idAction":7000,"codDeliveryPoint":"DP-7000","flgInclusion":true,"codHier":"H-7000","codDiv":"DIV-7000","codNode":"CUST-7000","idLevel":10,"dteStart":"2026-01-01T00:00:00"}]
2026-01-29 10:54:56.601 +05:00 [INF] HTTP GET /api/promotions/delivery-points responded 200 in 12.7272 ms
2026-01-29 10:54:58.880 +05:00 [INF] HTTP GET /api/promotions/actions/5/complete responded 200 in 42.4658 ms | User: Talha (N/A) | IP: ::1 | RequestBody:  | ResponseBody: {"promoAction":{"idAction":5,"name":"PROMO_5","codDiv":"DIV_5","dteStartSellIn":"2026-02-24T10:49:00","dteEndSellIn":"2026-02-21T10:49:00","dteStartSellOut":"2026-02-24T10:49:00","dteEndSellOut":"2026-02-27T10:49:00","documentKey":"DOC_KEY_5","dteToShost":"2026-01-18T10:48:00","levParticipants":5},"products":[{"idAction":5,"codProduct":"PRD_3","levProduct":1,"codDisplay":"DSP_3","codDiv":"DIV_3","qtyEstimated":3450.00,"perceDiscount1":0.50,"perceDiscount2":9.00,"numMeasure":0.00,"codMeasure":"MEASURE_3","details":[{"idAction":5,"codProduct":"PRD_3","levProduct":1,"codDisplay":"DSP_3","codNode":"NODE_3","codDiv":"DIV_3","flgInclusion":true,"articles":[{"idAction":5,"codProduct":"PRD_3","levProduct":1,"codDisplay":"DSP_3","codDiv":"DIV_3","codNode":"NODE_3","codNode1":"AAA","codNode2":"BBB","codNodeN":"CCC"}]}],"measureFields":[{"codDiv":"DIV_3","codMeasure":"MEASURE_3","fieldName":"THIS_IS_PROMO_3","formula":"A*B/5"}]},{"idAction":5,"codProduct":"prd_33","levProduct":1,"codDisplay":"dsp_33","codDiv":"div_33","qtyEstimated":4000.00,"perceDiscount1":0.40,"perceDiscount2":0.90,"numMeasure":339.00,"codMeasure":"measure_33","details":[{"idAction":5,"codProduct":"prd_33","levProduct":1,"codDisplay":"dsp_33","codNode":"node_33","codDiv":"div_33","flgInclusion":true,"articles":[{"idAction":5,"codProduct":"prd_33","levProduct":1,"codDisplay":"dsp_33","codDiv":"div_33","codNode":"node_33","codNode1":"ddd","codNode2":"fff","codNodeN":"ggg"}]}],"measureFields":[{"codDiv":"div_33","codMeasure":"measure_33","fieldName":"promo_33","formula":"d*d/10"}]},{"idAction":5,"codProduct":"PRD_333","levProduct":1,"codDisplay":"DSP_333","codDiv":"DIV_333","qtyEstimated":4500.00,"perceDiscount1":0.80,"perceDiscount2":9.10,"numMeasure":556540.00,"codMeasure":"MEASURE_333","details":[{"idAction":5,"codProduct":"PRD_333","levProduct":1,"codDisplay":"DSP_333","codNode":"NODE_333","codDiv":"DIV_333","flgInclusion":true,"articles":[{"idAction":5,"codProduct":"PRD_333","levProduct":1,"codDisplay":"DSP_333","codDiv":"DIV_333","codNode":"NODE_333","codNode1":"PPP","codNode2":"LLL","codNodeN":"MMM"}]}],"measureFields":[{"codDiv":"DIV_333","codMeasure":"MEASURE_333","fieldName":"THIS_IS_PROMO_333","formula":"T*T/333"}]},{"idAction":5,"codProduct":"PRD_5","levProduct":5,"codDisplay":"DSP_5","codDiv":"DIV_5","qtyEstimated":2500.00,"perceDiscount1":6.70,"perceDiscount2":8.90,"numMeasure":0.00,"codMeasure":"MEASURE_5","details":[{"idAction":5,"codProduct":"PRD_5","levProduct":5,"codDisplay":"DSP_5","codNode":"NODE_5","codDiv":"DIV_5","flgInclusion":true,"articles":[{"idAction":5,"codProduct":"PRD_5","levProduct":5,"codDisplay":"DSP_5","codDiv":"DIV_5","codNode":"NODE_5","codNode1":"RRR","codNode2":"TTT","codNodeN":"YYY"}]}],"measureFields":[{"codDiv":"DIV_5","codMeasure":"MEASURE_5","fieldName":"THIS_IS_PTOMO_5","formula":"P*P/9"}]}],"articles":[{"idAction":5,"codProduct":"PRD_3","levProduct":1,"codDisplay":"DSP_3","codDiv":"DIV_3","codNode":"NODE_3","codNode1":"AAA","codNode2":"BBB","codNodeN":"CCC"},{"idAction":5,"codProduct":"prd_33","levProduct":1,"codDisplay":"dsp_33","codDiv":"div_33","codNode":"node_33","codNode1":"ddd","codNode2":"fff","codNodeN":"ggg"},{"idAction":5,"codProduct":"PRD_333","levProduct":1,"codDisplay":"DSP_333","codDiv":"DIV_333","codNode":"NODE_333","codNode1":"PPP","codNode2":"LLL","codNodeN":"MMM"},{"idAction":5,"codProduct":"PRD_5","levProduct":5,"codDisplay":"DSP_5","codDiv":"DIV_5","codNode":"NODE_5","codNode1":"RRR","codNode2":"TTT","codNodeN":"YYY"}],"measureFields":[{"codDiv":"DIV_3","codMeasure":"MEASURE_3","fieldName":"THIS_IS_PROMO_3","formula":"A*B/5"},{"codDiv":"div_33","codMeasure":"measure_33","fieldName":"promo_33","formula":"d*d/10"},{"codDiv":"DIV_333","codMeasure":"MEASURE_333","fieldName":"THIS_IS_PROMO_333","formula":"T*T/333"},{"codDiv":"DIV_5","codMeasure":"MEASURE_5","fieldName":"THIS_IS_PTOMO_5","formula":"P*P/9"}],"participants":[{"idAction":5,"codParticipant":"NODE_5","flgInclusion":true,"codHier":"H_5","codDiv":"DIV_5","codNode":"NODE_5","idLevel":5,"dteStart":"0001-01-01T00:00:00"}],"deliveryPoints":[{"idAction":5,"codDeliveryPoint":"NODE_5","flgInclusion":true,"codHier":"H_5","codDiv":"DIV_5","codNode":"NODE_5","idLevel":5,"dteStart":"0001-01-01T00:00:00"}],"productDetails":[{"idAction":5,"codProduct":"PRD_3","levProduct":1,"codDisplay":"DSP_3","codNode":"NODE_3","codDiv":"DIV_3","flgInclusion":true,"articles":[{"idAction":5,"codProduct":"PRD_3","levProduct":1,"codDisplay":"DSP_3","codDiv":"DIV_3","codNode":"NODE_3","codNode1":"AAA","codNode2":"BBB","codNodeN":"CCC"}]},{"idAction":5,"codProduct":"prd_33","levProduct":1,"codDisplay":"dsp_33","codNode":"node_33","codDiv":"div_33","flgInclusion":true,"articles":[{"idAction":5,"codProduct":"prd_33","levProduct":1,"codDisplay":"dsp_33","codDiv":"div_33","codNode":"node_33","codNode1":"ddd","codNode2":"fff","codNodeN":"ggg"}]},{"idAction":5,"codProduct":"PRD_333","levProduct":1,"codDisplay":"DSP_333","codNode":"NODE_333","codDiv":"DIV_333","flgInclusion":true,"articles":[{"idAction":5,"codProduct":"PRD_333","levProduct":1,"codDisplay":"DSP_333","codDiv":"DIV_333","codNode":"NODE_333","codNode1":"PPP","codNode2":"LLL","codNodeN":"MMM"}]},{"idAction":5,"codProduct":"PRD_5","levProduct":5,"codDisplay":"DSP_5","codNode":"NODE_5","codDiv":"DIV_5","flgInclusion":true,"articles":[{"idAction":5,"codProduct":"PRD_5","levProduct":5,"codDisplay":"DSP_5","codDiv":"DIV_5","codNode":"NODE_5","codNode1":"RRR","codNode2":"TTT","codNodeN":"YYY"}]}],"customers":[{"idAction":5,"codHier":"H_5","codDiv":"DIV_5","codNode":"NODE_5","idLevel":5,"dteStart":"2026-01-30T10:50:00","codParentNode":"ROOT_5","dteEnd":"2026-01-31T10:48:00"}]}
2026-01-29 10:54:58.885 +05:00 [INF] HTTP GET /api/promotions/actions/5/complete responded 200 in 47.8719 ms
2026-01-29 10:55:15.154 +05:00 [INF] HTTP GET /api/promotions/products responded 200 in 32.3937 ms | User: Talha (N/A) | IP: ::1 | RequestBody:  | ResponseBody: [{"idAction":3,"codProduct":"PRD_3","levProduct":3,"codDisplay":"DSP_3","codDiv":"DIV_3","qtyEstimated":3450.00,"perceDiscount1":0.50,"perceDiscount2":9.00,"numMeasure":0.00,"codMeasure":"MEASURE_3","details":[{"idAction":3,"codProduct":"PRD_3","levProduct":3,"codDisplay":"DSP_3","codNode":"NODE_3","codDiv":"DIV_3","flgInclusion":true,"articles":[{"idAction":3,"codProduct":"PRD_3","levProduct":3,"codDisplay":"DSP_3","codDiv":"DIV_3","codNode":"NODE_3","codNode1":"AAA","codNode2":"BBB","codNodeN":"CCC"}]}],"measureFields":[]},{"idAction":3,"codProduct":"prd_33","levProduct":1,"codDisplay":"dsp_33","codDiv":"div_33","qtyEstimated":4000.00,"perceDiscount1":0.40,"perceDiscount2":0.90,"numMeasure":339.00,"codMeasure":"measure_33","details":[{"idAction":3,"codProduct":"prd_33","levProduct":1,"codDisplay":"dsp_33","codNode":"node_33","codDiv":"div_33","flgInclusion":true,"articles":[{"idAction":3,"codProduct":"prd_33","levProduct":1,"codDisplay":"dsp_33","codDiv":"div_33","codNode":"node_33","codNode1":"ddd","codNode2":"fff","codNodeN":"ggg"}]}],"measureFields":[]},{"idAction":3,"codProduct":"PROD-9000","levProduct":1,"codDisplay":"DISP-9000","codDiv":"DIV-9000","qtyEstimated":2000.00,"perceDiscount1":0.60,"perceDiscount2":0.90,"numMeasure":66.00,"codMeasure":"measure_9000","details":[{"idAction":3,"codProduct":"PROD-9000","levProduct":1,"codDisplay":"DISP-9000","codNode":"NODE-9000","codDiv":"DIV-9000","flgInclusion":true,"articles":[{"idAction":3,"codProduct":"PROD-9000","levProduct":1,"codDisplay":"DISP-9000","codDiv":"DIV-9000","codNode":"NODE-9000","codNode1":"A1","codNode2":null,"codNodeN":null}]}],"measureFields":[]},{"idAction":5,"codProduct":"PRD_3","levProduct":1,"codDisplay":"DSP_3","codDiv":"DIV_3","qtyEstimated":3450.00,"perceDiscount1":0.50,"perceDiscount2":9.00,"numMeasure":0.00,"codMeasure":"MEASURE_3","details":[{"idAction":5,"codProduct":"PRD_3","levProduct":1,"codDisplay":"DSP_3","codNode":"NODE_3","codDiv":"DIV_3","flgInclusion":true,"articles":[{"idAction":5,"codProduct":"PRD_3","levProduct":1,"codDisplay":"DSP_3","codDiv":"DIV_3","codNode":"NODE_3","codNode1":"AAA","codNode2":"BBB","codNodeN":"CCC"}]}],"measureFields":[]},{"idAction":5,"codProduct":"prd_33","levProduct":1,"codDisplay":"dsp_33","codDiv":"div_33","qtyEstimated":4000.00,"perceDiscount1":0.40,"perceDiscount2":0.90,"numMeasure":339.00,"codMeasure":"measure_33","details":[{"idAction":5,"codProduct":"prd_33","levProduct":1,"codDisplay":"dsp_33","codNode":"node_33","codDiv":"div_33","flgInclusion":true,"articles":[{"idAction":5,"codProduct":"prd_33","levProduct":1,"codDisplay":"dsp_33","codDiv":"div_33","codNode":"node_33","codNode1":"ddd","codNode2":"fff","codNodeN":"ggg"}]}],"measureFields":[]},{"idAction":5,"codProduct":"PRD_333","levProduct":1,"codDisplay":"DSP_333","codDiv":"DIV_333","qtyEstimated":4500.00,"perceDiscount1":0.80,"perceDiscount2":9.10,"numMeasure":556540.00,"codMeasure":"MEASURE_333","details":[{"idAction":5,"codProduct":"PRD_333","levProduct":1,"codDisplay":"DSP_333","codNode":"NODE_333","codDiv":"DIV_333","flgInclusion":true,"articles":[{"idAction":5,"codProduct":"PRD_333","levProduct":1,"codDisplay":"DSP_333","codDiv":"DIV_333","codNode":"NODE_333","codNode1":"PPP","codNode2":"LLL","codNodeN":"MMM"}]}],"measureFields":[]},{"idAction":5,"codProduct":"PRD_5","levProduct":5,"codDisplay":"DSP_5","codDiv":"DIV_5","qtyEstimated":2500.00,"perceDiscount1":6.70,"perceDiscount2":8.90,"numMeasure":0.00,"codMeasure":"MEASURE_5","details":[{"idAction":5,"codProduct":"PRD_5","levProduct":5,"codDisplay":"DSP_5","codNode":"NODE_5","codDiv":"DIV_5","flgInclusion":true,"articles":[{"idAction":5,"codProduct":"PRD_5","levProduct":5,"codDisplay":"DSP_5","codDiv":"DIV_5","codNode":"NODE_5","codNode1":"RRR","codNode2":"TTT","codNodeN":"YYY"}]}],"measureFields":[]},{"idAction":10,"codProduct":"PRD_10","levProduct":10,"codDisplay":"DSP_10","codDiv":"DIV_10","qtyEstimated":5000.00,"perceDiscount1":0.70,"perceDiscount2":9.80,"numMeasure":0.00,"codMeasure":"MEASURE_10","details":[{"idAction":10,"codProduct":"PRD_10","levProduct":10,"codDisplay":"DSP_10","codNode":"NODE_10","codDiv":"DIV_10","flgInclusion":true,"articles":[{"idAction":10,"codProduct":"PRD_10","levProduct":10,"codDisplay":"DSP_10","codDiv":"DIV_10","codNode":"NODE_10","codNode1":"QQQ","codNode2":"WWW","codNodeN":"EEE"}]}],"measureFields":[]},{"idAction":10,"codProduct":"PROD-5555","levProduct":1,"codDisplay":"DISP-5555","codDiv":"DIV-5555","qtyEstimated":500.00,"perceDiscount1":0.80,"perceDiscount2":0.10,"numMeasure":5555.00,"codMeasure":"measure_55555","details":[{"idAction":10,"codProduct":"PROD-5555","levProduct":1,"codDisplay":"DISP-5555","codNode":"NODE-5555","codDiv":"DIV-5555","flgInclusion":true,"articles":[{"idAction":10,"codProduct":"PROD-5555","levProduct":1,"codDisplay":"DISP-5555","codDiv":"DIV-5555","codNode":"NODE-5555","codNode1":null,"codNode2":null,"codNodeN":null}]}],"measureFields":[]},{"idAction":10,"codProduct":"PROD-8888","levProduct":1,"codDisplay":"DISP-8888","codDiv":"DIV-8888","qtyEstimated":2000.00,"perceDiscount1":0.00,"perceDiscount2":0.00,"numMeasure":0.00,"codMeasure":null,"details":[{"idAction":10,"codProduct":"PROD-8888","levProduct":1,"codDisplay":"DISP-8888","codNode":"NODE-8888","codDiv":"DIV-8888","flgInclusion":true,"articles":[{"idAction":10,"codProduct":"PROD-8888","levProduct":1,"codDisplay":"DISP-8888","codDiv":"DIV-8888","codNode":"NODE-8888","codNode1":"A1","codNode2":null,"codNodeN":null}]}],"measureFields":[]},{"idAction":1111,"codProduct":"PRD_1","levProduct":1,"codDisplay":"DIV_1","codDiv":"DIV_1","qtyEstimated":78.00,"perceDiscount1":6.00,"perceDiscount2":8.00,"numMeasure":78788.00,"codMeasure":"1","details":[],"measureFields":[]},{"idAction":1111,"codProduct":"PRD_1","levProduct":1,"codDisplay":"DSP_1","codDiv":"DIV_1","qtyEstimated":11.00,"perceDiscount1":9.80,"perceDiscount2":6.70,"numMeasure":11.00,"codMeasure":"MEASURE_1","details":[{"idAction":1111,"codProduct":"PRD_1","levProduct":1,"codDisplay":"DSP_1","codNode":"NODE_1","codDiv":"DIV_1","flgInclusion":true,"articles":[{"idAction":1111,"codProduct":"PRD_1","levProduct":1,"codDisplay":"DSP_1","codDiv":"DIV_1","codNode":"NODE_1","codNode1":"NN","codNode2":"MM","codNodeN":"ZZ"}]}],"measureFields":[]},{"idAction":1111,"codProduct":"PRD_1111","levProduct":11,"codDisplay":"DSP_1111","codDiv":"DIV_1111","qtyEstimated":6756.00,"perceDiscount1":9.81,"perceDiscount2":8.90,"numMeasure":0.00,"codMeasure":"MEASURE_1111","details":[{"idAction":1111,"codProduct":"PRD_1111","levProduct":11,"codDisplay":"DSP_1111","codNode":"NODE_1111","codDiv":"DIV_1111","flgInclusion":true,"articles":[{"idAction":1111,"codProduct":"PRD_1111","levProduct":11,"codDisplay":"DSP_1111","codDiv":"DIV_1111","codNode":"NODE_1111","codNode1":"CCCCCC","codNode2":"AAAAAAA","codNodeN":"BBBBBBBB"}]}],"measureFields":[]},{"idAction":1111,"codProduct":"PRD_24","levProduct":1,"codDisplay":"DS-_24","codDiv":"DIV_24","qtyEstimated":345.00,"perceDiscount1":0.50,"perceDiscount2":0.90,"numMeasure":8.00,"codMeasure":"MEASURE_24","details":[],"measureFields":[]},{"idAction":1111,"codProduct":"PRD_44","levProduct":1,"codDisplay":"DSP_44","codDiv":"DIC_44","qtyEstimated":44.00,"perceDiscount1":0.10,"perceDiscount2":0.50,"numMeasure":76.00,"codMeasure":"MEASURE_44","details":[],"measureFields":[]},{"idAction":1111,"codProduct":"PRD_765","levProduct":1,"codDisplay":"DSP_567","codDiv":"DIV_765","qtyEstimated":5.60,"perceDiscount1":0.50,"perceDiscount2":0.40,"numMeasure":999.00,"codMeasure":"765","details":[],"measureFields":[]},{"idAction":1111,"codProduct":"PROD-1111","levProduct":1,"codDisplay":"DISP-1111","codDiv":"DIV-1111","qtyEstimated":0.00,"perceDiscount1":0.00,"perceDiscount2":0.00,"numMeasure":1.00,"codMeasure":"EA","details":[{"idAction":1111,"codProduct":"PROD-1111","levProduct":1,"codDisplay":"DISP-1111","codNode":"ddd","codDiv":"DIV5005","flgInclusion":true,"articles":[]}],"measureFields":[]},{"idAction":1111,"codProduct":"PROD-2323","levProduct":1,"codDisplay":"DSP-2323","codDiv":"D-2322","qtyEstimated":2340.00,"perceDiscount1":0.40,"perceDiscount2":45.00,"numMeasure":0.00,"codMeasure":"PALLET","details":[{"idAction":1111,"codProduct":"PROD-2323","levProduct":1,"codDisplay":"DSP-2323","codNode":"NODE-2323","codDiv":"D-2323","flgInclusion":true,"articles":[{"idAction":1111,"codProduct":"PROD-2323","levProduct":1,"codDisplay":"DSP-2323","codDiv":"D-2323","codNode":"NODE-2323","codNode1":"A1-2323","codNode2":"A2-2323","codNodeN":"AN-2323"}]}],"measureFields":[]},{"idAction":2020,"codProduct":"PRD_1","levProduct":1,"codDisplay":"DIV_1","codDiv":"DIV_1","qtyEstimated":78.00,"perceDiscount1":6.00,"perceDiscount2":8.00,"numMeasure":78788.00,"codMeasure":"1","details":[],"measureFields":[]},{"idAction":2020,"codProduct":"PRD_24","levProduct":1,"codDisplay":"DS-_24","codDiv":"DIV_24","qtyEstimated":345.00,"perceDiscount1":0.50,"perceDiscount2":0.90,"numMeasure":8.00,"codMeasure":"MEASURE_24","details":[],"measureFields":[]},{"idAction":2020,"codProduct":"PRD_44","levProduct":1,"codDisplay":"DSP_44","codDiv":"DIC_44","qtyEstimated":44.00,"perceDiscount1":0.10,"perceDiscount2":0.50,"numMeasure":76.00,"codMeasure":"MEASURE_44","details":[],"measureFields":[]},{"idAction":2020,"codProduct":"PRD_765","levProduct":0,"codDisplay":"DSP_765","codDiv":"DIV_765","qtyEstimated":234.00,"perceDiscount1":0.50,"perceDiscount2":0.56,"numMeasure":765.00,"codMeasure":"MEASURE_765","details":[],"measureFields":[]},{"idAction":2020,"codProduct":"PRD_765","levProduct":0,"codDisplay":"DSP-765","codDiv":"DIV_765","qtyEstimated":345.00,"perceDiscount1":3.55,"perceDiscount2":67.00,"numMeasure":765.00,"codMeasure":"MEASURE_765","details":[],"measureFields":[]},{"idAction":2020,"codProduct":"PRD-2020","levProduct":1,"codDisplay":"DSP-2020","codDiv":"D-2020","qtyEstimated":2000.00,"perceDiscount1":11.00,"perceDiscount2":23.00,"numMeasure":0.00,"codMeasure":"BOX","details":[{"idAction":2020,"codProduct":"PRD-2020","levProduct":1,"codDisplay":"DSP-2020","codNode":"NODE-2020","codDiv":"D-2020","flgInclusion":true,"articles":[{"idAction":2020,"codProduct":"PRD-2020","levProduct":1,"codDisplay":"DSP-2020","codDiv":"D-2020","codNode":"NODE-2020","codNode1":"A1-2020","codNode2":"A2-2020","codNodeN":"AN-2020"}]}],"measureFields":[]},{"idAction":2323,"codProduct":"PRD_08","levProduct":0,"codDisplay":"DSP_08","codDiv":"DIV_08","qtyEstimated":11.00,"perceDiscount1":22.00,"perceDiscount2":2.00,"numMeasure":2.00,"codMeasure":"08","details":[],"measureFields":[]},{"idAction":2323,"codProduct":"PRD_1","levProduct":1,"codDisplay":"DIV_1","codDiv":"DIV_1","qtyEstimated":78.00,"perceDiscount1":6.00,"perceDiscount2":8.00,"numMeasure":78788.00,"codMeasure":"1","details":[],"measureFields":[]},{"idAction":2323,"codProduct":"PRD_23","levProduct":0,"codDisplay":"DSP_23","codDiv":"DIV_23","qtyEstimated":28.00,"perceDiscount1":7.00,"perceDiscount2":2.00,"numMeasure":7.00,"codMeasure":"MEASURE_23","details":[],"measureFields":[]},{"idAction":2323,"codProduct":"PRD_24","levProduct":1,"codDisplay":"DS-_24","codDiv":"DIV_24","qtyEstimated":345.00,"perceDiscount1":0.50,"perceDiscount2":0.90,"numMeasure":8.00,"codMeasure":"MEASURE_24","details":[],"measureFields":[]},{"idAction":2323,"codProduct":"PRD_34","levProduct":1,"codDisplay":"DSP_34","codDiv":"DIV_34","qtyEstimated":2345.00,"perceDiscount1":0.60,"perceDiscount2":8.87,"numMeasure":34.00,"codMeasure":"MEASURE_34","details":[],"measureFields":[]},{"idAction":2323,"codProduct":"PRD_44","levProduct":1,"codDisplay":"DSP_44","codDiv":"DIC_44","qtyEstimated":44.00,"perceDiscount1":0.10,"perceDiscount2":0.50,"numMeasure":76.00,"codMeasure":"MEASURE_44","details":[],"measureFields":[]},{"idAction":2323,"codProduct":"PRD_55","levProduct":1,"codDisplay":"DSP_55","codDiv":"DIV_55","qtyEstimated":66.00,"perceDiscount1":0.50,"perceDiscount2":0.10,"numMeasure":34.00,"codMeasure":"55","details":[],"measureFields":[]},{"idAction":2323,"codProduct":"PRD_765","levProduct":0,"codDisplay":"DSP_567","codDiv":"DIV_765","qtyEstimated":5.60,"perceDiscount1":0.50,"perceDiscount2":0.40,"numMeasure":999.00,"codMeasure":"765","details":[],"measureFields":[]},{"idAction":2323,"codProduct":"PROD-2323","levProduct":1,"codDisplay":"DSP-2323","codDiv":"D-2322","qtyEstimated":2340.00,"perceDiscount1":0.40,"perceDiscount2":45.00,"numMeasure":0.00,"codMeasure":"PALLET","details":[{"idAction":2323,"codProduct":"PROD-2323","levProduct":1,"codDisplay":"DSP-2323","codNode":"NODE-2323","codDiv":"D-2323","flgInclusion":true,"articles":[{"idAction":2323,"codProduct":"PROD-2323","levProduct":1,"codDisplay":"DSP-2323","codDiv":"D-2323","codNode":"NODE-2323","codNode1":"A1-2323","codNode2":"A2-2323","codNodeN":"AN-2323"}]}],"measureFields":[]},{"idAction":5005,"codProduct":"PROD-1111","levProduct":1,"codDisplay":"DISP-1111","codDiv":"DIV-1111","qtyEstimated":0.00,"perceDiscount1":0.00,"perceDiscount2":0.00,"numMeasure":1.00,"codMeasure":"EA","details":[{"idAction":5005,"codProduct":"PROD-1111","levProduct":1,"codDisplay":"DISP-1111","codNode":"ddd","codDiv":"DIV5005","flgInclusion":true,"articles":[]}],"measureFields":[]},{"idAction":6000,"codProduct":"PRD_6666","levProduct":1,"codDisplay":"DSP_6666","codDiv":"DIV_6666","qtyEstimated":14.00,"perceDiscount1":0.80,"perceDiscount2":8.90,"numMeasure":654.00,"codMeasure":"MEASURE_6666","details":[],"measureFields":[]},{"idAction":6000,"codProduct":"PRD_99","levProduct":1,"codDisplay":"DSP_99","codDiv":"DIV_99","qtyEstimated":456.00,"perceDiscount1":9.80,"perceDiscount2":7.70,"numMeasure":999.00,"codMeasure":"MEASURE_99","details":[{"idAction":6000,"codProduct":"PRD_99","levProduct":1,"codDisplay":"DSP_99","codNode":"NODE_99","codDiv":"DIV_99","flgInclusion":true,"articles":[{"idAction":6000,"codProduct":"PRD_99","levProduct":1,"codDisplay":"DSP_99","codDiv":"DIV_99","codNode":"NODE_99","codNode1":"HBKK","codNode2":"KHNKH","codNodeN":"IYGFTUFTY"}]}],"measureFields":[]},{"idAction":6000,"codProduct":"PROD-6000","levProduct":1,"codDisplay":"DISP-6000","codDiv":"DIV-6000","qtyEstimated":100.00,"perceDiscount1":15.00,"perceDiscount2":0.00,"numMeasure":1.00,"codMeasure":"UNIT","details":[{"idAction":6000,"codProduct":"PROD-6000","levProduct":1,"codDisplay":"DISP-6000","codNode":"DET-6000","codDiv":"DIV-6000","flgInclusion":true,"articles":[{"idAction":6000,"codProduct":"PROD-6000","levProduct":1,"codDisplay":"DISP-6000","codDiv":"DIV-6000","codNode":"DET-6000","codNode1":"SKU-6001","codNode2":"V-GOLD","codNodeN":"SIZE-XL"}]}],"measureFields":[]},{"idAction":6767,"codProduct":"PRD_7777","levProduct":1,"codDisplay":"DSP_7777","codDiv":"DIV_7777","qtyEstimated":3423.00,"perceDiscount1":9.80,"perceDiscount2":5.60,"numMeasure":3432.00,"codMeasure":"MEASURE_7777","details":[{"idAction":6767,"codProduct":"PRD_7777","levProduct":1,"codDisplay":"DSP_7777","codNode":"NODE_7777","codDiv":"DIV_7777","flgInclusion":true,"articles":[{"idAction":6767,"codProduct":"PRD_7777","levProduct":1,"codDisplay":"DSP_7777","codDiv":"DIV_7777","codNode":"NODE_7777","codNode1":"ABC","codNode2":"DEF","codNodeN":"HBJ"}]}],"measureFields":[]},{"idAction":6767,"codProduct":"PROD-6767","levProduct":1,"codDisplay":"DSP-6767","codDiv":"DIV-6767","qtyEstimated":5000.00,"perceDiscount1":23.50,"perceDiscount2":45.60,"numMeasure":0.00,"codMeasure":"PALLET","details":[{"idAction":6767,"codProduct":"PROD-6767","levProduct":1,"codDisplay":"DSP-6767","codNode":"NODE-6767","codDiv":"DIV-6767","flgInclusion":true,"articles":[{"idAction":6767,"codProduct":"PROD-6767","levProduct":1,"codDisplay":"DSP-6767","codDiv":"DIV-6767","codNode":"NODE-6767","codNode1":"A1-6767","codNode2":"A2-6767","codNodeN":"AN-6767"}]}],"measureFields":[]},{"idAction":7000,"codProduct":"PROD-7000","levProduct":1,"codDisplay":"DISP-7000","codDiv":"DIV-7000","qtyEstimated":500.00,"perceDiscount1":null,"perceDiscount2":null,"numMeasure":null,"codMeasure":null,"details":[],"measureFields":[]},{"idAction":8888,"codProduct":"PROD-5555","levProduct":1,"codDisplay":"DISP-5555","codDiv":"DIV-5555","qtyEstimated":500.00,"perceDiscount1":0.00,"perceDiscount2":0.00,"numMeasure":0.00,"codMeasure":null,"details":[{"idAction":8888,"codProduct":"PROD-5555","levProduct":1,"codDisplay":"DISP-5555","codNode":"NODE-5555","codDiv":"DIV-5555","flgInclusion":true,"articles":[{"idAction":8888,"codProduct":"PROD-5555","levProduct":1,"codDisplay":"DISP-5555","codDiv":"DIV-5555","codNode":"NODE-5555","codNode1":null,"codNode2":null,"codNodeN":null}]}],"measureFields":[]},{"idAction":8888,"codProduct":"PROD-8888","levProduct":1,"codDisplay":"DISP-8888","codDiv":"DIV-8888","qtyEstimated":2000.00,"perceDiscount1":null,"perceDiscount2":null,"numMeasure":null,"codMeasure":null,"details":[{"idAction":8888,"codProduct":"PROD-8888","levProduct":1,"codDisplay":"DISP-8888","codNode":"NODE-8888","codDiv":"DIV-8888","flgInclusion":true,"articles":[{"idAction":8888,"codProduct":"PROD-8888","levProduct":1,"codDisplay":"DISP-8888","codDiv":"DIV-8888","codNode":"NODE-8888","codNode1":"A1","codNode2":null,"codNodeN":null}]}],"measureFields":[]},{"idAction":9000,"codProduct":"PROD-9000","levProduct":1,"codDisplay":"DISP-9000","codDiv":"DIV-9000","qtyEstimated":2000.00,"perceDiscount1":null,"perceDiscount2":null,"numMeasure":null,"codMeasure":null,"details":[{"idAction":9000,"codProduct":"PROD-9000","levProduct":1,"codDisplay":"DISP-9000","codNode":"NODE-9000","codDiv":"DIV-9000","flgInclusion":true,"articles":[{"idAction":9000,"codProduct":"PROD-9000","levProduct":1,"codDisplay":"DISP-9000","codDiv":"DIV-9000","codNode":"NODE-9000","codNode1":"A1","codNode2":null,"codNodeN":null}]}],"measureFields":[]},{"idAction":9999,"codProduct":"PROD-9999","levProduct":1,"codDisplay":"DISP-9999","codDiv":"DIV-9999","qtyEstimated":777.00,"perceDiscount1":null,"perceDiscount2":null,"numMeasure":null,"codMeasure":null,"details":[{"idAction":9999,"codProduct":"PROD-9999","levProduct":1,"codDisplay":"DISP-9999","codNode":"NODE-9999","codDiv":"DIV-9999","flgInclusion":true,"articles":[{"idAction":9999,"codProduct":"PROD-9999","levProduct":1,"codDisplay":"DISP-9999","codDiv":"DIV-9999","codNode":"NODE-9999","codNode1":"ERR","codNode2":null,"codNodeN":null}]}],"measureFields":[]}]
2026-01-29 10:55:15.168 +05:00 [INF] HTTP GET /api/promotions/products responded 200 in 45.6942 ms
2026-01-29 10:55:15.264 +05:00 [INF] HTTP GET /api/promotions/products responded 200 in 17.8325 ms | User: Talha (N/A) | IP: ::1 | RequestBody:  | ResponseBody: [{"idAction":3,"codProduct":"PRD_3","levProduct":3,"codDisplay":"DSP_3","codDiv":"DIV_3","qtyEstimated":3450.00,"perceDiscount1":0.50,"perceDiscount2":9.00,"numMeasure":0.00,"codMeasure":"MEASURE_3","details":[{"idAction":3,"codProduct":"PRD_3","levProduct":3,"codDisplay":"DSP_3","codNode":"NODE_3","codDiv":"DIV_3","flgInclusion":true,"articles":[{"idAction":3,"codProduct":"PRD_3","levProduct":3,"codDisplay":"DSP_3","codDiv":"DIV_3","codNode":"NODE_3","codNode1":"AAA","codNode2":"BBB","codNodeN":"CCC"}]}],"measureFields":[]},{"idAction":3,"codProduct":"prd_33","levProduct":1,"codDisplay":"dsp_33","codDiv":"div_33","qtyEstimated":4000.00,"perceDiscount1":0.40,"perceDiscount2":0.90,"numMeasure":339.00,"codMeasure":"measure_33","details":[{"idAction":3,"codProduct":"prd_33","levProduct":1,"codDisplay":"dsp_33","codNode":"node_33","codDiv":"div_33","flgInclusion":true,"articles":[{"idAction":3,"codProduct":"prd_33","levProduct":1,"codDisplay":"dsp_33","codDiv":"div_33","codNode":"node_33","codNode1":"ddd","codNode2":"fff","codNodeN":"ggg"}]}],"measureFields":[]},{"idAction":3,"codProduct":"PROD-9000","levProduct":1,"codDisplay":"DISP-9000","codDiv":"DIV-9000","qtyEstimated":2000.00,"perceDiscount1":0.60,"perceDiscount2":0.90,"numMeasure":66.00,"codMeasure":"measure_9000","details":[{"idAction":3,"codProduct":"PROD-9000","levProduct":1,"codDisplay":"DISP-9000","codNode":"NODE-9000","codDiv":"DIV-9000","flgInclusion":true,"articles":[{"idAction":3,"codProduct":"PROD-9000","levProduct":1,"codDisplay":"DISP-9000","codDiv":"DIV-9000","codNode":"NODE-9000","codNode1":"A1","codNode2":null,"codNodeN":null}]}],"measureFields":[]},{"idAction":5,"codProduct":"PRD_3","levProduct":1,"codDisplay":"DSP_3","codDiv":"DIV_3","qtyEstimated":3450.00,"perceDiscount1":0.50,"perceDiscount2":9.00,"numMeasure":0.00,"codMeasure":"MEASURE_3","details":[{"idAction":5,"codProduct":"PRD_3","levProduct":1,"codDisplay":"DSP_3","codNode":"NODE_3","codDiv":"DIV_3","flgInclusion":true,"articles":[{"idAction":5,"codProduct":"PRD_3","levProduct":1,"codDisplay":"DSP_3","codDiv":"DIV_3","codNode":"NODE_3","codNode1":"AAA","codNode2":"BBB","codNodeN":"CCC"}]}],"measureFields":[]},{"idAction":5,"codProduct":"prd_33","levProduct":1,"codDisplay":"dsp_33","codDiv":"div_33","qtyEstimated":4000.00,"perceDiscount1":0.40,"perceDiscount2":0.90,"numMeasure":339.00,"codMeasure":"measure_33","details":[{"idAction":5,"codProduct":"prd_33","levProduct":1,"codDisplay":"dsp_33","codNode":"node_33","codDiv":"div_33","flgInclusion":true,"articles":[{"idAction":5,"codProduct":"prd_33","levProduct":1,"codDisplay":"dsp_33","codDiv":"div_33","codNode":"node_33","codNode1":"ddd","codNode2":"fff","codNodeN":"ggg"}]}],"measureFields":[]},{"idAction":5,"codProduct":"PRD_333","levProduct":1,"codDisplay":"DSP_333","codDiv":"DIV_333","qtyEstimated":4500.00,"perceDiscount1":0.80,"perceDiscount2":9.10,"numMeasure":556540.00,"codMeasure":"MEASURE_333","details":[{"idAction":5,"codProduct":"PRD_333","levProduct":1,"codDisplay":"DSP_333","codNode":"NODE_333","codDiv":"DIV_333","flgInclusion":true,"articles":[{"idAction":5,"codProduct":"PRD_333","levProduct":1,"codDisplay":"DSP_333","codDiv":"DIV_333","codNode":"NODE_333","codNode1":"PPP","codNode2":"LLL","codNodeN":"MMM"}]}],"measureFields":[]},{"idAction":5,"codProduct":"PRD_5","levProduct":5,"codDisplay":"DSP_5","codDiv":"DIV_5","qtyEstimated":2500.00,"perceDiscount1":6.70,"perceDiscount2":8.90,"numMeasure":0.00,"codMeasure":"MEASURE_5","details":[{"idAction":5,"codProduct":"PRD_5","levProduct":5,"codDisplay":"DSP_5","codNode":"NODE_5","codDiv":"DIV_5","flgInclusion":true,"articles":[{"idAction":5,"codProduct":"PRD_5","levProduct":5,"codDisplay":"DSP_5","codDiv":"DIV_5","codNode":"NODE_5","codNode1":"RRR","codNode2":"TTT","codNodeN":"YYY"}]}],"measureFields":[]},{"idAction":10,"codProduct":"PRD_10","levProduct":10,"codDisplay":"DSP_10","codDiv":"DIV_10","qtyEstimated":5000.00,"perceDiscount1":0.70,"perceDiscount2":9.80,"numMeasure":0.00,"codMeasure":"MEASURE_10","details":[{"idAction":10,"codProduct":"PRD_10","levProduct":10,"codDisplay":"DSP_10","codNode":"NODE_10","codDiv":"DIV_10","flgInclusion":true,"articles":[{"idAction":10,"codProduct":"PRD_10","levProduct":10,"codDisplay":"DSP_10","codDiv":"DIV_10","codNode":"NODE_10","codNode1":"QQQ","codNode2":"WWW","codNodeN":"EEE"}]}],"measureFields":[]},{"idAction":10,"codProduct":"PROD-5555","levProduct":1,"codDisplay":"DISP-5555","codDiv":"DIV-5555","qtyEstimated":500.00,"perceDiscount1":0.80,"perceDiscount2":0.10,"numMeasure":5555.00,"codMeasure":"measure_55555","details":[{"idAction":10,"codProduct":"PROD-5555","levProduct":1,"codDisplay":"DISP-5555","codNode":"NODE-5555","codDiv":"DIV-5555","flgInclusion":true,"articles":[{"idAction":10,"codProduct":"PROD-5555","levProduct":1,"codDisplay":"DISP-5555","codDiv":"DIV-5555","codNode":"NODE-5555","codNode1":null,"codNode2":null,"codNodeN":null}]}],"measureFields":[]},{"idAction":10,"codProduct":"PROD-8888","levProduct":1,"codDisplay":"DISP-8888","codDiv":"DIV-8888","qtyEstimated":2000.00,"perceDiscount1":0.00,"perceDiscount2":0.00,"numMeasure":0.00,"codMeasure":null,"details":[{"idAction":10,"codProduct":"PROD-8888","levProduct":1,"codDisplay":"DISP-8888","codNode":"NODE-8888","codDiv":"DIV-8888","flgInclusion":true,"articles":[{"idAction":10,"codProduct":"PROD-8888","levProduct":1,"codDisplay":"DISP-8888","codDiv":"DIV-8888","codNode":"NODE-8888","codNode1":"A1","codNode2":null,"codNodeN":null}]}],"measureFields":[]},{"idAction":1111,"codProduct":"PRD_1","levProduct":1,"codDisplay":"DIV_1","codDiv":"DIV_1","qtyEstimated":78.00,"perceDiscount1":6.00,"perceDiscount2":8.00,"numMeasure":78788.00,"codMeasure":"1","details":[],"measureFields":[]},{"idAction":1111,"codProduct":"PRD_1","levProduct":1,"codDisplay":"DSP_1","codDiv":"DIV_1","qtyEstimated":11.00,"perceDiscount1":9.80,"perceDiscount2":6.70,"numMeasure":11.00,"codMeasure":"MEASURE_1","details":[{"idAction":1111,"codProduct":"PRD_1","levProduct":1,"codDisplay":"DSP_1","codNode":"NODE_1","codDiv":"DIV_1","flgInclusion":true,"articles":[{"idAction":1111,"codProduct":"PRD_1","levProduct":1,"codDisplay":"DSP_1","codDiv":"DIV_1","codNode":"NODE_1","codNode1":"NN","codNode2":"MM","codNodeN":"ZZ"}]}],"measureFields":[]},{"idAction":1111,"codProduct":"PRD_1111","levProduct":11,"codDisplay":"DSP_1111","codDiv":"DIV_1111","qtyEstimated":6756.00,"perceDiscount1":9.81,"perceDiscount2":8.90,"numMeasure":0.00,"codMeasure":"MEASURE_1111","details":[{"idAction":1111,"codProduct":"PRD_1111","levProduct":11,"codDisplay":"DSP_1111","codNode":"NODE_1111","codDiv":"DIV_1111","flgInclusion":true,"articles":[{"idAction":1111,"codProduct":"PRD_1111","levProduct":11,"codDisplay":"DSP_1111","codDiv":"DIV_1111","codNode":"NODE_1111","codNode1":"CCCCCC","codNode2":"AAAAAAA","codNodeN":"BBBBBBBB"}]}],"measureFields":[]},{"idAction":1111,"codProduct":"PRD_24","levProduct":1,"codDisplay":"DS-_24","codDiv":"DIV_24","qtyEstimated":345.00,"perceDiscount1":0.50,"perceDiscount2":0.90,"numMeasure":8.00,"codMeasure":"MEASURE_24","details":[],"measureFields":[]},{"idAction":1111,"codProduct":"PRD_44","levProduct":1,"codDisplay":"DSP_44","codDiv":"DIC_44","qtyEstimated":44.00,"perceDiscount1":0.10,"perceDiscount2":0.50,"numMeasure":76.00,"codMeasure":"MEASURE_44","details":[],"measureFields":[]},{"idAction":1111,"codProduct":"PRD_765","levProduct":1,"codDisplay":"DSP_567","codDiv":"DIV_765","qtyEstimated":5.60,"perceDiscount1":0.50,"perceDiscount2":0.40,"numMeasure":999.00,"codMeasure":"765","details":[],"measureFields":[]},{"idAction":1111,"codProduct":"PROD-1111","levProduct":1,"codDisplay":"DISP-1111","codDiv":"DIV-1111","qtyEstimated":0.00,"perceDiscount1":0.00,"perceDiscount2":0.00,"numMeasure":1.00,"codMeasure":"EA","details":[{"idAction":1111,"codProduct":"PROD-1111","levProduct":1,"codDisplay":"DISP-1111","codNode":"ddd","codDiv":"DIV5005","flgInclusion":true,"articles":[]}],"measureFields":[]},{"idAction":1111,"codProduct":"PROD-2323","levProduct":1,"codDisplay":"DSP-2323","codDiv":"D-2322","qtyEstimated":2340.00,"perceDiscount1":0.40,"perceDiscount2":45.00,"numMeasure":0.00,"codMeasure":"PALLET","details":[{"idAction":1111,"codProduct":"PROD-2323","levProduct":1,"codDisplay":"DSP-2323","codNode":"NODE-2323","codDiv":"D-2323","flgInclusion":true,"articles":[{"idAction":1111,"codProduct":"PROD-2323","levProduct":1,"codDisplay":"DSP-2323","codDiv":"D-2323","codNode":"NODE-2323","codNode1":"A1-2323","codNode2":"A2-2323","codNodeN":"AN-2323"}]}],"measureFields":[]},{"idAction":2020,"codProduct":"PRD_1","levProduct":1,"codDisplay":"DIV_1","codDiv":"DIV_1","qtyEstimated":78.00,"perceDiscount1":6.00,"perceDiscount2":8.00,"numMeasure":78788.00,"codMeasure":"1","details":[],"measureFields":[]},{"idAction":2020,"codProduct":"PRD_24","levProduct":1,"codDisplay":"DS-_24","codDiv":"DIV_24","qtyEstimated":345.00,"perceDiscount1":0.50,"perceDiscount2":0.90,"numMeasure":8.00,"codMeasure":"MEASURE_24","details":[],"measureFields":[]},{"idAction":2020,"codProduct":"PRD_44","levProduct":1,"codDisplay":"DSP_44","codDiv":"DIC_44","qtyEstimated":44.00,"perceDiscount1":0.10,"perceDiscount2":0.50,"numMeasure":76.00,"codMeasure":"MEASURE_44","details":[],"measureFields":[]},{"idAction":2020,"codProduct":"PRD_765","levProduct":0,"codDisplay":"DSP_765","codDiv":"DIV_765","qtyEstimated":234.00,"perceDiscount1":0.50,"perceDiscount2":0.56,"numMeasure":765.00,"codMeasure":"MEASURE_765","details":[],"measureFields":[]},{"idAction":2020,"codProduct":"PRD_765","levProduct":0,"codDisplay":"DSP-765","codDiv":"DIV_765","qtyEstimated":345.00,"perceDiscount1":3.55,"perceDiscount2":67.00,"numMeasure":765.00,"codMeasure":"MEASURE_765","details":[],"measureFields":[]},{"idAction":2020,"codProduct":"PRD-2020","levProduct":1,"codDisplay":"DSP-2020","codDiv":"D-2020","qtyEstimated":2000.00,"perceDiscount1":11.00,"perceDiscount2":23.00,"numMeasure":0.00,"codMeasure":"BOX","details":[{"idAction":2020,"codProduct":"PRD-2020","levProduct":1,"codDisplay":"DSP-2020","codNode":"NODE-2020","codDiv":"D-2020","flgInclusion":true,"articles":[{"idAction":2020,"codProduct":"PRD-2020","levProduct":1,"codDisplay":"DSP-2020","codDiv":"D-2020","codNode":"NODE-2020","codNode1":"A1-2020","codNode2":"A2-2020","codNodeN":"AN-2020"}]}],"measureFields":[]},{"idAction":2323,"codProduct":"PRD_08","levProduct":0,"codDisplay":"DSP_08","codDiv":"DIV_08","qtyEstimated":11.00,"perceDiscount1":22.00,"perceDiscount2":2.00,"numMeasure":2.00,"codMeasure":"08","details":[],"measureFields":[]},{"idAction":2323,"codProduct":"PRD_1","levProduct":1,"codDisplay":"DIV_1","codDiv":"DIV_1","qtyEstimated":78.00,"perceDiscount1":6.00,"perceDiscount2":8.00,"numMeasure":78788.00,"codMeasure":"1","details":[],"measureFields":[]},{"idAction":2323,"codProduct":"PRD_23","levProduct":0,"codDisplay":"DSP_23","codDiv":"DIV_23","qtyEstimated":28.00,"perceDiscount1":7.00,"perceDiscount2":2.00,"numMeasure":7.00,"codMeasure":"MEASURE_23","details":[],"measureFields":[]},{"idAction":2323,"codProduct":"PRD_24","levProduct":1,"codDisplay":"DS-_24","codDiv":"DIV_24","qtyEstimated":345.00,"perceDiscount1":0.50,"perceDiscount2":0.90,"numMeasure":8.00,"codMeasure":"MEASURE_24","details":[],"measureFields":[]},{"idAction":2323,"codProduct":"PRD_34","levProduct":1,"codDisplay":"DSP_34","codDiv":"DIV_34","qtyEstimated":2345.00,"perceDiscount1":0.60,"perceDiscount2":8.87,"numMeasure":34.00,"codMeasure":"MEASURE_34","details":[],"measureFields":[]},{"idAction":2323,"codProduct":"PRD_44","levProduct":1,"codDisplay":"DSP_44","codDiv":"DIC_44","qtyEstimated":44.00,"perceDiscount1":0.10,"perceDiscount2":0.50,"numMeasure":76.00,"codMeasure":"MEASURE_44","details":[],"measureFields":[]},{"idAction":2323,"codProduct":"PRD_55","levProduct":1,"codDisplay":"DSP_55","codDiv":"DIV_55","qtyEstimated":66.00,"perceDiscount1":0.50,"perceDiscount2":0.10,"numMeasure":34.00,"codMeasure":"55","details":[],"measureFields":[]},{"idAction":2323,"codProduct":"PRD_765","levProduct":0,"codDisplay":"DSP_567","codDiv":"DIV_765","qtyEstimated":5.60,"perceDiscount1":0.50,"perceDiscount2":0.40,"numMeasure":999.00,"codMeasure":"765","details":[],"measureFields":[]},{"idAction":2323,"codProduct":"PROD-2323","levProduct":1,"codDisplay":"DSP-2323","codDiv":"D-2322","qtyEstimated":2340.00,"perceDiscount1":0.40,"perceDiscount2":45.00,"numMeasure":0.00,"codMeasure":"PALLET","details":[{"idAction":2323,"codProduct":"PROD-2323","levProduct":1,"codDisplay":"DSP-2323","codNode":"NODE-2323","codDiv":"D-2323","flgInclusion":true,"articles":[{"idAction":2323,"codProduct":"PROD-2323","levProduct":1,"codDisplay":"DSP-2323","codDiv":"D-2323","codNode":"NODE-2323","codNode1":"A1-2323","codNode2":"A2-2323","codNodeN":"AN-2323"}]}],"measureFields":[]},{"idAction":5005,"codProduct":"PROD-1111","levProduct":1,"codDisplay":"DISP-1111","codDiv":"DIV-1111","qtyEstimated":0.00,"perceDiscount1":0.00,"perceDiscount2":0.00,"numMeasure":1.00,"codMeasure":"EA","details":[{"idAction":5005,"codProduct":"PROD-1111","levProduct":1,"codDisplay":"DISP-1111","codNode":"ddd","codDiv":"DIV5005","flgInclusion":true,"articles":[]}],"measureFields":[]},{"idAction":6000,"codProduct":"PRD_6666","levProduct":1,"codDisplay":"DSP_6666","codDiv":"DIV_6666","qtyEstimated":14.00,"perceDiscount1":0.80,"perceDiscount2":8.90,"numMeasure":654.00,"codMeasure":"MEASURE_6666","details":[],"measureFields":[]},{"idAction":6000,"codProduct":"PRD_99","levProduct":1,"codDisplay":"DSP_99","codDiv":"DIV_99","qtyEstimated":456.00,"perceDiscount1":9.80,"perceDiscount2":7.70,"numMeasure":999.00,"codMeasure":"MEASURE_99","details":[{"idAction":6000,"codProduct":"PRD_99","levProduct":1,"codDisplay":"DSP_99","codNode":"NODE_99","codDiv":"DIV_99","flgInclusion":true,"articles":[{"idAction":6000,"codProduct":"PRD_99","levProduct":1,"codDisplay":"DSP_99","codDiv":"DIV_99","codNode":"NODE_99","codNode1":"HBKK","codNode2":"KHNKH","codNodeN":"IYGFTUFTY"}]}],"measureFields":[]},{"idAction":6000,"codProduct":"PROD-6000","levProduct":1,"codDisplay":"DISP-6000","codDiv":"DIV-6000","qtyEstimated":100.00,"perceDiscount1":15.00,"perceDiscount2":0.00,"numMeasure":1.00,"codMeasure":"UNIT","details":[{"idAction":6000,"codProduct":"PROD-6000","levProduct":1,"codDisplay":"DISP-6000","codNode":"DET-6000","codDiv":"DIV-6000","flgInclusion":true,"articles":[{"idAction":6000,"codProduct":"PROD-6000","levProduct":1,"codDisplay":"DISP-6000","codDiv":"DIV-6000","codNode":"DET-6000","codNode1":"SKU-6001","codNode2":"V-GOLD","codNodeN":"SIZE-XL"}]}],"measureFields":[]},{"idAction":6767,"codProduct":"PRD_7777","levProduct":1,"codDisplay":"DSP_7777","codDiv":"DIV_7777","qtyEstimated":3423.00,"perceDiscount1":9.80,"perceDiscount2":5.60,"numMeasure":3432.00,"codMeasure":"MEASURE_7777","details":[{"idAction":6767,"codProduct":"PRD_7777","levProduct":1,"codDisplay":"DSP_7777","codNode":"NODE_7777","codDiv":"DIV_7777","flgInclusion":true,"articles":[{"idAction":6767,"codProduct":"PRD_7777","levProduct":1,"codDisplay":"DSP_7777","codDiv":"DIV_7777","codNode":"NODE_7777","codNode1":"ABC","codNode2":"DEF","codNodeN":"HBJ"}]}],"measureFields":[]},{"idAction":6767,"codProduct":"PROD-6767","levProduct":1,"codDisplay":"DSP-6767","codDiv":"DIV-6767","qtyEstimated":5000.00,"perceDiscount1":23.50,"perceDiscount2":45.60,"numMeasure":0.00,"codMeasure":"PALLET","details":[{"idAction":6767,"codProduct":"PROD-6767","levProduct":1,"codDisplay":"DSP-6767","codNode":"NODE-6767","codDiv":"DIV-6767","flgInclusion":true,"articles":[{"idAction":6767,"codProduct":"PROD-6767","levProduct":1,"codDisplay":"DSP-6767","codDiv":"DIV-6767","codNode":"NODE-6767","codNode1":"A1-6767","codNode2":"A2-6767","codNodeN":"AN-6767"}]}],"measureFields":[]},{"idAction":7000,"codProduct":"PROD-7000","levProduct":1,"codDisplay":"DISP-7000","codDiv":"DIV-7000","qtyEstimated":500.00,"perceDiscount1":null,"perceDiscount2":null,"numMeasure":null,"codMeasure":null,"details":[],"measureFields":[]},{"idAction":8888,"codProduct":"PROD-5555","levProduct":1,"codDisplay":"DISP-5555","codDiv":"DIV-5555","qtyEstimated":500.00,"perceDiscount1":0.00,"perceDiscount2":0.00,"numMeasure":0.00,"codMeasure":null,"details":[{"idAction":8888,"codProduct":"PROD-5555","levProduct":1,"codDisplay":"DISP-5555","codNode":"NODE-5555","codDiv":"DIV-5555","flgInclusion":true,"articles":[{"idAction":8888,"codProduct":"PROD-5555","levProduct":1,"codDisplay":"DISP-5555","codDiv":"DIV-5555","codNode":"NODE-5555","codNode1":null,"codNode2":null,"codNodeN":null}]}],"measureFields":[]},{"idAction":8888,"codProduct":"PROD-8888","levProduct":1,"codDisplay":"DISP-8888","codDiv":"DIV-8888","qtyEstimated":2000.00,"perceDiscount1":null,"perceDiscount2":null,"numMeasure":null,"codMeasure":null,"details":[{"idAction":8888,"codProduct":"PROD-8888","levProduct":1,"codDisplay":"DISP-8888","codNode":"NODE-8888","codDiv":"DIV-8888","flgInclusion":true,"articles":[{"idAction":8888,"codProduct":"PROD-8888","levProduct":1,"codDisplay":"DISP-8888","codDiv":"DIV-8888","codNode":"NODE-8888","codNode1":"A1","codNode2":null,"codNodeN":null}]}],"measureFields":[]},{"idAction":9000,"codProduct":"PROD-9000","levProduct":1,"codDisplay":"DISP-9000","codDiv":"DIV-9000","qtyEstimated":2000.00,"perceDiscount1":null,"perceDiscount2":null,"numMeasure":null,"codMeasure":null,"details":[{"idAction":9000,"codProduct":"PROD-9000","levProduct":1,"codDisplay":"DISP-9000","codNode":"NODE-9000","codDiv":"DIV-9000","flgInclusion":true,"articles":[{"idAction":9000,"codProduct":"PROD-9000","levProduct":1,"codDisplay":"DISP-9000","codDiv":"DIV-9000","codNode":"NODE-9000","codNode1":"A1","codNode2":null,"codNodeN":null}]}],"measureFields":[]},{"idAction":9999,"codProduct":"PROD-9999","levProduct":1,"codDisplay":"DISP-9999","codDiv":"DIV-9999","qtyEstimated":777.00,"perceDiscount1":null,"perceDiscount2":null,"numMeasure":null,"codMeasure":null,"details":[{"idAction":9999,"codProduct":"PROD-9999","levProduct":1,"codDisplay":"DISP-9999","codNode":"NODE-9999","codDiv":"DIV-9999","flgInclusion":true,"articles":[{"idAction":9999,"codProduct":"PROD-9999","levProduct":1,"codDisplay":"DISP-9999","codDiv":"DIV-9999","codNode":"NODE-9999","codNode1":"ERR","codNode2":null,"codNodeN":null}]}],"measureFields":[]}]
2026-01-29 10:55:15.273 +05:00 [INF] HTTP GET /api/promotions/products responded 200 in 27.4863 ms
2026-01-29 10:55:27.385 +05:00 [INF] HTTP GET /api/promotions/customer-relations responded 200 in 8.6272 ms | User: Talha (N/A) | IP: ::1 | RequestBody:  | ResponseBody: [{"idAction":0,"codHier":"5555","codDiv":"div5555","codNode":"f5555","idLevel":1,"dteStart":"2026-01-15T00:00:00","codParentNode":"root","dteEnd":null},{"idAction":0,"codHier":"56","codDiv":"565","codNode":"56","idLevel":55,"dteStart":"2026-01-29T00:44:00","codParentNode":"haseeb","dteEnd":"2026-01-26T00:44:00"},{"idAction":0,"codHier":"H_10","codDiv":"DIV_10","codNode":"NODE_10","idLevel":10,"dteStart":"2026-01-01T14:45:00","codParentNode":"ROOT_10","dteEnd":"2026-01-31T14:44:00"},{"idAction":0,"codHier":"H_1111","codDiv":"DIV_1111","codNode":"NODE_1111","idLevel":11,"dteStart":"2026-01-01T17:00:00","codParentNode":"ROOT_1111","dteEnd":"2026-01-30T17:01:00"},{"idAction":0,"codHier":"H_3","codDiv":"DIV_3","codNode":"NODE_3","idLevel":3,"dteStart":"2026-01-01T10:45:00","codParentNode":"ROOT_3","dteEnd":"2026-01-30T10:44:00"},{"idAction":0,"codHier":"H_5","codDiv":"DIV_5","codNode":"NODE_5","idLevel":5,"dteStart":"2026-01-30T10:50:00","codParentNode":"ROOT_5","dteEnd":"2026-01-31T10:48:00"},{"idAction":0,"codHier":"H-1010","codDiv":"D-1010","codNode":"C-1010","idLevel":1,"dteStart":"2026-01-01T11:54:00","codParentNode":"root","dteEnd":"2026-01-12T11:54:00"},{"idAction":0,"codHier":"H-11","codDiv":"DIV-11","codNode":"C-11","idLevel":11,"dteStart":"2026-01-01T15:05:00","codParentNode":"ROOT","dteEnd":"2026-01-31T15:05:00"},{"idAction":0,"codHier":"H-1111","codDiv":"DIV-1111","codNode":"CUST-1111","idLevel":10,"dteStart":"2026-01-01T00:00:00","codParentNode":"ROOT","dteEnd":null},{"idAction":0,"codHier":"H-1414","codDiv":"D-1414","codNode":"C-1414","idLevel":4,"dteStart":"2026-01-01T14:45:00","codParentNode":"ROOT","dteEnd":"2026-01-15T14:45:00"},{"idAction":0,"codHier":"H-2","codDiv":"DIV-2","codNode":"CUST-2","idLevel":2,"dteStart":"2026-01-01T12:40:00","codParentNode":"ROOT","dteEnd":"2026-01-16T12:37:00"},{"idAction":0,"codHier":"H-2","codDiv":"DIV-2","codNode":"CUST-2","idLevel":2,"dteStart":"2026-01-21T12:37:00","codParentNode":"ROOT","dteEnd":"2026-01-24T12:37:00"},{"idAction":0,"codHier":"H-2020","codDiv":"D-2020","codNode":"C-2020","idLevel":2,"dteStart":"2026-01-02T12:27:00","codParentNode":"root","dteEnd":"2026-01-30T12:27:00"},{"idAction":0,"codHier":"H-2255","codDiv":"DIV-2255","codNode":"CUST-2255","idLevel":10,"dteStart":"2026-01-01T00:00:00","codParentNode":"ROOT","dteEnd":null},{"idAction":0,"codHier":"H-2323","codDiv":"D-2323","codNode":"C-2323","idLevel":4,"dteStart":"2026-01-01T12:48:00","codParentNode":"ROOT","dteEnd":"2026-01-12T12:49:00"},{"idAction":0,"codHier":"H-3333","codDiv":"DIV-3333","codNode":"CUST-3333","idLevel":10,"dteStart":"2026-01-01T00:00:00","codParentNode":"ROOT","dteEnd":null},{"idAction":0,"codHier":"H-3344","codDiv":"DIV-3345","codNode":"CUST-3345","idLevel":10,"dteStart":"2026-01-01T00:00:00","codParentNode":"ROOT","dteEnd":null},{"idAction":0,"codHier":"H-3345","codDiv":"DIV-3345","codNode":"CUST-3345","idLevel":10,"dteStart":"2026-01-01T00:00:00","codParentNode":"ROOT","dteEnd":null},{"idAction":0,"codHier":"H-4","codDiv":"DIV-4","codNode":"CUST-4","idLevel":4,"dteStart":"2026-01-01T14:44:00","codParentNode":"ROOT","dteEnd":"2026-01-02T14:44:00"},{"idAction":0,"codHier":"H-5555","codDiv":"DIV-5555","codNode":"CUST-5555","idLevel":10,"dteStart":"2026-01-01T00:00:00","codParentNode":"ROOT","dteEnd":null},{"idAction":0,"codHier":"H-6000","codDiv":"DIV-6000","codNode":"CUST-6000","idLevel":10,"dteStart":"2026-01-01T00:00:00","codParentNode":"ROOT","dteEnd":"2026-12-31T00:00:00"},{"idAction":0,"codHier":"H-6666","codDiv":"DIV-6666","codNode":"CUST-6666","idLevel":10,"dteStart":"2026-01-17T01:30:00","codParentNode":"ROOT","dteEnd":"2026-01-18T01:30:00"},{"idAction":0,"codHier":"H-6767","codDiv":"DIV-6767","codNode":"CUST-6767","idLevel":5,"dteStart":"2026-01-01T12:15:00","codParentNode":"ROOT","dteEnd":"2026-01-08T12:15:00"},{"idAction":0,"codHier":"H-7000","codDiv":"DIV-7000","codNode":"CUST-7000","idLevel":10,"dteStart":"2026-01-01T00:00:00","codParentNode":"ROOT","dteEnd":null},{"idAction":0,"codHier":"H-7777","codDiv":"DIV-7777","codNode":"CUST-7777","idLevel":10,"dteStart":"2026-01-01T00:00:00","codParentNode":"ROOT","dteEnd":null},{"idAction":0,"codHier":"H-7878","codDiv":"DIV-7878","codNode":"CUST-7878","idLevel":3,"dteStart":"2026-01-18T11:43:00","codParentNode":"ROOT","dteEnd":"2026-01-19T11:43:00"},{"idAction":0,"codHier":"H-8000","codDiv":"DIV-8000","codNode":"CUST-8000","idLevel":10,"dteStart":"2026-01-01T00:00:00","codParentNode":"ROOT","dteEnd":null},{"idAction":0,"codHier":"H-8888","codDiv":"DIV-8888","codNode":"CUST-8888","idLevel":10,"dteStart":"2026-01-01T00:00:00","codParentNode":"ROOT","dteEnd":null},{"idAction":0,"codHier":"H-9000","codDiv":"DIV-9000","codNode":"CUST-9000","idLevel":10,"dteStart":"2026-01-01T00:00:00","codParentNode":"ROOT","dteEnd":null},{"idAction":0,"codHier":"H-9999","codDiv":"DIV-9999","codNode":"CUST-9999","idLevel":10,"dteStart":"2026-01-01T00:00:00","codParentNode":"ROOT","dteEnd":null},{"idAction":0,"codHier":"HIER_CORP","codDiv":"DIV01","codNode":"NODE_9111","idLevel":1,"dteStart":"2026-01-15T00:00:00","codParentNode":"ROOT_NODE","dteEnd":null}]
2026-01-29 10:55:27.385 +05:00 [INF] HTTP GET /api/promotions/actions responded 200 in 7.6560 ms | User: Talha (N/A) | IP: ::1 | RequestBody:  | ResponseBody: [{"idAction":3,"name":"PROMO_3","codDiv":"DIV_3","dteStartSellIn":"2026-01-14T10:44:00","dteEndSellIn":"2026-01-15T10:45:00","dteStartSellOut":"2026-01-25T10:45:00","dteEndSellOut":"2026-01-30T10:45:00","documentKey":"KEY_3","dteToShost":"2026-01-10T10:44:00","levParticipants":3},{"idAction":5,"name":"PROMO_5","codDiv":"DIV_5","dteStartSellIn":"2026-02-24T10:49:00","dteEndSellIn":"2026-02-21T10:49:00","dteStartSellOut":"2026-02-24T10:49:00","dteEndSellOut":"2026-02-27T10:49:00","documentKey":"DOC_KEY_5","dteToShost":"2026-01-18T10:48:00","levParticipants":5},{"idAction":10,"name":"PROMO_10","codDiv":"DIV_10","dteStartSellIn":"2026-01-30T14:45:00","dteEndSellIn":"2026-01-31T14:45:00","dteStartSellOut":"2026-01-23T14:45:00","dteEndSellOut":"2026-01-24T14:45:00","documentKey":"DOCC_KEY_10","dteToShost":"2026-01-29T14:44:00","levParticipants":10},{"idAction":45,"name":"cccc","codDiv":"DIV01","dteStartSellIn":"2026-01-16T00:00:00","dteEndSellIn":"2026-01-17T00:00:00","dteStartSellOut":"2026-01-16T00:00:00","dteEndSellOut":"2026-01-17T00:00:00","documentKey":null,"dteToShost":null,"levParticipants":2},{"idAction":1111,"name":"PROMO_1111","codDiv":"DIV_1111","dteStartSellIn":"2026-01-01T17:00:00","dteEndSellIn":"2026-01-30T17:02:00","dteStartSellOut":"2026-01-17T17:02:00","dteEndSellOut":"2026-01-28T17:02:00","documentKey":"1111_DOCC_KEY","dteToShost":"2026-01-13T17:02:00","levParticipants":11},{"idAction":2020,"name":"Spring Special 2020","codDiv":"D-2020","dteStartSellIn":"2026-01-03T12:28:00","dteEndSellIn":"2026-01-04T12:28:00","dteStartSellOut":"2026-01-05T12:28:00","dteEndSellOut":"2026-01-06T12:28:00","documentKey":"DOC-SPRING-2020","dteToShost":"2026-01-02T12:28:00","levParticipants":1},{"idAction":2222,"name":"haseeb","codDiv":"DIV02","dteStartSellIn":"2026-01-28T00:00:00","dteEndSellIn":"2026-01-30T00:00:00","dteStartSellOut":"2026-01-28T00:00:00","dteEndSellOut":"2026-01-30T00:00:00","documentKey":null,"dteToShost":null,"levParticipants":2},{"idAction":2323,"name":"Winter Sale Campaign 2323","codDiv":"D-2323","dteStartSellIn":"2026-01-19T14:39:00","dteEndSellIn":"2026-01-20T14:40:00","dteStartSellOut":"2026-01-21T14:40:00","dteEndSellOut":"2026-01-22T14:40:00","documentKey":"DOC-WINTER-2323","dteToShost":"2026-01-30T14:39:00","levParticipants":1},{"idAction":5005,"name":"bbb","codDiv":"DIV5005","dteStartSellIn":"2026-01-23T00:00:00","dteEndSellIn":"2026-01-30T00:00:00","dteStartSellOut":"2026-01-26T00:00:00","dteEndSellOut":"2026-01-18T00:00:00","documentKey":"555553","dteToShost":"2026-01-19T00:00:00","levParticipants":14},{"idAction":6000,"name":"Zero Redundancy Campaign 6000","codDiv":"DIV-6000","dteStartSellIn":"2026-01-01T00:00:00","dteEndSellIn":"2026-01-31T00:00:00","dteStartSellOut":"2026-02-01T00:00:00","dteEndSellOut":"2026-02-28T00:00:00","documentKey":"DOC-6000","dteToShost":"2026-01-05T00:00:00","levParticipants":1},{"idAction":6767,"name":"XTEL Launch Promo 6767","codDiv":"DIV-6767","dteStartSellIn":"2026-01-20T12:16:00","dteEndSellIn":"2026-01-21T12:16:00","dteStartSellOut":"2026-01-22T12:16:00","dteEndSellOut":"2026-01-23T12:16:00","documentKey":"DOC-XTEL-6767","dteToShost":"2026-01-03T12:16:00","levParticipants":1},{"idAction":7000,"name":"Atomic Campaign 7000","codDiv":"DIV-7000","dteStartSellIn":"2026-01-01T00:00:00","dteEndSellIn":"2026-01-31T00:00:00","dteStartSellOut":"2026-02-01T00:00:00","dteEndSellOut":"2026-02-28T00:00:00","documentKey":"DOC-7000","dteToShost":null,"levParticipants":1},{"idAction":8888,"name":"Atomic Campaign 8888 Complete","codDiv":"DIV-8888","dteStartSellIn":"2026-01-01T00:00:00","dteEndSellIn":"2026-01-31T00:00:00","dteStartSellOut":"2026-02-01T00:00:00","dteEndSellOut":"2026-02-28T00:00:00","documentKey":"DOC-8888","dteToShost":null,"levParticipants":1},{"idAction":9000,"name":"Balanced Atomic Campaign 9000","codDiv":"DIV-9000","dteStartSellIn":"2026-01-01T00:00:00","dteEndSellIn":"2026-01-31T00:00:00","dteStartSellOut":"2026-02-01T00:00:00","dteEndSellOut":"2026-02-28T00:00:00","documentKey":"DOC-9000","dteToShost":null,"levParticipants":1},{"idAction":9999,"name":"I should not exist in DB","codDiv":"DIV-9999","dteStartSellIn":"2026-01-01T00:00:00","dteEndSellIn":"2026-01-31T00:00:00","dteStartSellOut":"2026-02-01T00:00:00","dteEndSellOut":"2026-02-28T00:00:00","documentKey":"DOC-9999","dteToShost":null,"levParticipants":1}]
2026-01-29 10:55:27.392 +05:00 [INF] HTTP GET /api/promotions/customer-relations responded 200 in 15.9326 ms
2026-01-29 10:55:27.397 +05:00 [INF] HTTP GET /api/promotions/actions responded 200 in 20.1678 ms
2026-01-29 10:55:27.484 +05:00 [INF] HTTP GET /api/promotions/actions responded 200 in 7.2371 ms | User: Talha (N/A) | IP: ::1 | RequestBody:  | ResponseBody: [{"idAction":3,"name":"PROMO_3","codDiv":"DIV_3","dteStartSellIn":"2026-01-14T10:44:00","dteEndSellIn":"2026-01-15T10:45:00","dteStartSellOut":"2026-01-25T10:45:00","dteEndSellOut":"2026-01-30T10:45:00","documentKey":"KEY_3","dteToShost":"2026-01-10T10:44:00","levParticipants":3},{"idAction":5,"name":"PROMO_5","codDiv":"DIV_5","dteStartSellIn":"2026-02-24T10:49:00","dteEndSellIn":"2026-02-21T10:49:00","dteStartSellOut":"2026-02-24T10:49:00","dteEndSellOut":"2026-02-27T10:49:00","documentKey":"DOC_KEY_5","dteToShost":"2026-01-18T10:48:00","levParticipants":5},{"idAction":10,"name":"PROMO_10","codDiv":"DIV_10","dteStartSellIn":"2026-01-30T14:45:00","dteEndSellIn":"2026-01-31T14:45:00","dteStartSellOut":"2026-01-23T14:45:00","dteEndSellOut":"2026-01-24T14:45:00","documentKey":"DOCC_KEY_10","dteToShost":"2026-01-29T14:44:00","levParticipants":10},{"idAction":45,"name":"cccc","codDiv":"DIV01","dteStartSellIn":"2026-01-16T00:00:00","dteEndSellIn":"2026-01-17T00:00:00","dteStartSellOut":"2026-01-16T00:00:00","dteEndSellOut":"2026-01-17T00:00:00","documentKey":null,"dteToShost":null,"levParticipants":2},{"idAction":1111,"name":"PROMO_1111","codDiv":"DIV_1111","dteStartSellIn":"2026-01-01T17:00:00","dteEndSellIn":"2026-01-30T17:02:00","dteStartSellOut":"2026-01-17T17:02:00","dteEndSellOut":"2026-01-28T17:02:00","documentKey":"1111_DOCC_KEY","dteToShost":"2026-01-13T17:02:00","levParticipants":11},{"idAction":2020,"name":"Spring Special 2020","codDiv":"D-2020","dteStartSellIn":"2026-01-03T12:28:00","dteEndSellIn":"2026-01-04T12:28:00","dteStartSellOut":"2026-01-05T12:28:00","dteEndSellOut":"2026-01-06T12:28:00","documentKey":"DOC-SPRING-2020","dteToShost":"2026-01-02T12:28:00","levParticipants":1},{"idAction":2222,"name":"haseeb","codDiv":"DIV02","dteStartSellIn":"2026-01-28T00:00:00","dteEndSellIn":"2026-01-30T00:00:00","dteStartSellOut":"2026-01-28T00:00:00","dteEndSellOut":"2026-01-30T00:00:00","documentKey":null,"dteToShost":null,"levParticipants":2},{"idAction":2323,"name":"Winter Sale Campaign 2323","codDiv":"D-2323","dteStartSellIn":"2026-01-19T14:39:00","dteEndSellIn":"2026-01-20T14:40:00","dteStartSellOut":"2026-01-21T14:40:00","dteEndSellOut":"2026-01-22T14:40:00","documentKey":"DOC-WINTER-2323","dteToShost":"2026-01-30T14:39:00","levParticipants":1},{"idAction":5005,"name":"bbb","codDiv":"DIV5005","dteStartSellIn":"2026-01-23T00:00:00","dteEndSellIn":"2026-01-30T00:00:00","dteStartSellOut":"2026-01-26T00:00:00","dteEndSellOut":"2026-01-18T00:00:00","documentKey":"555553","dteToShost":"2026-01-19T00:00:00","levParticipants":14},{"idAction":6000,"name":"Zero Redundancy Campaign 6000","codDiv":"DIV-6000","dteStartSellIn":"2026-01-01T00:00:00","dteEndSellIn":"2026-01-31T00:00:00","dteStartSellOut":"2026-02-01T00:00:00","dteEndSellOut":"2026-02-28T00:00:00","documentKey":"DOC-6000","dteToShost":"2026-01-05T00:00:00","levParticipants":1},{"idAction":6767,"name":"XTEL Launch Promo 6767","codDiv":"DIV-6767","dteStartSellIn":"2026-01-20T12:16:00","dteEndSellIn":"2026-01-21T12:16:00","dteStartSellOut":"2026-01-22T12:16:00","dteEndSellOut":"2026-01-23T12:16:00","documentKey":"DOC-XTEL-6767","dteToShost":"2026-01-03T12:16:00","levParticipants":1},{"idAction":7000,"name":"Atomic Campaign 7000","codDiv":"DIV-7000","dteStartSellIn":"2026-01-01T00:00:00","dteEndSellIn":"2026-01-31T00:00:00","dteStartSellOut":"2026-02-01T00:00:00","dteEndSellOut":"2026-02-28T00:00:00","documentKey":"DOC-7000","dteToShost":null,"levParticipants":1},{"idAction":8888,"name":"Atomic Campaign 8888 Complete","codDiv":"DIV-8888","dteStartSellIn":"2026-01-01T00:00:00","dteEndSellIn":"2026-01-31T00:00:00","dteStartSellOut":"2026-02-01T00:00:00","dteEndSellOut":"2026-02-28T00:00:00","documentKey":"DOC-8888","dteToShost":null,"levParticipants":1},{"idAction":9000,"name":"Balanced Atomic Campaign 9000","codDiv":"DIV-9000","dteStartSellIn":"2026-01-01T00:00:00","dteEndSellIn":"2026-01-31T00:00:00","dteStartSellOut":"2026-02-01T00:00:00","dteEndSellOut":"2026-02-28T00:00:00","documentKey":"DOC-9000","dteToShost":null,"levParticipants":1},{"idAction":9999,"name":"I should not exist in DB","codDiv":"DIV-9999","dteStartSellIn":"2026-01-01T00:00:00","dteEndSellIn":"2026-01-31T00:00:00","dteStartSellOut":"2026-02-01T00:00:00","dteEndSellOut":"2026-02-28T00:00:00","documentKey":"DOC-9999","dteToShost":null,"levParticipants":1}]
2026-01-29 10:55:27.484 +05:00 [INF] HTTP GET /api/promotions/customer-relations responded 200 in 10.7737 ms | User: Talha (N/A) | IP: ::1 | RequestBody:  | ResponseBody: [{"idAction":0,"codHier":"5555","codDiv":"div5555","codNode":"f5555","idLevel":1,"dteStart":"2026-01-15T00:00:00","codParentNode":"root","dteEnd":null},{"idAction":0,"codHier":"56","codDiv":"565","codNode":"56","idLevel":55,"dteStart":"2026-01-29T00:44:00","codParentNode":"haseeb","dteEnd":"2026-01-26T00:44:00"},{"idAction":0,"codHier":"H_10","codDiv":"DIV_10","codNode":"NODE_10","idLevel":10,"dteStart":"2026-01-01T14:45:00","codParentNode":"ROOT_10","dteEnd":"2026-01-31T14:44:00"},{"idAction":0,"codHier":"H_1111","codDiv":"DIV_1111","codNode":"NODE_1111","idLevel":11,"dteStart":"2026-01-01T17:00:00","codParentNode":"ROOT_1111","dteEnd":"2026-01-30T17:01:00"},{"idAction":0,"codHier":"H_3","codDiv":"DIV_3","codNode":"NODE_3","idLevel":3,"dteStart":"2026-01-01T10:45:00","codParentNode":"ROOT_3","dteEnd":"2026-01-30T10:44:00"},{"idAction":0,"codHier":"H_5","codDiv":"DIV_5","codNode":"NODE_5","idLevel":5,"dteStart":"2026-01-30T10:50:00","codParentNode":"ROOT_5","dteEnd":"2026-01-31T10:48:00"},{"idAction":0,"codHier":"H-1010","codDiv":"D-1010","codNode":"C-1010","idLevel":1,"dteStart":"2026-01-01T11:54:00","codParentNode":"root","dteEnd":"2026-01-12T11:54:00"},{"idAction":0,"codHier":"H-11","codDiv":"DIV-11","codNode":"C-11","idLevel":11,"dteStart":"2026-01-01T15:05:00","codParentNode":"ROOT","dteEnd":"2026-01-31T15:05:00"},{"idAction":0,"codHier":"H-1111","codDiv":"DIV-1111","codNode":"CUST-1111","idLevel":10,"dteStart":"2026-01-01T00:00:00","codParentNode":"ROOT","dteEnd":null},{"idAction":0,"codHier":"H-1414","codDiv":"D-1414","codNode":"C-1414","idLevel":4,"dteStart":"2026-01-01T14:45:00","codParentNode":"ROOT","dteEnd":"2026-01-15T14:45:00"},{"idAction":0,"codHier":"H-2","codDiv":"DIV-2","codNode":"CUST-2","idLevel":2,"dteStart":"2026-01-01T12:40:00","codParentNode":"ROOT","dteEnd":"2026-01-16T12:37:00"},{"idAction":0,"codHier":"H-2","codDiv":"DIV-2","codNode":"CUST-2","idLevel":2,"dteStart":"2026-01-21T12:37:00","codParentNode":"ROOT","dteEnd":"2026-01-24T12:37:00"},{"idAction":0,"codHier":"H-2020","codDiv":"D-2020","codNode":"C-2020","idLevel":2,"dteStart":"2026-01-02T12:27:00","codParentNode":"root","dteEnd":"2026-01-30T12:27:00"},{"idAction":0,"codHier":"H-2255","codDiv":"DIV-2255","codNode":"CUST-2255","idLevel":10,"dteStart":"2026-01-01T00:00:00","codParentNode":"ROOT","dteEnd":null},{"idAction":0,"codHier":"H-2323","codDiv":"D-2323","codNode":"C-2323","idLevel":4,"dteStart":"2026-01-01T12:48:00","codParentNode":"ROOT","dteEnd":"2026-01-12T12:49:00"},{"idAction":0,"codHier":"H-3333","codDiv":"DIV-3333","codNode":"CUST-3333","idLevel":10,"dteStart":"2026-01-01T00:00:00","codParentNode":"ROOT","dteEnd":null},{"idAction":0,"codHier":"H-3344","codDiv":"DIV-3345","codNode":"CUST-3345","idLevel":10,"dteStart":"2026-01-01T00:00:00","codParentNode":"ROOT","dteEnd":null},{"idAction":0,"codHier":"H-3345","codDiv":"DIV-3345","codNode":"CUST-3345","idLevel":10,"dteStart":"2026-01-01T00:00:00","codParentNode":"ROOT","dteEnd":null},{"idAction":0,"codHier":"H-4","codDiv":"DIV-4","codNode":"CUST-4","idLevel":4,"dteStart":"2026-01-01T14:44:00","codParentNode":"ROOT","dteEnd":"2026-01-02T14:44:00"},{"idAction":0,"codHier":"H-5555","codDiv":"DIV-5555","codNode":"CUST-5555","idLevel":10,"dteStart":"2026-01-01T00:00:00","codParentNode":"ROOT","dteEnd":null},{"idAction":0,"codHier":"H-6000","codDiv":"DIV-6000","codNode":"CUST-6000","idLevel":10,"dteStart":"2026-01-01T00:00:00","codParentNode":"ROOT","dteEnd":"2026-12-31T00:00:00"},{"idAction":0,"codHier":"H-6666","codDiv":"DIV-6666","codNode":"CUST-6666","idLevel":10,"dteStart":"2026-01-17T01:30:00","codParentNode":"ROOT","dteEnd":"2026-01-18T01:30:00"},{"idAction":0,"codHier":"H-6767","codDiv":"DIV-6767","codNode":"CUST-6767","idLevel":5,"dteStart":"2026-01-01T12:15:00","codParentNode":"ROOT","dteEnd":"2026-01-08T12:15:00"},{"idAction":0,"codHier":"H-7000","codDiv":"DIV-7000","codNode":"CUST-7000","idLevel":10,"dteStart":"2026-01-01T00:00:00","codParentNode":"ROOT","dteEnd":null},{"idAction":0,"codHier":"H-7777","codDiv":"DIV-7777","codNode":"CUST-7777","idLevel":10,"dteStart":"2026-01-01T00:00:00","codParentNode":"ROOT","dteEnd":null},{"idAction":0,"codHier":"H-7878","codDiv":"DIV-7878","codNode":"CUST-7878","idLevel":3,"dteStart":"2026-01-18T11:43:00","codParentNode":"ROOT","dteEnd":"2026-01-19T11:43:00"},{"idAction":0,"codHier":"H-8000","codDiv":"DIV-8000","codNode":"CUST-8000","idLevel":10,"dteStart":"2026-01-01T00:00:00","codParentNode":"ROOT","dteEnd":null},{"idAction":0,"codHier":"H-8888","codDiv":"DIV-8888","codNode":"CUST-8888","idLevel":10,"dteStart":"2026-01-01T00:00:00","codParentNode":"ROOT","dteEnd":null},{"idAction":0,"codHier":"H-9000","codDiv":"DIV-9000","codNode":"CUST-9000","idLevel":10,"dteStart":"2026-01-01T00:00:00","codParentNode":"ROOT","dteEnd":null},{"idAction":0,"codHier":"H-9999","codDiv":"DIV-9999","codNode":"CUST-9999","idLevel":10,"dteStart":"2026-01-01T00:00:00","codParentNode":"ROOT","dteEnd":null},{"idAction":0,"codHier":"HIER_CORP","codDiv":"DIV01","codNode":"NODE_9111","idLevel":1,"dteStart":"2026-01-15T00:00:00","codParentNode":"ROOT_NODE","dteEnd":null}]
2026-01-29 10:55:27.491 +05:00 [INF] HTTP GET /api/promotions/actions responded 200 in 13.6824 ms
2026-01-29 10:55:27.497 +05:00 [INF] HTTP GET /api/promotions/customer-relations responded 200 in 23.1966 ms
2026-01-29 10:55:27.499 +05:00 [INF] HTTP GET /api/participants/all responded 200 in 8.1512 ms | User: Talha (N/A) | IP: ::1 | RequestBody:  | ResponseBody: [{"idAction":3,"codParticipant":"NODE_3","flgInclusion":true,"codHier":"H_3","codDiv":"DIV_3","codNode":"NODE_3","idLevel":3,"dteStart":"2026-01-01T10:45:00"},{"idAction":5,"codParticipant":"NODE_5","flgInclusion":true,"codHier":"H_5","codDiv":"DIV_5","codNode":"NODE_5","idLevel":5,"dteStart":"2026-01-30T10:50:00"},{"idAction":10,"codParticipant":"NODE_10","flgInclusion":true,"codHier":"H_10","codDiv":"DIV_10","codNode":"NODE_10","idLevel":10,"dteStart":"2026-01-01T14:45:00"},{"idAction":1111,"codParticipant":"NODE_1111","flgInclusion":true,"codHier":"H_1111","codDiv":"DIV_1111","codNode":"NODE_1111","idLevel":11,"dteStart":"2026-01-01T17:00:00"},{"idAction":2323,"codParticipant":"P-2323","flgInclusion":true,"codHier":"H-2323","codDiv":"D-2323","codNode":"C-2323","idLevel":4,"dteStart":"2026-01-01T12:48:00"},{"idAction":5005,"codParticipant":"","flgInclusion":true,"codHier":"H-9999","codDiv":"DIV-9999","codNode":"CUST-9999","idLevel":10,"dteStart":"2026-01-01T00:00:00"},{"idAction":6000,"codParticipant":"P-6000","flgInclusion":true,"codHier":"H-6000","codDiv":"DIV-6000","codNode":"CUST-6000","idLevel":10,"dteStart":"2026-01-01T00:00:00"},{"idAction":6767,"codParticipant":"P-6767","flgInclusion":false,"codHier":"H-6767","codDiv":"DIV-6767","codNode":"CUST-6767","idLevel":5,"dteStart":"2026-01-01T12:15:00"},{"idAction":7000,"codParticipant":"P-7000","flgInclusion":true,"codHier":"H-7000","codDiv":"DIV-7000","codNode":"CUST-7000","idLevel":10,"dteStart":"2026-01-01T00:00:00"},{"idAction":8888,"codParticipant":"P-8888","flgInclusion":true,"codHier":"H-8888","codDiv":"DIV-8888","codNode":"CUST-8888","idLevel":10,"dteStart":"2026-01-01T00:00:00"},{"idAction":9000,"codParticipant":"P-9000","flgInclusion":true,"codHier":"H-9000","codDiv":"DIV-9000","codNode":"CUST-9000","idLevel":10,"dteStart":"2026-01-01T00:00:00"},{"idAction":9999,"codParticipant":"P-9999","flgInclusion":true,"codHier":"H-9999","codDiv":"DIV-9999","codNode":"CUST-9999","idLevel":10,"dteStart":"2026-01-01T00:00:00"}]
2026-01-29 10:55:27.508 +05:00 [INF] HTTP GET /api/participants/all responded 200 in 16.1990 ms
2026-01-29 10:55:27.596 +05:00 [INF] HTTP GET /api/participants/all responded 200 in 15.5750 ms | User: Talha (N/A) | IP: ::1 | RequestBody:  | ResponseBody: [{"idAction":3,"codParticipant":"NODE_3","flgInclusion":true,"codHier":"H_3","codDiv":"DIV_3","codNode":"NODE_3","idLevel":3,"dteStart":"2026-01-01T10:45:00"},{"idAction":5,"codParticipant":"NODE_5","flgInclusion":true,"codHier":"H_5","codDiv":"DIV_5","codNode":"NODE_5","idLevel":5,"dteStart":"2026-01-30T10:50:00"},{"idAction":10,"codParticipant":"NODE_10","flgInclusion":true,"codHier":"H_10","codDiv":"DIV_10","codNode":"NODE_10","idLevel":10,"dteStart":"2026-01-01T14:45:00"},{"idAction":1111,"codParticipant":"NODE_1111","flgInclusion":true,"codHier":"H_1111","codDiv":"DIV_1111","codNode":"NODE_1111","idLevel":11,"dteStart":"2026-01-01T17:00:00"},{"idAction":2323,"codParticipant":"P-2323","flgInclusion":true,"codHier":"H-2323","codDiv":"D-2323","codNode":"C-2323","idLevel":4,"dteStart":"2026-01-01T12:48:00"},{"idAction":5005,"codParticipant":"","flgInclusion":true,"codHier":"H-9999","codDiv":"DIV-9999","codNode":"CUST-9999","idLevel":10,"dteStart":"2026-01-01T00:00:00"},{"idAction":6000,"codParticipant":"P-6000","flgInclusion":true,"codHier":"H-6000","codDiv":"DIV-6000","codNode":"CUST-6000","idLevel":10,"dteStart":"2026-01-01T00:00:00"},{"idAction":6767,"codParticipant":"P-6767","flgInclusion":false,"codHier":"H-6767","codDiv":"DIV-6767","codNode":"CUST-6767","idLevel":5,"dteStart":"2026-01-01T12:15:00"},{"idAction":7000,"codParticipant":"P-7000","flgInclusion":true,"codHier":"H-7000","codDiv":"DIV-7000","codNode":"CUST-7000","idLevel":10,"dteStart":"2026-01-01T00:00:00"},{"idAction":8888,"codParticipant":"P-8888","flgInclusion":true,"codHier":"H-8888","codDiv":"DIV-8888","codNode":"CUST-8888","idLevel":10,"dteStart":"2026-01-01T00:00:00"},{"idAction":9000,"codParticipant":"P-9000","flgInclusion":true,"codHier":"H-9000","codDiv":"DIV-9000","codNode":"CUST-9000","idLevel":10,"dteStart":"2026-01-01T00:00:00"},{"idAction":9999,"codParticipant":"P-9999","flgInclusion":true,"codHier":"H-9999","codDiv":"DIV-9999","codNode":"CUST-9999","idLevel":10,"dteStart":"2026-01-01T00:00:00"}]
2026-01-29 10:55:27.597 +05:00 [INF] HTTP GET /api/promotions/delivery-points responded 200 in 4.7882 ms | User: Talha (N/A) | IP: ::1 | RequestBody:  | ResponseBody: [{"idAction":3,"codDeliveryPoint":"NODE_3","flgInclusion":true,"codHier":"H_3","codDiv":"DIV_3","codNode":"NODE_3","idLevel":3,"dteStart":"2026-01-01T10:45:00"},{"idAction":5,"codDeliveryPoint":"NODE_5","flgInclusion":true,"codHier":"H_5","codDiv":"DIV_5","codNode":"NODE_5","idLevel":5,"dteStart":"2026-01-30T10:50:00"},{"idAction":10,"codDeliveryPoint":"NODE_10","flgInclusion":true,"codHier":"H_10","codDiv":"DIV_10","codNode":"NODE_10","idLevel":10,"dteStart":"2026-01-01T14:45:00"},{"idAction":1111,"codDeliveryPoint":"NODE_1111","flgInclusion":true,"codHier":"H_1111","codDiv":"DIV_1111","codNode":"NODE_1111","idLevel":11,"dteStart":"2026-01-01T17:00:00"},{"idAction":5005,"codDeliveryPoint":"","flgInclusion":true,"codHier":"H-2255","codDiv":"DIV-2255","codNode":"CUST-2255","idLevel":10,"dteStart":"2026-01-01T00:00:00"},{"idAction":6767,"codDeliveryPoint":"DP-6767","flgInclusion":true,"codHier":"H-6767","codDiv":"DIV-6767","codNode":"CUST-6767","idLevel":5,"dteStart":"2026-01-01T12:15:00"},{"idAction":7000,"codDeliveryPoint":"DP-7000","flgInclusion":true,"codHier":"H-7000","codDiv":"DIV-7000","codNode":"CUST-7000","idLevel":10,"dteStart":"2026-01-01T00:00:00"}]
2026-01-29 10:55:27.600 +05:00 [INF] HTTP GET /api/participants/all responded 200 in 19.4377 ms
2026-01-29 10:55:27.604 +05:00 [INF] HTTP GET /api/promotions/delivery-points responded 200 in 12.0934 ms
2026-01-29 10:55:27.663 +05:00 [INF] HTTP GET /api/promotions/delivery-points responded 200 in 5.0487 ms | User: Talha (N/A) | IP: ::1 | RequestBody:  | ResponseBody: [{"idAction":3,"codDeliveryPoint":"NODE_3","flgInclusion":true,"codHier":"H_3","codDiv":"DIV_3","codNode":"NODE_3","idLevel":3,"dteStart":"2026-01-01T10:45:00"},{"idAction":5,"codDeliveryPoint":"NODE_5","flgInclusion":true,"codHier":"H_5","codDiv":"DIV_5","codNode":"NODE_5","idLevel":5,"dteStart":"2026-01-30T10:50:00"},{"idAction":10,"codDeliveryPoint":"NODE_10","flgInclusion":true,"codHier":"H_10","codDiv":"DIV_10","codNode":"NODE_10","idLevel":10,"dteStart":"2026-01-01T14:45:00"},{"idAction":1111,"codDeliveryPoint":"NODE_1111","flgInclusion":true,"codHier":"H_1111","codDiv":"DIV_1111","codNode":"NODE_1111","idLevel":11,"dteStart":"2026-01-01T17:00:00"},{"idAction":5005,"codDeliveryPoint":"","flgInclusion":true,"codHier":"H-2255","codDiv":"DIV-2255","codNode":"CUST-2255","idLevel":10,"dteStart":"2026-01-01T00:00:00"},{"idAction":6767,"codDeliveryPoint":"DP-6767","flgInclusion":true,"codHier":"H-6767","codDiv":"DIV-6767","codNode":"CUST-6767","idLevel":5,"dteStart":"2026-01-01T12:15:00"},{"idAction":7000,"codDeliveryPoint":"DP-7000","flgInclusion":true,"codHier":"H-7000","codDiv":"DIV-7000","codNode":"CUST-7000","idLevel":10,"dteStart":"2026-01-01T00:00:00"}]
2026-01-29 10:55:27.666 +05:00 [INF] HTTP GET /api/promotions/delivery-points responded 200 in 8.9452 ms
2026-01-29 10:55:31.237 +05:00 [INF] HTTP GET /api/promotions/actions/5/complete responded 200 in 41.6734 ms | User: Talha (N/A) | IP: ::1 | RequestBody:  | ResponseBody: {"promoAction":{"idAction":5,"name":"PROMO_5","codDiv":"DIV_5","dteStartSellIn":"2026-02-24T10:49:00","dteEndSellIn":"2026-02-21T10:49:00","dteStartSellOut":"2026-02-24T10:49:00","dteEndSellOut":"2026-02-27T10:49:00","documentKey":"DOC_KEY_5","dteToShost":"2026-01-18T10:48:00","levParticipants":5},"products":[{"idAction":5,"codProduct":"PRD_3","levProduct":1,"codDisplay":"DSP_3","codDiv":"DIV_3","qtyEstimated":3450.00,"perceDiscount1":0.50,"perceDiscount2":9.00,"numMeasure":0.00,"codMeasure":"MEASURE_3","details":[{"idAction":5,"codProduct":"PRD_3","levProduct":1,"codDisplay":"DSP_3","codNode":"NODE_3","codDiv":"DIV_3","flgInclusion":true,"articles":[{"idAction":5,"codProduct":"PRD_3","levProduct":1,"codDisplay":"DSP_3","codDiv":"DIV_3","codNode":"NODE_3","codNode1":"AAA","codNode2":"BBB","codNodeN":"CCC"}]}],"measureFields":[{"codDiv":"DIV_3","codMeasure":"MEASURE_3","fieldName":"THIS_IS_PROMO_3","formula":"A*B/5"}]},{"idAction":5,"codProduct":"prd_33","levProduct":1,"codDisplay":"dsp_33","codDiv":"div_33","qtyEstimated":4000.00,"perceDiscount1":0.40,"perceDiscount2":0.90,"numMeasure":339.00,"codMeasure":"measure_33","details":[{"idAction":5,"codProduct":"prd_33","levProduct":1,"codDisplay":"dsp_33","codNode":"node_33","codDiv":"div_33","flgInclusion":true,"articles":[{"idAction":5,"codProduct":"prd_33","levProduct":1,"codDisplay":"dsp_33","codDiv":"div_33","codNode":"node_33","codNode1":"ddd","codNode2":"fff","codNodeN":"ggg"}]}],"measureFields":[{"codDiv":"div_33","codMeasure":"measure_33","fieldName":"promo_33","formula":"d*d/10"}]},{"idAction":5,"codProduct":"PRD_333","levProduct":1,"codDisplay":"DSP_333","codDiv":"DIV_333","qtyEstimated":4500.00,"perceDiscount1":0.80,"perceDiscount2":9.10,"numMeasure":556540.00,"codMeasure":"MEASURE_333","details":[{"idAction":5,"codProduct":"PRD_333","levProduct":1,"codDisplay":"DSP_333","codNode":"NODE_333","codDiv":"DIV_333","flgInclusion":true,"articles":[{"idAction":5,"codProduct":"PRD_333","levProduct":1,"codDisplay":"DSP_333","codDiv":"DIV_333","codNode":"NODE_333","codNode1":"PPP","codNode2":"LLL","codNodeN":"MMM"}]}],"measureFields":[{"codDiv":"DIV_333","codMeasure":"MEASURE_333","fieldName":"THIS_IS_PROMO_333","formula":"T*T/333"}]},{"idAction":5,"codProduct":"PRD_5","levProduct":5,"codDisplay":"DSP_5","codDiv":"DIV_5","qtyEstimated":2500.00,"perceDiscount1":6.70,"perceDiscount2":8.90,"numMeasure":0.00,"codMeasure":"MEASURE_5","details":[{"idAction":5,"codProduct":"PRD_5","levProduct":5,"codDisplay":"DSP_5","codNode":"NODE_5","codDiv":"DIV_5","flgInclusion":true,"articles":[{"idAction":5,"codProduct":"PRD_5","levProduct":5,"codDisplay":"DSP_5","codDiv":"DIV_5","codNode":"NODE_5","codNode1":"RRR","codNode2":"TTT","codNodeN":"YYY"}]}],"measureFields":[{"codDiv":"DIV_5","codMeasure":"MEASURE_5","fieldName":"THIS_IS_PTOMO_5","formula":"P*P/9"}]}],"articles":[{"idAction":5,"codProduct":"PRD_3","levProduct":1,"codDisplay":"DSP_3","codDiv":"DIV_3","codNode":"NODE_3","codNode1":"AAA","codNode2":"BBB","codNodeN":"CCC"},{"idAction":5,"codProduct":"prd_33","levProduct":1,"codDisplay":"dsp_33","codDiv":"div_33","codNode":"node_33","codNode1":"ddd","codNode2":"fff","codNodeN":"ggg"},{"idAction":5,"codProduct":"PRD_333","levProduct":1,"codDisplay":"DSP_333","codDiv":"DIV_333","codNode":"NODE_333","codNode1":"PPP","codNode2":"LLL","codNodeN":"MMM"},{"idAction":5,"codProduct":"PRD_5","levProduct":5,"codDisplay":"DSP_5","codDiv":"DIV_5","codNode":"NODE_5","codNode1":"RRR","codNode2":"TTT","codNodeN":"YYY"}],"measureFields":[{"codDiv":"DIV_3","codMeasure":"MEASURE_3","fieldName":"THIS_IS_PROMO_3","formula":"A*B/5"},{"codDiv":"div_33","codMeasure":"measure_33","fieldName":"promo_33","formula":"d*d/10"},{"codDiv":"DIV_333","codMeasure":"MEASURE_333","fieldName":"THIS_IS_PROMO_333","formula":"T*T/333"},{"codDiv":"DIV_5","codMeasure":"MEASURE_5","fieldName":"THIS_IS_PTOMO_5","formula":"P*P/9"}],"participants":[{"idAction":5,"codParticipant":"NODE_5","flgInclusion":true,"codHier":"H_5","codDiv":"DIV_5","codNode":"NODE_5","idLevel":5,"dteStart":"0001-01-01T00:00:00"}],"deliveryPoints":[{"idAction":5,"codDeliveryPoint":"NODE_5","flgInclusion":true,"codHier":"H_5","codDiv":"DIV_5","codNode":"NODE_5","idLevel":5,"dteStart":"0001-01-01T00:00:00"}],"productDetails":[{"idAction":5,"codProduct":"PRD_3","levProduct":1,"codDisplay":"DSP_3","codNode":"NODE_3","codDiv":"DIV_3","flgInclusion":true,"articles":[{"idAction":5,"codProduct":"PRD_3","levProduct":1,"codDisplay":"DSP_3","codDiv":"DIV_3","codNode":"NODE_3","codNode1":"AAA","codNode2":"BBB","codNodeN":"CCC"}]},{"idAction":5,"codProduct":"prd_33","levProduct":1,"codDisplay":"dsp_33","codNode":"node_33","codDiv":"div_33","flgInclusion":true,"articles":[{"idAction":5,"codProduct":"prd_33","levProduct":1,"codDisplay":"dsp_33","codDiv":"div_33","codNode":"node_33","codNode1":"ddd","codNode2":"fff","codNodeN":"ggg"}]},{"idAction":5,"codProduct":"PRD_333","levProduct":1,"codDisplay":"DSP_333","codNode":"NODE_333","codDiv":"DIV_333","flgInclusion":true,"articles":[{"idAction":5,"codProduct":"PRD_333","levProduct":1,"codDisplay":"DSP_333","codDiv":"DIV_333","codNode":"NODE_333","codNode1":"PPP","codNode2":"LLL","codNodeN":"MMM"}]},{"idAction":5,"codProduct":"PRD_5","levProduct":5,"codDisplay":"DSP_5","codNode":"NODE_5","codDiv":"DIV_5","flgInclusion":true,"articles":[{"idAction":5,"codProduct":"PRD_5","levProduct":5,"codDisplay":"DSP_5","codDiv":"DIV_5","codNode":"NODE_5","codNode1":"RRR","codNode2":"TTT","codNodeN":"YYY"}]}],"customers":[{"idAction":5,"codHier":"H_5","codDiv":"DIV_5","codNode":"NODE_5","idLevel":5,"dteStart":"2026-01-30T10:50:00","codParentNode":"ROOT_5","dteEnd":"2026-01-31T10:48:00"}]}
2026-01-29 10:55:31.241 +05:00 [INF] HTTP GET /api/promotions/actions/5/complete responded 200 in 45.9095 ms
2026-01-29 10:56:29.140 +05:00 [INF] HTTP GET /api/promotions/products responded 200 in 29.2504 ms | User: Talha (N/A) | IP: ::1 | RequestBody:  | ResponseBody: [{"idAction":3,"codProduct":"PRD_3","levProduct":3,"codDisplay":"DSP_3","codDiv":"DIV_3","qtyEstimated":3450.00,"perceDiscount1":0.50,"perceDiscount2":9.00,"numMeasure":0.00,"codMeasure":"MEASURE_3","details":[{"idAction":3,"codProduct":"PRD_3","levProduct":3,"codDisplay":"DSP_3","codNode":"NODE_3","codDiv":"DIV_3","flgInclusion":true,"articles":[{"idAction":3,"codProduct":"PRD_3","levProduct":3,"codDisplay":"DSP_3","codDiv":"DIV_3","codNode":"NODE_3","codNode1":"AAA","codNode2":"BBB","codNodeN":"CCC"}]}],"measureFields":[]},{"idAction":3,"codProduct":"prd_33","levProduct":1,"codDisplay":"dsp_33","codDiv":"div_33","qtyEstimated":4000.00,"perceDiscount1":0.40,"perceDiscount2":0.90,"numMeasure":339.00,"codMeasure":"measure_33","details":[{"idAction":3,"codProduct":"prd_33","levProduct":1,"codDisplay":"dsp_33","codNode":"node_33","codDiv":"div_33","flgInclusion":true,"articles":[{"idAction":3,"codProduct":"prd_33","levProduct":1,"codDisplay":"dsp_33","codDiv":"div_33","codNode":"node_33","codNode1":"ddd","codNode2":"fff","codNodeN":"ggg"}]}],"measureFields":[]},{"idAction":3,"codProduct":"PROD-9000","levProduct":1,"codDisplay":"DISP-9000","codDiv":"DIV-9000","qtyEstimated":2000.00,"perceDiscount1":0.60,"perceDiscount2":0.90,"numMeasure":66.00,"codMeasure":"measure_9000","details":[{"idAction":3,"codProduct":"PROD-9000","levProduct":1,"codDisplay":"DISP-9000","codNode":"NODE-9000","codDiv":"DIV-9000","flgInclusion":true,"articles":[{"idAction":3,"codProduct":"PROD-9000","levProduct":1,"codDisplay":"DISP-9000","codDiv":"DIV-9000","codNode":"NODE-9000","codNode1":"A1","codNode2":null,"codNodeN":null}]}],"measureFields":[]},{"idAction":5,"codProduct":"PRD_3","levProduct":1,"codDisplay":"DSP_3","codDiv":"DIV_3","qtyEstimated":3450.00,"perceDiscount1":0.50,"perceDiscount2":9.00,"numMeasure":0.00,"codMeasure":"MEASURE_3","details":[{"idAction":5,"codProduct":"PRD_3","levProduct":1,"codDisplay":"DSP_3","codNode":"NODE_3","codDiv":"DIV_3","flgInclusion":true,"articles":[{"idAction":5,"codProduct":"PRD_3","levProduct":1,"codDisplay":"DSP_3","codDiv":"DIV_3","codNode":"NODE_3","codNode1":"AAA","codNode2":"BBB","codNodeN":"CCC"}]}],"measureFields":[]},{"idAction":5,"codProduct":"prd_33","levProduct":1,"codDisplay":"dsp_33","codDiv":"div_33","qtyEstimated":4000.00,"perceDiscount1":0.40,"perceDiscount2":0.90,"numMeasure":339.00,"codMeasure":"measure_33","details":[{"idAction":5,"codProduct":"prd_33","levProduct":1,"codDisplay":"dsp_33","codNode":"node_33","codDiv":"div_33","flgInclusion":true,"articles":[{"idAction":5,"codProduct":"prd_33","levProduct":1,"codDisplay":"dsp_33","codDiv":"div_33","codNode":"node_33","codNode1":"ddd","codNode2":"fff","codNodeN":"ggg"}]}],"measureFields":[]},{"idAction":5,"codProduct":"PRD_333","levProduct":1,"codDisplay":"DSP_333","codDiv":"DIV_333","qtyEstimated":4500.00,"perceDiscount1":0.80,"perceDiscount2":9.10,"numMeasure":556540.00,"codMeasure":"MEASURE_333","details":[{"idAction":5,"codProduct":"PRD_333","levProduct":1,"codDisplay":"DSP_333","codNode":"NODE_333","codDiv":"DIV_333","flgInclusion":true,"articles":[{"idAction":5,"codProduct":"PRD_333","levProduct":1,"codDisplay":"DSP_333","codDiv":"DIV_333","codNode":"NODE_333","codNode1":"PPP","codNode2":"LLL","codNodeN":"MMM"}]}],"measureFields":[]},{"idAction":5,"codProduct":"PRD_5","levProduct":5,"codDisplay":"DSP_5","codDiv":"DIV_5","qtyEstimated":2500.00,"perceDiscount1":6.70,"perceDiscount2":8.90,"numMeasure":0.00,"codMeasure":"MEASURE_5","details":[{"idAction":5,"codProduct":"PRD_5","levProduct":5,"codDisplay":"DSP_5","codNode":"NODE_5","codDiv":"DIV_5","flgInclusion":true,"articles":[{"idAction":5,"codProduct":"PRD_5","levProduct":5,"codDisplay":"DSP_5","codDiv":"DIV_5","codNode":"NODE_5","codNode1":"RRR","codNode2":"TTT","codNodeN":"YYY"}]}],"measureFields":[]},{"idAction":10,"codProduct":"PRD_10","levProduct":10,"codDisplay":"DSP_10","codDiv":"DIV_10","qtyEstimated":5000.00,"perceDiscount1":0.70,"perceDiscount2":9.80,"numMeasure":0.00,"codMeasure":"MEASURE_10","details":[{"idAction":10,"codProduct":"PRD_10","levProduct":10,"codDisplay":"DSP_10","codNode":"NODE_10","codDiv":"DIV_10","flgInclusion":true,"articles":[{"idAction":10,"codProduct":"PRD_10","levProduct":10,"codDisplay":"DSP_10","codDiv":"DIV_10","codNode":"NODE_10","codNode1":"QQQ","codNode2":"WWW","codNodeN":"EEE"}]}],"measureFields":[]},{"idAction":10,"codProduct":"PROD-5555","levProduct":1,"codDisplay":"DISP-5555","codDiv":"DIV-5555","qtyEstimated":500.00,"perceDiscount1":0.80,"perceDiscount2":0.10,"numMeasure":5555.00,"codMeasure":"measure_55555","details":[{"idAction":10,"codProduct":"PROD-5555","levProduct":1,"codDisplay":"DISP-5555","codNode":"NODE-5555","codDiv":"DIV-5555","flgInclusion":true,"articles":[{"idAction":10,"codProduct":"PROD-5555","levProduct":1,"codDisplay":"DISP-5555","codDiv":"DIV-5555","codNode":"NODE-5555","codNode1":null,"codNode2":null,"codNodeN":null}]}],"measureFields":[]},{"idAction":10,"codProduct":"PROD-8888","levProduct":1,"codDisplay":"DISP-8888","codDiv":"DIV-8888","qtyEstimated":2000.00,"perceDiscount1":0.00,"perceDiscount2":0.00,"numMeasure":0.00,"codMeasure":null,"details":[{"idAction":10,"codProduct":"PROD-8888","levProduct":1,"codDisplay":"DISP-8888","codNode":"NODE-8888","codDiv":"DIV-8888","flgInclusion":true,"articles":[{"idAction":10,"codProduct":"PROD-8888","levProduct":1,"codDisplay":"DISP-8888","codDiv":"DIV-8888","codNode":"NODE-8888","codNode1":"A1","codNode2":null,"codNodeN":null}]}],"measureFields":[]},{"idAction":1111,"codProduct":"PRD_1","levProduct":1,"codDisplay":"DIV_1","codDiv":"DIV_1","qtyEstimated":78.00,"perceDiscount1":6.00,"perceDiscount2":8.00,"numMeasure":78788.00,"codMeasure":"1","details":[],"measureFields":[]},{"idAction":1111,"codProduct":"PRD_1","levProduct":1,"codDisplay":"DSP_1","codDiv":"DIV_1","qtyEstimated":11.00,"perceDiscount1":9.80,"perceDiscount2":6.70,"numMeasure":11.00,"codMeasure":"MEASURE_1","details":[{"idAction":1111,"codProduct":"PRD_1","levProduct":1,"codDisplay":"DSP_1","codNode":"NODE_1","codDiv":"DIV_1","flgInclusion":true,"articles":[{"idAction":1111,"codProduct":"PRD_1","levProduct":1,"codDisplay":"DSP_1","codDiv":"DIV_1","codNode":"NODE_1","codNode1":"NN","codNode2":"MM","codNodeN":"ZZ"}]}],"measureFields":[]},{"idAction":1111,"codProduct":"PRD_1111","levProduct":11,"codDisplay":"DSP_1111","codDiv":"DIV_1111","qtyEstimated":6756.00,"perceDiscount1":9.81,"perceDiscount2":8.90,"numMeasure":0.00,"codMeasure":"MEASURE_1111","details":[{"idAction":1111,"codProduct":"PRD_1111","levProduct":11,"codDisplay":"DSP_1111","codNode":"NODE_1111","codDiv":"DIV_1111","flgInclusion":true,"articles":[{"idAction":1111,"codProduct":"PRD_1111","levProduct":11,"codDisplay":"DSP_1111","codDiv":"DIV_1111","codNode":"NODE_1111","codNode1":"CCCCCC","codNode2":"AAAAAAA","codNodeN":"BBBBBBBB"}]}],"measureFields":[]},{"idAction":1111,"codProduct":"PRD_24","levProduct":1,"codDisplay":"DS-_24","codDiv":"DIV_24","qtyEstimated":345.00,"perceDiscount1":0.50,"perceDiscount2":0.90,"numMeasure":8.00,"codMeasure":"MEASURE_24","details":[],"measureFields":[]},{"idAction":1111,"codProduct":"PRD_44","levProduct":1,"codDisplay":"DSP_44","codDiv":"DIC_44","qtyEstimated":44.00,"perceDiscount1":0.10,"perceDiscount2":0.50,"numMeasure":76.00,"codMeasure":"MEASURE_44","details":[],"measureFields":[]},{"idAction":1111,"codProduct":"PRD_765","levProduct":1,"codDisplay":"DSP_567","codDiv":"DIV_765","qtyEstimated":5.60,"perceDiscount1":0.50,"perceDiscount2":0.40,"numMeasure":999.00,"codMeasure":"765","details":[],"measureFields":[]},{"idAction":1111,"codProduct":"PROD-1111","levProduct":1,"codDisplay":"DISP-1111","codDiv":"DIV-1111","qtyEstimated":0.00,"perceDiscount1":0.00,"perceDiscount2":0.00,"numMeasure":1.00,"codMeasure":"EA","details":[{"idAction":1111,"codProduct":"PROD-1111","levProduct":1,"codDisplay":"DISP-1111","codNode":"ddd","codDiv":"DIV5005","flgInclusion":true,"articles":[]}],"measureFields":[]},{"idAction":1111,"codProduct":"PROD-2323","levProduct":1,"codDisplay":"DSP-2323","codDiv":"D-2322","qtyEstimated":2340.00,"perceDiscount1":0.40,"perceDiscount2":45.00,"numMeasure":0.00,"codMeasure":"PALLET","details":[{"idAction":1111,"codProduct":"PROD-2323","levProduct":1,"codDisplay":"DSP-2323","codNode":"NODE-2323","codDiv":"D-2323","flgInclusion":true,"articles":[{"idAction":1111,"codProduct":"PROD-2323","levProduct":1,"codDisplay":"DSP-2323","codDiv":"D-2323","codNode":"NODE-2323","codNode1":"A1-2323","codNode2":"A2-2323","codNodeN":"AN-2323"}]}],"measureFields":[]},{"idAction":2020,"codProduct":"PRD_1","levProduct":1,"codDisplay":"DIV_1","codDiv":"DIV_1","qtyEstimated":78.00,"perceDiscount1":6.00,"perceDiscount2":8.00,"numMeasure":78788.00,"codMeasure":"1","details":[],"measureFields":[]},{"idAction":2020,"codProduct":"PRD_24","levProduct":1,"codDisplay":"DS-_24","codDiv":"DIV_24","qtyEstimated":345.00,"perceDiscount1":0.50,"perceDiscount2":0.90,"numMeasure":8.00,"codMeasure":"MEASURE_24","details":[],"measureFields":[]},{"idAction":2020,"codProduct":"PRD_44","levProduct":1,"codDisplay":"DSP_44","codDiv":"DIC_44","qtyEstimated":44.00,"perceDiscount1":0.10,"perceDiscount2":0.50,"numMeasure":76.00,"codMeasure":"MEASURE_44","details":[],"measureFields":[]},{"idAction":2020,"codProduct":"PRD_765","levProduct":0,"codDisplay":"DSP_765","codDiv":"DIV_765","qtyEstimated":234.00,"perceDiscount1":0.50,"perceDiscount2":0.56,"numMeasure":765.00,"codMeasure":"MEASURE_765","details":[],"measureFields":[]},{"idAction":2020,"codProduct":"PRD_765","levProduct":0,"codDisplay":"DSP-765","codDiv":"DIV_765","qtyEstimated":345.00,"perceDiscount1":3.55,"perceDiscount2":67.00,"numMeasure":765.00,"codMeasure":"MEASURE_765","details":[],"measureFields":[]},{"idAction":2020,"codProduct":"PRD-2020","levProduct":1,"codDisplay":"DSP-2020","codDiv":"D-2020","qtyEstimated":2000.00,"perceDiscount1":11.00,"perceDiscount2":23.00,"numMeasure":0.00,"codMeasure":"BOX","details":[{"idAction":2020,"codProduct":"PRD-2020","levProduct":1,"codDisplay":"DSP-2020","codNode":"NODE-2020","codDiv":"D-2020","flgInclusion":true,"articles":[{"idAction":2020,"codProduct":"PRD-2020","levProduct":1,"codDisplay":"DSP-2020","codDiv":"D-2020","codNode":"NODE-2020","codNode1":"A1-2020","codNode2":"A2-2020","codNodeN":"AN-2020"}]}],"measureFields":[]},{"idAction":2323,"codProduct":"PRD_08","levProduct":0,"codDisplay":"DSP_08","codDiv":"DIV_08","qtyEstimated":11.00,"perceDiscount1":22.00,"perceDiscount2":2.00,"numMeasure":2.00,"codMeasure":"08","details":[],"measureFields":[]},{"idAction":2323,"codProduct":"PRD_1","levProduct":1,"codDisplay":"DIV_1","codDiv":"DIV_1","qtyEstimated":78.00,"perceDiscount1":6.00,"perceDiscount2":8.00,"numMeasure":78788.00,"codMeasure":"1","details":[],"measureFields":[]},{"idAction":2323,"codProduct":"PRD_23","levProduct":0,"codDisplay":"DSP_23","codDiv":"DIV_23","qtyEstimated":28.00,"perceDiscount1":7.00,"perceDiscount2":2.00,"numMeasure":7.00,"codMeasure":"MEASURE_23","details":[],"measureFields":[]},{"idAction":2323,"codProduct":"PRD_24","levProduct":1,"codDisplay":"DS-_24","codDiv":"DIV_24","qtyEstimated":345.00,"perceDiscount1":0.50,"perceDiscount2":0.90,"numMeasure":8.00,"codMeasure":"MEASURE_24","details":[],"measureFields":[]},{"idAction":2323,"codProduct":"PRD_34","levProduct":1,"codDisplay":"DSP_34","codDiv":"DIV_34","qtyEstimated":2345.00,"perceDiscount1":0.60,"perceDiscount2":8.87,"numMeasure":34.00,"codMeasure":"MEASURE_34","details":[],"measureFields":[]},{"idAction":2323,"codProduct":"PRD_44","levProduct":1,"codDisplay":"DSP_44","codDiv":"DIC_44","qtyEstimated":44.00,"perceDiscount1":0.10,"perceDiscount2":0.50,"numMeasure":76.00,"codMeasure":"MEASURE_44","details":[],"measureFields":[]},{"idAction":2323,"codProduct":"PRD_55","levProduct":1,"codDisplay":"DSP_55","codDiv":"DIV_55","qtyEstimated":66.00,"perceDiscount1":0.50,"perceDiscount2":0.10,"numMeasure":34.00,"codMeasure":"55","details":[],"measureFields":[]},{"idAction":2323,"codProduct":"PRD_765","levProduct":0,"codDisplay":"DSP_567","codDiv":"DIV_765","qtyEstimated":5.60,"perceDiscount1":0.50,"perceDiscount2":0.40,"numMeasure":999.00,"codMeasure":"765","details":[],"measureFields":[]},{"idAction":2323,"codProduct":"PROD-2323","levProduct":1,"codDisplay":"DSP-2323","codDiv":"D-2322","qtyEstimated":2340.00,"perceDiscount1":0.40,"perceDiscount2":45.00,"numMeasure":0.00,"codMeasure":"PALLET","details":[{"idAction":2323,"codProduct":"PROD-2323","levProduct":1,"codDisplay":"DSP-2323","codNode":"NODE-2323","codDiv":"D-2323","flgInclusion":true,"articles":[{"idAction":2323,"codProduct":"PROD-2323","levProduct":1,"codDisplay":"DSP-2323","codDiv":"D-2323","codNode":"NODE-2323","codNode1":"A1-2323","codNode2":"A2-2323","codNodeN":"AN-2323"}]}],"measureFields":[]},{"idAction":5005,"codProduct":"PROD-1111","levProduct":1,"codDisplay":"DISP-1111","codDiv":"DIV-1111","qtyEstimated":0.00,"perceDiscount1":0.00,"perceDiscount2":0.00,"numMeasure":1.00,"codMeasure":"EA","details":[{"idAction":5005,"codProduct":"PROD-1111","levProduct":1,"codDisplay":"DISP-1111","codNode":"ddd","codDiv":"DIV5005","flgInclusion":true,"articles":[]}],"measureFields":[]},{"idAction":6000,"codProduct":"PRD_6666","levProduct":1,"codDisplay":"DSP_6666","codDiv":"DIV_6666","qtyEstimated":14.00,"perceDiscount1":0.80,"perceDiscount2":8.90,"numMeasure":654.00,"codMeasure":"MEASURE_6666","details":[],"measureFields":[]},{"idAction":6000,"codProduct":"PRD_99","levProduct":1,"codDisplay":"DSP_99","codDiv":"DIV_99","qtyEstimated":456.00,"perceDiscount1":9.80,"perceDiscount2":7.70,"numMeasure":999.00,"codMeasure":"MEASURE_99","details":[{"idAction":6000,"codProduct":"PRD_99","levProduct":1,"codDisplay":"DSP_99","codNode":"NODE_99","codDiv":"DIV_99","flgInclusion":true,"articles":[{"idAction":6000,"codProduct":"PRD_99","levProduct":1,"codDisplay":"DSP_99","codDiv":"DIV_99","codNode":"NODE_99","codNode1":"HBKK","codNode2":"KHNKH","codNodeN":"IYGFTUFTY"}]}],"measureFields":[]},{"idAction":6000,"codProduct":"PROD-6000","levProduct":1,"codDisplay":"DISP-6000","codDiv":"DIV-6000","qtyEstimated":100.00,"perceDiscount1":15.00,"perceDiscount2":0.00,"numMeasure":1.00,"codMeasure":"UNIT","details":[{"idAction":6000,"codProduct":"PROD-6000","levProduct":1,"codDisplay":"DISP-6000","codNode":"DET-6000","codDiv":"DIV-6000","flgInclusion":true,"articles":[{"idAction":6000,"codProduct":"PROD-6000","levProduct":1,"codDisplay":"DISP-6000","codDiv":"DIV-6000","codNode":"DET-6000","codNode1":"SKU-6001","codNode2":"V-GOLD","codNodeN":"SIZE-XL"}]}],"measureFields":[]},{"idAction":6767,"codProduct":"PRD_7777","levProduct":1,"codDisplay":"DSP_7777","codDiv":"DIV_7777","qtyEstimated":3423.00,"perceDiscount1":9.80,"perceDiscount2":5.60,"numMeasure":3432.00,"codMeasure":"MEASURE_7777","details":[{"idAction":6767,"codProduct":"PRD_7777","levProduct":1,"codDisplay":"DSP_7777","codNode":"NODE_7777","codDiv":"DIV_7777","flgInclusion":true,"articles":[{"idAction":6767,"codProduct":"PRD_7777","levProduct":1,"codDisplay":"DSP_7777","codDiv":"DIV_7777","codNode":"NODE_7777","codNode1":"ABC","codNode2":"DEF","codNodeN":"HBJ"}]}],"measureFields":[]},{"idAction":6767,"codProduct":"PROD-6767","levProduct":1,"codDisplay":"DSP-6767","codDiv":"DIV-6767","qtyEstimated":5000.00,"perceDiscount1":23.50,"perceDiscount2":45.60,"numMeasure":0.00,"codMeasure":"PALLET","details":[{"idAction":6767,"codProduct":"PROD-6767","levProduct":1,"codDisplay":"DSP-6767","codNode":"NODE-6767","codDiv":"DIV-6767","flgInclusion":true,"articles":[{"idAction":6767,"codProduct":"PROD-6767","levProduct":1,"codDisplay":"DSP-6767","codDiv":"DIV-6767","codNode":"NODE-6767","codNode1":"A1-6767","codNode2":"A2-6767","codNodeN":"AN-6767"}]}],"measureFields":[]},{"idAction":7000,"codProduct":"PROD-7000","levProduct":1,"codDisplay":"DISP-7000","codDiv":"DIV-7000","qtyEstimated":500.00,"perceDiscount1":null,"perceDiscount2":null,"numMeasure":null,"codMeasure":null,"details":[],"measureFields":[]},{"idAction":8888,"codProduct":"PROD-5555","levProduct":1,"codDisplay":"DISP-5555","codDiv":"DIV-5555","qtyEstimated":500.00,"perceDiscount1":0.00,"perceDiscount2":0.00,"numMeasure":0.00,"codMeasure":null,"details":[{"idAction":8888,"codProduct":"PROD-5555","levProduct":1,"codDisplay":"DISP-5555","codNode":"NODE-5555","codDiv":"DIV-5555","flgInclusion":true,"articles":[{"idAction":8888,"codProduct":"PROD-5555","levProduct":1,"codDisplay":"DISP-5555","codDiv":"DIV-5555","codNode":"NODE-5555","codNode1":null,"codNode2":null,"codNodeN":null}]}],"measureFields":[]},{"idAction":8888,"codProduct":"PROD-8888","levProduct":1,"codDisplay":"DISP-8888","codDiv":"DIV-8888","qtyEstimated":2000.00,"perceDiscount1":null,"perceDiscount2":null,"numMeasure":null,"codMeasure":null,"details":[{"idAction":8888,"codProduct":"PROD-8888","levProduct":1,"codDisplay":"DISP-8888","codNode":"NODE-8888","codDiv":"DIV-8888","flgInclusion":true,"articles":[{"idAction":8888,"codProduct":"PROD-8888","levProduct":1,"codDisplay":"DISP-8888","codDiv":"DIV-8888","codNode":"NODE-8888","codNode1":"A1","codNode2":null,"codNodeN":null}]}],"measureFields":[]},{"idAction":9000,"codProduct":"PROD-9000","levProduct":1,"codDisplay":"DISP-9000","codDiv":"DIV-9000","qtyEstimated":2000.00,"perceDiscount1":null,"perceDiscount2":null,"numMeasure":null,"codMeasure":null,"details":[{"idAction":9000,"codProduct":"PROD-9000","levProduct":1,"codDisplay":"DISP-9000","codNode":"NODE-9000","codDiv":"DIV-9000","flgInclusion":true,"articles":[{"idAction":9000,"codProduct":"PROD-9000","levProduct":1,"codDisplay":"DISP-9000","codDiv":"DIV-9000","codNode":"NODE-9000","codNode1":"A1","codNode2":null,"codNodeN":null}]}],"measureFields":[]},{"idAction":9999,"codProduct":"PROD-9999","levProduct":1,"codDisplay":"DISP-9999","codDiv":"DIV-9999","qtyEstimated":777.00,"perceDiscount1":null,"perceDiscount2":null,"numMeasure":null,"codMeasure":null,"details":[{"idAction":9999,"codProduct":"PROD-9999","levProduct":1,"codDisplay":"DISP-9999","codNode":"NODE-9999","codDiv":"DIV-9999","flgInclusion":true,"articles":[{"idAction":9999,"codProduct":"PROD-9999","levProduct":1,"codDisplay":"DISP-9999","codDiv":"DIV-9999","codNode":"NODE-9999","codNode1":"ERR","codNode2":null,"codNodeN":null}]}],"measureFields":[]}]
2026-01-29 10:56:29.152 +05:00 [INF] HTTP GET /api/promotions/products responded 200 in 41.3392 ms
