2026-02-03 10:39:39.906 +05:00 [INF]  Promotion API started successfully
2026-02-03 10:39:46.021 +05:00 [INF] HTTP GET /swagger/index.html responded 200 in 177.5281 ms | User: Anonymous (N/A) | IP: ::1 | RequestBody:  | ResponseBody: <!-- HTML for static distribution bundle build -->
<!DOCTYPE html>
<html lang="en">
<head>
    <meta charset="UTF-8">
    <title>Swagger UI</title>
    <link rel="stylesheet" type="text/css" href="./swagger-ui.css">
    <link rel="icon" type="image/png" href="./favicon-32x32.png" sizes="32x32" />
    <link rel="icon" type="image/png" href="./favicon-16x16.png" sizes="16x16" />
    <style>

        html {
            box-sizing: border-box;
            overflow: -moz-scrollbars-vertical;
            overflow-y: scroll;
        }

        *,
        *:before,
        *:after {
            box-sizing: inherit;
        }

        body {
            margin: 0;
            background: #fafafa;
        }
    </style>
    
</head>

<body>
    <div id="swagger-ui"></div>

    <!-- Workaround for https://github.com/swagger-api/swagger-editor/issues/1371 -->
    <script>
        if (window.navigator.userAgent.indexOf("Edge") > -1) {
            console.log("Removing native Edge fetch in favor of swagger-ui's polyfill")
            window.fetch = undefined;
        }
    </script>

    <script src="./swagger-ui-bundle.js"></script>
    <script src="./swagger-ui-standalone-preset.js"></script>
    <script>
        /* Source: https://gist.github.com/lamberta/3768814
         * Parse a string function definition and return a function object. Does not use eval.
         * @param {string} str
         * @return {function}
         *
         * Example:
         *  var f = function (x, y) { return x * y; };
         *  var g = parseFunction(f.toString());
         *  g(33, 3); //=> 99
         */
        function parseFunction(str) {
            if (!str) return void (0);

            var fn_body_idx = str.indexOf('{'),
                fn_body = str.substring(fn_body_idx + 1, str.lastIndexOf('}')),
                fn_declare = str.substring(0, fn_body_idx),
                fn_params = fn_declare.substring(fn_declare.indexOf('(') + 1, fn_declare.lastIndexOf(')')),
                args = fn_params.split(',');

            args.push(fn_body);

            function Fn() {
                return Function.apply(this, args);
            }
            Fn.prototype = Function.prototype;

            return new Fn();
        }

        window.onload = function () {
            var configObject = JSON.parse('{"urls":[{"url":"v1/swagger.json","name":"Promotions.Api v1"}],"deepLinking":false,"persistAuthorization":false,"displayOperationId":false,"defaultModelsExpandDepth":1,"defaultModelExpandDepth":1,"defaultModelRendering":"example","displayRequestDuration":false,"docExpansion":"list","showExtensions":false,"showCommonExtensions":false,"supportedSubmitMethods":["get","put","post","delete","options","head","patch","trace"],"tryItOutEnabled":false}');
            var oauthConfigObject = JSON.parse('{"scopeSeparator":" ","scopes":[],"useBasicAuthenticationWithAccessCodeGrant":false,"usePkceWithAuthorizationCodeGrant":false}');

            // Workaround for https://github.com/swagger-api/swagger-ui/issues/5945
            configObject.urls.forEach(function (item) {
                if (item.url.startsWith("http") || item.url.startsWith("/")) return;
                item.url = window.location.href.replace("index.html", item.url).split('#')[0];
            });

            // If validatorUrl is not explicitly provided, disable the feature by setting to null
            if (!configObject.hasOwnProperty("validatorUrl"))
                configObject.validatorUrl = null

            // If oauth2RedirectUrl isn't specified, use the built-in default
            if (!configObject.hasOwnProperty("oauth2RedirectUrl"))
                configObject.oauth2RedirectUrl = (new URL("oauth2-redirect.html", window.location.href)).href;

            // Apply mandatory parameters
            configObject.dom_id = "#swagger-ui";
            configObject.presets = [SwaggerUIBundle.presets.apis, SwaggerUIStandalonePreset];
            configObject.layout = "StandaloneLayout";

            // Parse and add interceptor functions
            var interceptors = JSON.parse('{}');
            if (interceptors.RequestInterceptorFunction)
                configObject.requestInterceptor = parseFunction(interceptors.RequestInterceptorFunction);
            if (interceptors.ResponseInterceptorFunction)
                configObject.responseInterceptor = parseFunction(interceptors.ResponseInterceptorFunction);

            // Begin Swagger UI call region

            const ui = SwaggerUIBundle(configObject);

            ui.initOAuth(oauthConfigObject);

            // End Swagger UI call region

            window.ui = ui
        }
    </script>
</body>
</html>

2026-02-03 10:39:46.162 +05:00 [INF] HTTP GET /swagger/index.html responded 200 in 346.6636 ms
2026-02-03 10:39:46.859 +05:00 [INF] HTTP GET /swagger/v1/swagger.json responded 200 in 116.6521 ms | User: Anonymous (N/A) | IP: ::1 | RequestBody:  | ResponseBody: {
  "openapi": "3.0.1",
  "info": {
    "title": "Promotions.Api",
    "version": "1.0"
  },
  "paths": {
    "/api/promotions/customer-relations": {
      "post": {
        "tags": [
          "CustomerRelations"
        ],
        "requestBody": {
          "content": {
            "application/json": {
              "schema": {
                "$ref": "#/components/schemas/CreateCustomerRelationDto"
              }
            },
            "text/json": {
              "schema": {
                "$ref": "#/components/schemas/CreateCustomerRelationDto"
              }
            },
            "application/*+json": {
              "schema": {
                "$ref": "#/components/schemas/CreateCustomerRelationDto"
              }
            }
          }
        },
        "responses": {
          "200": {
            "description": "OK"
          }
        }
      },
      "get": {
        "tags": [
          "CustomerRelations"
        ],
        "responses": {
          "200": {
            "description": "OK"
          }
        }
      },
      "put": {
        "tags": [
          "CustomerRelations"
        ],
        "parameters": [
          {
            "name": "codHier",
            "in": "query",
            "schema": {
              "type": "string"
            }
          },
          {
            "name": "codDiv",
            "in": "query",
            "schema": {
              "type": "string"
            }
          },
          {
            "name": "codNode",
            "in": "query",
            "schema": {
              "type": "string"
            }
          },
          {
            "name": "idLevel",
            "in": "query",
            "schema": {
              "type": "integer",
              "format": "int32"
            }
          },
          {
            "name": "dteStart",
            "in": "query",
            "schema": {
              "type": "string",
              "format": "date-time"
            }
          }
        ],
        "requestBody": {
          "content": {
            "application/json": {
              "schema": {
                "$ref": "#/components/schemas/UpdateCustomerRelationDto"
              }
            },
            "text/json": {
              "schema": {
                "$ref": "#/components/schemas/UpdateCustomerRelationDto"
              }
            },
            "application/*+json": {
              "schema": {
                "$ref": "#/components/schemas/UpdateCustomerRelationDto"
              }
            }
          }
        },
        "responses": {
          "200": {
            "description": "OK"
          }
        }
      },
      "delete": {
        "tags": [
          "CustomerRelations"
        ],
        "parameters": [
          {
            "name": "codHier",
            "in": "query",
            "schema": {
              "type": "string"
            }
          },
          {
            "name": "codDiv",
            "in": "query",
            "schema": {
              "type": "string"
            }
          },
          {
            "name": "codNode",
            "in": "query",
            "schema": {
              "type": "string"
            }
          },
          {
            "name": "idLevel",
            "in": "query",
            "schema": {
              "type": "integer",
              "format": "int32"
            }
          },
          {
            "name": "dteStart",
            "in": "query",
            "schema": {
              "type": "string",
              "format": "date-time"
            }
          }
        ],
        "responses": {
          "200": {
            "description": "OK"
          }
        }
      }
    },
    "/api/promotions/customer-relations/{codHier}/{codDiv}/{codNode}/{idLevel}/{dteStart}": {
      "get": {
        "tags": [
          "CustomerRelations"
        ],
        "parameters": [
          {
            "name": "codHier",
            "in": "path",
            "required": true,
            "schema": {
              "type": "string"
            }
          },
          {
            "name": "codDiv",
            "in": "path",
            "required": true,
            "schema": {
              "type": "string"
            }
          },
          {
            "name": "codNode",
            "in": "path",
            "required": true,
            "schema": {
              "type": "string"
            }
          },
          {
            "name": "idLevel",
            "in": "path",
            "required": true,
            "schema": {
              "type": "integer",
              "format": "int32"
            }
          },
          {
            "name": "dteStart",
            "in": "path",
            "required": true,
            "schema": {
              "type": "string",
              "format": "date-time"
            }
          }
        ],
        "responses": {
          "200": {
            "description": "OK"
          }
        }
      }
    },
    "/api/promotions/dashboard/metrics": {
      "get": {
        "tags": [
          "Dashboard"
        ],
        "responses": {
          "200": {
            "description": "OK"
          }
        }
      }
    },
    "/api/actions/{idAction}/participants": {
      "post": {
        "tags": [
          "Participants"
        ],
        "parameters": [
          {
            "name": "idAction",
            "in": "path",
            "required": true,
            "schema": {
              "type": "integer",
              "format": "int32"
            }
          }
        ],
        "requestBody": {
          "content": {
            "application/json": {
              "schema": {
                "$ref": "#/components/schemas/CreateParticipantDto"
              }
            },
            "text/json": {
              "schema": {
                "$ref": "#/components/schemas/CreateParticipantDto"
              }
            },
            "application/*+json": {
              "schema": {
                "$ref": "#/components/schemas/CreateParticipantDto"
              }
            }
          }
        },
        "responses": {
          "200": {
            "description": "OK"
          }
        }
      },
      "get": {
        "tags": [
          "Participants"
        ],
        "parameters": [
          {
            "name": "idAction",
            "in": "path",
            "required": true,
            "schema": {
              "type": "integer",
              "format": "int32"
            }
          }
        ],
        "responses": {
          "200": {
            "description": "OK"
          }
        }
      }
    },
    "/api/actions/{idAction}/participants/{codParticipant}": {
      "put": {
        "tags": [
          "Participants"
        ],
        "parameters": [
          {
            "name": "idAction",
            "in": "path",
            "required": true,
            "schema": {
              "type": "integer",
              "format": "int32"
            }
          },
          {
            "name": "codParticipant",
            "in": "path",
            "required": true,
            "schema": {
              "type": "string"
            }
          }
        ],
        "requestBody": {
          "content": {
            "application/json": {
              "schema": {
                "$ref": "#/components/schemas/UpdateParticipantDto"
              }
            },
            "text/json": {
              "schema": {
                "$ref": "#/components/schemas/UpdateParticipantDto"
              }
            },
            "application/*+json": {
              "schema": {
                "$ref": "#/components/schemas/UpdateParticipantDto"
              }
            }
          }
        },
        "responses": {
          "200": {
            "description": "OK"
          }
        }
      },
      "delete": {
        "tags": [
          "Participants"
        ],
        "parameters": [
          {
            "name": "idAction",
            "in": "path",
            "required": true,
            "schema": {
              "type": "integer",
              "format": "int32"
            }
          },
          {
            "name": "codParticipant",
            "in": "path",
            "required": true,
            "schema": {
              "type": "string"
            }
          }
        ],
        "responses": {
          "200": {
            "description": "OK"
          }
        }
      }
    },
    "/api/participants/all": {
      "get": {
        "tags": [
          "Participants"
        ],
        "responses": {
          "200": {
            "description": "OK"
          }
        }
      }
    },
    "/api/promotions/actions": {
      "post": {
        "tags": [
          "Promotion Actions"
        ],
        "requestBody": {
          "content": {
            "application/json": {
              "schema": {
                "$ref": "#/components/schemas/CreatePromoActionDto"
              }
            },
            "text/json": {
              "schema": {
                "$ref": "#/components/schemas/CreatePromoActionDto"
              }
            },
            "application/*+json": {
              "schema": {
                "$ref": "#/components/schemas/CreatePromoActionDto"
              }
            }
          }
        },
        "responses": {
          "200": {
            "description": "OK"
          }
        }
      },
      "get": {
        "tags": [
          "Promotion Actions"
        ],
        "responses": {
          "200": {
            "description": "OK"
          }
        }
      },
      "put": {
        "tags": [
          "Promotion Actions"
        ],
        "parameters": [
          {
            "name": "idAction",
            "in": "query",
            "schema": {
              "type": "integer",
              "format": "int32"
            }
          }
        ],
        "requestBody": {
          "content": {
            "application/json": {
              "schema": {
                "$ref": "#/components/schemas/UpdatePromoActionDto"
              }
            },
            "text/json": {
              "schema": {
                "$ref": "#/components/schemas/UpdatePromoActionDto"
              }
            },
            "application/*+json": {
              "schema": {
                "$ref": "#/components/schemas/UpdatePromoActionDto"
              }
            }
          }
        },
        "responses": {
          "200": {
            "description": "OK"
          }
        }
      },
      "delete": {
        "tags": [
          "Promotion Actions"
        ],
        "parameters": [
          {
            "name": "idAction",
            "in": "query",
            "schema": {
              "type": "integer",
              "format": "int32"
            }
          }
        ],
        "responses": {
          "200": {
            "description": "OK"
          }
        }
      }
    },
    "/api/promotions/actions/atomic": {
      "post": {
        "tags": [
          "Promotion Actions"
        ],
        "requestBody": {
          "content": {
            "application/json": {
              "schema": {
                "$ref": "#/components/schemas/AtomicCreatePromoActionDto"
              }
            },
            "text/json": {
              "schema": {
                "$ref": "#/components/schemas/AtomicCreatePromoActionDto"
              }
            },
            "application/*+json": {
              "schema": {
                "$ref": "#/components/schemas/AtomicCreatePromoActionDto"
              }
            }
          }
        },
        "responses": {
          "200": {
            "description": "OK"
          }
        }
      }
    },
    "/api/promotions/actions/{idAction}": {
      "get": {
        "tags": [
          "Promotion Actions"
        ],
        "parameters": [
          {
            "name": "idAction",
            "in": "path",
            "required": true,
            "schema": {
              "type": "integer",
              "format": "int32"
            }
          }
        ],
        "responses": {
          "200": {
            "description": "OK"
          }
        }
      }
    },
    "/api/promotions/actions/{idAction}/complete": {
      "get": {
        "tags": [
          "Promotion Actions"
        ],
        "parameters": [
          {
            "name": "idAction",
            "in": "path",
            "required": true,
            "schema": {
              "type": "integer",
              "format": "int32"
            }
          }
        ],
        "responses": {
          "200": {
            "description": "OK"
          }
        }
      }
    },
    "/api/promotions/promo-articles": {
      "post": {
        "tags": [
          "Promotion Articles"
        ],
        "requestBody": {
          "content": {
            "application/json": {
              "schema": {
                "$ref": "#/components/schemas/CreatePromoArticleDto"
              }
            },
            "text/json": {
              "schema": {
                "$ref": "#/components/schemas/CreatePromoArticleDto"
              }
            },
            "application/*+json": {
              "schema": {
                "$ref": "#/components/schemas/CreatePromoArticleDto"
              }
            }
          }
        },
        "responses": {
          "200": {
            "description": "OK"
          }
        }
      },
      "get": {
        "tags": [
          "Promotion Articles"
        ],
        "responses": {
          "200": {
            "description": "OK"
          }
        }
      },
      "put": {
        "tags": [
          "Promotion Articles"
        ],
        "parameters": [
          {
            "name": "codDiv",
            "in": "query",
            "schema": {
              "type": "string"
            }
          },
          {
            "name": "codNode",
            "in": "query",
            "schema": {
              "type": "string"
            }
          }
        ],
        "requestBody": {
          "content": {
            "application/json": {
              "schema": {
                "$ref": "#/components/schemas/UpdatePromoArticleDto"
              }
            },
            "text/json": {
              "schema": {
                "$ref": "#/components/schemas/UpdatePromoArticleDto"
              }
            },
            "application/*+json": {
              "schema": {
                "$ref": "#/components/schemas/UpdatePromoArticleDto"
              }
            }
          }
        },
        "responses": {
          "200": {
            "description": "OK"
          }
        }
      },
      "delete": {
        "tags": [
          "Promotion Articles"
        ],
        "parameters": [
          {
            "name": "codDiv",
            "in": "query",
            "schema": {
              "type": "string"
            }
          },
          {
            "name": "codNode",
            "in": "query",
            "schema": {
              "type": "string"
            }
          }
        ],
        "responses": {
          "200": {
            "description": "OK"
          }
        }
      }
    },
    "/api/promotions/promo-articles/find": {
      "get": {
        "tags": [
          "Promotion Articles"
        ],
        "parameters": [
          {
            "name": "codDiv",
            "in": "query",
            "schema": {
              "type": "string"
            }
          },
          {
            "name": "codNode",
            "in": "query",
            "schema": {
              "type": "string"
            }
          }
        ],
        "responses": {
          "200": {
            "description": "OK"
          }
        }
      }
    },
    "/api/promotions/delivery-points/{idAction}/{codDeliveryPoint}": {
      "post": {
        "tags": [
          "Promotion Delivery Points"
        ],
        "parameters": [
          {
            "name": "idAction",
            "in": "path",
            "required": true,
            "schema": {
              "type": "integer",
              "format": "int32"
            }
          },
          {
            "name": "codDeliveryPoint",
            "in": "path",
            "required": true,
            "schema": {
              "type": "string"
            }
          }
        ],
        "requestBody": {
          "content": {
            "application/json": {
              "schema": {
                "$ref": "#/components/schemas/CreateDeliveryPointDto"
              }
            },
            "text/json": {
              "schema": {
                "$ref": "#/components/schemas/CreateDeliveryPointDto"
              }
            },
            "application/*+json": {
              "schema": {
                "$ref": "#/components/schemas/CreateDeliveryPointDto"
              }
            }
          }
        },
        "responses": {
          "200": {
            "description": "OK"
          }
        }
      },
      "get": {
        "tags": [
          "Promotion Delivery Points"
        ],
        "parameters": [
          {
            "name": "idAction",
            "in": "path",
            "required": true,
            "schema": {
              "type": "integer",
              "format": "int32"
            }
          },
          {
            "name": "codDeliveryPoint",
            "in": "path",
            "required": true,
            "schema": {
              "type": "string"
            }
          }
        ],
        "responses": {
          "200": {
            "description": "OK"
          }
        }
      },
      "put": {
        "tags": [
          "Promotion Delivery Points"
        ],
        "parameters": [
          {
            "name": "idAction",
            "in": "path",
            "required": true,
            "schema": {
              "type": "integer",
              "format": "int32"
            }
          },
          {
            "name": "codDeliveryPoint",
            "in": "path",
            "required": true,
            "schema": {
              "type": "string"
            }
          }
        ],
        "requestBody": {
          "content": {
            "application/json": {
              "schema": {
                "$ref": "#/components/schemas/UpdateDeliveryPointDto"
              }
            },
            "text/json": {
              "schema": {
                "$ref": "#/components/schemas/UpdateDeliveryPointDto"
              }
            },
            "application/*+json": {
              "schema": {
                "$ref": "#/components/schemas/UpdateDeliveryPointDto"
              }
            }
          }
        },
        "responses": {
          "200": {
            "description": "OK"
          }
        }
      },
      "delete": {
        "tags": [
          "Promotion Delivery Points"
        ],
        "parameters": [
          {
            "name": "idAction",
            "in": "path",
            "required": true,
            "schema": {
              "type": "integer",
              "format": "int32"
            }
          },
          {
            "name": "codDeliveryPoint",
            "in": "path",
            "required": true,
            "schema": {
              "type": "string"
            }
          }
        ],
        "responses": {
          "200": {
            "description": "OK"
          }
        }
      }
    },
    "/api/promotions/delivery-points": {
      "get": {
        "tags": [
          "Promotion Delivery Points"
        ],
        "responses": {
          "200": {
            "description": "OK"
          }
        }
      }
    },
    "/api/promotions/measures": {
      "post": {
        "tags": [
          "Promotion Measures"
        ],
        "requestBody": {
          "content": {
            "application/json": {
              "schema": {
                "$ref": "#/components/schemas/PromoMeasureFieldDto"
              }
            },
            "text/json": {
              "schema": {
                "$ref": "#/components/schemas/PromoMeasureFieldDto"
              }
            },
            "application/*+json": {
              "schema": {
                "$ref": "#/components/schemas/PromoMeasureFieldDto"
              }
            }
          }
        },
        "responses": {
          "200": {
            "description": "OK"
          }
        }
      },
      "get": {
        "tags": [
          "Promotion Measures"
        ],
        "responses": {
          "200": {
            "description": "OK"
          }
        }
      }
    },
    "/api/promotions/measures/{codMeasure}/{codDiv}/{fieldName}": {
      "get": {
        "tags": [
          "Promotion Measures"
        ],
        "parameters": [
          {
            "name": "codMeasure",
            "in": "path",
            "required": true,
            "schema": {
              "type": "string"
            }
          },
          {
            "name": "codDiv",
            "in": "path",
            "required": true,
            "schema": {
              "type": "string"
            }
          },
          {
            "name": "fieldName",
            "in": "path",
            "required": true,
            "schema": {
              "type": "string"
            }
          }
        ],
        "responses": {
          "200": {
            "description": "OK"
          }
        }
      },
      "put": {
        "tags": [
          "Promotion Measures"
        ],
        "parameters": [
          {
            "name": "codMeasure",
            "in": "path",
            "required": true,
            "schema": {
              "type": "string"
            }
          },
          {
            "name": "codDiv",
            "in": "path",
            "required": true,
            "schema": {
              "type": "string"
            }
          },
          {
            "name": "fieldName",
            "in": "path",
            "required": true,
            "schema": {
              "type": "string"
            }
          }
        ],
        "requestBody": {
          "content": {
            "application/json": {
              "schema": {
                "$ref": "#/components/schemas/UpdatePromoMeasureFieldDto"
              }
            },
            "text/json": {
              "schema": {
                "$ref": "#/components/schemas/UpdatePromoMeasureFieldDto"
              }
            },
            "application/*+json": {
              "schema": {
                "$ref": "#/components/schemas/UpdatePromoMeasureFieldDto"
              }
            }
          }
        },
        "responses": {
          "200": {
            "description": "OK"
          }
        }
      },
      "delete": {
        "tags": [
          "Promotion Measures"
        ],
        "parameters": [
          {
            "name": "codMeasure",
            "in": "path",
            "required": true,
            "schema": {
              "type": "string"
            }
          },
          {
            "name": "codDiv",
            "in": "path",
            "required": true,
            "schema": {
              "type": "string"
            }
          },
          {
            "name": "fieldName",
            "in": "path",
            "required": true,
            "schema": {
              "type": "string"
            }
          }
        ],
        "responses": {
          "200": {
            "description": "OK"
          }
        }
      }
    },
    "/api/promotions/product-details": {
      "post": {
        "tags": [
          "Promotion Product Details"
        ],
        "requestBody": {
          "content": {
            "application/json": {
              "schema": {
                "$ref": "#/components/schemas/CreateProductDetailDto"
              }
            },
            "text/json": {
              "schema": {
                "$ref": "#/components/schemas/CreateProductDetailDto"
              }
            },
            "application/*+json": {
              "schema": {
                "$ref": "#/components/schemas/CreateProductDetailDto"
              }
            }
          }
        },
        "responses": {
          "200": {
            "description": "OK"
          }
        }
      },
      "get": {
        "tags": [
          "Promotion Product Details"
        ],
        "responses": {
          "200": {
            "description": "OK"
          }
        }
      },
      "put": {
        "tags": [
          "Promotion Product Details"
        ],
        "parameters": [
          {
            "name": "idAction",
            "in": "query",
            "schema": {
              "type": "integer",
              "format": "int32"
            }
          },
          {
            "name": "codProduct",
            "in": "query",
            "schema": {
              "type": "string"
            }
          },
          {
            "name": "levProduct",
            "in": "query",
            "schema": {
              "type": "integer",
              "format": "int32"
            }
          },
          {
            "name": "codDisplay",
            "in": "query",
            "schema": {
              "type": "string"
            }
          },
          {
            "name": "codNode",
            "in": "query",
            "schema": {
              "type": "string"
            }
          },
          {
            "name": "codDiv",
            "in": "query",
            "schema": {
              "type": "string"
            }
          }
        ],
        "requestBody": {
          "content": {
            "application/json": {
              "schema": {
                "$ref": "#/components/schemas/UpdateProductDetailDto"
              }
            },
            "text/json": {
              "schema": {
                "$ref": "#/components/schemas/UpdateProductDetailDto"
              }
            },
            "application/*+json": {
              "schema": {
                "$ref": "#/components/schemas/UpdateProductDetailDto"
              }
            }
          }
        },
        "responses": {
          "200": {
            "description": "OK"
          }
        }
      },
      "delete": {
        "tags": [
          "Promotion Product Details"
        ],
        "parameters": [
          {
            "name": "idAction",
            "in": "query",
            "schema": {
              "type": "integer",
              "format": "int32"
            }
          },
          {
            "name": "codProduct",
            "in": "query",
            "schema": {
              "type": "string"
            }
          },
          {
            "name": "levProduct",
            "in": "query",
            "schema": {
              "type": "integer",
              "format": "int32"
            }
          },
          {
            "name": "codDisplay",
            "in": "query",
            "schema": {
              "type": "string"
            }
          },
          {
            "name": "codNode",
            "in": "query",
            "schema": {
              "type": "string"
            }
          },
          {
            "name": "codDiv",
            "in": "query",
            "schema": {
              "type": "string"
            }
          }
        ],
        "responses": {
          "200": {
            "description": "OK"
          }
        }
      }
    },
    "/api/promotions/product-details/action/{idAction}": {
      "get": {
        "tags": [
          "Promotion Product Details"
        ],
        "parameters": [
          {
            "name": "idAction",
            "in": "path",
            "required": true,
            "schema": {
              "type": "integer",
              "format": "int32"
            }
          }
        ],
        "responses": {
          "200": {
            "description": "OK"
          }
        }
      }
    },
    "/api/promotions/product-details/find": {
      "get": {
        "tags": [
          "Promotion Product Details"
        ],
        "parameters": [
          {
            "name": "idAction",
            "in": "query",
            "schema": {
              "type": "integer",
              "format": "int32"
            }
          },
          {
            "name": "codProduct",
            "in": "query",
            "schema": {
              "type": "string"
            }
          },
          {
            "name": "levProduct",
            "in": "query",
            "schema": {
              "type": "integer",
              "format": "int32"
            }
          },
          {
            "name": "codDisplay",
            "in": "query",
            "schema": {
              "type": "string"
            }
          },
          {
            "name": "codNode",
            "in": "query",
            "schema": {
              "type": "string"
            }
          },
          {
            "name": "codDiv",
            "in": "query",
            "schema": {
              "type": "string"
            }
          }
        ],
        "responses": {
          "200": {
            "description": "OK"
          }
        }
      }
    },
    "/api/promotions/products": {
      "post": {
        "tags": [
          "Promotion Products"
        ],
        "requestBody": {
          "content": {
            "application/json": {
              "schema": {
                "$ref": "#/components/schemas/CreateProductDto"
              }
            },
            "text/json": {
              "schema": {
                "$ref": "#/components/schemas/CreateProductDto"
              }
            },
            "application/*+json": {
              "schema": {
                "$ref": "#/components/schemas/CreateProductDto"
              }
            }
          }
        },
        "responses": {
          "200": {
            "description": "OK"
          }
        }
      },
      "get": {
        "tags": [
          "Promotion Products"
        ],
        "responses": {
          "200": {
            "description": "OK"
          }
        }
      },
      "put": {
        "tags": [
          "Promotion Products"
        ],
        "parameters": [
          {
            "name": "idAction",
            "in": "query",
            "schema": {
              "type": "integer",
              "format": "int32"
            }
          },
          {
            "name": "codProduct",
            "in": "query",
            "schema": {
              "type": "string"
            }
          },
          {
            "name": "levProduct",
            "in": "query",
            "schema": {
              "type": "integer",
              "format": "int32"
            }
          },
          {
            "name": "codDisplay",
            "in": "query",
            "schema": {
              "type": "string"
            }
          }
        ],
        "requestBody": {
          "content": {
            "application/json": {
              "schema": {
                "$ref": "#/components/schemas/UpdateProductDto"
              }
            },
            "text/json": {
              "schema": {
                "$ref": "#/components/schemas/UpdateProductDto"
              }
            },
            "application/*+json": {
              "schema": {
                "$ref": "#/components/schemas/UpdateProductDto"
              }
            }
          }
        },
        "responses": {
          "200": {
            "description": "OK"
          }
        }
      },
      "delete": {
        "tags": [
          "Promotion Products"
        ],
        "parameters": [
          {
            "name": "idAction",
            "in": "query",
            "schema": {
              "type": "integer",
              "format": "int32"
            }
          },
          {
            "name": "codProduct",
            "in": "query",
            "schema": {
              "type": "string"
            }
          },
          {
            "name": "levProduct",
            "in": "query",
            "schema": {
              "type": "integer",
              "format": "int32"
            }
          },
          {
            "name": "codDisplay",
            "in": "query",
            "schema": {
              "type": "string"
            }
          }
        ],
        "responses": {
          "200": {
            "description": "OK"
          }
        }
      }
    },
    "/api/promotions/products/action/{idAction}": {
      "get": {
        "tags": [
          "Promotion Products"
        ],
        "parameters": [
          {
            "name": "idAction",
            "in": "path",
            "required": true,
            "schema": {
              "type": "integer",
              "format": "int32"
            }
          }
        ],
        "responses": {
          "200": {
            "description": "OK"
          }
        }
      }
    },
    "/api/promotions/products/{idAction}/{codProduct}/{levProduct}/{codDisplay}": {
      "get": {
        "tags": [
          "Promotion Products"
        ],
        "parameters": [
          {
            "name": "idAction",
            "in": "path",
            "required": true,
            "schema": {
              "type": "integer",
              "format": "int32"
            }
          },
          {
            "name": "codProduct",
            "in": "path",
            "required": true,
            "schema": {
              "type": "string"
            }
          },
          {
            "name": "levProduct",
            "in": "path",
            "required": true,
            "schema": {
              "type": "integer",
              "format": "int32"
            }
          },
          {
            "name": "codDisplay",
            "in": "path",
            "required": true,
            "schema": {
              "type": "string"
            }
          }
        ],
        "responses": {
          "200": {
            "description": "OK"
          }
        }
      }
    },
    "/api/Promotions": {
      "get": {
        "tags": [
          "Promotions"
        ],
        "responses": {
          "200": {
            "description": "OK"
          }
        }
      }
    },
    "/WeatherForecast": {
      "get": {
        "tags": [
          "WeatherForecast"
        ],
        "operationId": "GetWeatherForecast",
        "responses": {
          "200": {
            "description": "OK",
            "content": {
              "text/plain": {
                "schema": {
                  "type": "array",
                  "items": {
                    "$ref": "#/components/schemas/WeatherForecast"
                  }
                }
              },
              "application/json": {
                "schema": {
                  "type": "array",
                  "items": {
                    "$ref": "#/components/schemas/WeatherForecast"
                  }
                }
              },
              "text/json": {
                "schema": {
                  "type": "array",
                  "items": {
                    "$ref": "#/components/schemas/WeatherForecast"
                  }
                }
              }
            }
          }
        }
      }
    }
  },
  "components": {
    "schemas": {
      "AtomicCreateProductDetailDto": {
        "type": "object",
        "properties": {
          "codNode": {
            "type": "string",
            "nullable": true
          },
          "codDiv": {
            "type": "string",
            "nullable": true
          },
          "flgInclusion": {
            "type": "boolean"
          },
          "articles": {
            "type": "array",
            "items": {
              "$ref": "#/components/schemas/AtomicCreatePromoArticleDto"
            },
            "nullable": true
          }
        },
        "additionalProperties": false
      },
      "AtomicCreateProductDto": {
        "type": "object",
        "properties": {
          "codProduct": {
            "type": "string",
            "nullable": true
          },
          "levProduct": {
            "type": "integer",
            "format": "int32",
            "nullable": true
          },
          "codDisplay": {
            "type": "string",
            "nullable": true
          },
          "codDiv": {
            "type": "string",
            "nullable": true
          },
          "qtyEstimated": {
            "type": "number",
            "format": "double"
          },
          "perceDiscount1": {
            "type": "number",
            "format": "double",
            "nullable": true
          },
          "perceDiscount2": {
            "type": "number",
            "format": "double",
            "nullable": true
          },
          "numMeasure": {
            "type": "number",
            "format": "double",
            "nullable": true
          },
          "codMeasure": {
            "type": "string",
            "nullable": true
          },
          "details": {
            "type": "array",
            "items": {
              "$ref": "#/components/schemas/AtomicCreateProductDetailDto"
            },
            "nullable": true
          },
          "measureFields": {
            "type": "array",
            "items": {
              "$ref": "#/components/schemas/CreatePromoMeasureFieldDto"
            },
            "nullable": true
          }
        },
        "additionalProperties": false
      },
      "AtomicCreatePromoActionDto": {
        "type": "object",
        "properties": {
          "idAction": {
            "type": "integer",
            "format": "int32"
          },
          "name": {
            "type": "string",
            "nullable": true
          },
          "codDiv": {
            "type": "string",
            "nullable": true
          },
          "dteStartSellIn": {
            "type": "string",
            "format": "date-time"
          },
          "dteEndSellIn": {
            "type": "string",
            "format": "date-time"
          },
          "dteStartSellOut": {
            "type": "string",
            "format": "date-time"
          },
          "dteEndSellOut": {
            "type": "string",
            "format": "date-time"
          },
          "documentKey": {
            "type": "string",
            "nullable": true
          },
          "dteToShost": {
            "type": "string",
            "format": "date-time",
            "nullable": true
          },
          "levParticipants": {
            "type": "integer",
            "format": "int32",
            "nullable": true
          },
          "participants": {
            "type": "array",
            "items": {
              "$ref": "#/components/schemas/CreateParticipantDto"
            },
            "nullable": true
          },
          "deliveryPoints": {
            "type": "array",
            "items": {
              "$ref": "#/components/schemas/CreateDeliveryPointDto"
            },
            "nullable": true
          },
          "products": {
            "type": "array",
            "items": {
              "$ref": "#/components/schemas/AtomicCreateProductDto"
            },
            "nullable": true
          }
        },
        "additionalProperties": false
      },
      "AtomicCreatePromoArticleDto": {
        "type": "object",
        "properties": {
          "codDiv": {
            "type": "string",
            "nullable": true
          },
          "codNode": {
            "type": "string",
            "nullable": true
          },
          "codNode1": {
            "type": "string",
            "nullable": true
          },
          "codNode2": {
            "type": "string",
            "nullable": true
          },
          "codNodeN": {
            "type": "string",
            "nullable": true
          }
        },
        "additionalProperties": false
      },
      "CreateCustomerRelationDto": {
        "type": "object",
        "properties": {
          "codHier": {
            "type": "string",
            "nullable": true
          },
          "codDiv": {
            "type": "string",
            "nullable": true
          },
          "codNode": {
            "type": "string",
            "nullable": true
          },
          "idLevel": {
            "type": "integer",
            "format": "int32"
          },
          "dteStart": {
            "type": "string",
            "format": "date-time"
          },
          "codParentNode": {
            "type": "string",
            "nullable": true
          },
          "dteEnd": {
            "type": "string",
            "format": "date-time",
            "nullable": true
          }
        },
        "additionalProperties": false
      },
      "CreateDeliveryPointDto": {
        "type": "object",
        "properties": {
          "codDeliveryPoint": {
            "type": "string",
            "nullable": true
          },
          "flgInclusion": {
            "type": "boolean"
          },
          "codHier": {
            "type": "string",
            "nullable": true
          },
          "codDiv": {
            "type": "string",
            "nullable": true
          },
          "codNode": {
            "type": "string",
            "nullable": true
          },
          "idLevel": {
            "type": "integer",
            "format": "int32",
            "nullable": true
          },
          "dteStart": {
            "type": "string",
            "format": "date-time",
            "nullable": true
          }
        },
        "additionalProperties": false
      },
      "CreateParticipantDto": {
        "type": "object",
        "properties": {
          "codParticipant": {
            "type": "string",
            "nullable": true
          },
          "flgInclusion": {
            "type": "boolean"
          },
          "codHier": {
            "type": "string",
            "nullable": true
          },
          "codDiv": {
            "type": "string",
            "nullable": true
          },
          "codNode": {
            "type": "string",
            "nullable": true
          },
          "idLevel": {
            "type": "integer",
            "format": "int32",
            "nullable": true
          },
          "dteStart": {
            "type": "string",
            "format": "date-time",
            "nullable": true
          }
        },
        "additionalProperties": false
      },
      "CreateProductDetailDto": {
        "type": "object",
        "properties": {
          "idAction": {
            "type": "integer",
            "format": "int32",
            "nullable": true
          },
          "codProduct": {
            "type": "string",
            "nullable": true
          },
          "levProduct": {
            "type": "integer",
            "format": "int32",
            "nullable": true
          },
          "codDisplay": {
            "type": "string",
            "nullable": true
          },
          "codNode": {
            "type": "string",
            "nullable": true
          },
          "codDiv": {
            "type": "string",
            "nullable": true
          },
          "flgInclusion": {
            "type": "boolean"
          }
        },
        "additionalProperties": false
      },
      "CreateProductDto": {
        "type": "object",
        "properties": {
          "idAction": {
            "type": "integer",
            "format": "int32",
            "nullable": true
          },
          "codProduct": {
            "type": "string",
            "nullable": true
          },
          "levProduct": {
            "type": "integer",
            "format": "int32",
            "nullable": true
          },
          "codDisplay": {
            "type": "string",
            "nullable": true
          },
          "codDiv": {
            "type": "string",
            "nullable": true
          },
          "qtyEstimated": {
            "type": "number",
            "format": "double"
          },
          "perceDiscount1": {
            "type": "number",
            "format": "double",
            "nullable": true
          },
          "perceDiscount2": {
            "type": "number",
            "format": "double",
            "nullable": true
          },
          "numMeasure": {
            "type": "number",
            "format": "double",
            "nullable": true
          },
          "codMeasure": {
            "type": "string",
            "nullable": true
          },
          "details": {
            "type": "array",
            "items": {
              "$ref": "#/components/schemas/AtomicCreateProductDetailDto"
            },
            "nullable": true
          },
          "measureFields": {
            "type": "array",
            "items": {
              "$ref": "#/components/schemas/CreatePromoMeasureFieldDto"
            },
            "nullable": true
          }
        },
        "additionalProperties": false
      },
      "CreatePromoActionDto": {
        "type": "object",
        "properties": {
          "idAction": {
            "type": "integer",
            "format": "int32"
          },
          "name": {
            "type": "string",
            "nullable": true
          },
          "codDiv": {
            "type": "string",
            "nullable": true
          },
          "dteStartSellIn": {
            "type": "string",
            "format": "date-time"
          },
          "dteEndSellIn": {
            "type": "string",
            "format": "date-time"
          },
          "dteStartSellOut": {
            "type": "string",
            "format": "date-time"
          },
          "dteEndSellOut": {
            "type": "string",
            "format": "date-time"
          },
          "documentKey": {
            "type": "string",
            "nullable": true
          },
          "dteToShost": {
            "type": "string",
            "format": "date-time",
            "nullable": true
          },
          "levParticipants": {
            "type": "integer",
            "format": "int32",
            "nullable": true
          }
        },
        "additionalProperties": false
      },
      "CreatePromoArticleDto": {
        "type": "object",
        "properties": {
          "idAction": {
            "type": "integer",
            "format": "int32",
            "nullable": true
          },
          "codProduct": {
            "type": "string",
            "nullable": true
          },
          "levProduct": {
            "type": "integer",
            "format": "int32",
            "nullable": true
          },
          "codDisplay": {
            "type": "string",
            "nullable": true
          },
          "codDiv": {
            "type": "string",
            "nullable": true
          },
          "codNode": {
            "type": "string",
            "nullable": true
          },
          "codNode1": {
            "type": "string",
            "nullable": true
          },
          "codNode2": {
            "type": "string",
            "nullable": true
          },
          "codNodeN": {
            "type": "string",
            "nullable": true
          }
        },
        "additionalProperties": false
      },
      "CreatePromoMeasureFieldDto": {
        "type": "object",
        "properties": {
          "fieldName": {
            "type": "string",
            "nullable": true
          },
          "formula": {
            "type": "string",
            "nullable": true
          }
        },
        "additionalProperties": false
      },
      "PromoMeasureFieldDto": {
        "type": "object",
        "properties": {
          "codDiv": {
            "type": "string",
            "nullable": true
          },
          "codMeasure": {
            "type": "string",
            "nullable": true
          },
          "fieldName": {
            "type": "string",
            "nullable": true
          },
          "formula": {
            "type": "string",
            "nullable": true
          }
        },
        "additionalProperties": false
      },
      "UpdateCustomerRelationDto": {
        "type": "object",
        "properties": {
          "codParentNode": {
            "type": "string",
            "nullable": true
          },
          "dteEnd": {
            "type": "string",
            "format": "date-time",
            "nullable": true
          }
        },
        "additionalProperties": false
      },
      "UpdateDeliveryPointDto": {
        "type": "object",
        "properties": {
          "flgInclusion": {
            "type": "boolean"
          }
        },
        "additionalProperties": false
      },
      "UpdateParticipantDto": {
        "type": "object",
        "properties": {
          "flgInclusion": {
            "type": "boolean"
          }
        },
        "additionalProperties": false
      },
      "UpdateProductDetailDto": {
        "type": "object",
        "properties": {
          "flgInclusion": {
            "type": "boolean"
          }
        },
        "additionalProperties": false
      },
      "UpdateProductDto": {
        "type": "object",
        "properties": {
          "codDiv": {
            "type": "string",
            "nullable": true
          },
          "qtyEstimated": {
            "type": "number",
            "format": "double",
            "nullable": true
          },
          "perceDiscount1": {
            "type": "number",
            "format": "double",
            "nullable": true
          },
          "perceDiscount2": {
            "type": "number",
            "format": "double",
            "nullable": true
          },
          "numMeasure": {
            "type": "number",
            "format": "double",
            "nullable": true
          },
          "codMeasure": {
            "type": "string",
            "nullable": true
          }
        },
        "additionalProperties": false
      },
      "UpdatePromoActionDto": {
        "type": "object",
        "properties": {
          "name": {
            "type": "string",
            "nullable": true
          },
          "dteStartSellIn": {
            "type": "string",
            "format": "date-time",
            "nullable": true
          },
          "dteEndSellIn": {
            "type": "string",
            "format": "date-time",
            "nullable": true
          },
          "dteStartSellOut": {
            "type": "string",
            "format": "date-time",
            "nullable": true
          },
          "dteEndSellOut": {
            "type": "string",
            "format": "date-time",
            "nullable": true
          },
          "documentKey": {
            "type": "string",
            "nullable": true
          },
          "dteToShost": {
            "type": "string",
            "format": "date-time",
            "nullable": true
          },
          "levParticipants": {
            "type": "integer",
            "format": "int32",
            "nullable": true
          }
        },
        "additionalProperties": false
      },
      "UpdatePromoArticleDto": {
        "type": "object",
        "properties": {
          "codNode1": {
            "type": "string",
            "nullable": true
          },
          "codNode2": {
            "type": "string",
            "nullable": true
          },
          "codNodeN": {
            "type": "string",
            "nullable": true
          }
        },
        "additionalProperties": false
      },
      "UpdatePromoMeasureFieldDto": {
        "type": "object",
        "properties": {
          "formula": {
            "type": "string",
            "nullable": true
          }
        },
        "additionalProperties": false
      },
      "WeatherForecast": {
        "type": "object",
        "properties": {
          "date": {
            "type": "string",
            "format": "date"
          },
          "temperatureC": {
            "type": "integer",
            "format": "int32"
          },
          "temperatureF": {
            "type": "integer",
            "format": "int32",
            "readOnly": true
          },
          "summary": {
            "type": "string",
            "nullable": true
          }
        },
        "additionalProperties": false
      }
    },
    "securitySchemes": {
      "Bearer": {
        "type": "http",
        "description": "your valid token",
        "scheme": "bearer",
        "bearerFormat": "JWT"
      }
    }
  },
  "security": [
    {
      "Bearer": [ ]
    }
  ]
}
2026-02-03 10:39:46.942 +05:00 [INF] HTTP GET /swagger/v1/swagger.json responded 200 in 199.7251 ms
2026-02-03 10:41:34.054 +05:00 [WRN] No store type was specified for the decimal property 'NumMeasure' on entity type 'PromoProduct'. This will cause values to be silently truncated if they do not fit in the default precision and scale. Explicitly specify the SQL server column type that can accommodate all the values in 'OnModelCreating' using 'HasColumnType', specify precision and scale using 'HasPrecision', or configure a value converter using 'HasConversion'.
2026-02-03 10:41:34.128 +05:00 [WRN] No store type was specified for the decimal property 'PerceDiscount1' on entity type 'PromoProduct'. This will cause values to be silently truncated if they do not fit in the default precision and scale. Explicitly specify the SQL server column type that can accommodate all the values in 'OnModelCreating' using 'HasColumnType', specify precision and scale using 'HasPrecision', or configure a value converter using 'HasConversion'.
2026-02-03 10:41:34.130 +05:00 [WRN] No store type was specified for the decimal property 'PerceDiscount2' on entity type 'PromoProduct'. This will cause values to be silently truncated if they do not fit in the default precision and scale. Explicitly specify the SQL server column type that can accommodate all the values in 'OnModelCreating' using 'HasColumnType', specify precision and scale using 'HasPrecision', or configure a value converter using 'HasConversion'.
2026-02-03 10:41:34.132 +05:00 [WRN] No store type was specified for the decimal property 'QtyEstimated' on entity type 'PromoProduct'. This will cause values to be silently truncated if they do not fit in the default precision and scale. Explicitly specify the SQL server column type that can accommodate all the values in 'OnModelCreating' using 'HasColumnType', specify precision and scale using 'HasPrecision', or configure a value converter using 'HasConversion'.
2026-02-03 10:41:37.529 +05:00 [INF] HTTP GET /api/promotions/customer-relations responded 200 in 6986.0486 ms | User: ali (N/A) | IP: ::1 | RequestBody:  | ResponseBody: [{"idAction":0,"codHier":"5555","codDiv":"div5555","codNode":"f5555","idLevel":1,"dteStart":"2026-01-15T00:00:00","codParentNode":"root","dteEnd":null},{"idAction":0,"codHier":"56","codDiv":"565","codNode":"56","idLevel":55,"dteStart":"2026-01-29T00:44:00","codParentNode":"haseeb","dteEnd":"2026-01-26T00:44:00"},{"idAction":0,"codHier":"H_1","codDiv":"D_1","codNode":"D_1","idLevel":1,"dteStart":"2026-01-30T00:00:00","codParentNode":"ROOT","dteEnd":null},{"idAction":0,"codHier":"H_1","codDiv":"D_1","codNode":"N_1","idLevel":1,"dteStart":"2026-01-30T09:35:43.289","codParentNode":"ROOT","dteEnd":null},{"idAction":0,"codHier":"H_10","codDiv":"DIV_10","codNode":"NODE_10","idLevel":10,"dteStart":"2026-01-01T14:45:00","codParentNode":"ROOT_10","dteEnd":"2026-01-31T14:44:00"},{"idAction":0,"codHier":"H_1111","codDiv":"DIV_1111","codNode":"NODE_1111","idLevel":11,"dteStart":"2026-01-01T17:00:00","codParentNode":"ROOT_1111","dteEnd":"2026-01-30T17:01:00"},{"idAction":0,"codHier":"H_12","codDiv":"DIV_12","codNode":"NODE_12","idLevel":12,"dteStart":"2026-02-03T12:26:00","codParentNode":"ROOT_12","dteEnd":"2026-02-06T12:26:00"},{"idAction":0,"codHier":"H_17","codDiv":"DIV_17","codNode":"NODE_17","idLevel":17,"dteStart":"2026-02-07T15:44:00","codParentNode":"ROOT_17","dteEnd":"2026-02-24T15:44:00"},{"idAction":0,"codHier":"H_19","codDiv":"DIV_19","codNode":"NODE_19","idLevel":19,"dteStart":"2026-02-04T13:59:00","codParentNode":"ROOT_19","dteEnd":"2026-02-05T13:59:00"},{"idAction":0,"codHier":"H_21","codDiv":"DIV_21","codNode":"NODE_21","idLevel":21,"dteStart":"2026-02-05T14:01:00","codParentNode":"ROOT_21","dteEnd":"2026-02-07T14:01:00"},{"idAction":0,"codHier":"H_222","codDiv":"DIV_222","codNode":"NODE_222","idLevel":222,"dteStart":"2026-02-04T12:53:00","codParentNode":"ROOT_222","dteEnd":"2026-02-06T12:53:00"},{"idAction":0,"codHier":"H_24","codDiv":"DIV_24","codNode":"NODE_24","idLevel":24,"dteStart":"2026-02-04T12:48:00","codParentNode":"ROOT_24","dteEnd":"2026-02-05T12:48:00"},{"idAction":0,"codHier":"H_25","codDiv":"DIV_25","codNode":"NODE_25","idLevel":25,"dteStart":"2026-02-10T14:04:00","codParentNode":"ROOT_25","dteEnd":"2026-02-11T14:04:00"},{"idAction":0,"codHier":"H_3","codDiv":"DIV_3","codNode":"NODE_3","idLevel":3,"dteStart":"2026-01-01T10:45:00","codParentNode":"ROOT_3","dteEnd":"2026-01-30T10:44:00"},{"idAction":0,"codHier":"H_5","codDiv":"DIV_5","codNode":"NODE_5","idLevel":5,"dteStart":"2026-01-30T10:50:00","codParentNode":"ROOT_5","dteEnd":"2026-01-31T10:48:00"},{"idAction":0,"codHier":"H_6","codDiv":"DIV_6","codNode":"NODE_6","idLevel":6,"dteStart":"2026-01-30T15:01:00","codParentNode":"ROOT_6","dteEnd":"2026-01-31T15:01:00"},{"idAction":0,"codHier":"H_656565","codDiv":"DIV_656565","codNode":"C_656565","idLevel":9,"dteStart":"2026-01-20T00:00:00","codParentNode":"ROOT","dteEnd":null},{"idAction":0,"codHier":"H_676767","codDiv":"DIV_676767","codNode":"NODE_676767","idLevel":676767,"dteStart":"2026-01-31T00:00:00","codParentNode":"ROOT","dteEnd":null},{"idAction":0,"codHier":"H_7","codDiv":"DIV_7","codNode":"NODE_7","idLevel":7,"dteStart":"2026-02-02T12:04:00","codParentNode":"ROOT_7","dteEnd":"2026-02-04T12:04:00"},{"idAction":0,"codHier":"H_87","codDiv":"DIV_87","codNode":"NODE_87","idLevel":87,"dteStart":"2026-02-06T14:07:00","codParentNode":"ROOT_87","dteEnd":"2026-02-26T14:07:00"},{"idAction":0,"codHier":"H_98","codDiv":"DIV_98","codNode":"NODE_98","idLevel":98,"dteStart":"2026-01-30T18:25:00","codParentNode":"ROOT_98","dteEnd":"2026-01-31T18:25:00"},{"idAction":0,"codHier":"H_999","codDiv":"D_5878","codNode":"N_878","idLevel":8,"dteStart":"2026-01-14T00:00:00","codParentNode":"ROOT","dteEnd":null},{"idAction":0,"codHier":"H_A","codDiv":"DIV_A","codNode":"NODE_A","idLevel":1,"dteStart":"2026-02-01T18:26:00","codParentNode":"ROOT_A","dteEnd":"2026-02-14T18:26:00"},{"idAction":0,"codHier":"H-1010","codDiv":"D-1010","codNode":"C-1010","idLevel":1,"dteStart":"2026-01-01T11:54:00","codParentNode":"root","dteEnd":"2026-01-12T11:54:00"},{"idAction":0,"codHier":"H-11","codDiv":"DIV-11","codNode":"C-11","idLevel":11,"dteStart":"2026-01-01T15:05:00","codParentNode":"ROOT","dteEnd":"2026-01-31T15:05:00"},{"idAction":0,"codHier":"H-1111","codDiv":"DIV-1111","codNode":"CUST-1111","idLevel":10,"dteStart":"2026-01-01T00:00:00","codParentNode":"ROOT","dteEnd":null},{"idAction":0,"codHier":"H-1414","codDiv":"D-1414","codNode":"C-1414","idLevel":4,"dteStart":"2026-01-01T14:45:00","codParentNode":"ROOT","dteEnd":"2026-01-15T14:45:00"},{"idAction":0,"codHier":"H-2","codDiv":"DIV-2","codNode":"CUST-2","idLevel":2,"dteStart":"2026-01-01T12:40:00","codParentNode":"ROOT","dteEnd":"2026-01-16T12:37:00"},{"idAction":0,"codHier":"H-2","codDiv":"DIV-2","codNode":"CUST-2","idLevel":2,"dteStart":"2026-01-21T12:37:00","codParentNode":"ROOT","dteEnd":"2026-01-24T12:37:00"},{"idAction":0,"codHier":"H-2020","codDiv":"D-2020","codNode":"C-2020","idLevel":2,"dteStart":"2026-01-02T12:27:00","codParentNode":"root","dteEnd":"2026-01-30T12:27:00"},{"idAction":0,"codHier":"H-2255","codDiv":"DIV-2255","codNode":"CUST-2255","idLevel":10,"dteStart":"2026-01-01T00:00:00","codParentNode":"ROOT","dteEnd":null},{"idAction":0,"codHier":"H-2323","codDiv":"D-2323","codNode":"C-2323","idLevel":4,"dteStart":"2026-01-01T12:48:00","codParentNode":"ROOT","dteEnd":"2026-01-12T12:49:00"},{"idAction":0,"codHier":"H-3333","codDiv":"DIV-3333","codNode":"CUST-3333","idLevel":10,"dteStart":"2026-01-01T00:00:00","codParentNode":"ROOT","dteEnd":null},{"idAction":0,"codHier":"H-3344","codDiv":"DIV-3345","codNode":"CUST-3345","idLevel":10,"dteStart":"2026-01-01T00:00:00","codParentNode":"ROOT","dteEnd":null},{"idAction":0,"codHier":"H-3345","codDiv":"DIV-3345","codNode":"CUST-3345","idLevel":10,"dteStart":"2026-01-01T00:00:00","codParentNode":"ROOT","dteEnd":null},{"idAction":0,"codHier":"H-4","codDiv":"DIV-4","codNode":"CUST-4","idLevel":4,"dteStart":"2026-01-01T14:44:00","codParentNode":"ROOT","dteEnd":"2026-01-02T14:44:00"},{"idAction":0,"codHier":"H-5555","codDiv":"DIV-5555","codNode":"CUST-5555","idLevel":10,"dteStart":"2026-01-01T00:00:00","codParentNode":"ROOT","dteEnd":null},{"idAction":0,"codHier":"H-6000","codDiv":"DIV-6000","codNode":"CUST-6000","idLevel":10,"dteStart":"2026-01-01T00:00:00","codParentNode":"ROOT","dteEnd":"2026-12-31T00:00:00"},{"idAction":0,"codHier":"H-6666","codDiv":"DIV-6666","codNode":"CUST-6666","idLevel":10,"dteStart":"2026-01-17T01:30:00","codParentNode":"ROOT","dteEnd":"2026-01-18T01:30:00"},{"idAction":0,"codHier":"H-6767","codDiv":"DIV-6767","codNode":"CUST-6767","idLevel":5,"dteStart":"2026-01-01T12:15:00","codParentNode":"ROOT","dteEnd":"2026-01-08T12:15:00"},{"idAction":0,"codHier":"H-7000","codDiv":"DIV-7000","codNode":"CUST-7000","idLevel":10,"dteStart":"2026-01-01T00:00:00","codParentNode":"ROOT","dteEnd":null},{"idAction":0,"codHier":"H-7777","codDiv":"DIV-7777","codNode":"CUST-7777","idLevel":10,"dteStart":"2026-01-01T00:00:00","codParentNode":"ROOT","dteEnd":null},{"idAction":0,"codHier":"H-7878","codDiv":"DIV-7878","codNode":"CUST-7878","idLevel":3,"dteStart":"2026-01-18T11:43:00","codParentNode":"ROOT","dteEnd":"2026-01-19T11:43:00"},{"idAction":0,"codHier":"H-8000","codDiv":"DIV-8000","codNode":"CUST-8000","idLevel":10,"dteStart":"2026-01-01T00:00:00","codParentNode":"ROOT","dteEnd":null},{"idAction":0,"codHier":"H-8888","codDiv":"DIV-8888","codNode":"CUST-8888","idLevel":10,"dteStart":"2026-01-01T00:00:00","codParentNode":"ROOT","dteEnd":null},{"idAction":0,"codHier":"H-9000","codDiv":"DIV-9000","codNode":"CUST-9000","idLevel":10,"dteStart":"2026-01-01T00:00:00","codParentNode":"ROOT","dteEnd":null},{"idAction":0,"codHier":"H-9999","codDiv":"DIV-9999","codNode":"CUST-9999","idLevel":10,"dteStart":"2026-01-01T00:00:00","codParentNode":"ROOT","dteEnd":null},{"idAction":0,"codHier":"HIER_CORP","codDiv":"DIV01","codNode":"NODE_9111","idLevel":1,"dteStart":"2026-01-15T00:00:00","codParentNode":"ROOT_NODE","dteEnd":null}]
2026-02-03 10:41:37.529 +05:00 [INF] HTTP GET /api/promotions/delivery-points responded 200 in 6986.0353 ms | User: ali (N/A) | IP: ::1 | RequestBody:  | ResponseBody: [{"idAction":3,"codDeliveryPoint":"D_1","flgInclusion":true,"codHier":"H_1","codDiv":"D_1","codNode":"D_1","idLevel":1,"dteStart":"2026-01-30T00:00:00"},{"idAction":3,"codDeliveryPoint":"NODE_3","flgInclusion":false,"codHier":"H_3","codDiv":"DIV_3","codNode":"NODE_3","idLevel":3,"dteStart":"2026-01-01T10:45:00"},{"idAction":3,"codDeliveryPoint":"NODE_5","flgInclusion":false,"codHier":"H_5","codDiv":"DIV_5","codNode":"NODE_5","idLevel":5,"dteStart":"2026-01-30T10:50:00"},{"idAction":5,"codDeliveryPoint":"NODE_5","flgInclusion":false,"codHier":"H_5","codDiv":"DIV_5","codNode":"NODE_5","idLevel":5,"dteStart":"2026-01-30T10:50:00"},{"idAction":6,"codDeliveryPoint":"D_1","flgInclusion":true,"codHier":"H_1","codDiv":"D_1","codNode":"D_1","idLevel":1,"dteStart":"2026-01-30T00:00:00"},{"idAction":6,"codDeliveryPoint":"D_656565","flgInclusion":true,"codHier":"H_656565","codDiv":"DIV_656565","codNode":"C_656565","idLevel":9,"dteStart":"2026-01-20T00:00:00"},{"idAction":6,"codDeliveryPoint":"NODE_3","flgInclusion":false,"codHier":"H_3","codDiv":"DIV_3","codNode":"NODE_3","idLevel":3,"dteStart":"2026-01-01T10:45:00"},{"idAction":6,"codDeliveryPoint":"NODE_5","flgInclusion":false,"codHier":"H_5","codDiv":"DIV_5","codNode":"NODE_5","idLevel":5,"dteStart":"2026-01-30T10:50:00"},{"idAction":6,"codDeliveryPoint":"NODE_6","flgInclusion":true,"codHier":"H_6","codDiv":"DIV_6","codNode":"NODE_6","idLevel":6,"dteStart":"2026-01-30T15:01:00"},{"idAction":7,"codDeliveryPoint":"NODE_7","flgInclusion":true,"codHier":"H_7","codDiv":"DIV_7","codNode":"NODE_7","idLevel":7,"dteStart":"2026-02-02T12:04:00"},{"idAction":10,"codDeliveryPoint":"NODE_10","flgInclusion":true,"codHier":"H_10","codDiv":"DIV_10","codNode":"NODE_10","idLevel":10,"dteStart":"2026-01-01T14:45:00"},{"idAction":24,"codDeliveryPoint":"NODE_24","flgInclusion":true,"codHier":"H_24","codDiv":"DIV_24","codNode":"NODE_24","idLevel":24,"dteStart":"2026-02-04T12:48:00"},{"idAction":87,"codDeliveryPoint":"NODE_87","flgInclusion":true,"codHier":"H_87","codDiv":"DIV_87","codNode":"NODE_87","idLevel":87,"dteStart":"2026-02-06T14:07:00"},{"idAction":98,"codDeliveryPoint":"NODE_98","flgInclusion":true,"codHier":"H_98","codDiv":"DIV_98","codNode":"NODE_98","idLevel":98,"dteStart":"2026-01-30T18:25:00"},{"idAction":321,"codDeliveryPoint":"NODE_A","flgInclusion":true,"codHier":"H_A","codDiv":"DIV_A","codNode":"NODE_A","idLevel":1,"dteStart":"2026-02-01T18:26:00"},{"idAction":1111,"codDeliveryPoint":"NODE_1111","flgInclusion":true,"codHier":"H_1111","codDiv":"DIV_1111","codNode":"NODE_1111","idLevel":11,"dteStart":"2026-01-01T17:00:00"},{"idAction":5005,"codDeliveryPoint":"","flgInclusion":true,"codHier":"H-2255","codDiv":"DIV-2255","codNode":"CUST-2255","idLevel":10,"dteStart":"2026-01-01T00:00:00"},{"idAction":6767,"codDeliveryPoint":"DP-6767","flgInclusion":true,"codHier":"H-6767","codDiv":"DIV-6767","codNode":"CUST-6767","idLevel":5,"dteStart":"2026-01-01T12:15:00"},{"idAction":7000,"codDeliveryPoint":"DP-7000","flgInclusion":true,"codHier":"H-7000","codDiv":"DIV-7000","codNode":"CUST-7000","idLevel":10,"dteStart":"2026-01-01T00:00:00"}]
2026-02-03 10:41:37.529 +05:00 [INF] HTTP GET /api/participants/all responded 200 in 6986.0490 ms | User: ali (N/A) | IP: ::1 | RequestBody:  | ResponseBody: [{"idAction":3,"codParticipant":"N_1","flgInclusion":true,"codHier":"H_1","codDiv":"D_1","codNode":"N_1","idLevel":1,"dteStart":"2026-01-30T09:35:43.289"},{"idAction":3,"codParticipant":"NODE_3","flgInclusion":true,"codHier":"H_3","codDiv":"DIV_3","codNode":"NODE_3","idLevel":3,"dteStart":"2026-01-01T10:45:00"},{"idAction":3,"codParticipant":"NODE_5","flgInclusion":true,"codHier":"H_5","codDiv":"DIV_5","codNode":"NODE_5","idLevel":5,"dteStart":"2026-01-30T10:50:00"},{"idAction":5,"codParticipant":"NODE_5","flgInclusion":true,"codHier":"H_5","codDiv":"DIV_5","codNode":"NODE_5","idLevel":5,"dteStart":"2026-01-30T10:50:00"},{"idAction":6,"codParticipant":"N_9898","flgInclusion":true,"codHier":"H_999","codDiv":"D_5878","codNode":"N_878","idLevel":8,"dteStart":"2026-01-14T00:00:00"},{"idAction":6,"codParticipant":"NODE_3","flgInclusion":true,"codHier":"H_3","codDiv":"DIV_3","codNode":"NODE_3","idLevel":3,"dteStart":"2026-01-01T10:45:00"},{"idAction":6,"codParticipant":"NODE_5","flgInclusion":true,"codHier":"H_5","codDiv":"DIV_5","codNode":"NODE_5","idLevel":5,"dteStart":"2026-01-30T10:50:00"},{"idAction":6,"codParticipant":"NODE_6","flgInclusion":true,"codHier":"H_6","codDiv":"DIV_6","codNode":"NODE_6","idLevel":6,"dteStart":"2026-01-30T15:01:00"},{"idAction":6,"codParticipant":"NODE_676767","flgInclusion":true,"codHier":"H_676767","codDiv":"DIV_676767","codNode":"NODE_676767","idLevel":676767,"dteStart":"2026-01-31T00:00:00"},{"idAction":6,"codParticipant":"P-9000","flgInclusion":true,"codHier":"H-9000","codDiv":"DIV-9000","codNode":"CUST-9000","idLevel":10,"dteStart":"2026-01-01T00:00:00"},{"idAction":7,"codParticipant":"NODE_7","flgInclusion":true,"codHier":"H_7","codDiv":"DIV_7","codNode":"NODE_7","idLevel":7,"dteStart":"2026-02-02T12:04:00"},{"idAction":10,"codParticipant":"NODE_10","flgInclusion":true,"codHier":"H_10","codDiv":"DIV_10","codNode":"NODE_10","idLevel":10,"dteStart":"2026-01-01T14:45:00"},{"idAction":24,"codParticipant":"NODE_24","flgInclusion":true,"codHier":"H_24","codDiv":"DIV_24","codNode":"NODE_24","idLevel":24,"dteStart":"2026-02-04T12:48:00"},{"idAction":87,"codParticipant":"NODE_87","flgInclusion":true,"codHier":"H_87","codDiv":"DIV_87","codNode":"NODE_87","idLevel":87,"dteStart":"2026-02-06T14:07:00"},{"idAction":98,"codParticipant":"NODE_98","flgInclusion":true,"codHier":"H_98","codDiv":"DIV_98","codNode":"NODE_98","idLevel":98,"dteStart":"2026-01-30T18:25:00"},{"idAction":321,"codParticipant":"NODE_A","flgInclusion":true,"codHier":"H_A","codDiv":"DIV_A","codNode":"NODE_A","idLevel":1,"dteStart":"2026-02-01T18:26:00"},{"idAction":1111,"codParticipant":"NODE_1111","flgInclusion":true,"codHier":"H_1111","codDiv":"DIV_1111","codNode":"NODE_1111","idLevel":11,"dteStart":"2026-01-01T17:00:00"},{"idAction":2323,"codParticipant":"P-2323","flgInclusion":true,"codHier":"H-2323","codDiv":"D-2323","codNode":"C-2323","idLevel":4,"dteStart":"2026-01-01T12:48:00"},{"idAction":5005,"codParticipant":"","flgInclusion":true,"codHier":"H-9999","codDiv":"DIV-9999","codNode":"CUST-9999","idLevel":10,"dteStart":"2026-01-01T00:00:00"},{"idAction":6000,"codParticipant":"P-6000","flgInclusion":true,"codHier":"H-6000","codDiv":"DIV-6000","codNode":"CUST-6000","idLevel":10,"dteStart":"2026-01-01T00:00:00"},{"idAction":6767,"codParticipant":"P-6767","flgInclusion":false,"codHier":"H-6767","codDiv":"DIV-6767","codNode":"CUST-6767","idLevel":5,"dteStart":"2026-01-01T12:15:00"},{"idAction":7000,"codParticipant":"P-7000","flgInclusion":true,"codHier":"H-7000","codDiv":"DIV-7000","codNode":"CUST-7000","idLevel":10,"dteStart":"2026-01-01T00:00:00"},{"idAction":8888,"codParticipant":"P-8888","flgInclusion":true,"codHier":"H-8888","codDiv":"DIV-8888","codNode":"CUST-8888","idLevel":10,"dteStart":"2026-01-01T00:00:00"},{"idAction":9000,"codParticipant":"P-9000","flgInclusion":true,"codHier":"H-9000","codDiv":"DIV-9000","codNode":"CUST-9000","idLevel":10,"dteStart":"2026-01-01T00:00:00"},{"idAction":9999,"codParticipant":"P-9999","flgInclusion":true,"codHier":"H-9999","codDiv":"DIV-9999","codNode":"CUST-9999","idLevel":10,"dteStart":"2026-01-01T00:00:00"}]
2026-02-03 10:41:37.529 +05:00 [INF] HTTP GET /api/promotions/actions responded 200 in 6986.0593 ms | User: ali (N/A) | IP: ::1 | RequestBody:  | ResponseBody: [{"idAction":3,"name":"PROMO_3","codDiv":"DIV_3","dteStartSellIn":"2026-02-01T00:00:00","dteEndSellIn":"2026-02-28T00:00:00","dteStartSellOut":"2026-01-25T00:00:00","dteEndSellOut":"2026-01-30T00:00:00","documentKey":"KEY_3","dteToShost":"2026-01-10T00:00:00","levParticipants":3},{"idAction":5,"name":"PROMO_5_5","codDiv":"DIV_5","dteStartSellIn":"2026-02-24T00:00:00","dteEndSellIn":"2026-02-21T00:00:00","dteStartSellOut":"2026-02-24T00:00:00","dteEndSellOut":"2026-02-27T00:00:00","documentKey":"DOC_KEY_is_5","dteToShost":"2026-01-18T00:00:00","levParticipants":55555555},{"idAction":6,"name":"PROMO_6","codDiv":"DIV_6","dteStartSellIn":"2026-02-01T00:00:00","dteEndSellIn":"2026-02-25T00:00:00","dteStartSellOut":"2026-01-15T00:00:00","dteEndSellOut":"2026-01-24T00:00:00","documentKey":"DOCC_6_KEY","dteToShost":"2026-01-15T00:00:00","levParticipants":6},{"idAction":7,"name":"PROMO_7","codDiv":"DIV_7","dteStartSellIn":"2026-02-06T12:05:00","dteEndSellIn":"2026-02-07T12:05:00","dteStartSellOut":"2026-02-08T12:05:00","dteEndSellOut":"2026-02-09T12:05:00","documentKey":"KEY_7","dteToShost":"2026-02-05T12:04:00","levParticipants":7},{"idAction":10,"name":"PROMO_10","codDiv":"DIV_10","dteStartSellIn":"2026-01-30T14:45:00","dteEndSellIn":"2026-01-31T14:45:00","dteStartSellOut":"2026-01-23T14:45:00","dteEndSellOut":"2026-01-24T14:45:00","documentKey":"DOCC_KEY_10","dteToShost":"2026-01-29T14:44:00","levParticipants":10},{"idAction":12,"name":"PROMO_12","codDiv":"DIV_12","dteStartSellIn":"2026-02-06T12:27:00","dteEndSellIn":"2026-02-07T12:27:00","dteStartSellOut":"2026-02-08T12:27:00","dteEndSellOut":"2026-02-09T12:27:00","documentKey":"KEY_12","dteToShost":"2026-02-03T12:26:00","levParticipants":12},{"idAction":24,"name":"PROMO_24","codDiv":"DIV_24","dteStartSellIn":"2026-02-05T12:48:00","dteEndSellIn":"2026-02-06T12:48:00","dteStartSellOut":"2026-02-07T12:48:00","dteEndSellOut":"2026-02-08T12:48:00","documentKey":"KEY_24","dteToShost":"2026-02-03T12:48:00","levParticipants":24},{"idAction":45,"name":"cccc","codDiv":"DIV01","dteStartSellIn":"2026-01-16T00:00:00","dteEndSellIn":"2026-01-17T00:00:00","dteStartSellOut":"2026-01-16T00:00:00","dteEndSellOut":"2026-01-17T00:00:00","documentKey":null,"dteToShost":null,"levParticipants":2},{"idAction":87,"name":"promo_87","codDiv":"DIV_87","dteStartSellIn":"2026-02-07T14:44:00","dteEndSellIn":"2026-02-10T14:44:00","dteStartSellOut":"2026-02-22T14:44:00","dteEndSellOut":"2026-02-26T14:44:00","documentKey":"KEY_87","dteToShost":"2026-02-03T14:44:00","levParticipants":87},{"idAction":98,"name":"PROMO_98","codDiv":"DIV_98","dteStartSellIn":"2026-01-08T18:25:00","dteEndSellIn":"2026-01-17T18:25:00","dteStartSellOut":"2026-01-28T18:25:00","dteEndSellOut":"2026-01-30T18:25:00","documentKey":"DOCC_98","dteToShost":"2026-01-31T18:25:00","levParticipants":98},{"idAction":321,"name":"PROMO_321","codDiv":"DIV_A","dteStartSellIn":"2026-02-01T18:27:00","dteEndSellIn":"2026-02-28T18:27:00","dteStartSellOut":"2026-02-04T18:27:00","dteEndSellOut":"2026-02-23T18:27:00","documentKey":"KEY_A","dteToShost":"2026-02-03T18:27:00","levParticipants":1},{"idAction":1111,"name":"PROMO_1111","codDiv":"DIV_1111","dteStartSellIn":"2026-01-01T17:00:00","dteEndSellIn":"2026-01-30T17:02:00","dteStartSellOut":"2026-01-17T17:02:00","dteEndSellOut":"2026-01-28T17:02:00","documentKey":"1111_DOCC_KEY","dteToShost":"2026-01-13T17:02:00","levParticipants":11},{"idAction":2020,"name":"Spring Special 2020","codDiv":"D-2020","dteStartSellIn":"2026-01-03T12:28:00","dteEndSellIn":"2026-01-04T12:28:00","dteStartSellOut":"2026-01-05T12:28:00","dteEndSellOut":"2026-01-06T12:28:00","documentKey":"DOC-SPRING-2020","dteToShost":"2026-01-02T12:28:00","levParticipants":1},{"idAction":2222,"name":"haseeb","codDiv":"DIV02","dteStartSellIn":"2026-02-01T00:00:00","dteEndSellIn":"2026-01-11T00:00:00","dteStartSellOut":"2026-01-28T00:00:00","dteEndSellOut":"2026-01-30T00:00:00","documentKey":"","dteToShost":null,"levParticipants":2},{"idAction":2323,"name":"Winter Sale Campaign 2323","codDiv":"D-2323","dteStartSellIn":"2026-01-19T14:39:00","dteEndSellIn":"2026-01-20T14:40:00","dteStartSellOut":"2026-01-21T14:40:00","dteEndSellOut":"2026-01-22T14:40:00","documentKey":"DOC-WINTER-2323","dteToShost":"2026-01-30T14:39:00","levParticipants":1},{"idAction":5005,"name":"bbb","codDiv":"DIV5005","dteStartSellIn":"2026-01-23T00:00:00","dteEndSellIn":"2026-01-30T00:00:00","dteStartSellOut":"2026-01-26T00:00:00","dteEndSellOut":"2026-01-18T00:00:00","documentKey":"555553","dteToShost":"2026-01-19T00:00:00","levParticipants":14},{"idAction":6000,"name":"Zero Redundancy Campaign 6000","codDiv":"DIV-6000","dteStartSellIn":"2026-02-01T00:00:00","dteEndSellIn":"2026-02-24T00:00:00","dteStartSellOut":"2026-02-01T00:00:00","dteEndSellOut":"2026-02-28T00:00:00","documentKey":"DOC-6000","dteToShost":"2026-01-05T00:00:00","levParticipants":1},{"idAction":6767,"name":"XTEL Launch Promo 6767","codDiv":"DIV-6767","dteStartSellIn":"2026-02-01T00:00:00","dteEndSellIn":"2026-02-28T00:00:00","dteStartSellOut":"2026-01-22T00:00:00","dteEndSellOut":"2026-01-23T00:00:00","documentKey":"DOC-XTEL-6767","dteToShost":"2026-01-03T00:00:00","levParticipants":1},{"idAction":7000,"name":"Atomic Campaign 7000","codDiv":"DIV-7000","dteStartSellIn":"2026-01-01T00:00:00","dteEndSellIn":"2026-01-31T00:00:00","dteStartSellOut":"2026-02-01T00:00:00","dteEndSellOut":"2026-02-28T00:00:00","documentKey":"DOC-7000","dteToShost":null,"levParticipants":1},{"idAction":8888,"name":"Atomic Campaign 8888 Complete","codDiv":"DIV-8888","dteStartSellIn":"2026-01-01T00:00:00","dteEndSellIn":"2026-01-31T00:00:00","dteStartSellOut":"2026-02-01T00:00:00","dteEndSellOut":"2026-02-28T00:00:00","documentKey":"DOC-8888","dteToShost":null,"levParticipants":1},{"idAction":9000,"name":"Balanced Atomic Campaign 9000","codDiv":"DIV-9000","dteStartSellIn":"2026-01-01T00:00:00","dteEndSellIn":"2026-01-31T00:00:00","dteStartSellOut":"2026-02-01T00:00:00","dteEndSellOut":"2026-02-28T00:00:00","documentKey":"DOC-9000","dteToShost":null,"levParticipants":1},{"idAction":9999,"name":"I should not exist in DB","codDiv":"DIV-9999","dteStartSellIn":"2026-01-01T00:00:00","dteEndSellIn":"2026-01-31T00:00:00","dteStartSellOut":"2026-02-01T00:00:00","dteEndSellOut":"2026-02-28T00:00:00","documentKey":"DOC-9999","dteToShost":null,"levParticipants":1}]
2026-02-03 10:41:37.554 +05:00 [INF] HTTP GET /api/promotions/delivery-points responded 200 in 7011.7548 ms
2026-02-03 10:41:37.554 +05:00 [INF] HTTP GET /api/promotions/customer-relations responded 200 in 7012.5617 ms
2026-02-03 10:41:37.561 +05:00 [INF] HTTP GET /api/participants/all responded 200 in 7019.0570 ms
2026-02-03 10:41:37.567 +05:00 [INF] HTTP GET /api/promotions/actions responded 200 in 7025.1567 ms
2026-02-03 10:41:37.580 +05:00 [WRN] Compiling a query which loads related collections for more than one collection navigation, either via 'Include' or through projection, but no 'QuerySplittingBehavior' has been configured. By default, Entity Framework will use 'QuerySplittingBehavior.SingleQuery', which can potentially result in slow query performance. See https://go.microsoft.com/fwlink/?linkid=2134277 for more information. To identify the query that's triggering this warning call 'ConfigureWarnings(w => w.Throw(RelationalEventId.MultipleCollectionIncludeWarning))'.
2026-02-03 10:41:37.783 +05:00 [INF] HTTP GET /api/promotions/actions responded 200 in 94.8142 ms | User: ali (N/A) | IP: ::1 | RequestBody:  | ResponseBody: [{"idAction":3,"name":"PROMO_3","codDiv":"DIV_3","dteStartSellIn":"2026-02-01T00:00:00","dteEndSellIn":"2026-02-28T00:00:00","dteStartSellOut":"2026-01-25T00:00:00","dteEndSellOut":"2026-01-30T00:00:00","documentKey":"KEY_3","dteToShost":"2026-01-10T00:00:00","levParticipants":3},{"idAction":5,"name":"PROMO_5_5","codDiv":"DIV_5","dteStartSellIn":"2026-02-24T00:00:00","dteEndSellIn":"2026-02-21T00:00:00","dteStartSellOut":"2026-02-24T00:00:00","dteEndSellOut":"2026-02-27T00:00:00","documentKey":"DOC_KEY_is_5","dteToShost":"2026-01-18T00:00:00","levParticipants":55555555},{"idAction":6,"name":"PROMO_6","codDiv":"DIV_6","dteStartSellIn":"2026-02-01T00:00:00","dteEndSellIn":"2026-02-25T00:00:00","dteStartSellOut":"2026-01-15T00:00:00","dteEndSellOut":"2026-01-24T00:00:00","documentKey":"DOCC_6_KEY","dteToShost":"2026-01-15T00:00:00","levParticipants":6},{"idAction":7,"name":"PROMO_7","codDiv":"DIV_7","dteStartSellIn":"2026-02-06T12:05:00","dteEndSellIn":"2026-02-07T12:05:00","dteStartSellOut":"2026-02-08T12:05:00","dteEndSellOut":"2026-02-09T12:05:00","documentKey":"KEY_7","dteToShost":"2026-02-05T12:04:00","levParticipants":7},{"idAction":10,"name":"PROMO_10","codDiv":"DIV_10","dteStartSellIn":"2026-01-30T14:45:00","dteEndSellIn":"2026-01-31T14:45:00","dteStartSellOut":"2026-01-23T14:45:00","dteEndSellOut":"2026-01-24T14:45:00","documentKey":"DOCC_KEY_10","dteToShost":"2026-01-29T14:44:00","levParticipants":10},{"idAction":12,"name":"PROMO_12","codDiv":"DIV_12","dteStartSellIn":"2026-02-06T12:27:00","dteEndSellIn":"2026-02-07T12:27:00","dteStartSellOut":"2026-02-08T12:27:00","dteEndSellOut":"2026-02-09T12:27:00","documentKey":"KEY_12","dteToShost":"2026-02-03T12:26:00","levParticipants":12},{"idAction":24,"name":"PROMO_24","codDiv":"DIV_24","dteStartSellIn":"2026-02-05T12:48:00","dteEndSellIn":"2026-02-06T12:48:00","dteStartSellOut":"2026-02-07T12:48:00","dteEndSellOut":"2026-02-08T12:48:00","documentKey":"KEY_24","dteToShost":"2026-02-03T12:48:00","levParticipants":24},{"idAction":45,"name":"cccc","codDiv":"DIV01","dteStartSellIn":"2026-01-16T00:00:00","dteEndSellIn":"2026-01-17T00:00:00","dteStartSellOut":"2026-01-16T00:00:00","dteEndSellOut":"2026-01-17T00:00:00","documentKey":null,"dteToShost":null,"levParticipants":2},{"idAction":87,"name":"promo_87","codDiv":"DIV_87","dteStartSellIn":"2026-02-07T14:44:00","dteEndSellIn":"2026-02-10T14:44:00","dteStartSellOut":"2026-02-22T14:44:00","dteEndSellOut":"2026-02-26T14:44:00","documentKey":"KEY_87","dteToShost":"2026-02-03T14:44:00","levParticipants":87},{"idAction":98,"name":"PROMO_98","codDiv":"DIV_98","dteStartSellIn":"2026-01-08T18:25:00","dteEndSellIn":"2026-01-17T18:25:00","dteStartSellOut":"2026-01-28T18:25:00","dteEndSellOut":"2026-01-30T18:25:00","documentKey":"DOCC_98","dteToShost":"2026-01-31T18:25:00","levParticipants":98},{"idAction":321,"name":"PROMO_321","codDiv":"DIV_A","dteStartSellIn":"2026-02-01T18:27:00","dteEndSellIn":"2026-02-28T18:27:00","dteStartSellOut":"2026-02-04T18:27:00","dteEndSellOut":"2026-02-23T18:27:00","documentKey":"KEY_A","dteToShost":"2026-02-03T18:27:00","levParticipants":1},{"idAction":1111,"name":"PROMO_1111","codDiv":"DIV_1111","dteStartSellIn":"2026-01-01T17:00:00","dteEndSellIn":"2026-01-30T17:02:00","dteStartSellOut":"2026-01-17T17:02:00","dteEndSellOut":"2026-01-28T17:02:00","documentKey":"1111_DOCC_KEY","dteToShost":"2026-01-13T17:02:00","levParticipants":11},{"idAction":2020,"name":"Spring Special 2020","codDiv":"D-2020","dteStartSellIn":"2026-01-03T12:28:00","dteEndSellIn":"2026-01-04T12:28:00","dteStartSellOut":"2026-01-05T12:28:00","dteEndSellOut":"2026-01-06T12:28:00","documentKey":"DOC-SPRING-2020","dteToShost":"2026-01-02T12:28:00","levParticipants":1},{"idAction":2222,"name":"haseeb","codDiv":"DIV02","dteStartSellIn":"2026-02-01T00:00:00","dteEndSellIn":"2026-01-11T00:00:00","dteStartSellOut":"2026-01-28T00:00:00","dteEndSellOut":"2026-01-30T00:00:00","documentKey":"","dteToShost":null,"levParticipants":2},{"idAction":2323,"name":"Winter Sale Campaign 2323","codDiv":"D-2323","dteStartSellIn":"2026-01-19T14:39:00","dteEndSellIn":"2026-01-20T14:40:00","dteStartSellOut":"2026-01-21T14:40:00","dteEndSellOut":"2026-01-22T14:40:00","documentKey":"DOC-WINTER-2323","dteToShost":"2026-01-30T14:39:00","levParticipants":1},{"idAction":5005,"name":"bbb","codDiv":"DIV5005","dteStartSellIn":"2026-01-23T00:00:00","dteEndSellIn":"2026-01-30T00:00:00","dteStartSellOut":"2026-01-26T00:00:00","dteEndSellOut":"2026-01-18T00:00:00","documentKey":"555553","dteToShost":"2026-01-19T00:00:00","levParticipants":14},{"idAction":6000,"name":"Zero Redundancy Campaign 6000","codDiv":"DIV-6000","dteStartSellIn":"2026-02-01T00:00:00","dteEndSellIn":"2026-02-24T00:00:00","dteStartSellOut":"2026-02-01T00:00:00","dteEndSellOut":"2026-02-28T00:00:00","documentKey":"DOC-6000","dteToShost":"2026-01-05T00:00:00","levParticipants":1},{"idAction":6767,"name":"XTEL Launch Promo 6767","codDiv":"DIV-6767","dteStartSellIn":"2026-02-01T00:00:00","dteEndSellIn":"2026-02-28T00:00:00","dteStartSellOut":"2026-01-22T00:00:00","dteEndSellOut":"2026-01-23T00:00:00","documentKey":"DOC-XTEL-6767","dteToShost":"2026-01-03T00:00:00","levParticipants":1},{"idAction":7000,"name":"Atomic Campaign 7000","codDiv":"DIV-7000","dteStartSellIn":"2026-01-01T00:00:00","dteEndSellIn":"2026-01-31T00:00:00","dteStartSellOut":"2026-02-01T00:00:00","dteEndSellOut":"2026-02-28T00:00:00","documentKey":"DOC-7000","dteToShost":null,"levParticipants":1},{"idAction":8888,"name":"Atomic Campaign 8888 Complete","codDiv":"DIV-8888","dteStartSellIn":"2026-01-01T00:00:00","dteEndSellIn":"2026-01-31T00:00:00","dteStartSellOut":"2026-02-01T00:00:00","dteEndSellOut":"2026-02-28T00:00:00","documentKey":"DOC-8888","dteToShost":null,"levParticipants":1},{"idAction":9000,"name":"Balanced Atomic Campaign 9000","codDiv":"DIV-9000","dteStartSellIn":"2026-01-01T00:00:00","dteEndSellIn":"2026-01-31T00:00:00","dteStartSellOut":"2026-02-01T00:00:00","dteEndSellOut":"2026-02-28T00:00:00","documentKey":"DOC-9000","dteToShost":null,"levParticipants":1},{"idAction":9999,"name":"I should not exist in DB","codDiv":"DIV-9999","dteStartSellIn":"2026-01-01T00:00:00","dteEndSellIn":"2026-01-31T00:00:00","dteStartSellOut":"2026-02-01T00:00:00","dteEndSellOut":"2026-02-28T00:00:00","documentKey":"DOC-9999","dteToShost":null,"levParticipants":1}]
2026-02-03 10:41:37.796 +05:00 [INF] HTTP GET /api/promotions/customer-relations responded 200 in 115.3299 ms | User: ali (N/A) | IP: ::1 | RequestBody:  | ResponseBody: [{"idAction":0,"codHier":"5555","codDiv":"div5555","codNode":"f5555","idLevel":1,"dteStart":"2026-01-15T00:00:00","codParentNode":"root","dteEnd":null},{"idAction":0,"codHier":"56","codDiv":"565","codNode":"56","idLevel":55,"dteStart":"2026-01-29T00:44:00","codParentNode":"haseeb","dteEnd":"2026-01-26T00:44:00"},{"idAction":0,"codHier":"H_1","codDiv":"D_1","codNode":"D_1","idLevel":1,"dteStart":"2026-01-30T00:00:00","codParentNode":"ROOT","dteEnd":null},{"idAction":0,"codHier":"H_1","codDiv":"D_1","codNode":"N_1","idLevel":1,"dteStart":"2026-01-30T09:35:43.289","codParentNode":"ROOT","dteEnd":null},{"idAction":0,"codHier":"H_10","codDiv":"DIV_10","codNode":"NODE_10","idLevel":10,"dteStart":"2026-01-01T14:45:00","codParentNode":"ROOT_10","dteEnd":"2026-01-31T14:44:00"},{"idAction":0,"codHier":"H_1111","codDiv":"DIV_1111","codNode":"NODE_1111","idLevel":11,"dteStart":"2026-01-01T17:00:00","codParentNode":"ROOT_1111","dteEnd":"2026-01-30T17:01:00"},{"idAction":0,"codHier":"H_12","codDiv":"DIV_12","codNode":"NODE_12","idLevel":12,"dteStart":"2026-02-03T12:26:00","codParentNode":"ROOT_12","dteEnd":"2026-02-06T12:26:00"},{"idAction":0,"codHier":"H_17","codDiv":"DIV_17","codNode":"NODE_17","idLevel":17,"dteStart":"2026-02-07T15:44:00","codParentNode":"ROOT_17","dteEnd":"2026-02-24T15:44:00"},{"idAction":0,"codHier":"H_19","codDiv":"DIV_19","codNode":"NODE_19","idLevel":19,"dteStart":"2026-02-04T13:59:00","codParentNode":"ROOT_19","dteEnd":"2026-02-05T13:59:00"},{"idAction":0,"codHier":"H_21","codDiv":"DIV_21","codNode":"NODE_21","idLevel":21,"dteStart":"2026-02-05T14:01:00","codParentNode":"ROOT_21","dteEnd":"2026-02-07T14:01:00"},{"idAction":0,"codHier":"H_222","codDiv":"DIV_222","codNode":"NODE_222","idLevel":222,"dteStart":"2026-02-04T12:53:00","codParentNode":"ROOT_222","dteEnd":"2026-02-06T12:53:00"},{"idAction":0,"codHier":"H_24","codDiv":"DIV_24","codNode":"NODE_24","idLevel":24,"dteStart":"2026-02-04T12:48:00","codParentNode":"ROOT_24","dteEnd":"2026-02-05T12:48:00"},{"idAction":0,"codHier":"H_25","codDiv":"DIV_25","codNode":"NODE_25","idLevel":25,"dteStart":"2026-02-10T14:04:00","codParentNode":"ROOT_25","dteEnd":"2026-02-11T14:04:00"},{"idAction":0,"codHier":"H_3","codDiv":"DIV_3","codNode":"NODE_3","idLevel":3,"dteStart":"2026-01-01T10:45:00","codParentNode":"ROOT_3","dteEnd":"2026-01-30T10:44:00"},{"idAction":0,"codHier":"H_5","codDiv":"DIV_5","codNode":"NODE_5","idLevel":5,"dteStart":"2026-01-30T10:50:00","codParentNode":"ROOT_5","dteEnd":"2026-01-31T10:48:00"},{"idAction":0,"codHier":"H_6","codDiv":"DIV_6","codNode":"NODE_6","idLevel":6,"dteStart":"2026-01-30T15:01:00","codParentNode":"ROOT_6","dteEnd":"2026-01-31T15:01:00"},{"idAction":0,"codHier":"H_656565","codDiv":"DIV_656565","codNode":"C_656565","idLevel":9,"dteStart":"2026-01-20T00:00:00","codParentNode":"ROOT","dteEnd":null},{"idAction":0,"codHier":"H_676767","codDiv":"DIV_676767","codNode":"NODE_676767","idLevel":676767,"dteStart":"2026-01-31T00:00:00","codParentNode":"ROOT","dteEnd":null},{"idAction":0,"codHier":"H_7","codDiv":"DIV_7","codNode":"NODE_7","idLevel":7,"dteStart":"2026-02-02T12:04:00","codParentNode":"ROOT_7","dteEnd":"2026-02-04T12:04:00"},{"idAction":0,"codHier":"H_87","codDiv":"DIV_87","codNode":"NODE_87","idLevel":87,"dteStart":"2026-02-06T14:07:00","codParentNode":"ROOT_87","dteEnd":"2026-02-26T14:07:00"},{"idAction":0,"codHier":"H_98","codDiv":"DIV_98","codNode":"NODE_98","idLevel":98,"dteStart":"2026-01-30T18:25:00","codParentNode":"ROOT_98","dteEnd":"2026-01-31T18:25:00"},{"idAction":0,"codHier":"H_999","codDiv":"D_5878","codNode":"N_878","idLevel":8,"dteStart":"2026-01-14T00:00:00","codParentNode":"ROOT","dteEnd":null},{"idAction":0,"codHier":"H_A","codDiv":"DIV_A","codNode":"NODE_A","idLevel":1,"dteStart":"2026-02-01T18:26:00","codParentNode":"ROOT_A","dteEnd":"2026-02-14T18:26:00"},{"idAction":0,"codHier":"H-1010","codDiv":"D-1010","codNode":"C-1010","idLevel":1,"dteStart":"2026-01-01T11:54:00","codParentNode":"root","dteEnd":"2026-01-12T11:54:00"},{"idAction":0,"codHier":"H-11","codDiv":"DIV-11","codNode":"C-11","idLevel":11,"dteStart":"2026-01-01T15:05:00","codParentNode":"ROOT","dteEnd":"2026-01-31T15:05:00"},{"idAction":0,"codHier":"H-1111","codDiv":"DIV-1111","codNode":"CUST-1111","idLevel":10,"dteStart":"2026-01-01T00:00:00","codParentNode":"ROOT","dteEnd":null},{"idAction":0,"codHier":"H-1414","codDiv":"D-1414","codNode":"C-1414","idLevel":4,"dteStart":"2026-01-01T14:45:00","codParentNode":"ROOT","dteEnd":"2026-01-15T14:45:00"},{"idAction":0,"codHier":"H-2","codDiv":"DIV-2","codNode":"CUST-2","idLevel":2,"dteStart":"2026-01-01T12:40:00","codParentNode":"ROOT","dteEnd":"2026-01-16T12:37:00"},{"idAction":0,"codHier":"H-2","codDiv":"DIV-2","codNode":"CUST-2","idLevel":2,"dteStart":"2026-01-21T12:37:00","codParentNode":"ROOT","dteEnd":"2026-01-24T12:37:00"},{"idAction":0,"codHier":"H-2020","codDiv":"D-2020","codNode":"C-2020","idLevel":2,"dteStart":"2026-01-02T12:27:00","codParentNode":"root","dteEnd":"2026-01-30T12:27:00"},{"idAction":0,"codHier":"H-2255","codDiv":"DIV-2255","codNode":"CUST-2255","idLevel":10,"dteStart":"2026-01-01T00:00:00","codParentNode":"ROOT","dteEnd":null},{"idAction":0,"codHier":"H-2323","codDiv":"D-2323","codNode":"C-2323","idLevel":4,"dteStart":"2026-01-01T12:48:00","codParentNode":"ROOT","dteEnd":"2026-01-12T12:49:00"},{"idAction":0,"codHier":"H-3333","codDiv":"DIV-3333","codNode":"CUST-3333","idLevel":10,"dteStart":"2026-01-01T00:00:00","codParentNode":"ROOT","dteEnd":null},{"idAction":0,"codHier":"H-3344","codDiv":"DIV-3345","codNode":"CUST-3345","idLevel":10,"dteStart":"2026-01-01T00:00:00","codParentNode":"ROOT","dteEnd":null},{"idAction":0,"codHier":"H-3345","codDiv":"DIV-3345","codNode":"CUST-3345","idLevel":10,"dteStart":"2026-01-01T00:00:00","codParentNode":"ROOT","dteEnd":null},{"idAction":0,"codHier":"H-4","codDiv":"DIV-4","codNode":"CUST-4","idLevel":4,"dteStart":"2026-01-01T14:44:00","codParentNode":"ROOT","dteEnd":"2026-01-02T14:44:00"},{"idAction":0,"codHier":"H-5555","codDiv":"DIV-5555","codNode":"CUST-5555","idLevel":10,"dteStart":"2026-01-01T00:00:00","codParentNode":"ROOT","dteEnd":null},{"idAction":0,"codHier":"H-6000","codDiv":"DIV-6000","codNode":"CUST-6000","idLevel":10,"dteStart":"2026-01-01T00:00:00","codParentNode":"ROOT","dteEnd":"2026-12-31T00:00:00"},{"idAction":0,"codHier":"H-6666","codDiv":"DIV-6666","codNode":"CUST-6666","idLevel":10,"dteStart":"2026-01-17T01:30:00","codParentNode":"ROOT","dteEnd":"2026-01-18T01:30:00"},{"idAction":0,"codHier":"H-6767","codDiv":"DIV-6767","codNode":"CUST-6767","idLevel":5,"dteStart":"2026-01-01T12:15:00","codParentNode":"ROOT","dteEnd":"2026-01-08T12:15:00"},{"idAction":0,"codHier":"H-7000","codDiv":"DIV-7000","codNode":"CUST-7000","idLevel":10,"dteStart":"2026-01-01T00:00:00","codParentNode":"ROOT","dteEnd":null},{"idAction":0,"codHier":"H-7777","codDiv":"DIV-7777","codNode":"CUST-7777","idLevel":10,"dteStart":"2026-01-01T00:00:00","codParentNode":"ROOT","dteEnd":null},{"idAction":0,"codHier":"H-7878","codDiv":"DIV-7878","codNode":"CUST-7878","idLevel":3,"dteStart":"2026-01-18T11:43:00","codParentNode":"ROOT","dteEnd":"2026-01-19T11:43:00"},{"idAction":0,"codHier":"H-8000","codDiv":"DIV-8000","codNode":"CUST-8000","idLevel":10,"dteStart":"2026-01-01T00:00:00","codParentNode":"ROOT","dteEnd":null},{"idAction":0,"codHier":"H-8888","codDiv":"DIV-8888","codNode":"CUST-8888","idLevel":10,"dteStart":"2026-01-01T00:00:00","codParentNode":"ROOT","dteEnd":null},{"idAction":0,"codHier":"H-9000","codDiv":"DIV-9000","codNode":"CUST-9000","idLevel":10,"dteStart":"2026-01-01T00:00:00","codParentNode":"ROOT","dteEnd":null},{"idAction":0,"codHier":"H-9999","codDiv":"DIV-9999","codNode":"CUST-9999","idLevel":10,"dteStart":"2026-01-01T00:00:00","codParentNode":"ROOT","dteEnd":null},{"idAction":0,"codHier":"HIER_CORP","codDiv":"DIV01","codNode":"NODE_9111","idLevel":1,"dteStart":"2026-01-15T00:00:00","codParentNode":"ROOT_NODE","dteEnd":null}]
2026-02-03 10:41:37.798 +05:00 [INF] HTTP GET /api/promotions/actions responded 200 in 109.4264 ms
2026-02-03 10:41:37.798 +05:00 [INF] HTTP GET /api/promotions/delivery-points responded 200 in 127.9642 ms | User: ali (N/A) | IP: ::1 | RequestBody:  | ResponseBody: [{"idAction":3,"codDeliveryPoint":"D_1","flgInclusion":true,"codHier":"H_1","codDiv":"D_1","codNode":"D_1","idLevel":1,"dteStart":"2026-01-30T00:00:00"},{"idAction":3,"codDeliveryPoint":"NODE_3","flgInclusion":false,"codHier":"H_3","codDiv":"DIV_3","codNode":"NODE_3","idLevel":3,"dteStart":"2026-01-01T10:45:00"},{"idAction":3,"codDeliveryPoint":"NODE_5","flgInclusion":false,"codHier":"H_5","codDiv":"DIV_5","codNode":"NODE_5","idLevel":5,"dteStart":"2026-01-30T10:50:00"},{"idAction":5,"codDeliveryPoint":"NODE_5","flgInclusion":false,"codHier":"H_5","codDiv":"DIV_5","codNode":"NODE_5","idLevel":5,"dteStart":"2026-01-30T10:50:00"},{"idAction":6,"codDeliveryPoint":"D_1","flgInclusion":true,"codHier":"H_1","codDiv":"D_1","codNode":"D_1","idLevel":1,"dteStart":"2026-01-30T00:00:00"},{"idAction":6,"codDeliveryPoint":"D_656565","flgInclusion":true,"codHier":"H_656565","codDiv":"DIV_656565","codNode":"C_656565","idLevel":9,"dteStart":"2026-01-20T00:00:00"},{"idAction":6,"codDeliveryPoint":"NODE_3","flgInclusion":false,"codHier":"H_3","codDiv":"DIV_3","codNode":"NODE_3","idLevel":3,"dteStart":"2026-01-01T10:45:00"},{"idAction":6,"codDeliveryPoint":"NODE_5","flgInclusion":false,"codHier":"H_5","codDiv":"DIV_5","codNode":"NODE_5","idLevel":5,"dteStart":"2026-01-30T10:50:00"},{"idAction":6,"codDeliveryPoint":"NODE_6","flgInclusion":true,"codHier":"H_6","codDiv":"DIV_6","codNode":"NODE_6","idLevel":6,"dteStart":"2026-01-30T15:01:00"},{"idAction":7,"codDeliveryPoint":"NODE_7","flgInclusion":true,"codHier":"H_7","codDiv":"DIV_7","codNode":"NODE_7","idLevel":7,"dteStart":"2026-02-02T12:04:00"},{"idAction":10,"codDeliveryPoint":"NODE_10","flgInclusion":true,"codHier":"H_10","codDiv":"DIV_10","codNode":"NODE_10","idLevel":10,"dteStart":"2026-01-01T14:45:00"},{"idAction":24,"codDeliveryPoint":"NODE_24","flgInclusion":true,"codHier":"H_24","codDiv":"DIV_24","codNode":"NODE_24","idLevel":24,"dteStart":"2026-02-04T12:48:00"},{"idAction":87,"codDeliveryPoint":"NODE_87","flgInclusion":true,"codHier":"H_87","codDiv":"DIV_87","codNode":"NODE_87","idLevel":87,"dteStart":"2026-02-06T14:07:00"},{"idAction":98,"codDeliveryPoint":"NODE_98","flgInclusion":true,"codHier":"H_98","codDiv":"DIV_98","codNode":"NODE_98","idLevel":98,"dteStart":"2026-01-30T18:25:00"},{"idAction":321,"codDeliveryPoint":"NODE_A","flgInclusion":true,"codHier":"H_A","codDiv":"DIV_A","codNode":"NODE_A","idLevel":1,"dteStart":"2026-02-01T18:26:00"},{"idAction":1111,"codDeliveryPoint":"NODE_1111","flgInclusion":true,"codHier":"H_1111","codDiv":"DIV_1111","codNode":"NODE_1111","idLevel":11,"dteStart":"2026-01-01T17:00:00"},{"idAction":5005,"codDeliveryPoint":"","flgInclusion":true,"codHier":"H-2255","codDiv":"DIV-2255","codNode":"CUST-2255","idLevel":10,"dteStart":"2026-01-01T00:00:00"},{"idAction":6767,"codDeliveryPoint":"DP-6767","flgInclusion":true,"codHier":"H-6767","codDiv":"DIV-6767","codNode":"CUST-6767","idLevel":5,"dteStart":"2026-01-01T12:15:00"},{"idAction":7000,"codDeliveryPoint":"DP-7000","flgInclusion":true,"codHier":"H-7000","codDiv":"DIV-7000","codNode":"CUST-7000","idLevel":10,"dteStart":"2026-01-01T00:00:00"}]
2026-02-03 10:41:37.799 +05:00 [INF] HTTP GET /api/participants/all responded 200 in 128.7042 ms | User: ali (N/A) | IP: ::1 | RequestBody:  | ResponseBody: [{"idAction":3,"codParticipant":"N_1","flgInclusion":true,"codHier":"H_1","codDiv":"D_1","codNode":"N_1","idLevel":1,"dteStart":"2026-01-30T09:35:43.289"},{"idAction":3,"codParticipant":"NODE_3","flgInclusion":true,"codHier":"H_3","codDiv":"DIV_3","codNode":"NODE_3","idLevel":3,"dteStart":"2026-01-01T10:45:00"},{"idAction":3,"codParticipant":"NODE_5","flgInclusion":true,"codHier":"H_5","codDiv":"DIV_5","codNode":"NODE_5","idLevel":5,"dteStart":"2026-01-30T10:50:00"},{"idAction":5,"codParticipant":"NODE_5","flgInclusion":true,"codHier":"H_5","codDiv":"DIV_5","codNode":"NODE_5","idLevel":5,"dteStart":"2026-01-30T10:50:00"},{"idAction":6,"codParticipant":"N_9898","flgInclusion":true,"codHier":"H_999","codDiv":"D_5878","codNode":"N_878","idLevel":8,"dteStart":"2026-01-14T00:00:00"},{"idAction":6,"codParticipant":"NODE_3","flgInclusion":true,"codHier":"H_3","codDiv":"DIV_3","codNode":"NODE_3","idLevel":3,"dteStart":"2026-01-01T10:45:00"},{"idAction":6,"codParticipant":"NODE_5","flgInclusion":true,"codHier":"H_5","codDiv":"DIV_5","codNode":"NODE_5","idLevel":5,"dteStart":"2026-01-30T10:50:00"},{"idAction":6,"codParticipant":"NODE_6","flgInclusion":true,"codHier":"H_6","codDiv":"DIV_6","codNode":"NODE_6","idLevel":6,"dteStart":"2026-01-30T15:01:00"},{"idAction":6,"codParticipant":"NODE_676767","flgInclusion":true,"codHier":"H_676767","codDiv":"DIV_676767","codNode":"NODE_676767","idLevel":676767,"dteStart":"2026-01-31T00:00:00"},{"idAction":6,"codParticipant":"P-9000","flgInclusion":true,"codHier":"H-9000","codDiv":"DIV-9000","codNode":"CUST-9000","idLevel":10,"dteStart":"2026-01-01T00:00:00"},{"idAction":7,"codParticipant":"NODE_7","flgInclusion":true,"codHier":"H_7","codDiv":"DIV_7","codNode":"NODE_7","idLevel":7,"dteStart":"2026-02-02T12:04:00"},{"idAction":10,"codParticipant":"NODE_10","flgInclusion":true,"codHier":"H_10","codDiv":"DIV_10","codNode":"NODE_10","idLevel":10,"dteStart":"2026-01-01T14:45:00"},{"idAction":24,"codParticipant":"NODE_24","flgInclusion":true,"codHier":"H_24","codDiv":"DIV_24","codNode":"NODE_24","idLevel":24,"dteStart":"2026-02-04T12:48:00"},{"idAction":87,"codParticipant":"NODE_87","flgInclusion":true,"codHier":"H_87","codDiv":"DIV_87","codNode":"NODE_87","idLevel":87,"dteStart":"2026-02-06T14:07:00"},{"idAction":98,"codParticipant":"NODE_98","flgInclusion":true,"codHier":"H_98","codDiv":"DIV_98","codNode":"NODE_98","idLevel":98,"dteStart":"2026-01-30T18:25:00"},{"idAction":321,"codParticipant":"NODE_A","flgInclusion":true,"codHier":"H_A","codDiv":"DIV_A","codNode":"NODE_A","idLevel":1,"dteStart":"2026-02-01T18:26:00"},{"idAction":1111,"codParticipant":"NODE_1111","flgInclusion":true,"codHier":"H_1111","codDiv":"DIV_1111","codNode":"NODE_1111","idLevel":11,"dteStart":"2026-01-01T17:00:00"},{"idAction":2323,"codParticipant":"P-2323","flgInclusion":true,"codHier":"H-2323","codDiv":"D-2323","codNode":"C-2323","idLevel":4,"dteStart":"2026-01-01T12:48:00"},{"idAction":5005,"codParticipant":"","flgInclusion":true,"codHier":"H-9999","codDiv":"DIV-9999","codNode":"CUST-9999","idLevel":10,"dteStart":"2026-01-01T00:00:00"},{"idAction":6000,"codParticipant":"P-6000","flgInclusion":true,"codHier":"H-6000","codDiv":"DIV-6000","codNode":"CUST-6000","idLevel":10,"dteStart":"2026-01-01T00:00:00"},{"idAction":6767,"codParticipant":"P-6767","flgInclusion":false,"codHier":"H-6767","codDiv":"DIV-6767","codNode":"CUST-6767","idLevel":5,"dteStart":"2026-01-01T12:15:00"},{"idAction":7000,"codParticipant":"P-7000","flgInclusion":true,"codHier":"H-7000","codDiv":"DIV-7000","codNode":"CUST-7000","idLevel":10,"dteStart":"2026-01-01T00:00:00"},{"idAction":8888,"codParticipant":"P-8888","flgInclusion":true,"codHier":"H-8888","codDiv":"DIV-8888","codNode":"CUST-8888","idLevel":10,"dteStart":"2026-01-01T00:00:00"},{"idAction":9000,"codParticipant":"P-9000","flgInclusion":true,"codHier":"H-9000","codDiv":"DIV-9000","codNode":"CUST-9000","idLevel":10,"dteStart":"2026-01-01T00:00:00"},{"idAction":9999,"codParticipant":"P-9999","flgInclusion":true,"codHier":"H-9999","codDiv":"DIV-9999","codNode":"CUST-9999","idLevel":10,"dteStart":"2026-01-01T00:00:00"}]
2026-02-03 10:41:37.818 +05:00 [INF] HTTP GET /api/promotions/delivery-points responded 200 in 148.2003 ms
2026-02-03 10:41:37.803 +05:00 [INF] HTTP GET /api/promotions/customer-relations responded 200 in 123.2692 ms
2026-02-03 10:41:37.828 +05:00 [INF] HTTP GET /api/participants/all responded 200 in 157.4594 ms
2026-02-03 10:41:37.853 +05:00 [INF] HTTP GET /api/promotions/dashboard/metrics responded 200 in 7311.4107 ms | User: ali (N/A) | IP: ::1 | RequestBody:  | ResponseBody: {"totalPromotions":22,"totalProducts":57,"totalParticipants":25,"activeActions":5,"pendingActions":5,"expiredActions":12,"estimatedRevenue":0,"activityTrend":[{"dateLabel":"07","active":5,"pending":16,"failed":1},{"dateLabel":"10","active":6,"pending":15,"failed":1},{"dateLabel":"13","active":6,"pending":15,"failed":2},{"dateLabel":"16","active":7,"pending":14,"failed":2},{"dateLabel":"19","active":5,"pending":14,"failed":4},{"dateLabel":"22","active":5,"pending":13,"failed":5},{"dateLabel":"25","active":6,"pending":12,"failed":5},{"dateLabel":"28","active":6,"pending":12,"failed":5},{"dateLabel":"31","active":1,"pending":11,"failed":11},{"dateLabel":"03","active":5,"pending":5,"failed":12}]}
2026-02-03 10:41:37.856 +05:00 [INF] HTTP GET /api/promotions/dashboard/metrics responded 200 in 7314.0435 ms
2026-02-03 10:41:37.931 +05:00 [INF] HTTP GET /api/promotions/dashboard/metrics responded 200 in 27.6164 ms | User: ali (N/A) | IP: ::1 | RequestBody:  | ResponseBody: {"totalPromotions":22,"totalProducts":57,"totalParticipants":25,"activeActions":5,"pendingActions":5,"expiredActions":12,"estimatedRevenue":0,"activityTrend":[{"dateLabel":"07","active":5,"pending":16,"failed":1},{"dateLabel":"10","active":6,"pending":15,"failed":1},{"dateLabel":"13","active":6,"pending":15,"failed":2},{"dateLabel":"16","active":7,"pending":14,"failed":2},{"dateLabel":"19","active":5,"pending":14,"failed":4},{"dateLabel":"22","active":5,"pending":13,"failed":5},{"dateLabel":"25","active":6,"pending":12,"failed":5},{"dateLabel":"28","active":6,"pending":12,"failed":5},{"dateLabel":"31","active":1,"pending":11,"failed":11},{"dateLabel":"03","active":5,"pending":5,"failed":12}]}
2026-02-03 10:41:37.934 +05:00 [INF] HTTP GET /api/promotions/dashboard/metrics responded 200 in 30.9302 ms
2026-02-03 10:41:53.442 +05:00 [INF] HTTP GET /api/promotions/actions responded 200 in 23.1830 ms | User: ali (N/A) | IP: ::1 | RequestBody:  | ResponseBody: [{"idAction":3,"name":"PROMO_3","codDiv":"DIV_3","dteStartSellIn":"2026-02-01T00:00:00","dteEndSellIn":"2026-02-28T00:00:00","dteStartSellOut":"2026-01-25T00:00:00","dteEndSellOut":"2026-01-30T00:00:00","documentKey":"KEY_3","dteToShost":"2026-01-10T00:00:00","levParticipants":3},{"idAction":5,"name":"PROMO_5_5","codDiv":"DIV_5","dteStartSellIn":"2026-02-24T00:00:00","dteEndSellIn":"2026-02-21T00:00:00","dteStartSellOut":"2026-02-24T00:00:00","dteEndSellOut":"2026-02-27T00:00:00","documentKey":"DOC_KEY_is_5","dteToShost":"2026-01-18T00:00:00","levParticipants":55555555},{"idAction":6,"name":"PROMO_6","codDiv":"DIV_6","dteStartSellIn":"2026-02-01T00:00:00","dteEndSellIn":"2026-02-25T00:00:00","dteStartSellOut":"2026-01-15T00:00:00","dteEndSellOut":"2026-01-24T00:00:00","documentKey":"DOCC_6_KEY","dteToShost":"2026-01-15T00:00:00","levParticipants":6},{"idAction":7,"name":"PROMO_7","codDiv":"DIV_7","dteStartSellIn":"2026-02-06T12:05:00","dteEndSellIn":"2026-02-07T12:05:00","dteStartSellOut":"2026-02-08T12:05:00","dteEndSellOut":"2026-02-09T12:05:00","documentKey":"KEY_7","dteToShost":"2026-02-05T12:04:00","levParticipants":7},{"idAction":10,"name":"PROMO_10","codDiv":"DIV_10","dteStartSellIn":"2026-01-30T14:45:00","dteEndSellIn":"2026-01-31T14:45:00","dteStartSellOut":"2026-01-23T14:45:00","dteEndSellOut":"2026-01-24T14:45:00","documentKey":"DOCC_KEY_10","dteToShost":"2026-01-29T14:44:00","levParticipants":10},{"idAction":12,"name":"PROMO_12","codDiv":"DIV_12","dteStartSellIn":"2026-02-06T12:27:00","dteEndSellIn":"2026-02-07T12:27:00","dteStartSellOut":"2026-02-08T12:27:00","dteEndSellOut":"2026-02-09T12:27:00","documentKey":"KEY_12","dteToShost":"2026-02-03T12:26:00","levParticipants":12},{"idAction":24,"name":"PROMO_24","codDiv":"DIV_24","dteStartSellIn":"2026-02-05T12:48:00","dteEndSellIn":"2026-02-06T12:48:00","dteStartSellOut":"2026-02-07T12:48:00","dteEndSellOut":"2026-02-08T12:48:00","documentKey":"KEY_24","dteToShost":"2026-02-03T12:48:00","levParticipants":24},{"idAction":45,"name":"cccc","codDiv":"DIV01","dteStartSellIn":"2026-01-16T00:00:00","dteEndSellIn":"2026-01-17T00:00:00","dteStartSellOut":"2026-01-16T00:00:00","dteEndSellOut":"2026-01-17T00:00:00","documentKey":null,"dteToShost":null,"levParticipants":2},{"idAction":87,"name":"promo_87","codDiv":"DIV_87","dteStartSellIn":"2026-02-07T14:44:00","dteEndSellIn":"2026-02-10T14:44:00","dteStartSellOut":"2026-02-22T14:44:00","dteEndSellOut":"2026-02-26T14:44:00","documentKey":"KEY_87","dteToShost":"2026-02-03T14:44:00","levParticipants":87},{"idAction":98,"name":"PROMO_98","codDiv":"DIV_98","dteStartSellIn":"2026-01-08T18:25:00","dteEndSellIn":"2026-01-17T18:25:00","dteStartSellOut":"2026-01-28T18:25:00","dteEndSellOut":"2026-01-30T18:25:00","documentKey":"DOCC_98","dteToShost":"2026-01-31T18:25:00","levParticipants":98},{"idAction":321,"name":"PROMO_321","codDiv":"DIV_A","dteStartSellIn":"2026-02-01T18:27:00","dteEndSellIn":"2026-02-28T18:27:00","dteStartSellOut":"2026-02-04T18:27:00","dteEndSellOut":"2026-02-23T18:27:00","documentKey":"KEY_A","dteToShost":"2026-02-03T18:27:00","levParticipants":1},{"idAction":1111,"name":"PROMO_1111","codDiv":"DIV_1111","dteStartSellIn":"2026-01-01T17:00:00","dteEndSellIn":"2026-01-30T17:02:00","dteStartSellOut":"2026-01-17T17:02:00","dteEndSellOut":"2026-01-28T17:02:00","documentKey":"1111_DOCC_KEY","dteToShost":"2026-01-13T17:02:00","levParticipants":11},{"idAction":2020,"name":"Spring Special 2020","codDiv":"D-2020","dteStartSellIn":"2026-01-03T12:28:00","dteEndSellIn":"2026-01-04T12:28:00","dteStartSellOut":"2026-01-05T12:28:00","dteEndSellOut":"2026-01-06T12:28:00","documentKey":"DOC-SPRING-2020","dteToShost":"2026-01-02T12:28:00","levParticipants":1},{"idAction":2222,"name":"haseeb","codDiv":"DIV02","dteStartSellIn":"2026-02-01T00:00:00","dteEndSellIn":"2026-01-11T00:00:00","dteStartSellOut":"2026-01-28T00:00:00","dteEndSellOut":"2026-01-30T00:00:00","documentKey":"","dteToShost":null,"levParticipants":2},{"idAction":2323,"name":"Winter Sale Campaign 2323","codDiv":"D-2323","dteStartSellIn":"2026-01-19T14:39:00","dteEndSellIn":"2026-01-20T14:40:00","dteStartSellOut":"2026-01-21T14:40:00","dteEndSellOut":"2026-01-22T14:40:00","documentKey":"DOC-WINTER-2323","dteToShost":"2026-01-30T14:39:00","levParticipants":1},{"idAction":5005,"name":"bbb","codDiv":"DIV5005","dteStartSellIn":"2026-01-23T00:00:00","dteEndSellIn":"2026-01-30T00:00:00","dteStartSellOut":"2026-01-26T00:00:00","dteEndSellOut":"2026-01-18T00:00:00","documentKey":"555553","dteToShost":"2026-01-19T00:00:00","levParticipants":14},{"idAction":6000,"name":"Zero Redundancy Campaign 6000","codDiv":"DIV-6000","dteStartSellIn":"2026-02-01T00:00:00","dteEndSellIn":"2026-02-24T00:00:00","dteStartSellOut":"2026-02-01T00:00:00","dteEndSellOut":"2026-02-28T00:00:00","documentKey":"DOC-6000","dteToShost":"2026-01-05T00:00:00","levParticipants":1},{"idAction":6767,"name":"XTEL Launch Promo 6767","codDiv":"DIV-6767","dteStartSellIn":"2026-02-01T00:00:00","dteEndSellIn":"2026-02-28T00:00:00","dteStartSellOut":"2026-01-22T00:00:00","dteEndSellOut":"2026-01-23T00:00:00","documentKey":"DOC-XTEL-6767","dteToShost":"2026-01-03T00:00:00","levParticipants":1},{"idAction":7000,"name":"Atomic Campaign 7000","codDiv":"DIV-7000","dteStartSellIn":"2026-01-01T00:00:00","dteEndSellIn":"2026-01-31T00:00:00","dteStartSellOut":"2026-02-01T00:00:00","dteEndSellOut":"2026-02-28T00:00:00","documentKey":"DOC-7000","dteToShost":null,"levParticipants":1},{"idAction":8888,"name":"Atomic Campaign 8888 Complete","codDiv":"DIV-8888","dteStartSellIn":"2026-01-01T00:00:00","dteEndSellIn":"2026-01-31T00:00:00","dteStartSellOut":"2026-02-01T00:00:00","dteEndSellOut":"2026-02-28T00:00:00","documentKey":"DOC-8888","dteToShost":null,"levParticipants":1},{"idAction":9000,"name":"Balanced Atomic Campaign 9000","codDiv":"DIV-9000","dteStartSellIn":"2026-01-01T00:00:00","dteEndSellIn":"2026-01-31T00:00:00","dteStartSellOut":"2026-02-01T00:00:00","dteEndSellOut":"2026-02-28T00:00:00","documentKey":"DOC-9000","dteToShost":null,"levParticipants":1},{"idAction":9999,"name":"I should not exist in DB","codDiv":"DIV-9999","dteStartSellIn":"2026-01-01T00:00:00","dteEndSellIn":"2026-01-31T00:00:00","dteStartSellOut":"2026-02-01T00:00:00","dteEndSellOut":"2026-02-28T00:00:00","documentKey":"DOC-9999","dteToShost":null,"levParticipants":1}]
2026-02-03 10:41:53.443 +05:00 [INF] HTTP GET /api/promotions/customer-relations responded 200 in 24.6561 ms | User: ali (N/A) | IP: ::1 | RequestBody:  | ResponseBody: [{"idAction":0,"codHier":"5555","codDiv":"div5555","codNode":"f5555","idLevel":1,"dteStart":"2026-01-15T00:00:00","codParentNode":"root","dteEnd":null},{"idAction":0,"codHier":"56","codDiv":"565","codNode":"56","idLevel":55,"dteStart":"2026-01-29T00:44:00","codParentNode":"haseeb","dteEnd":"2026-01-26T00:44:00"},{"idAction":0,"codHier":"H_1","codDiv":"D_1","codNode":"D_1","idLevel":1,"dteStart":"2026-01-30T00:00:00","codParentNode":"ROOT","dteEnd":null},{"idAction":0,"codHier":"H_1","codDiv":"D_1","codNode":"N_1","idLevel":1,"dteStart":"2026-01-30T09:35:43.289","codParentNode":"ROOT","dteEnd":null},{"idAction":0,"codHier":"H_10","codDiv":"DIV_10","codNode":"NODE_10","idLevel":10,"dteStart":"2026-01-01T14:45:00","codParentNode":"ROOT_10","dteEnd":"2026-01-31T14:44:00"},{"idAction":0,"codHier":"H_1111","codDiv":"DIV_1111","codNode":"NODE_1111","idLevel":11,"dteStart":"2026-01-01T17:00:00","codParentNode":"ROOT_1111","dteEnd":"2026-01-30T17:01:00"},{"idAction":0,"codHier":"H_12","codDiv":"DIV_12","codNode":"NODE_12","idLevel":12,"dteStart":"2026-02-03T12:26:00","codParentNode":"ROOT_12","dteEnd":"2026-02-06T12:26:00"},{"idAction":0,"codHier":"H_17","codDiv":"DIV_17","codNode":"NODE_17","idLevel":17,"dteStart":"2026-02-07T15:44:00","codParentNode":"ROOT_17","dteEnd":"2026-02-24T15:44:00"},{"idAction":0,"codHier":"H_19","codDiv":"DIV_19","codNode":"NODE_19","idLevel":19,"dteStart":"2026-02-04T13:59:00","codParentNode":"ROOT_19","dteEnd":"2026-02-05T13:59:00"},{"idAction":0,"codHier":"H_21","codDiv":"DIV_21","codNode":"NODE_21","idLevel":21,"dteStart":"2026-02-05T14:01:00","codParentNode":"ROOT_21","dteEnd":"2026-02-07T14:01:00"},{"idAction":0,"codHier":"H_222","codDiv":"DIV_222","codNode":"NODE_222","idLevel":222,"dteStart":"2026-02-04T12:53:00","codParentNode":"ROOT_222","dteEnd":"2026-02-06T12:53:00"},{"idAction":0,"codHier":"H_24","codDiv":"DIV_24","codNode":"NODE_24","idLevel":24,"dteStart":"2026-02-04T12:48:00","codParentNode":"ROOT_24","dteEnd":"2026-02-05T12:48:00"},{"idAction":0,"codHier":"H_25","codDiv":"DIV_25","codNode":"NODE_25","idLevel":25,"dteStart":"2026-02-10T14:04:00","codParentNode":"ROOT_25","dteEnd":"2026-02-11T14:04:00"},{"idAction":0,"codHier":"H_3","codDiv":"DIV_3","codNode":"NODE_3","idLevel":3,"dteStart":"2026-01-01T10:45:00","codParentNode":"ROOT_3","dteEnd":"2026-01-30T10:44:00"},{"idAction":0,"codHier":"H_5","codDiv":"DIV_5","codNode":"NODE_5","idLevel":5,"dteStart":"2026-01-30T10:50:00","codParentNode":"ROOT_5","dteEnd":"2026-01-31T10:48:00"},{"idAction":0,"codHier":"H_6","codDiv":"DIV_6","codNode":"NODE_6","idLevel":6,"dteStart":"2026-01-30T15:01:00","codParentNode":"ROOT_6","dteEnd":"2026-01-31T15:01:00"},{"idAction":0,"codHier":"H_656565","codDiv":"DIV_656565","codNode":"C_656565","idLevel":9,"dteStart":"2026-01-20T00:00:00","codParentNode":"ROOT","dteEnd":null},{"idAction":0,"codHier":"H_676767","codDiv":"DIV_676767","codNode":"NODE_676767","idLevel":676767,"dteStart":"2026-01-31T00:00:00","codParentNode":"ROOT","dteEnd":null},{"idAction":0,"codHier":"H_7","codDiv":"DIV_7","codNode":"NODE_7","idLevel":7,"dteStart":"2026-02-02T12:04:00","codParentNode":"ROOT_7","dteEnd":"2026-02-04T12:04:00"},{"idAction":0,"codHier":"H_87","codDiv":"DIV_87","codNode":"NODE_87","idLevel":87,"dteStart":"2026-02-06T14:07:00","codParentNode":"ROOT_87","dteEnd":"2026-02-26T14:07:00"},{"idAction":0,"codHier":"H_98","codDiv":"DIV_98","codNode":"NODE_98","idLevel":98,"dteStart":"2026-01-30T18:25:00","codParentNode":"ROOT_98","dteEnd":"2026-01-31T18:25:00"},{"idAction":0,"codHier":"H_999","codDiv":"D_5878","codNode":"N_878","idLevel":8,"dteStart":"2026-01-14T00:00:00","codParentNode":"ROOT","dteEnd":null},{"idAction":0,"codHier":"H_A","codDiv":"DIV_A","codNode":"NODE_A","idLevel":1,"dteStart":"2026-02-01T18:26:00","codParentNode":"ROOT_A","dteEnd":"2026-02-14T18:26:00"},{"idAction":0,"codHier":"H-1010","codDiv":"D-1010","codNode":"C-1010","idLevel":1,"dteStart":"2026-01-01T11:54:00","codParentNode":"root","dteEnd":"2026-01-12T11:54:00"},{"idAction":0,"codHier":"H-11","codDiv":"DIV-11","codNode":"C-11","idLevel":11,"dteStart":"2026-01-01T15:05:00","codParentNode":"ROOT","dteEnd":"2026-01-31T15:05:00"},{"idAction":0,"codHier":"H-1111","codDiv":"DIV-1111","codNode":"CUST-1111","idLevel":10,"dteStart":"2026-01-01T00:00:00","codParentNode":"ROOT","dteEnd":null},{"idAction":0,"codHier":"H-1414","codDiv":"D-1414","codNode":"C-1414","idLevel":4,"dteStart":"2026-01-01T14:45:00","codParentNode":"ROOT","dteEnd":"2026-01-15T14:45:00"},{"idAction":0,"codHier":"H-2","codDiv":"DIV-2","codNode":"CUST-2","idLevel":2,"dteStart":"2026-01-01T12:40:00","codParentNode":"ROOT","dteEnd":"2026-01-16T12:37:00"},{"idAction":0,"codHier":"H-2","codDiv":"DIV-2","codNode":"CUST-2","idLevel":2,"dteStart":"2026-01-21T12:37:00","codParentNode":"ROOT","dteEnd":"2026-01-24T12:37:00"},{"idAction":0,"codHier":"H-2020","codDiv":"D-2020","codNode":"C-2020","idLevel":2,"dteStart":"2026-01-02T12:27:00","codParentNode":"root","dteEnd":"2026-01-30T12:27:00"},{"idAction":0,"codHier":"H-2255","codDiv":"DIV-2255","codNode":"CUST-2255","idLevel":10,"dteStart":"2026-01-01T00:00:00","codParentNode":"ROOT","dteEnd":null},{"idAction":0,"codHier":"H-2323","codDiv":"D-2323","codNode":"C-2323","idLevel":4,"dteStart":"2026-01-01T12:48:00","codParentNode":"ROOT","dteEnd":"2026-01-12T12:49:00"},{"idAction":0,"codHier":"H-3333","codDiv":"DIV-3333","codNode":"CUST-3333","idLevel":10,"dteStart":"2026-01-01T00:00:00","codParentNode":"ROOT","dteEnd":null},{"idAction":0,"codHier":"H-3344","codDiv":"DIV-3345","codNode":"CUST-3345","idLevel":10,"dteStart":"2026-01-01T00:00:00","codParentNode":"ROOT","dteEnd":null},{"idAction":0,"codHier":"H-3345","codDiv":"DIV-3345","codNode":"CUST-3345","idLevel":10,"dteStart":"2026-01-01T00:00:00","codParentNode":"ROOT","dteEnd":null},{"idAction":0,"codHier":"H-4","codDiv":"DIV-4","codNode":"CUST-4","idLevel":4,"dteStart":"2026-01-01T14:44:00","codParentNode":"ROOT","dteEnd":"2026-01-02T14:44:00"},{"idAction":0,"codHier":"H-5555","codDiv":"DIV-5555","codNode":"CUST-5555","idLevel":10,"dteStart":"2026-01-01T00:00:00","codParentNode":"ROOT","dteEnd":null},{"idAction":0,"codHier":"H-6000","codDiv":"DIV-6000","codNode":"CUST-6000","idLevel":10,"dteStart":"2026-01-01T00:00:00","codParentNode":"ROOT","dteEnd":"2026-12-31T00:00:00"},{"idAction":0,"codHier":"H-6666","codDiv":"DIV-6666","codNode":"CUST-6666","idLevel":10,"dteStart":"2026-01-17T01:30:00","codParentNode":"ROOT","dteEnd":"2026-01-18T01:30:00"},{"idAction":0,"codHier":"H-6767","codDiv":"DIV-6767","codNode":"CUST-6767","idLevel":5,"dteStart":"2026-01-01T12:15:00","codParentNode":"ROOT","dteEnd":"2026-01-08T12:15:00"},{"idAction":0,"codHier":"H-7000","codDiv":"DIV-7000","codNode":"CUST-7000","idLevel":10,"dteStart":"2026-01-01T00:00:00","codParentNode":"ROOT","dteEnd":null},{"idAction":0,"codHier":"H-7777","codDiv":"DIV-7777","codNode":"CUST-7777","idLevel":10,"dteStart":"2026-01-01T00:00:00","codParentNode":"ROOT","dteEnd":null},{"idAction":0,"codHier":"H-7878","codDiv":"DIV-7878","codNode":"CUST-7878","idLevel":3,"dteStart":"2026-01-18T11:43:00","codParentNode":"ROOT","dteEnd":"2026-01-19T11:43:00"},{"idAction":0,"codHier":"H-8000","codDiv":"DIV-8000","codNode":"CUST-8000","idLevel":10,"dteStart":"2026-01-01T00:00:00","codParentNode":"ROOT","dteEnd":null},{"idAction":0,"codHier":"H-8888","codDiv":"DIV-8888","codNode":"CUST-8888","idLevel":10,"dteStart":"2026-01-01T00:00:00","codParentNode":"ROOT","dteEnd":null},{"idAction":0,"codHier":"H-9000","codDiv":"DIV-9000","codNode":"CUST-9000","idLevel":10,"dteStart":"2026-01-01T00:00:00","codParentNode":"ROOT","dteEnd":null},{"idAction":0,"codHier":"H-9999","codDiv":"DIV-9999","codNode":"CUST-9999","idLevel":10,"dteStart":"2026-01-01T00:00:00","codParentNode":"ROOT","dteEnd":null},{"idAction":0,"codHier":"HIER_CORP","codDiv":"DIV01","codNode":"NODE_9111","idLevel":1,"dteStart":"2026-01-15T00:00:00","codParentNode":"ROOT_NODE","dteEnd":null}]
2026-02-03 10:41:53.449 +05:00 [INF] HTTP GET /api/promotions/actions responded 200 in 30.1295 ms
2026-02-03 10:41:53.450 +05:00 [INF] HTTP GET /api/promotions/customer-relations responded 200 in 31.6147 ms
2026-02-03 10:41:53.523 +05:00 [INF] HTTP GET /api/promotions/actions responded 200 in 8.1525 ms | User: ali (N/A) | IP: ::1 | RequestBody:  | ResponseBody: [{"idAction":3,"name":"PROMO_3","codDiv":"DIV_3","dteStartSellIn":"2026-02-01T00:00:00","dteEndSellIn":"2026-02-28T00:00:00","dteStartSellOut":"2026-01-25T00:00:00","dteEndSellOut":"2026-01-30T00:00:00","documentKey":"KEY_3","dteToShost":"2026-01-10T00:00:00","levParticipants":3},{"idAction":5,"name":"PROMO_5_5","codDiv":"DIV_5","dteStartSellIn":"2026-02-24T00:00:00","dteEndSellIn":"2026-02-21T00:00:00","dteStartSellOut":"2026-02-24T00:00:00","dteEndSellOut":"2026-02-27T00:00:00","documentKey":"DOC_KEY_is_5","dteToShost":"2026-01-18T00:00:00","levParticipants":55555555},{"idAction":6,"name":"PROMO_6","codDiv":"DIV_6","dteStartSellIn":"2026-02-01T00:00:00","dteEndSellIn":"2026-02-25T00:00:00","dteStartSellOut":"2026-01-15T00:00:00","dteEndSellOut":"2026-01-24T00:00:00","documentKey":"DOCC_6_KEY","dteToShost":"2026-01-15T00:00:00","levParticipants":6},{"idAction":7,"name":"PROMO_7","codDiv":"DIV_7","dteStartSellIn":"2026-02-06T12:05:00","dteEndSellIn":"2026-02-07T12:05:00","dteStartSellOut":"2026-02-08T12:05:00","dteEndSellOut":"2026-02-09T12:05:00","documentKey":"KEY_7","dteToShost":"2026-02-05T12:04:00","levParticipants":7},{"idAction":10,"name":"PROMO_10","codDiv":"DIV_10","dteStartSellIn":"2026-01-30T14:45:00","dteEndSellIn":"2026-01-31T14:45:00","dteStartSellOut":"2026-01-23T14:45:00","dteEndSellOut":"2026-01-24T14:45:00","documentKey":"DOCC_KEY_10","dteToShost":"2026-01-29T14:44:00","levParticipants":10},{"idAction":12,"name":"PROMO_12","codDiv":"DIV_12","dteStartSellIn":"2026-02-06T12:27:00","dteEndSellIn":"2026-02-07T12:27:00","dteStartSellOut":"2026-02-08T12:27:00","dteEndSellOut":"2026-02-09T12:27:00","documentKey":"KEY_12","dteToShost":"2026-02-03T12:26:00","levParticipants":12},{"idAction":24,"name":"PROMO_24","codDiv":"DIV_24","dteStartSellIn":"2026-02-05T12:48:00","dteEndSellIn":"2026-02-06T12:48:00","dteStartSellOut":"2026-02-07T12:48:00","dteEndSellOut":"2026-02-08T12:48:00","documentKey":"KEY_24","dteToShost":"2026-02-03T12:48:00","levParticipants":24},{"idAction":45,"name":"cccc","codDiv":"DIV01","dteStartSellIn":"2026-01-16T00:00:00","dteEndSellIn":"2026-01-17T00:00:00","dteStartSellOut":"2026-01-16T00:00:00","dteEndSellOut":"2026-01-17T00:00:00","documentKey":null,"dteToShost":null,"levParticipants":2},{"idAction":87,"name":"promo_87","codDiv":"DIV_87","dteStartSellIn":"2026-02-07T14:44:00","dteEndSellIn":"2026-02-10T14:44:00","dteStartSellOut":"2026-02-22T14:44:00","dteEndSellOut":"2026-02-26T14:44:00","documentKey":"KEY_87","dteToShost":"2026-02-03T14:44:00","levParticipants":87},{"idAction":98,"name":"PROMO_98","codDiv":"DIV_98","dteStartSellIn":"2026-01-08T18:25:00","dteEndSellIn":"2026-01-17T18:25:00","dteStartSellOut":"2026-01-28T18:25:00","dteEndSellOut":"2026-01-30T18:25:00","documentKey":"DOCC_98","dteToShost":"2026-01-31T18:25:00","levParticipants":98},{"idAction":321,"name":"PROMO_321","codDiv":"DIV_A","dteStartSellIn":"2026-02-01T18:27:00","dteEndSellIn":"2026-02-28T18:27:00","dteStartSellOut":"2026-02-04T18:27:00","dteEndSellOut":"2026-02-23T18:27:00","documentKey":"KEY_A","dteToShost":"2026-02-03T18:27:00","levParticipants":1},{"idAction":1111,"name":"PROMO_1111","codDiv":"DIV_1111","dteStartSellIn":"2026-01-01T17:00:00","dteEndSellIn":"2026-01-30T17:02:00","dteStartSellOut":"2026-01-17T17:02:00","dteEndSellOut":"2026-01-28T17:02:00","documentKey":"1111_DOCC_KEY","dteToShost":"2026-01-13T17:02:00","levParticipants":11},{"idAction":2020,"name":"Spring Special 2020","codDiv":"D-2020","dteStartSellIn":"2026-01-03T12:28:00","dteEndSellIn":"2026-01-04T12:28:00","dteStartSellOut":"2026-01-05T12:28:00","dteEndSellOut":"2026-01-06T12:28:00","documentKey":"DOC-SPRING-2020","dteToShost":"2026-01-02T12:28:00","levParticipants":1},{"idAction":2222,"name":"haseeb","codDiv":"DIV02","dteStartSellIn":"2026-02-01T00:00:00","dteEndSellIn":"2026-01-11T00:00:00","dteStartSellOut":"2026-01-28T00:00:00","dteEndSellOut":"2026-01-30T00:00:00","documentKey":"","dteToShost":null,"levParticipants":2},{"idAction":2323,"name":"Winter Sale Campaign 2323","codDiv":"D-2323","dteStartSellIn":"2026-01-19T14:39:00","dteEndSellIn":"2026-01-20T14:40:00","dteStartSellOut":"2026-01-21T14:40:00","dteEndSellOut":"2026-01-22T14:40:00","documentKey":"DOC-WINTER-2323","dteToShost":"2026-01-30T14:39:00","levParticipants":1},{"idAction":5005,"name":"bbb","codDiv":"DIV5005","dteStartSellIn":"2026-01-23T00:00:00","dteEndSellIn":"2026-01-30T00:00:00","dteStartSellOut":"2026-01-26T00:00:00","dteEndSellOut":"2026-01-18T00:00:00","documentKey":"555553","dteToShost":"2026-01-19T00:00:00","levParticipants":14},{"idAction":6000,"name":"Zero Redundancy Campaign 6000","codDiv":"DIV-6000","dteStartSellIn":"2026-02-01T00:00:00","dteEndSellIn":"2026-02-24T00:00:00","dteStartSellOut":"2026-02-01T00:00:00","dteEndSellOut":"2026-02-28T00:00:00","documentKey":"DOC-6000","dteToShost":"2026-01-05T00:00:00","levParticipants":1},{"idAction":6767,"name":"XTEL Launch Promo 6767","codDiv":"DIV-6767","dteStartSellIn":"2026-02-01T00:00:00","dteEndSellIn":"2026-02-28T00:00:00","dteStartSellOut":"2026-01-22T00:00:00","dteEndSellOut":"2026-01-23T00:00:00","documentKey":"DOC-XTEL-6767","dteToShost":"2026-01-03T00:00:00","levParticipants":1},{"idAction":7000,"name":"Atomic Campaign 7000","codDiv":"DIV-7000","dteStartSellIn":"2026-01-01T00:00:00","dteEndSellIn":"2026-01-31T00:00:00","dteStartSellOut":"2026-02-01T00:00:00","dteEndSellOut":"2026-02-28T00:00:00","documentKey":"DOC-7000","dteToShost":null,"levParticipants":1},{"idAction":8888,"name":"Atomic Campaign 8888 Complete","codDiv":"DIV-8888","dteStartSellIn":"2026-01-01T00:00:00","dteEndSellIn":"2026-01-31T00:00:00","dteStartSellOut":"2026-02-01T00:00:00","dteEndSellOut":"2026-02-28T00:00:00","documentKey":"DOC-8888","dteToShost":null,"levParticipants":1},{"idAction":9000,"name":"Balanced Atomic Campaign 9000","codDiv":"DIV-9000","dteStartSellIn":"2026-01-01T00:00:00","dteEndSellIn":"2026-01-31T00:00:00","dteStartSellOut":"2026-02-01T00:00:00","dteEndSellOut":"2026-02-28T00:00:00","documentKey":"DOC-9000","dteToShost":null,"levParticipants":1},{"idAction":9999,"name":"I should not exist in DB","codDiv":"DIV-9999","dteStartSellIn":"2026-01-01T00:00:00","dteEndSellIn":"2026-01-31T00:00:00","dteStartSellOut":"2026-02-01T00:00:00","dteEndSellOut":"2026-02-28T00:00:00","documentKey":"DOC-9999","dteToShost":null,"levParticipants":1}]
2026-02-03 10:41:53.532 +05:00 [INF] HTTP GET /api/promotions/actions responded 200 in 17.5143 ms
2026-02-03 10:41:53.532 +05:00 [INF] HTTP GET /api/promotions/customer-relations responded 200 in 11.1900 ms | User: ali (N/A) | IP: ::1 | RequestBody:  | ResponseBody: [{"idAction":0,"codHier":"5555","codDiv":"div5555","codNode":"f5555","idLevel":1,"dteStart":"2026-01-15T00:00:00","codParentNode":"root","dteEnd":null},{"idAction":0,"codHier":"56","codDiv":"565","codNode":"56","idLevel":55,"dteStart":"2026-01-29T00:44:00","codParentNode":"haseeb","dteEnd":"2026-01-26T00:44:00"},{"idAction":0,"codHier":"H_1","codDiv":"D_1","codNode":"D_1","idLevel":1,"dteStart":"2026-01-30T00:00:00","codParentNode":"ROOT","dteEnd":null},{"idAction":0,"codHier":"H_1","codDiv":"D_1","codNode":"N_1","idLevel":1,"dteStart":"2026-01-30T09:35:43.289","codParentNode":"ROOT","dteEnd":null},{"idAction":0,"codHier":"H_10","codDiv":"DIV_10","codNode":"NODE_10","idLevel":10,"dteStart":"2026-01-01T14:45:00","codParentNode":"ROOT_10","dteEnd":"2026-01-31T14:44:00"},{"idAction":0,"codHier":"H_1111","codDiv":"DIV_1111","codNode":"NODE_1111","idLevel":11,"dteStart":"2026-01-01T17:00:00","codParentNode":"ROOT_1111","dteEnd":"2026-01-30T17:01:00"},{"idAction":0,"codHier":"H_12","codDiv":"DIV_12","codNode":"NODE_12","idLevel":12,"dteStart":"2026-02-03T12:26:00","codParentNode":"ROOT_12","dteEnd":"2026-02-06T12:26:00"},{"idAction":0,"codHier":"H_17","codDiv":"DIV_17","codNode":"NODE_17","idLevel":17,"dteStart":"2026-02-07T15:44:00","codParentNode":"ROOT_17","dteEnd":"2026-02-24T15:44:00"},{"idAction":0,"codHier":"H_19","codDiv":"DIV_19","codNode":"NODE_19","idLevel":19,"dteStart":"2026-02-04T13:59:00","codParentNode":"ROOT_19","dteEnd":"2026-02-05T13:59:00"},{"idAction":0,"codHier":"H_21","codDiv":"DIV_21","codNode":"NODE_21","idLevel":21,"dteStart":"2026-02-05T14:01:00","codParentNode":"ROOT_21","dteEnd":"2026-02-07T14:01:00"},{"idAction":0,"codHier":"H_222","codDiv":"DIV_222","codNode":"NODE_222","idLevel":222,"dteStart":"2026-02-04T12:53:00","codParentNode":"ROOT_222","dteEnd":"2026-02-06T12:53:00"},{"idAction":0,"codHier":"H_24","codDiv":"DIV_24","codNode":"NODE_24","idLevel":24,"dteStart":"2026-02-04T12:48:00","codParentNode":"ROOT_24","dteEnd":"2026-02-05T12:48:00"},{"idAction":0,"codHier":"H_25","codDiv":"DIV_25","codNode":"NODE_25","idLevel":25,"dteStart":"2026-02-10T14:04:00","codParentNode":"ROOT_25","dteEnd":"2026-02-11T14:04:00"},{"idAction":0,"codHier":"H_3","codDiv":"DIV_3","codNode":"NODE_3","idLevel":3,"dteStart":"2026-01-01T10:45:00","codParentNode":"ROOT_3","dteEnd":"2026-01-30T10:44:00"},{"idAction":0,"codHier":"H_5","codDiv":"DIV_5","codNode":"NODE_5","idLevel":5,"dteStart":"2026-01-30T10:50:00","codParentNode":"ROOT_5","dteEnd":"2026-01-31T10:48:00"},{"idAction":0,"codHier":"H_6","codDiv":"DIV_6","codNode":"NODE_6","idLevel":6,"dteStart":"2026-01-30T15:01:00","codParentNode":"ROOT_6","dteEnd":"2026-01-31T15:01:00"},{"idAction":0,"codHier":"H_656565","codDiv":"DIV_656565","codNode":"C_656565","idLevel":9,"dteStart":"2026-01-20T00:00:00","codParentNode":"ROOT","dteEnd":null},{"idAction":0,"codHier":"H_676767","codDiv":"DIV_676767","codNode":"NODE_676767","idLevel":676767,"dteStart":"2026-01-31T00:00:00","codParentNode":"ROOT","dteEnd":null},{"idAction":0,"codHier":"H_7","codDiv":"DIV_7","codNode":"NODE_7","idLevel":7,"dteStart":"2026-02-02T12:04:00","codParentNode":"ROOT_7","dteEnd":"2026-02-04T12:04:00"},{"idAction":0,"codHier":"H_87","codDiv":"DIV_87","codNode":"NODE_87","idLevel":87,"dteStart":"2026-02-06T14:07:00","codParentNode":"ROOT_87","dteEnd":"2026-02-26T14:07:00"},{"idAction":0,"codHier":"H_98","codDiv":"DIV_98","codNode":"NODE_98","idLevel":98,"dteStart":"2026-01-30T18:25:00","codParentNode":"ROOT_98","dteEnd":"2026-01-31T18:25:00"},{"idAction":0,"codHier":"H_999","codDiv":"D_5878","codNode":"N_878","idLevel":8,"dteStart":"2026-01-14T00:00:00","codParentNode":"ROOT","dteEnd":null},{"idAction":0,"codHier":"H_A","codDiv":"DIV_A","codNode":"NODE_A","idLevel":1,"dteStart":"2026-02-01T18:26:00","codParentNode":"ROOT_A","dteEnd":"2026-02-14T18:26:00"},{"idAction":0,"codHier":"H-1010","codDiv":"D-1010","codNode":"C-1010","idLevel":1,"dteStart":"2026-01-01T11:54:00","codParentNode":"root","dteEnd":"2026-01-12T11:54:00"},{"idAction":0,"codHier":"H-11","codDiv":"DIV-11","codNode":"C-11","idLevel":11,"dteStart":"2026-01-01T15:05:00","codParentNode":"ROOT","dteEnd":"2026-01-31T15:05:00"},{"idAction":0,"codHier":"H-1111","codDiv":"DIV-1111","codNode":"CUST-1111","idLevel":10,"dteStart":"2026-01-01T00:00:00","codParentNode":"ROOT","dteEnd":null},{"idAction":0,"codHier":"H-1414","codDiv":"D-1414","codNode":"C-1414","idLevel":4,"dteStart":"2026-01-01T14:45:00","codParentNode":"ROOT","dteEnd":"2026-01-15T14:45:00"},{"idAction":0,"codHier":"H-2","codDiv":"DIV-2","codNode":"CUST-2","idLevel":2,"dteStart":"2026-01-01T12:40:00","codParentNode":"ROOT","dteEnd":"2026-01-16T12:37:00"},{"idAction":0,"codHier":"H-2","codDiv":"DIV-2","codNode":"CUST-2","idLevel":2,"dteStart":"2026-01-21T12:37:00","codParentNode":"ROOT","dteEnd":"2026-01-24T12:37:00"},{"idAction":0,"codHier":"H-2020","codDiv":"D-2020","codNode":"C-2020","idLevel":2,"dteStart":"2026-01-02T12:27:00","codParentNode":"root","dteEnd":"2026-01-30T12:27:00"},{"idAction":0,"codHier":"H-2255","codDiv":"DIV-2255","codNode":"CUST-2255","idLevel":10,"dteStart":"2026-01-01T00:00:00","codParentNode":"ROOT","dteEnd":null},{"idAction":0,"codHier":"H-2323","codDiv":"D-2323","codNode":"C-2323","idLevel":4,"dteStart":"2026-01-01T12:48:00","codParentNode":"ROOT","dteEnd":"2026-01-12T12:49:00"},{"idAction":0,"codHier":"H-3333","codDiv":"DIV-3333","codNode":"CUST-3333","idLevel":10,"dteStart":"2026-01-01T00:00:00","codParentNode":"ROOT","dteEnd":null},{"idAction":0,"codHier":"H-3344","codDiv":"DIV-3345","codNode":"CUST-3345","idLevel":10,"dteStart":"2026-01-01T00:00:00","codParentNode":"ROOT","dteEnd":null},{"idAction":0,"codHier":"H-3345","codDiv":"DIV-3345","codNode":"CUST-3345","idLevel":10,"dteStart":"2026-01-01T00:00:00","codParentNode":"ROOT","dteEnd":null},{"idAction":0,"codHier":"H-4","codDiv":"DIV-4","codNode":"CUST-4","idLevel":4,"dteStart":"2026-01-01T14:44:00","codParentNode":"ROOT","dteEnd":"2026-01-02T14:44:00"},{"idAction":0,"codHier":"H-5555","codDiv":"DIV-5555","codNode":"CUST-5555","idLevel":10,"dteStart":"2026-01-01T00:00:00","codParentNode":"ROOT","dteEnd":null},{"idAction":0,"codHier":"H-6000","codDiv":"DIV-6000","codNode":"CUST-6000","idLevel":10,"dteStart":"2026-01-01T00:00:00","codParentNode":"ROOT","dteEnd":"2026-12-31T00:00:00"},{"idAction":0,"codHier":"H-6666","codDiv":"DIV-6666","codNode":"CUST-6666","idLevel":10,"dteStart":"2026-01-17T01:30:00","codParentNode":"ROOT","dteEnd":"2026-01-18T01:30:00"},{"idAction":0,"codHier":"H-6767","codDiv":"DIV-6767","codNode":"CUST-6767","idLevel":5,"dteStart":"2026-01-01T12:15:00","codParentNode":"ROOT","dteEnd":"2026-01-08T12:15:00"},{"idAction":0,"codHier":"H-7000","codDiv":"DIV-7000","codNode":"CUST-7000","idLevel":10,"dteStart":"2026-01-01T00:00:00","codParentNode":"ROOT","dteEnd":null},{"idAction":0,"codHier":"H-7777","codDiv":"DIV-7777","codNode":"CUST-7777","idLevel":10,"dteStart":"2026-01-01T00:00:00","codParentNode":"ROOT","dteEnd":null},{"idAction":0,"codHier":"H-7878","codDiv":"DIV-7878","codNode":"CUST-7878","idLevel":3,"dteStart":"2026-01-18T11:43:00","codParentNode":"ROOT","dteEnd":"2026-01-19T11:43:00"},{"idAction":0,"codHier":"H-8000","codDiv":"DIV-8000","codNode":"CUST-8000","idLevel":10,"dteStart":"2026-01-01T00:00:00","codParentNode":"ROOT","dteEnd":null},{"idAction":0,"codHier":"H-8888","codDiv":"DIV-8888","codNode":"CUST-8888","idLevel":10,"dteStart":"2026-01-01T00:00:00","codParentNode":"ROOT","dteEnd":null},{"idAction":0,"codHier":"H-9000","codDiv":"DIV-9000","codNode":"CUST-9000","idLevel":10,"dteStart":"2026-01-01T00:00:00","codParentNode":"ROOT","dteEnd":null},{"idAction":0,"codHier":"H-9999","codDiv":"DIV-9999","codNode":"CUST-9999","idLevel":10,"dteStart":"2026-01-01T00:00:00","codParentNode":"ROOT","dteEnd":null},{"idAction":0,"codHier":"HIER_CORP","codDiv":"DIV01","codNode":"NODE_9111","idLevel":1,"dteStart":"2026-01-15T00:00:00","codParentNode":"ROOT_NODE","dteEnd":null}]
2026-02-03 10:41:53.540 +05:00 [INF] HTTP GET /api/promotions/customer-relations responded 200 in 18.9113 ms
2026-02-03 10:41:53.576 +05:00 [INF] HTTP GET /api/participants/all responded 200 in 25.9171 ms | User: ali (N/A) | IP: ::1 | RequestBody:  | ResponseBody: [{"idAction":3,"codParticipant":"N_1","flgInclusion":true,"codHier":"H_1","codDiv":"D_1","codNode":"N_1","idLevel":1,"dteStart":"2026-01-30T09:35:43.289"},{"idAction":3,"codParticipant":"NODE_3","flgInclusion":true,"codHier":"H_3","codDiv":"DIV_3","codNode":"NODE_3","idLevel":3,"dteStart":"2026-01-01T10:45:00"},{"idAction":3,"codParticipant":"NODE_5","flgInclusion":true,"codHier":"H_5","codDiv":"DIV_5","codNode":"NODE_5","idLevel":5,"dteStart":"2026-01-30T10:50:00"},{"idAction":5,"codParticipant":"NODE_5","flgInclusion":true,"codHier":"H_5","codDiv":"DIV_5","codNode":"NODE_5","idLevel":5,"dteStart":"2026-01-30T10:50:00"},{"idAction":6,"codParticipant":"N_9898","flgInclusion":true,"codHier":"H_999","codDiv":"D_5878","codNode":"N_878","idLevel":8,"dteStart":"2026-01-14T00:00:00"},{"idAction":6,"codParticipant":"NODE_3","flgInclusion":true,"codHier":"H_3","codDiv":"DIV_3","codNode":"NODE_3","idLevel":3,"dteStart":"2026-01-01T10:45:00"},{"idAction":6,"codParticipant":"NODE_5","flgInclusion":true,"codHier":"H_5","codDiv":"DIV_5","codNode":"NODE_5","idLevel":5,"dteStart":"2026-01-30T10:50:00"},{"idAction":6,"codParticipant":"NODE_6","flgInclusion":true,"codHier":"H_6","codDiv":"DIV_6","codNode":"NODE_6","idLevel":6,"dteStart":"2026-01-30T15:01:00"},{"idAction":6,"codParticipant":"NODE_676767","flgInclusion":true,"codHier":"H_676767","codDiv":"DIV_676767","codNode":"NODE_676767","idLevel":676767,"dteStart":"2026-01-31T00:00:00"},{"idAction":6,"codParticipant":"P-9000","flgInclusion":true,"codHier":"H-9000","codDiv":"DIV-9000","codNode":"CUST-9000","idLevel":10,"dteStart":"2026-01-01T00:00:00"},{"idAction":7,"codParticipant":"NODE_7","flgInclusion":true,"codHier":"H_7","codDiv":"DIV_7","codNode":"NODE_7","idLevel":7,"dteStart":"2026-02-02T12:04:00"},{"idAction":10,"codParticipant":"NODE_10","flgInclusion":true,"codHier":"H_10","codDiv":"DIV_10","codNode":"NODE_10","idLevel":10,"dteStart":"2026-01-01T14:45:00"},{"idAction":24,"codParticipant":"NODE_24","flgInclusion":true,"codHier":"H_24","codDiv":"DIV_24","codNode":"NODE_24","idLevel":24,"dteStart":"2026-02-04T12:48:00"},{"idAction":87,"codParticipant":"NODE_87","flgInclusion":true,"codHier":"H_87","codDiv":"DIV_87","codNode":"NODE_87","idLevel":87,"dteStart":"2026-02-06T14:07:00"},{"idAction":98,"codParticipant":"NODE_98","flgInclusion":true,"codHier":"H_98","codDiv":"DIV_98","codNode":"NODE_98","idLevel":98,"dteStart":"2026-01-30T18:25:00"},{"idAction":321,"codParticipant":"NODE_A","flgInclusion":true,"codHier":"H_A","codDiv":"DIV_A","codNode":"NODE_A","idLevel":1,"dteStart":"2026-02-01T18:26:00"},{"idAction":1111,"codParticipant":"NODE_1111","flgInclusion":true,"codHier":"H_1111","codDiv":"DIV_1111","codNode":"NODE_1111","idLevel":11,"dteStart":"2026-01-01T17:00:00"},{"idAction":2323,"codParticipant":"P-2323","flgInclusion":true,"codHier":"H-2323","codDiv":"D-2323","codNode":"C-2323","idLevel":4,"dteStart":"2026-01-01T12:48:00"},{"idAction":5005,"codParticipant":"","flgInclusion":true,"codHier":"H-9999","codDiv":"DIV-9999","codNode":"CUST-9999","idLevel":10,"dteStart":"2026-01-01T00:00:00"},{"idAction":6000,"codParticipant":"P-6000","flgInclusion":true,"codHier":"H-6000","codDiv":"DIV-6000","codNode":"CUST-6000","idLevel":10,"dteStart":"2026-01-01T00:00:00"},{"idAction":6767,"codParticipant":"P-6767","flgInclusion":false,"codHier":"H-6767","codDiv":"DIV-6767","codNode":"CUST-6767","idLevel":5,"dteStart":"2026-01-01T12:15:00"},{"idAction":7000,"codParticipant":"P-7000","flgInclusion":true,"codHier":"H-7000","codDiv":"DIV-7000","codNode":"CUST-7000","idLevel":10,"dteStart":"2026-01-01T00:00:00"},{"idAction":8888,"codParticipant":"P-8888","flgInclusion":true,"codHier":"H-8888","codDiv":"DIV-8888","codNode":"CUST-8888","idLevel":10,"dteStart":"2026-01-01T00:00:00"},{"idAction":9000,"codParticipant":"P-9000","flgInclusion":true,"codHier":"H-9000","codDiv":"DIV-9000","codNode":"CUST-9000","idLevel":10,"dteStart":"2026-01-01T00:00:00"},{"idAction":9999,"codParticipant":"P-9999","flgInclusion":true,"codHier":"H-9999","codDiv":"DIV-9999","codNode":"CUST-9999","idLevel":10,"dteStart":"2026-01-01T00:00:00"}]
2026-02-03 10:41:53.579 +05:00 [INF] HTTP GET /api/participants/all responded 200 in 29.6488 ms
2026-02-03 10:41:53.649 +05:00 [INF] HTTP GET /api/participants/all responded 200 in 14.9789 ms | User: ali (N/A) | IP: ::1 | RequestBody:  | ResponseBody: [{"idAction":3,"codParticipant":"N_1","flgInclusion":true,"codHier":"H_1","codDiv":"D_1","codNode":"N_1","idLevel":1,"dteStart":"2026-01-30T09:35:43.289"},{"idAction":3,"codParticipant":"NODE_3","flgInclusion":true,"codHier":"H_3","codDiv":"DIV_3","codNode":"NODE_3","idLevel":3,"dteStart":"2026-01-01T10:45:00"},{"idAction":3,"codParticipant":"NODE_5","flgInclusion":true,"codHier":"H_5","codDiv":"DIV_5","codNode":"NODE_5","idLevel":5,"dteStart":"2026-01-30T10:50:00"},{"idAction":5,"codParticipant":"NODE_5","flgInclusion":true,"codHier":"H_5","codDiv":"DIV_5","codNode":"NODE_5","idLevel":5,"dteStart":"2026-01-30T10:50:00"},{"idAction":6,"codParticipant":"N_9898","flgInclusion":true,"codHier":"H_999","codDiv":"D_5878","codNode":"N_878","idLevel":8,"dteStart":"2026-01-14T00:00:00"},{"idAction":6,"codParticipant":"NODE_3","flgInclusion":true,"codHier":"H_3","codDiv":"DIV_3","codNode":"NODE_3","idLevel":3,"dteStart":"2026-01-01T10:45:00"},{"idAction":6,"codParticipant":"NODE_5","flgInclusion":true,"codHier":"H_5","codDiv":"DIV_5","codNode":"NODE_5","idLevel":5,"dteStart":"2026-01-30T10:50:00"},{"idAction":6,"codParticipant":"NODE_6","flgInclusion":true,"codHier":"H_6","codDiv":"DIV_6","codNode":"NODE_6","idLevel":6,"dteStart":"2026-01-30T15:01:00"},{"idAction":6,"codParticipant":"NODE_676767","flgInclusion":true,"codHier":"H_676767","codDiv":"DIV_676767","codNode":"NODE_676767","idLevel":676767,"dteStart":"2026-01-31T00:00:00"},{"idAction":6,"codParticipant":"P-9000","flgInclusion":true,"codHier":"H-9000","codDiv":"DIV-9000","codNode":"CUST-9000","idLevel":10,"dteStart":"2026-01-01T00:00:00"},{"idAction":7,"codParticipant":"NODE_7","flgInclusion":true,"codHier":"H_7","codDiv":"DIV_7","codNode":"NODE_7","idLevel":7,"dteStart":"2026-02-02T12:04:00"},{"idAction":10,"codParticipant":"NODE_10","flgInclusion":true,"codHier":"H_10","codDiv":"DIV_10","codNode":"NODE_10","idLevel":10,"dteStart":"2026-01-01T14:45:00"},{"idAction":24,"codParticipant":"NODE_24","flgInclusion":true,"codHier":"H_24","codDiv":"DIV_24","codNode":"NODE_24","idLevel":24,"dteStart":"2026-02-04T12:48:00"},{"idAction":87,"codParticipant":"NODE_87","flgInclusion":true,"codHier":"H_87","codDiv":"DIV_87","codNode":"NODE_87","idLevel":87,"dteStart":"2026-02-06T14:07:00"},{"idAction":98,"codParticipant":"NODE_98","flgInclusion":true,"codHier":"H_98","codDiv":"DIV_98","codNode":"NODE_98","idLevel":98,"dteStart":"2026-01-30T18:25:00"},{"idAction":321,"codParticipant":"NODE_A","flgInclusion":true,"codHier":"H_A","codDiv":"DIV_A","codNode":"NODE_A","idLevel":1,"dteStart":"2026-02-01T18:26:00"},{"idAction":1111,"codParticipant":"NODE_1111","flgInclusion":true,"codHier":"H_1111","codDiv":"DIV_1111","codNode":"NODE_1111","idLevel":11,"dteStart":"2026-01-01T17:00:00"},{"idAction":2323,"codParticipant":"P-2323","flgInclusion":true,"codHier":"H-2323","codDiv":"D-2323","codNode":"C-2323","idLevel":4,"dteStart":"2026-01-01T12:48:00"},{"idAction":5005,"codParticipant":"","flgInclusion":true,"codHier":"H-9999","codDiv":"DIV-9999","codNode":"CUST-9999","idLevel":10,"dteStart":"2026-01-01T00:00:00"},{"idAction":6000,"codParticipant":"P-6000","flgInclusion":true,"codHier":"H-6000","codDiv":"DIV-6000","codNode":"CUST-6000","idLevel":10,"dteStart":"2026-01-01T00:00:00"},{"idAction":6767,"codParticipant":"P-6767","flgInclusion":false,"codHier":"H-6767","codDiv":"DIV-6767","codNode":"CUST-6767","idLevel":5,"dteStart":"2026-01-01T12:15:00"},{"idAction":7000,"codParticipant":"P-7000","flgInclusion":true,"codHier":"H-7000","codDiv":"DIV-7000","codNode":"CUST-7000","idLevel":10,"dteStart":"2026-01-01T00:00:00"},{"idAction":8888,"codParticipant":"P-8888","flgInclusion":true,"codHier":"H-8888","codDiv":"DIV-8888","codNode":"CUST-8888","idLevel":10,"dteStart":"2026-01-01T00:00:00"},{"idAction":9000,"codParticipant":"P-9000","flgInclusion":true,"codHier":"H-9000","codDiv":"DIV-9000","codNode":"CUST-9000","idLevel":10,"dteStart":"2026-01-01T00:00:00"},{"idAction":9999,"codParticipant":"P-9999","flgInclusion":true,"codHier":"H-9999","codDiv":"DIV-9999","codNode":"CUST-9999","idLevel":10,"dteStart":"2026-01-01T00:00:00"}]
2026-02-03 10:41:53.653 +05:00 [INF] HTTP GET /api/promotions/delivery-points responded 200 in 12.0186 ms | User: ali (N/A) | IP: ::1 | RequestBody:  | ResponseBody: [{"idAction":3,"codDeliveryPoint":"D_1","flgInclusion":true,"codHier":"H_1","codDiv":"D_1","codNode":"D_1","idLevel":1,"dteStart":"2026-01-30T00:00:00"},{"idAction":3,"codDeliveryPoint":"NODE_3","flgInclusion":false,"codHier":"H_3","codDiv":"DIV_3","codNode":"NODE_3","idLevel":3,"dteStart":"2026-01-01T10:45:00"},{"idAction":3,"codDeliveryPoint":"NODE_5","flgInclusion":false,"codHier":"H_5","codDiv":"DIV_5","codNode":"NODE_5","idLevel":5,"dteStart":"2026-01-30T10:50:00"},{"idAction":5,"codDeliveryPoint":"NODE_5","flgInclusion":false,"codHier":"H_5","codDiv":"DIV_5","codNode":"NODE_5","idLevel":5,"dteStart":"2026-01-30T10:50:00"},{"idAction":6,"codDeliveryPoint":"D_1","flgInclusion":true,"codHier":"H_1","codDiv":"D_1","codNode":"D_1","idLevel":1,"dteStart":"2026-01-30T00:00:00"},{"idAction":6,"codDeliveryPoint":"D_656565","flgInclusion":true,"codHier":"H_656565","codDiv":"DIV_656565","codNode":"C_656565","idLevel":9,"dteStart":"2026-01-20T00:00:00"},{"idAction":6,"codDeliveryPoint":"NODE_3","flgInclusion":false,"codHier":"H_3","codDiv":"DIV_3","codNode":"NODE_3","idLevel":3,"dteStart":"2026-01-01T10:45:00"},{"idAction":6,"codDeliveryPoint":"NODE_5","flgInclusion":false,"codHier":"H_5","codDiv":"DIV_5","codNode":"NODE_5","idLevel":5,"dteStart":"2026-01-30T10:50:00"},{"idAction":6,"codDeliveryPoint":"NODE_6","flgInclusion":true,"codHier":"H_6","codDiv":"DIV_6","codNode":"NODE_6","idLevel":6,"dteStart":"2026-01-30T15:01:00"},{"idAction":7,"codDeliveryPoint":"NODE_7","flgInclusion":true,"codHier":"H_7","codDiv":"DIV_7","codNode":"NODE_7","idLevel":7,"dteStart":"2026-02-02T12:04:00"},{"idAction":10,"codDeliveryPoint":"NODE_10","flgInclusion":true,"codHier":"H_10","codDiv":"DIV_10","codNode":"NODE_10","idLevel":10,"dteStart":"2026-01-01T14:45:00"},{"idAction":24,"codDeliveryPoint":"NODE_24","flgInclusion":true,"codHier":"H_24","codDiv":"DIV_24","codNode":"NODE_24","idLevel":24,"dteStart":"2026-02-04T12:48:00"},{"idAction":87,"codDeliveryPoint":"NODE_87","flgInclusion":true,"codHier":"H_87","codDiv":"DIV_87","codNode":"NODE_87","idLevel":87,"dteStart":"2026-02-06T14:07:00"},{"idAction":98,"codDeliveryPoint":"NODE_98","flgInclusion":true,"codHier":"H_98","codDiv":"DIV_98","codNode":"NODE_98","idLevel":98,"dteStart":"2026-01-30T18:25:00"},{"idAction":321,"codDeliveryPoint":"NODE_A","flgInclusion":true,"codHier":"H_A","codDiv":"DIV_A","codNode":"NODE_A","idLevel":1,"dteStart":"2026-02-01T18:26:00"},{"idAction":1111,"codDeliveryPoint":"NODE_1111","flgInclusion":true,"codHier":"H_1111","codDiv":"DIV_1111","codNode":"NODE_1111","idLevel":11,"dteStart":"2026-01-01T17:00:00"},{"idAction":5005,"codDeliveryPoint":"","flgInclusion":true,"codHier":"H-2255","codDiv":"DIV-2255","codNode":"CUST-2255","idLevel":10,"dteStart":"2026-01-01T00:00:00"},{"idAction":6767,"codDeliveryPoint":"DP-6767","flgInclusion":true,"codHier":"H-6767","codDiv":"DIV-6767","codNode":"CUST-6767","idLevel":5,"dteStart":"2026-01-01T12:15:00"},{"idAction":7000,"codDeliveryPoint":"DP-7000","flgInclusion":true,"codHier":"H-7000","codDiv":"DIV-7000","codNode":"CUST-7000","idLevel":10,"dteStart":"2026-01-01T00:00:00"}]
2026-02-03 10:41:53.653 +05:00 [INF] HTTP GET /api/participants/all responded 200 in 19.6018 ms
2026-02-03 10:41:53.656 +05:00 [INF] HTTP GET /api/promotions/delivery-points responded 200 in 15.3651 ms
2026-02-03 10:41:53.718 +05:00 [INF] HTTP GET /api/promotions/delivery-points responded 200 in 10.5832 ms | User: ali (N/A) | IP: ::1 | RequestBody:  | ResponseBody: [{"idAction":3,"codDeliveryPoint":"D_1","flgInclusion":true,"codHier":"H_1","codDiv":"D_1","codNode":"D_1","idLevel":1,"dteStart":"2026-01-30T00:00:00"},{"idAction":3,"codDeliveryPoint":"NODE_3","flgInclusion":false,"codHier":"H_3","codDiv":"DIV_3","codNode":"NODE_3","idLevel":3,"dteStart":"2026-01-01T10:45:00"},{"idAction":3,"codDeliveryPoint":"NODE_5","flgInclusion":false,"codHier":"H_5","codDiv":"DIV_5","codNode":"NODE_5","idLevel":5,"dteStart":"2026-01-30T10:50:00"},{"idAction":5,"codDeliveryPoint":"NODE_5","flgInclusion":false,"codHier":"H_5","codDiv":"DIV_5","codNode":"NODE_5","idLevel":5,"dteStart":"2026-01-30T10:50:00"},{"idAction":6,"codDeliveryPoint":"D_1","flgInclusion":true,"codHier":"H_1","codDiv":"D_1","codNode":"D_1","idLevel":1,"dteStart":"2026-01-30T00:00:00"},{"idAction":6,"codDeliveryPoint":"D_656565","flgInclusion":true,"codHier":"H_656565","codDiv":"DIV_656565","codNode":"C_656565","idLevel":9,"dteStart":"2026-01-20T00:00:00"},{"idAction":6,"codDeliveryPoint":"NODE_3","flgInclusion":false,"codHier":"H_3","codDiv":"DIV_3","codNode":"NODE_3","idLevel":3,"dteStart":"2026-01-01T10:45:00"},{"idAction":6,"codDeliveryPoint":"NODE_5","flgInclusion":false,"codHier":"H_5","codDiv":"DIV_5","codNode":"NODE_5","idLevel":5,"dteStart":"2026-01-30T10:50:00"},{"idAction":6,"codDeliveryPoint":"NODE_6","flgInclusion":true,"codHier":"H_6","codDiv":"DIV_6","codNode":"NODE_6","idLevel":6,"dteStart":"2026-01-30T15:01:00"},{"idAction":7,"codDeliveryPoint":"NODE_7","flgInclusion":true,"codHier":"H_7","codDiv":"DIV_7","codNode":"NODE_7","idLevel":7,"dteStart":"2026-02-02T12:04:00"},{"idAction":10,"codDeliveryPoint":"NODE_10","flgInclusion":true,"codHier":"H_10","codDiv":"DIV_10","codNode":"NODE_10","idLevel":10,"dteStart":"2026-01-01T14:45:00"},{"idAction":24,"codDeliveryPoint":"NODE_24","flgInclusion":true,"codHier":"H_24","codDiv":"DIV_24","codNode":"NODE_24","idLevel":24,"dteStart":"2026-02-04T12:48:00"},{"idAction":87,"codDeliveryPoint":"NODE_87","flgInclusion":true,"codHier":"H_87","codDiv":"DIV_87","codNode":"NODE_87","idLevel":87,"dteStart":"2026-02-06T14:07:00"},{"idAction":98,"codDeliveryPoint":"NODE_98","flgInclusion":true,"codHier":"H_98","codDiv":"DIV_98","codNode":"NODE_98","idLevel":98,"dteStart":"2026-01-30T18:25:00"},{"idAction":321,"codDeliveryPoint":"NODE_A","flgInclusion":true,"codHier":"H_A","codDiv":"DIV_A","codNode":"NODE_A","idLevel":1,"dteStart":"2026-02-01T18:26:00"},{"idAction":1111,"codDeliveryPoint":"NODE_1111","flgInclusion":true,"codHier":"H_1111","codDiv":"DIV_1111","codNode":"NODE_1111","idLevel":11,"dteStart":"2026-01-01T17:00:00"},{"idAction":5005,"codDeliveryPoint":"","flgInclusion":true,"codHier":"H-2255","codDiv":"DIV-2255","codNode":"CUST-2255","idLevel":10,"dteStart":"2026-01-01T00:00:00"},{"idAction":6767,"codDeliveryPoint":"DP-6767","flgInclusion":true,"codHier":"H-6767","codDiv":"DIV-6767","codNode":"CUST-6767","idLevel":5,"dteStart":"2026-01-01T12:15:00"},{"idAction":7000,"codDeliveryPoint":"DP-7000","flgInclusion":true,"codHier":"H-7000","codDiv":"DIV-7000","codNode":"CUST-7000","idLevel":10,"dteStart":"2026-01-01T00:00:00"}]
2026-02-03 10:41:53.721 +05:00 [INF] HTTP GET /api/promotions/delivery-points responded 200 in 14.0644 ms
2026-02-03 10:41:58.251 +05:00 [INF] HTTP GET /api/promotions/actions responded 200 in 19.0432 ms | User: ali (N/A) | IP: ::1 | RequestBody:  | ResponseBody: [{"idAction":3,"name":"PROMO_3","codDiv":"DIV_3","dteStartSellIn":"2026-02-01T00:00:00","dteEndSellIn":"2026-02-28T00:00:00","dteStartSellOut":"2026-01-25T00:00:00","dteEndSellOut":"2026-01-30T00:00:00","documentKey":"KEY_3","dteToShost":"2026-01-10T00:00:00","levParticipants":3},{"idAction":5,"name":"PROMO_5_5","codDiv":"DIV_5","dteStartSellIn":"2026-02-24T00:00:00","dteEndSellIn":"2026-02-21T00:00:00","dteStartSellOut":"2026-02-24T00:00:00","dteEndSellOut":"2026-02-27T00:00:00","documentKey":"DOC_KEY_is_5","dteToShost":"2026-01-18T00:00:00","levParticipants":55555555},{"idAction":6,"name":"PROMO_6","codDiv":"DIV_6","dteStartSellIn":"2026-02-01T00:00:00","dteEndSellIn":"2026-02-25T00:00:00","dteStartSellOut":"2026-01-15T00:00:00","dteEndSellOut":"2026-01-24T00:00:00","documentKey":"DOCC_6_KEY","dteToShost":"2026-01-15T00:00:00","levParticipants":6},{"idAction":7,"name":"PROMO_7","codDiv":"DIV_7","dteStartSellIn":"2026-02-06T12:05:00","dteEndSellIn":"2026-02-07T12:05:00","dteStartSellOut":"2026-02-08T12:05:00","dteEndSellOut":"2026-02-09T12:05:00","documentKey":"KEY_7","dteToShost":"2026-02-05T12:04:00","levParticipants":7},{"idAction":10,"name":"PROMO_10","codDiv":"DIV_10","dteStartSellIn":"2026-01-30T14:45:00","dteEndSellIn":"2026-01-31T14:45:00","dteStartSellOut":"2026-01-23T14:45:00","dteEndSellOut":"2026-01-24T14:45:00","documentKey":"DOCC_KEY_10","dteToShost":"2026-01-29T14:44:00","levParticipants":10},{"idAction":12,"name":"PROMO_12","codDiv":"DIV_12","dteStartSellIn":"2026-02-06T12:27:00","dteEndSellIn":"2026-02-07T12:27:00","dteStartSellOut":"2026-02-08T12:27:00","dteEndSellOut":"2026-02-09T12:27:00","documentKey":"KEY_12","dteToShost":"2026-02-03T12:26:00","levParticipants":12},{"idAction":24,"name":"PROMO_24","codDiv":"DIV_24","dteStartSellIn":"2026-02-05T12:48:00","dteEndSellIn":"2026-02-06T12:48:00","dteStartSellOut":"2026-02-07T12:48:00","dteEndSellOut":"2026-02-08T12:48:00","documentKey":"KEY_24","dteToShost":"2026-02-03T12:48:00","levParticipants":24},{"idAction":45,"name":"cccc","codDiv":"DIV01","dteStartSellIn":"2026-01-16T00:00:00","dteEndSellIn":"2026-01-17T00:00:00","dteStartSellOut":"2026-01-16T00:00:00","dteEndSellOut":"2026-01-17T00:00:00","documentKey":null,"dteToShost":null,"levParticipants":2},{"idAction":87,"name":"promo_87","codDiv":"DIV_87","dteStartSellIn":"2026-02-07T14:44:00","dteEndSellIn":"2026-02-10T14:44:00","dteStartSellOut":"2026-02-22T14:44:00","dteEndSellOut":"2026-02-26T14:44:00","documentKey":"KEY_87","dteToShost":"2026-02-03T14:44:00","levParticipants":87},{"idAction":98,"name":"PROMO_98","codDiv":"DIV_98","dteStartSellIn":"2026-01-08T18:25:00","dteEndSellIn":"2026-01-17T18:25:00","dteStartSellOut":"2026-01-28T18:25:00","dteEndSellOut":"2026-01-30T18:25:00","documentKey":"DOCC_98","dteToShost":"2026-01-31T18:25:00","levParticipants":98},{"idAction":321,"name":"PROMO_321","codDiv":"DIV_A","dteStartSellIn":"2026-02-01T18:27:00","dteEndSellIn":"2026-02-28T18:27:00","dteStartSellOut":"2026-02-04T18:27:00","dteEndSellOut":"2026-02-23T18:27:00","documentKey":"KEY_A","dteToShost":"2026-02-03T18:27:00","levParticipants":1},{"idAction":1111,"name":"PROMO_1111","codDiv":"DIV_1111","dteStartSellIn":"2026-01-01T17:00:00","dteEndSellIn":"2026-01-30T17:02:00","dteStartSellOut":"2026-01-17T17:02:00","dteEndSellOut":"2026-01-28T17:02:00","documentKey":"1111_DOCC_KEY","dteToShost":"2026-01-13T17:02:00","levParticipants":11},{"idAction":2020,"name":"Spring Special 2020","codDiv":"D-2020","dteStartSellIn":"2026-01-03T12:28:00","dteEndSellIn":"2026-01-04T12:28:00","dteStartSellOut":"2026-01-05T12:28:00","dteEndSellOut":"2026-01-06T12:28:00","documentKey":"DOC-SPRING-2020","dteToShost":"2026-01-02T12:28:00","levParticipants":1},{"idAction":2222,"name":"haseeb","codDiv":"DIV02","dteStartSellIn":"2026-02-01T00:00:00","dteEndSellIn":"2026-01-11T00:00:00","dteStartSellOut":"2026-01-28T00:00:00","dteEndSellOut":"2026-01-30T00:00:00","documentKey":"","dteToShost":null,"levParticipants":2},{"idAction":2323,"name":"Winter Sale Campaign 2323","codDiv":"D-2323","dteStartSellIn":"2026-01-19T14:39:00","dteEndSellIn":"2026-01-20T14:40:00","dteStartSellOut":"2026-01-21T14:40:00","dteEndSellOut":"2026-01-22T14:40:00","documentKey":"DOC-WINTER-2323","dteToShost":"2026-01-30T14:39:00","levParticipants":1},{"idAction":5005,"name":"bbb","codDiv":"DIV5005","dteStartSellIn":"2026-01-23T00:00:00","dteEndSellIn":"2026-01-30T00:00:00","dteStartSellOut":"2026-01-26T00:00:00","dteEndSellOut":"2026-01-18T00:00:00","documentKey":"555553","dteToShost":"2026-01-19T00:00:00","levParticipants":14},{"idAction":6000,"name":"Zero Redundancy Campaign 6000","codDiv":"DIV-6000","dteStartSellIn":"2026-02-01T00:00:00","dteEndSellIn":"2026-02-24T00:00:00","dteStartSellOut":"2026-02-01T00:00:00","dteEndSellOut":"2026-02-28T00:00:00","documentKey":"DOC-6000","dteToShost":"2026-01-05T00:00:00","levParticipants":1},{"idAction":6767,"name":"XTEL Launch Promo 6767","codDiv":"DIV-6767","dteStartSellIn":"2026-02-01T00:00:00","dteEndSellIn":"2026-02-28T00:00:00","dteStartSellOut":"2026-01-22T00:00:00","dteEndSellOut":"2026-01-23T00:00:00","documentKey":"DOC-XTEL-6767","dteToShost":"2026-01-03T00:00:00","levParticipants":1},{"idAction":7000,"name":"Atomic Campaign 7000","codDiv":"DIV-7000","dteStartSellIn":"2026-01-01T00:00:00","dteEndSellIn":"2026-01-31T00:00:00","dteStartSellOut":"2026-02-01T00:00:00","dteEndSellOut":"2026-02-28T00:00:00","documentKey":"DOC-7000","dteToShost":null,"levParticipants":1},{"idAction":8888,"name":"Atomic Campaign 8888 Complete","codDiv":"DIV-8888","dteStartSellIn":"2026-01-01T00:00:00","dteEndSellIn":"2026-01-31T00:00:00","dteStartSellOut":"2026-02-01T00:00:00","dteEndSellOut":"2026-02-28T00:00:00","documentKey":"DOC-8888","dteToShost":null,"levParticipants":1},{"idAction":9000,"name":"Balanced Atomic Campaign 9000","codDiv":"DIV-9000","dteStartSellIn":"2026-01-01T00:00:00","dteEndSellIn":"2026-01-31T00:00:00","dteStartSellOut":"2026-02-01T00:00:00","dteEndSellOut":"2026-02-28T00:00:00","documentKey":"DOC-9000","dteToShost":null,"levParticipants":1},{"idAction":9999,"name":"I should not exist in DB","codDiv":"DIV-9999","dteStartSellIn":"2026-01-01T00:00:00","dteEndSellIn":"2026-01-31T00:00:00","dteStartSellOut":"2026-02-01T00:00:00","dteEndSellOut":"2026-02-28T00:00:00","documentKey":"DOC-9999","dteToShost":null,"levParticipants":1}]
2026-02-03 10:41:58.256 +05:00 [INF] HTTP GET /api/promotions/delivery-points responded 200 in 24.0397 ms | User: ali (N/A) | IP: ::1 | RequestBody:  | ResponseBody: [{"idAction":3,"codDeliveryPoint":"D_1","flgInclusion":true,"codHier":"H_1","codDiv":"D_1","codNode":"D_1","idLevel":1,"dteStart":"2026-01-30T00:00:00"},{"idAction":3,"codDeliveryPoint":"NODE_3","flgInclusion":false,"codHier":"H_3","codDiv":"DIV_3","codNode":"NODE_3","idLevel":3,"dteStart":"2026-01-01T10:45:00"},{"idAction":3,"codDeliveryPoint":"NODE_5","flgInclusion":false,"codHier":"H_5","codDiv":"DIV_5","codNode":"NODE_5","idLevel":5,"dteStart":"2026-01-30T10:50:00"},{"idAction":5,"codDeliveryPoint":"NODE_5","flgInclusion":false,"codHier":"H_5","codDiv":"DIV_5","codNode":"NODE_5","idLevel":5,"dteStart":"2026-01-30T10:50:00"},{"idAction":6,"codDeliveryPoint":"D_1","flgInclusion":true,"codHier":"H_1","codDiv":"D_1","codNode":"D_1","idLevel":1,"dteStart":"2026-01-30T00:00:00"},{"idAction":6,"codDeliveryPoint":"D_656565","flgInclusion":true,"codHier":"H_656565","codDiv":"DIV_656565","codNode":"C_656565","idLevel":9,"dteStart":"2026-01-20T00:00:00"},{"idAction":6,"codDeliveryPoint":"NODE_3","flgInclusion":false,"codHier":"H_3","codDiv":"DIV_3","codNode":"NODE_3","idLevel":3,"dteStart":"2026-01-01T10:45:00"},{"idAction":6,"codDeliveryPoint":"NODE_5","flgInclusion":false,"codHier":"H_5","codDiv":"DIV_5","codNode":"NODE_5","idLevel":5,"dteStart":"2026-01-30T10:50:00"},{"idAction":6,"codDeliveryPoint":"NODE_6","flgInclusion":true,"codHier":"H_6","codDiv":"DIV_6","codNode":"NODE_6","idLevel":6,"dteStart":"2026-01-30T15:01:00"},{"idAction":7,"codDeliveryPoint":"NODE_7","flgInclusion":true,"codHier":"H_7","codDiv":"DIV_7","codNode":"NODE_7","idLevel":7,"dteStart":"2026-02-02T12:04:00"},{"idAction":10,"codDeliveryPoint":"NODE_10","flgInclusion":true,"codHier":"H_10","codDiv":"DIV_10","codNode":"NODE_10","idLevel":10,"dteStart":"2026-01-01T14:45:00"},{"idAction":24,"codDeliveryPoint":"NODE_24","flgInclusion":true,"codHier":"H_24","codDiv":"DIV_24","codNode":"NODE_24","idLevel":24,"dteStart":"2026-02-04T12:48:00"},{"idAction":87,"codDeliveryPoint":"NODE_87","flgInclusion":true,"codHier":"H_87","codDiv":"DIV_87","codNode":"NODE_87","idLevel":87,"dteStart":"2026-02-06T14:07:00"},{"idAction":98,"codDeliveryPoint":"NODE_98","flgInclusion":true,"codHier":"H_98","codDiv":"DIV_98","codNode":"NODE_98","idLevel":98,"dteStart":"2026-01-30T18:25:00"},{"idAction":321,"codDeliveryPoint":"NODE_A","flgInclusion":true,"codHier":"H_A","codDiv":"DIV_A","codNode":"NODE_A","idLevel":1,"dteStart":"2026-02-01T18:26:00"},{"idAction":1111,"codDeliveryPoint":"NODE_1111","flgInclusion":true,"codHier":"H_1111","codDiv":"DIV_1111","codNode":"NODE_1111","idLevel":11,"dteStart":"2026-01-01T17:00:00"},{"idAction":5005,"codDeliveryPoint":"","flgInclusion":true,"codHier":"H-2255","codDiv":"DIV-2255","codNode":"CUST-2255","idLevel":10,"dteStart":"2026-01-01T00:00:00"},{"idAction":6767,"codDeliveryPoint":"DP-6767","flgInclusion":true,"codHier":"H-6767","codDiv":"DIV-6767","codNode":"CUST-6767","idLevel":5,"dteStart":"2026-01-01T12:15:00"},{"idAction":7000,"codDeliveryPoint":"DP-7000","flgInclusion":true,"codHier":"H-7000","codDiv":"DIV-7000","codNode":"CUST-7000","idLevel":10,"dteStart":"2026-01-01T00:00:00"}]
2026-02-03 10:41:58.254 +05:00 [INF] HTTP GET /api/promotions/customer-relations responded 200 in 19.1511 ms | User: ali (N/A) | IP: ::1 | RequestBody:  | ResponseBody: [{"idAction":0,"codHier":"5555","codDiv":"div5555","codNode":"f5555","idLevel":1,"dteStart":"2026-01-15T00:00:00","codParentNode":"root","dteEnd":null},{"idAction":0,"codHier":"56","codDiv":"565","codNode":"56","idLevel":55,"dteStart":"2026-01-29T00:44:00","codParentNode":"haseeb","dteEnd":"2026-01-26T00:44:00"},{"idAction":0,"codHier":"H_1","codDiv":"D_1","codNode":"D_1","idLevel":1,"dteStart":"2026-01-30T00:00:00","codParentNode":"ROOT","dteEnd":null},{"idAction":0,"codHier":"H_1","codDiv":"D_1","codNode":"N_1","idLevel":1,"dteStart":"2026-01-30T09:35:43.289","codParentNode":"ROOT","dteEnd":null},{"idAction":0,"codHier":"H_10","codDiv":"DIV_10","codNode":"NODE_10","idLevel":10,"dteStart":"2026-01-01T14:45:00","codParentNode":"ROOT_10","dteEnd":"2026-01-31T14:44:00"},{"idAction":0,"codHier":"H_1111","codDiv":"DIV_1111","codNode":"NODE_1111","idLevel":11,"dteStart":"2026-01-01T17:00:00","codParentNode":"ROOT_1111","dteEnd":"2026-01-30T17:01:00"},{"idAction":0,"codHier":"H_12","codDiv":"DIV_12","codNode":"NODE_12","idLevel":12,"dteStart":"2026-02-03T12:26:00","codParentNode":"ROOT_12","dteEnd":"2026-02-06T12:26:00"},{"idAction":0,"codHier":"H_17","codDiv":"DIV_17","codNode":"NODE_17","idLevel":17,"dteStart":"2026-02-07T15:44:00","codParentNode":"ROOT_17","dteEnd":"2026-02-24T15:44:00"},{"idAction":0,"codHier":"H_19","codDiv":"DIV_19","codNode":"NODE_19","idLevel":19,"dteStart":"2026-02-04T13:59:00","codParentNode":"ROOT_19","dteEnd":"2026-02-05T13:59:00"},{"idAction":0,"codHier":"H_21","codDiv":"DIV_21","codNode":"NODE_21","idLevel":21,"dteStart":"2026-02-05T14:01:00","codParentNode":"ROOT_21","dteEnd":"2026-02-07T14:01:00"},{"idAction":0,"codHier":"H_222","codDiv":"DIV_222","codNode":"NODE_222","idLevel":222,"dteStart":"2026-02-04T12:53:00","codParentNode":"ROOT_222","dteEnd":"2026-02-06T12:53:00"},{"idAction":0,"codHier":"H_24","codDiv":"DIV_24","codNode":"NODE_24","idLevel":24,"dteStart":"2026-02-04T12:48:00","codParentNode":"ROOT_24","dteEnd":"2026-02-05T12:48:00"},{"idAction":0,"codHier":"H_25","codDiv":"DIV_25","codNode":"NODE_25","idLevel":25,"dteStart":"2026-02-10T14:04:00","codParentNode":"ROOT_25","dteEnd":"2026-02-11T14:04:00"},{"idAction":0,"codHier":"H_3","codDiv":"DIV_3","codNode":"NODE_3","idLevel":3,"dteStart":"2026-01-01T10:45:00","codParentNode":"ROOT_3","dteEnd":"2026-01-30T10:44:00"},{"idAction":0,"codHier":"H_5","codDiv":"DIV_5","codNode":"NODE_5","idLevel":5,"dteStart":"2026-01-30T10:50:00","codParentNode":"ROOT_5","dteEnd":"2026-01-31T10:48:00"},{"idAction":0,"codHier":"H_6","codDiv":"DIV_6","codNode":"NODE_6","idLevel":6,"dteStart":"2026-01-30T15:01:00","codParentNode":"ROOT_6","dteEnd":"2026-01-31T15:01:00"},{"idAction":0,"codHier":"H_656565","codDiv":"DIV_656565","codNode":"C_656565","idLevel":9,"dteStart":"2026-01-20T00:00:00","codParentNode":"ROOT","dteEnd":null},{"idAction":0,"codHier":"H_676767","codDiv":"DIV_676767","codNode":"NODE_676767","idLevel":676767,"dteStart":"2026-01-31T00:00:00","codParentNode":"ROOT","dteEnd":null},{"idAction":0,"codHier":"H_7","codDiv":"DIV_7","codNode":"NODE_7","idLevel":7,"dteStart":"2026-02-02T12:04:00","codParentNode":"ROOT_7","dteEnd":"2026-02-04T12:04:00"},{"idAction":0,"codHier":"H_87","codDiv":"DIV_87","codNode":"NODE_87","idLevel":87,"dteStart":"2026-02-06T14:07:00","codParentNode":"ROOT_87","dteEnd":"2026-02-26T14:07:00"},{"idAction":0,"codHier":"H_98","codDiv":"DIV_98","codNode":"NODE_98","idLevel":98,"dteStart":"2026-01-30T18:25:00","codParentNode":"ROOT_98","dteEnd":"2026-01-31T18:25:00"},{"idAction":0,"codHier":"H_999","codDiv":"D_5878","codNode":"N_878","idLevel":8,"dteStart":"2026-01-14T00:00:00","codParentNode":"ROOT","dteEnd":null},{"idAction":0,"codHier":"H_A","codDiv":"DIV_A","codNode":"NODE_A","idLevel":1,"dteStart":"2026-02-01T18:26:00","codParentNode":"ROOT_A","dteEnd":"2026-02-14T18:26:00"},{"idAction":0,"codHier":"H-1010","codDiv":"D-1010","codNode":"C-1010","idLevel":1,"dteStart":"2026-01-01T11:54:00","codParentNode":"root","dteEnd":"2026-01-12T11:54:00"},{"idAction":0,"codHier":"H-11","codDiv":"DIV-11","codNode":"C-11","idLevel":11,"dteStart":"2026-01-01T15:05:00","codParentNode":"ROOT","dteEnd":"2026-01-31T15:05:00"},{"idAction":0,"codHier":"H-1111","codDiv":"DIV-1111","codNode":"CUST-1111","idLevel":10,"dteStart":"2026-01-01T00:00:00","codParentNode":"ROOT","dteEnd":null},{"idAction":0,"codHier":"H-1414","codDiv":"D-1414","codNode":"C-1414","idLevel":4,"dteStart":"2026-01-01T14:45:00","codParentNode":"ROOT","dteEnd":"2026-01-15T14:45:00"},{"idAction":0,"codHier":"H-2","codDiv":"DIV-2","codNode":"CUST-2","idLevel":2,"dteStart":"2026-01-01T12:40:00","codParentNode":"ROOT","dteEnd":"2026-01-16T12:37:00"},{"idAction":0,"codHier":"H-2","codDiv":"DIV-2","codNode":"CUST-2","idLevel":2,"dteStart":"2026-01-21T12:37:00","codParentNode":"ROOT","dteEnd":"2026-01-24T12:37:00"},{"idAction":0,"codHier":"H-2020","codDiv":"D-2020","codNode":"C-2020","idLevel":2,"dteStart":"2026-01-02T12:27:00","codParentNode":"root","dteEnd":"2026-01-30T12:27:00"},{"idAction":0,"codHier":"H-2255","codDiv":"DIV-2255","codNode":"CUST-2255","idLevel":10,"dteStart":"2026-01-01T00:00:00","codParentNode":"ROOT","dteEnd":null},{"idAction":0,"codHier":"H-2323","codDiv":"D-2323","codNode":"C-2323","idLevel":4,"dteStart":"2026-01-01T12:48:00","codParentNode":"ROOT","dteEnd":"2026-01-12T12:49:00"},{"idAction":0,"codHier":"H-3333","codDiv":"DIV-3333","codNode":"CUST-3333","idLevel":10,"dteStart":"2026-01-01T00:00:00","codParentNode":"ROOT","dteEnd":null},{"idAction":0,"codHier":"H-3344","codDiv":"DIV-3345","codNode":"CUST-3345","idLevel":10,"dteStart":"2026-01-01T00:00:00","codParentNode":"ROOT","dteEnd":null},{"idAction":0,"codHier":"H-3345","codDiv":"DIV-3345","codNode":"CUST-3345","idLevel":10,"dteStart":"2026-01-01T00:00:00","codParentNode":"ROOT","dteEnd":null},{"idAction":0,"codHier":"H-4","codDiv":"DIV-4","codNode":"CUST-4","idLevel":4,"dteStart":"2026-01-01T14:44:00","codParentNode":"ROOT","dteEnd":"2026-01-02T14:44:00"},{"idAction":0,"codHier":"H-5555","codDiv":"DIV-5555","codNode":"CUST-5555","idLevel":10,"dteStart":"2026-01-01T00:00:00","codParentNode":"ROOT","dteEnd":null},{"idAction":0,"codHier":"H-6000","codDiv":"DIV-6000","codNode":"CUST-6000","idLevel":10,"dteStart":"2026-01-01T00:00:00","codParentNode":"ROOT","dteEnd":"2026-12-31T00:00:00"},{"idAction":0,"codHier":"H-6666","codDiv":"DIV-6666","codNode":"CUST-6666","idLevel":10,"dteStart":"2026-01-17T01:30:00","codParentNode":"ROOT","dteEnd":"2026-01-18T01:30:00"},{"idAction":0,"codHier":"H-6767","codDiv":"DIV-6767","codNode":"CUST-6767","idLevel":5,"dteStart":"2026-01-01T12:15:00","codParentNode":"ROOT","dteEnd":"2026-01-08T12:15:00"},{"idAction":0,"codHier":"H-7000","codDiv":"DIV-7000","codNode":"CUST-7000","idLevel":10,"dteStart":"2026-01-01T00:00:00","codParentNode":"ROOT","dteEnd":null},{"idAction":0,"codHier":"H-7777","codDiv":"DIV-7777","codNode":"CUST-7777","idLevel":10,"dteStart":"2026-01-01T00:00:00","codParentNode":"ROOT","dteEnd":null},{"idAction":0,"codHier":"H-7878","codDiv":"DIV-7878","codNode":"CUST-7878","idLevel":3,"dteStart":"2026-01-18T11:43:00","codParentNode":"ROOT","dteEnd":"2026-01-19T11:43:00"},{"idAction":0,"codHier":"H-8000","codDiv":"DIV-8000","codNode":"CUST-8000","idLevel":10,"dteStart":"2026-01-01T00:00:00","codParentNode":"ROOT","dteEnd":null},{"idAction":0,"codHier":"H-8888","codDiv":"DIV-8888","codNode":"CUST-8888","idLevel":10,"dteStart":"2026-01-01T00:00:00","codParentNode":"ROOT","dteEnd":null},{"idAction":0,"codHier":"H-9000","codDiv":"DIV-9000","codNode":"CUST-9000","idLevel":10,"dteStart":"2026-01-01T00:00:00","codParentNode":"ROOT","dteEnd":null},{"idAction":0,"codHier":"H-9999","codDiv":"DIV-9999","codNode":"CUST-9999","idLevel":10,"dteStart":"2026-01-01T00:00:00","codParentNode":"ROOT","dteEnd":null},{"idAction":0,"codHier":"HIER_CORP","codDiv":"DIV01","codNode":"NODE_9111","idLevel":1,"dteStart":"2026-01-15T00:00:00","codParentNode":"ROOT_NODE","dteEnd":null}]
2026-02-03 10:41:58.261 +05:00 [INF] HTTP GET /api/promotions/actions responded 200 in 29.1823 ms
2026-02-03 10:41:58.263 +05:00 [INF] HTTP GET /api/promotions/delivery-points responded 200 in 31.8144 ms
2026-02-03 10:41:58.273 +05:00 [INF] HTTP GET /api/promotions/customer-relations responded 200 in 38.1461 ms
2026-02-03 10:41:58.276 +05:00 [INF] HTTP GET /api/participants/all responded 200 in 23.5433 ms | User: ali (N/A) | IP: ::1 | RequestBody:  | ResponseBody: [{"idAction":3,"codParticipant":"N_1","flgInclusion":true,"codHier":"H_1","codDiv":"D_1","codNode":"N_1","idLevel":1,"dteStart":"2026-01-30T09:35:43.289"},{"idAction":3,"codParticipant":"NODE_3","flgInclusion":true,"codHier":"H_3","codDiv":"DIV_3","codNode":"NODE_3","idLevel":3,"dteStart":"2026-01-01T10:45:00"},{"idAction":3,"codParticipant":"NODE_5","flgInclusion":true,"codHier":"H_5","codDiv":"DIV_5","codNode":"NODE_5","idLevel":5,"dteStart":"2026-01-30T10:50:00"},{"idAction":5,"codParticipant":"NODE_5","flgInclusion":true,"codHier":"H_5","codDiv":"DIV_5","codNode":"NODE_5","idLevel":5,"dteStart":"2026-01-30T10:50:00"},{"idAction":6,"codParticipant":"N_9898","flgInclusion":true,"codHier":"H_999","codDiv":"D_5878","codNode":"N_878","idLevel":8,"dteStart":"2026-01-14T00:00:00"},{"idAction":6,"codParticipant":"NODE_3","flgInclusion":true,"codHier":"H_3","codDiv":"DIV_3","codNode":"NODE_3","idLevel":3,"dteStart":"2026-01-01T10:45:00"},{"idAction":6,"codParticipant":"NODE_5","flgInclusion":true,"codHier":"H_5","codDiv":"DIV_5","codNode":"NODE_5","idLevel":5,"dteStart":"2026-01-30T10:50:00"},{"idAction":6,"codParticipant":"NODE_6","flgInclusion":true,"codHier":"H_6","codDiv":"DIV_6","codNode":"NODE_6","idLevel":6,"dteStart":"2026-01-30T15:01:00"},{"idAction":6,"codParticipant":"NODE_676767","flgInclusion":true,"codHier":"H_676767","codDiv":"DIV_676767","codNode":"NODE_676767","idLevel":676767,"dteStart":"2026-01-31T00:00:00"},{"idAction":6,"codParticipant":"P-9000","flgInclusion":true,"codHier":"H-9000","codDiv":"DIV-9000","codNode":"CUST-9000","idLevel":10,"dteStart":"2026-01-01T00:00:00"},{"idAction":7,"codParticipant":"NODE_7","flgInclusion":true,"codHier":"H_7","codDiv":"DIV_7","codNode":"NODE_7","idLevel":7,"dteStart":"2026-02-02T12:04:00"},{"idAction":10,"codParticipant":"NODE_10","flgInclusion":true,"codHier":"H_10","codDiv":"DIV_10","codNode":"NODE_10","idLevel":10,"dteStart":"2026-01-01T14:45:00"},{"idAction":24,"codParticipant":"NODE_24","flgInclusion":true,"codHier":"H_24","codDiv":"DIV_24","codNode":"NODE_24","idLevel":24,"dteStart":"2026-02-04T12:48:00"},{"idAction":87,"codParticipant":"NODE_87","flgInclusion":true,"codHier":"H_87","codDiv":"DIV_87","codNode":"NODE_87","idLevel":87,"dteStart":"2026-02-06T14:07:00"},{"idAction":98,"codParticipant":"NODE_98","flgInclusion":true,"codHier":"H_98","codDiv":"DIV_98","codNode":"NODE_98","idLevel":98,"dteStart":"2026-01-30T18:25:00"},{"idAction":321,"codParticipant":"NODE_A","flgInclusion":true,"codHier":"H_A","codDiv":"DIV_A","codNode":"NODE_A","idLevel":1,"dteStart":"2026-02-01T18:26:00"},{"idAction":1111,"codParticipant":"NODE_1111","flgInclusion":true,"codHier":"H_1111","codDiv":"DIV_1111","codNode":"NODE_1111","idLevel":11,"dteStart":"2026-01-01T17:00:00"},{"idAction":2323,"codParticipant":"P-2323","flgInclusion":true,"codHier":"H-2323","codDiv":"D-2323","codNode":"C-2323","idLevel":4,"dteStart":"2026-01-01T12:48:00"},{"idAction":5005,"codParticipant":"","flgInclusion":true,"codHier":"H-9999","codDiv":"DIV-9999","codNode":"CUST-9999","idLevel":10,"dteStart":"2026-01-01T00:00:00"},{"idAction":6000,"codParticipant":"P-6000","flgInclusion":true,"codHier":"H-6000","codDiv":"DIV-6000","codNode":"CUST-6000","idLevel":10,"dteStart":"2026-01-01T00:00:00"},{"idAction":6767,"codParticipant":"P-6767","flgInclusion":false,"codHier":"H-6767","codDiv":"DIV-6767","codNode":"CUST-6767","idLevel":5,"dteStart":"2026-01-01T12:15:00"},{"idAction":7000,"codParticipant":"P-7000","flgInclusion":true,"codHier":"H-7000","codDiv":"DIV-7000","codNode":"CUST-7000","idLevel":10,"dteStart":"2026-01-01T00:00:00"},{"idAction":8888,"codParticipant":"P-8888","flgInclusion":true,"codHier":"H-8888","codDiv":"DIV-8888","codNode":"CUST-8888","idLevel":10,"dteStart":"2026-01-01T00:00:00"},{"idAction":9000,"codParticipant":"P-9000","flgInclusion":true,"codHier":"H-9000","codDiv":"DIV-9000","codNode":"CUST-9000","idLevel":10,"dteStart":"2026-01-01T00:00:00"},{"idAction":9999,"codParticipant":"P-9999","flgInclusion":true,"codHier":"H-9999","codDiv":"DIV-9999","codNode":"CUST-9999","idLevel":10,"dteStart":"2026-01-01T00:00:00"}]
2026-02-03 10:41:58.288 +05:00 [INF] HTTP GET /api/participants/all responded 200 in 34.9546 ms
2026-02-03 10:41:58.322 +05:00 [INF] HTTP GET /api/promotions/dashboard/metrics responded 200 in 90.6090 ms | User: ali (N/A) | IP: ::1 | RequestBody:  | ResponseBody: {"totalPromotions":22,"totalProducts":57,"totalParticipants":25,"activeActions":5,"pendingActions":5,"expiredActions":12,"estimatedRevenue":0,"activityTrend":[{"dateLabel":"07","active":5,"pending":16,"failed":1},{"dateLabel":"10","active":6,"pending":15,"failed":1},{"dateLabel":"13","active":6,"pending":15,"failed":2},{"dateLabel":"16","active":7,"pending":14,"failed":2},{"dateLabel":"19","active":5,"pending":14,"failed":4},{"dateLabel":"22","active":5,"pending":13,"failed":5},{"dateLabel":"25","active":6,"pending":12,"failed":5},{"dateLabel":"28","active":6,"pending":12,"failed":5},{"dateLabel":"31","active":1,"pending":11,"failed":11},{"dateLabel":"03","active":5,"pending":5,"failed":12}]}
2026-02-03 10:41:58.327 +05:00 [INF] HTTP GET /api/promotions/dashboard/metrics responded 200 in 95.7119 ms
2026-02-03 10:41:58.410 +05:00 [INF] HTTP GET /api/promotions/actions responded 200 in 13.5213 ms | User: ali (N/A) | IP: ::1 | RequestBody:  | ResponseBody: [{"idAction":3,"name":"PROMO_3","codDiv":"DIV_3","dteStartSellIn":"2026-02-01T00:00:00","dteEndSellIn":"2026-02-28T00:00:00","dteStartSellOut":"2026-01-25T00:00:00","dteEndSellOut":"2026-01-30T00:00:00","documentKey":"KEY_3","dteToShost":"2026-01-10T00:00:00","levParticipants":3},{"idAction":5,"name":"PROMO_5_5","codDiv":"DIV_5","dteStartSellIn":"2026-02-24T00:00:00","dteEndSellIn":"2026-02-21T00:00:00","dteStartSellOut":"2026-02-24T00:00:00","dteEndSellOut":"2026-02-27T00:00:00","documentKey":"DOC_KEY_is_5","dteToShost":"2026-01-18T00:00:00","levParticipants":55555555},{"idAction":6,"name":"PROMO_6","codDiv":"DIV_6","dteStartSellIn":"2026-02-01T00:00:00","dteEndSellIn":"2026-02-25T00:00:00","dteStartSellOut":"2026-01-15T00:00:00","dteEndSellOut":"2026-01-24T00:00:00","documentKey":"DOCC_6_KEY","dteToShost":"2026-01-15T00:00:00","levParticipants":6},{"idAction":7,"name":"PROMO_7","codDiv":"DIV_7","dteStartSellIn":"2026-02-06T12:05:00","dteEndSellIn":"2026-02-07T12:05:00","dteStartSellOut":"2026-02-08T12:05:00","dteEndSellOut":"2026-02-09T12:05:00","documentKey":"KEY_7","dteToShost":"2026-02-05T12:04:00","levParticipants":7},{"idAction":10,"name":"PROMO_10","codDiv":"DIV_10","dteStartSellIn":"2026-01-30T14:45:00","dteEndSellIn":"2026-01-31T14:45:00","dteStartSellOut":"2026-01-23T14:45:00","dteEndSellOut":"2026-01-24T14:45:00","documentKey":"DOCC_KEY_10","dteToShost":"2026-01-29T14:44:00","levParticipants":10},{"idAction":12,"name":"PROMO_12","codDiv":"DIV_12","dteStartSellIn":"2026-02-06T12:27:00","dteEndSellIn":"2026-02-07T12:27:00","dteStartSellOut":"2026-02-08T12:27:00","dteEndSellOut":"2026-02-09T12:27:00","documentKey":"KEY_12","dteToShost":"2026-02-03T12:26:00","levParticipants":12},{"idAction":24,"name":"PROMO_24","codDiv":"DIV_24","dteStartSellIn":"2026-02-05T12:48:00","dteEndSellIn":"2026-02-06T12:48:00","dteStartSellOut":"2026-02-07T12:48:00","dteEndSellOut":"2026-02-08T12:48:00","documentKey":"KEY_24","dteToShost":"2026-02-03T12:48:00","levParticipants":24},{"idAction":45,"name":"cccc","codDiv":"DIV01","dteStartSellIn":"2026-01-16T00:00:00","dteEndSellIn":"2026-01-17T00:00:00","dteStartSellOut":"2026-01-16T00:00:00","dteEndSellOut":"2026-01-17T00:00:00","documentKey":null,"dteToShost":null,"levParticipants":2},{"idAction":87,"name":"promo_87","codDiv":"DIV_87","dteStartSellIn":"2026-02-07T14:44:00","dteEndSellIn":"2026-02-10T14:44:00","dteStartSellOut":"2026-02-22T14:44:00","dteEndSellOut":"2026-02-26T14:44:00","documentKey":"KEY_87","dteToShost":"2026-02-03T14:44:00","levParticipants":87},{"idAction":98,"name":"PROMO_98","codDiv":"DIV_98","dteStartSellIn":"2026-01-08T18:25:00","dteEndSellIn":"2026-01-17T18:25:00","dteStartSellOut":"2026-01-28T18:25:00","dteEndSellOut":"2026-01-30T18:25:00","documentKey":"DOCC_98","dteToShost":"2026-01-31T18:25:00","levParticipants":98},{"idAction":321,"name":"PROMO_321","codDiv":"DIV_A","dteStartSellIn":"2026-02-01T18:27:00","dteEndSellIn":"2026-02-28T18:27:00","dteStartSellOut":"2026-02-04T18:27:00","dteEndSellOut":"2026-02-23T18:27:00","documentKey":"KEY_A","dteToShost":"2026-02-03T18:27:00","levParticipants":1},{"idAction":1111,"name":"PROMO_1111","codDiv":"DIV_1111","dteStartSellIn":"2026-01-01T17:00:00","dteEndSellIn":"2026-01-30T17:02:00","dteStartSellOut":"2026-01-17T17:02:00","dteEndSellOut":"2026-01-28T17:02:00","documentKey":"1111_DOCC_KEY","dteToShost":"2026-01-13T17:02:00","levParticipants":11},{"idAction":2020,"name":"Spring Special 2020","codDiv":"D-2020","dteStartSellIn":"2026-01-03T12:28:00","dteEndSellIn":"2026-01-04T12:28:00","dteStartSellOut":"2026-01-05T12:28:00","dteEndSellOut":"2026-01-06T12:28:00","documentKey":"DOC-SPRING-2020","dteToShost":"2026-01-02T12:28:00","levParticipants":1},{"idAction":2222,"name":"haseeb","codDiv":"DIV02","dteStartSellIn":"2026-02-01T00:00:00","dteEndSellIn":"2026-01-11T00:00:00","dteStartSellOut":"2026-01-28T00:00:00","dteEndSellOut":"2026-01-30T00:00:00","documentKey":"","dteToShost":null,"levParticipants":2},{"idAction":2323,"name":"Winter Sale Campaign 2323","codDiv":"D-2323","dteStartSellIn":"2026-01-19T14:39:00","dteEndSellIn":"2026-01-20T14:40:00","dteStartSellOut":"2026-01-21T14:40:00","dteEndSellOut":"2026-01-22T14:40:00","documentKey":"DOC-WINTER-2323","dteToShost":"2026-01-30T14:39:00","levParticipants":1},{"idAction":5005,"name":"bbb","codDiv":"DIV5005","dteStartSellIn":"2026-01-23T00:00:00","dteEndSellIn":"2026-01-30T00:00:00","dteStartSellOut":"2026-01-26T00:00:00","dteEndSellOut":"2026-01-18T00:00:00","documentKey":"555553","dteToShost":"2026-01-19T00:00:00","levParticipants":14},{"idAction":6000,"name":"Zero Redundancy Campaign 6000","codDiv":"DIV-6000","dteStartSellIn":"2026-02-01T00:00:00","dteEndSellIn":"2026-02-24T00:00:00","dteStartSellOut":"2026-02-01T00:00:00","dteEndSellOut":"2026-02-28T00:00:00","documentKey":"DOC-6000","dteToShost":"2026-01-05T00:00:00","levParticipants":1},{"idAction":6767,"name":"XTEL Launch Promo 6767","codDiv":"DIV-6767","dteStartSellIn":"2026-02-01T00:00:00","dteEndSellIn":"2026-02-28T00:00:00","dteStartSellOut":"2026-01-22T00:00:00","dteEndSellOut":"2026-01-23T00:00:00","documentKey":"DOC-XTEL-6767","dteToShost":"2026-01-03T00:00:00","levParticipants":1},{"idAction":7000,"name":"Atomic Campaign 7000","codDiv":"DIV-7000","dteStartSellIn":"2026-01-01T00:00:00","dteEndSellIn":"2026-01-31T00:00:00","dteStartSellOut":"2026-02-01T00:00:00","dteEndSellOut":"2026-02-28T00:00:00","documentKey":"DOC-7000","dteToShost":null,"levParticipants":1},{"idAction":8888,"name":"Atomic Campaign 8888 Complete","codDiv":"DIV-8888","dteStartSellIn":"2026-01-01T00:00:00","dteEndSellIn":"2026-01-31T00:00:00","dteStartSellOut":"2026-02-01T00:00:00","dteEndSellOut":"2026-02-28T00:00:00","documentKey":"DOC-8888","dteToShost":null,"levParticipants":1},{"idAction":9000,"name":"Balanced Atomic Campaign 9000","codDiv":"DIV-9000","dteStartSellIn":"2026-01-01T00:00:00","dteEndSellIn":"2026-01-31T00:00:00","dteStartSellOut":"2026-02-01T00:00:00","dteEndSellOut":"2026-02-28T00:00:00","documentKey":"DOC-9000","dteToShost":null,"levParticipants":1},{"idAction":9999,"name":"I should not exist in DB","codDiv":"DIV-9999","dteStartSellIn":"2026-01-01T00:00:00","dteEndSellIn":"2026-01-31T00:00:00","dteStartSellOut":"2026-02-01T00:00:00","dteEndSellOut":"2026-02-28T00:00:00","documentKey":"DOC-9999","dteToShost":null,"levParticipants":1}]
2026-02-03 10:41:58.433 +05:00 [INF] HTTP GET /api/promotions/delivery-points responded 200 in 26.0750 ms | User: ali (N/A) | IP: ::1 | RequestBody:  | ResponseBody: [{"idAction":3,"codDeliveryPoint":"D_1","flgInclusion":true,"codHier":"H_1","codDiv":"D_1","codNode":"D_1","idLevel":1,"dteStart":"2026-01-30T00:00:00"},{"idAction":3,"codDeliveryPoint":"NODE_3","flgInclusion":false,"codHier":"H_3","codDiv":"DIV_3","codNode":"NODE_3","idLevel":3,"dteStart":"2026-01-01T10:45:00"},{"idAction":3,"codDeliveryPoint":"NODE_5","flgInclusion":false,"codHier":"H_5","codDiv":"DIV_5","codNode":"NODE_5","idLevel":5,"dteStart":"2026-01-30T10:50:00"},{"idAction":5,"codDeliveryPoint":"NODE_5","flgInclusion":false,"codHier":"H_5","codDiv":"DIV_5","codNode":"NODE_5","idLevel":5,"dteStart":"2026-01-30T10:50:00"},{"idAction":6,"codDeliveryPoint":"D_1","flgInclusion":true,"codHier":"H_1","codDiv":"D_1","codNode":"D_1","idLevel":1,"dteStart":"2026-01-30T00:00:00"},{"idAction":6,"codDeliveryPoint":"D_656565","flgInclusion":true,"codHier":"H_656565","codDiv":"DIV_656565","codNode":"C_656565","idLevel":9,"dteStart":"2026-01-20T00:00:00"},{"idAction":6,"codDeliveryPoint":"NODE_3","flgInclusion":false,"codHier":"H_3","codDiv":"DIV_3","codNode":"NODE_3","idLevel":3,"dteStart":"2026-01-01T10:45:00"},{"idAction":6,"codDeliveryPoint":"NODE_5","flgInclusion":false,"codHier":"H_5","codDiv":"DIV_5","codNode":"NODE_5","idLevel":5,"dteStart":"2026-01-30T10:50:00"},{"idAction":6,"codDeliveryPoint":"NODE_6","flgInclusion":true,"codHier":"H_6","codDiv":"DIV_6","codNode":"NODE_6","idLevel":6,"dteStart":"2026-01-30T15:01:00"},{"idAction":7,"codDeliveryPoint":"NODE_7","flgInclusion":true,"codHier":"H_7","codDiv":"DIV_7","codNode":"NODE_7","idLevel":7,"dteStart":"2026-02-02T12:04:00"},{"idAction":10,"codDeliveryPoint":"NODE_10","flgInclusion":true,"codHier":"H_10","codDiv":"DIV_10","codNode":"NODE_10","idLevel":10,"dteStart":"2026-01-01T14:45:00"},{"idAction":24,"codDeliveryPoint":"NODE_24","flgInclusion":true,"codHier":"H_24","codDiv":"DIV_24","codNode":"NODE_24","idLevel":24,"dteStart":"2026-02-04T12:48:00"},{"idAction":87,"codDeliveryPoint":"NODE_87","flgInclusion":true,"codHier":"H_87","codDiv":"DIV_87","codNode":"NODE_87","idLevel":87,"dteStart":"2026-02-06T14:07:00"},{"idAction":98,"codDeliveryPoint":"NODE_98","flgInclusion":true,"codHier":"H_98","codDiv":"DIV_98","codNode":"NODE_98","idLevel":98,"dteStart":"2026-01-30T18:25:00"},{"idAction":321,"codDeliveryPoint":"NODE_A","flgInclusion":true,"codHier":"H_A","codDiv":"DIV_A","codNode":"NODE_A","idLevel":1,"dteStart":"2026-02-01T18:26:00"},{"idAction":1111,"codDeliveryPoint":"NODE_1111","flgInclusion":true,"codHier":"H_1111","codDiv":"DIV_1111","codNode":"NODE_1111","idLevel":11,"dteStart":"2026-01-01T17:00:00"},{"idAction":5005,"codDeliveryPoint":"","flgInclusion":true,"codHier":"H-2255","codDiv":"DIV-2255","codNode":"CUST-2255","idLevel":10,"dteStart":"2026-01-01T00:00:00"},{"idAction":6767,"codDeliveryPoint":"DP-6767","flgInclusion":true,"codHier":"H-6767","codDiv":"DIV-6767","codNode":"CUST-6767","idLevel":5,"dteStart":"2026-01-01T12:15:00"},{"idAction":7000,"codDeliveryPoint":"DP-7000","flgInclusion":true,"codHier":"H-7000","codDiv":"DIV-7000","codNode":"CUST-7000","idLevel":10,"dteStart":"2026-01-01T00:00:00"}]
2026-02-03 10:41:58.433 +05:00 [INF] HTTP GET /api/promotions/actions responded 200 in 37.0347 ms
2026-02-03 10:41:58.447 +05:00 [INF] HTTP GET /api/promotions/delivery-points responded 200 in 40.0146 ms
2026-02-03 10:41:58.448 +05:00 [INF] HTTP GET /api/promotions/customer-relations responded 200 in 17.1704 ms | User: ali (N/A) | IP: ::1 | RequestBody:  | ResponseBody: [{"idAction":0,"codHier":"5555","codDiv":"div5555","codNode":"f5555","idLevel":1,"dteStart":"2026-01-15T00:00:00","codParentNode":"root","dteEnd":null},{"idAction":0,"codHier":"56","codDiv":"565","codNode":"56","idLevel":55,"dteStart":"2026-01-29T00:44:00","codParentNode":"haseeb","dteEnd":"2026-01-26T00:44:00"},{"idAction":0,"codHier":"H_1","codDiv":"D_1","codNode":"D_1","idLevel":1,"dteStart":"2026-01-30T00:00:00","codParentNode":"ROOT","dteEnd":null},{"idAction":0,"codHier":"H_1","codDiv":"D_1","codNode":"N_1","idLevel":1,"dteStart":"2026-01-30T09:35:43.289","codParentNode":"ROOT","dteEnd":null},{"idAction":0,"codHier":"H_10","codDiv":"DIV_10","codNode":"NODE_10","idLevel":10,"dteStart":"2026-01-01T14:45:00","codParentNode":"ROOT_10","dteEnd":"2026-01-31T14:44:00"},{"idAction":0,"codHier":"H_1111","codDiv":"DIV_1111","codNode":"NODE_1111","idLevel":11,"dteStart":"2026-01-01T17:00:00","codParentNode":"ROOT_1111","dteEnd":"2026-01-30T17:01:00"},{"idAction":0,"codHier":"H_12","codDiv":"DIV_12","codNode":"NODE_12","idLevel":12,"dteStart":"2026-02-03T12:26:00","codParentNode":"ROOT_12","dteEnd":"2026-02-06T12:26:00"},{"idAction":0,"codHier":"H_17","codDiv":"DIV_17","codNode":"NODE_17","idLevel":17,"dteStart":"2026-02-07T15:44:00","codParentNode":"ROOT_17","dteEnd":"2026-02-24T15:44:00"},{"idAction":0,"codHier":"H_19","codDiv":"DIV_19","codNode":"NODE_19","idLevel":19,"dteStart":"2026-02-04T13:59:00","codParentNode":"ROOT_19","dteEnd":"2026-02-05T13:59:00"},{"idAction":0,"codHier":"H_21","codDiv":"DIV_21","codNode":"NODE_21","idLevel":21,"dteStart":"2026-02-05T14:01:00","codParentNode":"ROOT_21","dteEnd":"2026-02-07T14:01:00"},{"idAction":0,"codHier":"H_222","codDiv":"DIV_222","codNode":"NODE_222","idLevel":222,"dteStart":"2026-02-04T12:53:00","codParentNode":"ROOT_222","dteEnd":"2026-02-06T12:53:00"},{"idAction":0,"codHier":"H_24","codDiv":"DIV_24","codNode":"NODE_24","idLevel":24,"dteStart":"2026-02-04T12:48:00","codParentNode":"ROOT_24","dteEnd":"2026-02-05T12:48:00"},{"idAction":0,"codHier":"H_25","codDiv":"DIV_25","codNode":"NODE_25","idLevel":25,"dteStart":"2026-02-10T14:04:00","codParentNode":"ROOT_25","dteEnd":"2026-02-11T14:04:00"},{"idAction":0,"codHier":"H_3","codDiv":"DIV_3","codNode":"NODE_3","idLevel":3,"dteStart":"2026-01-01T10:45:00","codParentNode":"ROOT_3","dteEnd":"2026-01-30T10:44:00"},{"idAction":0,"codHier":"H_5","codDiv":"DIV_5","codNode":"NODE_5","idLevel":5,"dteStart":"2026-01-30T10:50:00","codParentNode":"ROOT_5","dteEnd":"2026-01-31T10:48:00"},{"idAction":0,"codHier":"H_6","codDiv":"DIV_6","codNode":"NODE_6","idLevel":6,"dteStart":"2026-01-30T15:01:00","codParentNode":"ROOT_6","dteEnd":"2026-01-31T15:01:00"},{"idAction":0,"codHier":"H_656565","codDiv":"DIV_656565","codNode":"C_656565","idLevel":9,"dteStart":"2026-01-20T00:00:00","codParentNode":"ROOT","dteEnd":null},{"idAction":0,"codHier":"H_676767","codDiv":"DIV_676767","codNode":"NODE_676767","idLevel":676767,"dteStart":"2026-01-31T00:00:00","codParentNode":"ROOT","dteEnd":null},{"idAction":0,"codHier":"H_7","codDiv":"DIV_7","codNode":"NODE_7","idLevel":7,"dteStart":"2026-02-02T12:04:00","codParentNode":"ROOT_7","dteEnd":"2026-02-04T12:04:00"},{"idAction":0,"codHier":"H_87","codDiv":"DIV_87","codNode":"NODE_87","idLevel":87,"dteStart":"2026-02-06T14:07:00","codParentNode":"ROOT_87","dteEnd":"2026-02-26T14:07:00"},{"idAction":0,"codHier":"H_98","codDiv":"DIV_98","codNode":"NODE_98","idLevel":98,"dteStart":"2026-01-30T18:25:00","codParentNode":"ROOT_98","dteEnd":"2026-01-31T18:25:00"},{"idAction":0,"codHier":"H_999","codDiv":"D_5878","codNode":"N_878","idLevel":8,"dteStart":"2026-01-14T00:00:00","codParentNode":"ROOT","dteEnd":null},{"idAction":0,"codHier":"H_A","codDiv":"DIV_A","codNode":"NODE_A","idLevel":1,"dteStart":"2026-02-01T18:26:00","codParentNode":"ROOT_A","dteEnd":"2026-02-14T18:26:00"},{"idAction":0,"codHier":"H-1010","codDiv":"D-1010","codNode":"C-1010","idLevel":1,"dteStart":"2026-01-01T11:54:00","codParentNode":"root","dteEnd":"2026-01-12T11:54:00"},{"idAction":0,"codHier":"H-11","codDiv":"DIV-11","codNode":"C-11","idLevel":11,"dteStart":"2026-01-01T15:05:00","codParentNode":"ROOT","dteEnd":"2026-01-31T15:05:00"},{"idAction":0,"codHier":"H-1111","codDiv":"DIV-1111","codNode":"CUST-1111","idLevel":10,"dteStart":"2026-01-01T00:00:00","codParentNode":"ROOT","dteEnd":null},{"idAction":0,"codHier":"H-1414","codDiv":"D-1414","codNode":"C-1414","idLevel":4,"dteStart":"2026-01-01T14:45:00","codParentNode":"ROOT","dteEnd":"2026-01-15T14:45:00"},{"idAction":0,"codHier":"H-2","codDiv":"DIV-2","codNode":"CUST-2","idLevel":2,"dteStart":"2026-01-01T12:40:00","codParentNode":"ROOT","dteEnd":"2026-01-16T12:37:00"},{"idAction":0,"codHier":"H-2","codDiv":"DIV-2","codNode":"CUST-2","idLevel":2,"dteStart":"2026-01-21T12:37:00","codParentNode":"ROOT","dteEnd":"2026-01-24T12:37:00"},{"idAction":0,"codHier":"H-2020","codDiv":"D-2020","codNode":"C-2020","idLevel":2,"dteStart":"2026-01-02T12:27:00","codParentNode":"root","dteEnd":"2026-01-30T12:27:00"},{"idAction":0,"codHier":"H-2255","codDiv":"DIV-2255","codNode":"CUST-2255","idLevel":10,"dteStart":"2026-01-01T00:00:00","codParentNode":"ROOT","dteEnd":null},{"idAction":0,"codHier":"H-2323","codDiv":"D-2323","codNode":"C-2323","idLevel":4,"dteStart":"2026-01-01T12:48:00","codParentNode":"ROOT","dteEnd":"2026-01-12T12:49:00"},{"idAction":0,"codHier":"H-3333","codDiv":"DIV-3333","codNode":"CUST-3333","idLevel":10,"dteStart":"2026-01-01T00:00:00","codParentNode":"ROOT","dteEnd":null},{"idAction":0,"codHier":"H-3344","codDiv":"DIV-3345","codNode":"CUST-3345","idLevel":10,"dteStart":"2026-01-01T00:00:00","codParentNode":"ROOT","dteEnd":null},{"idAction":0,"codHier":"H-3345","codDiv":"DIV-3345","codNode":"CUST-3345","idLevel":10,"dteStart":"2026-01-01T00:00:00","codParentNode":"ROOT","dteEnd":null},{"idAction":0,"codHier":"H-4","codDiv":"DIV-4","codNode":"CUST-4","idLevel":4,"dteStart":"2026-01-01T14:44:00","codParentNode":"ROOT","dteEnd":"2026-01-02T14:44:00"},{"idAction":0,"codHier":"H-5555","codDiv":"DIV-5555","codNode":"CUST-5555","idLevel":10,"dteStart":"2026-01-01T00:00:00","codParentNode":"ROOT","dteEnd":null},{"idAction":0,"codHier":"H-6000","codDiv":"DIV-6000","codNode":"CUST-6000","idLevel":10,"dteStart":"2026-01-01T00:00:00","codParentNode":"ROOT","dteEnd":"2026-12-31T00:00:00"},{"idAction":0,"codHier":"H-6666","codDiv":"DIV-6666","codNode":"CUST-6666","idLevel":10,"dteStart":"2026-01-17T01:30:00","codParentNode":"ROOT","dteEnd":"2026-01-18T01:30:00"},{"idAction":0,"codHier":"H-6767","codDiv":"DIV-6767","codNode":"CUST-6767","idLevel":5,"dteStart":"2026-01-01T12:15:00","codParentNode":"ROOT","dteEnd":"2026-01-08T12:15:00"},{"idAction":0,"codHier":"H-7000","codDiv":"DIV-7000","codNode":"CUST-7000","idLevel":10,"dteStart":"2026-01-01T00:00:00","codParentNode":"ROOT","dteEnd":null},{"idAction":0,"codHier":"H-7777","codDiv":"DIV-7777","codNode":"CUST-7777","idLevel":10,"dteStart":"2026-01-01T00:00:00","codParentNode":"ROOT","dteEnd":null},{"idAction":0,"codHier":"H-7878","codDiv":"DIV-7878","codNode":"CUST-7878","idLevel":3,"dteStart":"2026-01-18T11:43:00","codParentNode":"ROOT","dteEnd":"2026-01-19T11:43:00"},{"idAction":0,"codHier":"H-8000","codDiv":"DIV-8000","codNode":"CUST-8000","idLevel":10,"dteStart":"2026-01-01T00:00:00","codParentNode":"ROOT","dteEnd":null},{"idAction":0,"codHier":"H-8888","codDiv":"DIV-8888","codNode":"CUST-8888","idLevel":10,"dteStart":"2026-01-01T00:00:00","codParentNode":"ROOT","dteEnd":null},{"idAction":0,"codHier":"H-9000","codDiv":"DIV-9000","codNode":"CUST-9000","idLevel":10,"dteStart":"2026-01-01T00:00:00","codParentNode":"ROOT","dteEnd":null},{"idAction":0,"codHier":"H-9999","codDiv":"DIV-9999","codNode":"CUST-9999","idLevel":10,"dteStart":"2026-01-01T00:00:00","codParentNode":"ROOT","dteEnd":null},{"idAction":0,"codHier":"HIER_CORP","codDiv":"DIV01","codNode":"NODE_9111","idLevel":1,"dteStart":"2026-01-15T00:00:00","codParentNode":"ROOT_NODE","dteEnd":null}]
2026-02-03 10:41:58.467 +05:00 [INF] HTTP GET /api/promotions/customer-relations responded 200 in 35.8420 ms
2026-02-03 10:41:58.468 +05:00 [INF] HTTP GET /api/participants/all responded 200 in 23.3923 ms | User: ali (N/A) | IP: ::1 | RequestBody:  | ResponseBody: [{"idAction":3,"codParticipant":"N_1","flgInclusion":true,"codHier":"H_1","codDiv":"D_1","codNode":"N_1","idLevel":1,"dteStart":"2026-01-30T09:35:43.289"},{"idAction":3,"codParticipant":"NODE_3","flgInclusion":true,"codHier":"H_3","codDiv":"DIV_3","codNode":"NODE_3","idLevel":3,"dteStart":"2026-01-01T10:45:00"},{"idAction":3,"codParticipant":"NODE_5","flgInclusion":true,"codHier":"H_5","codDiv":"DIV_5","codNode":"NODE_5","idLevel":5,"dteStart":"2026-01-30T10:50:00"},{"idAction":5,"codParticipant":"NODE_5","flgInclusion":true,"codHier":"H_5","codDiv":"DIV_5","codNode":"NODE_5","idLevel":5,"dteStart":"2026-01-30T10:50:00"},{"idAction":6,"codParticipant":"N_9898","flgInclusion":true,"codHier":"H_999","codDiv":"D_5878","codNode":"N_878","idLevel":8,"dteStart":"2026-01-14T00:00:00"},{"idAction":6,"codParticipant":"NODE_3","flgInclusion":true,"codHier":"H_3","codDiv":"DIV_3","codNode":"NODE_3","idLevel":3,"dteStart":"2026-01-01T10:45:00"},{"idAction":6,"codParticipant":"NODE_5","flgInclusion":true,"codHier":"H_5","codDiv":"DIV_5","codNode":"NODE_5","idLevel":5,"dteStart":"2026-01-30T10:50:00"},{"idAction":6,"codParticipant":"NODE_6","flgInclusion":true,"codHier":"H_6","codDiv":"DIV_6","codNode":"NODE_6","idLevel":6,"dteStart":"2026-01-30T15:01:00"},{"idAction":6,"codParticipant":"NODE_676767","flgInclusion":true,"codHier":"H_676767","codDiv":"DIV_676767","codNode":"NODE_676767","idLevel":676767,"dteStart":"2026-01-31T00:00:00"},{"idAction":6,"codParticipant":"P-9000","flgInclusion":true,"codHier":"H-9000","codDiv":"DIV-9000","codNode":"CUST-9000","idLevel":10,"dteStart":"2026-01-01T00:00:00"},{"idAction":7,"codParticipant":"NODE_7","flgInclusion":true,"codHier":"H_7","codDiv":"DIV_7","codNode":"NODE_7","idLevel":7,"dteStart":"2026-02-02T12:04:00"},{"idAction":10,"codParticipant":"NODE_10","flgInclusion":true,"codHier":"H_10","codDiv":"DIV_10","codNode":"NODE_10","idLevel":10,"dteStart":"2026-01-01T14:45:00"},{"idAction":24,"codParticipant":"NODE_24","flgInclusion":true,"codHier":"H_24","codDiv":"DIV_24","codNode":"NODE_24","idLevel":24,"dteStart":"2026-02-04T12:48:00"},{"idAction":87,"codParticipant":"NODE_87","flgInclusion":true,"codHier":"H_87","codDiv":"DIV_87","codNode":"NODE_87","idLevel":87,"dteStart":"2026-02-06T14:07:00"},{"idAction":98,"codParticipant":"NODE_98","flgInclusion":true,"codHier":"H_98","codDiv":"DIV_98","codNode":"NODE_98","idLevel":98,"dteStart":"2026-01-30T18:25:00"},{"idAction":321,"codParticipant":"NODE_A","flgInclusion":true,"codHier":"H_A","codDiv":"DIV_A","codNode":"NODE_A","idLevel":1,"dteStart":"2026-02-01T18:26:00"},{"idAction":1111,"codParticipant":"NODE_1111","flgInclusion":true,"codHier":"H_1111","codDiv":"DIV_1111","codNode":"NODE_1111","idLevel":11,"dteStart":"2026-01-01T17:00:00"},{"idAction":2323,"codParticipant":"P-2323","flgInclusion":true,"codHier":"H-2323","codDiv":"D-2323","codNode":"C-2323","idLevel":4,"dteStart":"2026-01-01T12:48:00"},{"idAction":5005,"codParticipant":"","flgInclusion":true,"codHier":"H-9999","codDiv":"DIV-9999","codNode":"CUST-9999","idLevel":10,"dteStart":"2026-01-01T00:00:00"},{"idAction":6000,"codParticipant":"P-6000","flgInclusion":true,"codHier":"H-6000","codDiv":"DIV-6000","codNode":"CUST-6000","idLevel":10,"dteStart":"2026-01-01T00:00:00"},{"idAction":6767,"codParticipant":"P-6767","flgInclusion":false,"codHier":"H-6767","codDiv":"DIV-6767","codNode":"CUST-6767","idLevel":5,"dteStart":"2026-01-01T12:15:00"},{"idAction":7000,"codParticipant":"P-7000","flgInclusion":true,"codHier":"H-7000","codDiv":"DIV-7000","codNode":"CUST-7000","idLevel":10,"dteStart":"2026-01-01T00:00:00"},{"idAction":8888,"codParticipant":"P-8888","flgInclusion":true,"codHier":"H-8888","codDiv":"DIV-8888","codNode":"CUST-8888","idLevel":10,"dteStart":"2026-01-01T00:00:00"},{"idAction":9000,"codParticipant":"P-9000","flgInclusion":true,"codHier":"H-9000","codDiv":"DIV-9000","codNode":"CUST-9000","idLevel":10,"dteStart":"2026-01-01T00:00:00"},{"idAction":9999,"codParticipant":"P-9999","flgInclusion":true,"codHier":"H-9999","codDiv":"DIV-9999","codNode":"CUST-9999","idLevel":10,"dteStart":"2026-01-01T00:00:00"}]
2026-02-03 10:41:58.473 +05:00 [INF] HTTP GET /api/participants/all responded 200 in 28.2598 ms
2026-02-03 10:41:58.496 +05:00 [INF] HTTP GET /api/promotions/dashboard/metrics responded 200 in 42.7709 ms | User: ali (N/A) | IP: ::1 | RequestBody:  | ResponseBody: {"totalPromotions":22,"totalProducts":57,"totalParticipants":25,"activeActions":5,"pendingActions":5,"expiredActions":12,"estimatedRevenue":0,"activityTrend":[{"dateLabel":"07","active":5,"pending":16,"failed":1},{"dateLabel":"10","active":6,"pending":15,"failed":1},{"dateLabel":"13","active":6,"pending":15,"failed":2},{"dateLabel":"16","active":7,"pending":14,"failed":2},{"dateLabel":"19","active":5,"pending":14,"failed":4},{"dateLabel":"22","active":5,"pending":13,"failed":5},{"dateLabel":"25","active":6,"pending":12,"failed":5},{"dateLabel":"28","active":6,"pending":12,"failed":5},{"dateLabel":"31","active":1,"pending":11,"failed":11},{"dateLabel":"03","active":5,"pending":5,"failed":12}]}
2026-02-03 10:41:58.532 +05:00 [INF] HTTP GET /api/promotions/dashboard/metrics responded 200 in 79.2170 ms
2026-02-03 10:42:19.381 +05:00 [INF] HTTP GET /api/promotions/actions responded 200 in 54.0613 ms | User: ali (N/A) | IP: ::1 | RequestBody:  | ResponseBody: [{"idAction":3,"name":"PROMO_3","codDiv":"DIV_3","dteStartSellIn":"2026-02-01T00:00:00","dteEndSellIn":"2026-02-28T00:00:00","dteStartSellOut":"2026-01-25T00:00:00","dteEndSellOut":"2026-01-30T00:00:00","documentKey":"KEY_3","dteToShost":"2026-01-10T00:00:00","levParticipants":3},{"idAction":5,"name":"PROMO_5_5","codDiv":"DIV_5","dteStartSellIn":"2026-02-24T00:00:00","dteEndSellIn":"2026-02-21T00:00:00","dteStartSellOut":"2026-02-24T00:00:00","dteEndSellOut":"2026-02-27T00:00:00","documentKey":"DOC_KEY_is_5","dteToShost":"2026-01-18T00:00:00","levParticipants":55555555},{"idAction":6,"name":"PROMO_6","codDiv":"DIV_6","dteStartSellIn":"2026-02-01T00:00:00","dteEndSellIn":"2026-02-25T00:00:00","dteStartSellOut":"2026-01-15T00:00:00","dteEndSellOut":"2026-01-24T00:00:00","documentKey":"DOCC_6_KEY","dteToShost":"2026-01-15T00:00:00","levParticipants":6},{"idAction":7,"name":"PROMO_7","codDiv":"DIV_7","dteStartSellIn":"2026-02-06T12:05:00","dteEndSellIn":"2026-02-07T12:05:00","dteStartSellOut":"2026-02-08T12:05:00","dteEndSellOut":"2026-02-09T12:05:00","documentKey":"KEY_7","dteToShost":"2026-02-05T12:04:00","levParticipants":7},{"idAction":10,"name":"PROMO_10","codDiv":"DIV_10","dteStartSellIn":"2026-01-30T14:45:00","dteEndSellIn":"2026-01-31T14:45:00","dteStartSellOut":"2026-01-23T14:45:00","dteEndSellOut":"2026-01-24T14:45:00","documentKey":"DOCC_KEY_10","dteToShost":"2026-01-29T14:44:00","levParticipants":10},{"idAction":12,"name":"PROMO_12","codDiv":"DIV_12","dteStartSellIn":"2026-02-06T12:27:00","dteEndSellIn":"2026-02-07T12:27:00","dteStartSellOut":"2026-02-08T12:27:00","dteEndSellOut":"2026-02-09T12:27:00","documentKey":"KEY_12","dteToShost":"2026-02-03T12:26:00","levParticipants":12},{"idAction":24,"name":"PROMO_24","codDiv":"DIV_24","dteStartSellIn":"2026-02-05T12:48:00","dteEndSellIn":"2026-02-06T12:48:00","dteStartSellOut":"2026-02-07T12:48:00","dteEndSellOut":"2026-02-08T12:48:00","documentKey":"KEY_24","dteToShost":"2026-02-03T12:48:00","levParticipants":24},{"idAction":45,"name":"cccc","codDiv":"DIV01","dteStartSellIn":"2026-01-16T00:00:00","dteEndSellIn":"2026-01-17T00:00:00","dteStartSellOut":"2026-01-16T00:00:00","dteEndSellOut":"2026-01-17T00:00:00","documentKey":null,"dteToShost":null,"levParticipants":2},{"idAction":87,"name":"promo_87","codDiv":"DIV_87","dteStartSellIn":"2026-02-07T14:44:00","dteEndSellIn":"2026-02-10T14:44:00","dteStartSellOut":"2026-02-22T14:44:00","dteEndSellOut":"2026-02-26T14:44:00","documentKey":"KEY_87","dteToShost":"2026-02-03T14:44:00","levParticipants":87},{"idAction":98,"name":"PROMO_98","codDiv":"DIV_98","dteStartSellIn":"2026-01-08T18:25:00","dteEndSellIn":"2026-01-17T18:25:00","dteStartSellOut":"2026-01-28T18:25:00","dteEndSellOut":"2026-01-30T18:25:00","documentKey":"DOCC_98","dteToShost":"2026-01-31T18:25:00","levParticipants":98},{"idAction":321,"name":"PROMO_321","codDiv":"DIV_A","dteStartSellIn":"2026-02-01T18:27:00","dteEndSellIn":"2026-02-28T18:27:00","dteStartSellOut":"2026-02-04T18:27:00","dteEndSellOut":"2026-02-23T18:27:00","documentKey":"KEY_A","dteToShost":"2026-02-03T18:27:00","levParticipants":1},{"idAction":1111,"name":"PROMO_1111","codDiv":"DIV_1111","dteStartSellIn":"2026-01-01T17:00:00","dteEndSellIn":"2026-01-30T17:02:00","dteStartSellOut":"2026-01-17T17:02:00","dteEndSellOut":"2026-01-28T17:02:00","documentKey":"1111_DOCC_KEY","dteToShost":"2026-01-13T17:02:00","levParticipants":11},{"idAction":2020,"name":"Spring Special 2020","codDiv":"D-2020","dteStartSellIn":"2026-01-03T12:28:00","dteEndSellIn":"2026-01-04T12:28:00","dteStartSellOut":"2026-01-05T12:28:00","dteEndSellOut":"2026-01-06T12:28:00","documentKey":"DOC-SPRING-2020","dteToShost":"2026-01-02T12:28:00","levParticipants":1},{"idAction":2222,"name":"haseeb","codDiv":"DIV02","dteStartSellIn":"2026-02-01T00:00:00","dteEndSellIn":"2026-01-11T00:00:00","dteStartSellOut":"2026-01-28T00:00:00","dteEndSellOut":"2026-01-30T00:00:00","documentKey":"","dteToShost":null,"levParticipants":2},{"idAction":2323,"name":"Winter Sale Campaign 2323","codDiv":"D-2323","dteStartSellIn":"2026-01-19T14:39:00","dteEndSellIn":"2026-01-20T14:40:00","dteStartSellOut":"2026-01-21T14:40:00","dteEndSellOut":"2026-01-22T14:40:00","documentKey":"DOC-WINTER-2323","dteToShost":"2026-01-30T14:39:00","levParticipants":1},{"idAction":5005,"name":"bbb","codDiv":"DIV5005","dteStartSellIn":"2026-01-23T00:00:00","dteEndSellIn":"2026-01-30T00:00:00","dteStartSellOut":"2026-01-26T00:00:00","dteEndSellOut":"2026-01-18T00:00:00","documentKey":"555553","dteToShost":"2026-01-19T00:00:00","levParticipants":14},{"idAction":6000,"name":"Zero Redundancy Campaign 6000","codDiv":"DIV-6000","dteStartSellIn":"2026-02-01T00:00:00","dteEndSellIn":"2026-02-24T00:00:00","dteStartSellOut":"2026-02-01T00:00:00","dteEndSellOut":"2026-02-28T00:00:00","documentKey":"DOC-6000","dteToShost":"2026-01-05T00:00:00","levParticipants":1},{"idAction":6767,"name":"XTEL Launch Promo 6767","codDiv":"DIV-6767","dteStartSellIn":"2026-02-01T00:00:00","dteEndSellIn":"2026-02-28T00:00:00","dteStartSellOut":"2026-01-22T00:00:00","dteEndSellOut":"2026-01-23T00:00:00","documentKey":"DOC-XTEL-6767","dteToShost":"2026-01-03T00:00:00","levParticipants":1},{"idAction":7000,"name":"Atomic Campaign 7000","codDiv":"DIV-7000","dteStartSellIn":"2026-01-01T00:00:00","dteEndSellIn":"2026-01-31T00:00:00","dteStartSellOut":"2026-02-01T00:00:00","dteEndSellOut":"2026-02-28T00:00:00","documentKey":"DOC-7000","dteToShost":null,"levParticipants":1},{"idAction":8888,"name":"Atomic Campaign 8888 Complete","codDiv":"DIV-8888","dteStartSellIn":"2026-01-01T00:00:00","dteEndSellIn":"2026-01-31T00:00:00","dteStartSellOut":"2026-02-01T00:00:00","dteEndSellOut":"2026-02-28T00:00:00","documentKey":"DOC-8888","dteToShost":null,"levParticipants":1},{"idAction":9000,"name":"Balanced Atomic Campaign 9000","codDiv":"DIV-9000","dteStartSellIn":"2026-01-01T00:00:00","dteEndSellIn":"2026-01-31T00:00:00","dteStartSellOut":"2026-02-01T00:00:00","dteEndSellOut":"2026-02-28T00:00:00","documentKey":"DOC-9000","dteToShost":null,"levParticipants":1},{"idAction":9999,"name":"I should not exist in DB","codDiv":"DIV-9999","dteStartSellIn":"2026-01-01T00:00:00","dteEndSellIn":"2026-01-31T00:00:00","dteStartSellOut":"2026-02-01T00:00:00","dteEndSellOut":"2026-02-28T00:00:00","documentKey":"DOC-9999","dteToShost":null,"levParticipants":1}]
2026-02-03 10:42:19.383 +05:00 [INF] HTTP GET /api/promotions/customer-relations responded 200 in 56.2441 ms | User: ali (N/A) | IP: ::1 | RequestBody:  | ResponseBody: [{"idAction":0,"codHier":"5555","codDiv":"div5555","codNode":"f5555","idLevel":1,"dteStart":"2026-01-15T00:00:00","codParentNode":"root","dteEnd":null},{"idAction":0,"codHier":"56","codDiv":"565","codNode":"56","idLevel":55,"dteStart":"2026-01-29T00:44:00","codParentNode":"haseeb","dteEnd":"2026-01-26T00:44:00"},{"idAction":0,"codHier":"H_1","codDiv":"D_1","codNode":"D_1","idLevel":1,"dteStart":"2026-01-30T00:00:00","codParentNode":"ROOT","dteEnd":null},{"idAction":0,"codHier":"H_1","codDiv":"D_1","codNode":"N_1","idLevel":1,"dteStart":"2026-01-30T09:35:43.289","codParentNode":"ROOT","dteEnd":null},{"idAction":0,"codHier":"H_10","codDiv":"DIV_10","codNode":"NODE_10","idLevel":10,"dteStart":"2026-01-01T14:45:00","codParentNode":"ROOT_10","dteEnd":"2026-01-31T14:44:00"},{"idAction":0,"codHier":"H_1111","codDiv":"DIV_1111","codNode":"NODE_1111","idLevel":11,"dteStart":"2026-01-01T17:00:00","codParentNode":"ROOT_1111","dteEnd":"2026-01-30T17:01:00"},{"idAction":0,"codHier":"H_12","codDiv":"DIV_12","codNode":"NODE_12","idLevel":12,"dteStart":"2026-02-03T12:26:00","codParentNode":"ROOT_12","dteEnd":"2026-02-06T12:26:00"},{"idAction":0,"codHier":"H_17","codDiv":"DIV_17","codNode":"NODE_17","idLevel":17,"dteStart":"2026-02-07T15:44:00","codParentNode":"ROOT_17","dteEnd":"2026-02-24T15:44:00"},{"idAction":0,"codHier":"H_19","codDiv":"DIV_19","codNode":"NODE_19","idLevel":19,"dteStart":"2026-02-04T13:59:00","codParentNode":"ROOT_19","dteEnd":"2026-02-05T13:59:00"},{"idAction":0,"codHier":"H_21","codDiv":"DIV_21","codNode":"NODE_21","idLevel":21,"dteStart":"2026-02-05T14:01:00","codParentNode":"ROOT_21","dteEnd":"2026-02-07T14:01:00"},{"idAction":0,"codHier":"H_222","codDiv":"DIV_222","codNode":"NODE_222","idLevel":222,"dteStart":"2026-02-04T12:53:00","codParentNode":"ROOT_222","dteEnd":"2026-02-06T12:53:00"},{"idAction":0,"codHier":"H_24","codDiv":"DIV_24","codNode":"NODE_24","idLevel":24,"dteStart":"2026-02-04T12:48:00","codParentNode":"ROOT_24","dteEnd":"2026-02-05T12:48:00"},{"idAction":0,"codHier":"H_25","codDiv":"DIV_25","codNode":"NODE_25","idLevel":25,"dteStart":"2026-02-10T14:04:00","codParentNode":"ROOT_25","dteEnd":"2026-02-11T14:04:00"},{"idAction":0,"codHier":"H_3","codDiv":"DIV_3","codNode":"NODE_3","idLevel":3,"dteStart":"2026-01-01T10:45:00","codParentNode":"ROOT_3","dteEnd":"2026-01-30T10:44:00"},{"idAction":0,"codHier":"H_5","codDiv":"DIV_5","codNode":"NODE_5","idLevel":5,"dteStart":"2026-01-30T10:50:00","codParentNode":"ROOT_5","dteEnd":"2026-01-31T10:48:00"},{"idAction":0,"codHier":"H_6","codDiv":"DIV_6","codNode":"NODE_6","idLevel":6,"dteStart":"2026-01-30T15:01:00","codParentNode":"ROOT_6","dteEnd":"2026-01-31T15:01:00"},{"idAction":0,"codHier":"H_656565","codDiv":"DIV_656565","codNode":"C_656565","idLevel":9,"dteStart":"2026-01-20T00:00:00","codParentNode":"ROOT","dteEnd":null},{"idAction":0,"codHier":"H_676767","codDiv":"DIV_676767","codNode":"NODE_676767","idLevel":676767,"dteStart":"2026-01-31T00:00:00","codParentNode":"ROOT","dteEnd":null},{"idAction":0,"codHier":"H_7","codDiv":"DIV_7","codNode":"NODE_7","idLevel":7,"dteStart":"2026-02-02T12:04:00","codParentNode":"ROOT_7","dteEnd":"2026-02-04T12:04:00"},{"idAction":0,"codHier":"H_87","codDiv":"DIV_87","codNode":"NODE_87","idLevel":87,"dteStart":"2026-02-06T14:07:00","codParentNode":"ROOT_87","dteEnd":"2026-02-26T14:07:00"},{"idAction":0,"codHier":"H_98","codDiv":"DIV_98","codNode":"NODE_98","idLevel":98,"dteStart":"2026-01-30T18:25:00","codParentNode":"ROOT_98","dteEnd":"2026-01-31T18:25:00"},{"idAction":0,"codHier":"H_999","codDiv":"D_5878","codNode":"N_878","idLevel":8,"dteStart":"2026-01-14T00:00:00","codParentNode":"ROOT","dteEnd":null},{"idAction":0,"codHier":"H_A","codDiv":"DIV_A","codNode":"NODE_A","idLevel":1,"dteStart":"2026-02-01T18:26:00","codParentNode":"ROOT_A","dteEnd":"2026-02-14T18:26:00"},{"idAction":0,"codHier":"H-1010","codDiv":"D-1010","codNode":"C-1010","idLevel":1,"dteStart":"2026-01-01T11:54:00","codParentNode":"root","dteEnd":"2026-01-12T11:54:00"},{"idAction":0,"codHier":"H-11","codDiv":"DIV-11","codNode":"C-11","idLevel":11,"dteStart":"2026-01-01T15:05:00","codParentNode":"ROOT","dteEnd":"2026-01-31T15:05:00"},{"idAction":0,"codHier":"H-1111","codDiv":"DIV-1111","codNode":"CUST-1111","idLevel":10,"dteStart":"2026-01-01T00:00:00","codParentNode":"ROOT","dteEnd":null},{"idAction":0,"codHier":"H-1414","codDiv":"D-1414","codNode":"C-1414","idLevel":4,"dteStart":"2026-01-01T14:45:00","codParentNode":"ROOT","dteEnd":"2026-01-15T14:45:00"},{"idAction":0,"codHier":"H-2","codDiv":"DIV-2","codNode":"CUST-2","idLevel":2,"dteStart":"2026-01-01T12:40:00","codParentNode":"ROOT","dteEnd":"2026-01-16T12:37:00"},{"idAction":0,"codHier":"H-2","codDiv":"DIV-2","codNode":"CUST-2","idLevel":2,"dteStart":"2026-01-21T12:37:00","codParentNode":"ROOT","dteEnd":"2026-01-24T12:37:00"},{"idAction":0,"codHier":"H-2020","codDiv":"D-2020","codNode":"C-2020","idLevel":2,"dteStart":"2026-01-02T12:27:00","codParentNode":"root","dteEnd":"2026-01-30T12:27:00"},{"idAction":0,"codHier":"H-2255","codDiv":"DIV-2255","codNode":"CUST-2255","idLevel":10,"dteStart":"2026-01-01T00:00:00","codParentNode":"ROOT","dteEnd":null},{"idAction":0,"codHier":"H-2323","codDiv":"D-2323","codNode":"C-2323","idLevel":4,"dteStart":"2026-01-01T12:48:00","codParentNode":"ROOT","dteEnd":"2026-01-12T12:49:00"},{"idAction":0,"codHier":"H-3333","codDiv":"DIV-3333","codNode":"CUST-3333","idLevel":10,"dteStart":"2026-01-01T00:00:00","codParentNode":"ROOT","dteEnd":null},{"idAction":0,"codHier":"H-3344","codDiv":"DIV-3345","codNode":"CUST-3345","idLevel":10,"dteStart":"2026-01-01T00:00:00","codParentNode":"ROOT","dteEnd":null},{"idAction":0,"codHier":"H-3345","codDiv":"DIV-3345","codNode":"CUST-3345","idLevel":10,"dteStart":"2026-01-01T00:00:00","codParentNode":"ROOT","dteEnd":null},{"idAction":0,"codHier":"H-4","codDiv":"DIV-4","codNode":"CUST-4","idLevel":4,"dteStart":"2026-01-01T14:44:00","codParentNode":"ROOT","dteEnd":"2026-01-02T14:44:00"},{"idAction":0,"codHier":"H-5555","codDiv":"DIV-5555","codNode":"CUST-5555","idLevel":10,"dteStart":"2026-01-01T00:00:00","codParentNode":"ROOT","dteEnd":null},{"idAction":0,"codHier":"H-6000","codDiv":"DIV-6000","codNode":"CUST-6000","idLevel":10,"dteStart":"2026-01-01T00:00:00","codParentNode":"ROOT","dteEnd":"2026-12-31T00:00:00"},{"idAction":0,"codHier":"H-6666","codDiv":"DIV-6666","codNode":"CUST-6666","idLevel":10,"dteStart":"2026-01-17T01:30:00","codParentNode":"ROOT","dteEnd":"2026-01-18T01:30:00"},{"idAction":0,"codHier":"H-6767","codDiv":"DIV-6767","codNode":"CUST-6767","idLevel":5,"dteStart":"2026-01-01T12:15:00","codParentNode":"ROOT","dteEnd":"2026-01-08T12:15:00"},{"idAction":0,"codHier":"H-7000","codDiv":"DIV-7000","codNode":"CUST-7000","idLevel":10,"dteStart":"2026-01-01T00:00:00","codParentNode":"ROOT","dteEnd":null},{"idAction":0,"codHier":"H-7777","codDiv":"DIV-7777","codNode":"CUST-7777","idLevel":10,"dteStart":"2026-01-01T00:00:00","codParentNode":"ROOT","dteEnd":null},{"idAction":0,"codHier":"H-7878","codDiv":"DIV-7878","codNode":"CUST-7878","idLevel":3,"dteStart":"2026-01-18T11:43:00","codParentNode":"ROOT","dteEnd":"2026-01-19T11:43:00"},{"idAction":0,"codHier":"H-8000","codDiv":"DIV-8000","codNode":"CUST-8000","idLevel":10,"dteStart":"2026-01-01T00:00:00","codParentNode":"ROOT","dteEnd":null},{"idAction":0,"codHier":"H-8888","codDiv":"DIV-8888","codNode":"CUST-8888","idLevel":10,"dteStart":"2026-01-01T00:00:00","codParentNode":"ROOT","dteEnd":null},{"idAction":0,"codHier":"H-9000","codDiv":"DIV-9000","codNode":"CUST-9000","idLevel":10,"dteStart":"2026-01-01T00:00:00","codParentNode":"ROOT","dteEnd":null},{"idAction":0,"codHier":"H-9999","codDiv":"DIV-9999","codNode":"CUST-9999","idLevel":10,"dteStart":"2026-01-01T00:00:00","codParentNode":"ROOT","dteEnd":null},{"idAction":0,"codHier":"HIER_CORP","codDiv":"DIV01","codNode":"NODE_9111","idLevel":1,"dteStart":"2026-01-15T00:00:00","codParentNode":"ROOT_NODE","dteEnd":null}]
2026-02-03 10:42:19.387 +05:00 [INF] HTTP GET /api/promotions/actions responded 200 in 60.7440 ms
2026-02-03 10:42:19.396 +05:00 [INF] HTTP GET /api/promotions/customer-relations responded 200 in 69.4791 ms
2026-02-03 10:42:19.487 +05:00 [INF] HTTP GET /api/promotions/actions responded 200 in 19.2224 ms | User: ali (N/A) | IP: ::1 | RequestBody:  | ResponseBody: [{"idAction":3,"name":"PROMO_3","codDiv":"DIV_3","dteStartSellIn":"2026-02-01T00:00:00","dteEndSellIn":"2026-02-28T00:00:00","dteStartSellOut":"2026-01-25T00:00:00","dteEndSellOut":"2026-01-30T00:00:00","documentKey":"KEY_3","dteToShost":"2026-01-10T00:00:00","levParticipants":3},{"idAction":5,"name":"PROMO_5_5","codDiv":"DIV_5","dteStartSellIn":"2026-02-24T00:00:00","dteEndSellIn":"2026-02-21T00:00:00","dteStartSellOut":"2026-02-24T00:00:00","dteEndSellOut":"2026-02-27T00:00:00","documentKey":"DOC_KEY_is_5","dteToShost":"2026-01-18T00:00:00","levParticipants":55555555},{"idAction":6,"name":"PROMO_6","codDiv":"DIV_6","dteStartSellIn":"2026-02-01T00:00:00","dteEndSellIn":"2026-02-25T00:00:00","dteStartSellOut":"2026-01-15T00:00:00","dteEndSellOut":"2026-01-24T00:00:00","documentKey":"DOCC_6_KEY","dteToShost":"2026-01-15T00:00:00","levParticipants":6},{"idAction":7,"name":"PROMO_7","codDiv":"DIV_7","dteStartSellIn":"2026-02-06T12:05:00","dteEndSellIn":"2026-02-07T12:05:00","dteStartSellOut":"2026-02-08T12:05:00","dteEndSellOut":"2026-02-09T12:05:00","documentKey":"KEY_7","dteToShost":"2026-02-05T12:04:00","levParticipants":7},{"idAction":10,"name":"PROMO_10","codDiv":"DIV_10","dteStartSellIn":"2026-01-30T14:45:00","dteEndSellIn":"2026-01-31T14:45:00","dteStartSellOut":"2026-01-23T14:45:00","dteEndSellOut":"2026-01-24T14:45:00","documentKey":"DOCC_KEY_10","dteToShost":"2026-01-29T14:44:00","levParticipants":10},{"idAction":12,"name":"PROMO_12","codDiv":"DIV_12","dteStartSellIn":"2026-02-06T12:27:00","dteEndSellIn":"2026-02-07T12:27:00","dteStartSellOut":"2026-02-08T12:27:00","dteEndSellOut":"2026-02-09T12:27:00","documentKey":"KEY_12","dteToShost":"2026-02-03T12:26:00","levParticipants":12},{"idAction":24,"name":"PROMO_24","codDiv":"DIV_24","dteStartSellIn":"2026-02-05T12:48:00","dteEndSellIn":"2026-02-06T12:48:00","dteStartSellOut":"2026-02-07T12:48:00","dteEndSellOut":"2026-02-08T12:48:00","documentKey":"KEY_24","dteToShost":"2026-02-03T12:48:00","levParticipants":24},{"idAction":45,"name":"cccc","codDiv":"DIV01","dteStartSellIn":"2026-01-16T00:00:00","dteEndSellIn":"2026-01-17T00:00:00","dteStartSellOut":"2026-01-16T00:00:00","dteEndSellOut":"2026-01-17T00:00:00","documentKey":null,"dteToShost":null,"levParticipants":2},{"idAction":87,"name":"promo_87","codDiv":"DIV_87","dteStartSellIn":"2026-02-07T14:44:00","dteEndSellIn":"2026-02-10T14:44:00","dteStartSellOut":"2026-02-22T14:44:00","dteEndSellOut":"2026-02-26T14:44:00","documentKey":"KEY_87","dteToShost":"2026-02-03T14:44:00","levParticipants":87},{"idAction":98,"name":"PROMO_98","codDiv":"DIV_98","dteStartSellIn":"2026-01-08T18:25:00","dteEndSellIn":"2026-01-17T18:25:00","dteStartSellOut":"2026-01-28T18:25:00","dteEndSellOut":"2026-01-30T18:25:00","documentKey":"DOCC_98","dteToShost":"2026-01-31T18:25:00","levParticipants":98},{"idAction":321,"name":"PROMO_321","codDiv":"DIV_A","dteStartSellIn":"2026-02-01T18:27:00","dteEndSellIn":"2026-02-28T18:27:00","dteStartSellOut":"2026-02-04T18:27:00","dteEndSellOut":"2026-02-23T18:27:00","documentKey":"KEY_A","dteToShost":"2026-02-03T18:27:00","levParticipants":1},{"idAction":1111,"name":"PROMO_1111","codDiv":"DIV_1111","dteStartSellIn":"2026-01-01T17:00:00","dteEndSellIn":"2026-01-30T17:02:00","dteStartSellOut":"2026-01-17T17:02:00","dteEndSellOut":"2026-01-28T17:02:00","documentKey":"1111_DOCC_KEY","dteToShost":"2026-01-13T17:02:00","levParticipants":11},{"idAction":2020,"name":"Spring Special 2020","codDiv":"D-2020","dteStartSellIn":"2026-01-03T12:28:00","dteEndSellIn":"2026-01-04T12:28:00","dteStartSellOut":"2026-01-05T12:28:00","dteEndSellOut":"2026-01-06T12:28:00","documentKey":"DOC-SPRING-2020","dteToShost":"2026-01-02T12:28:00","levParticipants":1},{"idAction":2222,"name":"haseeb","codDiv":"DIV02","dteStartSellIn":"2026-02-01T00:00:00","dteEndSellIn":"2026-01-11T00:00:00","dteStartSellOut":"2026-01-28T00:00:00","dteEndSellOut":"2026-01-30T00:00:00","documentKey":"","dteToShost":null,"levParticipants":2},{"idAction":2323,"name":"Winter Sale Campaign 2323","codDiv":"D-2323","dteStartSellIn":"2026-01-19T14:39:00","dteEndSellIn":"2026-01-20T14:40:00","dteStartSellOut":"2026-01-21T14:40:00","dteEndSellOut":"2026-01-22T14:40:00","documentKey":"DOC-WINTER-2323","dteToShost":"2026-01-30T14:39:00","levParticipants":1},{"idAction":5005,"name":"bbb","codDiv":"DIV5005","dteStartSellIn":"2026-01-23T00:00:00","dteEndSellIn":"2026-01-30T00:00:00","dteStartSellOut":"2026-01-26T00:00:00","dteEndSellOut":"2026-01-18T00:00:00","documentKey":"555553","dteToShost":"2026-01-19T00:00:00","levParticipants":14},{"idAction":6000,"name":"Zero Redundancy Campaign 6000","codDiv":"DIV-6000","dteStartSellIn":"2026-02-01T00:00:00","dteEndSellIn":"2026-02-24T00:00:00","dteStartSellOut":"2026-02-01T00:00:00","dteEndSellOut":"2026-02-28T00:00:00","documentKey":"DOC-6000","dteToShost":"2026-01-05T00:00:00","levParticipants":1},{"idAction":6767,"name":"XTEL Launch Promo 6767","codDiv":"DIV-6767","dteStartSellIn":"2026-02-01T00:00:00","dteEndSellIn":"2026-02-28T00:00:00","dteStartSellOut":"2026-01-22T00:00:00","dteEndSellOut":"2026-01-23T00:00:00","documentKey":"DOC-XTEL-6767","dteToShost":"2026-01-03T00:00:00","levParticipants":1},{"idAction":7000,"name":"Atomic Campaign 7000","codDiv":"DIV-7000","dteStartSellIn":"2026-01-01T00:00:00","dteEndSellIn":"2026-01-31T00:00:00","dteStartSellOut":"2026-02-01T00:00:00","dteEndSellOut":"2026-02-28T00:00:00","documentKey":"DOC-7000","dteToShost":null,"levParticipants":1},{"idAction":8888,"name":"Atomic Campaign 8888 Complete","codDiv":"DIV-8888","dteStartSellIn":"2026-01-01T00:00:00","dteEndSellIn":"2026-01-31T00:00:00","dteStartSellOut":"2026-02-01T00:00:00","dteEndSellOut":"2026-02-28T00:00:00","documentKey":"DOC-8888","dteToShost":null,"levParticipants":1},{"idAction":9000,"name":"Balanced Atomic Campaign 9000","codDiv":"DIV-9000","dteStartSellIn":"2026-01-01T00:00:00","dteEndSellIn":"2026-01-31T00:00:00","dteStartSellOut":"2026-02-01T00:00:00","dteEndSellOut":"2026-02-28T00:00:00","documentKey":"DOC-9000","dteToShost":null,"levParticipants":1},{"idAction":9999,"name":"I should not exist in DB","codDiv":"DIV-9999","dteStartSellIn":"2026-01-01T00:00:00","dteEndSellIn":"2026-01-31T00:00:00","dteStartSellOut":"2026-02-01T00:00:00","dteEndSellOut":"2026-02-28T00:00:00","documentKey":"DOC-9999","dteToShost":null,"levParticipants":1}]
2026-02-03 10:42:19.513 +05:00 [INF] HTTP GET /api/promotions/customer-relations responded 200 in 26.3068 ms | User: ali (N/A) | IP: ::1 | RequestBody:  | ResponseBody: [{"idAction":0,"codHier":"5555","codDiv":"div5555","codNode":"f5555","idLevel":1,"dteStart":"2026-01-15T00:00:00","codParentNode":"root","dteEnd":null},{"idAction":0,"codHier":"56","codDiv":"565","codNode":"56","idLevel":55,"dteStart":"2026-01-29T00:44:00","codParentNode":"haseeb","dteEnd":"2026-01-26T00:44:00"},{"idAction":0,"codHier":"H_1","codDiv":"D_1","codNode":"D_1","idLevel":1,"dteStart":"2026-01-30T00:00:00","codParentNode":"ROOT","dteEnd":null},{"idAction":0,"codHier":"H_1","codDiv":"D_1","codNode":"N_1","idLevel":1,"dteStart":"2026-01-30T09:35:43.289","codParentNode":"ROOT","dteEnd":null},{"idAction":0,"codHier":"H_10","codDiv":"DIV_10","codNode":"NODE_10","idLevel":10,"dteStart":"2026-01-01T14:45:00","codParentNode":"ROOT_10","dteEnd":"2026-01-31T14:44:00"},{"idAction":0,"codHier":"H_1111","codDiv":"DIV_1111","codNode":"NODE_1111","idLevel":11,"dteStart":"2026-01-01T17:00:00","codParentNode":"ROOT_1111","dteEnd":"2026-01-30T17:01:00"},{"idAction":0,"codHier":"H_12","codDiv":"DIV_12","codNode":"NODE_12","idLevel":12,"dteStart":"2026-02-03T12:26:00","codParentNode":"ROOT_12","dteEnd":"2026-02-06T12:26:00"},{"idAction":0,"codHier":"H_17","codDiv":"DIV_17","codNode":"NODE_17","idLevel":17,"dteStart":"2026-02-07T15:44:00","codParentNode":"ROOT_17","dteEnd":"2026-02-24T15:44:00"},{"idAction":0,"codHier":"H_19","codDiv":"DIV_19","codNode":"NODE_19","idLevel":19,"dteStart":"2026-02-04T13:59:00","codParentNode":"ROOT_19","dteEnd":"2026-02-05T13:59:00"},{"idAction":0,"codHier":"H_21","codDiv":"DIV_21","codNode":"NODE_21","idLevel":21,"dteStart":"2026-02-05T14:01:00","codParentNode":"ROOT_21","dteEnd":"2026-02-07T14:01:00"},{"idAction":0,"codHier":"H_222","codDiv":"DIV_222","codNode":"NODE_222","idLevel":222,"dteStart":"2026-02-04T12:53:00","codParentNode":"ROOT_222","dteEnd":"2026-02-06T12:53:00"},{"idAction":0,"codHier":"H_24","codDiv":"DIV_24","codNode":"NODE_24","idLevel":24,"dteStart":"2026-02-04T12:48:00","codParentNode":"ROOT_24","dteEnd":"2026-02-05T12:48:00"},{"idAction":0,"codHier":"H_25","codDiv":"DIV_25","codNode":"NODE_25","idLevel":25,"dteStart":"2026-02-10T14:04:00","codParentNode":"ROOT_25","dteEnd":"2026-02-11T14:04:00"},{"idAction":0,"codHier":"H_3","codDiv":"DIV_3","codNode":"NODE_3","idLevel":3,"dteStart":"2026-01-01T10:45:00","codParentNode":"ROOT_3","dteEnd":"2026-01-30T10:44:00"},{"idAction":0,"codHier":"H_5","codDiv":"DIV_5","codNode":"NODE_5","idLevel":5,"dteStart":"2026-01-30T10:50:00","codParentNode":"ROOT_5","dteEnd":"2026-01-31T10:48:00"},{"idAction":0,"codHier":"H_6","codDiv":"DIV_6","codNode":"NODE_6","idLevel":6,"dteStart":"2026-01-30T15:01:00","codParentNode":"ROOT_6","dteEnd":"2026-01-31T15:01:00"},{"idAction":0,"codHier":"H_656565","codDiv":"DIV_656565","codNode":"C_656565","idLevel":9,"dteStart":"2026-01-20T00:00:00","codParentNode":"ROOT","dteEnd":null},{"idAction":0,"codHier":"H_676767","codDiv":"DIV_676767","codNode":"NODE_676767","idLevel":676767,"dteStart":"2026-01-31T00:00:00","codParentNode":"ROOT","dteEnd":null},{"idAction":0,"codHier":"H_7","codDiv":"DIV_7","codNode":"NODE_7","idLevel":7,"dteStart":"2026-02-02T12:04:00","codParentNode":"ROOT_7","dteEnd":"2026-02-04T12:04:00"},{"idAction":0,"codHier":"H_87","codDiv":"DIV_87","codNode":"NODE_87","idLevel":87,"dteStart":"2026-02-06T14:07:00","codParentNode":"ROOT_87","dteEnd":"2026-02-26T14:07:00"},{"idAction":0,"codHier":"H_98","codDiv":"DIV_98","codNode":"NODE_98","idLevel":98,"dteStart":"2026-01-30T18:25:00","codParentNode":"ROOT_98","dteEnd":"2026-01-31T18:25:00"},{"idAction":0,"codHier":"H_999","codDiv":"D_5878","codNode":"N_878","idLevel":8,"dteStart":"2026-01-14T00:00:00","codParentNode":"ROOT","dteEnd":null},{"idAction":0,"codHier":"H_A","codDiv":"DIV_A","codNode":"NODE_A","idLevel":1,"dteStart":"2026-02-01T18:26:00","codParentNode":"ROOT_A","dteEnd":"2026-02-14T18:26:00"},{"idAction":0,"codHier":"H-1010","codDiv":"D-1010","codNode":"C-1010","idLevel":1,"dteStart":"2026-01-01T11:54:00","codParentNode":"root","dteEnd":"2026-01-12T11:54:00"},{"idAction":0,"codHier":"H-11","codDiv":"DIV-11","codNode":"C-11","idLevel":11,"dteStart":"2026-01-01T15:05:00","codParentNode":"ROOT","dteEnd":"2026-01-31T15:05:00"},{"idAction":0,"codHier":"H-1111","codDiv":"DIV-1111","codNode":"CUST-1111","idLevel":10,"dteStart":"2026-01-01T00:00:00","codParentNode":"ROOT","dteEnd":null},{"idAction":0,"codHier":"H-1414","codDiv":"D-1414","codNode":"C-1414","idLevel":4,"dteStart":"2026-01-01T14:45:00","codParentNode":"ROOT","dteEnd":"2026-01-15T14:45:00"},{"idAction":0,"codHier":"H-2","codDiv":"DIV-2","codNode":"CUST-2","idLevel":2,"dteStart":"2026-01-01T12:40:00","codParentNode":"ROOT","dteEnd":"2026-01-16T12:37:00"},{"idAction":0,"codHier":"H-2","codDiv":"DIV-2","codNode":"CUST-2","idLevel":2,"dteStart":"2026-01-21T12:37:00","codParentNode":"ROOT","dteEnd":"2026-01-24T12:37:00"},{"idAction":0,"codHier":"H-2020","codDiv":"D-2020","codNode":"C-2020","idLevel":2,"dteStart":"2026-01-02T12:27:00","codParentNode":"root","dteEnd":"2026-01-30T12:27:00"},{"idAction":0,"codHier":"H-2255","codDiv":"DIV-2255","codNode":"CUST-2255","idLevel":10,"dteStart":"2026-01-01T00:00:00","codParentNode":"ROOT","dteEnd":null},{"idAction":0,"codHier":"H-2323","codDiv":"D-2323","codNode":"C-2323","idLevel":4,"dteStart":"2026-01-01T12:48:00","codParentNode":"ROOT","dteEnd":"2026-01-12T12:49:00"},{"idAction":0,"codHier":"H-3333","codDiv":"DIV-3333","codNode":"CUST-3333","idLevel":10,"dteStart":"2026-01-01T00:00:00","codParentNode":"ROOT","dteEnd":null},{"idAction":0,"codHier":"H-3344","codDiv":"DIV-3345","codNode":"CUST-3345","idLevel":10,"dteStart":"2026-01-01T00:00:00","codParentNode":"ROOT","dteEnd":null},{"idAction":0,"codHier":"H-3345","codDiv":"DIV-3345","codNode":"CUST-3345","idLevel":10,"dteStart":"2026-01-01T00:00:00","codParentNode":"ROOT","dteEnd":null},{"idAction":0,"codHier":"H-4","codDiv":"DIV-4","codNode":"CUST-4","idLevel":4,"dteStart":"2026-01-01T14:44:00","codParentNode":"ROOT","dteEnd":"2026-01-02T14:44:00"},{"idAction":0,"codHier":"H-5555","codDiv":"DIV-5555","codNode":"CUST-5555","idLevel":10,"dteStart":"2026-01-01T00:00:00","codParentNode":"ROOT","dteEnd":null},{"idAction":0,"codHier":"H-6000","codDiv":"DIV-6000","codNode":"CUST-6000","idLevel":10,"dteStart":"2026-01-01T00:00:00","codParentNode":"ROOT","dteEnd":"2026-12-31T00:00:00"},{"idAction":0,"codHier":"H-6666","codDiv":"DIV-6666","codNode":"CUST-6666","idLevel":10,"dteStart":"2026-01-17T01:30:00","codParentNode":"ROOT","dteEnd":"2026-01-18T01:30:00"},{"idAction":0,"codHier":"H-6767","codDiv":"DIV-6767","codNode":"CUST-6767","idLevel":5,"dteStart":"2026-01-01T12:15:00","codParentNode":"ROOT","dteEnd":"2026-01-08T12:15:00"},{"idAction":0,"codHier":"H-7000","codDiv":"DIV-7000","codNode":"CUST-7000","idLevel":10,"dteStart":"2026-01-01T00:00:00","codParentNode":"ROOT","dteEnd":null},{"idAction":0,"codHier":"H-7777","codDiv":"DIV-7777","codNode":"CUST-7777","idLevel":10,"dteStart":"2026-01-01T00:00:00","codParentNode":"ROOT","dteEnd":null},{"idAction":0,"codHier":"H-7878","codDiv":"DIV-7878","codNode":"CUST-7878","idLevel":3,"dteStart":"2026-01-18T11:43:00","codParentNode":"ROOT","dteEnd":"2026-01-19T11:43:00"},{"idAction":0,"codHier":"H-8000","codDiv":"DIV-8000","codNode":"CUST-8000","idLevel":10,"dteStart":"2026-01-01T00:00:00","codParentNode":"ROOT","dteEnd":null},{"idAction":0,"codHier":"H-8888","codDiv":"DIV-8888","codNode":"CUST-8888","idLevel":10,"dteStart":"2026-01-01T00:00:00","codParentNode":"ROOT","dteEnd":null},{"idAction":0,"codHier":"H-9000","codDiv":"DIV-9000","codNode":"CUST-9000","idLevel":10,"dteStart":"2026-01-01T00:00:00","codParentNode":"ROOT","dteEnd":null},{"idAction":0,"codHier":"H-9999","codDiv":"DIV-9999","codNode":"CUST-9999","idLevel":10,"dteStart":"2026-01-01T00:00:00","codParentNode":"ROOT","dteEnd":null},{"idAction":0,"codHier":"HIER_CORP","codDiv":"DIV01","codNode":"NODE_9111","idLevel":1,"dteStart":"2026-01-15T00:00:00","codParentNode":"ROOT_NODE","dteEnd":null}]
2026-02-03 10:42:19.515 +05:00 [INF] HTTP GET /api/promotions/actions responded 200 in 46.9408 ms
2026-02-03 10:42:19.534 +05:00 [INF] HTTP GET /api/promotions/customer-relations responded 200 in 46.8946 ms
2026-02-03 10:42:19.544 +05:00 [INF] HTTP GET /api/participants/all responded 200 in 22.3514 ms | User: ali (N/A) | IP: ::1 | RequestBody:  | ResponseBody: [{"idAction":3,"codParticipant":"N_1","flgInclusion":true,"codHier":"H_1","codDiv":"D_1","codNode":"N_1","idLevel":1,"dteStart":"2026-01-30T09:35:43.289"},{"idAction":3,"codParticipant":"NODE_3","flgInclusion":true,"codHier":"H_3","codDiv":"DIV_3","codNode":"NODE_3","idLevel":3,"dteStart":"2026-01-01T10:45:00"},{"idAction":3,"codParticipant":"NODE_5","flgInclusion":true,"codHier":"H_5","codDiv":"DIV_5","codNode":"NODE_5","idLevel":5,"dteStart":"2026-01-30T10:50:00"},{"idAction":5,"codParticipant":"NODE_5","flgInclusion":true,"codHier":"H_5","codDiv":"DIV_5","codNode":"NODE_5","idLevel":5,"dteStart":"2026-01-30T10:50:00"},{"idAction":6,"codParticipant":"N_9898","flgInclusion":true,"codHier":"H_999","codDiv":"D_5878","codNode":"N_878","idLevel":8,"dteStart":"2026-01-14T00:00:00"},{"idAction":6,"codParticipant":"NODE_3","flgInclusion":true,"codHier":"H_3","codDiv":"DIV_3","codNode":"NODE_3","idLevel":3,"dteStart":"2026-01-01T10:45:00"},{"idAction":6,"codParticipant":"NODE_5","flgInclusion":true,"codHier":"H_5","codDiv":"DIV_5","codNode":"NODE_5","idLevel":5,"dteStart":"2026-01-30T10:50:00"},{"idAction":6,"codParticipant":"NODE_6","flgInclusion":true,"codHier":"H_6","codDiv":"DIV_6","codNode":"NODE_6","idLevel":6,"dteStart":"2026-01-30T15:01:00"},{"idAction":6,"codParticipant":"NODE_676767","flgInclusion":true,"codHier":"H_676767","codDiv":"DIV_676767","codNode":"NODE_676767","idLevel":676767,"dteStart":"2026-01-31T00:00:00"},{"idAction":6,"codParticipant":"P-9000","flgInclusion":true,"codHier":"H-9000","codDiv":"DIV-9000","codNode":"CUST-9000","idLevel":10,"dteStart":"2026-01-01T00:00:00"},{"idAction":7,"codParticipant":"NODE_7","flgInclusion":true,"codHier":"H_7","codDiv":"DIV_7","codNode":"NODE_7","idLevel":7,"dteStart":"2026-02-02T12:04:00"},{"idAction":10,"codParticipant":"NODE_10","flgInclusion":true,"codHier":"H_10","codDiv":"DIV_10","codNode":"NODE_10","idLevel":10,"dteStart":"2026-01-01T14:45:00"},{"idAction":24,"codParticipant":"NODE_24","flgInclusion":true,"codHier":"H_24","codDiv":"DIV_24","codNode":"NODE_24","idLevel":24,"dteStart":"2026-02-04T12:48:00"},{"idAction":87,"codParticipant":"NODE_87","flgInclusion":true,"codHier":"H_87","codDiv":"DIV_87","codNode":"NODE_87","idLevel":87,"dteStart":"2026-02-06T14:07:00"},{"idAction":98,"codParticipant":"NODE_98","flgInclusion":true,"codHier":"H_98","codDiv":"DIV_98","codNode":"NODE_98","idLevel":98,"dteStart":"2026-01-30T18:25:00"},{"idAction":321,"codParticipant":"NODE_A","flgInclusion":true,"codHier":"H_A","codDiv":"DIV_A","codNode":"NODE_A","idLevel":1,"dteStart":"2026-02-01T18:26:00"},{"idAction":1111,"codParticipant":"NODE_1111","flgInclusion":true,"codHier":"H_1111","codDiv":"DIV_1111","codNode":"NODE_1111","idLevel":11,"dteStart":"2026-01-01T17:00:00"},{"idAction":2323,"codParticipant":"P-2323","flgInclusion":true,"codHier":"H-2323","codDiv":"D-2323","codNode":"C-2323","idLevel":4,"dteStart":"2026-01-01T12:48:00"},{"idAction":5005,"codParticipant":"","flgInclusion":true,"codHier":"H-9999","codDiv":"DIV-9999","codNode":"CUST-9999","idLevel":10,"dteStart":"2026-01-01T00:00:00"},{"idAction":6000,"codParticipant":"P-6000","flgInclusion":true,"codHier":"H-6000","codDiv":"DIV-6000","codNode":"CUST-6000","idLevel":10,"dteStart":"2026-01-01T00:00:00"},{"idAction":6767,"codParticipant":"P-6767","flgInclusion":false,"codHier":"H-6767","codDiv":"DIV-6767","codNode":"CUST-6767","idLevel":5,"dteStart":"2026-01-01T12:15:00"},{"idAction":7000,"codParticipant":"P-7000","flgInclusion":true,"codHier":"H-7000","codDiv":"DIV-7000","codNode":"CUST-7000","idLevel":10,"dteStart":"2026-01-01T00:00:00"},{"idAction":8888,"codParticipant":"P-8888","flgInclusion":true,"codHier":"H-8888","codDiv":"DIV-8888","codNode":"CUST-8888","idLevel":10,"dteStart":"2026-01-01T00:00:00"},{"idAction":9000,"codParticipant":"P-9000","flgInclusion":true,"codHier":"H-9000","codDiv":"DIV-9000","codNode":"CUST-9000","idLevel":10,"dteStart":"2026-01-01T00:00:00"},{"idAction":9999,"codParticipant":"P-9999","flgInclusion":true,"codHier":"H-9999","codDiv":"DIV-9999","codNode":"CUST-9999","idLevel":10,"dteStart":"2026-01-01T00:00:00"}]
2026-02-03 10:42:19.550 +05:00 [INF] HTTP GET /api/participants/all responded 200 in 28.2175 ms
2026-02-03 10:42:19.627 +05:00 [INF] HTTP GET /api/participants/all responded 200 in 8.6298 ms | User: ali (N/A) | IP: ::1 | RequestBody:  | ResponseBody: [{"idAction":3,"codParticipant":"N_1","flgInclusion":true,"codHier":"H_1","codDiv":"D_1","codNode":"N_1","idLevel":1,"dteStart":"2026-01-30T09:35:43.289"},{"idAction":3,"codParticipant":"NODE_3","flgInclusion":true,"codHier":"H_3","codDiv":"DIV_3","codNode":"NODE_3","idLevel":3,"dteStart":"2026-01-01T10:45:00"},{"idAction":3,"codParticipant":"NODE_5","flgInclusion":true,"codHier":"H_5","codDiv":"DIV_5","codNode":"NODE_5","idLevel":5,"dteStart":"2026-01-30T10:50:00"},{"idAction":5,"codParticipant":"NODE_5","flgInclusion":true,"codHier":"H_5","codDiv":"DIV_5","codNode":"NODE_5","idLevel":5,"dteStart":"2026-01-30T10:50:00"},{"idAction":6,"codParticipant":"N_9898","flgInclusion":true,"codHier":"H_999","codDiv":"D_5878","codNode":"N_878","idLevel":8,"dteStart":"2026-01-14T00:00:00"},{"idAction":6,"codParticipant":"NODE_3","flgInclusion":true,"codHier":"H_3","codDiv":"DIV_3","codNode":"NODE_3","idLevel":3,"dteStart":"2026-01-01T10:45:00"},{"idAction":6,"codParticipant":"NODE_5","flgInclusion":true,"codHier":"H_5","codDiv":"DIV_5","codNode":"NODE_5","idLevel":5,"dteStart":"2026-01-30T10:50:00"},{"idAction":6,"codParticipant":"NODE_6","flgInclusion":true,"codHier":"H_6","codDiv":"DIV_6","codNode":"NODE_6","idLevel":6,"dteStart":"2026-01-30T15:01:00"},{"idAction":6,"codParticipant":"NODE_676767","flgInclusion":true,"codHier":"H_676767","codDiv":"DIV_676767","codNode":"NODE_676767","idLevel":676767,"dteStart":"2026-01-31T00:00:00"},{"idAction":6,"codParticipant":"P-9000","flgInclusion":true,"codHier":"H-9000","codDiv":"DIV-9000","codNode":"CUST-9000","idLevel":10,"dteStart":"2026-01-01T00:00:00"},{"idAction":7,"codParticipant":"NODE_7","flgInclusion":true,"codHier":"H_7","codDiv":"DIV_7","codNode":"NODE_7","idLevel":7,"dteStart":"2026-02-02T12:04:00"},{"idAction":10,"codParticipant":"NODE_10","flgInclusion":true,"codHier":"H_10","codDiv":"DIV_10","codNode":"NODE_10","idLevel":10,"dteStart":"2026-01-01T14:45:00"},{"idAction":24,"codParticipant":"NODE_24","flgInclusion":true,"codHier":"H_24","codDiv":"DIV_24","codNode":"NODE_24","idLevel":24,"dteStart":"2026-02-04T12:48:00"},{"idAction":87,"codParticipant":"NODE_87","flgInclusion":true,"codHier":"H_87","codDiv":"DIV_87","codNode":"NODE_87","idLevel":87,"dteStart":"2026-02-06T14:07:00"},{"idAction":98,"codParticipant":"NODE_98","flgInclusion":true,"codHier":"H_98","codDiv":"DIV_98","codNode":"NODE_98","idLevel":98,"dteStart":"2026-01-30T18:25:00"},{"idAction":321,"codParticipant":"NODE_A","flgInclusion":true,"codHier":"H_A","codDiv":"DIV_A","codNode":"NODE_A","idLevel":1,"dteStart":"2026-02-01T18:26:00"},{"idAction":1111,"codParticipant":"NODE_1111","flgInclusion":true,"codHier":"H_1111","codDiv":"DIV_1111","codNode":"NODE_1111","idLevel":11,"dteStart":"2026-01-01T17:00:00"},{"idAction":2323,"codParticipant":"P-2323","flgInclusion":true,"codHier":"H-2323","codDiv":"D-2323","codNode":"C-2323","idLevel":4,"dteStart":"2026-01-01T12:48:00"},{"idAction":5005,"codParticipant":"","flgInclusion":true,"codHier":"H-9999","codDiv":"DIV-9999","codNode":"CUST-9999","idLevel":10,"dteStart":"2026-01-01T00:00:00"},{"idAction":6000,"codParticipant":"P-6000","flgInclusion":true,"codHier":"H-6000","codDiv":"DIV-6000","codNode":"CUST-6000","idLevel":10,"dteStart":"2026-01-01T00:00:00"},{"idAction":6767,"codParticipant":"P-6767","flgInclusion":false,"codHier":"H-6767","codDiv":"DIV-6767","codNode":"CUST-6767","idLevel":5,"dteStart":"2026-01-01T12:15:00"},{"idAction":7000,"codParticipant":"P-7000","flgInclusion":true,"codHier":"H-7000","codDiv":"DIV-7000","codNode":"CUST-7000","idLevel":10,"dteStart":"2026-01-01T00:00:00"},{"idAction":8888,"codParticipant":"P-8888","flgInclusion":true,"codHier":"H-8888","codDiv":"DIV-8888","codNode":"CUST-8888","idLevel":10,"dteStart":"2026-01-01T00:00:00"},{"idAction":9000,"codParticipant":"P-9000","flgInclusion":true,"codHier":"H-9000","codDiv":"DIV-9000","codNode":"CUST-9000","idLevel":10,"dteStart":"2026-01-01T00:00:00"},{"idAction":9999,"codParticipant":"P-9999","flgInclusion":true,"codHier":"H-9999","codDiv":"DIV-9999","codNode":"CUST-9999","idLevel":10,"dteStart":"2026-01-01T00:00:00"}]
2026-02-03 10:42:19.631 +05:00 [INF] HTTP GET /api/participants/all responded 200 in 13.2898 ms
2026-02-03 10:42:19.638 +05:00 [INF] HTTP GET /api/promotions/delivery-points responded 200 in 10.1471 ms | User: ali (N/A) | IP: ::1 | RequestBody:  | ResponseBody: [{"idAction":3,"codDeliveryPoint":"D_1","flgInclusion":true,"codHier":"H_1","codDiv":"D_1","codNode":"D_1","idLevel":1,"dteStart":"2026-01-30T00:00:00"},{"idAction":3,"codDeliveryPoint":"NODE_3","flgInclusion":false,"codHier":"H_3","codDiv":"DIV_3","codNode":"NODE_3","idLevel":3,"dteStart":"2026-01-01T10:45:00"},{"idAction":3,"codDeliveryPoint":"NODE_5","flgInclusion":false,"codHier":"H_5","codDiv":"DIV_5","codNode":"NODE_5","idLevel":5,"dteStart":"2026-01-30T10:50:00"},{"idAction":5,"codDeliveryPoint":"NODE_5","flgInclusion":false,"codHier":"H_5","codDiv":"DIV_5","codNode":"NODE_5","idLevel":5,"dteStart":"2026-01-30T10:50:00"},{"idAction":6,"codDeliveryPoint":"D_1","flgInclusion":true,"codHier":"H_1","codDiv":"D_1","codNode":"D_1","idLevel":1,"dteStart":"2026-01-30T00:00:00"},{"idAction":6,"codDeliveryPoint":"D_656565","flgInclusion":true,"codHier":"H_656565","codDiv":"DIV_656565","codNode":"C_656565","idLevel":9,"dteStart":"2026-01-20T00:00:00"},{"idAction":6,"codDeliveryPoint":"NODE_3","flgInclusion":false,"codHier":"H_3","codDiv":"DIV_3","codNode":"NODE_3","idLevel":3,"dteStart":"2026-01-01T10:45:00"},{"idAction":6,"codDeliveryPoint":"NODE_5","flgInclusion":false,"codHier":"H_5","codDiv":"DIV_5","codNode":"NODE_5","idLevel":5,"dteStart":"2026-01-30T10:50:00"},{"idAction":6,"codDeliveryPoint":"NODE_6","flgInclusion":true,"codHier":"H_6","codDiv":"DIV_6","codNode":"NODE_6","idLevel":6,"dteStart":"2026-01-30T15:01:00"},{"idAction":7,"codDeliveryPoint":"NODE_7","flgInclusion":true,"codHier":"H_7","codDiv":"DIV_7","codNode":"NODE_7","idLevel":7,"dteStart":"2026-02-02T12:04:00"},{"idAction":10,"codDeliveryPoint":"NODE_10","flgInclusion":true,"codHier":"H_10","codDiv":"DIV_10","codNode":"NODE_10","idLevel":10,"dteStart":"2026-01-01T14:45:00"},{"idAction":24,"codDeliveryPoint":"NODE_24","flgInclusion":true,"codHier":"H_24","codDiv":"DIV_24","codNode":"NODE_24","idLevel":24,"dteStart":"2026-02-04T12:48:00"},{"idAction":87,"codDeliveryPoint":"NODE_87","flgInclusion":true,"codHier":"H_87","codDiv":"DIV_87","codNode":"NODE_87","idLevel":87,"dteStart":"2026-02-06T14:07:00"},{"idAction":98,"codDeliveryPoint":"NODE_98","flgInclusion":true,"codHier":"H_98","codDiv":"DIV_98","codNode":"NODE_98","idLevel":98,"dteStart":"2026-01-30T18:25:00"},{"idAction":321,"codDeliveryPoint":"NODE_A","flgInclusion":true,"codHier":"H_A","codDiv":"DIV_A","codNode":"NODE_A","idLevel":1,"dteStart":"2026-02-01T18:26:00"},{"idAction":1111,"codDeliveryPoint":"NODE_1111","flgInclusion":true,"codHier":"H_1111","codDiv":"DIV_1111","codNode":"NODE_1111","idLevel":11,"dteStart":"2026-01-01T17:00:00"},{"idAction":5005,"codDeliveryPoint":"","flgInclusion":true,"codHier":"H-2255","codDiv":"DIV-2255","codNode":"CUST-2255","idLevel":10,"dteStart":"2026-01-01T00:00:00"},{"idAction":6767,"codDeliveryPoint":"DP-6767","flgInclusion":true,"codHier":"H-6767","codDiv":"DIV-6767","codNode":"CUST-6767","idLevel":5,"dteStart":"2026-01-01T12:15:00"},{"idAction":7000,"codDeliveryPoint":"DP-7000","flgInclusion":true,"codHier":"H-7000","codDiv":"DIV-7000","codNode":"CUST-7000","idLevel":10,"dteStart":"2026-01-01T00:00:00"}]
2026-02-03 10:42:19.642 +05:00 [INF] HTTP GET /api/promotions/delivery-points responded 200 in 14.0866 ms
2026-02-03 10:42:19.695 +05:00 [INF] HTTP GET /api/promotions/delivery-points responded 200 in 7.0895 ms | User: ali (N/A) | IP: ::1 | RequestBody:  | ResponseBody: [{"idAction":3,"codDeliveryPoint":"D_1","flgInclusion":true,"codHier":"H_1","codDiv":"D_1","codNode":"D_1","idLevel":1,"dteStart":"2026-01-30T00:00:00"},{"idAction":3,"codDeliveryPoint":"NODE_3","flgInclusion":false,"codHier":"H_3","codDiv":"DIV_3","codNode":"NODE_3","idLevel":3,"dteStart":"2026-01-01T10:45:00"},{"idAction":3,"codDeliveryPoint":"NODE_5","flgInclusion":false,"codHier":"H_5","codDiv":"DIV_5","codNode":"NODE_5","idLevel":5,"dteStart":"2026-01-30T10:50:00"},{"idAction":5,"codDeliveryPoint":"NODE_5","flgInclusion":false,"codHier":"H_5","codDiv":"DIV_5","codNode":"NODE_5","idLevel":5,"dteStart":"2026-01-30T10:50:00"},{"idAction":6,"codDeliveryPoint":"D_1","flgInclusion":true,"codHier":"H_1","codDiv":"D_1","codNode":"D_1","idLevel":1,"dteStart":"2026-01-30T00:00:00"},{"idAction":6,"codDeliveryPoint":"D_656565","flgInclusion":true,"codHier":"H_656565","codDiv":"DIV_656565","codNode":"C_656565","idLevel":9,"dteStart":"2026-01-20T00:00:00"},{"idAction":6,"codDeliveryPoint":"NODE_3","flgInclusion":false,"codHier":"H_3","codDiv":"DIV_3","codNode":"NODE_3","idLevel":3,"dteStart":"2026-01-01T10:45:00"},{"idAction":6,"codDeliveryPoint":"NODE_5","flgInclusion":false,"codHier":"H_5","codDiv":"DIV_5","codNode":"NODE_5","idLevel":5,"dteStart":"2026-01-30T10:50:00"},{"idAction":6,"codDeliveryPoint":"NODE_6","flgInclusion":true,"codHier":"H_6","codDiv":"DIV_6","codNode":"NODE_6","idLevel":6,"dteStart":"2026-01-30T15:01:00"},{"idAction":7,"codDeliveryPoint":"NODE_7","flgInclusion":true,"codHier":"H_7","codDiv":"DIV_7","codNode":"NODE_7","idLevel":7,"dteStart":"2026-02-02T12:04:00"},{"idAction":10,"codDeliveryPoint":"NODE_10","flgInclusion":true,"codHier":"H_10","codDiv":"DIV_10","codNode":"NODE_10","idLevel":10,"dteStart":"2026-01-01T14:45:00"},{"idAction":24,"codDeliveryPoint":"NODE_24","flgInclusion":true,"codHier":"H_24","codDiv":"DIV_24","codNode":"NODE_24","idLevel":24,"dteStart":"2026-02-04T12:48:00"},{"idAction":87,"codDeliveryPoint":"NODE_87","flgInclusion":true,"codHier":"H_87","codDiv":"DIV_87","codNode":"NODE_87","idLevel":87,"dteStart":"2026-02-06T14:07:00"},{"idAction":98,"codDeliveryPoint":"NODE_98","flgInclusion":true,"codHier":"H_98","codDiv":"DIV_98","codNode":"NODE_98","idLevel":98,"dteStart":"2026-01-30T18:25:00"},{"idAction":321,"codDeliveryPoint":"NODE_A","flgInclusion":true,"codHier":"H_A","codDiv":"DIV_A","codNode":"NODE_A","idLevel":1,"dteStart":"2026-02-01T18:26:00"},{"idAction":1111,"codDeliveryPoint":"NODE_1111","flgInclusion":true,"codHier":"H_1111","codDiv":"DIV_1111","codNode":"NODE_1111","idLevel":11,"dteStart":"2026-01-01T17:00:00"},{"idAction":5005,"codDeliveryPoint":"","flgInclusion":true,"codHier":"H-2255","codDiv":"DIV-2255","codNode":"CUST-2255","idLevel":10,"dteStart":"2026-01-01T00:00:00"},{"idAction":6767,"codDeliveryPoint":"DP-6767","flgInclusion":true,"codHier":"H-6767","codDiv":"DIV-6767","codNode":"CUST-6767","idLevel":5,"dteStart":"2026-01-01T12:15:00"},{"idAction":7000,"codDeliveryPoint":"DP-7000","flgInclusion":true,"codHier":"H-7000","codDiv":"DIV-7000","codNode":"CUST-7000","idLevel":10,"dteStart":"2026-01-01T00:00:00"}]
2026-02-03 10:42:19.699 +05:00 [INF] HTTP GET /api/promotions/delivery-points responded 200 in 11.1123 ms
2026-02-03 10:42:25.128 +05:00 [INF] HTTP GET /api/promotions/customer-relations responded 200 in 17.9366 ms | User: ali (N/A) | IP: ::1 | RequestBody:  | ResponseBody: [{"idAction":0,"codHier":"5555","codDiv":"div5555","codNode":"f5555","idLevel":1,"dteStart":"2026-01-15T00:00:00","codParentNode":"root","dteEnd":null},{"idAction":0,"codHier":"56","codDiv":"565","codNode":"56","idLevel":55,"dteStart":"2026-01-29T00:44:00","codParentNode":"haseeb","dteEnd":"2026-01-26T00:44:00"},{"idAction":0,"codHier":"H_1","codDiv":"D_1","codNode":"D_1","idLevel":1,"dteStart":"2026-01-30T00:00:00","codParentNode":"ROOT","dteEnd":null},{"idAction":0,"codHier":"H_1","codDiv":"D_1","codNode":"N_1","idLevel":1,"dteStart":"2026-01-30T09:35:43.289","codParentNode":"ROOT","dteEnd":null},{"idAction":0,"codHier":"H_10","codDiv":"DIV_10","codNode":"NODE_10","idLevel":10,"dteStart":"2026-01-01T14:45:00","codParentNode":"ROOT_10","dteEnd":"2026-01-31T14:44:00"},{"idAction":0,"codHier":"H_1111","codDiv":"DIV_1111","codNode":"NODE_1111","idLevel":11,"dteStart":"2026-01-01T17:00:00","codParentNode":"ROOT_1111","dteEnd":"2026-01-30T17:01:00"},{"idAction":0,"codHier":"H_12","codDiv":"DIV_12","codNode":"NODE_12","idLevel":12,"dteStart":"2026-02-03T12:26:00","codParentNode":"ROOT_12","dteEnd":"2026-02-06T12:26:00"},{"idAction":0,"codHier":"H_17","codDiv":"DIV_17","codNode":"NODE_17","idLevel":17,"dteStart":"2026-02-07T15:44:00","codParentNode":"ROOT_17","dteEnd":"2026-02-24T15:44:00"},{"idAction":0,"codHier":"H_19","codDiv":"DIV_19","codNode":"NODE_19","idLevel":19,"dteStart":"2026-02-04T13:59:00","codParentNode":"ROOT_19","dteEnd":"2026-02-05T13:59:00"},{"idAction":0,"codHier":"H_21","codDiv":"DIV_21","codNode":"NODE_21","idLevel":21,"dteStart":"2026-02-05T14:01:00","codParentNode":"ROOT_21","dteEnd":"2026-02-07T14:01:00"},{"idAction":0,"codHier":"H_222","codDiv":"DIV_222","codNode":"NODE_222","idLevel":222,"dteStart":"2026-02-04T12:53:00","codParentNode":"ROOT_222","dteEnd":"2026-02-06T12:53:00"},{"idAction":0,"codHier":"H_24","codDiv":"DIV_24","codNode":"NODE_24","idLevel":24,"dteStart":"2026-02-04T12:48:00","codParentNode":"ROOT_24","dteEnd":"2026-02-05T12:48:00"},{"idAction":0,"codHier":"H_25","codDiv":"DIV_25","codNode":"NODE_25","idLevel":25,"dteStart":"2026-02-10T14:04:00","codParentNode":"ROOT_25","dteEnd":"2026-02-11T14:04:00"},{"idAction":0,"codHier":"H_3","codDiv":"DIV_3","codNode":"NODE_3","idLevel":3,"dteStart":"2026-01-01T10:45:00","codParentNode":"ROOT_3","dteEnd":"2026-01-30T10:44:00"},{"idAction":0,"codHier":"H_5","codDiv":"DIV_5","codNode":"NODE_5","idLevel":5,"dteStart":"2026-01-30T10:50:00","codParentNode":"ROOT_5","dteEnd":"2026-01-31T10:48:00"},{"idAction":0,"codHier":"H_6","codDiv":"DIV_6","codNode":"NODE_6","idLevel":6,"dteStart":"2026-01-30T15:01:00","codParentNode":"ROOT_6","dteEnd":"2026-01-31T15:01:00"},{"idAction":0,"codHier":"H_656565","codDiv":"DIV_656565","codNode":"C_656565","idLevel":9,"dteStart":"2026-01-20T00:00:00","codParentNode":"ROOT","dteEnd":null},{"idAction":0,"codHier":"H_676767","codDiv":"DIV_676767","codNode":"NODE_676767","idLevel":676767,"dteStart":"2026-01-31T00:00:00","codParentNode":"ROOT","dteEnd":null},{"idAction":0,"codHier":"H_7","codDiv":"DIV_7","codNode":"NODE_7","idLevel":7,"dteStart":"2026-02-02T12:04:00","codParentNode":"ROOT_7","dteEnd":"2026-02-04T12:04:00"},{"idAction":0,"codHier":"H_87","codDiv":"DIV_87","codNode":"NODE_87","idLevel":87,"dteStart":"2026-02-06T14:07:00","codParentNode":"ROOT_87","dteEnd":"2026-02-26T14:07:00"},{"idAction":0,"codHier":"H_98","codDiv":"DIV_98","codNode":"NODE_98","idLevel":98,"dteStart":"2026-01-30T18:25:00","codParentNode":"ROOT_98","dteEnd":"2026-01-31T18:25:00"},{"idAction":0,"codHier":"H_999","codDiv":"D_5878","codNode":"N_878","idLevel":8,"dteStart":"2026-01-14T00:00:00","codParentNode":"ROOT","dteEnd":null},{"idAction":0,"codHier":"H_A","codDiv":"DIV_A","codNode":"NODE_A","idLevel":1,"dteStart":"2026-02-01T18:26:00","codParentNode":"ROOT_A","dteEnd":"2026-02-14T18:26:00"},{"idAction":0,"codHier":"H-1010","codDiv":"D-1010","codNode":"C-1010","idLevel":1,"dteStart":"2026-01-01T11:54:00","codParentNode":"root","dteEnd":"2026-01-12T11:54:00"},{"idAction":0,"codHier":"H-11","codDiv":"DIV-11","codNode":"C-11","idLevel":11,"dteStart":"2026-01-01T15:05:00","codParentNode":"ROOT","dteEnd":"2026-01-31T15:05:00"},{"idAction":0,"codHier":"H-1111","codDiv":"DIV-1111","codNode":"CUST-1111","idLevel":10,"dteStart":"2026-01-01T00:00:00","codParentNode":"ROOT","dteEnd":null},{"idAction":0,"codHier":"H-1414","codDiv":"D-1414","codNode":"C-1414","idLevel":4,"dteStart":"2026-01-01T14:45:00","codParentNode":"ROOT","dteEnd":"2026-01-15T14:45:00"},{"idAction":0,"codHier":"H-2","codDiv":"DIV-2","codNode":"CUST-2","idLevel":2,"dteStart":"2026-01-01T12:40:00","codParentNode":"ROOT","dteEnd":"2026-01-16T12:37:00"},{"idAction":0,"codHier":"H-2","codDiv":"DIV-2","codNode":"CUST-2","idLevel":2,"dteStart":"2026-01-21T12:37:00","codParentNode":"ROOT","dteEnd":"2026-01-24T12:37:00"},{"idAction":0,"codHier":"H-2020","codDiv":"D-2020","codNode":"C-2020","idLevel":2,"dteStart":"2026-01-02T12:27:00","codParentNode":"root","dteEnd":"2026-01-30T12:27:00"},{"idAction":0,"codHier":"H-2255","codDiv":"DIV-2255","codNode":"CUST-2255","idLevel":10,"dteStart":"2026-01-01T00:00:00","codParentNode":"ROOT","dteEnd":null},{"idAction":0,"codHier":"H-2323","codDiv":"D-2323","codNode":"C-2323","idLevel":4,"dteStart":"2026-01-01T12:48:00","codParentNode":"ROOT","dteEnd":"2026-01-12T12:49:00"},{"idAction":0,"codHier":"H-3333","codDiv":"DIV-3333","codNode":"CUST-3333","idLevel":10,"dteStart":"2026-01-01T00:00:00","codParentNode":"ROOT","dteEnd":null},{"idAction":0,"codHier":"H-3344","codDiv":"DIV-3345","codNode":"CUST-3345","idLevel":10,"dteStart":"2026-01-01T00:00:00","codParentNode":"ROOT","dteEnd":null},{"idAction":0,"codHier":"H-3345","codDiv":"DIV-3345","codNode":"CUST-3345","idLevel":10,"dteStart":"2026-01-01T00:00:00","codParentNode":"ROOT","dteEnd":null},{"idAction":0,"codHier":"H-4","codDiv":"DIV-4","codNode":"CUST-4","idLevel":4,"dteStart":"2026-01-01T14:44:00","codParentNode":"ROOT","dteEnd":"2026-01-02T14:44:00"},{"idAction":0,"codHier":"H-5555","codDiv":"DIV-5555","codNode":"CUST-5555","idLevel":10,"dteStart":"2026-01-01T00:00:00","codParentNode":"ROOT","dteEnd":null},{"idAction":0,"codHier":"H-6000","codDiv":"DIV-6000","codNode":"CUST-6000","idLevel":10,"dteStart":"2026-01-01T00:00:00","codParentNode":"ROOT","dteEnd":"2026-12-31T00:00:00"},{"idAction":0,"codHier":"H-6666","codDiv":"DIV-6666","codNode":"CUST-6666","idLevel":10,"dteStart":"2026-01-17T01:30:00","codParentNode":"ROOT","dteEnd":"2026-01-18T01:30:00"},{"idAction":0,"codHier":"H-6767","codDiv":"DIV-6767","codNode":"CUST-6767","idLevel":5,"dteStart":"2026-01-01T12:15:00","codParentNode":"ROOT","dteEnd":"2026-01-08T12:15:00"},{"idAction":0,"codHier":"H-7000","codDiv":"DIV-7000","codNode":"CUST-7000","idLevel":10,"dteStart":"2026-01-01T00:00:00","codParentNode":"ROOT","dteEnd":null},{"idAction":0,"codHier":"H-7777","codDiv":"DIV-7777","codNode":"CUST-7777","idLevel":10,"dteStart":"2026-01-01T00:00:00","codParentNode":"ROOT","dteEnd":null},{"idAction":0,"codHier":"H-7878","codDiv":"DIV-7878","codNode":"CUST-7878","idLevel":3,"dteStart":"2026-01-18T11:43:00","codParentNode":"ROOT","dteEnd":"2026-01-19T11:43:00"},{"idAction":0,"codHier":"H-8000","codDiv":"DIV-8000","codNode":"CUST-8000","idLevel":10,"dteStart":"2026-01-01T00:00:00","codParentNode":"ROOT","dteEnd":null},{"idAction":0,"codHier":"H-8888","codDiv":"DIV-8888","codNode":"CUST-8888","idLevel":10,"dteStart":"2026-01-01T00:00:00","codParentNode":"ROOT","dteEnd":null},{"idAction":0,"codHier":"H-9000","codDiv":"DIV-9000","codNode":"CUST-9000","idLevel":10,"dteStart":"2026-01-01T00:00:00","codParentNode":"ROOT","dteEnd":null},{"idAction":0,"codHier":"H-9999","codDiv":"DIV-9999","codNode":"CUST-9999","idLevel":10,"dteStart":"2026-01-01T00:00:00","codParentNode":"ROOT","dteEnd":null},{"idAction":0,"codHier":"HIER_CORP","codDiv":"DIV01","codNode":"NODE_9111","idLevel":1,"dteStart":"2026-01-15T00:00:00","codParentNode":"ROOT_NODE","dteEnd":null}]
2026-02-03 10:42:25.144 +05:00 [INF] HTTP GET /api/promotions/customer-relations responded 200 in 34.3670 ms
2026-02-03 10:42:25.212 +05:00 [INF] HTTP GET /api/promotions/customer-relations responded 200 in 8.2751 ms | User: ali (N/A) | IP: ::1 | RequestBody:  | ResponseBody: [{"idAction":0,"codHier":"5555","codDiv":"div5555","codNode":"f5555","idLevel":1,"dteStart":"2026-01-15T00:00:00","codParentNode":"root","dteEnd":null},{"idAction":0,"codHier":"56","codDiv":"565","codNode":"56","idLevel":55,"dteStart":"2026-01-29T00:44:00","codParentNode":"haseeb","dteEnd":"2026-01-26T00:44:00"},{"idAction":0,"codHier":"H_1","codDiv":"D_1","codNode":"D_1","idLevel":1,"dteStart":"2026-01-30T00:00:00","codParentNode":"ROOT","dteEnd":null},{"idAction":0,"codHier":"H_1","codDiv":"D_1","codNode":"N_1","idLevel":1,"dteStart":"2026-01-30T09:35:43.289","codParentNode":"ROOT","dteEnd":null},{"idAction":0,"codHier":"H_10","codDiv":"DIV_10","codNode":"NODE_10","idLevel":10,"dteStart":"2026-01-01T14:45:00","codParentNode":"ROOT_10","dteEnd":"2026-01-31T14:44:00"},{"idAction":0,"codHier":"H_1111","codDiv":"DIV_1111","codNode":"NODE_1111","idLevel":11,"dteStart":"2026-01-01T17:00:00","codParentNode":"ROOT_1111","dteEnd":"2026-01-30T17:01:00"},{"idAction":0,"codHier":"H_12","codDiv":"DIV_12","codNode":"NODE_12","idLevel":12,"dteStart":"2026-02-03T12:26:00","codParentNode":"ROOT_12","dteEnd":"2026-02-06T12:26:00"},{"idAction":0,"codHier":"H_17","codDiv":"DIV_17","codNode":"NODE_17","idLevel":17,"dteStart":"2026-02-07T15:44:00","codParentNode":"ROOT_17","dteEnd":"2026-02-24T15:44:00"},{"idAction":0,"codHier":"H_19","codDiv":"DIV_19","codNode":"NODE_19","idLevel":19,"dteStart":"2026-02-04T13:59:00","codParentNode":"ROOT_19","dteEnd":"2026-02-05T13:59:00"},{"idAction":0,"codHier":"H_21","codDiv":"DIV_21","codNode":"NODE_21","idLevel":21,"dteStart":"2026-02-05T14:01:00","codParentNode":"ROOT_21","dteEnd":"2026-02-07T14:01:00"},{"idAction":0,"codHier":"H_222","codDiv":"DIV_222","codNode":"NODE_222","idLevel":222,"dteStart":"2026-02-04T12:53:00","codParentNode":"ROOT_222","dteEnd":"2026-02-06T12:53:00"},{"idAction":0,"codHier":"H_24","codDiv":"DIV_24","codNode":"NODE_24","idLevel":24,"dteStart":"2026-02-04T12:48:00","codParentNode":"ROOT_24","dteEnd":"2026-02-05T12:48:00"},{"idAction":0,"codHier":"H_25","codDiv":"DIV_25","codNode":"NODE_25","idLevel":25,"dteStart":"2026-02-10T14:04:00","codParentNode":"ROOT_25","dteEnd":"2026-02-11T14:04:00"},{"idAction":0,"codHier":"H_3","codDiv":"DIV_3","codNode":"NODE_3","idLevel":3,"dteStart":"2026-01-01T10:45:00","codParentNode":"ROOT_3","dteEnd":"2026-01-30T10:44:00"},{"idAction":0,"codHier":"H_5","codDiv":"DIV_5","codNode":"NODE_5","idLevel":5,"dteStart":"2026-01-30T10:50:00","codParentNode":"ROOT_5","dteEnd":"2026-01-31T10:48:00"},{"idAction":0,"codHier":"H_6","codDiv":"DIV_6","codNode":"NODE_6","idLevel":6,"dteStart":"2026-01-30T15:01:00","codParentNode":"ROOT_6","dteEnd":"2026-01-31T15:01:00"},{"idAction":0,"codHier":"H_656565","codDiv":"DIV_656565","codNode":"C_656565","idLevel":9,"dteStart":"2026-01-20T00:00:00","codParentNode":"ROOT","dteEnd":null},{"idAction":0,"codHier":"H_676767","codDiv":"DIV_676767","codNode":"NODE_676767","idLevel":676767,"dteStart":"2026-01-31T00:00:00","codParentNode":"ROOT","dteEnd":null},{"idAction":0,"codHier":"H_7","codDiv":"DIV_7","codNode":"NODE_7","idLevel":7,"dteStart":"2026-02-02T12:04:00","codParentNode":"ROOT_7","dteEnd":"2026-02-04T12:04:00"},{"idAction":0,"codHier":"H_87","codDiv":"DIV_87","codNode":"NODE_87","idLevel":87,"dteStart":"2026-02-06T14:07:00","codParentNode":"ROOT_87","dteEnd":"2026-02-26T14:07:00"},{"idAction":0,"codHier":"H_98","codDiv":"DIV_98","codNode":"NODE_98","idLevel":98,"dteStart":"2026-01-30T18:25:00","codParentNode":"ROOT_98","dteEnd":"2026-01-31T18:25:00"},{"idAction":0,"codHier":"H_999","codDiv":"D_5878","codNode":"N_878","idLevel":8,"dteStart":"2026-01-14T00:00:00","codParentNode":"ROOT","dteEnd":null},{"idAction":0,"codHier":"H_A","codDiv":"DIV_A","codNode":"NODE_A","idLevel":1,"dteStart":"2026-02-01T18:26:00","codParentNode":"ROOT_A","dteEnd":"2026-02-14T18:26:00"},{"idAction":0,"codHier":"H-1010","codDiv":"D-1010","codNode":"C-1010","idLevel":1,"dteStart":"2026-01-01T11:54:00","codParentNode":"root","dteEnd":"2026-01-12T11:54:00"},{"idAction":0,"codHier":"H-11","codDiv":"DIV-11","codNode":"C-11","idLevel":11,"dteStart":"2026-01-01T15:05:00","codParentNode":"ROOT","dteEnd":"2026-01-31T15:05:00"},{"idAction":0,"codHier":"H-1111","codDiv":"DIV-1111","codNode":"CUST-1111","idLevel":10,"dteStart":"2026-01-01T00:00:00","codParentNode":"ROOT","dteEnd":null},{"idAction":0,"codHier":"H-1414","codDiv":"D-1414","codNode":"C-1414","idLevel":4,"dteStart":"2026-01-01T14:45:00","codParentNode":"ROOT","dteEnd":"2026-01-15T14:45:00"},{"idAction":0,"codHier":"H-2","codDiv":"DIV-2","codNode":"CUST-2","idLevel":2,"dteStart":"2026-01-01T12:40:00","codParentNode":"ROOT","dteEnd":"2026-01-16T12:37:00"},{"idAction":0,"codHier":"H-2","codDiv":"DIV-2","codNode":"CUST-2","idLevel":2,"dteStart":"2026-01-21T12:37:00","codParentNode":"ROOT","dteEnd":"2026-01-24T12:37:00"},{"idAction":0,"codHier":"H-2020","codDiv":"D-2020","codNode":"C-2020","idLevel":2,"dteStart":"2026-01-02T12:27:00","codParentNode":"root","dteEnd":"2026-01-30T12:27:00"},{"idAction":0,"codHier":"H-2255","codDiv":"DIV-2255","codNode":"CUST-2255","idLevel":10,"dteStart":"2026-01-01T00:00:00","codParentNode":"ROOT","dteEnd":null},{"idAction":0,"codHier":"H-2323","codDiv":"D-2323","codNode":"C-2323","idLevel":4,"dteStart":"2026-01-01T12:48:00","codParentNode":"ROOT","dteEnd":"2026-01-12T12:49:00"},{"idAction":0,"codHier":"H-3333","codDiv":"DIV-3333","codNode":"CUST-3333","idLevel":10,"dteStart":"2026-01-01T00:00:00","codParentNode":"ROOT","dteEnd":null},{"idAction":0,"codHier":"H-3344","codDiv":"DIV-3345","codNode":"CUST-3345","idLevel":10,"dteStart":"2026-01-01T00:00:00","codParentNode":"ROOT","dteEnd":null},{"idAction":0,"codHier":"H-3345","codDiv":"DIV-3345","codNode":"CUST-3345","idLevel":10,"dteStart":"2026-01-01T00:00:00","codParentNode":"ROOT","dteEnd":null},{"idAction":0,"codHier":"H-4","codDiv":"DIV-4","codNode":"CUST-4","idLevel":4,"dteStart":"2026-01-01T14:44:00","codParentNode":"ROOT","dteEnd":"2026-01-02T14:44:00"},{"idAction":0,"codHier":"H-5555","codDiv":"DIV-5555","codNode":"CUST-5555","idLevel":10,"dteStart":"2026-01-01T00:00:00","codParentNode":"ROOT","dteEnd":null},{"idAction":0,"codHier":"H-6000","codDiv":"DIV-6000","codNode":"CUST-6000","idLevel":10,"dteStart":"2026-01-01T00:00:00","codParentNode":"ROOT","dteEnd":"2026-12-31T00:00:00"},{"idAction":0,"codHier":"H-6666","codDiv":"DIV-6666","codNode":"CUST-6666","idLevel":10,"dteStart":"2026-01-17T01:30:00","codParentNode":"ROOT","dteEnd":"2026-01-18T01:30:00"},{"idAction":0,"codHier":"H-6767","codDiv":"DIV-6767","codNode":"CUST-6767","idLevel":5,"dteStart":"2026-01-01T12:15:00","codParentNode":"ROOT","dteEnd":"2026-01-08T12:15:00"},{"idAction":0,"codHier":"H-7000","codDiv":"DIV-7000","codNode":"CUST-7000","idLevel":10,"dteStart":"2026-01-01T00:00:00","codParentNode":"ROOT","dteEnd":null},{"idAction":0,"codHier":"H-7777","codDiv":"DIV-7777","codNode":"CUST-7777","idLevel":10,"dteStart":"2026-01-01T00:00:00","codParentNode":"ROOT","dteEnd":null},{"idAction":0,"codHier":"H-7878","codDiv":"DIV-7878","codNode":"CUST-7878","idLevel":3,"dteStart":"2026-01-18T11:43:00","codParentNode":"ROOT","dteEnd":"2026-01-19T11:43:00"},{"idAction":0,"codHier":"H-8000","codDiv":"DIV-8000","codNode":"CUST-8000","idLevel":10,"dteStart":"2026-01-01T00:00:00","codParentNode":"ROOT","dteEnd":null},{"idAction":0,"codHier":"H-8888","codDiv":"DIV-8888","codNode":"CUST-8888","idLevel":10,"dteStart":"2026-01-01T00:00:00","codParentNode":"ROOT","dteEnd":null},{"idAction":0,"codHier":"H-9000","codDiv":"DIV-9000","codNode":"CUST-9000","idLevel":10,"dteStart":"2026-01-01T00:00:00","codParentNode":"ROOT","dteEnd":null},{"idAction":0,"codHier":"H-9999","codDiv":"DIV-9999","codNode":"CUST-9999","idLevel":10,"dteStart":"2026-01-01T00:00:00","codParentNode":"ROOT","dteEnd":null},{"idAction":0,"codHier":"HIER_CORP","codDiv":"DIV01","codNode":"NODE_9111","idLevel":1,"dteStart":"2026-01-15T00:00:00","codParentNode":"ROOT_NODE","dteEnd":null}]
2026-02-03 10:42:25.218 +05:00 [INF] HTTP GET /api/promotions/customer-relations responded 200 in 13.9755 ms
2026-02-03 10:42:31.634 +05:00 [INF] HTTP GET /api/promotions/products responded 200 in 87.0540 ms | User: ali (N/A) | IP: ::1 | RequestBody:  | ResponseBody: [{"idAction":3,"codProduct":"PRD_3","levProduct":3,"codDisplay":"DSP_3","codDiv":"DIV_3","qtyEstimated":3450.00,"perceDiscount1":0.50,"perceDiscount2":9.00,"numMeasure":676.00,"codMeasure":"MEASURE_3","details":[{"idAction":3,"codProduct":"PRD_3","levProduct":3,"codDisplay":"DSP_3","codNode":"NODE_3","codDiv":"DIV_3","flgInclusion":true,"articles":[{"idAction":3,"codProduct":"PRD_3","levProduct":3,"codDisplay":"DSP_3","codDiv":"DIV_3","codNode":"NODE_3","codNode1":"AAA","codNode2":"BBB","codNodeN":"CCC"}]}],"measureFields":[]},{"idAction":3,"codProduct":"prd_33","levProduct":1,"codDisplay":"dsp_33","codDiv":"div_33","qtyEstimated":4000.00,"perceDiscount1":0.40,"perceDiscount2":0.90,"numMeasure":339.00,"codMeasure":"measure_33","details":[{"idAction":3,"codProduct":"prd_33","levProduct":1,"codDisplay":"dsp_33","codNode":"node_33","codDiv":"div_33","flgInclusion":true,"articles":[{"idAction":3,"codProduct":"prd_33","levProduct":1,"codDisplay":"dsp_33","codDiv":"div_33","codNode":"node_33","codNode1":"ddd","codNode2":"fff","codNodeN":"ggg"}]}],"measureFields":[]},{"idAction":3,"codProduct":"PROD-9000","levProduct":1,"codDisplay":"DISP-9000","codDiv":"DIV-9000","qtyEstimated":2000.00,"perceDiscount1":0.60,"perceDiscount2":0.90,"numMeasure":66.00,"codMeasure":"measure_9000","details":[{"idAction":3,"codProduct":"PROD-9000","levProduct":1,"codDisplay":"DISP-9000","codNode":"NODE-9000","codDiv":"DIV-9000","flgInclusion":true,"articles":[{"idAction":3,"codProduct":"PROD-9000","levProduct":1,"codDisplay":"DISP-9000","codDiv":"DIV-9000","codNode":"NODE-9000","codNode1":"A1","codNode2":null,"codNodeN":null}]}],"measureFields":[]},{"idAction":5,"codProduct":"PRD_3","levProduct":1,"codDisplay":"DSP_3","codDiv":"DIV_3","qtyEstimated":3450.00,"perceDiscount1":0.50,"perceDiscount2":9.00,"numMeasure":0.00,"codMeasure":"MEASURE_3","details":[{"idAction":5,"codProduct":"PRD_3","levProduct":1,"codDisplay":"DSP_3","codNode":"NODE_3","codDiv":"DIV_3","flgInclusion":true,"articles":[{"idAction":5,"codProduct":"PRD_3","levProduct":1,"codDisplay":"DSP_3","codDiv":"DIV_3","codNode":"NODE_3","codNode1":"AAA","codNode2":"BBB","codNodeN":"CCC"}]}],"measureFields":[]},{"idAction":5,"codProduct":"prd_33","levProduct":1,"codDisplay":"dsp_33","codDiv":"div_33","qtyEstimated":4000.00,"perceDiscount1":0.40,"perceDiscount2":0.90,"numMeasure":339.00,"codMeasure":"measure_33","details":[{"idAction":5,"codProduct":"prd_33","levProduct":1,"codDisplay":"dsp_33","codNode":"node_33","codDiv":"div_33","flgInclusion":true,"articles":[{"idAction":5,"codProduct":"prd_33","levProduct":1,"codDisplay":"dsp_33","codDiv":"div_33","codNode":"node_33","codNode1":"ddd","codNode2":"fff","codNodeN":"ggg"}]}],"measureFields":[]},{"idAction":5,"codProduct":"PRD_333","levProduct":1,"codDisplay":"DSP_333","codDiv":"DIV_333","qtyEstimated":4500.00,"perceDiscount1":0.80,"perceDiscount2":9.10,"numMeasure":556540.00,"codMeasure":"MEASURE_333","details":[{"idAction":5,"codProduct":"PRD_333","levProduct":1,"codDisplay":"DSP_333","codNode":"NODE_333","codDiv":"DIV_333","flgInclusion":true,"articles":[{"idAction":5,"codProduct":"PRD_333","levProduct":1,"codDisplay":"DSP_333","codDiv":"DIV_333","codNode":"NODE_333","codNode1":"PPP","codNode2":"LLL","codNodeN":"MMM"}]}],"measureFields":[]},{"idAction":5,"codProduct":"PRD_5","levProduct":5,"codDisplay":"DSP_5","codDiv":"DIV_5","qtyEstimated":2500.00,"perceDiscount1":6.70,"perceDiscount2":8.90,"numMeasure":0.00,"codMeasure":"MEASURE_5","details":[{"idAction":5,"codProduct":"PRD_5","levProduct":5,"codDisplay":"DSP_5","codNode":"NODE_5","codDiv":"DIV_5","flgInclusion":true,"articles":[{"idAction":5,"codProduct":"PRD_5","levProduct":5,"codDisplay":"DSP_5","codDiv":"DIV_5","codNode":"NODE_5","codNode1":"RRR","codNode2":"TTT","codNodeN":"YYY"}]}],"measureFields":[]},{"idAction":6,"codProduct":"PRD_1","levProduct":1,"codDisplay":"DIV_1","codDiv":"DIV_1","qtyEstimated":78.00,"perceDiscount1":6.00,"perceDiscount2":8.00,"numMeasure":78788.00,"codMeasure":"1","details":[],"measureFields":[]},{"idAction":6,"codProduct":"PRD_3","levProduct":1,"codDisplay":"DSP_3","codDiv":"DIV_3","qtyEstimated":3450.00,"perceDiscount1":0.50,"perceDiscount2":9.00,"numMeasure":676.00,"codMeasure":"MEASURE_3","details":[{"idAction":6,"codProduct":"PRD_3","levProduct":1,"codDisplay":"DSP_3","codNode":"NODE_3","codDiv":"DIV_3","flgInclusion":true,"articles":[{"idAction":6,"codProduct":"PRD_3","levProduct":1,"codDisplay":"DSP_3","codDiv":"DIV_3","codNode":"NODE_3","codNode1":"AAA","codNode2":"BBB","codNodeN":"CCC"}]}],"measureFields":[]},{"idAction":6,"codProduct":"PRD_6","levProduct":6,"codDisplay":"DSP_6","codDiv":"DIV_6","qtyEstimated":60606.00,"perceDiscount1":9.90,"perceDiscount2":7.80,"numMeasure":0.00,"codMeasure":"MEASURE_6","details":[{"idAction":6,"codProduct":"PRD_6","levProduct":6,"codDisplay":"DSP_6","codNode":"NODE_6","codDiv":"DIV_6","flgInclusion":true,"articles":[{"idAction":6,"codProduct":"PRD_6","levProduct":6,"codDisplay":"DSP_6","codDiv":"DIV_6","codNode":"NODE_6","codNode1":"KKK","codNode2":"LLL","codNodeN":"MMM"}]}],"measureFields":[]},{"idAction":6,"codProduct":"PRD_66666","levProduct":1,"codDisplay":"DSP_66666","codDiv":"DIV_66666","qtyEstimated":600000.00,"perceDiscount1":6.60,"perceDiscount2":3.40,"numMeasure":8758939.00,"codMeasure":"MEASURE_66666","details":[{"idAction":6,"codProduct":"PRD_66666","levProduct":1,"codDisplay":"DSP_66666","codNode":"NODE_66666","codDiv":"DIV_66666","flgInclusion":true,"articles":[{"idAction":6,"codProduct":"PRD_66666","levProduct":1,"codDisplay":"DSP_66666","codDiv":"DIV_66666","codNode":"NODE_66666","codNode1":"KKKKKKKKK","codNode2":"VVVVVVV","codNodeN":"VVVVVVVVVVVV"}]}],"measureFields":[]},{"idAction":7,"codProduct":"PRD_7","levProduct":7,"codDisplay":"DSP_7","codDiv":"DIV_7","qtyEstimated":7000.00,"perceDiscount1":6.70,"perceDiscount2":7.70,"numMeasure":0.00,"codMeasure":"MEASURE_7","details":[{"idAction":7,"codProduct":"PRD_7","levProduct":7,"codDisplay":"DSP_7","codNode":"NODE_7","codDiv":"DIV_7","flgInclusion":true,"articles":[{"idAction":7,"codProduct":"PRD_7","levProduct":7,"codDisplay":"DSP_7","codDiv":"DIV_7","codNode":"NODE_7","codNode1":"JHJK","codNode2":"JKBHHUI","codNodeN":"KKKK"}]}],"measureFields":[]},{"idAction":10,"codProduct":"PRD_10","levProduct":10,"codDisplay":"DSP_10","codDiv":"DIV_10","qtyEstimated":5000.00,"perceDiscount1":0.70,"perceDiscount2":9.80,"numMeasure":0.00,"codMeasure":"MEASURE_10","details":[{"idAction":10,"codProduct":"PRD_10","levProduct":10,"codDisplay":"DSP_10","codNode":"NODE_10","codDiv":"DIV_10","flgInclusion":true,"articles":[{"idAction":10,"codProduct":"PRD_10","levProduct":10,"codDisplay":"DSP_10","codDiv":"DIV_10","codNode":"NODE_10","codNode1":"QQQ","codNode2":"WWW","codNodeN":"EEE"}]}],"measureFields":[]},{"idAction":10,"codProduct":"PROD-5555","levProduct":1,"codDisplay":"DISP-5555","codDiv":"DIV-5555","qtyEstimated":500.00,"perceDiscount1":0.80,"perceDiscount2":0.10,"numMeasure":5555.00,"codMeasure":"measure_55555","details":[{"idAction":10,"codProduct":"PROD-5555","levProduct":1,"codDisplay":"DISP-5555","codNode":"NODE-5555","codDiv":"DIV-5555","flgInclusion":true,"articles":[{"idAction":10,"codProduct":"PROD-5555","levProduct":1,"codDisplay":"DISP-5555","codDiv":"DIV-5555","codNode":"NODE-5555","codNode1":null,"codNode2":null,"codNodeN":null}]}],"measureFields":[]},{"idAction":10,"codProduct":"PROD-8888","levProduct":1,"codDisplay":"DISP-8888","codDiv":"DIV-8888","qtyEstimated":2000.00,"perceDiscount1":0.00,"perceDiscount2":0.00,"numMeasure":0.00,"codMeasure":null,"details":[{"idAction":10,"codProduct":"PROD-8888","levProduct":1,"codDisplay":"DISP-8888","codNode":"NODE-8888","codDiv":"DIV-8888","flgInclusion":true,"articles":[{"idAction":10,"codProduct":"PROD-8888","levProduct":1,"codDisplay":"DISP-8888","codDiv":"DIV-8888","codNode":"NODE-8888","codNode1":"A1","codNode2":null,"codNodeN":null}]}],"measureFields":[]},{"idAction":12,"codProduct":"PRD_12","levProduct":11,"codDisplay":"DSP_12","codDiv":"DIV_12","qtyEstimated":1200.00,"perceDiscount1":7.80,"perceDiscount2":3.40,"numMeasure":0.00,"codMeasure":"MEASURE_12","details":[{"idAction":12,"codProduct":"PRD_12","levProduct":11,"codDisplay":"DSP_12","codNode":"NODE_12","codDiv":"DIV_12","flgInclusion":true,"articles":[{"idAction":12,"codProduct":"PRD_12","levProduct":11,"codDisplay":"DSP_12","codDiv":"DIV_12","codNode":"NODE_12","codNode1":"NODEEE_34R42","codNode2":"ADFRGWFA","codNodeN":"AEFWGVFWEFSCEW"}]}],"measureFields":[]},{"idAction":24,"codProduct":"PRD_24","levProduct":23,"codDisplay":"DSP_24","codDiv":"DIV_24","qtyEstimated":2499.00,"perceDiscount1":24.90,"perceDiscount2":24.80,"numMeasure":0.00,"codMeasure":"24","details":[{"idAction":24,"codProduct":"PRD_24","levProduct":23,"codDisplay":"DSP_24","codNode":"NODE_24","codDiv":"DIV_24","flgInclusion":true,"articles":[{"idAction":24,"codProduct":"PRD_24","levProduct":23,"codDisplay":"DSP_24","codDiv":"DIV_24","codNode":"NODE_24","codNode1":"LLLLLLLLLLLLL","codNode2":"KKKKKKKKKKKKKKKKK","codNodeN":"MMMMMMMMMMMMMMM"}]}],"measureFields":[]},{"idAction":87,"codProduct":"PRD_87","levProduct":87,"codDisplay":"DSP_87","codDiv":"DIV_87","qtyEstimated":8700.00,"perceDiscount1":8.70,"perceDiscount2":6.70,"numMeasure":0.00,"codMeasure":"MEASURE_87","details":[{"idAction":87,"codProduct":"PRD_87","levProduct":87,"codDisplay":"DSP_87","codNode":"NODE_87","codDiv":"DIV_87","flgInclusion":true,"articles":[{"idAction":87,"codProduct":"PRD_87","levProduct":87,"codDisplay":"DSP_87","codDiv":"DIV_87","codNode":"NODE_87","codNode1":"KHGUYGUH","codNode2":"IUGFTYDGUI","codNodeN":"YFGUHIO"}]}],"measureFields":[]},{"idAction":98,"codProduct":"PRD_3","levProduct":1,"codDisplay":"DSP_3","codDiv":"DIV_3","qtyEstimated":3450.00,"perceDiscount1":0.50,"perceDiscount2":9.00,"numMeasure":676.00,"codMeasure":"MEASURE_3","details":[{"idAction":98,"codProduct":"PRD_3","levProduct":1,"codDisplay":"DSP_3","codNode":"NODE_3","codDiv":"DIV_3","flgInclusion":true,"articles":[{"idAction":98,"codProduct":"PRD_3","levProduct":1,"codDisplay":"DSP_3","codDiv":"DIV_3","codNode":"NODE_3","codNode1":"AAA","codNode2":"BBB","codNodeN":"CCC"}]}],"measureFields":[]},{"idAction":98,"codProduct":"prd_33","levProduct":1,"codDisplay":"dsp_33","codDiv":"div_33","qtyEstimated":4000.00,"perceDiscount1":0.40,"perceDiscount2":0.90,"numMeasure":339.00,"codMeasure":"measure_33","details":[{"idAction":98,"codProduct":"prd_33","levProduct":1,"codDisplay":"dsp_33","codNode":"node_33","codDiv":"div_33","flgInclusion":true,"articles":[{"idAction":98,"codProduct":"prd_33","levProduct":1,"codDisplay":"dsp_33","codDiv":"div_33","codNode":"node_33","codNode1":"ddd","codNode2":"fff","codNodeN":"ggg"}]}],"measureFields":[]},{"idAction":98,"codProduct":"PRD_98","levProduct":98,"codDisplay":"DSP_98","codDiv":"DIV_98","qtyEstimated":34453.00,"perceDiscount1":0.90,"perceDiscount2":3.70,"numMeasure":0.00,"codMeasure":"MEASURE_98","details":[{"idAction":98,"codProduct":"PRD_98","levProduct":98,"codDisplay":"DSP_98","codNode":"NODE_98","codDiv":"DIV_98","flgInclusion":true,"articles":[{"idAction":98,"codProduct":"PRD_98","levProduct":98,"codDisplay":"DSP_98","codDiv":"DIV_98","codNode":"NODE_98","codNode1":"KHQGDKQE","codNode2":"DEQDED","codNodeN":"EEE"}]}],"measureFields":[]},{"idAction":98,"codProduct":"PROD-9000","levProduct":1,"codDisplay":"DISP-9000","codDiv":"DIV-9000","qtyEstimated":2000.00,"perceDiscount1":0.60,"perceDiscount2":0.90,"numMeasure":66.00,"codMeasure":"measure_9000","details":[{"idAction":98,"codProduct":"PROD-9000","levProduct":1,"codDisplay":"DISP-9000","codNode":"NODE-9000","codDiv":"DIV-9000","flgInclusion":true,"articles":[{"idAction":98,"codProduct":"PROD-9000","levProduct":1,"codDisplay":"DISP-9000","codDiv":"DIV-9000","codNode":"NODE-9000","codNode1":"A1","codNode2":null,"codNodeN":null}]}],"measureFields":[]},{"idAction":321,"codProduct":"PRD_3","levProduct":1,"codDisplay":"DSP_3","codDiv":"DIV_3","qtyEstimated":3450.00,"perceDiscount1":0.50,"perceDiscount2":9.00,"numMeasure":676.00,"codMeasure":"MEASURE_3","details":[{"idAction":321,"codProduct":"PRD_3","levProduct":1,"codDisplay":"DSP_3","codNode":"NODE_3","codDiv":"DIV_3","flgInclusion":true,"articles":[{"idAction":321,"codProduct":"PRD_3","levProduct":1,"codDisplay":"DSP_3","codDiv":"DIV_3","codNode":"NODE_3","codNode1":"AAA","codNode2":"BBB","codNodeN":"CCC"}]}],"measureFields":[]},{"idAction":321,"codProduct":"prd_33","levProduct":1,"codDisplay":"dsp_33","codDiv":"div_33","qtyEstimated":4000.00,"perceDiscount1":0.40,"perceDiscount2":0.90,"numMeasure":339.00,"codMeasure":"measure_33","details":[{"idAction":321,"codProduct":"prd_33","levProduct":1,"codDisplay":"dsp_33","codNode":"node_33","codDiv":"div_33","flgInclusion":true,"articles":[{"idAction":321,"codProduct":"prd_33","levProduct":1,"codDisplay":"dsp_33","codDiv":"div_33","codNode":"node_33","codNode1":"ddd","codNode2":"fff","codNodeN":"ggg"}]}],"measureFields":[]},{"idAction":321,"codProduct":"PRD_A","levProduct":1,"codDisplay":"DSP_A","codDiv":"DIV_A","qtyEstimated":78765.00,"perceDiscount1":9.80,"perceDiscount2":2.10,"numMeasure":0.00,"codMeasure":"MEASURE_A","details":[{"idAction":321,"codProduct":"PRD_A","levProduct":1,"codDisplay":"DSP_A","codNode":"NODE_A","codDiv":"DIV_A","flgInclusion":true,"articles":[{"idAction":321,"codProduct":"PRD_A","levProduct":1,"codDisplay":"DSP_A","codDiv":"DIV_A","codNode":"NODE_A","codNode1":"KKKKKKKKK","codNode2":"WWWWWWWWWW","codNodeN":"WEEEEEEEE"}]}],"measureFields":[]},{"idAction":321,"codProduct":"PROD-9000","levProduct":1,"codDisplay":"DISP-9000","codDiv":"DIV-9000","qtyEstimated":2000.00,"perceDiscount1":0.60,"perceDiscount2":0.90,"numMeasure":66.00,"codMeasure":"measure_9000","details":[{"idAction":321,"codProduct":"PROD-9000","levProduct":1,"codDisplay":"DISP-9000","codNode":"NODE-9000","codDiv":"DIV-9000","flgInclusion":true,"articles":[{"idAction":321,"codProduct":"PROD-9000","levProduct":1,"codDisplay":"DISP-9000","codDiv":"DIV-9000","codNode":"NODE-9000","codNode1":"A1","codNode2":null,"codNodeN":null}]}],"measureFields":[]},{"idAction":1111,"codProduct":"PRD_1","levProduct":1,"codDisplay":"DIV_1","codDiv":"DIV_1","qtyEstimated":78.00,"perceDiscount1":6.00,"perceDiscount2":8.00,"numMeasure":78788.00,"codMeasure":"1","details":[],"measureFields":[]},{"idAction":1111,"codProduct":"PRD_1","levProduct":1,"codDisplay":"DSP_1","codDiv":"DIV_1","qtyEstimated":11.00,"perceDiscount1":9.80,"perceDiscount2":6.70,"numMeasure":11.00,"codMeasure":"MEASURE_1","details":[{"idAction":1111,"codProduct":"PRD_1","levProduct":1,"codDisplay":"DSP_1","codNode":"NODE_1","codDiv":"DIV_1","flgInclusion":true,"articles":[{"idAction":1111,"codProduct":"PRD_1","levProduct":1,"codDisplay":"DSP_1","codDiv":"DIV_1","codNode":"NODE_1","codNode1":"NN","codNode2":"MM","codNodeN":"ZZ"}]}],"measureFields":[]},{"idAction":1111,"codProduct":"PRD_1111","levProduct":11,"codDisplay":"DSP_1111","codDiv":"DIV_1111","qtyEstimated":6756.00,"perceDiscount1":9.81,"perceDiscount2":8.90,"numMeasure":0.00,"codMeasure":"MEASURE_1111","details":[{"idAction":1111,"codProduct":"PRD_1111","levProduct":11,"codDisplay":"DSP_1111","codNode":"NODE_1111","codDiv":"DIV_1111","flgInclusion":true,"articles":[{"idAction":1111,"codProduct":"PRD_1111","levProduct":11,"codDisplay":"DSP_1111","codDiv":"DIV_1111","codNode":"NODE_1111","codNode1":"CCCCCC","codNode2":"AAAAAAA","codNodeN":"BBBBBBBB"}]}],"measureFields":[]},{"idAction":1111,"codProduct":"PRD_24","levProduct":1,"codDisplay":"DS-_24","codDiv":"DIV_24","qtyEstimated":345.00,"perceDiscount1":0.50,"perceDiscount2":0.90,"numMeasure":8.00,"codMeasure":"MEASURE_24","details":[],"measureFields":[]},{"idAction":1111,"codProduct":"PRD_44","levProduct":1,"codDisplay":"DSP_44","codDiv":"DIC_44","qtyEstimated":44.00,"perceDiscount1":0.10,"perceDiscount2":0.50,"numMeasure":76.00,"codMeasure":"MEASURE_44","details":[],"measureFields":[]},{"idAction":1111,"codProduct":"PRD_765","levProduct":1,"codDisplay":"DSP_567","codDiv":"DIV_765","qtyEstimated":5.60,"perceDiscount1":0.50,"perceDiscount2":0.40,"numMeasure":999.00,"codMeasure":"765","details":[],"measureFields":[]},{"idAction":1111,"codProduct":"PROD-1111","levProduct":1,"codDisplay":"DISP-1111","codDiv":"DIV-1111","qtyEstimated":0.00,"perceDiscount1":0.00,"perceDiscount2":0.00,"numMeasure":1.00,"codMeasure":"EA","details":[{"idAction":1111,"codProduct":"PROD-1111","levProduct":1,"codDisplay":"DISP-1111","codNode":"ddd","codDiv":"DIV5005","flgInclusion":true,"articles":[]}],"measureFields":[]},{"idAction":1111,"codProduct":"PROD-2323","levProduct":1,"codDisplay":"DSP-2323","codDiv":"D-2322","qtyEstimated":2340.00,"perceDiscount1":0.40,"perceDiscount2":45.00,"numMeasure":0.00,"codMeasure":"PALLET","details":[{"idAction":1111,"codProduct":"PROD-2323","levProduct":1,"codDisplay":"DSP-2323","codNode":"NODE-2323","codDiv":"D-2323","flgInclusion":true,"articles":[{"idAction":1111,"codProduct":"PROD-2323","levProduct":1,"codDisplay":"DSP-2323","codDiv":"D-2323","codNode":"NODE-2323","codNode1":"A1-2323","codNode2":"A2-2323","codNodeN":"AN-2323"}]}],"measureFields":[]},{"idAction":2020,"codProduct":"PRD_1","levProduct":1,"codDisplay":"DIV_1","codDiv":"DIV_1","qtyEstimated":78.00,"perceDiscount1":6.00,"perceDiscount2":8.00,"numMeasure":78788.00,"codMeasure":"1","details":[],"measureFields":[]},{"idAction":2020,"codProduct":"PRD_24","levProduct":1,"codDisplay":"DS-_24","codDiv":"DIV_24","qtyEstimated":345.00,"perceDiscount1":0.50,"perceDiscount2":0.90,"numMeasure":8.00,"codMeasure":"MEASURE_24","details":[],"measureFields":[]},{"idAction":2020,"codProduct":"PRD_44","levProduct":1,"codDisplay":"DSP_44","codDiv":"DIC_44","qtyEstimated":44.00,"perceDiscount1":0.10,"perceDiscount2":0.50,"numMeasure":76.00,"codMeasure":"MEASURE_44","details":[],"measureFields":[]},{"idAction":2020,"codProduct":"PRD_765","levProduct":0,"codDisplay":"DSP_765","codDiv":"DIV_765","qtyEstimated":234.00,"perceDiscount1":0.50,"perceDiscount2":0.56,"numMeasure":765.00,"codMeasure":"MEASURE_765","details":[],"measureFields":[]},{"idAction":2020,"codProduct":"PRD_765","levProduct":0,"codDisplay":"DSP-765","codDiv":"DIV_765","qtyEstimated":345.00,"perceDiscount1":3.55,"perceDiscount2":67.00,"numMeasure":765.00,"codMeasure":"MEASURE_765","details":[],"measureFields":[]},{"idAction":2020,"codProduct":"PRD-2020","levProduct":1,"codDisplay":"DSP-2020","codDiv":"D-2020","qtyEstimated":2000.00,"perceDiscount1":11.00,"perceDiscount2":23.00,"numMeasure":0.00,"codMeasure":"BOX","details":[{"idAction":2020,"codProduct":"PRD-2020","levProduct":1,"codDisplay":"DSP-2020","codNode":"NODE-2020","codDiv":"D-2020","flgInclusion":true,"articles":[{"idAction":2020,"codProduct":"PRD-2020","levProduct":1,"codDisplay":"DSP-2020","codDiv":"D-2020","codNode":"NODE-2020","codNode1":"A1-2020","codNode2":"A2-2020","codNodeN":"AN-2020"}]}],"measureFields":[]},{"idAction":2323,"codProduct":"PRD_08","levProduct":0,"codDisplay":"DSP_08","codDiv":"DIV_08","qtyEstimated":11.00,"perceDiscount1":22.00,"perceDiscount2":2.00,"numMeasure":2.00,"codMeasure":"08","details":[],"measureFields":[]},{"idAction":2323,"codProduct":"PRD_1","levProduct":1,"codDisplay":"DIV_1","codDiv":"DIV_1","qtyEstimated":78.00,"perceDiscount1":6.00,"perceDiscount2":8.00,"numMeasure":78788.00,"codMeasure":"1","details":[],"measureFields":[]},{"idAction":2323,"codProduct":"PRD_23","levProduct":0,"codDisplay":"DSP_23","codDiv":"DIV_23","qtyEstimated":28.00,"perceDiscount1":7.00,"perceDiscount2":2.00,"numMeasure":7.00,"codMeasure":"MEASURE_23","details":[],"measureFields":[]},{"idAction":2323,"codProduct":"PRD_24","levProduct":1,"codDisplay":"DS-_24","codDiv":"DIV_24","qtyEstimated":345.00,"perceDiscount1":0.50,"perceDiscount2":0.90,"numMeasure":8.00,"codMeasure":"MEASURE_24","details":[],"measureFields":[]},{"idAction":2323,"codProduct":"PRD_34","levProduct":1,"codDisplay":"DSP_34","codDiv":"DIV_34","qtyEstimated":2345.00,"perceDiscount1":0.60,"perceDiscount2":8.87,"numMeasure":34.00,"codMeasure":"MEASURE_34","details":[],"measureFields":[]},{"idAction":2323,"codProduct":"PRD_44","levProduct":1,"codDisplay":"DSP_44","codDiv":"DIC_44","qtyEstimated":44.00,"perceDiscount1":0.10,"perceDiscount2":0.50,"numMeasure":76.00,"codMeasure":"MEASURE_44","details":[],"measureFields":[]},{"idAction":2323,"codProduct":"PRD_55","levProduct":1,"codDisplay":"DSP_55","codDiv":"DIV_55","qtyEstimated":66.00,"perceDiscount1":0.50,"perceDiscount2":0.10,"numMeasure":34.00,"codMeasure":"55","details":[],"measureFields":[]},{"idAction":2323,"codProduct":"PRD_765","levProduct":0,"codDisplay":"DSP_567","codDiv":"DIV_765","qtyEstimated":5.60,"perceDiscount1":0.50,"perceDiscount2":0.40,"numMeasure":999.00,"codMeasure":"765","details":[],"measureFields":[]},{"idAction":2323,"codProduct":"PROD-2323","levProduct":1,"codDisplay":"DSP-2323","codDiv":"D-2322","qtyEstimated":2340.00,"perceDiscount1":0.40,"perceDiscount2":45.00,"numMeasure":0.00,"codMeasure":"PALLET","details":[{"idAction":2323,"codProduct":"PROD-2323","levProduct":1,"codDisplay":"DSP-2323","codNode":"NODE-2323","codDiv":"D-2323","flgInclusion":true,"articles":[{"idAction":2323,"codProduct":"PROD-2323","levProduct":1,"codDisplay":"DSP-2323","codDiv":"D-2323","codNode":"NODE-2323","codNode1":"A1-2323","codNode2":"A2-2323","codNodeN":"AN-2323"}]}],"measureFields":[]},{"idAction":5005,"codProduct":"PROD-1111","levProduct":1,"codDisplay":"DISP-1111","codDiv":"DIV-1111","qtyEstimated":0.00,"perceDiscount1":0.00,"perceDiscount2":0.00,"numMeasure":1.00,"codMeasure":"EA","details":[{"idAction":5005,"codProduct":"PROD-1111","levProduct":1,"codDisplay":"DISP-1111","codNode":"ddd","codDiv":"DIV5005","flgInclusion":true,"articles":[]}],"measureFields":[]},{"idAction":6000,"codProduct":"PRD_6666","levProduct":1,"codDisplay":"DSP_6666","codDiv":"DIV_6666","qtyEstimated":14.00,"perceDiscount1":0.80,"perceDiscount2":8.90,"numMeasure":654.00,"codMeasure":"MEASURE_6666","details":[],"measureFields":[]},{"idAction":6000,"codProduct":"PRD_99","levProduct":1,"codDisplay":"DSP_99","codDiv":"DIV_99","qtyEstimated":456.00,"perceDiscount1":9.80,"perceDiscount2":7.70,"numMeasure":999.00,"codMeasure":"MEASURE_99","details":[{"idAction":6000,"codProduct":"PRD_99","levProduct":1,"codDisplay":"DSP_99","codNode":"NODE_99","codDiv":"DIV_99","flgInclusion":true,"articles":[{"idAction":6000,"codProduct":"PRD_99","levProduct":1,"codDisplay":"DSP_99","codDiv":"DIV_99","codNode":"NODE_99","codNode1":"HBKK","codNode2":"KHNKH","codNodeN":"IYGFTUFTY"}]}],"measureFields":[]},{"idAction":6000,"codProduct":"PROD-6000","levProduct":1,"codDisplay":"DISP-6000","codDiv":"DIV-6000","qtyEstimated":100.00,"perceDiscount1":15.00,"perceDiscount2":0.00,"numMeasure":1.00,"codMeasure":"UNIT","details":[{"idAction":6000,"codProduct":"PROD-6000","levProduct":1,"codDisplay":"DISP-6000","codNode":"DET-6000","codDiv":"DIV-6000","flgInclusion":true,"articles":[{"idAction":6000,"codProduct":"PROD-6000","levProduct":1,"codDisplay":"DISP-6000","codDiv":"DIV-6000","codNode":"DET-6000","codNode1":"SKU-6001","codNode2":"V-GOLD","codNodeN":"SIZE-XL"}]}],"measureFields":[]},{"idAction":6767,"codProduct":"PRD_7777","levProduct":1,"codDisplay":"DSP_7777","codDiv":"DIV_7777","qtyEstimated":3423.00,"perceDiscount1":9.80,"perceDiscount2":5.60,"numMeasure":3432.00,"codMeasure":"MEASURE_7777","details":[{"idAction":6767,"codProduct":"PRD_7777","levProduct":1,"codDisplay":"DSP_7777","codNode":"NODE_7777","codDiv":"DIV_7777","flgInclusion":true,"articles":[{"idAction":6767,"codProduct":"PRD_7777","levProduct":1,"codDisplay":"DSP_7777","codDiv":"DIV_7777","codNode":"NODE_7777","codNode1":"ABC","codNode2":"DEF","codNodeN":"HBJ"}]}],"measureFields":[]},{"idAction":6767,"codProduct":"PROD-6767","levProduct":1,"codDisplay":"DSP-6767","codDiv":"DIV-6767","qtyEstimated":5000.00,"perceDiscount1":23.50,"perceDiscount2":45.60,"numMeasure":0.00,"codMeasure":"PALLET","details":[{"idAction":6767,"codProduct":"PROD-6767","levProduct":1,"codDisplay":"DSP-6767","codNode":"NODE-6767","codDiv":"DIV-6767","flgInclusion":true,"articles":[{"idAction":6767,"codProduct":"PROD-6767","levProduct":1,"codDisplay":"DSP-6767","codDiv":"DIV-6767","codNode":"NODE-6767","codNode1":"A1-6767","codNode2":"A2-6767","codNodeN":"AN-6767"}]}],"measureFields":[]},{"idAction":7000,"codProduct":"PROD-7000","levProduct":1,"codDisplay":"DISP-7000","codDiv":"DIV-7000","qtyEstimated":500.00,"perceDiscount1":null,"perceDiscount2":null,"numMeasure":null,"codMeasure":null,"details":[],"measureFields":[]},{"idAction":8888,"codProduct":"PROD-5555","levProduct":1,"codDisplay":"DISP-5555","codDiv":"DIV-5555","qtyEstimated":500.00,"perceDiscount1":0.00,"perceDiscount2":0.00,"numMeasure":0.00,"codMeasure":null,"details":[{"idAction":8888,"codProduct":"PROD-5555","levProduct":1,"codDisplay":"DISP-5555","codNode":"NODE-5555","codDiv":"DIV-5555","flgInclusion":true,"articles":[{"idAction":8888,"codProduct":"PROD-5555","levProduct":1,"codDisplay":"DISP-5555","codDiv":"DIV-5555","codNode":"NODE-5555","codNode1":null,"codNode2":null,"codNodeN":null}]}],"measureFields":[]}]
2026-02-03 10:42:31.645 +05:00 [INF] HTTP GET /api/promotions/products responded 200 in 98.4228 ms
2026-02-03 10:42:31.730 +05:00 [INF] HTTP GET /api/promotions/actions responded 200 in 10.8624 ms | User: ali (N/A) | IP: ::1 | RequestBody:  | ResponseBody: [{"idAction":3,"name":"PROMO_3","codDiv":"DIV_3","dteStartSellIn":"2026-02-01T00:00:00","dteEndSellIn":"2026-02-28T00:00:00","dteStartSellOut":"2026-01-25T00:00:00","dteEndSellOut":"2026-01-30T00:00:00","documentKey":"KEY_3","dteToShost":"2026-01-10T00:00:00","levParticipants":3},{"idAction":5,"name":"PROMO_5_5","codDiv":"DIV_5","dteStartSellIn":"2026-02-24T00:00:00","dteEndSellIn":"2026-02-21T00:00:00","dteStartSellOut":"2026-02-24T00:00:00","dteEndSellOut":"2026-02-27T00:00:00","documentKey":"DOC_KEY_is_5","dteToShost":"2026-01-18T00:00:00","levParticipants":55555555},{"idAction":6,"name":"PROMO_6","codDiv":"DIV_6","dteStartSellIn":"2026-02-01T00:00:00","dteEndSellIn":"2026-02-25T00:00:00","dteStartSellOut":"2026-01-15T00:00:00","dteEndSellOut":"2026-01-24T00:00:00","documentKey":"DOCC_6_KEY","dteToShost":"2026-01-15T00:00:00","levParticipants":6},{"idAction":7,"name":"PROMO_7","codDiv":"DIV_7","dteStartSellIn":"2026-02-06T12:05:00","dteEndSellIn":"2026-02-07T12:05:00","dteStartSellOut":"2026-02-08T12:05:00","dteEndSellOut":"2026-02-09T12:05:00","documentKey":"KEY_7","dteToShost":"2026-02-05T12:04:00","levParticipants":7},{"idAction":10,"name":"PROMO_10","codDiv":"DIV_10","dteStartSellIn":"2026-01-30T14:45:00","dteEndSellIn":"2026-01-31T14:45:00","dteStartSellOut":"2026-01-23T14:45:00","dteEndSellOut":"2026-01-24T14:45:00","documentKey":"DOCC_KEY_10","dteToShost":"2026-01-29T14:44:00","levParticipants":10},{"idAction":12,"name":"PROMO_12","codDiv":"DIV_12","dteStartSellIn":"2026-02-06T12:27:00","dteEndSellIn":"2026-02-07T12:27:00","dteStartSellOut":"2026-02-08T12:27:00","dteEndSellOut":"2026-02-09T12:27:00","documentKey":"KEY_12","dteToShost":"2026-02-03T12:26:00","levParticipants":12},{"idAction":24,"name":"PROMO_24","codDiv":"DIV_24","dteStartSellIn":"2026-02-05T12:48:00","dteEndSellIn":"2026-02-06T12:48:00","dteStartSellOut":"2026-02-07T12:48:00","dteEndSellOut":"2026-02-08T12:48:00","documentKey":"KEY_24","dteToShost":"2026-02-03T12:48:00","levParticipants":24},{"idAction":45,"name":"cccc","codDiv":"DIV01","dteStartSellIn":"2026-01-16T00:00:00","dteEndSellIn":"2026-01-17T00:00:00","dteStartSellOut":"2026-01-16T00:00:00","dteEndSellOut":"2026-01-17T00:00:00","documentKey":null,"dteToShost":null,"levParticipants":2},{"idAction":87,"name":"promo_87","codDiv":"DIV_87","dteStartSellIn":"2026-02-07T14:44:00","dteEndSellIn":"2026-02-10T14:44:00","dteStartSellOut":"2026-02-22T14:44:00","dteEndSellOut":"2026-02-26T14:44:00","documentKey":"KEY_87","dteToShost":"2026-02-03T14:44:00","levParticipants":87},{"idAction":98,"name":"PROMO_98","codDiv":"DIV_98","dteStartSellIn":"2026-01-08T18:25:00","dteEndSellIn":"2026-01-17T18:25:00","dteStartSellOut":"2026-01-28T18:25:00","dteEndSellOut":"2026-01-30T18:25:00","documentKey":"DOCC_98","dteToShost":"2026-01-31T18:25:00","levParticipants":98},{"idAction":321,"name":"PROMO_321","codDiv":"DIV_A","dteStartSellIn":"2026-02-01T18:27:00","dteEndSellIn":"2026-02-28T18:27:00","dteStartSellOut":"2026-02-04T18:27:00","dteEndSellOut":"2026-02-23T18:27:00","documentKey":"KEY_A","dteToShost":"2026-02-03T18:27:00","levParticipants":1},{"idAction":1111,"name":"PROMO_1111","codDiv":"DIV_1111","dteStartSellIn":"2026-01-01T17:00:00","dteEndSellIn":"2026-01-30T17:02:00","dteStartSellOut":"2026-01-17T17:02:00","dteEndSellOut":"2026-01-28T17:02:00","documentKey":"1111_DOCC_KEY","dteToShost":"2026-01-13T17:02:00","levParticipants":11},{"idAction":2020,"name":"Spring Special 2020","codDiv":"D-2020","dteStartSellIn":"2026-01-03T12:28:00","dteEndSellIn":"2026-01-04T12:28:00","dteStartSellOut":"2026-01-05T12:28:00","dteEndSellOut":"2026-01-06T12:28:00","documentKey":"DOC-SPRING-2020","dteToShost":"2026-01-02T12:28:00","levParticipants":1},{"idAction":2222,"name":"haseeb","codDiv":"DIV02","dteStartSellIn":"2026-02-01T00:00:00","dteEndSellIn":"2026-01-11T00:00:00","dteStartSellOut":"2026-01-28T00:00:00","dteEndSellOut":"2026-01-30T00:00:00","documentKey":"","dteToShost":null,"levParticipants":2},{"idAction":2323,"name":"Winter Sale Campaign 2323","codDiv":"D-2323","dteStartSellIn":"2026-01-19T14:39:00","dteEndSellIn":"2026-01-20T14:40:00","dteStartSellOut":"2026-01-21T14:40:00","dteEndSellOut":"2026-01-22T14:40:00","documentKey":"DOC-WINTER-2323","dteToShost":"2026-01-30T14:39:00","levParticipants":1},{"idAction":5005,"name":"bbb","codDiv":"DIV5005","dteStartSellIn":"2026-01-23T00:00:00","dteEndSellIn":"2026-01-30T00:00:00","dteStartSellOut":"2026-01-26T00:00:00","dteEndSellOut":"2026-01-18T00:00:00","documentKey":"555553","dteToShost":"2026-01-19T00:00:00","levParticipants":14},{"idAction":6000,"name":"Zero Redundancy Campaign 6000","codDiv":"DIV-6000","dteStartSellIn":"2026-02-01T00:00:00","dteEndSellIn":"2026-02-24T00:00:00","dteStartSellOut":"2026-02-01T00:00:00","dteEndSellOut":"2026-02-28T00:00:00","documentKey":"DOC-6000","dteToShost":"2026-01-05T00:00:00","levParticipants":1},{"idAction":6767,"name":"XTEL Launch Promo 6767","codDiv":"DIV-6767","dteStartSellIn":"2026-02-01T00:00:00","dteEndSellIn":"2026-02-28T00:00:00","dteStartSellOut":"2026-01-22T00:00:00","dteEndSellOut":"2026-01-23T00:00:00","documentKey":"DOC-XTEL-6767","dteToShost":"2026-01-03T00:00:00","levParticipants":1},{"idAction":7000,"name":"Atomic Campaign 7000","codDiv":"DIV-7000","dteStartSellIn":"2026-01-01T00:00:00","dteEndSellIn":"2026-01-31T00:00:00","dteStartSellOut":"2026-02-01T00:00:00","dteEndSellOut":"2026-02-28T00:00:00","documentKey":"DOC-7000","dteToShost":null,"levParticipants":1},{"idAction":8888,"name":"Atomic Campaign 8888 Complete","codDiv":"DIV-8888","dteStartSellIn":"2026-01-01T00:00:00","dteEndSellIn":"2026-01-31T00:00:00","dteStartSellOut":"2026-02-01T00:00:00","dteEndSellOut":"2026-02-28T00:00:00","documentKey":"DOC-8888","dteToShost":null,"levParticipants":1},{"idAction":9000,"name":"Balanced Atomic Campaign 9000","codDiv":"DIV-9000","dteStartSellIn":"2026-01-01T00:00:00","dteEndSellIn":"2026-01-31T00:00:00","dteStartSellOut":"2026-02-01T00:00:00","dteEndSellOut":"2026-02-28T00:00:00","documentKey":"DOC-9000","dteToShost":null,"levParticipants":1},{"idAction":9999,"name":"I should not exist in DB","codDiv":"DIV-9999","dteStartSellIn":"2026-01-01T00:00:00","dteEndSellIn":"2026-01-31T00:00:00","dteStartSellOut":"2026-02-01T00:00:00","dteEndSellOut":"2026-02-28T00:00:00","documentKey":"DOC-9999","dteToShost":null,"levParticipants":1}]
2026-02-03 10:42:31.752 +05:00 [INF] HTTP GET /api/promotions/customer-relations responded 200 in 26.0904 ms | User: ali (N/A) | IP: ::1 | RequestBody:  | ResponseBody: [{"idAction":0,"codHier":"5555","codDiv":"div5555","codNode":"f5555","idLevel":1,"dteStart":"2026-01-15T00:00:00","codParentNode":"root","dteEnd":null},{"idAction":0,"codHier":"56","codDiv":"565","codNode":"56","idLevel":55,"dteStart":"2026-01-29T00:44:00","codParentNode":"haseeb","dteEnd":"2026-01-26T00:44:00"},{"idAction":0,"codHier":"H_1","codDiv":"D_1","codNode":"D_1","idLevel":1,"dteStart":"2026-01-30T00:00:00","codParentNode":"ROOT","dteEnd":null},{"idAction":0,"codHier":"H_1","codDiv":"D_1","codNode":"N_1","idLevel":1,"dteStart":"2026-01-30T09:35:43.289","codParentNode":"ROOT","dteEnd":null},{"idAction":0,"codHier":"H_10","codDiv":"DIV_10","codNode":"NODE_10","idLevel":10,"dteStart":"2026-01-01T14:45:00","codParentNode":"ROOT_10","dteEnd":"2026-01-31T14:44:00"},{"idAction":0,"codHier":"H_1111","codDiv":"DIV_1111","codNode":"NODE_1111","idLevel":11,"dteStart":"2026-01-01T17:00:00","codParentNode":"ROOT_1111","dteEnd":"2026-01-30T17:01:00"},{"idAction":0,"codHier":"H_12","codDiv":"DIV_12","codNode":"NODE_12","idLevel":12,"dteStart":"2026-02-03T12:26:00","codParentNode":"ROOT_12","dteEnd":"2026-02-06T12:26:00"},{"idAction":0,"codHier":"H_17","codDiv":"DIV_17","codNode":"NODE_17","idLevel":17,"dteStart":"2026-02-07T15:44:00","codParentNode":"ROOT_17","dteEnd":"2026-02-24T15:44:00"},{"idAction":0,"codHier":"H_19","codDiv":"DIV_19","codNode":"NODE_19","idLevel":19,"dteStart":"2026-02-04T13:59:00","codParentNode":"ROOT_19","dteEnd":"2026-02-05T13:59:00"},{"idAction":0,"codHier":"H_21","codDiv":"DIV_21","codNode":"NODE_21","idLevel":21,"dteStart":"2026-02-05T14:01:00","codParentNode":"ROOT_21","dteEnd":"2026-02-07T14:01:00"},{"idAction":0,"codHier":"H_222","codDiv":"DIV_222","codNode":"NODE_222","idLevel":222,"dteStart":"2026-02-04T12:53:00","codParentNode":"ROOT_222","dteEnd":"2026-02-06T12:53:00"},{"idAction":0,"codHier":"H_24","codDiv":"DIV_24","codNode":"NODE_24","idLevel":24,"dteStart":"2026-02-04T12:48:00","codParentNode":"ROOT_24","dteEnd":"2026-02-05T12:48:00"},{"idAction":0,"codHier":"H_25","codDiv":"DIV_25","codNode":"NODE_25","idLevel":25,"dteStart":"2026-02-10T14:04:00","codParentNode":"ROOT_25","dteEnd":"2026-02-11T14:04:00"},{"idAction":0,"codHier":"H_3","codDiv":"DIV_3","codNode":"NODE_3","idLevel":3,"dteStart":"2026-01-01T10:45:00","codParentNode":"ROOT_3","dteEnd":"2026-01-30T10:44:00"},{"idAction":0,"codHier":"H_5","codDiv":"DIV_5","codNode":"NODE_5","idLevel":5,"dteStart":"2026-01-30T10:50:00","codParentNode":"ROOT_5","dteEnd":"2026-01-31T10:48:00"},{"idAction":0,"codHier":"H_6","codDiv":"DIV_6","codNode":"NODE_6","idLevel":6,"dteStart":"2026-01-30T15:01:00","codParentNode":"ROOT_6","dteEnd":"2026-01-31T15:01:00"},{"idAction":0,"codHier":"H_656565","codDiv":"DIV_656565","codNode":"C_656565","idLevel":9,"dteStart":"2026-01-20T00:00:00","codParentNode":"ROOT","dteEnd":null},{"idAction":0,"codHier":"H_676767","codDiv":"DIV_676767","codNode":"NODE_676767","idLevel":676767,"dteStart":"2026-01-31T00:00:00","codParentNode":"ROOT","dteEnd":null},{"idAction":0,"codHier":"H_7","codDiv":"DIV_7","codNode":"NODE_7","idLevel":7,"dteStart":"2026-02-02T12:04:00","codParentNode":"ROOT_7","dteEnd":"2026-02-04T12:04:00"},{"idAction":0,"codHier":"H_87","codDiv":"DIV_87","codNode":"NODE_87","idLevel":87,"dteStart":"2026-02-06T14:07:00","codParentNode":"ROOT_87","dteEnd":"2026-02-26T14:07:00"},{"idAction":0,"codHier":"H_98","codDiv":"DIV_98","codNode":"NODE_98","idLevel":98,"dteStart":"2026-01-30T18:25:00","codParentNode":"ROOT_98","dteEnd":"2026-01-31T18:25:00"},{"idAction":0,"codHier":"H_999","codDiv":"D_5878","codNode":"N_878","idLevel":8,"dteStart":"2026-01-14T00:00:00","codParentNode":"ROOT","dteEnd":null},{"idAction":0,"codHier":"H_A","codDiv":"DIV_A","codNode":"NODE_A","idLevel":1,"dteStart":"2026-02-01T18:26:00","codParentNode":"ROOT_A","dteEnd":"2026-02-14T18:26:00"},{"idAction":0,"codHier":"H-1010","codDiv":"D-1010","codNode":"C-1010","idLevel":1,"dteStart":"2026-01-01T11:54:00","codParentNode":"root","dteEnd":"2026-01-12T11:54:00"},{"idAction":0,"codHier":"H-11","codDiv":"DIV-11","codNode":"C-11","idLevel":11,"dteStart":"2026-01-01T15:05:00","codParentNode":"ROOT","dteEnd":"2026-01-31T15:05:00"},{"idAction":0,"codHier":"H-1111","codDiv":"DIV-1111","codNode":"CUST-1111","idLevel":10,"dteStart":"2026-01-01T00:00:00","codParentNode":"ROOT","dteEnd":null},{"idAction":0,"codHier":"H-1414","codDiv":"D-1414","codNode":"C-1414","idLevel":4,"dteStart":"2026-01-01T14:45:00","codParentNode":"ROOT","dteEnd":"2026-01-15T14:45:00"},{"idAction":0,"codHier":"H-2","codDiv":"DIV-2","codNode":"CUST-2","idLevel":2,"dteStart":"2026-01-01T12:40:00","codParentNode":"ROOT","dteEnd":"2026-01-16T12:37:00"},{"idAction":0,"codHier":"H-2","codDiv":"DIV-2","codNode":"CUST-2","idLevel":2,"dteStart":"2026-01-21T12:37:00","codParentNode":"ROOT","dteEnd":"2026-01-24T12:37:00"},{"idAction":0,"codHier":"H-2020","codDiv":"D-2020","codNode":"C-2020","idLevel":2,"dteStart":"2026-01-02T12:27:00","codParentNode":"root","dteEnd":"2026-01-30T12:27:00"},{"idAction":0,"codHier":"H-2255","codDiv":"DIV-2255","codNode":"CUST-2255","idLevel":10,"dteStart":"2026-01-01T00:00:00","codParentNode":"ROOT","dteEnd":null},{"idAction":0,"codHier":"H-2323","codDiv":"D-2323","codNode":"C-2323","idLevel":4,"dteStart":"2026-01-01T12:48:00","codParentNode":"ROOT","dteEnd":"2026-01-12T12:49:00"},{"idAction":0,"codHier":"H-3333","codDiv":"DIV-3333","codNode":"CUST-3333","idLevel":10,"dteStart":"2026-01-01T00:00:00","codParentNode":"ROOT","dteEnd":null},{"idAction":0,"codHier":"H-3344","codDiv":"DIV-3345","codNode":"CUST-3345","idLevel":10,"dteStart":"2026-01-01T00:00:00","codParentNode":"ROOT","dteEnd":null},{"idAction":0,"codHier":"H-3345","codDiv":"DIV-3345","codNode":"CUST-3345","idLevel":10,"dteStart":"2026-01-01T00:00:00","codParentNode":"ROOT","dteEnd":null},{"idAction":0,"codHier":"H-4","codDiv":"DIV-4","codNode":"CUST-4","idLevel":4,"dteStart":"2026-01-01T14:44:00","codParentNode":"ROOT","dteEnd":"2026-01-02T14:44:00"},{"idAction":0,"codHier":"H-5555","codDiv":"DIV-5555","codNode":"CUST-5555","idLevel":10,"dteStart":"2026-01-01T00:00:00","codParentNode":"ROOT","dteEnd":null},{"idAction":0,"codHier":"H-6000","codDiv":"DIV-6000","codNode":"CUST-6000","idLevel":10,"dteStart":"2026-01-01T00:00:00","codParentNode":"ROOT","dteEnd":"2026-12-31T00:00:00"},{"idAction":0,"codHier":"H-6666","codDiv":"DIV-6666","codNode":"CUST-6666","idLevel":10,"dteStart":"2026-01-17T01:30:00","codParentNode":"ROOT","dteEnd":"2026-01-18T01:30:00"},{"idAction":0,"codHier":"H-6767","codDiv":"DIV-6767","codNode":"CUST-6767","idLevel":5,"dteStart":"2026-01-01T12:15:00","codParentNode":"ROOT","dteEnd":"2026-01-08T12:15:00"},{"idAction":0,"codHier":"H-7000","codDiv":"DIV-7000","codNode":"CUST-7000","idLevel":10,"dteStart":"2026-01-01T00:00:00","codParentNode":"ROOT","dteEnd":null},{"idAction":0,"codHier":"H-7777","codDiv":"DIV-7777","codNode":"CUST-7777","idLevel":10,"dteStart":"2026-01-01T00:00:00","codParentNode":"ROOT","dteEnd":null},{"idAction":0,"codHier":"H-7878","codDiv":"DIV-7878","codNode":"CUST-7878","idLevel":3,"dteStart":"2026-01-18T11:43:00","codParentNode":"ROOT","dteEnd":"2026-01-19T11:43:00"},{"idAction":0,"codHier":"H-8000","codDiv":"DIV-8000","codNode":"CUST-8000","idLevel":10,"dteStart":"2026-01-01T00:00:00","codParentNode":"ROOT","dteEnd":null},{"idAction":0,"codHier":"H-8888","codDiv":"DIV-8888","codNode":"CUST-8888","idLevel":10,"dteStart":"2026-01-01T00:00:00","codParentNode":"ROOT","dteEnd":null},{"idAction":0,"codHier":"H-9000","codDiv":"DIV-9000","codNode":"CUST-9000","idLevel":10,"dteStart":"2026-01-01T00:00:00","codParentNode":"ROOT","dteEnd":null},{"idAction":0,"codHier":"H-9999","codDiv":"DIV-9999","codNode":"CUST-9999","idLevel":10,"dteStart":"2026-01-01T00:00:00","codParentNode":"ROOT","dteEnd":null},{"idAction":0,"codHier":"HIER_CORP","codDiv":"DIV01","codNode":"NODE_9111","idLevel":1,"dteStart":"2026-01-15T00:00:00","codParentNode":"ROOT_NODE","dteEnd":null}]
2026-02-03 10:42:31.752 +05:00 [INF] HTTP GET /api/promotions/products responded 200 in 42.2307 ms | User: ali (N/A) | IP: ::1 | RequestBody:  | ResponseBody: [{"idAction":3,"codProduct":"PRD_3","levProduct":3,"codDisplay":"DSP_3","codDiv":"DIV_3","qtyEstimated":3450.00,"perceDiscount1":0.50,"perceDiscount2":9.00,"numMeasure":676.00,"codMeasure":"MEASURE_3","details":[{"idAction":3,"codProduct":"PRD_3","levProduct":3,"codDisplay":"DSP_3","codNode":"NODE_3","codDiv":"DIV_3","flgInclusion":true,"articles":[{"idAction":3,"codProduct":"PRD_3","levProduct":3,"codDisplay":"DSP_3","codDiv":"DIV_3","codNode":"NODE_3","codNode1":"AAA","codNode2":"BBB","codNodeN":"CCC"}]}],"measureFields":[]},{"idAction":3,"codProduct":"prd_33","levProduct":1,"codDisplay":"dsp_33","codDiv":"div_33","qtyEstimated":4000.00,"perceDiscount1":0.40,"perceDiscount2":0.90,"numMeasure":339.00,"codMeasure":"measure_33","details":[{"idAction":3,"codProduct":"prd_33","levProduct":1,"codDisplay":"dsp_33","codNode":"node_33","codDiv":"div_33","flgInclusion":true,"articles":[{"idAction":3,"codProduct":"prd_33","levProduct":1,"codDisplay":"dsp_33","codDiv":"div_33","codNode":"node_33","codNode1":"ddd","codNode2":"fff","codNodeN":"ggg"}]}],"measureFields":[]},{"idAction":3,"codProduct":"PROD-9000","levProduct":1,"codDisplay":"DISP-9000","codDiv":"DIV-9000","qtyEstimated":2000.00,"perceDiscount1":0.60,"perceDiscount2":0.90,"numMeasure":66.00,"codMeasure":"measure_9000","details":[{"idAction":3,"codProduct":"PROD-9000","levProduct":1,"codDisplay":"DISP-9000","codNode":"NODE-9000","codDiv":"DIV-9000","flgInclusion":true,"articles":[{"idAction":3,"codProduct":"PROD-9000","levProduct":1,"codDisplay":"DISP-9000","codDiv":"DIV-9000","codNode":"NODE-9000","codNode1":"A1","codNode2":null,"codNodeN":null}]}],"measureFields":[]},{"idAction":5,"codProduct":"PRD_3","levProduct":1,"codDisplay":"DSP_3","codDiv":"DIV_3","qtyEstimated":3450.00,"perceDiscount1":0.50,"perceDiscount2":9.00,"numMeasure":0.00,"codMeasure":"MEASURE_3","details":[{"idAction":5,"codProduct":"PRD_3","levProduct":1,"codDisplay":"DSP_3","codNode":"NODE_3","codDiv":"DIV_3","flgInclusion":true,"articles":[{"idAction":5,"codProduct":"PRD_3","levProduct":1,"codDisplay":"DSP_3","codDiv":"DIV_3","codNode":"NODE_3","codNode1":"AAA","codNode2":"BBB","codNodeN":"CCC"}]}],"measureFields":[]},{"idAction":5,"codProduct":"prd_33","levProduct":1,"codDisplay":"dsp_33","codDiv":"div_33","qtyEstimated":4000.00,"perceDiscount1":0.40,"perceDiscount2":0.90,"numMeasure":339.00,"codMeasure":"measure_33","details":[{"idAction":5,"codProduct":"prd_33","levProduct":1,"codDisplay":"dsp_33","codNode":"node_33","codDiv":"div_33","flgInclusion":true,"articles":[{"idAction":5,"codProduct":"prd_33","levProduct":1,"codDisplay":"dsp_33","codDiv":"div_33","codNode":"node_33","codNode1":"ddd","codNode2":"fff","codNodeN":"ggg"}]}],"measureFields":[]},{"idAction":5,"codProduct":"PRD_333","levProduct":1,"codDisplay":"DSP_333","codDiv":"DIV_333","qtyEstimated":4500.00,"perceDiscount1":0.80,"perceDiscount2":9.10,"numMeasure":556540.00,"codMeasure":"MEASURE_333","details":[{"idAction":5,"codProduct":"PRD_333","levProduct":1,"codDisplay":"DSP_333","codNode":"NODE_333","codDiv":"DIV_333","flgInclusion":true,"articles":[{"idAction":5,"codProduct":"PRD_333","levProduct":1,"codDisplay":"DSP_333","codDiv":"DIV_333","codNode":"NODE_333","codNode1":"PPP","codNode2":"LLL","codNodeN":"MMM"}]}],"measureFields":[]},{"idAction":5,"codProduct":"PRD_5","levProduct":5,"codDisplay":"DSP_5","codDiv":"DIV_5","qtyEstimated":2500.00,"perceDiscount1":6.70,"perceDiscount2":8.90,"numMeasure":0.00,"codMeasure":"MEASURE_5","details":[{"idAction":5,"codProduct":"PRD_5","levProduct":5,"codDisplay":"DSP_5","codNode":"NODE_5","codDiv":"DIV_5","flgInclusion":true,"articles":[{"idAction":5,"codProduct":"PRD_5","levProduct":5,"codDisplay":"DSP_5","codDiv":"DIV_5","codNode":"NODE_5","codNode1":"RRR","codNode2":"TTT","codNodeN":"YYY"}]}],"measureFields":[]},{"idAction":6,"codProduct":"PRD_1","levProduct":1,"codDisplay":"DIV_1","codDiv":"DIV_1","qtyEstimated":78.00,"perceDiscount1":6.00,"perceDiscount2":8.00,"numMeasure":78788.00,"codMeasure":"1","details":[],"measureFields":[]},{"idAction":6,"codProduct":"PRD_3","levProduct":1,"codDisplay":"DSP_3","codDiv":"DIV_3","qtyEstimated":3450.00,"perceDiscount1":0.50,"perceDiscount2":9.00,"numMeasure":676.00,"codMeasure":"MEASURE_3","details":[{"idAction":6,"codProduct":"PRD_3","levProduct":1,"codDisplay":"DSP_3","codNode":"NODE_3","codDiv":"DIV_3","flgInclusion":true,"articles":[{"idAction":6,"codProduct":"PRD_3","levProduct":1,"codDisplay":"DSP_3","codDiv":"DIV_3","codNode":"NODE_3","codNode1":"AAA","codNode2":"BBB","codNodeN":"CCC"}]}],"measureFields":[]},{"idAction":6,"codProduct":"PRD_6","levProduct":6,"codDisplay":"DSP_6","codDiv":"DIV_6","qtyEstimated":60606.00,"perceDiscount1":9.90,"perceDiscount2":7.80,"numMeasure":0.00,"codMeasure":"MEASURE_6","details":[{"idAction":6,"codProduct":"PRD_6","levProduct":6,"codDisplay":"DSP_6","codNode":"NODE_6","codDiv":"DIV_6","flgInclusion":true,"articles":[{"idAction":6,"codProduct":"PRD_6","levProduct":6,"codDisplay":"DSP_6","codDiv":"DIV_6","codNode":"NODE_6","codNode1":"KKK","codNode2":"LLL","codNodeN":"MMM"}]}],"measureFields":[]},{"idAction":6,"codProduct":"PRD_66666","levProduct":1,"codDisplay":"DSP_66666","codDiv":"DIV_66666","qtyEstimated":600000.00,"perceDiscount1":6.60,"perceDiscount2":3.40,"numMeasure":8758939.00,"codMeasure":"MEASURE_66666","details":[{"idAction":6,"codProduct":"PRD_66666","levProduct":1,"codDisplay":"DSP_66666","codNode":"NODE_66666","codDiv":"DIV_66666","flgInclusion":true,"articles":[{"idAction":6,"codProduct":"PRD_66666","levProduct":1,"codDisplay":"DSP_66666","codDiv":"DIV_66666","codNode":"NODE_66666","codNode1":"KKKKKKKKK","codNode2":"VVVVVVV","codNodeN":"VVVVVVVVVVVV"}]}],"measureFields":[]},{"idAction":7,"codProduct":"PRD_7","levProduct":7,"codDisplay":"DSP_7","codDiv":"DIV_7","qtyEstimated":7000.00,"perceDiscount1":6.70,"perceDiscount2":7.70,"numMeasure":0.00,"codMeasure":"MEASURE_7","details":[{"idAction":7,"codProduct":"PRD_7","levProduct":7,"codDisplay":"DSP_7","codNode":"NODE_7","codDiv":"DIV_7","flgInclusion":true,"articles":[{"idAction":7,"codProduct":"PRD_7","levProduct":7,"codDisplay":"DSP_7","codDiv":"DIV_7","codNode":"NODE_7","codNode1":"JHJK","codNode2":"JKBHHUI","codNodeN":"KKKK"}]}],"measureFields":[]},{"idAction":10,"codProduct":"PRD_10","levProduct":10,"codDisplay":"DSP_10","codDiv":"DIV_10","qtyEstimated":5000.00,"perceDiscount1":0.70,"perceDiscount2":9.80,"numMeasure":0.00,"codMeasure":"MEASURE_10","details":[{"idAction":10,"codProduct":"PRD_10","levProduct":10,"codDisplay":"DSP_10","codNode":"NODE_10","codDiv":"DIV_10","flgInclusion":true,"articles":[{"idAction":10,"codProduct":"PRD_10","levProduct":10,"codDisplay":"DSP_10","codDiv":"DIV_10","codNode":"NODE_10","codNode1":"QQQ","codNode2":"WWW","codNodeN":"EEE"}]}],"measureFields":[]},{"idAction":10,"codProduct":"PROD-5555","levProduct":1,"codDisplay":"DISP-5555","codDiv":"DIV-5555","qtyEstimated":500.00,"perceDiscount1":0.80,"perceDiscount2":0.10,"numMeasure":5555.00,"codMeasure":"measure_55555","details":[{"idAction":10,"codProduct":"PROD-5555","levProduct":1,"codDisplay":"DISP-5555","codNode":"NODE-5555","codDiv":"DIV-5555","flgInclusion":true,"articles":[{"idAction":10,"codProduct":"PROD-5555","levProduct":1,"codDisplay":"DISP-5555","codDiv":"DIV-5555","codNode":"NODE-5555","codNode1":null,"codNode2":null,"codNodeN":null}]}],"measureFields":[]},{"idAction":10,"codProduct":"PROD-8888","levProduct":1,"codDisplay":"DISP-8888","codDiv":"DIV-8888","qtyEstimated":2000.00,"perceDiscount1":0.00,"perceDiscount2":0.00,"numMeasure":0.00,"codMeasure":null,"details":[{"idAction":10,"codProduct":"PROD-8888","levProduct":1,"codDisplay":"DISP-8888","codNode":"NODE-8888","codDiv":"DIV-8888","flgInclusion":true,"articles":[{"idAction":10,"codProduct":"PROD-8888","levProduct":1,"codDisplay":"DISP-8888","codDiv":"DIV-8888","codNode":"NODE-8888","codNode1":"A1","codNode2":null,"codNodeN":null}]}],"measureFields":[]},{"idAction":12,"codProduct":"PRD_12","levProduct":11,"codDisplay":"DSP_12","codDiv":"DIV_12","qtyEstimated":1200.00,"perceDiscount1":7.80,"perceDiscount2":3.40,"numMeasure":0.00,"codMeasure":"MEASURE_12","details":[{"idAction":12,"codProduct":"PRD_12","levProduct":11,"codDisplay":"DSP_12","codNode":"NODE_12","codDiv":"DIV_12","flgInclusion":true,"articles":[{"idAction":12,"codProduct":"PRD_12","levProduct":11,"codDisplay":"DSP_12","codDiv":"DIV_12","codNode":"NODE_12","codNode1":"NODEEE_34R42","codNode2":"ADFRGWFA","codNodeN":"AEFWGVFWEFSCEW"}]}],"measureFields":[]},{"idAction":24,"codProduct":"PRD_24","levProduct":23,"codDisplay":"DSP_24","codDiv":"DIV_24","qtyEstimated":2499.00,"perceDiscount1":24.90,"perceDiscount2":24.80,"numMeasure":0.00,"codMeasure":"24","details":[{"idAction":24,"codProduct":"PRD_24","levProduct":23,"codDisplay":"DSP_24","codNode":"NODE_24","codDiv":"DIV_24","flgInclusion":true,"articles":[{"idAction":24,"codProduct":"PRD_24","levProduct":23,"codDisplay":"DSP_24","codDiv":"DIV_24","codNode":"NODE_24","codNode1":"LLLLLLLLLLLLL","codNode2":"KKKKKKKKKKKKKKKKK","codNodeN":"MMMMMMMMMMMMMMM"}]}],"measureFields":[]},{"idAction":87,"codProduct":"PRD_87","levProduct":87,"codDisplay":"DSP_87","codDiv":"DIV_87","qtyEstimated":8700.00,"perceDiscount1":8.70,"perceDiscount2":6.70,"numMeasure":0.00,"codMeasure":"MEASURE_87","details":[{"idAction":87,"codProduct":"PRD_87","levProduct":87,"codDisplay":"DSP_87","codNode":"NODE_87","codDiv":"DIV_87","flgInclusion":true,"articles":[{"idAction":87,"codProduct":"PRD_87","levProduct":87,"codDisplay":"DSP_87","codDiv":"DIV_87","codNode":"NODE_87","codNode1":"KHGUYGUH","codNode2":"IUGFTYDGUI","codNodeN":"YFGUHIO"}]}],"measureFields":[]},{"idAction":98,"codProduct":"PRD_3","levProduct":1,"codDisplay":"DSP_3","codDiv":"DIV_3","qtyEstimated":3450.00,"perceDiscount1":0.50,"perceDiscount2":9.00,"numMeasure":676.00,"codMeasure":"MEASURE_3","details":[{"idAction":98,"codProduct":"PRD_3","levProduct":1,"codDisplay":"DSP_3","codNode":"NODE_3","codDiv":"DIV_3","flgInclusion":true,"articles":[{"idAction":98,"codProduct":"PRD_3","levProduct":1,"codDisplay":"DSP_3","codDiv":"DIV_3","codNode":"NODE_3","codNode1":"AAA","codNode2":"BBB","codNodeN":"CCC"}]}],"measureFields":[]},{"idAction":98,"codProduct":"prd_33","levProduct":1,"codDisplay":"dsp_33","codDiv":"div_33","qtyEstimated":4000.00,"perceDiscount1":0.40,"perceDiscount2":0.90,"numMeasure":339.00,"codMeasure":"measure_33","details":[{"idAction":98,"codProduct":"prd_33","levProduct":1,"codDisplay":"dsp_33","codNode":"node_33","codDiv":"div_33","flgInclusion":true,"articles":[{"idAction":98,"codProduct":"prd_33","levProduct":1,"codDisplay":"dsp_33","codDiv":"div_33","codNode":"node_33","codNode1":"ddd","codNode2":"fff","codNodeN":"ggg"}]}],"measureFields":[]},{"idAction":98,"codProduct":"PRD_98","levProduct":98,"codDisplay":"DSP_98","codDiv":"DIV_98","qtyEstimated":34453.00,"perceDiscount1":0.90,"perceDiscount2":3.70,"numMeasure":0.00,"codMeasure":"MEASURE_98","details":[{"idAction":98,"codProduct":"PRD_98","levProduct":98,"codDisplay":"DSP_98","codNode":"NODE_98","codDiv":"DIV_98","flgInclusion":true,"articles":[{"idAction":98,"codProduct":"PRD_98","levProduct":98,"codDisplay":"DSP_98","codDiv":"DIV_98","codNode":"NODE_98","codNode1":"KHQGDKQE","codNode2":"DEQDED","codNodeN":"EEE"}]}],"measureFields":[]},{"idAction":98,"codProduct":"PROD-9000","levProduct":1,"codDisplay":"DISP-9000","codDiv":"DIV-9000","qtyEstimated":2000.00,"perceDiscount1":0.60,"perceDiscount2":0.90,"numMeasure":66.00,"codMeasure":"measure_9000","details":[{"idAction":98,"codProduct":"PROD-9000","levProduct":1,"codDisplay":"DISP-9000","codNode":"NODE-9000","codDiv":"DIV-9000","flgInclusion":true,"articles":[{"idAction":98,"codProduct":"PROD-9000","levProduct":1,"codDisplay":"DISP-9000","codDiv":"DIV-9000","codNode":"NODE-9000","codNode1":"A1","codNode2":null,"codNodeN":null}]}],"measureFields":[]},{"idAction":321,"codProduct":"PRD_3","levProduct":1,"codDisplay":"DSP_3","codDiv":"DIV_3","qtyEstimated":3450.00,"perceDiscount1":0.50,"perceDiscount2":9.00,"numMeasure":676.00,"codMeasure":"MEASURE_3","details":[{"idAction":321,"codProduct":"PRD_3","levProduct":1,"codDisplay":"DSP_3","codNode":"NODE_3","codDiv":"DIV_3","flgInclusion":true,"articles":[{"idAction":321,"codProduct":"PRD_3","levProduct":1,"codDisplay":"DSP_3","codDiv":"DIV_3","codNode":"NODE_3","codNode1":"AAA","codNode2":"BBB","codNodeN":"CCC"}]}],"measureFields":[]},{"idAction":321,"codProduct":"prd_33","levProduct":1,"codDisplay":"dsp_33","codDiv":"div_33","qtyEstimated":4000.00,"perceDiscount1":0.40,"perceDiscount2":0.90,"numMeasure":339.00,"codMeasure":"measure_33","details":[{"idAction":321,"codProduct":"prd_33","levProduct":1,"codDisplay":"dsp_33","codNode":"node_33","codDiv":"div_33","flgInclusion":true,"articles":[{"idAction":321,"codProduct":"prd_33","levProduct":1,"codDisplay":"dsp_33","codDiv":"div_33","codNode":"node_33","codNode1":"ddd","codNode2":"fff","codNodeN":"ggg"}]}],"measureFields":[]},{"idAction":321,"codProduct":"PRD_A","levProduct":1,"codDisplay":"DSP_A","codDiv":"DIV_A","qtyEstimated":78765.00,"perceDiscount1":9.80,"perceDiscount2":2.10,"numMeasure":0.00,"codMeasure":"MEASURE_A","details":[{"idAction":321,"codProduct":"PRD_A","levProduct":1,"codDisplay":"DSP_A","codNode":"NODE_A","codDiv":"DIV_A","flgInclusion":true,"articles":[{"idAction":321,"codProduct":"PRD_A","levProduct":1,"codDisplay":"DSP_A","codDiv":"DIV_A","codNode":"NODE_A","codNode1":"KKKKKKKKK","codNode2":"WWWWWWWWWW","codNodeN":"WEEEEEEEE"}]}],"measureFields":[]},{"idAction":321,"codProduct":"PROD-9000","levProduct":1,"codDisplay":"DISP-9000","codDiv":"DIV-9000","qtyEstimated":2000.00,"perceDiscount1":0.60,"perceDiscount2":0.90,"numMeasure":66.00,"codMeasure":"measure_9000","details":[{"idAction":321,"codProduct":"PROD-9000","levProduct":1,"codDisplay":"DISP-9000","codNode":"NODE-9000","codDiv":"DIV-9000","flgInclusion":true,"articles":[{"idAction":321,"codProduct":"PROD-9000","levProduct":1,"codDisplay":"DISP-9000","codDiv":"DIV-9000","codNode":"NODE-9000","codNode1":"A1","codNode2":null,"codNodeN":null}]}],"measureFields":[]},{"idAction":1111,"codProduct":"PRD_1","levProduct":1,"codDisplay":"DIV_1","codDiv":"DIV_1","qtyEstimated":78.00,"perceDiscount1":6.00,"perceDiscount2":8.00,"numMeasure":78788.00,"codMeasure":"1","details":[],"measureFields":[]},{"idAction":1111,"codProduct":"PRD_1","levProduct":1,"codDisplay":"DSP_1","codDiv":"DIV_1","qtyEstimated":11.00,"perceDiscount1":9.80,"perceDiscount2":6.70,"numMeasure":11.00,"codMeasure":"MEASURE_1","details":[{"idAction":1111,"codProduct":"PRD_1","levProduct":1,"codDisplay":"DSP_1","codNode":"NODE_1","codDiv":"DIV_1","flgInclusion":true,"articles":[{"idAction":1111,"codProduct":"PRD_1","levProduct":1,"codDisplay":"DSP_1","codDiv":"DIV_1","codNode":"NODE_1","codNode1":"NN","codNode2":"MM","codNodeN":"ZZ"}]}],"measureFields":[]},{"idAction":1111,"codProduct":"PRD_1111","levProduct":11,"codDisplay":"DSP_1111","codDiv":"DIV_1111","qtyEstimated":6756.00,"perceDiscount1":9.81,"perceDiscount2":8.90,"numMeasure":0.00,"codMeasure":"MEASURE_1111","details":[{"idAction":1111,"codProduct":"PRD_1111","levProduct":11,"codDisplay":"DSP_1111","codNode":"NODE_1111","codDiv":"DIV_1111","flgInclusion":true,"articles":[{"idAction":1111,"codProduct":"PRD_1111","levProduct":11,"codDisplay":"DSP_1111","codDiv":"DIV_1111","codNode":"NODE_1111","codNode1":"CCCCCC","codNode2":"AAAAAAA","codNodeN":"BBBBBBBB"}]}],"measureFields":[]},{"idAction":1111,"codProduct":"PRD_24","levProduct":1,"codDisplay":"DS-_24","codDiv":"DIV_24","qtyEstimated":345.00,"perceDiscount1":0.50,"perceDiscount2":0.90,"numMeasure":8.00,"codMeasure":"MEASURE_24","details":[],"measureFields":[]},{"idAction":1111,"codProduct":"PRD_44","levProduct":1,"codDisplay":"DSP_44","codDiv":"DIC_44","qtyEstimated":44.00,"perceDiscount1":0.10,"perceDiscount2":0.50,"numMeasure":76.00,"codMeasure":"MEASURE_44","details":[],"measureFields":[]},{"idAction":1111,"codProduct":"PRD_765","levProduct":1,"codDisplay":"DSP_567","codDiv":"DIV_765","qtyEstimated":5.60,"perceDiscount1":0.50,"perceDiscount2":0.40,"numMeasure":999.00,"codMeasure":"765","details":[],"measureFields":[]},{"idAction":1111,"codProduct":"PROD-1111","levProduct":1,"codDisplay":"DISP-1111","codDiv":"DIV-1111","qtyEstimated":0.00,"perceDiscount1":0.00,"perceDiscount2":0.00,"numMeasure":1.00,"codMeasure":"EA","details":[{"idAction":1111,"codProduct":"PROD-1111","levProduct":1,"codDisplay":"DISP-1111","codNode":"ddd","codDiv":"DIV5005","flgInclusion":true,"articles":[]}],"measureFields":[]},{"idAction":1111,"codProduct":"PROD-2323","levProduct":1,"codDisplay":"DSP-2323","codDiv":"D-2322","qtyEstimated":2340.00,"perceDiscount1":0.40,"perceDiscount2":45.00,"numMeasure":0.00,"codMeasure":"PALLET","details":[{"idAction":1111,"codProduct":"PROD-2323","levProduct":1,"codDisplay":"DSP-2323","codNode":"NODE-2323","codDiv":"D-2323","flgInclusion":true,"articles":[{"idAction":1111,"codProduct":"PROD-2323","levProduct":1,"codDisplay":"DSP-2323","codDiv":"D-2323","codNode":"NODE-2323","codNode1":"A1-2323","codNode2":"A2-2323","codNodeN":"AN-2323"}]}],"measureFields":[]},{"idAction":2020,"codProduct":"PRD_1","levProduct":1,"codDisplay":"DIV_1","codDiv":"DIV_1","qtyEstimated":78.00,"perceDiscount1":6.00,"perceDiscount2":8.00,"numMeasure":78788.00,"codMeasure":"1","details":[],"measureFields":[]},{"idAction":2020,"codProduct":"PRD_24","levProduct":1,"codDisplay":"DS-_24","codDiv":"DIV_24","qtyEstimated":345.00,"perceDiscount1":0.50,"perceDiscount2":0.90,"numMeasure":8.00,"codMeasure":"MEASURE_24","details":[],"measureFields":[]},{"idAction":2020,"codProduct":"PRD_44","levProduct":1,"codDisplay":"DSP_44","codDiv":"DIC_44","qtyEstimated":44.00,"perceDiscount1":0.10,"perceDiscount2":0.50,"numMeasure":76.00,"codMeasure":"MEASURE_44","details":[],"measureFields":[]},{"idAction":2020,"codProduct":"PRD_765","levProduct":0,"codDisplay":"DSP_765","codDiv":"DIV_765","qtyEstimated":234.00,"perceDiscount1":0.50,"perceDiscount2":0.56,"numMeasure":765.00,"codMeasure":"MEASURE_765","details":[],"measureFields":[]},{"idAction":2020,"codProduct":"PRD_765","levProduct":0,"codDisplay":"DSP-765","codDiv":"DIV_765","qtyEstimated":345.00,"perceDiscount1":3.55,"perceDiscount2":67.00,"numMeasure":765.00,"codMeasure":"MEASURE_765","details":[],"measureFields":[]},{"idAction":2020,"codProduct":"PRD-2020","levProduct":1,"codDisplay":"DSP-2020","codDiv":"D-2020","qtyEstimated":2000.00,"perceDiscount1":11.00,"perceDiscount2":23.00,"numMeasure":0.00,"codMeasure":"BOX","details":[{"idAction":2020,"codProduct":"PRD-2020","levProduct":1,"codDisplay":"DSP-2020","codNode":"NODE-2020","codDiv":"D-2020","flgInclusion":true,"articles":[{"idAction":2020,"codProduct":"PRD-2020","levProduct":1,"codDisplay":"DSP-2020","codDiv":"D-2020","codNode":"NODE-2020","codNode1":"A1-2020","codNode2":"A2-2020","codNodeN":"AN-2020"}]}],"measureFields":[]},{"idAction":2323,"codProduct":"PRD_08","levProduct":0,"codDisplay":"DSP_08","codDiv":"DIV_08","qtyEstimated":11.00,"perceDiscount1":22.00,"perceDiscount2":2.00,"numMeasure":2.00,"codMeasure":"08","details":[],"measureFields":[]},{"idAction":2323,"codProduct":"PRD_1","levProduct":1,"codDisplay":"DIV_1","codDiv":"DIV_1","qtyEstimated":78.00,"perceDiscount1":6.00,"perceDiscount2":8.00,"numMeasure":78788.00,"codMeasure":"1","details":[],"measureFields":[]},{"idAction":2323,"codProduct":"PRD_23","levProduct":0,"codDisplay":"DSP_23","codDiv":"DIV_23","qtyEstimated":28.00,"perceDiscount1":7.00,"perceDiscount2":2.00,"numMeasure":7.00,"codMeasure":"MEASURE_23","details":[],"measureFields":[]},{"idAction":2323,"codProduct":"PRD_24","levProduct":1,"codDisplay":"DS-_24","codDiv":"DIV_24","qtyEstimated":345.00,"perceDiscount1":0.50,"perceDiscount2":0.90,"numMeasure":8.00,"codMeasure":"MEASURE_24","details":[],"measureFields":[]},{"idAction":2323,"codProduct":"PRD_34","levProduct":1,"codDisplay":"DSP_34","codDiv":"DIV_34","qtyEstimated":2345.00,"perceDiscount1":0.60,"perceDiscount2":8.87,"numMeasure":34.00,"codMeasure":"MEASURE_34","details":[],"measureFields":[]},{"idAction":2323,"codProduct":"PRD_44","levProduct":1,"codDisplay":"DSP_44","codDiv":"DIC_44","qtyEstimated":44.00,"perceDiscount1":0.10,"perceDiscount2":0.50,"numMeasure":76.00,"codMeasure":"MEASURE_44","details":[],"measureFields":[]},{"idAction":2323,"codProduct":"PRD_55","levProduct":1,"codDisplay":"DSP_55","codDiv":"DIV_55","qtyEstimated":66.00,"perceDiscount1":0.50,"perceDiscount2":0.10,"numMeasure":34.00,"codMeasure":"55","details":[],"measureFields":[]},{"idAction":2323,"codProduct":"PRD_765","levProduct":0,"codDisplay":"DSP_567","codDiv":"DIV_765","qtyEstimated":5.60,"perceDiscount1":0.50,"perceDiscount2":0.40,"numMeasure":999.00,"codMeasure":"765","details":[],"measureFields":[]},{"idAction":2323,"codProduct":"PROD-2323","levProduct":1,"codDisplay":"DSP-2323","codDiv":"D-2322","qtyEstimated":2340.00,"perceDiscount1":0.40,"perceDiscount2":45.00,"numMeasure":0.00,"codMeasure":"PALLET","details":[{"idAction":2323,"codProduct":"PROD-2323","levProduct":1,"codDisplay":"DSP-2323","codNode":"NODE-2323","codDiv":"D-2323","flgInclusion":true,"articles":[{"idAction":2323,"codProduct":"PROD-2323","levProduct":1,"codDisplay":"DSP-2323","codDiv":"D-2323","codNode":"NODE-2323","codNode1":"A1-2323","codNode2":"A2-2323","codNodeN":"AN-2323"}]}],"measureFields":[]},{"idAction":5005,"codProduct":"PROD-1111","levProduct":1,"codDisplay":"DISP-1111","codDiv":"DIV-1111","qtyEstimated":0.00,"perceDiscount1":0.00,"perceDiscount2":0.00,"numMeasure":1.00,"codMeasure":"EA","details":[{"idAction":5005,"codProduct":"PROD-1111","levProduct":1,"codDisplay":"DISP-1111","codNode":"ddd","codDiv":"DIV5005","flgInclusion":true,"articles":[]}],"measureFields":[]},{"idAction":6000,"codProduct":"PRD_6666","levProduct":1,"codDisplay":"DSP_6666","codDiv":"DIV_6666","qtyEstimated":14.00,"perceDiscount1":0.80,"perceDiscount2":8.90,"numMeasure":654.00,"codMeasure":"MEASURE_6666","details":[],"measureFields":[]},{"idAction":6000,"codProduct":"PRD_99","levProduct":1,"codDisplay":"DSP_99","codDiv":"DIV_99","qtyEstimated":456.00,"perceDiscount1":9.80,"perceDiscount2":7.70,"numMeasure":999.00,"codMeasure":"MEASURE_99","details":[{"idAction":6000,"codProduct":"PRD_99","levProduct":1,"codDisplay":"DSP_99","codNode":"NODE_99","codDiv":"DIV_99","flgInclusion":true,"articles":[{"idAction":6000,"codProduct":"PRD_99","levProduct":1,"codDisplay":"DSP_99","codDiv":"DIV_99","codNode":"NODE_99","codNode1":"HBKK","codNode2":"KHNKH","codNodeN":"IYGFTUFTY"}]}],"measureFields":[]},{"idAction":6000,"codProduct":"PROD-6000","levProduct":1,"codDisplay":"DISP-6000","codDiv":"DIV-6000","qtyEstimated":100.00,"perceDiscount1":15.00,"perceDiscount2":0.00,"numMeasure":1.00,"codMeasure":"UNIT","details":[{"idAction":6000,"codProduct":"PROD-6000","levProduct":1,"codDisplay":"DISP-6000","codNode":"DET-6000","codDiv":"DIV-6000","flgInclusion":true,"articles":[{"idAction":6000,"codProduct":"PROD-6000","levProduct":1,"codDisplay":"DISP-6000","codDiv":"DIV-6000","codNode":"DET-6000","codNode1":"SKU-6001","codNode2":"V-GOLD","codNodeN":"SIZE-XL"}]}],"measureFields":[]},{"idAction":6767,"codProduct":"PRD_7777","levProduct":1,"codDisplay":"DSP_7777","codDiv":"DIV_7777","qtyEstimated":3423.00,"perceDiscount1":9.80,"perceDiscount2":5.60,"numMeasure":3432.00,"codMeasure":"MEASURE_7777","details":[{"idAction":6767,"codProduct":"PRD_7777","levProduct":1,"codDisplay":"DSP_7777","codNode":"NODE_7777","codDiv":"DIV_7777","flgInclusion":true,"articles":[{"idAction":6767,"codProduct":"PRD_7777","levProduct":1,"codDisplay":"DSP_7777","codDiv":"DIV_7777","codNode":"NODE_7777","codNode1":"ABC","codNode2":"DEF","codNodeN":"HBJ"}]}],"measureFields":[]},{"idAction":6767,"codProduct":"PROD-6767","levProduct":1,"codDisplay":"DSP-6767","codDiv":"DIV-6767","qtyEstimated":5000.00,"perceDiscount1":23.50,"perceDiscount2":45.60,"numMeasure":0.00,"codMeasure":"PALLET","details":[{"idAction":6767,"codProduct":"PROD-6767","levProduct":1,"codDisplay":"DSP-6767","codNode":"NODE-6767","codDiv":"DIV-6767","flgInclusion":true,"articles":[{"idAction":6767,"codProduct":"PROD-6767","levProduct":1,"codDisplay":"DSP-6767","codDiv":"DIV-6767","codNode":"NODE-6767","codNode1":"A1-6767","codNode2":"A2-6767","codNodeN":"AN-6767"}]}],"measureFields":[]},{"idAction":7000,"codProduct":"PROD-7000","levProduct":1,"codDisplay":"DISP-7000","codDiv":"DIV-7000","qtyEstimated":500.00,"perceDiscount1":null,"perceDiscount2":null,"numMeasure":null,"codMeasure":null,"details":[],"measureFields":[]},{"idAction":8888,"codProduct":"PROD-5555","levProduct":1,"codDisplay":"DISP-5555","codDiv":"DIV-5555","qtyEstimated":500.00,"perceDiscount1":0.00,"perceDiscount2":0.00,"numMeasure":0.00,"codMeasure":null,"details":[{"idAction":8888,"codProduct":"PROD-5555","levProduct":1,"codDisplay":"DISP-5555","codNode":"NODE-5555","codDiv":"DIV-5555","flgInclusion":true,"articles":[{"idAction":8888,"codProduct":"PROD-5555","levProduct":1,"codDisplay":"DISP-5555","codDiv":"DIV-5555","codNode":"NODE-5555","codNode1":null,"codNode2":null,"codNodeN":null}]}],"measureFields":[]}]
2026-02-03 10:42:31.754 +05:00 [INF] HTTP GET /api/promotions/actions responded 200 in 35.1681 ms
2026-02-03 10:42:31.761 +05:00 [INF] HTTP GET /api/promotions/customer-relations responded 200 in 34.7902 ms
2026-02-03 10:42:31.767 +05:00 [INF] HTTP GET /api/promotions/products responded 200 in 56.9301 ms
2026-02-03 10:42:31.864 +05:00 [INF] HTTP GET /api/promotions/customer-relations responded 200 in 14.6716 ms | User: ali (N/A) | IP: ::1 | RequestBody:  | ResponseBody: [{"idAction":0,"codHier":"5555","codDiv":"div5555","codNode":"f5555","idLevel":1,"dteStart":"2026-01-15T00:00:00","codParentNode":"root","dteEnd":null},{"idAction":0,"codHier":"56","codDiv":"565","codNode":"56","idLevel":55,"dteStart":"2026-01-29T00:44:00","codParentNode":"haseeb","dteEnd":"2026-01-26T00:44:00"},{"idAction":0,"codHier":"H_1","codDiv":"D_1","codNode":"D_1","idLevel":1,"dteStart":"2026-01-30T00:00:00","codParentNode":"ROOT","dteEnd":null},{"idAction":0,"codHier":"H_1","codDiv":"D_1","codNode":"N_1","idLevel":1,"dteStart":"2026-01-30T09:35:43.289","codParentNode":"ROOT","dteEnd":null},{"idAction":0,"codHier":"H_10","codDiv":"DIV_10","codNode":"NODE_10","idLevel":10,"dteStart":"2026-01-01T14:45:00","codParentNode":"ROOT_10","dteEnd":"2026-01-31T14:44:00"},{"idAction":0,"codHier":"H_1111","codDiv":"DIV_1111","codNode":"NODE_1111","idLevel":11,"dteStart":"2026-01-01T17:00:00","codParentNode":"ROOT_1111","dteEnd":"2026-01-30T17:01:00"},{"idAction":0,"codHier":"H_12","codDiv":"DIV_12","codNode":"NODE_12","idLevel":12,"dteStart":"2026-02-03T12:26:00","codParentNode":"ROOT_12","dteEnd":"2026-02-06T12:26:00"},{"idAction":0,"codHier":"H_17","codDiv":"DIV_17","codNode":"NODE_17","idLevel":17,"dteStart":"2026-02-07T15:44:00","codParentNode":"ROOT_17","dteEnd":"2026-02-24T15:44:00"},{"idAction":0,"codHier":"H_19","codDiv":"DIV_19","codNode":"NODE_19","idLevel":19,"dteStart":"2026-02-04T13:59:00","codParentNode":"ROOT_19","dteEnd":"2026-02-05T13:59:00"},{"idAction":0,"codHier":"H_21","codDiv":"DIV_21","codNode":"NODE_21","idLevel":21,"dteStart":"2026-02-05T14:01:00","codParentNode":"ROOT_21","dteEnd":"2026-02-07T14:01:00"},{"idAction":0,"codHier":"H_222","codDiv":"DIV_222","codNode":"NODE_222","idLevel":222,"dteStart":"2026-02-04T12:53:00","codParentNode":"ROOT_222","dteEnd":"2026-02-06T12:53:00"},{"idAction":0,"codHier":"H_24","codDiv":"DIV_24","codNode":"NODE_24","idLevel":24,"dteStart":"2026-02-04T12:48:00","codParentNode":"ROOT_24","dteEnd":"2026-02-05T12:48:00"},{"idAction":0,"codHier":"H_25","codDiv":"DIV_25","codNode":"NODE_25","idLevel":25,"dteStart":"2026-02-10T14:04:00","codParentNode":"ROOT_25","dteEnd":"2026-02-11T14:04:00"},{"idAction":0,"codHier":"H_3","codDiv":"DIV_3","codNode":"NODE_3","idLevel":3,"dteStart":"2026-01-01T10:45:00","codParentNode":"ROOT_3","dteEnd":"2026-01-30T10:44:00"},{"idAction":0,"codHier":"H_5","codDiv":"DIV_5","codNode":"NODE_5","idLevel":5,"dteStart":"2026-01-30T10:50:00","codParentNode":"ROOT_5","dteEnd":"2026-01-31T10:48:00"},{"idAction":0,"codHier":"H_6","codDiv":"DIV_6","codNode":"NODE_6","idLevel":6,"dteStart":"2026-01-30T15:01:00","codParentNode":"ROOT_6","dteEnd":"2026-01-31T15:01:00"},{"idAction":0,"codHier":"H_656565","codDiv":"DIV_656565","codNode":"C_656565","idLevel":9,"dteStart":"2026-01-20T00:00:00","codParentNode":"ROOT","dteEnd":null},{"idAction":0,"codHier":"H_676767","codDiv":"DIV_676767","codNode":"NODE_676767","idLevel":676767,"dteStart":"2026-01-31T00:00:00","codParentNode":"ROOT","dteEnd":null},{"idAction":0,"codHier":"H_7","codDiv":"DIV_7","codNode":"NODE_7","idLevel":7,"dteStart":"2026-02-02T12:04:00","codParentNode":"ROOT_7","dteEnd":"2026-02-04T12:04:00"},{"idAction":0,"codHier":"H_87","codDiv":"DIV_87","codNode":"NODE_87","idLevel":87,"dteStart":"2026-02-06T14:07:00","codParentNode":"ROOT_87","dteEnd":"2026-02-26T14:07:00"},{"idAction":0,"codHier":"H_98","codDiv":"DIV_98","codNode":"NODE_98","idLevel":98,"dteStart":"2026-01-30T18:25:00","codParentNode":"ROOT_98","dteEnd":"2026-01-31T18:25:00"},{"idAction":0,"codHier":"H_999","codDiv":"D_5878","codNode":"N_878","idLevel":8,"dteStart":"2026-01-14T00:00:00","codParentNode":"ROOT","dteEnd":null},{"idAction":0,"codHier":"H_A","codDiv":"DIV_A","codNode":"NODE_A","idLevel":1,"dteStart":"2026-02-01T18:26:00","codParentNode":"ROOT_A","dteEnd":"2026-02-14T18:26:00"},{"idAction":0,"codHier":"H-1010","codDiv":"D-1010","codNode":"C-1010","idLevel":1,"dteStart":"2026-01-01T11:54:00","codParentNode":"root","dteEnd":"2026-01-12T11:54:00"},{"idAction":0,"codHier":"H-11","codDiv":"DIV-11","codNode":"C-11","idLevel":11,"dteStart":"2026-01-01T15:05:00","codParentNode":"ROOT","dteEnd":"2026-01-31T15:05:00"},{"idAction":0,"codHier":"H-1111","codDiv":"DIV-1111","codNode":"CUST-1111","idLevel":10,"dteStart":"2026-01-01T00:00:00","codParentNode":"ROOT","dteEnd":null},{"idAction":0,"codHier":"H-1414","codDiv":"D-1414","codNode":"C-1414","idLevel":4,"dteStart":"2026-01-01T14:45:00","codParentNode":"ROOT","dteEnd":"2026-01-15T14:45:00"},{"idAction":0,"codHier":"H-2","codDiv":"DIV-2","codNode":"CUST-2","idLevel":2,"dteStart":"2026-01-01T12:40:00","codParentNode":"ROOT","dteEnd":"2026-01-16T12:37:00"},{"idAction":0,"codHier":"H-2","codDiv":"DIV-2","codNode":"CUST-2","idLevel":2,"dteStart":"2026-01-21T12:37:00","codParentNode":"ROOT","dteEnd":"2026-01-24T12:37:00"},{"idAction":0,"codHier":"H-2020","codDiv":"D-2020","codNode":"C-2020","idLevel":2,"dteStart":"2026-01-02T12:27:00","codParentNode":"root","dteEnd":"2026-01-30T12:27:00"},{"idAction":0,"codHier":"H-2255","codDiv":"DIV-2255","codNode":"CUST-2255","idLevel":10,"dteStart":"2026-01-01T00:00:00","codParentNode":"ROOT","dteEnd":null},{"idAction":0,"codHier":"H-2323","codDiv":"D-2323","codNode":"C-2323","idLevel":4,"dteStart":"2026-01-01T12:48:00","codParentNode":"ROOT","dteEnd":"2026-01-12T12:49:00"},{"idAction":0,"codHier":"H-3333","codDiv":"DIV-3333","codNode":"CUST-3333","idLevel":10,"dteStart":"2026-01-01T00:00:00","codParentNode":"ROOT","dteEnd":null},{"idAction":0,"codHier":"H-3344","codDiv":"DIV-3345","codNode":"CUST-3345","idLevel":10,"dteStart":"2026-01-01T00:00:00","codParentNode":"ROOT","dteEnd":null},{"idAction":0,"codHier":"H-3345","codDiv":"DIV-3345","codNode":"CUST-3345","idLevel":10,"dteStart":"2026-01-01T00:00:00","codParentNode":"ROOT","dteEnd":null},{"idAction":0,"codHier":"H-4","codDiv":"DIV-4","codNode":"CUST-4","idLevel":4,"dteStart":"2026-01-01T14:44:00","codParentNode":"ROOT","dteEnd":"2026-01-02T14:44:00"},{"idAction":0,"codHier":"H-5555","codDiv":"DIV-5555","codNode":"CUST-5555","idLevel":10,"dteStart":"2026-01-01T00:00:00","codParentNode":"ROOT","dteEnd":null},{"idAction":0,"codHier":"H-6000","codDiv":"DIV-6000","codNode":"CUST-6000","idLevel":10,"dteStart":"2026-01-01T00:00:00","codParentNode":"ROOT","dteEnd":"2026-12-31T00:00:00"},{"idAction":0,"codHier":"H-6666","codDiv":"DIV-6666","codNode":"CUST-6666","idLevel":10,"dteStart":"2026-01-17T01:30:00","codParentNode":"ROOT","dteEnd":"2026-01-18T01:30:00"},{"idAction":0,"codHier":"H-6767","codDiv":"DIV-6767","codNode":"CUST-6767","idLevel":5,"dteStart":"2026-01-01T12:15:00","codParentNode":"ROOT","dteEnd":"2026-01-08T12:15:00"},{"idAction":0,"codHier":"H-7000","codDiv":"DIV-7000","codNode":"CUST-7000","idLevel":10,"dteStart":"2026-01-01T00:00:00","codParentNode":"ROOT","dteEnd":null},{"idAction":0,"codHier":"H-7777","codDiv":"DIV-7777","codNode":"CUST-7777","idLevel":10,"dteStart":"2026-01-01T00:00:00","codParentNode":"ROOT","dteEnd":null},{"idAction":0,"codHier":"H-7878","codDiv":"DIV-7878","codNode":"CUST-7878","idLevel":3,"dteStart":"2026-01-18T11:43:00","codParentNode":"ROOT","dteEnd":"2026-01-19T11:43:00"},{"idAction":0,"codHier":"H-8000","codDiv":"DIV-8000","codNode":"CUST-8000","idLevel":10,"dteStart":"2026-01-01T00:00:00","codParentNode":"ROOT","dteEnd":null},{"idAction":0,"codHier":"H-8888","codDiv":"DIV-8888","codNode":"CUST-8888","idLevel":10,"dteStart":"2026-01-01T00:00:00","codParentNode":"ROOT","dteEnd":null},{"idAction":0,"codHier":"H-9000","codDiv":"DIV-9000","codNode":"CUST-9000","idLevel":10,"dteStart":"2026-01-01T00:00:00","codParentNode":"ROOT","dteEnd":null},{"idAction":0,"codHier":"H-9999","codDiv":"DIV-9999","codNode":"CUST-9999","idLevel":10,"dteStart":"2026-01-01T00:00:00","codParentNode":"ROOT","dteEnd":null},{"idAction":0,"codHier":"HIER_CORP","codDiv":"DIV01","codNode":"NODE_9111","idLevel":1,"dteStart":"2026-01-15T00:00:00","codParentNode":"ROOT_NODE","dteEnd":null}]
2026-02-03 10:42:31.864 +05:00 [INF] HTTP GET /api/promotions/actions responded 200 in 13.8200 ms | User: ali (N/A) | IP: ::1 | RequestBody:  | ResponseBody: [{"idAction":3,"name":"PROMO_3","codDiv":"DIV_3","dteStartSellIn":"2026-02-01T00:00:00","dteEndSellIn":"2026-02-28T00:00:00","dteStartSellOut":"2026-01-25T00:00:00","dteEndSellOut":"2026-01-30T00:00:00","documentKey":"KEY_3","dteToShost":"2026-01-10T00:00:00","levParticipants":3},{"idAction":5,"name":"PROMO_5_5","codDiv":"DIV_5","dteStartSellIn":"2026-02-24T00:00:00","dteEndSellIn":"2026-02-21T00:00:00","dteStartSellOut":"2026-02-24T00:00:00","dteEndSellOut":"2026-02-27T00:00:00","documentKey":"DOC_KEY_is_5","dteToShost":"2026-01-18T00:00:00","levParticipants":55555555},{"idAction":6,"name":"PROMO_6","codDiv":"DIV_6","dteStartSellIn":"2026-02-01T00:00:00","dteEndSellIn":"2026-02-25T00:00:00","dteStartSellOut":"2026-01-15T00:00:00","dteEndSellOut":"2026-01-24T00:00:00","documentKey":"DOCC_6_KEY","dteToShost":"2026-01-15T00:00:00","levParticipants":6},{"idAction":7,"name":"PROMO_7","codDiv":"DIV_7","dteStartSellIn":"2026-02-06T12:05:00","dteEndSellIn":"2026-02-07T12:05:00","dteStartSellOut":"2026-02-08T12:05:00","dteEndSellOut":"2026-02-09T12:05:00","documentKey":"KEY_7","dteToShost":"2026-02-05T12:04:00","levParticipants":7},{"idAction":10,"name":"PROMO_10","codDiv":"DIV_10","dteStartSellIn":"2026-01-30T14:45:00","dteEndSellIn":"2026-01-31T14:45:00","dteStartSellOut":"2026-01-23T14:45:00","dteEndSellOut":"2026-01-24T14:45:00","documentKey":"DOCC_KEY_10","dteToShost":"2026-01-29T14:44:00","levParticipants":10},{"idAction":12,"name":"PROMO_12","codDiv":"DIV_12","dteStartSellIn":"2026-02-06T12:27:00","dteEndSellIn":"2026-02-07T12:27:00","dteStartSellOut":"2026-02-08T12:27:00","dteEndSellOut":"2026-02-09T12:27:00","documentKey":"KEY_12","dteToShost":"2026-02-03T12:26:00","levParticipants":12},{"idAction":24,"name":"PROMO_24","codDiv":"DIV_24","dteStartSellIn":"2026-02-05T12:48:00","dteEndSellIn":"2026-02-06T12:48:00","dteStartSellOut":"2026-02-07T12:48:00","dteEndSellOut":"2026-02-08T12:48:00","documentKey":"KEY_24","dteToShost":"2026-02-03T12:48:00","levParticipants":24},{"idAction":45,"name":"cccc","codDiv":"DIV01","dteStartSellIn":"2026-01-16T00:00:00","dteEndSellIn":"2026-01-17T00:00:00","dteStartSellOut":"2026-01-16T00:00:00","dteEndSellOut":"2026-01-17T00:00:00","documentKey":null,"dteToShost":null,"levParticipants":2},{"idAction":87,"name":"promo_87","codDiv":"DIV_87","dteStartSellIn":"2026-02-07T14:44:00","dteEndSellIn":"2026-02-10T14:44:00","dteStartSellOut":"2026-02-22T14:44:00","dteEndSellOut":"2026-02-26T14:44:00","documentKey":"KEY_87","dteToShost":"2026-02-03T14:44:00","levParticipants":87},{"idAction":98,"name":"PROMO_98","codDiv":"DIV_98","dteStartSellIn":"2026-01-08T18:25:00","dteEndSellIn":"2026-01-17T18:25:00","dteStartSellOut":"2026-01-28T18:25:00","dteEndSellOut":"2026-01-30T18:25:00","documentKey":"DOCC_98","dteToShost":"2026-01-31T18:25:00","levParticipants":98},{"idAction":321,"name":"PROMO_321","codDiv":"DIV_A","dteStartSellIn":"2026-02-01T18:27:00","dteEndSellIn":"2026-02-28T18:27:00","dteStartSellOut":"2026-02-04T18:27:00","dteEndSellOut":"2026-02-23T18:27:00","documentKey":"KEY_A","dteToShost":"2026-02-03T18:27:00","levParticipants":1},{"idAction":1111,"name":"PROMO_1111","codDiv":"DIV_1111","dteStartSellIn":"2026-01-01T17:00:00","dteEndSellIn":"2026-01-30T17:02:00","dteStartSellOut":"2026-01-17T17:02:00","dteEndSellOut":"2026-01-28T17:02:00","documentKey":"1111_DOCC_KEY","dteToShost":"2026-01-13T17:02:00","levParticipants":11},{"idAction":2020,"name":"Spring Special 2020","codDiv":"D-2020","dteStartSellIn":"2026-01-03T12:28:00","dteEndSellIn":"2026-01-04T12:28:00","dteStartSellOut":"2026-01-05T12:28:00","dteEndSellOut":"2026-01-06T12:28:00","documentKey":"DOC-SPRING-2020","dteToShost":"2026-01-02T12:28:00","levParticipants":1},{"idAction":2222,"name":"haseeb","codDiv":"DIV02","dteStartSellIn":"2026-02-01T00:00:00","dteEndSellIn":"2026-01-11T00:00:00","dteStartSellOut":"2026-01-28T00:00:00","dteEndSellOut":"2026-01-30T00:00:00","documentKey":"","dteToShost":null,"levParticipants":2},{"idAction":2323,"name":"Winter Sale Campaign 2323","codDiv":"D-2323","dteStartSellIn":"2026-01-19T14:39:00","dteEndSellIn":"2026-01-20T14:40:00","dteStartSellOut":"2026-01-21T14:40:00","dteEndSellOut":"2026-01-22T14:40:00","documentKey":"DOC-WINTER-2323","dteToShost":"2026-01-30T14:39:00","levParticipants":1},{"idAction":5005,"name":"bbb","codDiv":"DIV5005","dteStartSellIn":"2026-01-23T00:00:00","dteEndSellIn":"2026-01-30T00:00:00","dteStartSellOut":"2026-01-26T00:00:00","dteEndSellOut":"2026-01-18T00:00:00","documentKey":"555553","dteToShost":"2026-01-19T00:00:00","levParticipants":14},{"idAction":6000,"name":"Zero Redundancy Campaign 6000","codDiv":"DIV-6000","dteStartSellIn":"2026-02-01T00:00:00","dteEndSellIn":"2026-02-24T00:00:00","dteStartSellOut":"2026-02-01T00:00:00","dteEndSellOut":"2026-02-28T00:00:00","documentKey":"DOC-6000","dteToShost":"2026-01-05T00:00:00","levParticipants":1},{"idAction":6767,"name":"XTEL Launch Promo 6767","codDiv":"DIV-6767","dteStartSellIn":"2026-02-01T00:00:00","dteEndSellIn":"2026-02-28T00:00:00","dteStartSellOut":"2026-01-22T00:00:00","dteEndSellOut":"2026-01-23T00:00:00","documentKey":"DOC-XTEL-6767","dteToShost":"2026-01-03T00:00:00","levParticipants":1},{"idAction":7000,"name":"Atomic Campaign 7000","codDiv":"DIV-7000","dteStartSellIn":"2026-01-01T00:00:00","dteEndSellIn":"2026-01-31T00:00:00","dteStartSellOut":"2026-02-01T00:00:00","dteEndSellOut":"2026-02-28T00:00:00","documentKey":"DOC-7000","dteToShost":null,"levParticipants":1},{"idAction":8888,"name":"Atomic Campaign 8888 Complete","codDiv":"DIV-8888","dteStartSellIn":"2026-01-01T00:00:00","dteEndSellIn":"2026-01-31T00:00:00","dteStartSellOut":"2026-02-01T00:00:00","dteEndSellOut":"2026-02-28T00:00:00","documentKey":"DOC-8888","dteToShost":null,"levParticipants":1},{"idAction":9000,"name":"Balanced Atomic Campaign 9000","codDiv":"DIV-9000","dteStartSellIn":"2026-01-01T00:00:00","dteEndSellIn":"2026-01-31T00:00:00","dteStartSellOut":"2026-02-01T00:00:00","dteEndSellOut":"2026-02-28T00:00:00","documentKey":"DOC-9000","dteToShost":null,"levParticipants":1},{"idAction":9999,"name":"I should not exist in DB","codDiv":"DIV-9999","dteStartSellIn":"2026-01-01T00:00:00","dteEndSellIn":"2026-01-31T00:00:00","dteStartSellOut":"2026-02-01T00:00:00","dteEndSellOut":"2026-02-28T00:00:00","documentKey":"DOC-9999","dteToShost":null,"levParticipants":1}]
2026-02-03 10:42:31.871 +05:00 [INF] HTTP GET /api/promotions/customer-relations responded 200 in 22.2416 ms
2026-02-03 10:42:31.884 +05:00 [INF] HTTP GET /api/promotions/actions responded 200 in 33.9262 ms
2026-02-03 10:42:31.886 +05:00 [INF] HTTP GET /api/participants/all responded 200 in 14.0725 ms | User: ali (N/A) | IP: ::1 | RequestBody:  | ResponseBody: [{"idAction":3,"codParticipant":"N_1","flgInclusion":true,"codHier":"H_1","codDiv":"D_1","codNode":"N_1","idLevel":1,"dteStart":"2026-01-30T09:35:43.289"},{"idAction":3,"codParticipant":"NODE_3","flgInclusion":true,"codHier":"H_3","codDiv":"DIV_3","codNode":"NODE_3","idLevel":3,"dteStart":"2026-01-01T10:45:00"},{"idAction":3,"codParticipant":"NODE_5","flgInclusion":true,"codHier":"H_5","codDiv":"DIV_5","codNode":"NODE_5","idLevel":5,"dteStart":"2026-01-30T10:50:00"},{"idAction":5,"codParticipant":"NODE_5","flgInclusion":true,"codHier":"H_5","codDiv":"DIV_5","codNode":"NODE_5","idLevel":5,"dteStart":"2026-01-30T10:50:00"},{"idAction":6,"codParticipant":"N_9898","flgInclusion":true,"codHier":"H_999","codDiv":"D_5878","codNode":"N_878","idLevel":8,"dteStart":"2026-01-14T00:00:00"},{"idAction":6,"codParticipant":"NODE_3","flgInclusion":true,"codHier":"H_3","codDiv":"DIV_3","codNode":"NODE_3","idLevel":3,"dteStart":"2026-01-01T10:45:00"},{"idAction":6,"codParticipant":"NODE_5","flgInclusion":true,"codHier":"H_5","codDiv":"DIV_5","codNode":"NODE_5","idLevel":5,"dteStart":"2026-01-30T10:50:00"},{"idAction":6,"codParticipant":"NODE_6","flgInclusion":true,"codHier":"H_6","codDiv":"DIV_6","codNode":"NODE_6","idLevel":6,"dteStart":"2026-01-30T15:01:00"},{"idAction":6,"codParticipant":"NODE_676767","flgInclusion":true,"codHier":"H_676767","codDiv":"DIV_676767","codNode":"NODE_676767","idLevel":676767,"dteStart":"2026-01-31T00:00:00"},{"idAction":6,"codParticipant":"P-9000","flgInclusion":true,"codHier":"H-9000","codDiv":"DIV-9000","codNode":"CUST-9000","idLevel":10,"dteStart":"2026-01-01T00:00:00"},{"idAction":7,"codParticipant":"NODE_7","flgInclusion":true,"codHier":"H_7","codDiv":"DIV_7","codNode":"NODE_7","idLevel":7,"dteStart":"2026-02-02T12:04:00"},{"idAction":10,"codParticipant":"NODE_10","flgInclusion":true,"codHier":"H_10","codDiv":"DIV_10","codNode":"NODE_10","idLevel":10,"dteStart":"2026-01-01T14:45:00"},{"idAction":24,"codParticipant":"NODE_24","flgInclusion":true,"codHier":"H_24","codDiv":"DIV_24","codNode":"NODE_24","idLevel":24,"dteStart":"2026-02-04T12:48:00"},{"idAction":87,"codParticipant":"NODE_87","flgInclusion":true,"codHier":"H_87","codDiv":"DIV_87","codNode":"NODE_87","idLevel":87,"dteStart":"2026-02-06T14:07:00"},{"idAction":98,"codParticipant":"NODE_98","flgInclusion":true,"codHier":"H_98","codDiv":"DIV_98","codNode":"NODE_98","idLevel":98,"dteStart":"2026-01-30T18:25:00"},{"idAction":321,"codParticipant":"NODE_A","flgInclusion":true,"codHier":"H_A","codDiv":"DIV_A","codNode":"NODE_A","idLevel":1,"dteStart":"2026-02-01T18:26:00"},{"idAction":1111,"codParticipant":"NODE_1111","flgInclusion":true,"codHier":"H_1111","codDiv":"DIV_1111","codNode":"NODE_1111","idLevel":11,"dteStart":"2026-01-01T17:00:00"},{"idAction":2323,"codParticipant":"P-2323","flgInclusion":true,"codHier":"H-2323","codDiv":"D-2323","codNode":"C-2323","idLevel":4,"dteStart":"2026-01-01T12:48:00"},{"idAction":5005,"codParticipant":"","flgInclusion":true,"codHier":"H-9999","codDiv":"DIV-9999","codNode":"CUST-9999","idLevel":10,"dteStart":"2026-01-01T00:00:00"},{"idAction":6000,"codParticipant":"P-6000","flgInclusion":true,"codHier":"H-6000","codDiv":"DIV-6000","codNode":"CUST-6000","idLevel":10,"dteStart":"2026-01-01T00:00:00"},{"idAction":6767,"codParticipant":"P-6767","flgInclusion":false,"codHier":"H-6767","codDiv":"DIV-6767","codNode":"CUST-6767","idLevel":5,"dteStart":"2026-01-01T12:15:00"},{"idAction":7000,"codParticipant":"P-7000","flgInclusion":true,"codHier":"H-7000","codDiv":"DIV-7000","codNode":"CUST-7000","idLevel":10,"dteStart":"2026-01-01T00:00:00"},{"idAction":8888,"codParticipant":"P-8888","flgInclusion":true,"codHier":"H-8888","codDiv":"DIV-8888","codNode":"CUST-8888","idLevel":10,"dteStart":"2026-01-01T00:00:00"},{"idAction":9000,"codParticipant":"P-9000","flgInclusion":true,"codHier":"H-9000","codDiv":"DIV-9000","codNode":"CUST-9000","idLevel":10,"dteStart":"2026-01-01T00:00:00"},{"idAction":9999,"codParticipant":"P-9999","flgInclusion":true,"codHier":"H-9999","codDiv":"DIV-9999","codNode":"CUST-9999","idLevel":10,"dteStart":"2026-01-01T00:00:00"}]
2026-02-03 10:42:31.889 +05:00 [INF] HTTP GET /api/participants/all responded 200 in 17.7905 ms
2026-02-03 10:42:31.968 +05:00 [INF] HTTP GET /api/participants/all responded 200 in 7.0986 ms | User: ali (N/A) | IP: ::1 | RequestBody:  | ResponseBody: [{"idAction":3,"codParticipant":"N_1","flgInclusion":true,"codHier":"H_1","codDiv":"D_1","codNode":"N_1","idLevel":1,"dteStart":"2026-01-30T09:35:43.289"},{"idAction":3,"codParticipant":"NODE_3","flgInclusion":true,"codHier":"H_3","codDiv":"DIV_3","codNode":"NODE_3","idLevel":3,"dteStart":"2026-01-01T10:45:00"},{"idAction":3,"codParticipant":"NODE_5","flgInclusion":true,"codHier":"H_5","codDiv":"DIV_5","codNode":"NODE_5","idLevel":5,"dteStart":"2026-01-30T10:50:00"},{"idAction":5,"codParticipant":"NODE_5","flgInclusion":true,"codHier":"H_5","codDiv":"DIV_5","codNode":"NODE_5","idLevel":5,"dteStart":"2026-01-30T10:50:00"},{"idAction":6,"codParticipant":"N_9898","flgInclusion":true,"codHier":"H_999","codDiv":"D_5878","codNode":"N_878","idLevel":8,"dteStart":"2026-01-14T00:00:00"},{"idAction":6,"codParticipant":"NODE_3","flgInclusion":true,"codHier":"H_3","codDiv":"DIV_3","codNode":"NODE_3","idLevel":3,"dteStart":"2026-01-01T10:45:00"},{"idAction":6,"codParticipant":"NODE_5","flgInclusion":true,"codHier":"H_5","codDiv":"DIV_5","codNode":"NODE_5","idLevel":5,"dteStart":"2026-01-30T10:50:00"},{"idAction":6,"codParticipant":"NODE_6","flgInclusion":true,"codHier":"H_6","codDiv":"DIV_6","codNode":"NODE_6","idLevel":6,"dteStart":"2026-01-30T15:01:00"},{"idAction":6,"codParticipant":"NODE_676767","flgInclusion":true,"codHier":"H_676767","codDiv":"DIV_676767","codNode":"NODE_676767","idLevel":676767,"dteStart":"2026-01-31T00:00:00"},{"idAction":6,"codParticipant":"P-9000","flgInclusion":true,"codHier":"H-9000","codDiv":"DIV-9000","codNode":"CUST-9000","idLevel":10,"dteStart":"2026-01-01T00:00:00"},{"idAction":7,"codParticipant":"NODE_7","flgInclusion":true,"codHier":"H_7","codDiv":"DIV_7","codNode":"NODE_7","idLevel":7,"dteStart":"2026-02-02T12:04:00"},{"idAction":10,"codParticipant":"NODE_10","flgInclusion":true,"codHier":"H_10","codDiv":"DIV_10","codNode":"NODE_10","idLevel":10,"dteStart":"2026-01-01T14:45:00"},{"idAction":24,"codParticipant":"NODE_24","flgInclusion":true,"codHier":"H_24","codDiv":"DIV_24","codNode":"NODE_24","idLevel":24,"dteStart":"2026-02-04T12:48:00"},{"idAction":87,"codParticipant":"NODE_87","flgInclusion":true,"codHier":"H_87","codDiv":"DIV_87","codNode":"NODE_87","idLevel":87,"dteStart":"2026-02-06T14:07:00"},{"idAction":98,"codParticipant":"NODE_98","flgInclusion":true,"codHier":"H_98","codDiv":"DIV_98","codNode":"NODE_98","idLevel":98,"dteStart":"2026-01-30T18:25:00"},{"idAction":321,"codParticipant":"NODE_A","flgInclusion":true,"codHier":"H_A","codDiv":"DIV_A","codNode":"NODE_A","idLevel":1,"dteStart":"2026-02-01T18:26:00"},{"idAction":1111,"codParticipant":"NODE_1111","flgInclusion":true,"codHier":"H_1111","codDiv":"DIV_1111","codNode":"NODE_1111","idLevel":11,"dteStart":"2026-01-01T17:00:00"},{"idAction":2323,"codParticipant":"P-2323","flgInclusion":true,"codHier":"H-2323","codDiv":"D-2323","codNode":"C-2323","idLevel":4,"dteStart":"2026-01-01T12:48:00"},{"idAction":5005,"codParticipant":"","flgInclusion":true,"codHier":"H-9999","codDiv":"DIV-9999","codNode":"CUST-9999","idLevel":10,"dteStart":"2026-01-01T00:00:00"},{"idAction":6000,"codParticipant":"P-6000","flgInclusion":true,"codHier":"H-6000","codDiv":"DIV-6000","codNode":"CUST-6000","idLevel":10,"dteStart":"2026-01-01T00:00:00"},{"idAction":6767,"codParticipant":"P-6767","flgInclusion":false,"codHier":"H-6767","codDiv":"DIV-6767","codNode":"CUST-6767","idLevel":5,"dteStart":"2026-01-01T12:15:00"},{"idAction":7000,"codParticipant":"P-7000","flgInclusion":true,"codHier":"H-7000","codDiv":"DIV-7000","codNode":"CUST-7000","idLevel":10,"dteStart":"2026-01-01T00:00:00"},{"idAction":8888,"codParticipant":"P-8888","flgInclusion":true,"codHier":"H-8888","codDiv":"DIV-8888","codNode":"CUST-8888","idLevel":10,"dteStart":"2026-01-01T00:00:00"},{"idAction":9000,"codParticipant":"P-9000","flgInclusion":true,"codHier":"H-9000","codDiv":"DIV-9000","codNode":"CUST-9000","idLevel":10,"dteStart":"2026-01-01T00:00:00"},{"idAction":9999,"codParticipant":"P-9999","flgInclusion":true,"codHier":"H-9999","codDiv":"DIV-9999","codNode":"CUST-9999","idLevel":10,"dteStart":"2026-01-01T00:00:00"}]
2026-02-03 10:42:31.976 +05:00 [INF] HTTP GET /api/participants/all responded 200 in 15.5256 ms
2026-02-03 10:42:31.981 +05:00 [INF] HTTP GET /api/promotions/delivery-points responded 200 in 12.1039 ms | User: ali (N/A) | IP: ::1 | RequestBody:  | ResponseBody: [{"idAction":3,"codDeliveryPoint":"D_1","flgInclusion":true,"codHier":"H_1","codDiv":"D_1","codNode":"D_1","idLevel":1,"dteStart":"2026-01-30T00:00:00"},{"idAction":3,"codDeliveryPoint":"NODE_3","flgInclusion":false,"codHier":"H_3","codDiv":"DIV_3","codNode":"NODE_3","idLevel":3,"dteStart":"2026-01-01T10:45:00"},{"idAction":3,"codDeliveryPoint":"NODE_5","flgInclusion":false,"codHier":"H_5","codDiv":"DIV_5","codNode":"NODE_5","idLevel":5,"dteStart":"2026-01-30T10:50:00"},{"idAction":5,"codDeliveryPoint":"NODE_5","flgInclusion":false,"codHier":"H_5","codDiv":"DIV_5","codNode":"NODE_5","idLevel":5,"dteStart":"2026-01-30T10:50:00"},{"idAction":6,"codDeliveryPoint":"D_1","flgInclusion":true,"codHier":"H_1","codDiv":"D_1","codNode":"D_1","idLevel":1,"dteStart":"2026-01-30T00:00:00"},{"idAction":6,"codDeliveryPoint":"D_656565","flgInclusion":true,"codHier":"H_656565","codDiv":"DIV_656565","codNode":"C_656565","idLevel":9,"dteStart":"2026-01-20T00:00:00"},{"idAction":6,"codDeliveryPoint":"NODE_3","flgInclusion":false,"codHier":"H_3","codDiv":"DIV_3","codNode":"NODE_3","idLevel":3,"dteStart":"2026-01-01T10:45:00"},{"idAction":6,"codDeliveryPoint":"NODE_5","flgInclusion":false,"codHier":"H_5","codDiv":"DIV_5","codNode":"NODE_5","idLevel":5,"dteStart":"2026-01-30T10:50:00"},{"idAction":6,"codDeliveryPoint":"NODE_6","flgInclusion":true,"codHier":"H_6","codDiv":"DIV_6","codNode":"NODE_6","idLevel":6,"dteStart":"2026-01-30T15:01:00"},{"idAction":7,"codDeliveryPoint":"NODE_7","flgInclusion":true,"codHier":"H_7","codDiv":"DIV_7","codNode":"NODE_7","idLevel":7,"dteStart":"2026-02-02T12:04:00"},{"idAction":10,"codDeliveryPoint":"NODE_10","flgInclusion":true,"codHier":"H_10","codDiv":"DIV_10","codNode":"NODE_10","idLevel":10,"dteStart":"2026-01-01T14:45:00"},{"idAction":24,"codDeliveryPoint":"NODE_24","flgInclusion":true,"codHier":"H_24","codDiv":"DIV_24","codNode":"NODE_24","idLevel":24,"dteStart":"2026-02-04T12:48:00"},{"idAction":87,"codDeliveryPoint":"NODE_87","flgInclusion":true,"codHier":"H_87","codDiv":"DIV_87","codNode":"NODE_87","idLevel":87,"dteStart":"2026-02-06T14:07:00"},{"idAction":98,"codDeliveryPoint":"NODE_98","flgInclusion":true,"codHier":"H_98","codDiv":"DIV_98","codNode":"NODE_98","idLevel":98,"dteStart":"2026-01-30T18:25:00"},{"idAction":321,"codDeliveryPoint":"NODE_A","flgInclusion":true,"codHier":"H_A","codDiv":"DIV_A","codNode":"NODE_A","idLevel":1,"dteStart":"2026-02-01T18:26:00"},{"idAction":1111,"codDeliveryPoint":"NODE_1111","flgInclusion":true,"codHier":"H_1111","codDiv":"DIV_1111","codNode":"NODE_1111","idLevel":11,"dteStart":"2026-01-01T17:00:00"},{"idAction":5005,"codDeliveryPoint":"","flgInclusion":true,"codHier":"H-2255","codDiv":"DIV-2255","codNode":"CUST-2255","idLevel":10,"dteStart":"2026-01-01T00:00:00"},{"idAction":6767,"codDeliveryPoint":"DP-6767","flgInclusion":true,"codHier":"H-6767","codDiv":"DIV-6767","codNode":"CUST-6767","idLevel":5,"dteStart":"2026-01-01T12:15:00"},{"idAction":7000,"codDeliveryPoint":"DP-7000","flgInclusion":true,"codHier":"H-7000","codDiv":"DIV-7000","codNode":"CUST-7000","idLevel":10,"dteStart":"2026-01-01T00:00:00"}]
2026-02-03 10:42:31.984 +05:00 [INF] HTTP GET /api/promotions/delivery-points responded 200 in 15.6264 ms
2026-02-03 10:42:32.036 +05:00 [INF] HTTP GET /api/promotions/delivery-points responded 200 in 8.5969 ms | User: ali (N/A) | IP: ::1 | RequestBody:  | ResponseBody: [{"idAction":3,"codDeliveryPoint":"D_1","flgInclusion":true,"codHier":"H_1","codDiv":"D_1","codNode":"D_1","idLevel":1,"dteStart":"2026-01-30T00:00:00"},{"idAction":3,"codDeliveryPoint":"NODE_3","flgInclusion":false,"codHier":"H_3","codDiv":"DIV_3","codNode":"NODE_3","idLevel":3,"dteStart":"2026-01-01T10:45:00"},{"idAction":3,"codDeliveryPoint":"NODE_5","flgInclusion":false,"codHier":"H_5","codDiv":"DIV_5","codNode":"NODE_5","idLevel":5,"dteStart":"2026-01-30T10:50:00"},{"idAction":5,"codDeliveryPoint":"NODE_5","flgInclusion":false,"codHier":"H_5","codDiv":"DIV_5","codNode":"NODE_5","idLevel":5,"dteStart":"2026-01-30T10:50:00"},{"idAction":6,"codDeliveryPoint":"D_1","flgInclusion":true,"codHier":"H_1","codDiv":"D_1","codNode":"D_1","idLevel":1,"dteStart":"2026-01-30T00:00:00"},{"idAction":6,"codDeliveryPoint":"D_656565","flgInclusion":true,"codHier":"H_656565","codDiv":"DIV_656565","codNode":"C_656565","idLevel":9,"dteStart":"2026-01-20T00:00:00"},{"idAction":6,"codDeliveryPoint":"NODE_3","flgInclusion":false,"codHier":"H_3","codDiv":"DIV_3","codNode":"NODE_3","idLevel":3,"dteStart":"2026-01-01T10:45:00"},{"idAction":6,"codDeliveryPoint":"NODE_5","flgInclusion":false,"codHier":"H_5","codDiv":"DIV_5","codNode":"NODE_5","idLevel":5,"dteStart":"2026-01-30T10:50:00"},{"idAction":6,"codDeliveryPoint":"NODE_6","flgInclusion":true,"codHier":"H_6","codDiv":"DIV_6","codNode":"NODE_6","idLevel":6,"dteStart":"2026-01-30T15:01:00"},{"idAction":7,"codDeliveryPoint":"NODE_7","flgInclusion":true,"codHier":"H_7","codDiv":"DIV_7","codNode":"NODE_7","idLevel":7,"dteStart":"2026-02-02T12:04:00"},{"idAction":10,"codDeliveryPoint":"NODE_10","flgInclusion":true,"codHier":"H_10","codDiv":"DIV_10","codNode":"NODE_10","idLevel":10,"dteStart":"2026-01-01T14:45:00"},{"idAction":24,"codDeliveryPoint":"NODE_24","flgInclusion":true,"codHier":"H_24","codDiv":"DIV_24","codNode":"NODE_24","idLevel":24,"dteStart":"2026-02-04T12:48:00"},{"idAction":87,"codDeliveryPoint":"NODE_87","flgInclusion":true,"codHier":"H_87","codDiv":"DIV_87","codNode":"NODE_87","idLevel":87,"dteStart":"2026-02-06T14:07:00"},{"idAction":98,"codDeliveryPoint":"NODE_98","flgInclusion":true,"codHier":"H_98","codDiv":"DIV_98","codNode":"NODE_98","idLevel":98,"dteStart":"2026-01-30T18:25:00"},{"idAction":321,"codDeliveryPoint":"NODE_A","flgInclusion":true,"codHier":"H_A","codDiv":"DIV_A","codNode":"NODE_A","idLevel":1,"dteStart":"2026-02-01T18:26:00"},{"idAction":1111,"codDeliveryPoint":"NODE_1111","flgInclusion":true,"codHier":"H_1111","codDiv":"DIV_1111","codNode":"NODE_1111","idLevel":11,"dteStart":"2026-01-01T17:00:00"},{"idAction":5005,"codDeliveryPoint":"","flgInclusion":true,"codHier":"H-2255","codDiv":"DIV-2255","codNode":"CUST-2255","idLevel":10,"dteStart":"2026-01-01T00:00:00"},{"idAction":6767,"codDeliveryPoint":"DP-6767","flgInclusion":true,"codHier":"H-6767","codDiv":"DIV-6767","codNode":"CUST-6767","idLevel":5,"dteStart":"2026-01-01T12:15:00"},{"idAction":7000,"codDeliveryPoint":"DP-7000","flgInclusion":true,"codHier":"H-7000","codDiv":"DIV-7000","codNode":"CUST-7000","idLevel":10,"dteStart":"2026-01-01T00:00:00"}]
2026-02-03 10:42:32.041 +05:00 [INF] HTTP GET /api/promotions/delivery-points responded 200 in 13.8800 ms
2026-02-03 10:42:40.061 +05:00 [INF] HTTP GET /api/promotions/customer-relations responded 200 in 34.7495 ms | User: ali (N/A) | IP: ::1 | RequestBody:  | ResponseBody: [{"idAction":0,"codHier":"5555","codDiv":"div5555","codNode":"f5555","idLevel":1,"dteStart":"2026-01-15T00:00:00","codParentNode":"root","dteEnd":null},{"idAction":0,"codHier":"56","codDiv":"565","codNode":"56","idLevel":55,"dteStart":"2026-01-29T00:44:00","codParentNode":"haseeb","dteEnd":"2026-01-26T00:44:00"},{"idAction":0,"codHier":"H_1","codDiv":"D_1","codNode":"D_1","idLevel":1,"dteStart":"2026-01-30T00:00:00","codParentNode":"ROOT","dteEnd":null},{"idAction":0,"codHier":"H_1","codDiv":"D_1","codNode":"N_1","idLevel":1,"dteStart":"2026-01-30T09:35:43.289","codParentNode":"ROOT","dteEnd":null},{"idAction":0,"codHier":"H_10","codDiv":"DIV_10","codNode":"NODE_10","idLevel":10,"dteStart":"2026-01-01T14:45:00","codParentNode":"ROOT_10","dteEnd":"2026-01-31T14:44:00"},{"idAction":0,"codHier":"H_1111","codDiv":"DIV_1111","codNode":"NODE_1111","idLevel":11,"dteStart":"2026-01-01T17:00:00","codParentNode":"ROOT_1111","dteEnd":"2026-01-30T17:01:00"},{"idAction":0,"codHier":"H_12","codDiv":"DIV_12","codNode":"NODE_12","idLevel":12,"dteStart":"2026-02-03T12:26:00","codParentNode":"ROOT_12","dteEnd":"2026-02-06T12:26:00"},{"idAction":0,"codHier":"H_17","codDiv":"DIV_17","codNode":"NODE_17","idLevel":17,"dteStart":"2026-02-07T15:44:00","codParentNode":"ROOT_17","dteEnd":"2026-02-24T15:44:00"},{"idAction":0,"codHier":"H_19","codDiv":"DIV_19","codNode":"NODE_19","idLevel":19,"dteStart":"2026-02-04T13:59:00","codParentNode":"ROOT_19","dteEnd":"2026-02-05T13:59:00"},{"idAction":0,"codHier":"H_21","codDiv":"DIV_21","codNode":"NODE_21","idLevel":21,"dteStart":"2026-02-05T14:01:00","codParentNode":"ROOT_21","dteEnd":"2026-02-07T14:01:00"},{"idAction":0,"codHier":"H_222","codDiv":"DIV_222","codNode":"NODE_222","idLevel":222,"dteStart":"2026-02-04T12:53:00","codParentNode":"ROOT_222","dteEnd":"2026-02-06T12:53:00"},{"idAction":0,"codHier":"H_24","codDiv":"DIV_24","codNode":"NODE_24","idLevel":24,"dteStart":"2026-02-04T12:48:00","codParentNode":"ROOT_24","dteEnd":"2026-02-05T12:48:00"},{"idAction":0,"codHier":"H_25","codDiv":"DIV_25","codNode":"NODE_25","idLevel":25,"dteStart":"2026-02-10T14:04:00","codParentNode":"ROOT_25","dteEnd":"2026-02-11T14:04:00"},{"idAction":0,"codHier":"H_3","codDiv":"DIV_3","codNode":"NODE_3","idLevel":3,"dteStart":"2026-01-01T10:45:00","codParentNode":"ROOT_3","dteEnd":"2026-01-30T10:44:00"},{"idAction":0,"codHier":"H_5","codDiv":"DIV_5","codNode":"NODE_5","idLevel":5,"dteStart":"2026-01-30T10:50:00","codParentNode":"ROOT_5","dteEnd":"2026-01-31T10:48:00"},{"idAction":0,"codHier":"H_6","codDiv":"DIV_6","codNode":"NODE_6","idLevel":6,"dteStart":"2026-01-30T15:01:00","codParentNode":"ROOT_6","dteEnd":"2026-01-31T15:01:00"},{"idAction":0,"codHier":"H_656565","codDiv":"DIV_656565","codNode":"C_656565","idLevel":9,"dteStart":"2026-01-20T00:00:00","codParentNode":"ROOT","dteEnd":null},{"idAction":0,"codHier":"H_676767","codDiv":"DIV_676767","codNode":"NODE_676767","idLevel":676767,"dteStart":"2026-01-31T00:00:00","codParentNode":"ROOT","dteEnd":null},{"idAction":0,"codHier":"H_7","codDiv":"DIV_7","codNode":"NODE_7","idLevel":7,"dteStart":"2026-02-02T12:04:00","codParentNode":"ROOT_7","dteEnd":"2026-02-04T12:04:00"},{"idAction":0,"codHier":"H_87","codDiv":"DIV_87","codNode":"NODE_87","idLevel":87,"dteStart":"2026-02-06T14:07:00","codParentNode":"ROOT_87","dteEnd":"2026-02-26T14:07:00"},{"idAction":0,"codHier":"H_98","codDiv":"DIV_98","codNode":"NODE_98","idLevel":98,"dteStart":"2026-01-30T18:25:00","codParentNode":"ROOT_98","dteEnd":"2026-01-31T18:25:00"},{"idAction":0,"codHier":"H_999","codDiv":"D_5878","codNode":"N_878","idLevel":8,"dteStart":"2026-01-14T00:00:00","codParentNode":"ROOT","dteEnd":null},{"idAction":0,"codHier":"H_A","codDiv":"DIV_A","codNode":"NODE_A","idLevel":1,"dteStart":"2026-02-01T18:26:00","codParentNode":"ROOT_A","dteEnd":"2026-02-14T18:26:00"},{"idAction":0,"codHier":"H-1010","codDiv":"D-1010","codNode":"C-1010","idLevel":1,"dteStart":"2026-01-01T11:54:00","codParentNode":"root","dteEnd":"2026-01-12T11:54:00"},{"idAction":0,"codHier":"H-11","codDiv":"DIV-11","codNode":"C-11","idLevel":11,"dteStart":"2026-01-01T15:05:00","codParentNode":"ROOT","dteEnd":"2026-01-31T15:05:00"},{"idAction":0,"codHier":"H-1111","codDiv":"DIV-1111","codNode":"CUST-1111","idLevel":10,"dteStart":"2026-01-01T00:00:00","codParentNode":"ROOT","dteEnd":null},{"idAction":0,"codHier":"H-1414","codDiv":"D-1414","codNode":"C-1414","idLevel":4,"dteStart":"2026-01-01T14:45:00","codParentNode":"ROOT","dteEnd":"2026-01-15T14:45:00"},{"idAction":0,"codHier":"H-2","codDiv":"DIV-2","codNode":"CUST-2","idLevel":2,"dteStart":"2026-01-01T12:40:00","codParentNode":"ROOT","dteEnd":"2026-01-16T12:37:00"},{"idAction":0,"codHier":"H-2","codDiv":"DIV-2","codNode":"CUST-2","idLevel":2,"dteStart":"2026-01-21T12:37:00","codParentNode":"ROOT","dteEnd":"2026-01-24T12:37:00"},{"idAction":0,"codHier":"H-2020","codDiv":"D-2020","codNode":"C-2020","idLevel":2,"dteStart":"2026-01-02T12:27:00","codParentNode":"root","dteEnd":"2026-01-30T12:27:00"},{"idAction":0,"codHier":"H-2255","codDiv":"DIV-2255","codNode":"CUST-2255","idLevel":10,"dteStart":"2026-01-01T00:00:00","codParentNode":"ROOT","dteEnd":null},{"idAction":0,"codHier":"H-2323","codDiv":"D-2323","codNode":"C-2323","idLevel":4,"dteStart":"2026-01-01T12:48:00","codParentNode":"ROOT","dteEnd":"2026-01-12T12:49:00"},{"idAction":0,"codHier":"H-3333","codDiv":"DIV-3333","codNode":"CUST-3333","idLevel":10,"dteStart":"2026-01-01T00:00:00","codParentNode":"ROOT","dteEnd":null},{"idAction":0,"codHier":"H-3344","codDiv":"DIV-3345","codNode":"CUST-3345","idLevel":10,"dteStart":"2026-01-01T00:00:00","codParentNode":"ROOT","dteEnd":null},{"idAction":0,"codHier":"H-3345","codDiv":"DIV-3345","codNode":"CUST-3345","idLevel":10,"dteStart":"2026-01-01T00:00:00","codParentNode":"ROOT","dteEnd":null},{"idAction":0,"codHier":"H-4","codDiv":"DIV-4","codNode":"CUST-4","idLevel":4,"dteStart":"2026-01-01T14:44:00","codParentNode":"ROOT","dteEnd":"2026-01-02T14:44:00"},{"idAction":0,"codHier":"H-5555","codDiv":"DIV-5555","codNode":"CUST-5555","idLevel":10,"dteStart":"2026-01-01T00:00:00","codParentNode":"ROOT","dteEnd":null},{"idAction":0,"codHier":"H-6000","codDiv":"DIV-6000","codNode":"CUST-6000","idLevel":10,"dteStart":"2026-01-01T00:00:00","codParentNode":"ROOT","dteEnd":"2026-12-31T00:00:00"},{"idAction":0,"codHier":"H-6666","codDiv":"DIV-6666","codNode":"CUST-6666","idLevel":10,"dteStart":"2026-01-17T01:30:00","codParentNode":"ROOT","dteEnd":"2026-01-18T01:30:00"},{"idAction":0,"codHier":"H-6767","codDiv":"DIV-6767","codNode":"CUST-6767","idLevel":5,"dteStart":"2026-01-01T12:15:00","codParentNode":"ROOT","dteEnd":"2026-01-08T12:15:00"},{"idAction":0,"codHier":"H-7000","codDiv":"DIV-7000","codNode":"CUST-7000","idLevel":10,"dteStart":"2026-01-01T00:00:00","codParentNode":"ROOT","dteEnd":null},{"idAction":0,"codHier":"H-7777","codDiv":"DIV-7777","codNode":"CUST-7777","idLevel":10,"dteStart":"2026-01-01T00:00:00","codParentNode":"ROOT","dteEnd":null},{"idAction":0,"codHier":"H-7878","codDiv":"DIV-7878","codNode":"CUST-7878","idLevel":3,"dteStart":"2026-01-18T11:43:00","codParentNode":"ROOT","dteEnd":"2026-01-19T11:43:00"},{"idAction":0,"codHier":"H-8000","codDiv":"DIV-8000","codNode":"CUST-8000","idLevel":10,"dteStart":"2026-01-01T00:00:00","codParentNode":"ROOT","dteEnd":null},{"idAction":0,"codHier":"H-8888","codDiv":"DIV-8888","codNode":"CUST-8888","idLevel":10,"dteStart":"2026-01-01T00:00:00","codParentNode":"ROOT","dteEnd":null},{"idAction":0,"codHier":"H-9000","codDiv":"DIV-9000","codNode":"CUST-9000","idLevel":10,"dteStart":"2026-01-01T00:00:00","codParentNode":"ROOT","dteEnd":null},{"idAction":0,"codHier":"H-9999","codDiv":"DIV-9999","codNode":"CUST-9999","idLevel":10,"dteStart":"2026-01-01T00:00:00","codParentNode":"ROOT","dteEnd":null},{"idAction":0,"codHier":"HIER_CORP","codDiv":"DIV01","codNode":"NODE_9111","idLevel":1,"dteStart":"2026-01-15T00:00:00","codParentNode":"ROOT_NODE","dteEnd":null}]
2026-02-03 10:42:40.069 +05:00 [INF] HTTP GET /api/promotions/actions responded 200 in 42.0287 ms | User: ali (N/A) | IP: ::1 | RequestBody:  | ResponseBody: [{"idAction":3,"name":"PROMO_3","codDiv":"DIV_3","dteStartSellIn":"2026-02-01T00:00:00","dteEndSellIn":"2026-02-28T00:00:00","dteStartSellOut":"2026-01-25T00:00:00","dteEndSellOut":"2026-01-30T00:00:00","documentKey":"KEY_3","dteToShost":"2026-01-10T00:00:00","levParticipants":3},{"idAction":5,"name":"PROMO_5_5","codDiv":"DIV_5","dteStartSellIn":"2026-02-24T00:00:00","dteEndSellIn":"2026-02-21T00:00:00","dteStartSellOut":"2026-02-24T00:00:00","dteEndSellOut":"2026-02-27T00:00:00","documentKey":"DOC_KEY_is_5","dteToShost":"2026-01-18T00:00:00","levParticipants":55555555},{"idAction":6,"name":"PROMO_6","codDiv":"DIV_6","dteStartSellIn":"2026-02-01T00:00:00","dteEndSellIn":"2026-02-25T00:00:00","dteStartSellOut":"2026-01-15T00:00:00","dteEndSellOut":"2026-01-24T00:00:00","documentKey":"DOCC_6_KEY","dteToShost":"2026-01-15T00:00:00","levParticipants":6},{"idAction":7,"name":"PROMO_7","codDiv":"DIV_7","dteStartSellIn":"2026-02-06T12:05:00","dteEndSellIn":"2026-02-07T12:05:00","dteStartSellOut":"2026-02-08T12:05:00","dteEndSellOut":"2026-02-09T12:05:00","documentKey":"KEY_7","dteToShost":"2026-02-05T12:04:00","levParticipants":7},{"idAction":10,"name":"PROMO_10","codDiv":"DIV_10","dteStartSellIn":"2026-01-30T14:45:00","dteEndSellIn":"2026-01-31T14:45:00","dteStartSellOut":"2026-01-23T14:45:00","dteEndSellOut":"2026-01-24T14:45:00","documentKey":"DOCC_KEY_10","dteToShost":"2026-01-29T14:44:00","levParticipants":10},{"idAction":12,"name":"PROMO_12","codDiv":"DIV_12","dteStartSellIn":"2026-02-06T12:27:00","dteEndSellIn":"2026-02-07T12:27:00","dteStartSellOut":"2026-02-08T12:27:00","dteEndSellOut":"2026-02-09T12:27:00","documentKey":"KEY_12","dteToShost":"2026-02-03T12:26:00","levParticipants":12},{"idAction":24,"name":"PROMO_24","codDiv":"DIV_24","dteStartSellIn":"2026-02-05T12:48:00","dteEndSellIn":"2026-02-06T12:48:00","dteStartSellOut":"2026-02-07T12:48:00","dteEndSellOut":"2026-02-08T12:48:00","documentKey":"KEY_24","dteToShost":"2026-02-03T12:48:00","levParticipants":24},{"idAction":45,"name":"cccc","codDiv":"DIV01","dteStartSellIn":"2026-01-16T00:00:00","dteEndSellIn":"2026-01-17T00:00:00","dteStartSellOut":"2026-01-16T00:00:00","dteEndSellOut":"2026-01-17T00:00:00","documentKey":null,"dteToShost":null,"levParticipants":2},{"idAction":87,"name":"promo_87","codDiv":"DIV_87","dteStartSellIn":"2026-02-07T14:44:00","dteEndSellIn":"2026-02-10T14:44:00","dteStartSellOut":"2026-02-22T14:44:00","dteEndSellOut":"2026-02-26T14:44:00","documentKey":"KEY_87","dteToShost":"2026-02-03T14:44:00","levParticipants":87},{"idAction":98,"name":"PROMO_98","codDiv":"DIV_98","dteStartSellIn":"2026-01-08T18:25:00","dteEndSellIn":"2026-01-17T18:25:00","dteStartSellOut":"2026-01-28T18:25:00","dteEndSellOut":"2026-01-30T18:25:00","documentKey":"DOCC_98","dteToShost":"2026-01-31T18:25:00","levParticipants":98},{"idAction":321,"name":"PROMO_321","codDiv":"DIV_A","dteStartSellIn":"2026-02-01T18:27:00","dteEndSellIn":"2026-02-28T18:27:00","dteStartSellOut":"2026-02-04T18:27:00","dteEndSellOut":"2026-02-23T18:27:00","documentKey":"KEY_A","dteToShost":"2026-02-03T18:27:00","levParticipants":1},{"idAction":1111,"name":"PROMO_1111","codDiv":"DIV_1111","dteStartSellIn":"2026-01-01T17:00:00","dteEndSellIn":"2026-01-30T17:02:00","dteStartSellOut":"2026-01-17T17:02:00","dteEndSellOut":"2026-01-28T17:02:00","documentKey":"1111_DOCC_KEY","dteToShost":"2026-01-13T17:02:00","levParticipants":11},{"idAction":2020,"name":"Spring Special 2020","codDiv":"D-2020","dteStartSellIn":"2026-01-03T12:28:00","dteEndSellIn":"2026-01-04T12:28:00","dteStartSellOut":"2026-01-05T12:28:00","dteEndSellOut":"2026-01-06T12:28:00","documentKey":"DOC-SPRING-2020","dteToShost":"2026-01-02T12:28:00","levParticipants":1},{"idAction":2222,"name":"haseeb","codDiv":"DIV02","dteStartSellIn":"2026-02-01T00:00:00","dteEndSellIn":"2026-01-11T00:00:00","dteStartSellOut":"2026-01-28T00:00:00","dteEndSellOut":"2026-01-30T00:00:00","documentKey":"","dteToShost":null,"levParticipants":2},{"idAction":2323,"name":"Winter Sale Campaign 2323","codDiv":"D-2323","dteStartSellIn":"2026-01-19T14:39:00","dteEndSellIn":"2026-01-20T14:40:00","dteStartSellOut":"2026-01-21T14:40:00","dteEndSellOut":"2026-01-22T14:40:00","documentKey":"DOC-WINTER-2323","dteToShost":"2026-01-30T14:39:00","levParticipants":1},{"idAction":5005,"name":"bbb","codDiv":"DIV5005","dteStartSellIn":"2026-01-23T00:00:00","dteEndSellIn":"2026-01-30T00:00:00","dteStartSellOut":"2026-01-26T00:00:00","dteEndSellOut":"2026-01-18T00:00:00","documentKey":"555553","dteToShost":"2026-01-19T00:00:00","levParticipants":14},{"idAction":6000,"name":"Zero Redundancy Campaign 6000","codDiv":"DIV-6000","dteStartSellIn":"2026-02-01T00:00:00","dteEndSellIn":"2026-02-24T00:00:00","dteStartSellOut":"2026-02-01T00:00:00","dteEndSellOut":"2026-02-28T00:00:00","documentKey":"DOC-6000","dteToShost":"2026-01-05T00:00:00","levParticipants":1},{"idAction":6767,"name":"XTEL Launch Promo 6767","codDiv":"DIV-6767","dteStartSellIn":"2026-02-01T00:00:00","dteEndSellIn":"2026-02-28T00:00:00","dteStartSellOut":"2026-01-22T00:00:00","dteEndSellOut":"2026-01-23T00:00:00","documentKey":"DOC-XTEL-6767","dteToShost":"2026-01-03T00:00:00","levParticipants":1},{"idAction":7000,"name":"Atomic Campaign 7000","codDiv":"DIV-7000","dteStartSellIn":"2026-01-01T00:00:00","dteEndSellIn":"2026-01-31T00:00:00","dteStartSellOut":"2026-02-01T00:00:00","dteEndSellOut":"2026-02-28T00:00:00","documentKey":"DOC-7000","dteToShost":null,"levParticipants":1},{"idAction":8888,"name":"Atomic Campaign 8888 Complete","codDiv":"DIV-8888","dteStartSellIn":"2026-01-01T00:00:00","dteEndSellIn":"2026-01-31T00:00:00","dteStartSellOut":"2026-02-01T00:00:00","dteEndSellOut":"2026-02-28T00:00:00","documentKey":"DOC-8888","dteToShost":null,"levParticipants":1},{"idAction":9000,"name":"Balanced Atomic Campaign 9000","codDiv":"DIV-9000","dteStartSellIn":"2026-01-01T00:00:00","dteEndSellIn":"2026-01-31T00:00:00","dteStartSellOut":"2026-02-01T00:00:00","dteEndSellOut":"2026-02-28T00:00:00","documentKey":"DOC-9000","dteToShost":null,"levParticipants":1},{"idAction":9999,"name":"I should not exist in DB","codDiv":"DIV-9999","dteStartSellIn":"2026-01-01T00:00:00","dteEndSellIn":"2026-01-31T00:00:00","dteStartSellOut":"2026-02-01T00:00:00","dteEndSellOut":"2026-02-28T00:00:00","documentKey":"DOC-9999","dteToShost":null,"levParticipants":1}]
2026-02-03 10:42:40.082 +05:00 [INF] HTTP GET /api/promotions/customer-relations responded 200 in 56.4174 ms
2026-02-03 10:42:40.088 +05:00 [INF] HTTP GET /api/promotions/actions responded 200 in 62.4024 ms
2026-02-03 10:42:40.088 +05:00 [INF] HTTP GET /api/promotions/delivery-points responded 200 in 28.3848 ms | User: ali (N/A) | IP: ::1 | RequestBody:  | ResponseBody: [{"idAction":3,"codDeliveryPoint":"D_1","flgInclusion":true,"codHier":"H_1","codDiv":"D_1","codNode":"D_1","idLevel":1,"dteStart":"2026-01-30T00:00:00"},{"idAction":3,"codDeliveryPoint":"NODE_3","flgInclusion":false,"codHier":"H_3","codDiv":"DIV_3","codNode":"NODE_3","idLevel":3,"dteStart":"2026-01-01T10:45:00"},{"idAction":3,"codDeliveryPoint":"NODE_5","flgInclusion":false,"codHier":"H_5","codDiv":"DIV_5","codNode":"NODE_5","idLevel":5,"dteStart":"2026-01-30T10:50:00"},{"idAction":5,"codDeliveryPoint":"NODE_5","flgInclusion":false,"codHier":"H_5","codDiv":"DIV_5","codNode":"NODE_5","idLevel":5,"dteStart":"2026-01-30T10:50:00"},{"idAction":6,"codDeliveryPoint":"D_1","flgInclusion":true,"codHier":"H_1","codDiv":"D_1","codNode":"D_1","idLevel":1,"dteStart":"2026-01-30T00:00:00"},{"idAction":6,"codDeliveryPoint":"D_656565","flgInclusion":true,"codHier":"H_656565","codDiv":"DIV_656565","codNode":"C_656565","idLevel":9,"dteStart":"2026-01-20T00:00:00"},{"idAction":6,"codDeliveryPoint":"NODE_3","flgInclusion":false,"codHier":"H_3","codDiv":"DIV_3","codNode":"NODE_3","idLevel":3,"dteStart":"2026-01-01T10:45:00"},{"idAction":6,"codDeliveryPoint":"NODE_5","flgInclusion":false,"codHier":"H_5","codDiv":"DIV_5","codNode":"NODE_5","idLevel":5,"dteStart":"2026-01-30T10:50:00"},{"idAction":6,"codDeliveryPoint":"NODE_6","flgInclusion":true,"codHier":"H_6","codDiv":"DIV_6","codNode":"NODE_6","idLevel":6,"dteStart":"2026-01-30T15:01:00"},{"idAction":7,"codDeliveryPoint":"NODE_7","flgInclusion":true,"codHier":"H_7","codDiv":"DIV_7","codNode":"NODE_7","idLevel":7,"dteStart":"2026-02-02T12:04:00"},{"idAction":10,"codDeliveryPoint":"NODE_10","flgInclusion":true,"codHier":"H_10","codDiv":"DIV_10","codNode":"NODE_10","idLevel":10,"dteStart":"2026-01-01T14:45:00"},{"idAction":24,"codDeliveryPoint":"NODE_24","flgInclusion":true,"codHier":"H_24","codDiv":"DIV_24","codNode":"NODE_24","idLevel":24,"dteStart":"2026-02-04T12:48:00"},{"idAction":87,"codDeliveryPoint":"NODE_87","flgInclusion":true,"codHier":"H_87","codDiv":"DIV_87","codNode":"NODE_87","idLevel":87,"dteStart":"2026-02-06T14:07:00"},{"idAction":98,"codDeliveryPoint":"NODE_98","flgInclusion":true,"codHier":"H_98","codDiv":"DIV_98","codNode":"NODE_98","idLevel":98,"dteStart":"2026-01-30T18:25:00"},{"idAction":321,"codDeliveryPoint":"NODE_A","flgInclusion":true,"codHier":"H_A","codDiv":"DIV_A","codNode":"NODE_A","idLevel":1,"dteStart":"2026-02-01T18:26:00"},{"idAction":1111,"codDeliveryPoint":"NODE_1111","flgInclusion":true,"codHier":"H_1111","codDiv":"DIV_1111","codNode":"NODE_1111","idLevel":11,"dteStart":"2026-01-01T17:00:00"},{"idAction":5005,"codDeliveryPoint":"","flgInclusion":true,"codHier":"H-2255","codDiv":"DIV-2255","codNode":"CUST-2255","idLevel":10,"dteStart":"2026-01-01T00:00:00"},{"idAction":6767,"codDeliveryPoint":"DP-6767","flgInclusion":true,"codHier":"H-6767","codDiv":"DIV-6767","codNode":"CUST-6767","idLevel":5,"dteStart":"2026-01-01T12:15:00"},{"idAction":7000,"codDeliveryPoint":"DP-7000","flgInclusion":true,"codHier":"H-7000","codDiv":"DIV-7000","codNode":"CUST-7000","idLevel":10,"dteStart":"2026-01-01T00:00:00"}]
2026-02-03 10:42:40.095 +05:00 [INF] HTTP GET /api/promotions/dashboard/metrics responded 200 in 69.2318 ms | User: ali (N/A) | IP: ::1 | RequestBody:  | ResponseBody: {"totalPromotions":22,"totalProducts":57,"totalParticipants":25,"activeActions":5,"pendingActions":5,"expiredActions":12,"estimatedRevenue":0,"activityTrend":[{"dateLabel":"07","active":5,"pending":16,"failed":1},{"dateLabel":"10","active":6,"pending":15,"failed":1},{"dateLabel":"13","active":6,"pending":15,"failed":2},{"dateLabel":"16","active":7,"pending":14,"failed":2},{"dateLabel":"19","active":5,"pending":14,"failed":4},{"dateLabel":"22","active":5,"pending":13,"failed":5},{"dateLabel":"25","active":6,"pending":12,"failed":5},{"dateLabel":"28","active":6,"pending":12,"failed":5},{"dateLabel":"31","active":1,"pending":11,"failed":11},{"dateLabel":"03","active":5,"pending":5,"failed":12}]}
2026-02-03 10:42:40.084 +05:00 [INF] HTTP GET /api/participants/all responded 200 in 33.8440 ms | User: ali (N/A) | IP: ::1 | RequestBody:  | ResponseBody: [{"idAction":3,"codParticipant":"N_1","flgInclusion":true,"codHier":"H_1","codDiv":"D_1","codNode":"N_1","idLevel":1,"dteStart":"2026-01-30T09:35:43.289"},{"idAction":3,"codParticipant":"NODE_3","flgInclusion":true,"codHier":"H_3","codDiv":"DIV_3","codNode":"NODE_3","idLevel":3,"dteStart":"2026-01-01T10:45:00"},{"idAction":3,"codParticipant":"NODE_5","flgInclusion":true,"codHier":"H_5","codDiv":"DIV_5","codNode":"NODE_5","idLevel":5,"dteStart":"2026-01-30T10:50:00"},{"idAction":5,"codParticipant":"NODE_5","flgInclusion":true,"codHier":"H_5","codDiv":"DIV_5","codNode":"NODE_5","idLevel":5,"dteStart":"2026-01-30T10:50:00"},{"idAction":6,"codParticipant":"N_9898","flgInclusion":true,"codHier":"H_999","codDiv":"D_5878","codNode":"N_878","idLevel":8,"dteStart":"2026-01-14T00:00:00"},{"idAction":6,"codParticipant":"NODE_3","flgInclusion":true,"codHier":"H_3","codDiv":"DIV_3","codNode":"NODE_3","idLevel":3,"dteStart":"2026-01-01T10:45:00"},{"idAction":6,"codParticipant":"NODE_5","flgInclusion":true,"codHier":"H_5","codDiv":"DIV_5","codNode":"NODE_5","idLevel":5,"dteStart":"2026-01-30T10:50:00"},{"idAction":6,"codParticipant":"NODE_6","flgInclusion":true,"codHier":"H_6","codDiv":"DIV_6","codNode":"NODE_6","idLevel":6,"dteStart":"2026-01-30T15:01:00"},{"idAction":6,"codParticipant":"NODE_676767","flgInclusion":true,"codHier":"H_676767","codDiv":"DIV_676767","codNode":"NODE_676767","idLevel":676767,"dteStart":"2026-01-31T00:00:00"},{"idAction":6,"codParticipant":"P-9000","flgInclusion":true,"codHier":"H-9000","codDiv":"DIV-9000","codNode":"CUST-9000","idLevel":10,"dteStart":"2026-01-01T00:00:00"},{"idAction":7,"codParticipant":"NODE_7","flgInclusion":true,"codHier":"H_7","codDiv":"DIV_7","codNode":"NODE_7","idLevel":7,"dteStart":"2026-02-02T12:04:00"},{"idAction":10,"codParticipant":"NODE_10","flgInclusion":true,"codHier":"H_10","codDiv":"DIV_10","codNode":"NODE_10","idLevel":10,"dteStart":"2026-01-01T14:45:00"},{"idAction":24,"codParticipant":"NODE_24","flgInclusion":true,"codHier":"H_24","codDiv":"DIV_24","codNode":"NODE_24","idLevel":24,"dteStart":"2026-02-04T12:48:00"},{"idAction":87,"codParticipant":"NODE_87","flgInclusion":true,"codHier":"H_87","codDiv":"DIV_87","codNode":"NODE_87","idLevel":87,"dteStart":"2026-02-06T14:07:00"},{"idAction":98,"codParticipant":"NODE_98","flgInclusion":true,"codHier":"H_98","codDiv":"DIV_98","codNode":"NODE_98","idLevel":98,"dteStart":"2026-01-30T18:25:00"},{"idAction":321,"codParticipant":"NODE_A","flgInclusion":true,"codHier":"H_A","codDiv":"DIV_A","codNode":"NODE_A","idLevel":1,"dteStart":"2026-02-01T18:26:00"},{"idAction":1111,"codParticipant":"NODE_1111","flgInclusion":true,"codHier":"H_1111","codDiv":"DIV_1111","codNode":"NODE_1111","idLevel":11,"dteStart":"2026-01-01T17:00:00"},{"idAction":2323,"codParticipant":"P-2323","flgInclusion":true,"codHier":"H-2323","codDiv":"D-2323","codNode":"C-2323","idLevel":4,"dteStart":"2026-01-01T12:48:00"},{"idAction":5005,"codParticipant":"","flgInclusion":true,"codHier":"H-9999","codDiv":"DIV-9999","codNode":"CUST-9999","idLevel":10,"dteStart":"2026-01-01T00:00:00"},{"idAction":6000,"codParticipant":"P-6000","flgInclusion":true,"codHier":"H-6000","codDiv":"DIV-6000","codNode":"CUST-6000","idLevel":10,"dteStart":"2026-01-01T00:00:00"},{"idAction":6767,"codParticipant":"P-6767","flgInclusion":false,"codHier":"H-6767","codDiv":"DIV-6767","codNode":"CUST-6767","idLevel":5,"dteStart":"2026-01-01T12:15:00"},{"idAction":7000,"codParticipant":"P-7000","flgInclusion":true,"codHier":"H-7000","codDiv":"DIV-7000","codNode":"CUST-7000","idLevel":10,"dteStart":"2026-01-01T00:00:00"},{"idAction":8888,"codParticipant":"P-8888","flgInclusion":true,"codHier":"H-8888","codDiv":"DIV-8888","codNode":"CUST-8888","idLevel":10,"dteStart":"2026-01-01T00:00:00"},{"idAction":9000,"codParticipant":"P-9000","flgInclusion":true,"codHier":"H-9000","codDiv":"DIV-9000","codNode":"CUST-9000","idLevel":10,"dteStart":"2026-01-01T00:00:00"},{"idAction":9999,"codParticipant":"P-9999","flgInclusion":true,"codHier":"H-9999","codDiv":"DIV-9999","codNode":"CUST-9999","idLevel":10,"dteStart":"2026-01-01T00:00:00"}]
2026-02-03 10:42:40.099 +05:00 [INF] HTTP GET /api/promotions/delivery-points responded 200 in 39.9409 ms
2026-02-03 10:42:40.103 +05:00 [INF] HTTP GET /api/promotions/dashboard/metrics responded 200 in 77.3389 ms
2026-02-03 10:42:40.111 +05:00 [INF] HTTP GET /api/participants/all responded 200 in 61.1697 ms
2026-02-03 10:42:40.227 +05:00 [INF] HTTP GET /api/promotions/customer-relations responded 200 in 9.8726 ms | User: ali (N/A) | IP: ::1 | RequestBody:  | ResponseBody: [{"idAction":0,"codHier":"5555","codDiv":"div5555","codNode":"f5555","idLevel":1,"dteStart":"2026-01-15T00:00:00","codParentNode":"root","dteEnd":null},{"idAction":0,"codHier":"56","codDiv":"565","codNode":"56","idLevel":55,"dteStart":"2026-01-29T00:44:00","codParentNode":"haseeb","dteEnd":"2026-01-26T00:44:00"},{"idAction":0,"codHier":"H_1","codDiv":"D_1","codNode":"D_1","idLevel":1,"dteStart":"2026-01-30T00:00:00","codParentNode":"ROOT","dteEnd":null},{"idAction":0,"codHier":"H_1","codDiv":"D_1","codNode":"N_1","idLevel":1,"dteStart":"2026-01-30T09:35:43.289","codParentNode":"ROOT","dteEnd":null},{"idAction":0,"codHier":"H_10","codDiv":"DIV_10","codNode":"NODE_10","idLevel":10,"dteStart":"2026-01-01T14:45:00","codParentNode":"ROOT_10","dteEnd":"2026-01-31T14:44:00"},{"idAction":0,"codHier":"H_1111","codDiv":"DIV_1111","codNode":"NODE_1111","idLevel":11,"dteStart":"2026-01-01T17:00:00","codParentNode":"ROOT_1111","dteEnd":"2026-01-30T17:01:00"},{"idAction":0,"codHier":"H_12","codDiv":"DIV_12","codNode":"NODE_12","idLevel":12,"dteStart":"2026-02-03T12:26:00","codParentNode":"ROOT_12","dteEnd":"2026-02-06T12:26:00"},{"idAction":0,"codHier":"H_17","codDiv":"DIV_17","codNode":"NODE_17","idLevel":17,"dteStart":"2026-02-07T15:44:00","codParentNode":"ROOT_17","dteEnd":"2026-02-24T15:44:00"},{"idAction":0,"codHier":"H_19","codDiv":"DIV_19","codNode":"NODE_19","idLevel":19,"dteStart":"2026-02-04T13:59:00","codParentNode":"ROOT_19","dteEnd":"2026-02-05T13:59:00"},{"idAction":0,"codHier":"H_21","codDiv":"DIV_21","codNode":"NODE_21","idLevel":21,"dteStart":"2026-02-05T14:01:00","codParentNode":"ROOT_21","dteEnd":"2026-02-07T14:01:00"},{"idAction":0,"codHier":"H_222","codDiv":"DIV_222","codNode":"NODE_222","idLevel":222,"dteStart":"2026-02-04T12:53:00","codParentNode":"ROOT_222","dteEnd":"2026-02-06T12:53:00"},{"idAction":0,"codHier":"H_24","codDiv":"DIV_24","codNode":"NODE_24","idLevel":24,"dteStart":"2026-02-04T12:48:00","codParentNode":"ROOT_24","dteEnd":"2026-02-05T12:48:00"},{"idAction":0,"codHier":"H_25","codDiv":"DIV_25","codNode":"NODE_25","idLevel":25,"dteStart":"2026-02-10T14:04:00","codParentNode":"ROOT_25","dteEnd":"2026-02-11T14:04:00"},{"idAction":0,"codHier":"H_3","codDiv":"DIV_3","codNode":"NODE_3","idLevel":3,"dteStart":"2026-01-01T10:45:00","codParentNode":"ROOT_3","dteEnd":"2026-01-30T10:44:00"},{"idAction":0,"codHier":"H_5","codDiv":"DIV_5","codNode":"NODE_5","idLevel":5,"dteStart":"2026-01-30T10:50:00","codParentNode":"ROOT_5","dteEnd":"2026-01-31T10:48:00"},{"idAction":0,"codHier":"H_6","codDiv":"DIV_6","codNode":"NODE_6","idLevel":6,"dteStart":"2026-01-30T15:01:00","codParentNode":"ROOT_6","dteEnd":"2026-01-31T15:01:00"},{"idAction":0,"codHier":"H_656565","codDiv":"DIV_656565","codNode":"C_656565","idLevel":9,"dteStart":"2026-01-20T00:00:00","codParentNode":"ROOT","dteEnd":null},{"idAction":0,"codHier":"H_676767","codDiv":"DIV_676767","codNode":"NODE_676767","idLevel":676767,"dteStart":"2026-01-31T00:00:00","codParentNode":"ROOT","dteEnd":null},{"idAction":0,"codHier":"H_7","codDiv":"DIV_7","codNode":"NODE_7","idLevel":7,"dteStart":"2026-02-02T12:04:00","codParentNode":"ROOT_7","dteEnd":"2026-02-04T12:04:00"},{"idAction":0,"codHier":"H_87","codDiv":"DIV_87","codNode":"NODE_87","idLevel":87,"dteStart":"2026-02-06T14:07:00","codParentNode":"ROOT_87","dteEnd":"2026-02-26T14:07:00"},{"idAction":0,"codHier":"H_98","codDiv":"DIV_98","codNode":"NODE_98","idLevel":98,"dteStart":"2026-01-30T18:25:00","codParentNode":"ROOT_98","dteEnd":"2026-01-31T18:25:00"},{"idAction":0,"codHier":"H_999","codDiv":"D_5878","codNode":"N_878","idLevel":8,"dteStart":"2026-01-14T00:00:00","codParentNode":"ROOT","dteEnd":null},{"idAction":0,"codHier":"H_A","codDiv":"DIV_A","codNode":"NODE_A","idLevel":1,"dteStart":"2026-02-01T18:26:00","codParentNode":"ROOT_A","dteEnd":"2026-02-14T18:26:00"},{"idAction":0,"codHier":"H-1010","codDiv":"D-1010","codNode":"C-1010","idLevel":1,"dteStart":"2026-01-01T11:54:00","codParentNode":"root","dteEnd":"2026-01-12T11:54:00"},{"idAction":0,"codHier":"H-11","codDiv":"DIV-11","codNode":"C-11","idLevel":11,"dteStart":"2026-01-01T15:05:00","codParentNode":"ROOT","dteEnd":"2026-01-31T15:05:00"},{"idAction":0,"codHier":"H-1111","codDiv":"DIV-1111","codNode":"CUST-1111","idLevel":10,"dteStart":"2026-01-01T00:00:00","codParentNode":"ROOT","dteEnd":null},{"idAction":0,"codHier":"H-1414","codDiv":"D-1414","codNode":"C-1414","idLevel":4,"dteStart":"2026-01-01T14:45:00","codParentNode":"ROOT","dteEnd":"2026-01-15T14:45:00"},{"idAction":0,"codHier":"H-2","codDiv":"DIV-2","codNode":"CUST-2","idLevel":2,"dteStart":"2026-01-01T12:40:00","codParentNode":"ROOT","dteEnd":"2026-01-16T12:37:00"},{"idAction":0,"codHier":"H-2","codDiv":"DIV-2","codNode":"CUST-2","idLevel":2,"dteStart":"2026-01-21T12:37:00","codParentNode":"ROOT","dteEnd":"2026-01-24T12:37:00"},{"idAction":0,"codHier":"H-2020","codDiv":"D-2020","codNode":"C-2020","idLevel":2,"dteStart":"2026-01-02T12:27:00","codParentNode":"root","dteEnd":"2026-01-30T12:27:00"},{"idAction":0,"codHier":"H-2255","codDiv":"DIV-2255","codNode":"CUST-2255","idLevel":10,"dteStart":"2026-01-01T00:00:00","codParentNode":"ROOT","dteEnd":null},{"idAction":0,"codHier":"H-2323","codDiv":"D-2323","codNode":"C-2323","idLevel":4,"dteStart":"2026-01-01T12:48:00","codParentNode":"ROOT","dteEnd":"2026-01-12T12:49:00"},{"idAction":0,"codHier":"H-3333","codDiv":"DIV-3333","codNode":"CUST-3333","idLevel":10,"dteStart":"2026-01-01T00:00:00","codParentNode":"ROOT","dteEnd":null},{"idAction":0,"codHier":"H-3344","codDiv":"DIV-3345","codNode":"CUST-3345","idLevel":10,"dteStart":"2026-01-01T00:00:00","codParentNode":"ROOT","dteEnd":null},{"idAction":0,"codHier":"H-3345","codDiv":"DIV-3345","codNode":"CUST-3345","idLevel":10,"dteStart":"2026-01-01T00:00:00","codParentNode":"ROOT","dteEnd":null},{"idAction":0,"codHier":"H-4","codDiv":"DIV-4","codNode":"CUST-4","idLevel":4,"dteStart":"2026-01-01T14:44:00","codParentNode":"ROOT","dteEnd":"2026-01-02T14:44:00"},{"idAction":0,"codHier":"H-5555","codDiv":"DIV-5555","codNode":"CUST-5555","idLevel":10,"dteStart":"2026-01-01T00:00:00","codParentNode":"ROOT","dteEnd":null},{"idAction":0,"codHier":"H-6000","codDiv":"DIV-6000","codNode":"CUST-6000","idLevel":10,"dteStart":"2026-01-01T00:00:00","codParentNode":"ROOT","dteEnd":"2026-12-31T00:00:00"},{"idAction":0,"codHier":"H-6666","codDiv":"DIV-6666","codNode":"CUST-6666","idLevel":10,"dteStart":"2026-01-17T01:30:00","codParentNode":"ROOT","dteEnd":"2026-01-18T01:30:00"},{"idAction":0,"codHier":"H-6767","codDiv":"DIV-6767","codNode":"CUST-6767","idLevel":5,"dteStart":"2026-01-01T12:15:00","codParentNode":"ROOT","dteEnd":"2026-01-08T12:15:00"},{"idAction":0,"codHier":"H-7000","codDiv":"DIV-7000","codNode":"CUST-7000","idLevel":10,"dteStart":"2026-01-01T00:00:00","codParentNode":"ROOT","dteEnd":null},{"idAction":0,"codHier":"H-7777","codDiv":"DIV-7777","codNode":"CUST-7777","idLevel":10,"dteStart":"2026-01-01T00:00:00","codParentNode":"ROOT","dteEnd":null},{"idAction":0,"codHier":"H-7878","codDiv":"DIV-7878","codNode":"CUST-7878","idLevel":3,"dteStart":"2026-01-18T11:43:00","codParentNode":"ROOT","dteEnd":"2026-01-19T11:43:00"},{"idAction":0,"codHier":"H-8000","codDiv":"DIV-8000","codNode":"CUST-8000","idLevel":10,"dteStart":"2026-01-01T00:00:00","codParentNode":"ROOT","dteEnd":null},{"idAction":0,"codHier":"H-8888","codDiv":"DIV-8888","codNode":"CUST-8888","idLevel":10,"dteStart":"2026-01-01T00:00:00","codParentNode":"ROOT","dteEnd":null},{"idAction":0,"codHier":"H-9000","codDiv":"DIV-9000","codNode":"CUST-9000","idLevel":10,"dteStart":"2026-01-01T00:00:00","codParentNode":"ROOT","dteEnd":null},{"idAction":0,"codHier":"H-9999","codDiv":"DIV-9999","codNode":"CUST-9999","idLevel":10,"dteStart":"2026-01-01T00:00:00","codParentNode":"ROOT","dteEnd":null},{"idAction":0,"codHier":"HIER_CORP","codDiv":"DIV01","codNode":"NODE_9111","idLevel":1,"dteStart":"2026-01-15T00:00:00","codParentNode":"ROOT_NODE","dteEnd":null}]
2026-02-03 10:42:40.248 +05:00 [INF] HTTP GET /api/promotions/customer-relations responded 200 in 31.0051 ms
2026-02-03 10:42:40.270 +05:00 [INF] HTTP GET /api/promotions/actions responded 200 in 11.4290 ms | User: ali (N/A) | IP: ::1 | RequestBody:  | ResponseBody: [{"idAction":3,"name":"PROMO_3","codDiv":"DIV_3","dteStartSellIn":"2026-02-01T00:00:00","dteEndSellIn":"2026-02-28T00:00:00","dteStartSellOut":"2026-01-25T00:00:00","dteEndSellOut":"2026-01-30T00:00:00","documentKey":"KEY_3","dteToShost":"2026-01-10T00:00:00","levParticipants":3},{"idAction":5,"name":"PROMO_5_5","codDiv":"DIV_5","dteStartSellIn":"2026-02-24T00:00:00","dteEndSellIn":"2026-02-21T00:00:00","dteStartSellOut":"2026-02-24T00:00:00","dteEndSellOut":"2026-02-27T00:00:00","documentKey":"DOC_KEY_is_5","dteToShost":"2026-01-18T00:00:00","levParticipants":55555555},{"idAction":6,"name":"PROMO_6","codDiv":"DIV_6","dteStartSellIn":"2026-02-01T00:00:00","dteEndSellIn":"2026-02-25T00:00:00","dteStartSellOut":"2026-01-15T00:00:00","dteEndSellOut":"2026-01-24T00:00:00","documentKey":"DOCC_6_KEY","dteToShost":"2026-01-15T00:00:00","levParticipants":6},{"idAction":7,"name":"PROMO_7","codDiv":"DIV_7","dteStartSellIn":"2026-02-06T12:05:00","dteEndSellIn":"2026-02-07T12:05:00","dteStartSellOut":"2026-02-08T12:05:00","dteEndSellOut":"2026-02-09T12:05:00","documentKey":"KEY_7","dteToShost":"2026-02-05T12:04:00","levParticipants":7},{"idAction":10,"name":"PROMO_10","codDiv":"DIV_10","dteStartSellIn":"2026-01-30T14:45:00","dteEndSellIn":"2026-01-31T14:45:00","dteStartSellOut":"2026-01-23T14:45:00","dteEndSellOut":"2026-01-24T14:45:00","documentKey":"DOCC_KEY_10","dteToShost":"2026-01-29T14:44:00","levParticipants":10},{"idAction":12,"name":"PROMO_12","codDiv":"DIV_12","dteStartSellIn":"2026-02-06T12:27:00","dteEndSellIn":"2026-02-07T12:27:00","dteStartSellOut":"2026-02-08T12:27:00","dteEndSellOut":"2026-02-09T12:27:00","documentKey":"KEY_12","dteToShost":"2026-02-03T12:26:00","levParticipants":12},{"idAction":24,"name":"PROMO_24","codDiv":"DIV_24","dteStartSellIn":"2026-02-05T12:48:00","dteEndSellIn":"2026-02-06T12:48:00","dteStartSellOut":"2026-02-07T12:48:00","dteEndSellOut":"2026-02-08T12:48:00","documentKey":"KEY_24","dteToShost":"2026-02-03T12:48:00","levParticipants":24},{"idAction":45,"name":"cccc","codDiv":"DIV01","dteStartSellIn":"2026-01-16T00:00:00","dteEndSellIn":"2026-01-17T00:00:00","dteStartSellOut":"2026-01-16T00:00:00","dteEndSellOut":"2026-01-17T00:00:00","documentKey":null,"dteToShost":null,"levParticipants":2},{"idAction":87,"name":"promo_87","codDiv":"DIV_87","dteStartSellIn":"2026-02-07T14:44:00","dteEndSellIn":"2026-02-10T14:44:00","dteStartSellOut":"2026-02-22T14:44:00","dteEndSellOut":"2026-02-26T14:44:00","documentKey":"KEY_87","dteToShost":"2026-02-03T14:44:00","levParticipants":87},{"idAction":98,"name":"PROMO_98","codDiv":"DIV_98","dteStartSellIn":"2026-01-08T18:25:00","dteEndSellIn":"2026-01-17T18:25:00","dteStartSellOut":"2026-01-28T18:25:00","dteEndSellOut":"2026-01-30T18:25:00","documentKey":"DOCC_98","dteToShost":"2026-01-31T18:25:00","levParticipants":98},{"idAction":321,"name":"PROMO_321","codDiv":"DIV_A","dteStartSellIn":"2026-02-01T18:27:00","dteEndSellIn":"2026-02-28T18:27:00","dteStartSellOut":"2026-02-04T18:27:00","dteEndSellOut":"2026-02-23T18:27:00","documentKey":"KEY_A","dteToShost":"2026-02-03T18:27:00","levParticipants":1},{"idAction":1111,"name":"PROMO_1111","codDiv":"DIV_1111","dteStartSellIn":"2026-01-01T17:00:00","dteEndSellIn":"2026-01-30T17:02:00","dteStartSellOut":"2026-01-17T17:02:00","dteEndSellOut":"2026-01-28T17:02:00","documentKey":"1111_DOCC_KEY","dteToShost":"2026-01-13T17:02:00","levParticipants":11},{"idAction":2020,"name":"Spring Special 2020","codDiv":"D-2020","dteStartSellIn":"2026-01-03T12:28:00","dteEndSellIn":"2026-01-04T12:28:00","dteStartSellOut":"2026-01-05T12:28:00","dteEndSellOut":"2026-01-06T12:28:00","documentKey":"DOC-SPRING-2020","dteToShost":"2026-01-02T12:28:00","levParticipants":1},{"idAction":2222,"name":"haseeb","codDiv":"DIV02","dteStartSellIn":"2026-02-01T00:00:00","dteEndSellIn":"2026-01-11T00:00:00","dteStartSellOut":"2026-01-28T00:00:00","dteEndSellOut":"2026-01-30T00:00:00","documentKey":"","dteToShost":null,"levParticipants":2},{"idAction":2323,"name":"Winter Sale Campaign 2323","codDiv":"D-2323","dteStartSellIn":"2026-01-19T14:39:00","dteEndSellIn":"2026-01-20T14:40:00","dteStartSellOut":"2026-01-21T14:40:00","dteEndSellOut":"2026-01-22T14:40:00","documentKey":"DOC-WINTER-2323","dteToShost":"2026-01-30T14:39:00","levParticipants":1},{"idAction":5005,"name":"bbb","codDiv":"DIV5005","dteStartSellIn":"2026-01-23T00:00:00","dteEndSellIn":"2026-01-30T00:00:00","dteStartSellOut":"2026-01-26T00:00:00","dteEndSellOut":"2026-01-18T00:00:00","documentKey":"555553","dteToShost":"2026-01-19T00:00:00","levParticipants":14},{"idAction":6000,"name":"Zero Redundancy Campaign 6000","codDiv":"DIV-6000","dteStartSellIn":"2026-02-01T00:00:00","dteEndSellIn":"2026-02-24T00:00:00","dteStartSellOut":"2026-02-01T00:00:00","dteEndSellOut":"2026-02-28T00:00:00","documentKey":"DOC-6000","dteToShost":"2026-01-05T00:00:00","levParticipants":1},{"idAction":6767,"name":"XTEL Launch Promo 6767","codDiv":"DIV-6767","dteStartSellIn":"2026-02-01T00:00:00","dteEndSellIn":"2026-02-28T00:00:00","dteStartSellOut":"2026-01-22T00:00:00","dteEndSellOut":"2026-01-23T00:00:00","documentKey":"DOC-XTEL-6767","dteToShost":"2026-01-03T00:00:00","levParticipants":1},{"idAction":7000,"name":"Atomic Campaign 7000","codDiv":"DIV-7000","dteStartSellIn":"2026-01-01T00:00:00","dteEndSellIn":"2026-01-31T00:00:00","dteStartSellOut":"2026-02-01T00:00:00","dteEndSellOut":"2026-02-28T00:00:00","documentKey":"DOC-7000","dteToShost":null,"levParticipants":1},{"idAction":8888,"name":"Atomic Campaign 8888 Complete","codDiv":"DIV-8888","dteStartSellIn":"2026-01-01T00:00:00","dteEndSellIn":"2026-01-31T00:00:00","dteStartSellOut":"2026-02-01T00:00:00","dteEndSellOut":"2026-02-28T00:00:00","documentKey":"DOC-8888","dteToShost":null,"levParticipants":1},{"idAction":9000,"name":"Balanced Atomic Campaign 9000","codDiv":"DIV-9000","dteStartSellIn":"2026-01-01T00:00:00","dteEndSellIn":"2026-01-31T00:00:00","dteStartSellOut":"2026-02-01T00:00:00","dteEndSellOut":"2026-02-28T00:00:00","documentKey":"DOC-9000","dteToShost":null,"levParticipants":1},{"idAction":9999,"name":"I should not exist in DB","codDiv":"DIV-9999","dteStartSellIn":"2026-01-01T00:00:00","dteEndSellIn":"2026-01-31T00:00:00","dteStartSellOut":"2026-02-01T00:00:00","dteEndSellOut":"2026-02-28T00:00:00","documentKey":"DOC-9999","dteToShost":null,"levParticipants":1}]
2026-02-03 10:42:40.270 +05:00 [INF] HTTP GET /api/promotions/delivery-points responded 200 in 11.4739 ms | User: ali (N/A) | IP: ::1 | RequestBody:  | ResponseBody: [{"idAction":3,"codDeliveryPoint":"D_1","flgInclusion":true,"codHier":"H_1","codDiv":"D_1","codNode":"D_1","idLevel":1,"dteStart":"2026-01-30T00:00:00"},{"idAction":3,"codDeliveryPoint":"NODE_3","flgInclusion":false,"codHier":"H_3","codDiv":"DIV_3","codNode":"NODE_3","idLevel":3,"dteStart":"2026-01-01T10:45:00"},{"idAction":3,"codDeliveryPoint":"NODE_5","flgInclusion":false,"codHier":"H_5","codDiv":"DIV_5","codNode":"NODE_5","idLevel":5,"dteStart":"2026-01-30T10:50:00"},{"idAction":5,"codDeliveryPoint":"NODE_5","flgInclusion":false,"codHier":"H_5","codDiv":"DIV_5","codNode":"NODE_5","idLevel":5,"dteStart":"2026-01-30T10:50:00"},{"idAction":6,"codDeliveryPoint":"D_1","flgInclusion":true,"codHier":"H_1","codDiv":"D_1","codNode":"D_1","idLevel":1,"dteStart":"2026-01-30T00:00:00"},{"idAction":6,"codDeliveryPoint":"D_656565","flgInclusion":true,"codHier":"H_656565","codDiv":"DIV_656565","codNode":"C_656565","idLevel":9,"dteStart":"2026-01-20T00:00:00"},{"idAction":6,"codDeliveryPoint":"NODE_3","flgInclusion":false,"codHier":"H_3","codDiv":"DIV_3","codNode":"NODE_3","idLevel":3,"dteStart":"2026-01-01T10:45:00"},{"idAction":6,"codDeliveryPoint":"NODE_5","flgInclusion":false,"codHier":"H_5","codDiv":"DIV_5","codNode":"NODE_5","idLevel":5,"dteStart":"2026-01-30T10:50:00"},{"idAction":6,"codDeliveryPoint":"NODE_6","flgInclusion":true,"codHier":"H_6","codDiv":"DIV_6","codNode":"NODE_6","idLevel":6,"dteStart":"2026-01-30T15:01:00"},{"idAction":7,"codDeliveryPoint":"NODE_7","flgInclusion":true,"codHier":"H_7","codDiv":"DIV_7","codNode":"NODE_7","idLevel":7,"dteStart":"2026-02-02T12:04:00"},{"idAction":10,"codDeliveryPoint":"NODE_10","flgInclusion":true,"codHier":"H_10","codDiv":"DIV_10","codNode":"NODE_10","idLevel":10,"dteStart":"2026-01-01T14:45:00"},{"idAction":24,"codDeliveryPoint":"NODE_24","flgInclusion":true,"codHier":"H_24","codDiv":"DIV_24","codNode":"NODE_24","idLevel":24,"dteStart":"2026-02-04T12:48:00"},{"idAction":87,"codDeliveryPoint":"NODE_87","flgInclusion":true,"codHier":"H_87","codDiv":"DIV_87","codNode":"NODE_87","idLevel":87,"dteStart":"2026-02-06T14:07:00"},{"idAction":98,"codDeliveryPoint":"NODE_98","flgInclusion":true,"codHier":"H_98","codDiv":"DIV_98","codNode":"NODE_98","idLevel":98,"dteStart":"2026-01-30T18:25:00"},{"idAction":321,"codDeliveryPoint":"NODE_A","flgInclusion":true,"codHier":"H_A","codDiv":"DIV_A","codNode":"NODE_A","idLevel":1,"dteStart":"2026-02-01T18:26:00"},{"idAction":1111,"codDeliveryPoint":"NODE_1111","flgInclusion":true,"codHier":"H_1111","codDiv":"DIV_1111","codNode":"NODE_1111","idLevel":11,"dteStart":"2026-01-01T17:00:00"},{"idAction":5005,"codDeliveryPoint":"","flgInclusion":true,"codHier":"H-2255","codDiv":"DIV-2255","codNode":"CUST-2255","idLevel":10,"dteStart":"2026-01-01T00:00:00"},{"idAction":6767,"codDeliveryPoint":"DP-6767","flgInclusion":true,"codHier":"H-6767","codDiv":"DIV-6767","codNode":"CUST-6767","idLevel":5,"dteStart":"2026-01-01T12:15:00"},{"idAction":7000,"codDeliveryPoint":"DP-7000","flgInclusion":true,"codHier":"H-7000","codDiv":"DIV-7000","codNode":"CUST-7000","idLevel":10,"dteStart":"2026-01-01T00:00:00"}]
2026-02-03 10:42:40.283 +05:00 [INF] HTTP GET /api/promotions/actions responded 200 in 24.1318 ms
2026-02-03 10:42:40.288 +05:00 [INF] HTTP GET /api/promotions/delivery-points responded 200 in 29.2383 ms
2026-02-03 10:42:40.304 +05:00 [INF] HTTP GET /api/participants/all responded 200 in 11.9423 ms | User: ali (N/A) | IP: ::1 | RequestBody:  | ResponseBody: [{"idAction":3,"codParticipant":"N_1","flgInclusion":true,"codHier":"H_1","codDiv":"D_1","codNode":"N_1","idLevel":1,"dteStart":"2026-01-30T09:35:43.289"},{"idAction":3,"codParticipant":"NODE_3","flgInclusion":true,"codHier":"H_3","codDiv":"DIV_3","codNode":"NODE_3","idLevel":3,"dteStart":"2026-01-01T10:45:00"},{"idAction":3,"codParticipant":"NODE_5","flgInclusion":true,"codHier":"H_5","codDiv":"DIV_5","codNode":"NODE_5","idLevel":5,"dteStart":"2026-01-30T10:50:00"},{"idAction":5,"codParticipant":"NODE_5","flgInclusion":true,"codHier":"H_5","codDiv":"DIV_5","codNode":"NODE_5","idLevel":5,"dteStart":"2026-01-30T10:50:00"},{"idAction":6,"codParticipant":"N_9898","flgInclusion":true,"codHier":"H_999","codDiv":"D_5878","codNode":"N_878","idLevel":8,"dteStart":"2026-01-14T00:00:00"},{"idAction":6,"codParticipant":"NODE_3","flgInclusion":true,"codHier":"H_3","codDiv":"DIV_3","codNode":"NODE_3","idLevel":3,"dteStart":"2026-01-01T10:45:00"},{"idAction":6,"codParticipant":"NODE_5","flgInclusion":true,"codHier":"H_5","codDiv":"DIV_5","codNode":"NODE_5","idLevel":5,"dteStart":"2026-01-30T10:50:00"},{"idAction":6,"codParticipant":"NODE_6","flgInclusion":true,"codHier":"H_6","codDiv":"DIV_6","codNode":"NODE_6","idLevel":6,"dteStart":"2026-01-30T15:01:00"},{"idAction":6,"codParticipant":"NODE_676767","flgInclusion":true,"codHier":"H_676767","codDiv":"DIV_676767","codNode":"NODE_676767","idLevel":676767,"dteStart":"2026-01-31T00:00:00"},{"idAction":6,"codParticipant":"P-9000","flgInclusion":true,"codHier":"H-9000","codDiv":"DIV-9000","codNode":"CUST-9000","idLevel":10,"dteStart":"2026-01-01T00:00:00"},{"idAction":7,"codParticipant":"NODE_7","flgInclusion":true,"codHier":"H_7","codDiv":"DIV_7","codNode":"NODE_7","idLevel":7,"dteStart":"2026-02-02T12:04:00"},{"idAction":10,"codParticipant":"NODE_10","flgInclusion":true,"codHier":"H_10","codDiv":"DIV_10","codNode":"NODE_10","idLevel":10,"dteStart":"2026-01-01T14:45:00"},{"idAction":24,"codParticipant":"NODE_24","flgInclusion":true,"codHier":"H_24","codDiv":"DIV_24","codNode":"NODE_24","idLevel":24,"dteStart":"2026-02-04T12:48:00"},{"idAction":87,"codParticipant":"NODE_87","flgInclusion":true,"codHier":"H_87","codDiv":"DIV_87","codNode":"NODE_87","idLevel":87,"dteStart":"2026-02-06T14:07:00"},{"idAction":98,"codParticipant":"NODE_98","flgInclusion":true,"codHier":"H_98","codDiv":"DIV_98","codNode":"NODE_98","idLevel":98,"dteStart":"2026-01-30T18:25:00"},{"idAction":321,"codParticipant":"NODE_A","flgInclusion":true,"codHier":"H_A","codDiv":"DIV_A","codNode":"NODE_A","idLevel":1,"dteStart":"2026-02-01T18:26:00"},{"idAction":1111,"codParticipant":"NODE_1111","flgInclusion":true,"codHier":"H_1111","codDiv":"DIV_1111","codNode":"NODE_1111","idLevel":11,"dteStart":"2026-01-01T17:00:00"},{"idAction":2323,"codParticipant":"P-2323","flgInclusion":true,"codHier":"H-2323","codDiv":"D-2323","codNode":"C-2323","idLevel":4,"dteStart":"2026-01-01T12:48:00"},{"idAction":5005,"codParticipant":"","flgInclusion":true,"codHier":"H-9999","codDiv":"DIV-9999","codNode":"CUST-9999","idLevel":10,"dteStart":"2026-01-01T00:00:00"},{"idAction":6000,"codParticipant":"P-6000","flgInclusion":true,"codHier":"H-6000","codDiv":"DIV-6000","codNode":"CUST-6000","idLevel":10,"dteStart":"2026-01-01T00:00:00"},{"idAction":6767,"codParticipant":"P-6767","flgInclusion":false,"codHier":"H-6767","codDiv":"DIV-6767","codNode":"CUST-6767","idLevel":5,"dteStart":"2026-01-01T12:15:00"},{"idAction":7000,"codParticipant":"P-7000","flgInclusion":true,"codHier":"H-7000","codDiv":"DIV-7000","codNode":"CUST-7000","idLevel":10,"dteStart":"2026-01-01T00:00:00"},{"idAction":8888,"codParticipant":"P-8888","flgInclusion":true,"codHier":"H-8888","codDiv":"DIV-8888","codNode":"CUST-8888","idLevel":10,"dteStart":"2026-01-01T00:00:00"},{"idAction":9000,"codParticipant":"P-9000","flgInclusion":true,"codHier":"H-9000","codDiv":"DIV-9000","codNode":"CUST-9000","idLevel":10,"dteStart":"2026-01-01T00:00:00"},{"idAction":9999,"codParticipant":"P-9999","flgInclusion":true,"codHier":"H-9999","codDiv":"DIV-9999","codNode":"CUST-9999","idLevel":10,"dteStart":"2026-01-01T00:00:00"}]
2026-02-03 10:42:40.309 +05:00 [INF] HTTP GET /api/participants/all responded 200 in 17.7008 ms
2026-02-03 10:42:40.314 +05:00 [INF] HTTP GET /api/promotions/dashboard/metrics responded 200 in 17.9769 ms | User: ali (N/A) | IP: ::1 | RequestBody:  | ResponseBody: {"totalPromotions":22,"totalProducts":57,"totalParticipants":25,"activeActions":5,"pendingActions":5,"expiredActions":12,"estimatedRevenue":0,"activityTrend":[{"dateLabel":"07","active":5,"pending":16,"failed":1},{"dateLabel":"10","active":6,"pending":15,"failed":1},{"dateLabel":"13","active":6,"pending":15,"failed":2},{"dateLabel":"16","active":7,"pending":14,"failed":2},{"dateLabel":"19","active":5,"pending":14,"failed":4},{"dateLabel":"22","active":5,"pending":13,"failed":5},{"dateLabel":"25","active":6,"pending":12,"failed":5},{"dateLabel":"28","active":6,"pending":12,"failed":5},{"dateLabel":"31","active":1,"pending":11,"failed":11},{"dateLabel":"03","active":5,"pending":5,"failed":12}]}
2026-02-03 10:42:40.317 +05:00 [INF] HTTP GET /api/promotions/dashboard/metrics responded 200 in 21.2031 ms
2026-02-03 10:42:50.245 +05:00 [INF] HTTP GET /api/participants/all responded 200 in 11.0751 ms | User: ali (N/A) | IP: ::1 | RequestBody:  | ResponseBody: [{"idAction":3,"codParticipant":"N_1","flgInclusion":true,"codHier":"H_1","codDiv":"D_1","codNode":"N_1","idLevel":1,"dteStart":"2026-01-30T09:35:43.289"},{"idAction":3,"codParticipant":"NODE_3","flgInclusion":true,"codHier":"H_3","codDiv":"DIV_3","codNode":"NODE_3","idLevel":3,"dteStart":"2026-01-01T10:45:00"},{"idAction":3,"codParticipant":"NODE_5","flgInclusion":true,"codHier":"H_5","codDiv":"DIV_5","codNode":"NODE_5","idLevel":5,"dteStart":"2026-01-30T10:50:00"},{"idAction":5,"codParticipant":"NODE_5","flgInclusion":true,"codHier":"H_5","codDiv":"DIV_5","codNode":"NODE_5","idLevel":5,"dteStart":"2026-01-30T10:50:00"},{"idAction":6,"codParticipant":"N_9898","flgInclusion":true,"codHier":"H_999","codDiv":"D_5878","codNode":"N_878","idLevel":8,"dteStart":"2026-01-14T00:00:00"},{"idAction":6,"codParticipant":"NODE_3","flgInclusion":true,"codHier":"H_3","codDiv":"DIV_3","codNode":"NODE_3","idLevel":3,"dteStart":"2026-01-01T10:45:00"},{"idAction":6,"codParticipant":"NODE_5","flgInclusion":true,"codHier":"H_5","codDiv":"DIV_5","codNode":"NODE_5","idLevel":5,"dteStart":"2026-01-30T10:50:00"},{"idAction":6,"codParticipant":"NODE_6","flgInclusion":true,"codHier":"H_6","codDiv":"DIV_6","codNode":"NODE_6","idLevel":6,"dteStart":"2026-01-30T15:01:00"},{"idAction":6,"codParticipant":"NODE_676767","flgInclusion":true,"codHier":"H_676767","codDiv":"DIV_676767","codNode":"NODE_676767","idLevel":676767,"dteStart":"2026-01-31T00:00:00"},{"idAction":6,"codParticipant":"P-9000","flgInclusion":true,"codHier":"H-9000","codDiv":"DIV-9000","codNode":"CUST-9000","idLevel":10,"dteStart":"2026-01-01T00:00:00"},{"idAction":7,"codParticipant":"NODE_7","flgInclusion":true,"codHier":"H_7","codDiv":"DIV_7","codNode":"NODE_7","idLevel":7,"dteStart":"2026-02-02T12:04:00"},{"idAction":10,"codParticipant":"NODE_10","flgInclusion":true,"codHier":"H_10","codDiv":"DIV_10","codNode":"NODE_10","idLevel":10,"dteStart":"2026-01-01T14:45:00"},{"idAction":24,"codParticipant":"NODE_24","flgInclusion":true,"codHier":"H_24","codDiv":"DIV_24","codNode":"NODE_24","idLevel":24,"dteStart":"2026-02-04T12:48:00"},{"idAction":87,"codParticipant":"NODE_87","flgInclusion":true,"codHier":"H_87","codDiv":"DIV_87","codNode":"NODE_87","idLevel":87,"dteStart":"2026-02-06T14:07:00"},{"idAction":98,"codParticipant":"NODE_98","flgInclusion":true,"codHier":"H_98","codDiv":"DIV_98","codNode":"NODE_98","idLevel":98,"dteStart":"2026-01-30T18:25:00"},{"idAction":321,"codParticipant":"NODE_A","flgInclusion":true,"codHier":"H_A","codDiv":"DIV_A","codNode":"NODE_A","idLevel":1,"dteStart":"2026-02-01T18:26:00"},{"idAction":1111,"codParticipant":"NODE_1111","flgInclusion":true,"codHier":"H_1111","codDiv":"DIV_1111","codNode":"NODE_1111","idLevel":11,"dteStart":"2026-01-01T17:00:00"},{"idAction":2323,"codParticipant":"P-2323","flgInclusion":true,"codHier":"H-2323","codDiv":"D-2323","codNode":"C-2323","idLevel":4,"dteStart":"2026-01-01T12:48:00"},{"idAction":5005,"codParticipant":"","flgInclusion":true,"codHier":"H-9999","codDiv":"DIV-9999","codNode":"CUST-9999","idLevel":10,"dteStart":"2026-01-01T00:00:00"},{"idAction":6000,"codParticipant":"P-6000","flgInclusion":true,"codHier":"H-6000","codDiv":"DIV-6000","codNode":"CUST-6000","idLevel":10,"dteStart":"2026-01-01T00:00:00"},{"idAction":6767,"codParticipant":"P-6767","flgInclusion":false,"codHier":"H-6767","codDiv":"DIV-6767","codNode":"CUST-6767","idLevel":5,"dteStart":"2026-01-01T12:15:00"},{"idAction":7000,"codParticipant":"P-7000","flgInclusion":true,"codHier":"H-7000","codDiv":"DIV-7000","codNode":"CUST-7000","idLevel":10,"dteStart":"2026-01-01T00:00:00"},{"idAction":8888,"codParticipant":"P-8888","flgInclusion":true,"codHier":"H-8888","codDiv":"DIV-8888","codNode":"CUST-8888","idLevel":10,"dteStart":"2026-01-01T00:00:00"},{"idAction":9000,"codParticipant":"P-9000","flgInclusion":true,"codHier":"H-9000","codDiv":"DIV-9000","codNode":"CUST-9000","idLevel":10,"dteStart":"2026-01-01T00:00:00"},{"idAction":9999,"codParticipant":"P-9999","flgInclusion":true,"codHier":"H-9999","codDiv":"DIV-9999","codNode":"CUST-9999","idLevel":10,"dteStart":"2026-01-01T00:00:00"}]
2026-02-03 10:42:50.251 +05:00 [INF] HTTP GET /api/promotions/customer-relations responded 200 in 7.7883 ms | User: ali (N/A) | IP: ::1 | RequestBody:  | ResponseBody: [{"idAction":0,"codHier":"5555","codDiv":"div5555","codNode":"f5555","idLevel":1,"dteStart":"2026-01-15T00:00:00","codParentNode":"root","dteEnd":null},{"idAction":0,"codHier":"56","codDiv":"565","codNode":"56","idLevel":55,"dteStart":"2026-01-29T00:44:00","codParentNode":"haseeb","dteEnd":"2026-01-26T00:44:00"},{"idAction":0,"codHier":"H_1","codDiv":"D_1","codNode":"D_1","idLevel":1,"dteStart":"2026-01-30T00:00:00","codParentNode":"ROOT","dteEnd":null},{"idAction":0,"codHier":"H_1","codDiv":"D_1","codNode":"N_1","idLevel":1,"dteStart":"2026-01-30T09:35:43.289","codParentNode":"ROOT","dteEnd":null},{"idAction":0,"codHier":"H_10","codDiv":"DIV_10","codNode":"NODE_10","idLevel":10,"dteStart":"2026-01-01T14:45:00","codParentNode":"ROOT_10","dteEnd":"2026-01-31T14:44:00"},{"idAction":0,"codHier":"H_1111","codDiv":"DIV_1111","codNode":"NODE_1111","idLevel":11,"dteStart":"2026-01-01T17:00:00","codParentNode":"ROOT_1111","dteEnd":"2026-01-30T17:01:00"},{"idAction":0,"codHier":"H_12","codDiv":"DIV_12","codNode":"NODE_12","idLevel":12,"dteStart":"2026-02-03T12:26:00","codParentNode":"ROOT_12","dteEnd":"2026-02-06T12:26:00"},{"idAction":0,"codHier":"H_17","codDiv":"DIV_17","codNode":"NODE_17","idLevel":17,"dteStart":"2026-02-07T15:44:00","codParentNode":"ROOT_17","dteEnd":"2026-02-24T15:44:00"},{"idAction":0,"codHier":"H_19","codDiv":"DIV_19","codNode":"NODE_19","idLevel":19,"dteStart":"2026-02-04T13:59:00","codParentNode":"ROOT_19","dteEnd":"2026-02-05T13:59:00"},{"idAction":0,"codHier":"H_21","codDiv":"DIV_21","codNode":"NODE_21","idLevel":21,"dteStart":"2026-02-05T14:01:00","codParentNode":"ROOT_21","dteEnd":"2026-02-07T14:01:00"},{"idAction":0,"codHier":"H_222","codDiv":"DIV_222","codNode":"NODE_222","idLevel":222,"dteStart":"2026-02-04T12:53:00","codParentNode":"ROOT_222","dteEnd":"2026-02-06T12:53:00"},{"idAction":0,"codHier":"H_24","codDiv":"DIV_24","codNode":"NODE_24","idLevel":24,"dteStart":"2026-02-04T12:48:00","codParentNode":"ROOT_24","dteEnd":"2026-02-05T12:48:00"},{"idAction":0,"codHier":"H_25","codDiv":"DIV_25","codNode":"NODE_25","idLevel":25,"dteStart":"2026-02-10T14:04:00","codParentNode":"ROOT_25","dteEnd":"2026-02-11T14:04:00"},{"idAction":0,"codHier":"H_3","codDiv":"DIV_3","codNode":"NODE_3","idLevel":3,"dteStart":"2026-01-01T10:45:00","codParentNode":"ROOT_3","dteEnd":"2026-01-30T10:44:00"},{"idAction":0,"codHier":"H_5","codDiv":"DIV_5","codNode":"NODE_5","idLevel":5,"dteStart":"2026-01-30T10:50:00","codParentNode":"ROOT_5","dteEnd":"2026-01-31T10:48:00"},{"idAction":0,"codHier":"H_6","codDiv":"DIV_6","codNode":"NODE_6","idLevel":6,"dteStart":"2026-01-30T15:01:00","codParentNode":"ROOT_6","dteEnd":"2026-01-31T15:01:00"},{"idAction":0,"codHier":"H_656565","codDiv":"DIV_656565","codNode":"C_656565","idLevel":9,"dteStart":"2026-01-20T00:00:00","codParentNode":"ROOT","dteEnd":null},{"idAction":0,"codHier":"H_676767","codDiv":"DIV_676767","codNode":"NODE_676767","idLevel":676767,"dteStart":"2026-01-31T00:00:00","codParentNode":"ROOT","dteEnd":null},{"idAction":0,"codHier":"H_7","codDiv":"DIV_7","codNode":"NODE_7","idLevel":7,"dteStart":"2026-02-02T12:04:00","codParentNode":"ROOT_7","dteEnd":"2026-02-04T12:04:00"},{"idAction":0,"codHier":"H_87","codDiv":"DIV_87","codNode":"NODE_87","idLevel":87,"dteStart":"2026-02-06T14:07:00","codParentNode":"ROOT_87","dteEnd":"2026-02-26T14:07:00"},{"idAction":0,"codHier":"H_98","codDiv":"DIV_98","codNode":"NODE_98","idLevel":98,"dteStart":"2026-01-30T18:25:00","codParentNode":"ROOT_98","dteEnd":"2026-01-31T18:25:00"},{"idAction":0,"codHier":"H_999","codDiv":"D_5878","codNode":"N_878","idLevel":8,"dteStart":"2026-01-14T00:00:00","codParentNode":"ROOT","dteEnd":null},{"idAction":0,"codHier":"H_A","codDiv":"DIV_A","codNode":"NODE_A","idLevel":1,"dteStart":"2026-02-01T18:26:00","codParentNode":"ROOT_A","dteEnd":"2026-02-14T18:26:00"},{"idAction":0,"codHier":"H-1010","codDiv":"D-1010","codNode":"C-1010","idLevel":1,"dteStart":"2026-01-01T11:54:00","codParentNode":"root","dteEnd":"2026-01-12T11:54:00"},{"idAction":0,"codHier":"H-11","codDiv":"DIV-11","codNode":"C-11","idLevel":11,"dteStart":"2026-01-01T15:05:00","codParentNode":"ROOT","dteEnd":"2026-01-31T15:05:00"},{"idAction":0,"codHier":"H-1111","codDiv":"DIV-1111","codNode":"CUST-1111","idLevel":10,"dteStart":"2026-01-01T00:00:00","codParentNode":"ROOT","dteEnd":null},{"idAction":0,"codHier":"H-1414","codDiv":"D-1414","codNode":"C-1414","idLevel":4,"dteStart":"2026-01-01T14:45:00","codParentNode":"ROOT","dteEnd":"2026-01-15T14:45:00"},{"idAction":0,"codHier":"H-2","codDiv":"DIV-2","codNode":"CUST-2","idLevel":2,"dteStart":"2026-01-01T12:40:00","codParentNode":"ROOT","dteEnd":"2026-01-16T12:37:00"},{"idAction":0,"codHier":"H-2","codDiv":"DIV-2","codNode":"CUST-2","idLevel":2,"dteStart":"2026-01-21T12:37:00","codParentNode":"ROOT","dteEnd":"2026-01-24T12:37:00"},{"idAction":0,"codHier":"H-2020","codDiv":"D-2020","codNode":"C-2020","idLevel":2,"dteStart":"2026-01-02T12:27:00","codParentNode":"root","dteEnd":"2026-01-30T12:27:00"},{"idAction":0,"codHier":"H-2255","codDiv":"DIV-2255","codNode":"CUST-2255","idLevel":10,"dteStart":"2026-01-01T00:00:00","codParentNode":"ROOT","dteEnd":null},{"idAction":0,"codHier":"H-2323","codDiv":"D-2323","codNode":"C-2323","idLevel":4,"dteStart":"2026-01-01T12:48:00","codParentNode":"ROOT","dteEnd":"2026-01-12T12:49:00"},{"idAction":0,"codHier":"H-3333","codDiv":"DIV-3333","codNode":"CUST-3333","idLevel":10,"dteStart":"2026-01-01T00:00:00","codParentNode":"ROOT","dteEnd":null},{"idAction":0,"codHier":"H-3344","codDiv":"DIV-3345","codNode":"CUST-3345","idLevel":10,"dteStart":"2026-01-01T00:00:00","codParentNode":"ROOT","dteEnd":null},{"idAction":0,"codHier":"H-3345","codDiv":"DIV-3345","codNode":"CUST-3345","idLevel":10,"dteStart":"2026-01-01T00:00:00","codParentNode":"ROOT","dteEnd":null},{"idAction":0,"codHier":"H-4","codDiv":"DIV-4","codNode":"CUST-4","idLevel":4,"dteStart":"2026-01-01T14:44:00","codParentNode":"ROOT","dteEnd":"2026-01-02T14:44:00"},{"idAction":0,"codHier":"H-5555","codDiv":"DIV-5555","codNode":"CUST-5555","idLevel":10,"dteStart":"2026-01-01T00:00:00","codParentNode":"ROOT","dteEnd":null},{"idAction":0,"codHier":"H-6000","codDiv":"DIV-6000","codNode":"CUST-6000","idLevel":10,"dteStart":"2026-01-01T00:00:00","codParentNode":"ROOT","dteEnd":"2026-12-31T00:00:00"},{"idAction":0,"codHier":"H-6666","codDiv":"DIV-6666","codNode":"CUST-6666","idLevel":10,"dteStart":"2026-01-17T01:30:00","codParentNode":"ROOT","dteEnd":"2026-01-18T01:30:00"},{"idAction":0,"codHier":"H-6767","codDiv":"DIV-6767","codNode":"CUST-6767","idLevel":5,"dteStart":"2026-01-01T12:15:00","codParentNode":"ROOT","dteEnd":"2026-01-08T12:15:00"},{"idAction":0,"codHier":"H-7000","codDiv":"DIV-7000","codNode":"CUST-7000","idLevel":10,"dteStart":"2026-01-01T00:00:00","codParentNode":"ROOT","dteEnd":null},{"idAction":0,"codHier":"H-7777","codDiv":"DIV-7777","codNode":"CUST-7777","idLevel":10,"dteStart":"2026-01-01T00:00:00","codParentNode":"ROOT","dteEnd":null},{"idAction":0,"codHier":"H-7878","codDiv":"DIV-7878","codNode":"CUST-7878","idLevel":3,"dteStart":"2026-01-18T11:43:00","codParentNode":"ROOT","dteEnd":"2026-01-19T11:43:00"},{"idAction":0,"codHier":"H-8000","codDiv":"DIV-8000","codNode":"CUST-8000","idLevel":10,"dteStart":"2026-01-01T00:00:00","codParentNode":"ROOT","dteEnd":null},{"idAction":0,"codHier":"H-8888","codDiv":"DIV-8888","codNode":"CUST-8888","idLevel":10,"dteStart":"2026-01-01T00:00:00","codParentNode":"ROOT","dteEnd":null},{"idAction":0,"codHier":"H-9000","codDiv":"DIV-9000","codNode":"CUST-9000","idLevel":10,"dteStart":"2026-01-01T00:00:00","codParentNode":"ROOT","dteEnd":null},{"idAction":0,"codHier":"H-9999","codDiv":"DIV-9999","codNode":"CUST-9999","idLevel":10,"dteStart":"2026-01-01T00:00:00","codParentNode":"ROOT","dteEnd":null},{"idAction":0,"codHier":"HIER_CORP","codDiv":"DIV01","codNode":"NODE_9111","idLevel":1,"dteStart":"2026-01-15T00:00:00","codParentNode":"ROOT_NODE","dteEnd":null}]
2026-02-03 10:42:50.254 +05:00 [INF] HTTP GET /api/participants/all responded 200 in 20.0570 ms
2026-02-03 10:42:50.259 +05:00 [INF] HTTP GET /api/promotions/customer-relations responded 200 in 16.2565 ms
2026-02-03 10:42:50.320 +05:00 [INF] HTTP GET /api/participants/all responded 200 in 6.0357 ms | User: ali (N/A) | IP: ::1 | RequestBody:  | ResponseBody: [{"idAction":3,"codParticipant":"N_1","flgInclusion":true,"codHier":"H_1","codDiv":"D_1","codNode":"N_1","idLevel":1,"dteStart":"2026-01-30T09:35:43.289"},{"idAction":3,"codParticipant":"NODE_3","flgInclusion":true,"codHier":"H_3","codDiv":"DIV_3","codNode":"NODE_3","idLevel":3,"dteStart":"2026-01-01T10:45:00"},{"idAction":3,"codParticipant":"NODE_5","flgInclusion":true,"codHier":"H_5","codDiv":"DIV_5","codNode":"NODE_5","idLevel":5,"dteStart":"2026-01-30T10:50:00"},{"idAction":5,"codParticipant":"NODE_5","flgInclusion":true,"codHier":"H_5","codDiv":"DIV_5","codNode":"NODE_5","idLevel":5,"dteStart":"2026-01-30T10:50:00"},{"idAction":6,"codParticipant":"N_9898","flgInclusion":true,"codHier":"H_999","codDiv":"D_5878","codNode":"N_878","idLevel":8,"dteStart":"2026-01-14T00:00:00"},{"idAction":6,"codParticipant":"NODE_3","flgInclusion":true,"codHier":"H_3","codDiv":"DIV_3","codNode":"NODE_3","idLevel":3,"dteStart":"2026-01-01T10:45:00"},{"idAction":6,"codParticipant":"NODE_5","flgInclusion":true,"codHier":"H_5","codDiv":"DIV_5","codNode":"NODE_5","idLevel":5,"dteStart":"2026-01-30T10:50:00"},{"idAction":6,"codParticipant":"NODE_6","flgInclusion":true,"codHier":"H_6","codDiv":"DIV_6","codNode":"NODE_6","idLevel":6,"dteStart":"2026-01-30T15:01:00"},{"idAction":6,"codParticipant":"NODE_676767","flgInclusion":true,"codHier":"H_676767","codDiv":"DIV_676767","codNode":"NODE_676767","idLevel":676767,"dteStart":"2026-01-31T00:00:00"},{"idAction":6,"codParticipant":"P-9000","flgInclusion":true,"codHier":"H-9000","codDiv":"DIV-9000","codNode":"CUST-9000","idLevel":10,"dteStart":"2026-01-01T00:00:00"},{"idAction":7,"codParticipant":"NODE_7","flgInclusion":true,"codHier":"H_7","codDiv":"DIV_7","codNode":"NODE_7","idLevel":7,"dteStart":"2026-02-02T12:04:00"},{"idAction":10,"codParticipant":"NODE_10","flgInclusion":true,"codHier":"H_10","codDiv":"DIV_10","codNode":"NODE_10","idLevel":10,"dteStart":"2026-01-01T14:45:00"},{"idAction":24,"codParticipant":"NODE_24","flgInclusion":true,"codHier":"H_24","codDiv":"DIV_24","codNode":"NODE_24","idLevel":24,"dteStart":"2026-02-04T12:48:00"},{"idAction":87,"codParticipant":"NODE_87","flgInclusion":true,"codHier":"H_87","codDiv":"DIV_87","codNode":"NODE_87","idLevel":87,"dteStart":"2026-02-06T14:07:00"},{"idAction":98,"codParticipant":"NODE_98","flgInclusion":true,"codHier":"H_98","codDiv":"DIV_98","codNode":"NODE_98","idLevel":98,"dteStart":"2026-01-30T18:25:00"},{"idAction":321,"codParticipant":"NODE_A","flgInclusion":true,"codHier":"H_A","codDiv":"DIV_A","codNode":"NODE_A","idLevel":1,"dteStart":"2026-02-01T18:26:00"},{"idAction":1111,"codParticipant":"NODE_1111","flgInclusion":true,"codHier":"H_1111","codDiv":"DIV_1111","codNode":"NODE_1111","idLevel":11,"dteStart":"2026-01-01T17:00:00"},{"idAction":2323,"codParticipant":"P-2323","flgInclusion":true,"codHier":"H-2323","codDiv":"D-2323","codNode":"C-2323","idLevel":4,"dteStart":"2026-01-01T12:48:00"},{"idAction":5005,"codParticipant":"","flgInclusion":true,"codHier":"H-9999","codDiv":"DIV-9999","codNode":"CUST-9999","idLevel":10,"dteStart":"2026-01-01T00:00:00"},{"idAction":6000,"codParticipant":"P-6000","flgInclusion":true,"codHier":"H-6000","codDiv":"DIV-6000","codNode":"CUST-6000","idLevel":10,"dteStart":"2026-01-01T00:00:00"},{"idAction":6767,"codParticipant":"P-6767","flgInclusion":false,"codHier":"H-6767","codDiv":"DIV-6767","codNode":"CUST-6767","idLevel":5,"dteStart":"2026-01-01T12:15:00"},{"idAction":7000,"codParticipant":"P-7000","flgInclusion":true,"codHier":"H-7000","codDiv":"DIV-7000","codNode":"CUST-7000","idLevel":10,"dteStart":"2026-01-01T00:00:00"},{"idAction":8888,"codParticipant":"P-8888","flgInclusion":true,"codHier":"H-8888","codDiv":"DIV-8888","codNode":"CUST-8888","idLevel":10,"dteStart":"2026-01-01T00:00:00"},{"idAction":9000,"codParticipant":"P-9000","flgInclusion":true,"codHier":"H-9000","codDiv":"DIV-9000","codNode":"CUST-9000","idLevel":10,"dteStart":"2026-01-01T00:00:00"},{"idAction":9999,"codParticipant":"P-9999","flgInclusion":true,"codHier":"H-9999","codDiv":"DIV-9999","codNode":"CUST-9999","idLevel":10,"dteStart":"2026-01-01T00:00:00"}]
2026-02-03 10:42:50.332 +05:00 [INF] HTTP GET /api/participants/all responded 200 in 17.9948 ms
2026-02-03 10:42:50.332 +05:00 [INF] HTTP GET /api/promotions/customer-relations responded 200 in 13.1225 ms | User: ali (N/A) | IP: ::1 | RequestBody:  | ResponseBody: [{"idAction":0,"codHier":"5555","codDiv":"div5555","codNode":"f5555","idLevel":1,"dteStart":"2026-01-15T00:00:00","codParentNode":"root","dteEnd":null},{"idAction":0,"codHier":"56","codDiv":"565","codNode":"56","idLevel":55,"dteStart":"2026-01-29T00:44:00","codParentNode":"haseeb","dteEnd":"2026-01-26T00:44:00"},{"idAction":0,"codHier":"H_1","codDiv":"D_1","codNode":"D_1","idLevel":1,"dteStart":"2026-01-30T00:00:00","codParentNode":"ROOT","dteEnd":null},{"idAction":0,"codHier":"H_1","codDiv":"D_1","codNode":"N_1","idLevel":1,"dteStart":"2026-01-30T09:35:43.289","codParentNode":"ROOT","dteEnd":null},{"idAction":0,"codHier":"H_10","codDiv":"DIV_10","codNode":"NODE_10","idLevel":10,"dteStart":"2026-01-01T14:45:00","codParentNode":"ROOT_10","dteEnd":"2026-01-31T14:44:00"},{"idAction":0,"codHier":"H_1111","codDiv":"DIV_1111","codNode":"NODE_1111","idLevel":11,"dteStart":"2026-01-01T17:00:00","codParentNode":"ROOT_1111","dteEnd":"2026-01-30T17:01:00"},{"idAction":0,"codHier":"H_12","codDiv":"DIV_12","codNode":"NODE_12","idLevel":12,"dteStart":"2026-02-03T12:26:00","codParentNode":"ROOT_12","dteEnd":"2026-02-06T12:26:00"},{"idAction":0,"codHier":"H_17","codDiv":"DIV_17","codNode":"NODE_17","idLevel":17,"dteStart":"2026-02-07T15:44:00","codParentNode":"ROOT_17","dteEnd":"2026-02-24T15:44:00"},{"idAction":0,"codHier":"H_19","codDiv":"DIV_19","codNode":"NODE_19","idLevel":19,"dteStart":"2026-02-04T13:59:00","codParentNode":"ROOT_19","dteEnd":"2026-02-05T13:59:00"},{"idAction":0,"codHier":"H_21","codDiv":"DIV_21","codNode":"NODE_21","idLevel":21,"dteStart":"2026-02-05T14:01:00","codParentNode":"ROOT_21","dteEnd":"2026-02-07T14:01:00"},{"idAction":0,"codHier":"H_222","codDiv":"DIV_222","codNode":"NODE_222","idLevel":222,"dteStart":"2026-02-04T12:53:00","codParentNode":"ROOT_222","dteEnd":"2026-02-06T12:53:00"},{"idAction":0,"codHier":"H_24","codDiv":"DIV_24","codNode":"NODE_24","idLevel":24,"dteStart":"2026-02-04T12:48:00","codParentNode":"ROOT_24","dteEnd":"2026-02-05T12:48:00"},{"idAction":0,"codHier":"H_25","codDiv":"DIV_25","codNode":"NODE_25","idLevel":25,"dteStart":"2026-02-10T14:04:00","codParentNode":"ROOT_25","dteEnd":"2026-02-11T14:04:00"},{"idAction":0,"codHier":"H_3","codDiv":"DIV_3","codNode":"NODE_3","idLevel":3,"dteStart":"2026-01-01T10:45:00","codParentNode":"ROOT_3","dteEnd":"2026-01-30T10:44:00"},{"idAction":0,"codHier":"H_5","codDiv":"DIV_5","codNode":"NODE_5","idLevel":5,"dteStart":"2026-01-30T10:50:00","codParentNode":"ROOT_5","dteEnd":"2026-01-31T10:48:00"},{"idAction":0,"codHier":"H_6","codDiv":"DIV_6","codNode":"NODE_6","idLevel":6,"dteStart":"2026-01-30T15:01:00","codParentNode":"ROOT_6","dteEnd":"2026-01-31T15:01:00"},{"idAction":0,"codHier":"H_656565","codDiv":"DIV_656565","codNode":"C_656565","idLevel":9,"dteStart":"2026-01-20T00:00:00","codParentNode":"ROOT","dteEnd":null},{"idAction":0,"codHier":"H_676767","codDiv":"DIV_676767","codNode":"NODE_676767","idLevel":676767,"dteStart":"2026-01-31T00:00:00","codParentNode":"ROOT","dteEnd":null},{"idAction":0,"codHier":"H_7","codDiv":"DIV_7","codNode":"NODE_7","idLevel":7,"dteStart":"2026-02-02T12:04:00","codParentNode":"ROOT_7","dteEnd":"2026-02-04T12:04:00"},{"idAction":0,"codHier":"H_87","codDiv":"DIV_87","codNode":"NODE_87","idLevel":87,"dteStart":"2026-02-06T14:07:00","codParentNode":"ROOT_87","dteEnd":"2026-02-26T14:07:00"},{"idAction":0,"codHier":"H_98","codDiv":"DIV_98","codNode":"NODE_98","idLevel":98,"dteStart":"2026-01-30T18:25:00","codParentNode":"ROOT_98","dteEnd":"2026-01-31T18:25:00"},{"idAction":0,"codHier":"H_999","codDiv":"D_5878","codNode":"N_878","idLevel":8,"dteStart":"2026-01-14T00:00:00","codParentNode":"ROOT","dteEnd":null},{"idAction":0,"codHier":"H_A","codDiv":"DIV_A","codNode":"NODE_A","idLevel":1,"dteStart":"2026-02-01T18:26:00","codParentNode":"ROOT_A","dteEnd":"2026-02-14T18:26:00"},{"idAction":0,"codHier":"H-1010","codDiv":"D-1010","codNode":"C-1010","idLevel":1,"dteStart":"2026-01-01T11:54:00","codParentNode":"root","dteEnd":"2026-01-12T11:54:00"},{"idAction":0,"codHier":"H-11","codDiv":"DIV-11","codNode":"C-11","idLevel":11,"dteStart":"2026-01-01T15:05:00","codParentNode":"ROOT","dteEnd":"2026-01-31T15:05:00"},{"idAction":0,"codHier":"H-1111","codDiv":"DIV-1111","codNode":"CUST-1111","idLevel":10,"dteStart":"2026-01-01T00:00:00","codParentNode":"ROOT","dteEnd":null},{"idAction":0,"codHier":"H-1414","codDiv":"D-1414","codNode":"C-1414","idLevel":4,"dteStart":"2026-01-01T14:45:00","codParentNode":"ROOT","dteEnd":"2026-01-15T14:45:00"},{"idAction":0,"codHier":"H-2","codDiv":"DIV-2","codNode":"CUST-2","idLevel":2,"dteStart":"2026-01-01T12:40:00","codParentNode":"ROOT","dteEnd":"2026-01-16T12:37:00"},{"idAction":0,"codHier":"H-2","codDiv":"DIV-2","codNode":"CUST-2","idLevel":2,"dteStart":"2026-01-21T12:37:00","codParentNode":"ROOT","dteEnd":"2026-01-24T12:37:00"},{"idAction":0,"codHier":"H-2020","codDiv":"D-2020","codNode":"C-2020","idLevel":2,"dteStart":"2026-01-02T12:27:00","codParentNode":"root","dteEnd":"2026-01-30T12:27:00"},{"idAction":0,"codHier":"H-2255","codDiv":"DIV-2255","codNode":"CUST-2255","idLevel":10,"dteStart":"2026-01-01T00:00:00","codParentNode":"ROOT","dteEnd":null},{"idAction":0,"codHier":"H-2323","codDiv":"D-2323","codNode":"C-2323","idLevel":4,"dteStart":"2026-01-01T12:48:00","codParentNode":"ROOT","dteEnd":"2026-01-12T12:49:00"},{"idAction":0,"codHier":"H-3333","codDiv":"DIV-3333","codNode":"CUST-3333","idLevel":10,"dteStart":"2026-01-01T00:00:00","codParentNode":"ROOT","dteEnd":null},{"idAction":0,"codHier":"H-3344","codDiv":"DIV-3345","codNode":"CUST-3345","idLevel":10,"dteStart":"2026-01-01T00:00:00","codParentNode":"ROOT","dteEnd":null},{"idAction":0,"codHier":"H-3345","codDiv":"DIV-3345","codNode":"CUST-3345","idLevel":10,"dteStart":"2026-01-01T00:00:00","codParentNode":"ROOT","dteEnd":null},{"idAction":0,"codHier":"H-4","codDiv":"DIV-4","codNode":"CUST-4","idLevel":4,"dteStart":"2026-01-01T14:44:00","codParentNode":"ROOT","dteEnd":"2026-01-02T14:44:00"},{"idAction":0,"codHier":"H-5555","codDiv":"DIV-5555","codNode":"CUST-5555","idLevel":10,"dteStart":"2026-01-01T00:00:00","codParentNode":"ROOT","dteEnd":null},{"idAction":0,"codHier":"H-6000","codDiv":"DIV-6000","codNode":"CUST-6000","idLevel":10,"dteStart":"2026-01-01T00:00:00","codParentNode":"ROOT","dteEnd":"2026-12-31T00:00:00"},{"idAction":0,"codHier":"H-6666","codDiv":"DIV-6666","codNode":"CUST-6666","idLevel":10,"dteStart":"2026-01-17T01:30:00","codParentNode":"ROOT","dteEnd":"2026-01-18T01:30:00"},{"idAction":0,"codHier":"H-6767","codDiv":"DIV-6767","codNode":"CUST-6767","idLevel":5,"dteStart":"2026-01-01T12:15:00","codParentNode":"ROOT","dteEnd":"2026-01-08T12:15:00"},{"idAction":0,"codHier":"H-7000","codDiv":"DIV-7000","codNode":"CUST-7000","idLevel":10,"dteStart":"2026-01-01T00:00:00","codParentNode":"ROOT","dteEnd":null},{"idAction":0,"codHier":"H-7777","codDiv":"DIV-7777","codNode":"CUST-7777","idLevel":10,"dteStart":"2026-01-01T00:00:00","codParentNode":"ROOT","dteEnd":null},{"idAction":0,"codHier":"H-7878","codDiv":"DIV-7878","codNode":"CUST-7878","idLevel":3,"dteStart":"2026-01-18T11:43:00","codParentNode":"ROOT","dteEnd":"2026-01-19T11:43:00"},{"idAction":0,"codHier":"H-8000","codDiv":"DIV-8000","codNode":"CUST-8000","idLevel":10,"dteStart":"2026-01-01T00:00:00","codParentNode":"ROOT","dteEnd":null},{"idAction":0,"codHier":"H-8888","codDiv":"DIV-8888","codNode":"CUST-8888","idLevel":10,"dteStart":"2026-01-01T00:00:00","codParentNode":"ROOT","dteEnd":null},{"idAction":0,"codHier":"H-9000","codDiv":"DIV-9000","codNode":"CUST-9000","idLevel":10,"dteStart":"2026-01-01T00:00:00","codParentNode":"ROOT","dteEnd":null},{"idAction":0,"codHier":"H-9999","codDiv":"DIV-9999","codNode":"CUST-9999","idLevel":10,"dteStart":"2026-01-01T00:00:00","codParentNode":"ROOT","dteEnd":null},{"idAction":0,"codHier":"HIER_CORP","codDiv":"DIV01","codNode":"NODE_9111","idLevel":1,"dteStart":"2026-01-15T00:00:00","codParentNode":"ROOT_NODE","dteEnd":null}]
2026-02-03 10:42:50.340 +05:00 [INF] HTTP GET /api/promotions/customer-relations responded 200 in 20.6806 ms
2026-02-03 10:42:51.981 +05:00 [INF] HTTP GET /api/promotions/actions responded 200 in 10.1633 ms | User: ali (N/A) | IP: ::1 | RequestBody:  | ResponseBody: [{"idAction":3,"name":"PROMO_3","codDiv":"DIV_3","dteStartSellIn":"2026-02-01T00:00:00","dteEndSellIn":"2026-02-28T00:00:00","dteStartSellOut":"2026-01-25T00:00:00","dteEndSellOut":"2026-01-30T00:00:00","documentKey":"KEY_3","dteToShost":"2026-01-10T00:00:00","levParticipants":3},{"idAction":5,"name":"PROMO_5_5","codDiv":"DIV_5","dteStartSellIn":"2026-02-24T00:00:00","dteEndSellIn":"2026-02-21T00:00:00","dteStartSellOut":"2026-02-24T00:00:00","dteEndSellOut":"2026-02-27T00:00:00","documentKey":"DOC_KEY_is_5","dteToShost":"2026-01-18T00:00:00","levParticipants":55555555},{"idAction":6,"name":"PROMO_6","codDiv":"DIV_6","dteStartSellIn":"2026-02-01T00:00:00","dteEndSellIn":"2026-02-25T00:00:00","dteStartSellOut":"2026-01-15T00:00:00","dteEndSellOut":"2026-01-24T00:00:00","documentKey":"DOCC_6_KEY","dteToShost":"2026-01-15T00:00:00","levParticipants":6},{"idAction":7,"name":"PROMO_7","codDiv":"DIV_7","dteStartSellIn":"2026-02-06T12:05:00","dteEndSellIn":"2026-02-07T12:05:00","dteStartSellOut":"2026-02-08T12:05:00","dteEndSellOut":"2026-02-09T12:05:00","documentKey":"KEY_7","dteToShost":"2026-02-05T12:04:00","levParticipants":7},{"idAction":10,"name":"PROMO_10","codDiv":"DIV_10","dteStartSellIn":"2026-01-30T14:45:00","dteEndSellIn":"2026-01-31T14:45:00","dteStartSellOut":"2026-01-23T14:45:00","dteEndSellOut":"2026-01-24T14:45:00","documentKey":"DOCC_KEY_10","dteToShost":"2026-01-29T14:44:00","levParticipants":10},{"idAction":12,"name":"PROMO_12","codDiv":"DIV_12","dteStartSellIn":"2026-02-06T12:27:00","dteEndSellIn":"2026-02-07T12:27:00","dteStartSellOut":"2026-02-08T12:27:00","dteEndSellOut":"2026-02-09T12:27:00","documentKey":"KEY_12","dteToShost":"2026-02-03T12:26:00","levParticipants":12},{"idAction":24,"name":"PROMO_24","codDiv":"DIV_24","dteStartSellIn":"2026-02-05T12:48:00","dteEndSellIn":"2026-02-06T12:48:00","dteStartSellOut":"2026-02-07T12:48:00","dteEndSellOut":"2026-02-08T12:48:00","documentKey":"KEY_24","dteToShost":"2026-02-03T12:48:00","levParticipants":24},{"idAction":45,"name":"cccc","codDiv":"DIV01","dteStartSellIn":"2026-01-16T00:00:00","dteEndSellIn":"2026-01-17T00:00:00","dteStartSellOut":"2026-01-16T00:00:00","dteEndSellOut":"2026-01-17T00:00:00","documentKey":null,"dteToShost":null,"levParticipants":2},{"idAction":87,"name":"promo_87","codDiv":"DIV_87","dteStartSellIn":"2026-02-07T14:44:00","dteEndSellIn":"2026-02-10T14:44:00","dteStartSellOut":"2026-02-22T14:44:00","dteEndSellOut":"2026-02-26T14:44:00","documentKey":"KEY_87","dteToShost":"2026-02-03T14:44:00","levParticipants":87},{"idAction":98,"name":"PROMO_98","codDiv":"DIV_98","dteStartSellIn":"2026-01-08T18:25:00","dteEndSellIn":"2026-01-17T18:25:00","dteStartSellOut":"2026-01-28T18:25:00","dteEndSellOut":"2026-01-30T18:25:00","documentKey":"DOCC_98","dteToShost":"2026-01-31T18:25:00","levParticipants":98},{"idAction":321,"name":"PROMO_321","codDiv":"DIV_A","dteStartSellIn":"2026-02-01T18:27:00","dteEndSellIn":"2026-02-28T18:27:00","dteStartSellOut":"2026-02-04T18:27:00","dteEndSellOut":"2026-02-23T18:27:00","documentKey":"KEY_A","dteToShost":"2026-02-03T18:27:00","levParticipants":1},{"idAction":1111,"name":"PROMO_1111","codDiv":"DIV_1111","dteStartSellIn":"2026-01-01T17:00:00","dteEndSellIn":"2026-01-30T17:02:00","dteStartSellOut":"2026-01-17T17:02:00","dteEndSellOut":"2026-01-28T17:02:00","documentKey":"1111_DOCC_KEY","dteToShost":"2026-01-13T17:02:00","levParticipants":11},{"idAction":2020,"name":"Spring Special 2020","codDiv":"D-2020","dteStartSellIn":"2026-01-03T12:28:00","dteEndSellIn":"2026-01-04T12:28:00","dteStartSellOut":"2026-01-05T12:28:00","dteEndSellOut":"2026-01-06T12:28:00","documentKey":"DOC-SPRING-2020","dteToShost":"2026-01-02T12:28:00","levParticipants":1},{"idAction":2222,"name":"haseeb","codDiv":"DIV02","dteStartSellIn":"2026-02-01T00:00:00","dteEndSellIn":"2026-01-11T00:00:00","dteStartSellOut":"2026-01-28T00:00:00","dteEndSellOut":"2026-01-30T00:00:00","documentKey":"","dteToShost":null,"levParticipants":2},{"idAction":2323,"name":"Winter Sale Campaign 2323","codDiv":"D-2323","dteStartSellIn":"2026-01-19T14:39:00","dteEndSellIn":"2026-01-20T14:40:00","dteStartSellOut":"2026-01-21T14:40:00","dteEndSellOut":"2026-01-22T14:40:00","documentKey":"DOC-WINTER-2323","dteToShost":"2026-01-30T14:39:00","levParticipants":1},{"idAction":5005,"name":"bbb","codDiv":"DIV5005","dteStartSellIn":"2026-01-23T00:00:00","dteEndSellIn":"2026-01-30T00:00:00","dteStartSellOut":"2026-01-26T00:00:00","dteEndSellOut":"2026-01-18T00:00:00","documentKey":"555553","dteToShost":"2026-01-19T00:00:00","levParticipants":14},{"idAction":6000,"name":"Zero Redundancy Campaign 6000","codDiv":"DIV-6000","dteStartSellIn":"2026-02-01T00:00:00","dteEndSellIn":"2026-02-24T00:00:00","dteStartSellOut":"2026-02-01T00:00:00","dteEndSellOut":"2026-02-28T00:00:00","documentKey":"DOC-6000","dteToShost":"2026-01-05T00:00:00","levParticipants":1},{"idAction":6767,"name":"XTEL Launch Promo 6767","codDiv":"DIV-6767","dteStartSellIn":"2026-02-01T00:00:00","dteEndSellIn":"2026-02-28T00:00:00","dteStartSellOut":"2026-01-22T00:00:00","dteEndSellOut":"2026-01-23T00:00:00","documentKey":"DOC-XTEL-6767","dteToShost":"2026-01-03T00:00:00","levParticipants":1},{"idAction":7000,"name":"Atomic Campaign 7000","codDiv":"DIV-7000","dteStartSellIn":"2026-01-01T00:00:00","dteEndSellIn":"2026-01-31T00:00:00","dteStartSellOut":"2026-02-01T00:00:00","dteEndSellOut":"2026-02-28T00:00:00","documentKey":"DOC-7000","dteToShost":null,"levParticipants":1},{"idAction":8888,"name":"Atomic Campaign 8888 Complete","codDiv":"DIV-8888","dteStartSellIn":"2026-01-01T00:00:00","dteEndSellIn":"2026-01-31T00:00:00","dteStartSellOut":"2026-02-01T00:00:00","dteEndSellOut":"2026-02-28T00:00:00","documentKey":"DOC-8888","dteToShost":null,"levParticipants":1},{"idAction":9000,"name":"Balanced Atomic Campaign 9000","codDiv":"DIV-9000","dteStartSellIn":"2026-01-01T00:00:00","dteEndSellIn":"2026-01-31T00:00:00","dteStartSellOut":"2026-02-01T00:00:00","dteEndSellOut":"2026-02-28T00:00:00","documentKey":"DOC-9000","dteToShost":null,"levParticipants":1},{"idAction":9999,"name":"I should not exist in DB","codDiv":"DIV-9999","dteStartSellIn":"2026-01-01T00:00:00","dteEndSellIn":"2026-01-31T00:00:00","dteStartSellOut":"2026-02-01T00:00:00","dteEndSellOut":"2026-02-28T00:00:00","documentKey":"DOC-9999","dteToShost":null,"levParticipants":1}]
2026-02-03 10:42:51.988 +05:00 [INF] HTTP GET /api/promotions/actions responded 200 in 17.0800 ms
2026-02-03 10:42:51.998 +05:00 [INF] HTTP GET /api/promotions/customer-relations responded 200 in 9.9279 ms | User: ali (N/A) | IP: ::1 | RequestBody:  | ResponseBody: [{"idAction":0,"codHier":"5555","codDiv":"div5555","codNode":"f5555","idLevel":1,"dteStart":"2026-01-15T00:00:00","codParentNode":"root","dteEnd":null},{"idAction":0,"codHier":"56","codDiv":"565","codNode":"56","idLevel":55,"dteStart":"2026-01-29T00:44:00","codParentNode":"haseeb","dteEnd":"2026-01-26T00:44:00"},{"idAction":0,"codHier":"H_1","codDiv":"D_1","codNode":"D_1","idLevel":1,"dteStart":"2026-01-30T00:00:00","codParentNode":"ROOT","dteEnd":null},{"idAction":0,"codHier":"H_1","codDiv":"D_1","codNode":"N_1","idLevel":1,"dteStart":"2026-01-30T09:35:43.289","codParentNode":"ROOT","dteEnd":null},{"idAction":0,"codHier":"H_10","codDiv":"DIV_10","codNode":"NODE_10","idLevel":10,"dteStart":"2026-01-01T14:45:00","codParentNode":"ROOT_10","dteEnd":"2026-01-31T14:44:00"},{"idAction":0,"codHier":"H_1111","codDiv":"DIV_1111","codNode":"NODE_1111","idLevel":11,"dteStart":"2026-01-01T17:00:00","codParentNode":"ROOT_1111","dteEnd":"2026-01-30T17:01:00"},{"idAction":0,"codHier":"H_12","codDiv":"DIV_12","codNode":"NODE_12","idLevel":12,"dteStart":"2026-02-03T12:26:00","codParentNode":"ROOT_12","dteEnd":"2026-02-06T12:26:00"},{"idAction":0,"codHier":"H_17","codDiv":"DIV_17","codNode":"NODE_17","idLevel":17,"dteStart":"2026-02-07T15:44:00","codParentNode":"ROOT_17","dteEnd":"2026-02-24T15:44:00"},{"idAction":0,"codHier":"H_19","codDiv":"DIV_19","codNode":"NODE_19","idLevel":19,"dteStart":"2026-02-04T13:59:00","codParentNode":"ROOT_19","dteEnd":"2026-02-05T13:59:00"},{"idAction":0,"codHier":"H_21","codDiv":"DIV_21","codNode":"NODE_21","idLevel":21,"dteStart":"2026-02-05T14:01:00","codParentNode":"ROOT_21","dteEnd":"2026-02-07T14:01:00"},{"idAction":0,"codHier":"H_222","codDiv":"DIV_222","codNode":"NODE_222","idLevel":222,"dteStart":"2026-02-04T12:53:00","codParentNode":"ROOT_222","dteEnd":"2026-02-06T12:53:00"},{"idAction":0,"codHier":"H_24","codDiv":"DIV_24","codNode":"NODE_24","idLevel":24,"dteStart":"2026-02-04T12:48:00","codParentNode":"ROOT_24","dteEnd":"2026-02-05T12:48:00"},{"idAction":0,"codHier":"H_25","codDiv":"DIV_25","codNode":"NODE_25","idLevel":25,"dteStart":"2026-02-10T14:04:00","codParentNode":"ROOT_25","dteEnd":"2026-02-11T14:04:00"},{"idAction":0,"codHier":"H_3","codDiv":"DIV_3","codNode":"NODE_3","idLevel":3,"dteStart":"2026-01-01T10:45:00","codParentNode":"ROOT_3","dteEnd":"2026-01-30T10:44:00"},{"idAction":0,"codHier":"H_5","codDiv":"DIV_5","codNode":"NODE_5","idLevel":5,"dteStart":"2026-01-30T10:50:00","codParentNode":"ROOT_5","dteEnd":"2026-01-31T10:48:00"},{"idAction":0,"codHier":"H_6","codDiv":"DIV_6","codNode":"NODE_6","idLevel":6,"dteStart":"2026-01-30T15:01:00","codParentNode":"ROOT_6","dteEnd":"2026-01-31T15:01:00"},{"idAction":0,"codHier":"H_656565","codDiv":"DIV_656565","codNode":"C_656565","idLevel":9,"dteStart":"2026-01-20T00:00:00","codParentNode":"ROOT","dteEnd":null},{"idAction":0,"codHier":"H_676767","codDiv":"DIV_676767","codNode":"NODE_676767","idLevel":676767,"dteStart":"2026-01-31T00:00:00","codParentNode":"ROOT","dteEnd":null},{"idAction":0,"codHier":"H_7","codDiv":"DIV_7","codNode":"NODE_7","idLevel":7,"dteStart":"2026-02-02T12:04:00","codParentNode":"ROOT_7","dteEnd":"2026-02-04T12:04:00"},{"idAction":0,"codHier":"H_87","codDiv":"DIV_87","codNode":"NODE_87","idLevel":87,"dteStart":"2026-02-06T14:07:00","codParentNode":"ROOT_87","dteEnd":"2026-02-26T14:07:00"},{"idAction":0,"codHier":"H_98","codDiv":"DIV_98","codNode":"NODE_98","idLevel":98,"dteStart":"2026-01-30T18:25:00","codParentNode":"ROOT_98","dteEnd":"2026-01-31T18:25:00"},{"idAction":0,"codHier":"H_999","codDiv":"D_5878","codNode":"N_878","idLevel":8,"dteStart":"2026-01-14T00:00:00","codParentNode":"ROOT","dteEnd":null},{"idAction":0,"codHier":"H_A","codDiv":"DIV_A","codNode":"NODE_A","idLevel":1,"dteStart":"2026-02-01T18:26:00","codParentNode":"ROOT_A","dteEnd":"2026-02-14T18:26:00"},{"idAction":0,"codHier":"H-1010","codDiv":"D-1010","codNode":"C-1010","idLevel":1,"dteStart":"2026-01-01T11:54:00","codParentNode":"root","dteEnd":"2026-01-12T11:54:00"},{"idAction":0,"codHier":"H-11","codDiv":"DIV-11","codNode":"C-11","idLevel":11,"dteStart":"2026-01-01T15:05:00","codParentNode":"ROOT","dteEnd":"2026-01-31T15:05:00"},{"idAction":0,"codHier":"H-1111","codDiv":"DIV-1111","codNode":"CUST-1111","idLevel":10,"dteStart":"2026-01-01T00:00:00","codParentNode":"ROOT","dteEnd":null},{"idAction":0,"codHier":"H-1414","codDiv":"D-1414","codNode":"C-1414","idLevel":4,"dteStart":"2026-01-01T14:45:00","codParentNode":"ROOT","dteEnd":"2026-01-15T14:45:00"},{"idAction":0,"codHier":"H-2","codDiv":"DIV-2","codNode":"CUST-2","idLevel":2,"dteStart":"2026-01-01T12:40:00","codParentNode":"ROOT","dteEnd":"2026-01-16T12:37:00"},{"idAction":0,"codHier":"H-2","codDiv":"DIV-2","codNode":"CUST-2","idLevel":2,"dteStart":"2026-01-21T12:37:00","codParentNode":"ROOT","dteEnd":"2026-01-24T12:37:00"},{"idAction":0,"codHier":"H-2020","codDiv":"D-2020","codNode":"C-2020","idLevel":2,"dteStart":"2026-01-02T12:27:00","codParentNode":"root","dteEnd":"2026-01-30T12:27:00"},{"idAction":0,"codHier":"H-2255","codDiv":"DIV-2255","codNode":"CUST-2255","idLevel":10,"dteStart":"2026-01-01T00:00:00","codParentNode":"ROOT","dteEnd":null},{"idAction":0,"codHier":"H-2323","codDiv":"D-2323","codNode":"C-2323","idLevel":4,"dteStart":"2026-01-01T12:48:00","codParentNode":"ROOT","dteEnd":"2026-01-12T12:49:00"},{"idAction":0,"codHier":"H-3333","codDiv":"DIV-3333","codNode":"CUST-3333","idLevel":10,"dteStart":"2026-01-01T00:00:00","codParentNode":"ROOT","dteEnd":null},{"idAction":0,"codHier":"H-3344","codDiv":"DIV-3345","codNode":"CUST-3345","idLevel":10,"dteStart":"2026-01-01T00:00:00","codParentNode":"ROOT","dteEnd":null},{"idAction":0,"codHier":"H-3345","codDiv":"DIV-3345","codNode":"CUST-3345","idLevel":10,"dteStart":"2026-01-01T00:00:00","codParentNode":"ROOT","dteEnd":null},{"idAction":0,"codHier":"H-4","codDiv":"DIV-4","codNode":"CUST-4","idLevel":4,"dteStart":"2026-01-01T14:44:00","codParentNode":"ROOT","dteEnd":"2026-01-02T14:44:00"},{"idAction":0,"codHier":"H-5555","codDiv":"DIV-5555","codNode":"CUST-5555","idLevel":10,"dteStart":"2026-01-01T00:00:00","codParentNode":"ROOT","dteEnd":null},{"idAction":0,"codHier":"H-6000","codDiv":"DIV-6000","codNode":"CUST-6000","idLevel":10,"dteStart":"2026-01-01T00:00:00","codParentNode":"ROOT","dteEnd":"2026-12-31T00:00:00"},{"idAction":0,"codHier":"H-6666","codDiv":"DIV-6666","codNode":"CUST-6666","idLevel":10,"dteStart":"2026-01-17T01:30:00","codParentNode":"ROOT","dteEnd":"2026-01-18T01:30:00"},{"idAction":0,"codHier":"H-6767","codDiv":"DIV-6767","codNode":"CUST-6767","idLevel":5,"dteStart":"2026-01-01T12:15:00","codParentNode":"ROOT","dteEnd":"2026-01-08T12:15:00"},{"idAction":0,"codHier":"H-7000","codDiv":"DIV-7000","codNode":"CUST-7000","idLevel":10,"dteStart":"2026-01-01T00:00:00","codParentNode":"ROOT","dteEnd":null},{"idAction":0,"codHier":"H-7777","codDiv":"DIV-7777","codNode":"CUST-7777","idLevel":10,"dteStart":"2026-01-01T00:00:00","codParentNode":"ROOT","dteEnd":null},{"idAction":0,"codHier":"H-7878","codDiv":"DIV-7878","codNode":"CUST-7878","idLevel":3,"dteStart":"2026-01-18T11:43:00","codParentNode":"ROOT","dteEnd":"2026-01-19T11:43:00"},{"idAction":0,"codHier":"H-8000","codDiv":"DIV-8000","codNode":"CUST-8000","idLevel":10,"dteStart":"2026-01-01T00:00:00","codParentNode":"ROOT","dteEnd":null},{"idAction":0,"codHier":"H-8888","codDiv":"DIV-8888","codNode":"CUST-8888","idLevel":10,"dteStart":"2026-01-01T00:00:00","codParentNode":"ROOT","dteEnd":null},{"idAction":0,"codHier":"H-9000","codDiv":"DIV-9000","codNode":"CUST-9000","idLevel":10,"dteStart":"2026-01-01T00:00:00","codParentNode":"ROOT","dteEnd":null},{"idAction":0,"codHier":"H-9999","codDiv":"DIV-9999","codNode":"CUST-9999","idLevel":10,"dteStart":"2026-01-01T00:00:00","codParentNode":"ROOT","dteEnd":null},{"idAction":0,"codHier":"HIER_CORP","codDiv":"DIV01","codNode":"NODE_9111","idLevel":1,"dteStart":"2026-01-15T00:00:00","codParentNode":"ROOT_NODE","dteEnd":null}]
2026-02-03 10:42:52.002 +05:00 [INF] HTTP GET /api/promotions/customer-relations responded 200 in 14.6823 ms
2026-02-03 10:42:52.054 +05:00 [INF] HTTP GET /api/promotions/actions responded 200 in 5.6615 ms | User: ali (N/A) | IP: ::1 | RequestBody:  | ResponseBody: [{"idAction":3,"name":"PROMO_3","codDiv":"DIV_3","dteStartSellIn":"2026-02-01T00:00:00","dteEndSellIn":"2026-02-28T00:00:00","dteStartSellOut":"2026-01-25T00:00:00","dteEndSellOut":"2026-01-30T00:00:00","documentKey":"KEY_3","dteToShost":"2026-01-10T00:00:00","levParticipants":3},{"idAction":5,"name":"PROMO_5_5","codDiv":"DIV_5","dteStartSellIn":"2026-02-24T00:00:00","dteEndSellIn":"2026-02-21T00:00:00","dteStartSellOut":"2026-02-24T00:00:00","dteEndSellOut":"2026-02-27T00:00:00","documentKey":"DOC_KEY_is_5","dteToShost":"2026-01-18T00:00:00","levParticipants":55555555},{"idAction":6,"name":"PROMO_6","codDiv":"DIV_6","dteStartSellIn":"2026-02-01T00:00:00","dteEndSellIn":"2026-02-25T00:00:00","dteStartSellOut":"2026-01-15T00:00:00","dteEndSellOut":"2026-01-24T00:00:00","documentKey":"DOCC_6_KEY","dteToShost":"2026-01-15T00:00:00","levParticipants":6},{"idAction":7,"name":"PROMO_7","codDiv":"DIV_7","dteStartSellIn":"2026-02-06T12:05:00","dteEndSellIn":"2026-02-07T12:05:00","dteStartSellOut":"2026-02-08T12:05:00","dteEndSellOut":"2026-02-09T12:05:00","documentKey":"KEY_7","dteToShost":"2026-02-05T12:04:00","levParticipants":7},{"idAction":10,"name":"PROMO_10","codDiv":"DIV_10","dteStartSellIn":"2026-01-30T14:45:00","dteEndSellIn":"2026-01-31T14:45:00","dteStartSellOut":"2026-01-23T14:45:00","dteEndSellOut":"2026-01-24T14:45:00","documentKey":"DOCC_KEY_10","dteToShost":"2026-01-29T14:44:00","levParticipants":10},{"idAction":12,"name":"PROMO_12","codDiv":"DIV_12","dteStartSellIn":"2026-02-06T12:27:00","dteEndSellIn":"2026-02-07T12:27:00","dteStartSellOut":"2026-02-08T12:27:00","dteEndSellOut":"2026-02-09T12:27:00","documentKey":"KEY_12","dteToShost":"2026-02-03T12:26:00","levParticipants":12},{"idAction":24,"name":"PROMO_24","codDiv":"DIV_24","dteStartSellIn":"2026-02-05T12:48:00","dteEndSellIn":"2026-02-06T12:48:00","dteStartSellOut":"2026-02-07T12:48:00","dteEndSellOut":"2026-02-08T12:48:00","documentKey":"KEY_24","dteToShost":"2026-02-03T12:48:00","levParticipants":24},{"idAction":45,"name":"cccc","codDiv":"DIV01","dteStartSellIn":"2026-01-16T00:00:00","dteEndSellIn":"2026-01-17T00:00:00","dteStartSellOut":"2026-01-16T00:00:00","dteEndSellOut":"2026-01-17T00:00:00","documentKey":null,"dteToShost":null,"levParticipants":2},{"idAction":87,"name":"promo_87","codDiv":"DIV_87","dteStartSellIn":"2026-02-07T14:44:00","dteEndSellIn":"2026-02-10T14:44:00","dteStartSellOut":"2026-02-22T14:44:00","dteEndSellOut":"2026-02-26T14:44:00","documentKey":"KEY_87","dteToShost":"2026-02-03T14:44:00","levParticipants":87},{"idAction":98,"name":"PROMO_98","codDiv":"DIV_98","dteStartSellIn":"2026-01-08T18:25:00","dteEndSellIn":"2026-01-17T18:25:00","dteStartSellOut":"2026-01-28T18:25:00","dteEndSellOut":"2026-01-30T18:25:00","documentKey":"DOCC_98","dteToShost":"2026-01-31T18:25:00","levParticipants":98},{"idAction":321,"name":"PROMO_321","codDiv":"DIV_A","dteStartSellIn":"2026-02-01T18:27:00","dteEndSellIn":"2026-02-28T18:27:00","dteStartSellOut":"2026-02-04T18:27:00","dteEndSellOut":"2026-02-23T18:27:00","documentKey":"KEY_A","dteToShost":"2026-02-03T18:27:00","levParticipants":1},{"idAction":1111,"name":"PROMO_1111","codDiv":"DIV_1111","dteStartSellIn":"2026-01-01T17:00:00","dteEndSellIn":"2026-01-30T17:02:00","dteStartSellOut":"2026-01-17T17:02:00","dteEndSellOut":"2026-01-28T17:02:00","documentKey":"1111_DOCC_KEY","dteToShost":"2026-01-13T17:02:00","levParticipants":11},{"idAction":2020,"name":"Spring Special 2020","codDiv":"D-2020","dteStartSellIn":"2026-01-03T12:28:00","dteEndSellIn":"2026-01-04T12:28:00","dteStartSellOut":"2026-01-05T12:28:00","dteEndSellOut":"2026-01-06T12:28:00","documentKey":"DOC-SPRING-2020","dteToShost":"2026-01-02T12:28:00","levParticipants":1},{"idAction":2222,"name":"haseeb","codDiv":"DIV02","dteStartSellIn":"2026-02-01T00:00:00","dteEndSellIn":"2026-01-11T00:00:00","dteStartSellOut":"2026-01-28T00:00:00","dteEndSellOut":"2026-01-30T00:00:00","documentKey":"","dteToShost":null,"levParticipants":2},{"idAction":2323,"name":"Winter Sale Campaign 2323","codDiv":"D-2323","dteStartSellIn":"2026-01-19T14:39:00","dteEndSellIn":"2026-01-20T14:40:00","dteStartSellOut":"2026-01-21T14:40:00","dteEndSellOut":"2026-01-22T14:40:00","documentKey":"DOC-WINTER-2323","dteToShost":"2026-01-30T14:39:00","levParticipants":1},{"idAction":5005,"name":"bbb","codDiv":"DIV5005","dteStartSellIn":"2026-01-23T00:00:00","dteEndSellIn":"2026-01-30T00:00:00","dteStartSellOut":"2026-01-26T00:00:00","dteEndSellOut":"2026-01-18T00:00:00","documentKey":"555553","dteToShost":"2026-01-19T00:00:00","levParticipants":14},{"idAction":6000,"name":"Zero Redundancy Campaign 6000","codDiv":"DIV-6000","dteStartSellIn":"2026-02-01T00:00:00","dteEndSellIn":"2026-02-24T00:00:00","dteStartSellOut":"2026-02-01T00:00:00","dteEndSellOut":"2026-02-28T00:00:00","documentKey":"DOC-6000","dteToShost":"2026-01-05T00:00:00","levParticipants":1},{"idAction":6767,"name":"XTEL Launch Promo 6767","codDiv":"DIV-6767","dteStartSellIn":"2026-02-01T00:00:00","dteEndSellIn":"2026-02-28T00:00:00","dteStartSellOut":"2026-01-22T00:00:00","dteEndSellOut":"2026-01-23T00:00:00","documentKey":"DOC-XTEL-6767","dteToShost":"2026-01-03T00:00:00","levParticipants":1},{"idAction":7000,"name":"Atomic Campaign 7000","codDiv":"DIV-7000","dteStartSellIn":"2026-01-01T00:00:00","dteEndSellIn":"2026-01-31T00:00:00","dteStartSellOut":"2026-02-01T00:00:00","dteEndSellOut":"2026-02-28T00:00:00","documentKey":"DOC-7000","dteToShost":null,"levParticipants":1},{"idAction":8888,"name":"Atomic Campaign 8888 Complete","codDiv":"DIV-8888","dteStartSellIn":"2026-01-01T00:00:00","dteEndSellIn":"2026-01-31T00:00:00","dteStartSellOut":"2026-02-01T00:00:00","dteEndSellOut":"2026-02-28T00:00:00","documentKey":"DOC-8888","dteToShost":null,"levParticipants":1},{"idAction":9000,"name":"Balanced Atomic Campaign 9000","codDiv":"DIV-9000","dteStartSellIn":"2026-01-01T00:00:00","dteEndSellIn":"2026-01-31T00:00:00","dteStartSellOut":"2026-02-01T00:00:00","dteEndSellOut":"2026-02-28T00:00:00","documentKey":"DOC-9000","dteToShost":null,"levParticipants":1},{"idAction":9999,"name":"I should not exist in DB","codDiv":"DIV-9999","dteStartSellIn":"2026-01-01T00:00:00","dteEndSellIn":"2026-01-31T00:00:00","dteStartSellOut":"2026-02-01T00:00:00","dteEndSellOut":"2026-02-28T00:00:00","documentKey":"DOC-9999","dteToShost":null,"levParticipants":1}]
2026-02-03 10:42:52.075 +05:00 [INF] HTTP GET /api/promotions/actions responded 200 in 26.8268 ms
2026-02-03 10:42:52.089 +05:00 [INF] HTTP GET /api/promotions/customer-relations responded 200 in 18.5585 ms | User: ali (N/A) | IP: ::1 | RequestBody:  | ResponseBody: [{"idAction":0,"codHier":"5555","codDiv":"div5555","codNode":"f5555","idLevel":1,"dteStart":"2026-01-15T00:00:00","codParentNode":"root","dteEnd":null},{"idAction":0,"codHier":"56","codDiv":"565","codNode":"56","idLevel":55,"dteStart":"2026-01-29T00:44:00","codParentNode":"haseeb","dteEnd":"2026-01-26T00:44:00"},{"idAction":0,"codHier":"H_1","codDiv":"D_1","codNode":"D_1","idLevel":1,"dteStart":"2026-01-30T00:00:00","codParentNode":"ROOT","dteEnd":null},{"idAction":0,"codHier":"H_1","codDiv":"D_1","codNode":"N_1","idLevel":1,"dteStart":"2026-01-30T09:35:43.289","codParentNode":"ROOT","dteEnd":null},{"idAction":0,"codHier":"H_10","codDiv":"DIV_10","codNode":"NODE_10","idLevel":10,"dteStart":"2026-01-01T14:45:00","codParentNode":"ROOT_10","dteEnd":"2026-01-31T14:44:00"},{"idAction":0,"codHier":"H_1111","codDiv":"DIV_1111","codNode":"NODE_1111","idLevel":11,"dteStart":"2026-01-01T17:00:00","codParentNode":"ROOT_1111","dteEnd":"2026-01-30T17:01:00"},{"idAction":0,"codHier":"H_12","codDiv":"DIV_12","codNode":"NODE_12","idLevel":12,"dteStart":"2026-02-03T12:26:00","codParentNode":"ROOT_12","dteEnd":"2026-02-06T12:26:00"},{"idAction":0,"codHier":"H_17","codDiv":"DIV_17","codNode":"NODE_17","idLevel":17,"dteStart":"2026-02-07T15:44:00","codParentNode":"ROOT_17","dteEnd":"2026-02-24T15:44:00"},{"idAction":0,"codHier":"H_19","codDiv":"DIV_19","codNode":"NODE_19","idLevel":19,"dteStart":"2026-02-04T13:59:00","codParentNode":"ROOT_19","dteEnd":"2026-02-05T13:59:00"},{"idAction":0,"codHier":"H_21","codDiv":"DIV_21","codNode":"NODE_21","idLevel":21,"dteStart":"2026-02-05T14:01:00","codParentNode":"ROOT_21","dteEnd":"2026-02-07T14:01:00"},{"idAction":0,"codHier":"H_222","codDiv":"DIV_222","codNode":"NODE_222","idLevel":222,"dteStart":"2026-02-04T12:53:00","codParentNode":"ROOT_222","dteEnd":"2026-02-06T12:53:00"},{"idAction":0,"codHier":"H_24","codDiv":"DIV_24","codNode":"NODE_24","idLevel":24,"dteStart":"2026-02-04T12:48:00","codParentNode":"ROOT_24","dteEnd":"2026-02-05T12:48:00"},{"idAction":0,"codHier":"H_25","codDiv":"DIV_25","codNode":"NODE_25","idLevel":25,"dteStart":"2026-02-10T14:04:00","codParentNode":"ROOT_25","dteEnd":"2026-02-11T14:04:00"},{"idAction":0,"codHier":"H_3","codDiv":"DIV_3","codNode":"NODE_3","idLevel":3,"dteStart":"2026-01-01T10:45:00","codParentNode":"ROOT_3","dteEnd":"2026-01-30T10:44:00"},{"idAction":0,"codHier":"H_5","codDiv":"DIV_5","codNode":"NODE_5","idLevel":5,"dteStart":"2026-01-30T10:50:00","codParentNode":"ROOT_5","dteEnd":"2026-01-31T10:48:00"},{"idAction":0,"codHier":"H_6","codDiv":"DIV_6","codNode":"NODE_6","idLevel":6,"dteStart":"2026-01-30T15:01:00","codParentNode":"ROOT_6","dteEnd":"2026-01-31T15:01:00"},{"idAction":0,"codHier":"H_656565","codDiv":"DIV_656565","codNode":"C_656565","idLevel":9,"dteStart":"2026-01-20T00:00:00","codParentNode":"ROOT","dteEnd":null},{"idAction":0,"codHier":"H_676767","codDiv":"DIV_676767","codNode":"NODE_676767","idLevel":676767,"dteStart":"2026-01-31T00:00:00","codParentNode":"ROOT","dteEnd":null},{"idAction":0,"codHier":"H_7","codDiv":"DIV_7","codNode":"NODE_7","idLevel":7,"dteStart":"2026-02-02T12:04:00","codParentNode":"ROOT_7","dteEnd":"2026-02-04T12:04:00"},{"idAction":0,"codHier":"H_87","codDiv":"DIV_87","codNode":"NODE_87","idLevel":87,"dteStart":"2026-02-06T14:07:00","codParentNode":"ROOT_87","dteEnd":"2026-02-26T14:07:00"},{"idAction":0,"codHier":"H_98","codDiv":"DIV_98","codNode":"NODE_98","idLevel":98,"dteStart":"2026-01-30T18:25:00","codParentNode":"ROOT_98","dteEnd":"2026-01-31T18:25:00"},{"idAction":0,"codHier":"H_999","codDiv":"D_5878","codNode":"N_878","idLevel":8,"dteStart":"2026-01-14T00:00:00","codParentNode":"ROOT","dteEnd":null},{"idAction":0,"codHier":"H_A","codDiv":"DIV_A","codNode":"NODE_A","idLevel":1,"dteStart":"2026-02-01T18:26:00","codParentNode":"ROOT_A","dteEnd":"2026-02-14T18:26:00"},{"idAction":0,"codHier":"H-1010","codDiv":"D-1010","codNode":"C-1010","idLevel":1,"dteStart":"2026-01-01T11:54:00","codParentNode":"root","dteEnd":"2026-01-12T11:54:00"},{"idAction":0,"codHier":"H-11","codDiv":"DIV-11","codNode":"C-11","idLevel":11,"dteStart":"2026-01-01T15:05:00","codParentNode":"ROOT","dteEnd":"2026-01-31T15:05:00"},{"idAction":0,"codHier":"H-1111","codDiv":"DIV-1111","codNode":"CUST-1111","idLevel":10,"dteStart":"2026-01-01T00:00:00","codParentNode":"ROOT","dteEnd":null},{"idAction":0,"codHier":"H-1414","codDiv":"D-1414","codNode":"C-1414","idLevel":4,"dteStart":"2026-01-01T14:45:00","codParentNode":"ROOT","dteEnd":"2026-01-15T14:45:00"},{"idAction":0,"codHier":"H-2","codDiv":"DIV-2","codNode":"CUST-2","idLevel":2,"dteStart":"2026-01-01T12:40:00","codParentNode":"ROOT","dteEnd":"2026-01-16T12:37:00"},{"idAction":0,"codHier":"H-2","codDiv":"DIV-2","codNode":"CUST-2","idLevel":2,"dteStart":"2026-01-21T12:37:00","codParentNode":"ROOT","dteEnd":"2026-01-24T12:37:00"},{"idAction":0,"codHier":"H-2020","codDiv":"D-2020","codNode":"C-2020","idLevel":2,"dteStart":"2026-01-02T12:27:00","codParentNode":"root","dteEnd":"2026-01-30T12:27:00"},{"idAction":0,"codHier":"H-2255","codDiv":"DIV-2255","codNode":"CUST-2255","idLevel":10,"dteStart":"2026-01-01T00:00:00","codParentNode":"ROOT","dteEnd":null},{"idAction":0,"codHier":"H-2323","codDiv":"D-2323","codNode":"C-2323","idLevel":4,"dteStart":"2026-01-01T12:48:00","codParentNode":"ROOT","dteEnd":"2026-01-12T12:49:00"},{"idAction":0,"codHier":"H-3333","codDiv":"DIV-3333","codNode":"CUST-3333","idLevel":10,"dteStart":"2026-01-01T00:00:00","codParentNode":"ROOT","dteEnd":null},{"idAction":0,"codHier":"H-3344","codDiv":"DIV-3345","codNode":"CUST-3345","idLevel":10,"dteStart":"2026-01-01T00:00:00","codParentNode":"ROOT","dteEnd":null},{"idAction":0,"codHier":"H-3345","codDiv":"DIV-3345","codNode":"CUST-3345","idLevel":10,"dteStart":"2026-01-01T00:00:00","codParentNode":"ROOT","dteEnd":null},{"idAction":0,"codHier":"H-4","codDiv":"DIV-4","codNode":"CUST-4","idLevel":4,"dteStart":"2026-01-01T14:44:00","codParentNode":"ROOT","dteEnd":"2026-01-02T14:44:00"},{"idAction":0,"codHier":"H-5555","codDiv":"DIV-5555","codNode":"CUST-5555","idLevel":10,"dteStart":"2026-01-01T00:00:00","codParentNode":"ROOT","dteEnd":null},{"idAction":0,"codHier":"H-6000","codDiv":"DIV-6000","codNode":"CUST-6000","idLevel":10,"dteStart":"2026-01-01T00:00:00","codParentNode":"ROOT","dteEnd":"2026-12-31T00:00:00"},{"idAction":0,"codHier":"H-6666","codDiv":"DIV-6666","codNode":"CUST-6666","idLevel":10,"dteStart":"2026-01-17T01:30:00","codParentNode":"ROOT","dteEnd":"2026-01-18T01:30:00"},{"idAction":0,"codHier":"H-6767","codDiv":"DIV-6767","codNode":"CUST-6767","idLevel":5,"dteStart":"2026-01-01T12:15:00","codParentNode":"ROOT","dteEnd":"2026-01-08T12:15:00"},{"idAction":0,"codHier":"H-7000","codDiv":"DIV-7000","codNode":"CUST-7000","idLevel":10,"dteStart":"2026-01-01T00:00:00","codParentNode":"ROOT","dteEnd":null},{"idAction":0,"codHier":"H-7777","codDiv":"DIV-7777","codNode":"CUST-7777","idLevel":10,"dteStart":"2026-01-01T00:00:00","codParentNode":"ROOT","dteEnd":null},{"idAction":0,"codHier":"H-7878","codDiv":"DIV-7878","codNode":"CUST-7878","idLevel":3,"dteStart":"2026-01-18T11:43:00","codParentNode":"ROOT","dteEnd":"2026-01-19T11:43:00"},{"idAction":0,"codHier":"H-8000","codDiv":"DIV-8000","codNode":"CUST-8000","idLevel":10,"dteStart":"2026-01-01T00:00:00","codParentNode":"ROOT","dteEnd":null},{"idAction":0,"codHier":"H-8888","codDiv":"DIV-8888","codNode":"CUST-8888","idLevel":10,"dteStart":"2026-01-01T00:00:00","codParentNode":"ROOT","dteEnd":null},{"idAction":0,"codHier":"H-9000","codDiv":"DIV-9000","codNode":"CUST-9000","idLevel":10,"dteStart":"2026-01-01T00:00:00","codParentNode":"ROOT","dteEnd":null},{"idAction":0,"codHier":"H-9999","codDiv":"DIV-9999","codNode":"CUST-9999","idLevel":10,"dteStart":"2026-01-01T00:00:00","codParentNode":"ROOT","dteEnd":null},{"idAction":0,"codHier":"HIER_CORP","codDiv":"DIV01","codNode":"NODE_9111","idLevel":1,"dteStart":"2026-01-15T00:00:00","codParentNode":"ROOT_NODE","dteEnd":null}]
2026-02-03 10:42:52.104 +05:00 [INF] HTTP GET /api/promotions/customer-relations responded 200 in 33.6543 ms
2026-02-03 10:42:52.115 +05:00 [INF] HTTP GET /api/participants/all responded 200 in 20.3875 ms | User: ali (N/A) | IP: ::1 | RequestBody:  | ResponseBody: [{"idAction":3,"codParticipant":"N_1","flgInclusion":true,"codHier":"H_1","codDiv":"D_1","codNode":"N_1","idLevel":1,"dteStart":"2026-01-30T09:35:43.289"},{"idAction":3,"codParticipant":"NODE_3","flgInclusion":true,"codHier":"H_3","codDiv":"DIV_3","codNode":"NODE_3","idLevel":3,"dteStart":"2026-01-01T10:45:00"},{"idAction":3,"codParticipant":"NODE_5","flgInclusion":true,"codHier":"H_5","codDiv":"DIV_5","codNode":"NODE_5","idLevel":5,"dteStart":"2026-01-30T10:50:00"},{"idAction":5,"codParticipant":"NODE_5","flgInclusion":true,"codHier":"H_5","codDiv":"DIV_5","codNode":"NODE_5","idLevel":5,"dteStart":"2026-01-30T10:50:00"},{"idAction":6,"codParticipant":"N_9898","flgInclusion":true,"codHier":"H_999","codDiv":"D_5878","codNode":"N_878","idLevel":8,"dteStart":"2026-01-14T00:00:00"},{"idAction":6,"codParticipant":"NODE_3","flgInclusion":true,"codHier":"H_3","codDiv":"DIV_3","codNode":"NODE_3","idLevel":3,"dteStart":"2026-01-01T10:45:00"},{"idAction":6,"codParticipant":"NODE_5","flgInclusion":true,"codHier":"H_5","codDiv":"DIV_5","codNode":"NODE_5","idLevel":5,"dteStart":"2026-01-30T10:50:00"},{"idAction":6,"codParticipant":"NODE_6","flgInclusion":true,"codHier":"H_6","codDiv":"DIV_6","codNode":"NODE_6","idLevel":6,"dteStart":"2026-01-30T15:01:00"},{"idAction":6,"codParticipant":"NODE_676767","flgInclusion":true,"codHier":"H_676767","codDiv":"DIV_676767","codNode":"NODE_676767","idLevel":676767,"dteStart":"2026-01-31T00:00:00"},{"idAction":6,"codParticipant":"P-9000","flgInclusion":true,"codHier":"H-9000","codDiv":"DIV-9000","codNode":"CUST-9000","idLevel":10,"dteStart":"2026-01-01T00:00:00"},{"idAction":7,"codParticipant":"NODE_7","flgInclusion":true,"codHier":"H_7","codDiv":"DIV_7","codNode":"NODE_7","idLevel":7,"dteStart":"2026-02-02T12:04:00"},{"idAction":10,"codParticipant":"NODE_10","flgInclusion":true,"codHier":"H_10","codDiv":"DIV_10","codNode":"NODE_10","idLevel":10,"dteStart":"2026-01-01T14:45:00"},{"idAction":24,"codParticipant":"NODE_24","flgInclusion":true,"codHier":"H_24","codDiv":"DIV_24","codNode":"NODE_24","idLevel":24,"dteStart":"2026-02-04T12:48:00"},{"idAction":87,"codParticipant":"NODE_87","flgInclusion":true,"codHier":"H_87","codDiv":"DIV_87","codNode":"NODE_87","idLevel":87,"dteStart":"2026-02-06T14:07:00"},{"idAction":98,"codParticipant":"NODE_98","flgInclusion":true,"codHier":"H_98","codDiv":"DIV_98","codNode":"NODE_98","idLevel":98,"dteStart":"2026-01-30T18:25:00"},{"idAction":321,"codParticipant":"NODE_A","flgInclusion":true,"codHier":"H_A","codDiv":"DIV_A","codNode":"NODE_A","idLevel":1,"dteStart":"2026-02-01T18:26:00"},{"idAction":1111,"codParticipant":"NODE_1111","flgInclusion":true,"codHier":"H_1111","codDiv":"DIV_1111","codNode":"NODE_1111","idLevel":11,"dteStart":"2026-01-01T17:00:00"},{"idAction":2323,"codParticipant":"P-2323","flgInclusion":true,"codHier":"H-2323","codDiv":"D-2323","codNode":"C-2323","idLevel":4,"dteStart":"2026-01-01T12:48:00"},{"idAction":5005,"codParticipant":"","flgInclusion":true,"codHier":"H-9999","codDiv":"DIV-9999","codNode":"CUST-9999","idLevel":10,"dteStart":"2026-01-01T00:00:00"},{"idAction":6000,"codParticipant":"P-6000","flgInclusion":true,"codHier":"H-6000","codDiv":"DIV-6000","codNode":"CUST-6000","idLevel":10,"dteStart":"2026-01-01T00:00:00"},{"idAction":6767,"codParticipant":"P-6767","flgInclusion":false,"codHier":"H-6767","codDiv":"DIV-6767","codNode":"CUST-6767","idLevel":5,"dteStart":"2026-01-01T12:15:00"},{"idAction":7000,"codParticipant":"P-7000","flgInclusion":true,"codHier":"H-7000","codDiv":"DIV-7000","codNode":"CUST-7000","idLevel":10,"dteStart":"2026-01-01T00:00:00"},{"idAction":8888,"codParticipant":"P-8888","flgInclusion":true,"codHier":"H-8888","codDiv":"DIV-8888","codNode":"CUST-8888","idLevel":10,"dteStart":"2026-01-01T00:00:00"},{"idAction":9000,"codParticipant":"P-9000","flgInclusion":true,"codHier":"H-9000","codDiv":"DIV-9000","codNode":"CUST-9000","idLevel":10,"dteStart":"2026-01-01T00:00:00"},{"idAction":9999,"codParticipant":"P-9999","flgInclusion":true,"codHier":"H-9999","codDiv":"DIV-9999","codNode":"CUST-9999","idLevel":10,"dteStart":"2026-01-01T00:00:00"}]
2026-02-03 10:42:52.118 +05:00 [INF] HTTP GET /api/participants/all responded 200 in 24.1265 ms
2026-02-03 10:42:52.189 +05:00 [INF] HTTP GET /api/participants/all responded 200 in 8.0231 ms | User: ali (N/A) | IP: ::1 | RequestBody:  | ResponseBody: [{"idAction":3,"codParticipant":"N_1","flgInclusion":true,"codHier":"H_1","codDiv":"D_1","codNode":"N_1","idLevel":1,"dteStart":"2026-01-30T09:35:43.289"},{"idAction":3,"codParticipant":"NODE_3","flgInclusion":true,"codHier":"H_3","codDiv":"DIV_3","codNode":"NODE_3","idLevel":3,"dteStart":"2026-01-01T10:45:00"},{"idAction":3,"codParticipant":"NODE_5","flgInclusion":true,"codHier":"H_5","codDiv":"DIV_5","codNode":"NODE_5","idLevel":5,"dteStart":"2026-01-30T10:50:00"},{"idAction":5,"codParticipant":"NODE_5","flgInclusion":true,"codHier":"H_5","codDiv":"DIV_5","codNode":"NODE_5","idLevel":5,"dteStart":"2026-01-30T10:50:00"},{"idAction":6,"codParticipant":"N_9898","flgInclusion":true,"codHier":"H_999","codDiv":"D_5878","codNode":"N_878","idLevel":8,"dteStart":"2026-01-14T00:00:00"},{"idAction":6,"codParticipant":"NODE_3","flgInclusion":true,"codHier":"H_3","codDiv":"DIV_3","codNode":"NODE_3","idLevel":3,"dteStart":"2026-01-01T10:45:00"},{"idAction":6,"codParticipant":"NODE_5","flgInclusion":true,"codHier":"H_5","codDiv":"DIV_5","codNode":"NODE_5","idLevel":5,"dteStart":"2026-01-30T10:50:00"},{"idAction":6,"codParticipant":"NODE_6","flgInclusion":true,"codHier":"H_6","codDiv":"DIV_6","codNode":"NODE_6","idLevel":6,"dteStart":"2026-01-30T15:01:00"},{"idAction":6,"codParticipant":"NODE_676767","flgInclusion":true,"codHier":"H_676767","codDiv":"DIV_676767","codNode":"NODE_676767","idLevel":676767,"dteStart":"2026-01-31T00:00:00"},{"idAction":6,"codParticipant":"P-9000","flgInclusion":true,"codHier":"H-9000","codDiv":"DIV-9000","codNode":"CUST-9000","idLevel":10,"dteStart":"2026-01-01T00:00:00"},{"idAction":7,"codParticipant":"NODE_7","flgInclusion":true,"codHier":"H_7","codDiv":"DIV_7","codNode":"NODE_7","idLevel":7,"dteStart":"2026-02-02T12:04:00"},{"idAction":10,"codParticipant":"NODE_10","flgInclusion":true,"codHier":"H_10","codDiv":"DIV_10","codNode":"NODE_10","idLevel":10,"dteStart":"2026-01-01T14:45:00"},{"idAction":24,"codParticipant":"NODE_24","flgInclusion":true,"codHier":"H_24","codDiv":"DIV_24","codNode":"NODE_24","idLevel":24,"dteStart":"2026-02-04T12:48:00"},{"idAction":87,"codParticipant":"NODE_87","flgInclusion":true,"codHier":"H_87","codDiv":"DIV_87","codNode":"NODE_87","idLevel":87,"dteStart":"2026-02-06T14:07:00"},{"idAction":98,"codParticipant":"NODE_98","flgInclusion":true,"codHier":"H_98","codDiv":"DIV_98","codNode":"NODE_98","idLevel":98,"dteStart":"2026-01-30T18:25:00"},{"idAction":321,"codParticipant":"NODE_A","flgInclusion":true,"codHier":"H_A","codDiv":"DIV_A","codNode":"NODE_A","idLevel":1,"dteStart":"2026-02-01T18:26:00"},{"idAction":1111,"codParticipant":"NODE_1111","flgInclusion":true,"codHier":"H_1111","codDiv":"DIV_1111","codNode":"NODE_1111","idLevel":11,"dteStart":"2026-01-01T17:00:00"},{"idAction":2323,"codParticipant":"P-2323","flgInclusion":true,"codHier":"H-2323","codDiv":"D-2323","codNode":"C-2323","idLevel":4,"dteStart":"2026-01-01T12:48:00"},{"idAction":5005,"codParticipant":"","flgInclusion":true,"codHier":"H-9999","codDiv":"DIV-9999","codNode":"CUST-9999","idLevel":10,"dteStart":"2026-01-01T00:00:00"},{"idAction":6000,"codParticipant":"P-6000","flgInclusion":true,"codHier":"H-6000","codDiv":"DIV-6000","codNode":"CUST-6000","idLevel":10,"dteStart":"2026-01-01T00:00:00"},{"idAction":6767,"codParticipant":"P-6767","flgInclusion":false,"codHier":"H-6767","codDiv":"DIV-6767","codNode":"CUST-6767","idLevel":5,"dteStart":"2026-01-01T12:15:00"},{"idAction":7000,"codParticipant":"P-7000","flgInclusion":true,"codHier":"H-7000","codDiv":"DIV-7000","codNode":"CUST-7000","idLevel":10,"dteStart":"2026-01-01T00:00:00"},{"idAction":8888,"codParticipant":"P-8888","flgInclusion":true,"codHier":"H-8888","codDiv":"DIV-8888","codNode":"CUST-8888","idLevel":10,"dteStart":"2026-01-01T00:00:00"},{"idAction":9000,"codParticipant":"P-9000","flgInclusion":true,"codHier":"H-9000","codDiv":"DIV-9000","codNode":"CUST-9000","idLevel":10,"dteStart":"2026-01-01T00:00:00"},{"idAction":9999,"codParticipant":"P-9999","flgInclusion":true,"codHier":"H-9999","codDiv":"DIV-9999","codNode":"CUST-9999","idLevel":10,"dteStart":"2026-01-01T00:00:00"}]
2026-02-03 10:42:52.200 +05:00 [INF] HTTP GET /api/participants/all responded 200 in 18.9193 ms
2026-02-03 10:42:52.201 +05:00 [INF] HTTP GET /api/promotions/delivery-points responded 200 in 11.6969 ms | User: ali (N/A) | IP: ::1 | RequestBody:  | ResponseBody: [{"idAction":3,"codDeliveryPoint":"D_1","flgInclusion":true,"codHier":"H_1","codDiv":"D_1","codNode":"D_1","idLevel":1,"dteStart":"2026-01-30T00:00:00"},{"idAction":3,"codDeliveryPoint":"NODE_3","flgInclusion":false,"codHier":"H_3","codDiv":"DIV_3","codNode":"NODE_3","idLevel":3,"dteStart":"2026-01-01T10:45:00"},{"idAction":3,"codDeliveryPoint":"NODE_5","flgInclusion":false,"codHier":"H_5","codDiv":"DIV_5","codNode":"NODE_5","idLevel":5,"dteStart":"2026-01-30T10:50:00"},{"idAction":5,"codDeliveryPoint":"NODE_5","flgInclusion":false,"codHier":"H_5","codDiv":"DIV_5","codNode":"NODE_5","idLevel":5,"dteStart":"2026-01-30T10:50:00"},{"idAction":6,"codDeliveryPoint":"D_1","flgInclusion":true,"codHier":"H_1","codDiv":"D_1","codNode":"D_1","idLevel":1,"dteStart":"2026-01-30T00:00:00"},{"idAction":6,"codDeliveryPoint":"D_656565","flgInclusion":true,"codHier":"H_656565","codDiv":"DIV_656565","codNode":"C_656565","idLevel":9,"dteStart":"2026-01-20T00:00:00"},{"idAction":6,"codDeliveryPoint":"NODE_3","flgInclusion":false,"codHier":"H_3","codDiv":"DIV_3","codNode":"NODE_3","idLevel":3,"dteStart":"2026-01-01T10:45:00"},{"idAction":6,"codDeliveryPoint":"NODE_5","flgInclusion":false,"codHier":"H_5","codDiv":"DIV_5","codNode":"NODE_5","idLevel":5,"dteStart":"2026-01-30T10:50:00"},{"idAction":6,"codDeliveryPoint":"NODE_6","flgInclusion":true,"codHier":"H_6","codDiv":"DIV_6","codNode":"NODE_6","idLevel":6,"dteStart":"2026-01-30T15:01:00"},{"idAction":7,"codDeliveryPoint":"NODE_7","flgInclusion":true,"codHier":"H_7","codDiv":"DIV_7","codNode":"NODE_7","idLevel":7,"dteStart":"2026-02-02T12:04:00"},{"idAction":10,"codDeliveryPoint":"NODE_10","flgInclusion":true,"codHier":"H_10","codDiv":"DIV_10","codNode":"NODE_10","idLevel":10,"dteStart":"2026-01-01T14:45:00"},{"idAction":24,"codDeliveryPoint":"NODE_24","flgInclusion":true,"codHier":"H_24","codDiv":"DIV_24","codNode":"NODE_24","idLevel":24,"dteStart":"2026-02-04T12:48:00"},{"idAction":87,"codDeliveryPoint":"NODE_87","flgInclusion":true,"codHier":"H_87","codDiv":"DIV_87","codNode":"NODE_87","idLevel":87,"dteStart":"2026-02-06T14:07:00"},{"idAction":98,"codDeliveryPoint":"NODE_98","flgInclusion":true,"codHier":"H_98","codDiv":"DIV_98","codNode":"NODE_98","idLevel":98,"dteStart":"2026-01-30T18:25:00"},{"idAction":321,"codDeliveryPoint":"NODE_A","flgInclusion":true,"codHier":"H_A","codDiv":"DIV_A","codNode":"NODE_A","idLevel":1,"dteStart":"2026-02-01T18:26:00"},{"idAction":1111,"codDeliveryPoint":"NODE_1111","flgInclusion":true,"codHier":"H_1111","codDiv":"DIV_1111","codNode":"NODE_1111","idLevel":11,"dteStart":"2026-01-01T17:00:00"},{"idAction":5005,"codDeliveryPoint":"","flgInclusion":true,"codHier":"H-2255","codDiv":"DIV-2255","codNode":"CUST-2255","idLevel":10,"dteStart":"2026-01-01T00:00:00"},{"idAction":6767,"codDeliveryPoint":"DP-6767","flgInclusion":true,"codHier":"H-6767","codDiv":"DIV-6767","codNode":"CUST-6767","idLevel":5,"dteStart":"2026-01-01T12:15:00"},{"idAction":7000,"codDeliveryPoint":"DP-7000","flgInclusion":true,"codHier":"H-7000","codDiv":"DIV-7000","codNode":"CUST-7000","idLevel":10,"dteStart":"2026-01-01T00:00:00"}]
2026-02-03 10:42:52.206 +05:00 [INF] HTTP GET /api/promotions/delivery-points responded 200 in 16.4360 ms
2026-02-03 10:42:52.271 +05:00 [INF] HTTP GET /api/promotions/delivery-points responded 200 in 5.1681 ms | User: ali (N/A) | IP: ::1 | RequestBody:  | ResponseBody: [{"idAction":3,"codDeliveryPoint":"D_1","flgInclusion":true,"codHier":"H_1","codDiv":"D_1","codNode":"D_1","idLevel":1,"dteStart":"2026-01-30T00:00:00"},{"idAction":3,"codDeliveryPoint":"NODE_3","flgInclusion":false,"codHier":"H_3","codDiv":"DIV_3","codNode":"NODE_3","idLevel":3,"dteStart":"2026-01-01T10:45:00"},{"idAction":3,"codDeliveryPoint":"NODE_5","flgInclusion":false,"codHier":"H_5","codDiv":"DIV_5","codNode":"NODE_5","idLevel":5,"dteStart":"2026-01-30T10:50:00"},{"idAction":5,"codDeliveryPoint":"NODE_5","flgInclusion":false,"codHier":"H_5","codDiv":"DIV_5","codNode":"NODE_5","idLevel":5,"dteStart":"2026-01-30T10:50:00"},{"idAction":6,"codDeliveryPoint":"D_1","flgInclusion":true,"codHier":"H_1","codDiv":"D_1","codNode":"D_1","idLevel":1,"dteStart":"2026-01-30T00:00:00"},{"idAction":6,"codDeliveryPoint":"D_656565","flgInclusion":true,"codHier":"H_656565","codDiv":"DIV_656565","codNode":"C_656565","idLevel":9,"dteStart":"2026-01-20T00:00:00"},{"idAction":6,"codDeliveryPoint":"NODE_3","flgInclusion":false,"codHier":"H_3","codDiv":"DIV_3","codNode":"NODE_3","idLevel":3,"dteStart":"2026-01-01T10:45:00"},{"idAction":6,"codDeliveryPoint":"NODE_5","flgInclusion":false,"codHier":"H_5","codDiv":"DIV_5","codNode":"NODE_5","idLevel":5,"dteStart":"2026-01-30T10:50:00"},{"idAction":6,"codDeliveryPoint":"NODE_6","flgInclusion":true,"codHier":"H_6","codDiv":"DIV_6","codNode":"NODE_6","idLevel":6,"dteStart":"2026-01-30T15:01:00"},{"idAction":7,"codDeliveryPoint":"NODE_7","flgInclusion":true,"codHier":"H_7","codDiv":"DIV_7","codNode":"NODE_7","idLevel":7,"dteStart":"2026-02-02T12:04:00"},{"idAction":10,"codDeliveryPoint":"NODE_10","flgInclusion":true,"codHier":"H_10","codDiv":"DIV_10","codNode":"NODE_10","idLevel":10,"dteStart":"2026-01-01T14:45:00"},{"idAction":24,"codDeliveryPoint":"NODE_24","flgInclusion":true,"codHier":"H_24","codDiv":"DIV_24","codNode":"NODE_24","idLevel":24,"dteStart":"2026-02-04T12:48:00"},{"idAction":87,"codDeliveryPoint":"NODE_87","flgInclusion":true,"codHier":"H_87","codDiv":"DIV_87","codNode":"NODE_87","idLevel":87,"dteStart":"2026-02-06T14:07:00"},{"idAction":98,"codDeliveryPoint":"NODE_98","flgInclusion":true,"codHier":"H_98","codDiv":"DIV_98","codNode":"NODE_98","idLevel":98,"dteStart":"2026-01-30T18:25:00"},{"idAction":321,"codDeliveryPoint":"NODE_A","flgInclusion":true,"codHier":"H_A","codDiv":"DIV_A","codNode":"NODE_A","idLevel":1,"dteStart":"2026-02-01T18:26:00"},{"idAction":1111,"codDeliveryPoint":"NODE_1111","flgInclusion":true,"codHier":"H_1111","codDiv":"DIV_1111","codNode":"NODE_1111","idLevel":11,"dteStart":"2026-01-01T17:00:00"},{"idAction":5005,"codDeliveryPoint":"","flgInclusion":true,"codHier":"H-2255","codDiv":"DIV-2255","codNode":"CUST-2255","idLevel":10,"dteStart":"2026-01-01T00:00:00"},{"idAction":6767,"codDeliveryPoint":"DP-6767","flgInclusion":true,"codHier":"H-6767","codDiv":"DIV-6767","codNode":"CUST-6767","idLevel":5,"dteStart":"2026-01-01T12:15:00"},{"idAction":7000,"codDeliveryPoint":"DP-7000","flgInclusion":true,"codHier":"H-7000","codDiv":"DIV-7000","codNode":"CUST-7000","idLevel":10,"dteStart":"2026-01-01T00:00:00"}]
2026-02-03 10:42:52.277 +05:00 [INF] HTTP GET /api/promotions/delivery-points responded 200 in 11.6773 ms
