2026-02-11 12:28:17.819 +05:00 [INF]  Promotion API started successfully
2026-02-11 12:28:18.042 +05:00 [INF]  Health Monitoring Service started
2026-02-11 12:28:19.658 +05:00 [WRN] No store type was specified for the decimal property 'NumMeasure' on entity type 'PromoProduct'. This will cause values to be silently truncated if they do not fit in the default precision and scale. Explicitly specify the SQL server column type that can accommodate all the values in 'OnModelCreating' using 'HasColumnType', specify precision and scale using 'HasPrecision', or configure a value converter using 'HasConversion'.
2026-02-11 12:28:19.670 +05:00 [WRN] No store type was specified for the decimal property 'PerceDiscount1' on entity type 'PromoProduct'. This will cause values to be silently truncated if they do not fit in the default precision and scale. Explicitly specify the SQL server column type that can accommodate all the values in 'OnModelCreating' using 'HasColumnType', specify precision and scale using 'HasPrecision', or configure a value converter using 'HasConversion'.
2026-02-11 12:28:19.675 +05:00 [WRN] No store type was specified for the decimal property 'PerceDiscount2' on entity type 'PromoProduct'. This will cause values to be silently truncated if they do not fit in the default precision and scale. Explicitly specify the SQL server column type that can accommodate all the values in 'OnModelCreating' using 'HasColumnType', specify precision and scale using 'HasPrecision', or configure a value converter using 'HasConversion'.
2026-02-11 12:28:19.677 +05:00 [WRN] No store type was specified for the decimal property 'QtyEstimated' on entity type 'PromoProduct'. This will cause values to be silently truncated if they do not fit in the default precision and scale. Explicitly specify the SQL server column type that can accommodate all the values in 'OnModelCreating' using 'HasColumnType', specify precision and scale using 'HasPrecision', or configure a value converter using 'HasConversion'.
2026-02-11 12:28:25.729 +05:00 [INF] HTTP GET /swagger/index.html responded 200 in 177.5256 ms | User: Anonymous (N/A) | IP: ::1 | RequestBody:  | ResponseBody: <!-- HTML for static distribution bundle build -->
<!DOCTYPE html>
<html lang="en">
<head>
    <meta charset="UTF-8">
    <title>Swagger UI</title>
    <link rel="stylesheet" type="text/css" href="./swagger-ui.css">
    <link rel="icon" type="image/png" href="./favicon-32x32.png" sizes="32x32" />
    <link rel="icon" type="image/png" href="./favicon-16x16.png" sizes="16x16" />
    <style>

        html {
            box-sizing: border-box;
            overflow: -moz-scrollbars-vertical;
            overflow-y: scroll;
        }

        *,
        *:before,
        *:after {
            box-sizing: inherit;
        }

        body {
            margin: 0;
            background: #fafafa;
        }
    </style>
    
</head>

<body>
    <div id="swagger-ui"></div>

    <!-- Workaround for https://github.com/swagger-api/swagger-editor/issues/1371 -->
    <script>
        if (window.navigator.userAgent.indexOf("Edge") > -1) {
            console.log("Removing native Edge fetch in favor of swagger-ui's polyfill")
            window.fetch = undefined;
        }
    </script>

    <script src="./swagger-ui-bundle.js"></script>
    <script src="./swagger-ui-standalone-preset.js"></script>
    <script>
        /* Source: https://gist.github.com/lamberta/3768814
         * Parse a string function definition and return a function object. Does not use eval.
         * @param {string} str
         * @return {function}
         *
         * Example:
         *  var f = function (x, y) { return x * y; };
         *  var g = parseFunction(f.toString());
         *  g(33, 3); //=> 99
         */
        function parseFunction(str) {
            if (!str) return void (0);

            var fn_body_idx = str.indexOf('{'),
                fn_body = str.substring(fn_body_idx + 1, str.lastIndexOf('}')),
                fn_declare = str.substring(0, fn_body_idx),
                fn_params = fn_declare.substring(fn_declare.indexOf('(') + 1, fn_declare.lastIndexOf(')')),
                args = fn_params.split(',');

            args.push(fn_body);

            function Fn() {
                return Function.apply(this, args);
            }
            Fn.prototype = Function.prototype;

            return new Fn();
        }

        window.onload = function () {
            var configObject = JSON.parse('{"urls":[{"url":"v1/swagger.json","name":"Promotions.Api v1"}],"deepLinking":false,"persistAuthorization":false,"displayOperationId":false,"defaultModelsExpandDepth":1,"defaultModelExpandDepth":1,"defaultModelRendering":"example","displayRequestDuration":false,"docExpansion":"list","showExtensions":false,"showCommonExtensions":false,"supportedSubmitMethods":["get","put","post","delete","options","head","patch","trace"],"tryItOutEnabled":false}');
            var oauthConfigObject = JSON.parse('{"scopeSeparator":" ","scopes":[],"useBasicAuthenticationWithAccessCodeGrant":false,"usePkceWithAuthorizationCodeGrant":false}');

            // Workaround for https://github.com/swagger-api/swagger-ui/issues/5945
            configObject.urls.forEach(function (item) {
                if (item.url.startsWith("http") || item.url.startsWith("/")) return;
                item.url = window.location.href.replace("index.html", item.url).split('#')[0];
            });

            // If validatorUrl is not explicitly provided, disable the feature by setting to null
            if (!configObject.hasOwnProperty("validatorUrl"))
                configObject.validatorUrl = null

            // If oauth2RedirectUrl isn't specified, use the built-in default
            if (!configObject.hasOwnProperty("oauth2RedirectUrl"))
                configObject.oauth2RedirectUrl = (new URL("oauth2-redirect.html", window.location.href)).href;

            // Apply mandatory parameters
            configObject.dom_id = "#swagger-ui";
            configObject.presets = [SwaggerUIBundle.presets.apis, SwaggerUIStandalonePreset];
            configObject.layout = "StandaloneLayout";

            // Parse and add interceptor functions
            var interceptors = JSON.parse('{}');
            if (interceptors.RequestInterceptorFunction)
                configObject.requestInterceptor = parseFunction(interceptors.RequestInterceptorFunction);
            if (interceptors.ResponseInterceptorFunction)
                configObject.responseInterceptor = parseFunction(interceptors.ResponseInterceptorFunction);

            // Begin Swagger UI call region

            const ui = SwaggerUIBundle(configObject);

            ui.initOAuth(oauthConfigObject);

            // End Swagger UI call region

            window.ui = ui
        }
    </script>
</body>
</html>

2026-02-11 12:28:25.840 +05:00 [INF] HTTP GET /swagger/index.html responded 200 in 339.8485 ms
2026-02-11 12:28:28.009 +05:00 [INF] HTTP GET /swagger/v1/swagger.json responded 200 in 102.8809 ms | User: Anonymous (N/A) | IP: ::1 | RequestBody:  | ResponseBody: {
  "openapi": "3.0.1",
  "info": {
    "title": "Promotions.Api",
    "version": "1.0"
  },
  "paths": {
    "/api/promotions/customer-relations": {
      "post": {
        "tags": [
          "CustomerRelations"
        ],
        "requestBody": {
          "content": {
            "application/json": {
              "schema": {
                "$ref": "#/components/schemas/CreateCustomerRelationDto"
              }
            },
            "text/json": {
              "schema": {
                "$ref": "#/components/schemas/CreateCustomerRelationDto"
              }
            },
            "application/*+json": {
              "schema": {
                "$ref": "#/components/schemas/CreateCustomerRelationDto"
              }
            }
          }
        },
        "responses": {
          "200": {
            "description": "OK"
          }
        }
      },
      "get": {
        "tags": [
          "CustomerRelations"
        ],
        "responses": {
          "200": {
            "description": "OK"
          }
        }
      },
      "put": {
        "tags": [
          "CustomerRelations"
        ],
        "parameters": [
          {
            "name": "codHier",
            "in": "query",
            "schema": {
              "type": "string"
            }
          },
          {
            "name": "codDiv",
            "in": "query",
            "schema": {
              "type": "string"
            }
          },
          {
            "name": "codNode",
            "in": "query",
            "schema": {
              "type": "string"
            }
          },
          {
            "name": "idLevel",
            "in": "query",
            "schema": {
              "type": "integer",
              "format": "int32"
            }
          },
          {
            "name": "dteStart",
            "in": "query",
            "schema": {
              "type": "string",
              "format": "date-time"
            }
          }
        ],
        "requestBody": {
          "content": {
            "application/json": {
              "schema": {
                "$ref": "#/components/schemas/UpdateCustomerRelationDto"
              }
            },
            "text/json": {
              "schema": {
                "$ref": "#/components/schemas/UpdateCustomerRelationDto"
              }
            },
            "application/*+json": {
              "schema": {
                "$ref": "#/components/schemas/UpdateCustomerRelationDto"
              }
            }
          }
        },
        "responses": {
          "200": {
            "description": "OK"
          }
        }
      },
      "delete": {
        "tags": [
          "CustomerRelations"
        ],
        "parameters": [
          {
            "name": "codHier",
            "in": "query",
            "schema": {
              "type": "string"
            }
          },
          {
            "name": "codDiv",
            "in": "query",
            "schema": {
              "type": "string"
            }
          },
          {
            "name": "codNode",
            "in": "query",
            "schema": {
              "type": "string"
            }
          },
          {
            "name": "idLevel",
            "in": "query",
            "schema": {
              "type": "integer",
              "format": "int32"
            }
          },
          {
            "name": "dteStart",
            "in": "query",
            "schema": {
              "type": "string",
              "format": "date-time"
            }
          }
        ],
        "responses": {
          "200": {
            "description": "OK"
          }
        }
      }
    },
    "/api/promotions/customer-relations/{codHier}/{codDiv}/{codNode}/{idLevel}/{dteStart}": {
      "get": {
        "tags": [
          "CustomerRelations"
        ],
        "parameters": [
          {
            "name": "codHier",
            "in": "path",
            "required": true,
            "schema": {
              "type": "string"
            }
          },
          {
            "name": "codDiv",
            "in": "path",
            "required": true,
            "schema": {
              "type": "string"
            }
          },
          {
            "name": "codNode",
            "in": "path",
            "required": true,
            "schema": {
              "type": "string"
            }
          },
          {
            "name": "idLevel",
            "in": "path",
            "required": true,
            "schema": {
              "type": "integer",
              "format": "int32"
            }
          },
          {
            "name": "dteStart",
            "in": "path",
            "required": true,
            "schema": {
              "type": "string",
              "format": "date-time"
            }
          }
        ],
        "responses": {
          "200": {
            "description": "OK"
          }
        }
      }
    },
    "/api/promotions/dashboard/metrics": {
      "get": {
        "tags": [
          "Dashboard"
        ],
        "responses": {
          "200": {
            "description": "OK"
          }
        }
      }
    },
    "/api/Health": {
      "get": {
        "tags": [
          "Health"
        ],
        "responses": {
          "200": {
            "description": "OK"
          }
        }
      }
    },
    "/api/Health/detailed": {
      "get": {
        "tags": [
          "Health"
        ],
        "responses": {
          "200": {
            "description": "OK"
          }
        }
      }
    },
    "/api/Logging/level": {
      "get": {
        "tags": [
          "Logging"
        ],
        "responses": {
          "200": {
            "description": "OK"
          }
        }
      },
      "post": {
        "tags": [
          "Logging"
        ],
        "requestBody": {
          "content": {
            "application/json": {
              "schema": {
                "$ref": "#/components/schemas/SetLogLevelRequest"
              }
            },
            "text/json": {
              "schema": {
                "$ref": "#/components/schemas/SetLogLevelRequest"
              }
            },
            "application/*+json": {
              "schema": {
                "$ref": "#/components/schemas/SetLogLevelRequest"
              }
            }
          }
        },
        "responses": {
          "200": {
            "description": "OK"
          }
        }
      }
    },
    "/api/actions/{idAction}/participants": {
      "post": {
        "tags": [
          "Participants"
        ],
        "parameters": [
          {
            "name": "idAction",
            "in": "path",
            "required": true,
            "schema": {
              "type": "integer",
              "format": "int32"
            }
          }
        ],
        "requestBody": {
          "content": {
            "application/json": {
              "schema": {
                "$ref": "#/components/schemas/CreateParticipantDto"
              }
            },
            "text/json": {
              "schema": {
                "$ref": "#/components/schemas/CreateParticipantDto"
              }
            },
            "application/*+json": {
              "schema": {
                "$ref": "#/components/schemas/CreateParticipantDto"
              }
            }
          }
        },
        "responses": {
          "200": {
            "description": "OK"
          }
        }
      },
      "get": {
        "tags": [
          "Participants"
        ],
        "parameters": [
          {
            "name": "idAction",
            "in": "path",
            "required": true,
            "schema": {
              "type": "integer",
              "format": "int32"
            }
          }
        ],
        "responses": {
          "200": {
            "description": "OK"
          }
        }
      }
    },
    "/api/actions/{idAction}/participants/{codParticipant}": {
      "put": {
        "tags": [
          "Participants"
        ],
        "parameters": [
          {
            "name": "idAction",
            "in": "path",
            "required": true,
            "schema": {
              "type": "integer",
              "format": "int32"
            }
          },
          {
            "name": "codParticipant",
            "in": "path",
            "required": true,
            "schema": {
              "type": "string"
            }
          }
        ],
        "requestBody": {
          "content": {
            "application/json": {
              "schema": {
                "$ref": "#/components/schemas/UpdateParticipantDto"
              }
            },
            "text/json": {
              "schema": {
                "$ref": "#/components/schemas/UpdateParticipantDto"
              }
            },
            "application/*+json": {
              "schema": {
                "$ref": "#/components/schemas/UpdateParticipantDto"
              }
            }
          }
        },
        "responses": {
          "200": {
            "description": "OK"
          }
        }
      },
      "delete": {
        "tags": [
          "Participants"
        ],
        "parameters": [
          {
            "name": "idAction",
            "in": "path",
            "required": true,
            "schema": {
              "type": "integer",
              "format": "int32"
            }
          },
          {
            "name": "codParticipant",
            "in": "path",
            "required": true,
            "schema": {
              "type": "string"
            }
          }
        ],
        "responses": {
          "200": {
            "description": "OK"
          }
        }
      }
    },
    "/api/participants/all": {
      "get": {
        "tags": [
          "Participants"
        ],
        "responses": {
          "200": {
            "description": "OK"
          }
        }
      }
    },
    "/api/promotions/actions": {
      "post": {
        "tags": [
          "Promotion Actions"
        ],
        "requestBody": {
          "content": {
            "application/json": {
              "schema": {
                "$ref": "#/components/schemas/CreatePromoActionDto"
              }
            },
            "text/json": {
              "schema": {
                "$ref": "#/components/schemas/CreatePromoActionDto"
              }
            },
            "application/*+json": {
              "schema": {
                "$ref": "#/components/schemas/CreatePromoActionDto"
              }
            }
          }
        },
        "responses": {
          "200": {
            "description": "OK"
          }
        }
      },
      "get": {
        "tags": [
          "Promotion Actions"
        ],
        "responses": {
          "200": {
            "description": "OK"
          }
        }
      },
      "put": {
        "tags": [
          "Promotion Actions"
        ],
        "parameters": [
          {
            "name": "idAction",
            "in": "query",
            "schema": {
              "type": "integer",
              "format": "int32"
            }
          }
        ],
        "requestBody": {
          "content": {
            "application/json": {
              "schema": {
                "$ref": "#/components/schemas/UpdatePromoActionDto"
              }
            },
            "text/json": {
              "schema": {
                "$ref": "#/components/schemas/UpdatePromoActionDto"
              }
            },
            "application/*+json": {
              "schema": {
                "$ref": "#/components/schemas/UpdatePromoActionDto"
              }
            }
          }
        },
        "responses": {
          "200": {
            "description": "OK"
          }
        }
      },
      "delete": {
        "tags": [
          "Promotion Actions"
        ],
        "parameters": [
          {
            "name": "idAction",
            "in": "query",
            "schema": {
              "type": "integer",
              "format": "int32"
            }
          }
        ],
        "responses": {
          "200": {
            "description": "OK"
          }
        }
      }
    },
    "/api/promotions/actions/atomic": {
      "post": {
        "tags": [
          "Promotion Actions"
        ],
        "requestBody": {
          "content": {
            "application/json": {
              "schema": {
                "$ref": "#/components/schemas/AtomicCreatePromoActionDto"
              }
            },
            "text/json": {
              "schema": {
                "$ref": "#/components/schemas/AtomicCreatePromoActionDto"
              }
            },
            "application/*+json": {
              "schema": {
                "$ref": "#/components/schemas/AtomicCreatePromoActionDto"
              }
            }
          }
        },
        "responses": {
          "200": {
            "description": "OK"
          }
        }
      }
    },
    "/api/promotions/actions/{idAction}": {
      "get": {
        "tags": [
          "Promotion Actions"
        ],
        "parameters": [
          {
            "name": "idAction",
            "in": "path",
            "required": true,
            "schema": {
              "type": "integer",
              "format": "int32"
            }
          }
        ],
        "responses": {
          "200": {
            "description": "OK"
          }
        }
      }
    },
    "/api/promotions/actions/{idAction}/complete": {
      "get": {
        "tags": [
          "Promotion Actions"
        ],
        "parameters": [
          {
            "name": "idAction",
            "in": "path",
            "required": true,
            "schema": {
              "type": "integer",
              "format": "int32"
            }
          }
        ],
        "responses": {
          "200": {
            "description": "OK"
          }
        }
      }
    },
    "/api/promotions/promo-articles": {
      "post": {
        "tags": [
          "Promotion Articles"
        ],
        "requestBody": {
          "content": {
            "application/json": {
              "schema": {
                "$ref": "#/components/schemas/CreatePromoArticleDto"
              }
            },
            "text/json": {
              "schema": {
                "$ref": "#/components/schemas/CreatePromoArticleDto"
              }
            },
            "application/*+json": {
              "schema": {
                "$ref": "#/components/schemas/CreatePromoArticleDto"
              }
            }
          }
        },
        "responses": {
          "200": {
            "description": "OK"
          }
        }
      },
      "get": {
        "tags": [
          "Promotion Articles"
        ],
        "responses": {
          "200": {
            "description": "OK"
          }
        }
      },
      "put": {
        "tags": [
          "Promotion Articles"
        ],
        "parameters": [
          {
            "name": "codDiv",
            "in": "query",
            "schema": {
              "type": "string"
            }
          },
          {
            "name": "codNode",
            "in": "query",
            "schema": {
              "type": "string"
            }
          }
        ],
        "requestBody": {
          "content": {
            "application/json": {
              "schema": {
                "$ref": "#/components/schemas/UpdatePromoArticleDto"
              }
            },
            "text/json": {
              "schema": {
                "$ref": "#/components/schemas/UpdatePromoArticleDto"
              }
            },
            "application/*+json": {
              "schema": {
                "$ref": "#/components/schemas/UpdatePromoArticleDto"
              }
            }
          }
        },
        "responses": {
          "200": {
            "description": "OK"
          }
        }
      },
      "delete": {
        "tags": [
          "Promotion Articles"
        ],
        "parameters": [
          {
            "name": "codDiv",
            "in": "query",
            "schema": {
              "type": "string"
            }
          },
          {
            "name": "codNode",
            "in": "query",
            "schema": {
              "type": "string"
            }
          }
        ],
        "responses": {
          "200": {
            "description": "OK"
          }
        }
      }
    },
    "/api/promotions/promo-articles/find": {
      "get": {
        "tags": [
          "Promotion Articles"
        ],
        "parameters": [
          {
            "name": "codDiv",
            "in": "query",
            "schema": {
              "type": "string"
            }
          },
          {
            "name": "codNode",
            "in": "query",
            "schema": {
              "type": "string"
            }
          }
        ],
        "responses": {
          "200": {
            "description": "OK"
          }
        }
      }
    },
    "/api/promotions/delivery-points/{idAction}/{codDeliveryPoint}": {
      "post": {
        "tags": [
          "Promotion Delivery Points"
        ],
        "parameters": [
          {
            "name": "idAction",
            "in": "path",
            "required": true,
            "schema": {
              "type": "integer",
              "format": "int32"
            }
          },
          {
            "name": "codDeliveryPoint",
            "in": "path",
            "required": true,
            "schema": {
              "type": "string"
            }
          }
        ],
        "requestBody": {
          "content": {
            "application/json": {
              "schema": {
                "$ref": "#/components/schemas/CreateDeliveryPointDto"
              }
            },
            "text/json": {
              "schema": {
                "$ref": "#/components/schemas/CreateDeliveryPointDto"
              }
            },
            "application/*+json": {
              "schema": {
                "$ref": "#/components/schemas/CreateDeliveryPointDto"
              }
            }
          }
        },
        "responses": {
          "200": {
            "description": "OK"
          }
        }
      },
      "get": {
        "tags": [
          "Promotion Delivery Points"
        ],
        "parameters": [
          {
            "name": "idAction",
            "in": "path",
            "required": true,
            "schema": {
              "type": "integer",
              "format": "int32"
            }
          },
          {
            "name": "codDeliveryPoint",
            "in": "path",
            "required": true,
            "schema": {
              "type": "string"
            }
          }
        ],
        "responses": {
          "200": {
            "description": "OK"
          }
        }
      },
      "put": {
        "tags": [
          "Promotion Delivery Points"
        ],
        "parameters": [
          {
            "name": "idAction",
            "in": "path",
            "required": true,
            "schema": {
              "type": "integer",
              "format": "int32"
            }
          },
          {
            "name": "codDeliveryPoint",
            "in": "path",
            "required": true,
            "schema": {
              "type": "string"
            }
          }
        ],
        "requestBody": {
          "content": {
            "application/json": {
              "schema": {
                "$ref": "#/components/schemas/UpdateDeliveryPointDto"
              }
            },
            "text/json": {
              "schema": {
                "$ref": "#/components/schemas/UpdateDeliveryPointDto"
              }
            },
            "application/*+json": {
              "schema": {
                "$ref": "#/components/schemas/UpdateDeliveryPointDto"
              }
            }
          }
        },
        "responses": {
          "200": {
            "description": "OK"
          }
        }
      },
      "delete": {
        "tags": [
          "Promotion Delivery Points"
        ],
        "parameters": [
          {
            "name": "idAction",
            "in": "path",
            "required": true,
            "schema": {
              "type": "integer",
              "format": "int32"
            }
          },
          {
            "name": "codDeliveryPoint",
            "in": "path",
            "required": true,
            "schema": {
              "type": "string"
            }
          }
        ],
        "responses": {
          "200": {
            "description": "OK"
          }
        }
      }
    },
    "/api/promotions/delivery-points": {
      "get": {
        "tags": [
          "Promotion Delivery Points"
        ],
        "responses": {
          "200": {
            "description": "OK"
          }
        }
      }
    },
    "/api/promotions/measures": {
      "post": {
        "tags": [
          "Promotion Measures"
        ],
        "requestBody": {
          "content": {
            "application/json": {
              "schema": {
                "$ref": "#/components/schemas/PromoMeasureFieldDto"
              }
            },
            "text/json": {
              "schema": {
                "$ref": "#/components/schemas/PromoMeasureFieldDto"
              }
            },
            "application/*+json": {
              "schema": {
                "$ref": "#/components/schemas/PromoMeasureFieldDto"
              }
            }
          }
        },
        "responses": {
          "200": {
            "description": "OK"
          }
        }
      },
      "get": {
        "tags": [
          "Promotion Measures"
        ],
        "responses": {
          "200": {
            "description": "OK"
          }
        }
      }
    },
    "/api/promotions/measures/{codMeasure}/{codDiv}/{fieldName}": {
      "get": {
        "tags": [
          "Promotion Measures"
        ],
        "parameters": [
          {
            "name": "codMeasure",
            "in": "path",
            "required": true,
            "schema": {
              "type": "string"
            }
          },
          {
            "name": "codDiv",
            "in": "path",
            "required": true,
            "schema": {
              "type": "string"
            }
          },
          {
            "name": "fieldName",
            "in": "path",
            "required": true,
            "schema": {
              "type": "string"
            }
          }
        ],
        "responses": {
          "200": {
            "description": "OK"
          }
        }
      },
      "put": {
        "tags": [
          "Promotion Measures"
        ],
        "parameters": [
          {
            "name": "codMeasure",
            "in": "path",
            "required": true,
            "schema": {
              "type": "string"
            }
          },
          {
            "name": "codDiv",
            "in": "path",
            "required": true,
            "schema": {
              "type": "string"
            }
          },
          {
            "name": "fieldName",
            "in": "path",
            "required": true,
            "schema": {
              "type": "string"
            }
          }
        ],
        "requestBody": {
          "content": {
            "application/json": {
              "schema": {
                "$ref": "#/components/schemas/UpdatePromoMeasureFieldDto"
              }
            },
            "text/json": {
              "schema": {
                "$ref": "#/components/schemas/UpdatePromoMeasureFieldDto"
              }
            },
            "application/*+json": {
              "schema": {
                "$ref": "#/components/schemas/UpdatePromoMeasureFieldDto"
              }
            }
          }
        },
        "responses": {
          "200": {
            "description": "OK"
          }
        }
      },
      "delete": {
        "tags": [
          "Promotion Measures"
        ],
        "parameters": [
          {
            "name": "codMeasure",
            "in": "path",
            "required": true,
            "schema": {
              "type": "string"
            }
          },
          {
            "name": "codDiv",
            "in": "path",
            "required": true,
            "schema": {
              "type": "string"
            }
          },
          {
            "name": "fieldName",
            "in": "path",
            "required": true,
            "schema": {
              "type": "string"
            }
          }
        ],
        "responses": {
          "200": {
            "description": "OK"
          }
        }
      }
    },
    "/api/promotions/product-details": {
      "post": {
        "tags": [
          "Promotion Product Details"
        ],
        "requestBody": {
          "content": {
            "application/json": {
              "schema": {
                "$ref": "#/components/schemas/CreateProductDetailDto"
              }
            },
            "text/json": {
              "schema": {
                "$ref": "#/components/schemas/CreateProductDetailDto"
              }
            },
            "application/*+json": {
              "schema": {
                "$ref": "#/components/schemas/CreateProductDetailDto"
              }
            }
          }
        },
        "responses": {
          "200": {
            "description": "OK"
          }
        }
      },
      "get": {
        "tags": [
          "Promotion Product Details"
        ],
        "responses": {
          "200": {
            "description": "OK"
          }
        }
      },
      "put": {
        "tags": [
          "Promotion Product Details"
        ],
        "parameters": [
          {
            "name": "idAction",
            "in": "query",
            "schema": {
              "type": "integer",
              "format": "int32"
            }
          },
          {
            "name": "codProduct",
            "in": "query",
            "schema": {
              "type": "string"
            }
          },
          {
            "name": "levProduct",
            "in": "query",
            "schema": {
              "type": "integer",
              "format": "int32"
            }
          },
          {
            "name": "codDisplay",
            "in": "query",
            "schema": {
              "type": "string"
            }
          },
          {
            "name": "codNode",
            "in": "query",
            "schema": {
              "type": "string"
            }
          },
          {
            "name": "codDiv",
            "in": "query",
            "schema": {
              "type": "string"
            }
          }
        ],
        "requestBody": {
          "content": {
            "application/json": {
              "schema": {
                "$ref": "#/components/schemas/UpdateProductDetailDto"
              }
            },
            "text/json": {
              "schema": {
                "$ref": "#/components/schemas/UpdateProductDetailDto"
              }
            },
            "application/*+json": {
              "schema": {
                "$ref": "#/components/schemas/UpdateProductDetailDto"
              }
            }
          }
        },
        "responses": {
          "200": {
            "description": "OK"
          }
        }
      },
      "delete": {
        "tags": [
          "Promotion Product Details"
        ],
        "parameters": [
          {
            "name": "idAction",
            "in": "query",
            "schema": {
              "type": "integer",
              "format": "int32"
            }
          },
          {
            "name": "codProduct",
            "in": "query",
            "schema": {
              "type": "string"
            }
          },
          {
            "name": "levProduct",
            "in": "query",
            "schema": {
              "type": "integer",
              "format": "int32"
            }
          },
          {
            "name": "codDisplay",
            "in": "query",
            "schema": {
              "type": "string"
            }
          },
          {
            "name": "codNode",
            "in": "query",
            "schema": {
              "type": "string"
            }
          },
          {
            "name": "codDiv",
            "in": "query",
            "schema": {
              "type": "string"
            }
          }
        ],
        "responses": {
          "200": {
            "description": "OK"
          }
        }
      }
    },
    "/api/promotions/product-details/action/{idAction}": {
      "get": {
        "tags": [
          "Promotion Product Details"
        ],
        "parameters": [
          {
            "name": "idAction",
            "in": "path",
            "required": true,
            "schema": {
              "type": "integer",
              "format": "int32"
            }
          }
        ],
        "responses": {
          "200": {
            "description": "OK"
          }
        }
      }
    },
    "/api/promotions/product-details/find": {
      "get": {
        "tags": [
          "Promotion Product Details"
        ],
        "parameters": [
          {
            "name": "idAction",
            "in": "query",
            "schema": {
              "type": "integer",
              "format": "int32"
            }
          },
          {
            "name": "codProduct",
            "in": "query",
            "schema": {
              "type": "string"
            }
          },
          {
            "name": "levProduct",
            "in": "query",
            "schema": {
              "type": "integer",
              "format": "int32"
            }
          },
          {
            "name": "codDisplay",
            "in": "query",
            "schema": {
              "type": "string"
            }
          },
          {
            "name": "codNode",
            "in": "query",
            "schema": {
              "type": "string"
            }
          },
          {
            "name": "codDiv",
            "in": "query",
            "schema": {
              "type": "string"
            }
          }
        ],
        "responses": {
          "200": {
            "description": "OK"
          }
        }
      }
    },
    "/api/promotions/products": {
      "post": {
        "tags": [
          "Promotion Products"
        ],
        "requestBody": {
          "content": {
            "application/json": {
              "schema": {
                "$ref": "#/components/schemas/CreateProductDto"
              }
            },
            "text/json": {
              "schema": {
                "$ref": "#/components/schemas/CreateProductDto"
              }
            },
            "application/*+json": {
              "schema": {
                "$ref": "#/components/schemas/CreateProductDto"
              }
            }
          }
        },
        "responses": {
          "200": {
            "description": "OK"
          }
        }
      },
      "get": {
        "tags": [
          "Promotion Products"
        ],
        "responses": {
          "200": {
            "description": "OK"
          }
        }
      },
      "put": {
        "tags": [
          "Promotion Products"
        ],
        "parameters": [
          {
            "name": "idAction",
            "in": "query",
            "schema": {
              "type": "integer",
              "format": "int32"
            }
          },
          {
            "name": "codProduct",
            "in": "query",
            "schema": {
              "type": "string"
            }
          },
          {
            "name": "levProduct",
            "in": "query",
            "schema": {
              "type": "integer",
              "format": "int32"
            }
          },
          {
            "name": "codDisplay",
            "in": "query",
            "schema": {
              "type": "string"
            }
          }
        ],
        "requestBody": {
          "content": {
            "application/json": {
              "schema": {
                "$ref": "#/components/schemas/UpdateProductDto"
              }
            },
            "text/json": {
              "schema": {
                "$ref": "#/components/schemas/UpdateProductDto"
              }
            },
            "application/*+json": {
              "schema": {
                "$ref": "#/components/schemas/UpdateProductDto"
              }
            }
          }
        },
        "responses": {
          "200": {
            "description": "OK"
          }
        }
      },
      "delete": {
        "tags": [
          "Promotion Products"
        ],
        "parameters": [
          {
            "name": "idAction",
            "in": "query",
            "schema": {
              "type": "integer",
              "format": "int32"
            }
          },
          {
            "name": "codProduct",
            "in": "query",
            "schema": {
              "type": "string"
            }
          },
          {
            "name": "levProduct",
            "in": "query",
            "schema": {
              "type": "integer",
              "format": "int32"
            }
          },
          {
            "name": "codDisplay",
            "in": "query",
            "schema": {
              "type": "string"
            }
          }
        ],
        "responses": {
          "200": {
            "description": "OK"
          }
        }
      }
    },
    "/api/promotions/products/action/{idAction}": {
      "get": {
        "tags": [
          "Promotion Products"
        ],
        "parameters": [
          {
            "name": "idAction",
            "in": "path",
            "required": true,
            "schema": {
              "type": "integer",
              "format": "int32"
            }
          }
        ],
        "responses": {
          "200": {
            "description": "OK"
          }
        }
      }
    },
    "/api/promotions/products/{idAction}/{codProduct}/{levProduct}/{codDisplay}": {
      "get": {
        "tags": [
          "Promotion Products"
        ],
        "parameters": [
          {
            "name": "idAction",
            "in": "path",
            "required": true,
            "schema": {
              "type": "integer",
              "format": "int32"
            }
          },
          {
            "name": "codProduct",
            "in": "path",
            "required": true,
            "schema": {
              "type": "string"
            }
          },
          {
            "name": "levProduct",
            "in": "path",
            "required": true,
            "schema": {
              "type": "integer",
              "format": "int32"
            }
          },
          {
            "name": "codDisplay",
            "in": "path",
            "required": true,
            "schema": {
              "type": "string"
            }
          }
        ],
        "responses": {
          "200": {
            "description": "OK"
          }
        }
      }
    },
    "/api/Promotions": {
      "get": {
        "tags": [
          "Promotions"
        ],
        "responses": {
          "200": {
            "description": "OK"
          }
        }
      }
    },
    "/WeatherForecast": {
      "get": {
        "tags": [
          "WeatherForecast"
        ],
        "operationId": "GetWeatherForecast",
        "responses": {
          "200": {
            "description": "OK",
            "content": {
              "text/plain": {
                "schema": {
                  "type": "array",
                  "items": {
                    "$ref": "#/components/schemas/WeatherForecast"
                  }
                }
              },
              "application/json": {
                "schema": {
                  "type": "array",
                  "items": {
                    "$ref": "#/components/schemas/WeatherForecast"
                  }
                }
              },
              "text/json": {
                "schema": {
                  "type": "array",
                  "items": {
                    "$ref": "#/components/schemas/WeatherForecast"
                  }
                }
              }
            }
          }
        }
      }
    }
  },
  "components": {
    "schemas": {
      "AtomicCreateProductDetailDto": {
        "type": "object",
        "properties": {
          "codNode": {
            "type": "string",
            "nullable": true
          },
          "codDiv": {
            "type": "string",
            "nullable": true
          },
          "flgInclusion": {
            "type": "boolean"
          },
          "articles": {
            "type": "array",
            "items": {
              "$ref": "#/components/schemas/AtomicCreatePromoArticleDto"
            },
            "nullable": true
          }
        },
        "additionalProperties": false
      },
      "AtomicCreateProductDto": {
        "type": "object",
        "properties": {
          "codProduct": {
            "type": "string",
            "nullable": true
          },
          "levProduct": {
            "type": "integer",
            "format": "int32",
            "nullable": true
          },
          "codDisplay": {
            "type": "string",
            "nullable": true
          },
          "codDiv": {
            "type": "string",
            "nullable": true
          },
          "qtyEstimated": {
            "type": "number",
            "format": "double"
          },
          "perceDiscount1": {
            "type": "number",
            "format": "double",
            "nullable": true
          },
          "perceDiscount2": {
            "type": "number",
            "format": "double",
            "nullable": true
          },
          "numMeasure": {
            "type": "number",
            "format": "double",
            "nullable": true
          },
          "codMeasure": {
            "type": "string",
            "nullable": true
          },
          "details": {
            "type": "array",
            "items": {
              "$ref": "#/components/schemas/AtomicCreateProductDetailDto"
            },
            "nullable": true
          },
          "measureFields": {
            "type": "array",
            "items": {
              "$ref": "#/components/schemas/CreatePromoMeasureFieldDto"
            },
            "nullable": true
          }
        },
        "additionalProperties": false
      },
      "AtomicCreatePromoActionDto": {
        "type": "object",
        "properties": {
          "idAction": {
            "type": "integer",
            "format": "int32"
          },
          "name": {
            "type": "string",
            "nullable": true
          },
          "codDiv": {
            "type": "string",
            "nullable": true
          },
          "dteStartSellIn": {
            "type": "string",
            "format": "date-time"
          },
          "dteEndSellIn": {
            "type": "string",
            "format": "date-time"
          },
          "dteStartSellOut": {
            "type": "string",
            "format": "date-time"
          },
          "dteEndSellOut": {
            "type": "string",
            "format": "date-time"
          },
          "documentKey": {
            "type": "string",
            "nullable": true
          },
          "dteToShost": {
            "type": "string",
            "format": "date-time",
            "nullable": true
          },
          "levParticipants": {
            "type": "integer",
            "format": "int32",
            "nullable": true
          },
          "participants": {
            "type": "array",
            "items": {
              "$ref": "#/components/schemas/CreateParticipantDto"
            },
            "nullable": true
          },
          "deliveryPoints": {
            "type": "array",
            "items": {
              "$ref": "#/components/schemas/CreateDeliveryPointDto"
            },
            "nullable": true
          },
          "products": {
            "type": "array",
            "items": {
              "$ref": "#/components/schemas/AtomicCreateProductDto"
            },
            "nullable": true
          }
        },
        "additionalProperties": false
      },
      "AtomicCreatePromoArticleDto": {
        "type": "object",
        "properties": {
          "codDiv": {
            "type": "string",
            "nullable": true
          },
          "codNode": {
            "type": "string",
            "nullable": true
          },
          "codNode1": {
            "type": "string",
            "nullable": true
          },
          "codNode2": {
            "type": "string",
            "nullable": true
          },
          "codNodeN": {
            "type": "string",
            "nullable": true
          }
        },
        "additionalProperties": false
      },
      "CreateCustomerRelationDto": {
        "type": "object",
        "properties": {
          "codHier": {
            "type": "string",
            "nullable": true
          },
          "codDiv": {
            "type": "string",
            "nullable": true
          },
          "codNode": {
            "type": "string",
            "nullable": true
          },
          "idLevel": {
            "type": "integer",
            "format": "int32"
          },
          "dteStart": {
            "type": "string",
            "format": "date-time"
          },
          "codParentNode": {
            "type": "string",
            "nullable": true
          },
          "dteEnd": {
            "type": "string",
            "format": "date-time",
            "nullable": true
          }
        },
        "additionalProperties": false
      },
      "CreateDeliveryPointDto": {
        "type": "object",
        "properties": {
          "codDeliveryPoint": {
            "type": "string",
            "nullable": true
          },
          "flgInclusion": {
            "type": "boolean"
          },
          "codHier": {
            "type": "string",
            "nullable": true
          },
          "codDiv": {
            "type": "string",
            "nullable": true
          },
          "codNode": {
            "type": "string",
            "nullable": true
          },
          "idLevel": {
            "type": "integer",
            "format": "int32",
            "nullable": true
          },
          "dteStart": {
            "type": "string",
            "format": "date-time",
            "nullable": true
          }
        },
        "additionalProperties": false
      },
      "CreateParticipantDto": {
        "type": "object",
        "properties": {
          "codParticipant": {
            "type": "string",
            "nullable": true
          },
          "flgInclusion": {
            "type": "boolean"
          },
          "codHier": {
            "type": "string",
            "nullable": true
          },
          "codDiv": {
            "type": "string",
            "nullable": true
          },
          "codNode": {
            "type": "string",
            "nullable": true
          },
          "idLevel": {
            "type": "integer",
            "format": "int32",
            "nullable": true
          },
          "dteStart": {
            "type": "string",
            "format": "date-time",
            "nullable": true
          }
        },
        "additionalProperties": false
      },
      "CreateProductDetailDto": {
        "type": "object",
        "properties": {
          "idAction": {
            "type": "integer",
            "format": "int32",
            "nullable": true
          },
          "codProduct": {
            "type": "string",
            "nullable": true
          },
          "levProduct": {
            "type": "integer",
            "format": "int32",
            "nullable": true
          },
          "codDisplay": {
            "type": "string",
            "nullable": true
          },
          "codNode": {
            "type": "string",
            "nullable": true
          },
          "codDiv": {
            "type": "string",
            "nullable": true
          },
          "flgInclusion": {
            "type": "boolean"
          }
        },
        "additionalProperties": false
      },
      "CreateProductDto": {
        "type": "object",
        "properties": {
          "idAction": {
            "type": "integer",
            "format": "int32",
            "nullable": true
          },
          "codProduct": {
            "type": "string",
            "nullable": true
          },
          "levProduct": {
            "type": "integer",
            "format": "int32",
            "nullable": true
          },
          "codDisplay": {
            "type": "string",
            "nullable": true
          },
          "codDiv": {
            "type": "string",
            "nullable": true
          },
          "qtyEstimated": {
            "type": "number",
            "format": "double"
          },
          "perceDiscount1": {
            "type": "number",
            "format": "double",
            "nullable": true
          },
          "perceDiscount2": {
            "type": "number",
            "format": "double",
            "nullable": true
          },
          "numMeasure": {
            "type": "number",
            "format": "double",
            "nullable": true
          },
          "codMeasure": {
            "type": "string",
            "nullable": true
          },
          "details": {
            "type": "array",
            "items": {
              "$ref": "#/components/schemas/AtomicCreateProductDetailDto"
            },
            "nullable": true
          },
          "measureFields": {
            "type": "array",
            "items": {
              "$ref": "#/components/schemas/CreatePromoMeasureFieldDto"
            },
            "nullable": true
          }
        },
        "additionalProperties": false
      },
      "CreatePromoActionDto": {
        "type": "object",
        "properties": {
          "idAction": {
            "type": "integer",
            "format": "int32"
          },
          "name": {
            "type": "string",
            "nullable": true
          },
          "codDiv": {
            "type": "string",
            "nullable": true
          },
          "dteStartSellIn": {
            "type": "string",
            "format": "date-time"
          },
          "dteEndSellIn": {
            "type": "string",
            "format": "date-time"
          },
          "dteStartSellOut": {
            "type": "string",
            "format": "date-time"
          },
          "dteEndSellOut": {
            "type": "string",
            "format": "date-time"
          },
          "documentKey": {
            "type": "string",
            "nullable": true
          },
          "dteToShost": {
            "type": "string",
            "format": "date-time",
            "nullable": true
          },
          "levParticipants": {
            "type": "integer",
            "format": "int32",
            "nullable": true
          }
        },
        "additionalProperties": false
      },
      "CreatePromoArticleDto": {
        "type": "object",
        "properties": {
          "idAction": {
            "type": "integer",
            "format": "int32",
            "nullable": true
          },
          "codProduct": {
            "type": "string",
            "nullable": true
          },
          "levProduct": {
            "type": "integer",
            "format": "int32",
            "nullable": true
          },
          "codDisplay": {
            "type": "string",
            "nullable": true
          },
          "codDiv": {
            "type": "string",
            "nullable": true
          },
          "codNode": {
            "type": "string",
            "nullable": true
          },
          "codNode1": {
            "type": "string",
            "nullable": true
          },
          "codNode2": {
            "type": "string",
            "nullable": true
          },
          "codNodeN": {
            "type": "string",
            "nullable": true
          }
        },
        "additionalProperties": false
      },
      "CreatePromoMeasureFieldDto": {
        "type": "object",
        "properties": {
          "fieldName": {
            "type": "string",
            "nullable": true
          },
          "formula": {
            "type": "string",
            "nullable": true
          }
        },
        "additionalProperties": false
      },
      "PromoMeasureFieldDto": {
        "type": "object",
        "properties": {
          "codDiv": {
            "type": "string",
            "nullable": true
          },
          "codMeasure": {
            "type": "string",
            "nullable": true
          },
          "fieldName": {
            "type": "string",
            "nullable": true
          },
          "formula": {
            "type": "string",
            "nullable": true
          }
        },
        "additionalProperties": false
      },
      "SetLogLevelRequest": {
        "type": "object",
        "properties": {
          "level": {
            "type": "string",
            "nullable": true
          }
        },
        "additionalProperties": false
      },
      "UpdateCustomerRelationDto": {
        "type": "object",
        "properties": {
          "codParentNode": {
            "type": "string",
            "nullable": true
          },
          "dteEnd": {
            "type": "string",
            "format": "date-time",
            "nullable": true
          }
        },
        "additionalProperties": false
      },
      "UpdateDeliveryPointDto": {
        "type": "object",
        "properties": {
          "flgInclusion": {
            "type": "boolean"
          }
        },
        "additionalProperties": false
      },
      "UpdateParticipantDto": {
        "type": "object",
        "properties": {
          "flgInclusion": {
            "type": "boolean"
          }
        },
        "additionalProperties": false
      },
      "UpdateProductDetailDto": {
        "type": "object",
        "properties": {
          "flgInclusion": {
            "type": "boolean"
          }
        },
        "additionalProperties": false
      },
      "UpdateProductDto": {
        "type": "object",
        "properties": {
          "codDiv": {
            "type": "string",
            "nullable": true
          },
          "qtyEstimated": {
            "type": "number",
            "format": "double",
            "nullable": true
          },
          "perceDiscount1": {
            "type": "number",
            "format": "double",
            "nullable": true
          },
          "perceDiscount2": {
            "type": "number",
            "format": "double",
            "nullable": true
          },
          "numMeasure": {
            "type": "number",
            "format": "double",
            "nullable": true
          },
          "codMeasure": {
            "type": "string",
            "nullable": true
          }
        },
        "additionalProperties": false
      },
      "UpdatePromoActionDto": {
        "type": "object",
        "properties": {
          "name": {
            "type": "string",
            "nullable": true
          },
          "dteStartSellIn": {
            "type": "string",
            "format": "date-time",
            "nullable": true
          },
          "dteEndSellIn": {
            "type": "string",
            "format": "date-time",
            "nullable": true
          },
          "dteStartSellOut": {
            "type": "string",
            "format": "date-time",
            "nullable": true
          },
          "dteEndSellOut": {
            "type": "string",
            "format": "date-time",
            "nullable": true
          },
          "documentKey": {
            "type": "string",
            "nullable": true
          },
          "dteToShost": {
            "type": "string",
            "format": "date-time",
            "nullable": true
          },
          "levParticipants": {
            "type": "integer",
            "format": "int32",
            "nullable": true
          }
        },
        "additionalProperties": false
      },
      "UpdatePromoArticleDto": {
        "type": "object",
        "properties": {
          "codNode1": {
            "type": "string",
            "nullable": true
          },
          "codNode2": {
            "type": "string",
            "nullable": true
          },
          "codNodeN": {
            "type": "string",
            "nullable": true
          }
        },
        "additionalProperties": false
      },
      "UpdatePromoMeasureFieldDto": {
        "type": "object",
        "properties": {
          "formula": {
            "type": "string",
            "nullable": true
          }
        },
        "additionalProperties": false
      },
      "WeatherForecast": {
        "type": "object",
        "properties": {
          "date": {
            "type": "string",
            "format": "date"
          },
          "temperatureC": {
            "type": "integer",
            "format": "int32"
          },
          "temperatureF": {
            "type": "integer",
            "format": "int32",
            "readOnly": true
          },
          "summary": {
            "type": "string",
            "nullable": true
          }
        },
        "additionalProperties": false
      }
    },
    "securitySchemes": {
      "Bearer": {
        "type": "http",
        "description": "your valid token",
        "scheme": "bearer",
        "bearerFormat": "JWT"
      }
    }
  },
  "security": [
    {
      "Bearer": [ ]
    }
  ]
}
2026-02-11 12:28:28.055 +05:00 [INF] HTTP GET /swagger/v1/swagger.json responded 200 in 148.9237 ms
2026-02-11 12:30:32.004 +05:00 [INF] HTTP GET /api/health responded 200 in 3931.8846 ms | User: Anonymous (N/A) | IP: ::1 | RequestBody:  | ResponseBody: {"service":"Promotions API","status":"Healthy","timestamp":"2026-02-11T07:30:30.8922625Z","uptime":"0d 0h 0m 0s"}
2026-02-11 12:30:32.004 +05:00 [INF] HTTP GET /api/health responded 200 in 3931.9999 ms | User: Anonymous (N/A) | IP: ::1 | RequestBody:  | ResponseBody: {"service":"Promotions API","status":"Healthy","timestamp":"2026-02-11T07:30:30.8922825Z","uptime":"0d 0h 0m 0s"}
2026-02-11 12:30:32.004 +05:00 [INF] HTTP GET /api/health responded 200 in 3710.9166 ms | User: Anonymous (N/A) | IP: ::1 | RequestBody:  | ResponseBody: {"service":"Promotions API","status":"Healthy","timestamp":"2026-02-11T07:30:30.8922903Z","uptime":"0d 0h 0m 0s"}
2026-02-11 12:30:31.996 +05:00 [INF] HTTP GET /api/health responded 200 in 3930.3535 ms | User: Anonymous (N/A) | IP: ::1 | RequestBody:  | ResponseBody: {"service":"Promotions API","status":"Healthy","timestamp":"2026-02-11T07:30:30.8922235Z","uptime":"0d 0h 0m 0s"}
2026-02-11 12:30:32.004 +05:00 [INF] HTTP GET /api/health responded 200 in 3686.3868 ms | User: Anonymous (N/A) | IP: ::1 | RequestBody:  | ResponseBody: {"service":"Promotions API","status":"Healthy","timestamp":"2026-02-11T07:30:30.8922512Z","uptime":"0d 0h 0m 0s"}
2026-02-11 12:30:32.410 +05:00 [INF] HTTP GET /api/health responded 200 in 4362.4731 ms
2026-02-11 12:30:32.411 +05:00 [INF] HTTP GET /api/health responded 200 in 4369.0697 ms
2026-02-11 12:30:32.411 +05:00 [INF] HTTP GET /api/health responded 200 in 4143.1521 ms
2026-02-11 12:30:32.411 +05:00 [INF] HTTP GET /api/health responded 200 in 4362.6526 ms
2026-02-11 12:30:32.428 +05:00 [INF] HTTP GET /api/health responded 200 in 4139.3702 ms
2026-02-11 12:30:33.432 +05:00 [INF] HTTP GET /api/health responded 200 in 94.9754 ms | User: Anonymous (N/A) | IP: ::1 | RequestBody:  | ResponseBody: {"service":"Promotions API","status":"Healthy","timestamp":"2026-02-11T07:30:33.4200287Z","uptime":"0d 0h 0m 2s"}
2026-02-11 12:30:33.639 +05:00 [INF] HTTP GET /api/health responded 200 in 302.1274 ms
2026-02-11 12:30:38.097 +05:00 [INF] HTTP GET /api/health responded 200 in 5.5259 ms | User: Anonymous (N/A) | IP: ::1 | RequestBody:  | ResponseBody: {"service":"Promotions API","status":"Healthy","timestamp":"2026-02-11T07:30:38.0960111Z","uptime":"0d 0h 0m 7s"}
2026-02-11 12:30:38.118 +05:00 [INF] HTTP GET /api/health responded 200 in 26.3694 ms
2026-02-11 12:30:44.035 +05:00 [INF] HTTP GET /api/health responded 200 in 1.8444 ms | User: Anonymous (N/A) | IP: ::1 | RequestBody:  | ResponseBody: {"service":"Promotions API","status":"Healthy","timestamp":"2026-02-11T07:30:44.0349435Z","uptime":"0d 0h 0m 13s"}
2026-02-11 12:30:44.044 +05:00 [INF] HTTP GET /api/health responded 200 in 11.0150 ms
2026-02-11 12:30:48.086 +05:00 [INF] HTTP GET /api/health responded 200 in 2.6556 ms | User: Anonymous (N/A) | IP: ::1 | RequestBody:  | ResponseBody: {"service":"Promotions API","status":"Healthy","timestamp":"2026-02-11T07:30:48.0857412Z","uptime":"0d 0h 0m 17s"}
2026-02-11 12:30:48.100 +05:00 [INF] HTTP GET /api/health responded 200 in 16.7374 ms
2026-02-11 12:30:53.351 +05:00 [INF] HTTP GET /api/health responded 200 in 19.7003 ms | User: Anonymous (N/A) | IP: ::1 | RequestBody:  | ResponseBody: {"service":"Promotions API","status":"Healthy","timestamp":"2026-02-11T07:30:53.3506271Z","uptime":"0d 0h 0m 22s"}
2026-02-11 12:30:53.357 +05:00 [INF] HTTP GET /api/health responded 200 in 26.0245 ms
2026-02-11 12:30:53.431 +05:00 [INF] Downstream JWT validated for haris
2026-02-11 12:30:53.431 +05:00 [INF] Downstream JWT validated for haris
2026-02-11 12:30:53.431 +05:00 [INF] Downstream JWT validated for haris
2026-02-11 12:30:53.431 +05:00 [INF] Downstream JWT validated for haris
2026-02-11 12:30:53.431 +05:00 [INF] Downstream JWT validated for haris
2026-02-11 12:30:55.297 +05:00 [INF] HTTP GET /api/promotions/customer-relations responded 200 in 2132.0481 ms | User: haris (23) | IP: ::1 | RequestBody:  | ResponseBody: [{"idAction":0,"codHier":"5555","codDiv":"div5555","codNode":"f5555","idLevel":1,"dteStart":"2026-01-15T00:00:00","codParentNode":"root","dteEnd":null},{"idAction":0,"codHier":"56","codDiv":"565","codNode":"56","idLevel":55,"dteStart":"2026-01-29T00:44:00","codParentNode":"haseeb","dteEnd":"2026-01-26T00:44:00"},{"idAction":0,"codHier":"H_1","codDiv":"D_1","codNode":"D_1","idLevel":1,"dteStart":"2026-01-30T00:00:00","codParentNode":"ROOT","dteEnd":null},{"idAction":0,"codHier":"H_1","codDiv":"D_1","codNode":"N_1","idLevel":1,"dteStart":"2026-01-30T09:35:43.289","codParentNode":"ROOT","dteEnd":null},{"idAction":0,"codHier":"H_10","codDiv":"DIV_10","codNode":"NODE_10","idLevel":10,"dteStart":"2026-01-01T14:45:00","codParentNode":"ROOT_10","dteEnd":"2026-01-31T14:44:00"},{"idAction":0,"codHier":"H_100","codDiv":"DIV_100","codNode":"NODE_100","idLevel":10,"dteStart":"2026-02-09T13:54:00","codParentNode":"ROOT_100","dteEnd":"2026-02-10T13:54:00"},{"idAction":0,"codHier":"H_1111","codDiv":"DIV_1111","codNode":"NODE_1111","idLevel":11,"dteStart":"2026-01-01T17:00:00","codParentNode":"ROOT_1111","dteEnd":"2026-01-30T17:01:00"},{"idAction":0,"codHier":"H_12","codDiv":"DIV_12","codNode":"NODE_12","idLevel":12,"dteStart":"2026-02-03T12:26:00","codParentNode":"ROOT_12","dteEnd":"2026-02-06T12:26:00"},{"idAction":0,"codHier":"H_17","codDiv":"DIV_17","codNode":"NODE_17","idLevel":17,"dteStart":"2026-02-07T15:44:00","codParentNode":"ROOT_17","dteEnd":"2026-02-24T15:44:00"},{"idAction":0,"codHier":"H_19","codDiv":"DIV_19","codNode":"NODE_19","idLevel":19,"dteStart":"2026-02-04T13:59:00","codParentNode":"ROOT_19","dteEnd":"2026-02-05T13:59:00"},{"idAction":0,"codHier":"H_200","codDiv":"DIV_200","codNode":"NODE_200","idLevel":20,"dteStart":"2026-02-10T14:14:00","codParentNode":"ROOT_200","dteEnd":"2026-02-24T14:14:00"},{"idAction":0,"codHier":"H_21","codDiv":"DIV_21","codNode":"NODE_21","idLevel":21,"dteStart":"2026-02-05T14:01:00","codParentNode":"ROOT_21","dteEnd":"2026-02-07T14:01:00"},{"idAction":0,"codHier":"H_222","codDiv":"DIV_222","codNode":"NODE_222","idLevel":222,"dteStart":"2026-02-04T12:53:00","codParentNode":"ROOT_222","dteEnd":"2026-02-06T12:53:00"},{"idAction":0,"codHier":"H_24","codDiv":"DIV_24","codNode":"NODE_24","idLevel":24,"dteStart":"2026-02-04T12:48:00","codParentNode":"ROOT_24","dteEnd":"2026-02-05T12:48:00"},{"idAction":0,"codHier":"H_25","codDiv":"DIV_25","codNode":"NODE_25","idLevel":25,"dteStart":"2026-02-10T14:04:00","codParentNode":"ROOT_25","dteEnd":"2026-02-11T14:04:00"},{"idAction":0,"codHier":"H_3","codDiv":"DIV_3","codNode":"NODE_3","idLevel":3,"dteStart":"2026-01-01T10:45:00","codParentNode":"ROOT_3","dteEnd":"2026-01-30T10:44:00"},{"idAction":0,"codHier":"H_5","codDiv":"DIV_5","codNode":"NODE_5","idLevel":5,"dteStart":"2026-01-30T10:50:00","codParentNode":"ROOT_5","dteEnd":"2026-01-31T10:48:00"},{"idAction":0,"codHier":"H_6","codDiv":"DIV_6","codNode":"NODE_6","idLevel":6,"dteStart":"2026-01-30T15:01:00","codParentNode":"ROOT_6","dteEnd":"2026-01-31T15:01:00"},{"idAction":0,"codHier":"H_656565","codDiv":"DIV_656565","codNode":"C_656565","idLevel":9,"dteStart":"2026-01-20T00:00:00","codParentNode":"ROOT","dteEnd":null},{"idAction":0,"codHier":"H_676767","codDiv":"DIV_676767","codNode":"NODE_676767","idLevel":676767,"dteStart":"2026-01-31T00:00:00","codParentNode":"ROOT","dteEnd":null},{"idAction":0,"codHier":"H_7","codDiv":"DIV_7","codNode":"NODE_7","idLevel":7,"dteStart":"2026-02-02T12:04:00","codParentNode":"ROOT_7","dteEnd":"2026-02-04T12:04:00"},{"idAction":0,"codHier":"H_87","codDiv":"DIV_87","codNode":"NODE_87","idLevel":87,"dteStart":"2026-02-06T14:07:00","codParentNode":"ROOT_87","dteEnd":"2026-02-26T14:07:00"},{"idAction":0,"codHier":"H_98","codDiv":"DIV_98","codNode":"NODE_98","idLevel":98,"dteStart":"2026-01-30T18:25:00","codParentNode":"ROOT_98","dteEnd":"2026-01-31T18:25:00"},{"idAction":0,"codHier":"H_999","codDiv":"D_5878","codNode":"N_878","idLevel":8,"dteStart":"2026-01-14T00:00:00","codParentNode":"ROOT","dteEnd":null},{"idAction":0,"codHier":"H_A","codDiv":"DIV_A","codNode":"NODE_A","idLevel":1,"dteStart":"2026-02-01T18:26:00","codParentNode":"ROOT_A","dteEnd":"2026-02-14T18:26:00"},{"idAction":0,"codHier":"H-1010","codDiv":"D-1010","codNode":"C-1010","idLevel":1,"dteStart":"2026-01-01T11:54:00","codParentNode":"root","dteEnd":"2026-01-12T11:54:00"},{"idAction":0,"codHier":"H-11","codDiv":"DIV-11","codNode":"C-11","idLevel":11,"dteStart":"2026-01-01T15:05:00","codParentNode":"ROOT","dteEnd":"2026-01-31T15:05:00"},{"idAction":0,"codHier":"H-1111","codDiv":"DIV-1111","codNode":"CUST-1111","idLevel":10,"dteStart":"2026-01-01T00:00:00","codParentNode":"ROOT","dteEnd":null},{"idAction":0,"codHier":"H-1414","codDiv":"D-1414","codNode":"C-1414","idLevel":4,"dteStart":"2026-01-01T14:45:00","codParentNode":"ROOT","dteEnd":"2026-01-15T14:45:00"},{"idAction":0,"codHier":"H-2","codDiv":"DIV-2","codNode":"CUST-2","idLevel":2,"dteStart":"2026-01-01T12:40:00","codParentNode":"ROOT","dteEnd":"2026-01-16T12:37:00"},{"idAction":0,"codHier":"H-2","codDiv":"DIV-2","codNode":"CUST-2","idLevel":2,"dteStart":"2026-01-21T12:37:00","codParentNode":"ROOT","dteEnd":"2026-01-24T12:37:00"},{"idAction":0,"codHier":"H-2020","codDiv":"D-2020","codNode":"C-2020","idLevel":2,"dteStart":"2026-01-02T12:27:00","codParentNode":"root","dteEnd":"2026-01-30T12:27:00"},{"idAction":0,"codHier":"H-2255","codDiv":"DIV-2255","codNode":"CUST-2255","idLevel":10,"dteStart":"2026-01-01T00:00:00","codParentNode":"ROOT","dteEnd":null},{"idAction":0,"codHier":"H-2323","codDiv":"D-2323","codNode":"C-2323","idLevel":4,"dteStart":"2026-01-01T12:48:00","codParentNode":"ROOT","dteEnd":"2026-01-12T12:49:00"},{"idAction":0,"codHier":"H-3333","codDiv":"DIV-3333","codNode":"CUST-3333","idLevel":10,"dteStart":"2026-01-01T00:00:00","codParentNode":"ROOT","dteEnd":null},{"idAction":0,"codHier":"H-3344","codDiv":"DIV-3345","codNode":"CUST-3345","idLevel":10,"dteStart":"2026-01-01T00:00:00","codParentNode":"ROOT","dteEnd":null},{"idAction":0,"codHier":"H-3345","codDiv":"DIV-3345","codNode":"CUST-3345","idLevel":10,"dteStart":"2026-01-01T00:00:00","codParentNode":"ROOT","dteEnd":null},{"idAction":0,"codHier":"H-4","codDiv":"DIV-4","codNode":"CUST-4","idLevel":4,"dteStart":"2026-01-01T14:44:00","codParentNode":"ROOT","dteEnd":"2026-01-02T14:44:00"},{"idAction":0,"codHier":"H-5555","codDiv":"DIV-5555","codNode":"CUST-5555","idLevel":10,"dteStart":"2026-01-01T00:00:00","codParentNode":"ROOT","dteEnd":null},{"idAction":0,"codHier":"H-6000","codDiv":"DIV-6000","codNode":"CUST-6000","idLevel":10,"dteStart":"2026-01-01T00:00:00","codParentNode":"ROOT","dteEnd":"2026-12-31T00:00:00"},{"idAction":0,"codHier":"H-6666","codDiv":"DIV-6666","codNode":"CUST-6666","idLevel":10,"dteStart":"2026-01-17T01:30:00","codParentNode":"ROOT","dteEnd":"2026-01-18T01:30:00"},{"idAction":0,"codHier":"H-6767","codDiv":"DIV-6767","codNode":"CUST-6767","idLevel":5,"dteStart":"2026-01-01T12:15:00","codParentNode":"ROOT","dteEnd":"2026-01-08T12:15:00"},{"idAction":0,"codHier":"H-7000","codDiv":"DIV-7000","codNode":"CUST-7000","idLevel":10,"dteStart":"2026-01-01T00:00:00","codParentNode":"ROOT","dteEnd":null},{"idAction":0,"codHier":"H-7777","codDiv":"DIV-7777","codNode":"CUST-7777","idLevel":10,"dteStart":"2026-01-01T00:00:00","codParentNode":"ROOT","dteEnd":null},{"idAction":0,"codHier":"H-7878","codDiv":"DIV-7878","codNode":"CUST-7878","idLevel":3,"dteStart":"2026-01-18T11:43:00","codParentNode":"ROOT","dteEnd":"2026-01-19T11:43:00"},{"idAction":0,"codHier":"H-8000","codDiv":"DIV-8000","codNode":"CUST-8000","idLevel":10,"dteStart":"2026-01-01T00:00:00","codParentNode":"ROOT","dteEnd":null},{"idAction":0,"codHier":"H-8888","codDiv":"DIV-8888","codNode":"CUST-8888","idLevel":10,"dteStart":"2026-01-01T00:00:00","codParentNode":"ROOT","dteEnd":null},{"idAction":0,"codHier":"H-9000","codDiv":"DIV-9000","codNode":"CUST-9000","idLevel":10,"dteStart":"2026-01-01T00:00:00","codParentNode":"ROOT","dteEnd":null},{"idAction":0,"codHier":"H-9999","codDiv":"DIV-9999","codNode":"CUST-9999","idLevel":10,"dteStart":"2026-01-01T00:00:00","codParentNode":"ROOT","dteEnd":null},{"idAction":0,"codHier":"HIER_CORP","codDiv":"DIV01","codNode":"NODE_9111","idLevel":1,"dteStart":"2026-01-15T00:00:00","codParentNode":"ROOT_NODE","dteEnd":null}]
2026-02-11 12:30:55.311 +05:00 [INF] HTTP GET /api/promotions/customer-relations responded 200 in 2146.4000 ms
2026-02-11 12:30:55.337 +05:00 [INF] HTTP GET /api/participants/all responded 200 in 2144.8424 ms | User: haris (23) | IP: ::1 | RequestBody:  | ResponseBody: [{"idAction":3,"codParticipant":"N_1","flgInclusion":true,"codHier":"H_1","codDiv":"D_1","codNode":"N_1","idLevel":1,"dteStart":"2026-01-30T09:35:43.289"},{"idAction":3,"codParticipant":"NODE_3","flgInclusion":true,"codHier":"H_3","codDiv":"DIV_3","codNode":"NODE_3","idLevel":3,"dteStart":"2026-01-01T10:45:00"},{"idAction":3,"codParticipant":"NODE_5","flgInclusion":true,"codHier":"H_5","codDiv":"DIV_5","codNode":"NODE_5","idLevel":5,"dteStart":"2026-01-30T10:50:00"},{"idAction":5,"codParticipant":"NODE_5","flgInclusion":true,"codHier":"H_5","codDiv":"DIV_5","codNode":"NODE_5","idLevel":5,"dteStart":"2026-01-30T10:50:00"},{"idAction":6,"codParticipant":"N_9898","flgInclusion":true,"codHier":"H_999","codDiv":"D_5878","codNode":"N_878","idLevel":8,"dteStart":"2026-01-14T00:00:00"},{"idAction":6,"codParticipant":"NODE_3","flgInclusion":true,"codHier":"H_3","codDiv":"DIV_3","codNode":"NODE_3","idLevel":3,"dteStart":"2026-01-01T10:45:00"},{"idAction":6,"codParticipant":"NODE_5","flgInclusion":true,"codHier":"H_5","codDiv":"DIV_5","codNode":"NODE_5","idLevel":5,"dteStart":"2026-01-30T10:50:00"},{"idAction":6,"codParticipant":"NODE_6","flgInclusion":true,"codHier":"H_6","codDiv":"DIV_6","codNode":"NODE_6","idLevel":6,"dteStart":"2026-01-30T15:01:00"},{"idAction":6,"codParticipant":"NODE_676767","flgInclusion":true,"codHier":"H_676767","codDiv":"DIV_676767","codNode":"NODE_676767","idLevel":676767,"dteStart":"2026-01-31T00:00:00"},{"idAction":6,"codParticipant":"P-9000","flgInclusion":true,"codHier":"H-9000","codDiv":"DIV-9000","codNode":"CUST-9000","idLevel":10,"dteStart":"2026-01-01T00:00:00"},{"idAction":7,"codParticipant":"NODE_7","flgInclusion":true,"codHier":"H_7","codDiv":"DIV_7","codNode":"NODE_7","idLevel":7,"dteStart":"2026-02-02T12:04:00"},{"idAction":10,"codParticipant":"NODE_10","flgInclusion":true,"codHier":"H_10","codDiv":"DIV_10","codNode":"NODE_10","idLevel":10,"dteStart":"2026-01-01T14:45:00"},{"idAction":24,"codParticipant":"NODE_24","flgInclusion":true,"codHier":"H_24","codDiv":"DIV_24","codNode":"NODE_24","idLevel":24,"dteStart":"2026-02-04T12:48:00"},{"idAction":87,"codParticipant":"NODE_87","flgInclusion":true,"codHier":"H_87","codDiv":"DIV_87","codNode":"NODE_87","idLevel":87,"dteStart":"2026-02-06T14:07:00"},{"idAction":98,"codParticipant":"NODE_98","flgInclusion":true,"codHier":"H_98","codDiv":"DIV_98","codNode":"NODE_98","idLevel":98,"dteStart":"2026-01-30T18:25:00"},{"idAction":100,"codParticipant":"NODE_100","flgInclusion":true,"codHier":"H_100","codDiv":"DIV_100","codNode":"NODE_100","idLevel":10,"dteStart":"2026-02-09T13:54:00"},{"idAction":200,"codParticipant":"NODE_200","flgInclusion":true,"codHier":"H_200","codDiv":"DIV_200","codNode":"NODE_200","idLevel":20,"dteStart":"2026-02-10T14:14:00"},{"idAction":321,"codParticipant":"NODE_A","flgInclusion":true,"codHier":"H_A","codDiv":"DIV_A","codNode":"NODE_A","idLevel":1,"dteStart":"2026-02-01T18:26:00"},{"idAction":1111,"codParticipant":"NODE_1111","flgInclusion":true,"codHier":"H_1111","codDiv":"DIV_1111","codNode":"NODE_1111","idLevel":11,"dteStart":"2026-01-01T17:00:00"},{"idAction":2323,"codParticipant":"P-2323","flgInclusion":true,"codHier":"H-2323","codDiv":"D-2323","codNode":"C-2323","idLevel":4,"dteStart":"2026-01-01T12:48:00"},{"idAction":5005,"codParticipant":"","flgInclusion":true,"codHier":"H-9999","codDiv":"DIV-9999","codNode":"CUST-9999","idLevel":10,"dteStart":"2026-01-01T00:00:00"},{"idAction":6000,"codParticipant":"P-6000","flgInclusion":true,"codHier":"H-6000","codDiv":"DIV-6000","codNode":"CUST-6000","idLevel":10,"dteStart":"2026-01-01T00:00:00"},{"idAction":6767,"codParticipant":"P-6767","flgInclusion":false,"codHier":"H-6767","codDiv":"DIV-6767","codNode":"CUST-6767","idLevel":5,"dteStart":"2026-01-01T12:15:00"},{"idAction":7000,"codParticipant":"P-7000","flgInclusion":true,"codHier":"H-7000","codDiv":"DIV-7000","codNode":"CUST-7000","idLevel":10,"dteStart":"2026-01-01T00:00:00"},{"idAction":8888,"codParticipant":"P-8888","flgInclusion":true,"codHier":"H-8888","codDiv":"DIV-8888","codNode":"CUST-8888","idLevel":10,"dteStart":"2026-01-01T00:00:00"},{"idAction":9000,"codParticipant":"P-9000","flgInclusion":true,"codHier":"H-9000","codDiv":"DIV-9000","codNode":"CUST-9000","idLevel":10,"dteStart":"2026-01-01T00:00:00"},{"idAction":9999,"codParticipant":"P-9999","flgInclusion":true,"codHier":"H-9999","codDiv":"DIV-9999","codNode":"CUST-9999","idLevel":10,"dteStart":"2026-01-01T00:00:00"}]
2026-02-11 12:30:55.338 +05:00 [INF] HTTP GET /api/promotions/delivery-points responded 200 in 2144.1695 ms | User: haris (23) | IP: ::1 | RequestBody:  | ResponseBody: [{"idAction":3,"codDeliveryPoint":"D_1","flgInclusion":true,"codHier":"H_1","codDiv":"D_1","codNode":"D_1","idLevel":1,"dteStart":"2026-01-30T00:00:00"},{"idAction":3,"codDeliveryPoint":"D_656565","flgInclusion":true,"codHier":"H_656565","codDiv":"DIV_656565","codNode":"C_656565","idLevel":9,"dteStart":"2026-01-20T00:00:00"},{"idAction":3,"codDeliveryPoint":"NODE_10","flgInclusion":true,"codHier":"H_10","codDiv":"DIV_10","codNode":"NODE_10","idLevel":10,"dteStart":"2026-01-01T14:45:00"},{"idAction":3,"codDeliveryPoint":"NODE_24","flgInclusion":true,"codHier":"H_24","codDiv":"DIV_24","codNode":"NODE_24","idLevel":24,"dteStart":"2026-02-04T12:48:00"},{"idAction":3,"codDeliveryPoint":"NODE_3","flgInclusion":false,"codHier":"H_3","codDiv":"DIV_3","codNode":"NODE_3","idLevel":3,"dteStart":"2026-01-01T10:45:00"},{"idAction":3,"codDeliveryPoint":"NODE_5","flgInclusion":false,"codHier":"H_5","codDiv":"DIV_5","codNode":"NODE_5","idLevel":5,"dteStart":"2026-01-30T10:50:00"},{"idAction":3,"codDeliveryPoint":"NODE_87","flgInclusion":true,"codHier":"H_87","codDiv":"DIV_87","codNode":"NODE_87","idLevel":87,"dteStart":"2026-02-06T14:07:00"},{"idAction":5,"codDeliveryPoint":"NODE_5","flgInclusion":false,"codHier":"H_5","codDiv":"DIV_5","codNode":"NODE_5","idLevel":5,"dteStart":"2026-01-30T10:50:00"},{"idAction":6,"codDeliveryPoint":"D_1","flgInclusion":true,"codHier":"H_1","codDiv":"D_1","codNode":"D_1","idLevel":1,"dteStart":"2026-01-30T00:00:00"},{"idAction":6,"codDeliveryPoint":"D_656565","flgInclusion":true,"codHier":"H_656565","codDiv":"DIV_656565","codNode":"C_656565","idLevel":9,"dteStart":"2026-01-20T00:00:00"},{"idAction":6,"codDeliveryPoint":"NODE_3","flgInclusion":false,"codHier":"H_3","codDiv":"DIV_3","codNode":"NODE_3","idLevel":3,"dteStart":"2026-01-01T10:45:00"},{"idAction":6,"codDeliveryPoint":"NODE_5","flgInclusion":false,"codHier":"H_5","codDiv":"DIV_5","codNode":"NODE_5","idLevel":5,"dteStart":"2026-01-30T10:50:00"},{"idAction":6,"codDeliveryPoint":"NODE_6","flgInclusion":true,"codHier":"H_6","codDiv":"DIV_6","codNode":"NODE_6","idLevel":6,"dteStart":"2026-01-30T15:01:00"},{"idAction":7,"codDeliveryPoint":"NODE_7","flgInclusion":true,"codHier":"H_7","codDiv":"DIV_7","codNode":"NODE_7","idLevel":7,"dteStart":"2026-02-02T12:04:00"},{"idAction":10,"codDeliveryPoint":"NODE_10","flgInclusion":true,"codHier":"H_10","codDiv":"DIV_10","codNode":"NODE_10","idLevel":10,"dteStart":"2026-01-01T14:45:00"},{"idAction":24,"codDeliveryPoint":"NODE_24","flgInclusion":true,"codHier":"H_24","codDiv":"DIV_24","codNode":"NODE_24","idLevel":24,"dteStart":"2026-02-04T12:48:00"},{"idAction":87,"codDeliveryPoint":"NODE_87","flgInclusion":true,"codHier":"H_87","codDiv":"DIV_87","codNode":"NODE_87","idLevel":87,"dteStart":"2026-02-06T14:07:00"},{"idAction":98,"codDeliveryPoint":"NODE_98","flgInclusion":true,"codHier":"H_98","codDiv":"DIV_98","codNode":"NODE_98","idLevel":98,"dteStart":"2026-01-30T18:25:00"},{"idAction":100,"codDeliveryPoint":"D_656565","flgInclusion":true,"codHier":"H_656565","codDiv":"DIV_656565","codNode":"C_656565","idLevel":9,"dteStart":"2026-01-20T00:00:00"},{"idAction":100,"codDeliveryPoint":"NODE_10","flgInclusion":true,"codHier":"H_10","codDiv":"DIV_10","codNode":"NODE_10","idLevel":10,"dteStart":"2026-01-01T14:45:00"},{"idAction":100,"codDeliveryPoint":"NODE_100","flgInclusion":true,"codHier":"H_100","codDiv":"DIV_100","codNode":"NODE_100","idLevel":10,"dteStart":"2026-02-09T13:54:00"},{"idAction":100,"codDeliveryPoint":"NODE_3","flgInclusion":false,"codHier":"H_3","codDiv":"DIV_3","codNode":"NODE_3","idLevel":3,"dteStart":"2026-01-01T10:45:00"},{"idAction":200,"codDeliveryPoint":"NODE_200","flgInclusion":true,"codHier":"H_200","codDiv":"DIV_200","codNode":"NODE_200","idLevel":20,"dteStart":"2026-02-10T14:14:00"},{"idAction":321,"codDeliveryPoint":"NODE_A","flgInclusion":true,"codHier":"H_A","codDiv":"DIV_A","codNode":"NODE_A","idLevel":1,"dteStart":"2026-02-01T18:26:00"},{"idAction":1111,"codDeliveryPoint":"NODE_1111","flgInclusion":true,"codHier":"H_1111","codDiv":"DIV_1111","codNode":"NODE_1111","idLevel":11,"dteStart":"2026-01-01T17:00:00"},{"idAction":5005,"codDeliveryPoint":"","flgInclusion":true,"codHier":"H-2255","codDiv":"DIV-2255","codNode":"CUST-2255","idLevel":10,"dteStart":"2026-01-01T00:00:00"},{"idAction":6767,"codDeliveryPoint":"DP-6767","flgInclusion":true,"codHier":"H-6767","codDiv":"DIV-6767","codNode":"CUST-6767","idLevel":5,"dteStart":"2026-01-01T12:15:00"},{"idAction":7000,"codDeliveryPoint":"DP-7000","flgInclusion":true,"codHier":"H-7000","codDiv":"DIV-7000","codNode":"CUST-7000","idLevel":10,"dteStart":"2026-01-01T00:00:00"}]
2026-02-11 12:30:55.344 +05:00 [INF] HTTP GET /api/participants/all responded 200 in 2151.1887 ms
2026-02-11 12:30:55.360 +05:00 [INF] HTTP GET /api/promotions/delivery-points responded 200 in 2166.7748 ms
2026-02-11 12:30:55.459 +05:00 [WRN] Compiling a query which loads related collections for more than one collection navigation, either via 'Include' or through projection, but no 'QuerySplittingBehavior' has been configured. By default, Entity Framework will use 'QuerySplittingBehavior.SingleQuery', which can potentially result in slow query performance. See https://go.microsoft.com/fwlink/?linkid=2134277 for more information. To identify the query that's triggering this warning call 'ConfigureWarnings(w => w.Throw(RelationalEventId.MultipleCollectionIncludeWarning))'.
2026-02-11 12:30:55.478 +05:00 [INF] Downstream JWT validated for haris
2026-02-11 12:30:55.504 +05:00 [INF] HTTP GET /api/promotions/actions responded 200 in 2325.7615 ms | User: haris (23) | IP: ::1 | RequestBody:  | ResponseBody: [{"idAction":3,"name":"PROMO_3","codDiv":"DIV_3","dteStartSellIn":"2026-02-01T00:00:00","dteEndSellIn":"2026-02-28T00:00:00","dteStartSellOut":"2026-01-25T00:00:00","dteEndSellOut":"2026-01-30T00:00:00","documentKey":"KEY_3","dteToShost":"2026-01-10T00:00:00","levParticipants":3},{"idAction":5,"name":"PROMO_5_5","codDiv":"DIV_5","dteStartSellIn":"2026-02-24T00:00:00","dteEndSellIn":"2026-02-21T00:00:00","dteStartSellOut":"2026-02-24T00:00:00","dteEndSellOut":"2026-02-27T00:00:00","documentKey":"DOC_KEY_is_5","dteToShost":"2026-01-18T00:00:00","levParticipants":55555555},{"idAction":6,"name":"PROMO_6","codDiv":"DIV_6","dteStartSellIn":"2026-02-01T00:00:00","dteEndSellIn":"2026-02-25T00:00:00","dteStartSellOut":"2026-01-15T00:00:00","dteEndSellOut":"2026-01-24T00:00:00","documentKey":"DOCC_6_KEY","dteToShost":"2026-01-15T00:00:00","levParticipants":6},{"idAction":7,"name":"PROMO_7","codDiv":"DIV_7","dteStartSellIn":"2026-02-06T12:05:00","dteEndSellIn":"2026-02-07T12:05:00","dteStartSellOut":"2026-02-08T12:05:00","dteEndSellOut":"2026-02-09T12:05:00","documentKey":"KEY_7","dteToShost":"2026-02-05T12:04:00","levParticipants":7},{"idAction":10,"name":"PROMO_10","codDiv":"DIV_10","dteStartSellIn":"2026-02-01T00:00:00","dteEndSellIn":"2026-02-26T00:00:00","dteStartSellOut":"2026-01-23T00:00:00","dteEndSellOut":"2026-01-24T00:00:00","documentKey":"DOCC_KEY_10","dteToShost":"2026-01-29T00:00:00","levParticipants":10},{"idAction":12,"name":"PROMO_12","codDiv":"DIV_12","dteStartSellIn":"2026-02-06T12:27:00","dteEndSellIn":"2026-02-07T12:27:00","dteStartSellOut":"2026-02-08T12:27:00","dteEndSellOut":"2026-02-09T12:27:00","documentKey":"KEY_12","dteToShost":"2026-02-03T12:26:00","levParticipants":12},{"idAction":24,"name":"PROMO_24","codDiv":"DIV_24","dteStartSellIn":"2026-02-05T12:48:00","dteEndSellIn":"2026-02-06T12:48:00","dteStartSellOut":"2026-02-07T12:48:00","dteEndSellOut":"2026-02-08T12:48:00","documentKey":"KEY_24","dteToShost":"2026-02-03T12:48:00","levParticipants":24},{"idAction":45,"name":"cccc","codDiv":"DIV01","dteStartSellIn":"2026-01-16T00:00:00","dteEndSellIn":"2026-01-17T00:00:00","dteStartSellOut":"2026-01-16T00:00:00","dteEndSellOut":"2026-01-17T00:00:00","documentKey":null,"dteToShost":null,"levParticipants":2},{"idAction":87,"name":"promo_87","codDiv":"DIV_87","dteStartSellIn":"2026-02-07T14:44:00","dteEndSellIn":"2026-02-10T14:44:00","dteStartSellOut":"2026-02-22T14:44:00","dteEndSellOut":"2026-02-26T14:44:00","documentKey":"KEY_87","dteToShost":"2026-02-03T14:44:00","levParticipants":87},{"idAction":98,"name":"PROMO_98","codDiv":"DIV_98","dteStartSellIn":"2026-01-08T18:25:00","dteEndSellIn":"2026-01-17T18:25:00","dteStartSellOut":"2026-01-28T18:25:00","dteEndSellOut":"2026-01-30T18:25:00","documentKey":"DOCC_98","dteToShost":"2026-01-31T18:25:00","levParticipants":98},{"idAction":100,"name":"PROMO_100","codDiv":"DIV_100","dteStartSellIn":"2026-02-11T14:08:00","dteEndSellIn":"2026-02-14T14:08:00","dteStartSellOut":"2026-02-22T14:08:00","dteEndSellOut":"2026-02-27T14:08:00","documentKey":"KEY_100","dteToShost":"2026-02-10T14:08:00","levParticipants":10},{"idAction":200,"name":"PROMO_200","codDiv":"DIV_200","dteStartSellIn":"2026-02-10T14:15:00","dteEndSellIn":"2026-02-28T14:15:00","dteStartSellOut":"2026-02-11T14:15:00","dteEndSellOut":"2026-02-23T14:15:00","documentKey":"KEY_200","dteToShost":"2026-02-14T14:14:00","levParticipants":20},{"idAction":321,"name":"PROMO_321","codDiv":"DIV_A","dteStartSellIn":"2026-02-01T18:27:00","dteEndSellIn":"2026-02-28T18:27:00","dteStartSellOut":"2026-02-04T18:27:00","dteEndSellOut":"2026-02-23T18:27:00","documentKey":"KEY_A","dteToShost":"2026-02-03T18:27:00","levParticipants":1},{"idAction":1111,"name":"PROMO_1111","codDiv":"DIV_1111","dteStartSellIn":"2026-01-01T17:00:00","dteEndSellIn":"2026-01-30T17:02:00","dteStartSellOut":"2026-01-17T17:02:00","dteEndSellOut":"2026-01-28T17:02:00","documentKey":"1111_DOCC_KEY","dteToShost":"2026-01-13T17:02:00","levParticipants":11},{"idAction":2020,"name":"Spring Special 2020","codDiv":"D-2020","dteStartSellIn":"2026-01-03T12:28:00","dteEndSellIn":"2026-01-04T12:28:00","dteStartSellOut":"2026-01-05T12:28:00","dteEndSellOut":"2026-01-06T12:28:00","documentKey":"DOC-SPRING-2020","dteToShost":"2026-01-02T12:28:00","levParticipants":1},{"idAction":2222,"name":"haseeb","codDiv":"DIV02","dteStartSellIn":"2026-02-01T00:00:00","dteEndSellIn":"2026-01-11T00:00:00","dteStartSellOut":"2026-01-28T00:00:00","dteEndSellOut":"2026-01-30T00:00:00","documentKey":"","dteToShost":null,"levParticipants":2},{"idAction":2323,"name":"Winter Sale Campaign 2323","codDiv":"D-2323","dteStartSellIn":"2026-01-19T14:39:00","dteEndSellIn":"2026-01-20T14:40:00","dteStartSellOut":"2026-01-21T14:40:00","dteEndSellOut":"2026-01-22T14:40:00","documentKey":"DOC-WINTER-2323","dteToShost":"2026-01-30T14:39:00","levParticipants":1},{"idAction":5005,"name":"bbb","codDiv":"DIV5005","dteStartSellIn":"2026-01-23T00:00:00","dteEndSellIn":"2026-01-30T00:00:00","dteStartSellOut":"2026-01-26T00:00:00","dteEndSellOut":"2026-01-18T00:00:00","documentKey":"555553","dteToShost":"2026-01-19T00:00:00","levParticipants":14},{"idAction":6000,"name":"Zero Redundancy Campaign 6000","codDiv":"DIV-6000","dteStartSellIn":"2026-02-01T00:00:00","dteEndSellIn":"2026-02-24T00:00:00","dteStartSellOut":"2026-02-01T00:00:00","dteEndSellOut":"2026-02-28T00:00:00","documentKey":"DOC-6000","dteToShost":"2026-01-05T00:00:00","levParticipants":1},{"idAction":6767,"name":"XTEL Launch Promo 6767","codDiv":"DIV-6767","dteStartSellIn":"2026-02-01T00:00:00","dteEndSellIn":"2026-02-28T00:00:00","dteStartSellOut":"2026-01-22T00:00:00","dteEndSellOut":"2026-01-23T00:00:00","documentKey":"DOC-XTEL-6767","dteToShost":"2026-01-03T00:00:00","levParticipants":1},{"idAction":7000,"name":"Atomic Campaign 7000","codDiv":"DIV-7000","dteStartSellIn":"2026-01-01T00:00:00","dteEndSellIn":"2026-01-31T00:00:00","dteStartSellOut":"2026-02-01T00:00:00","dteEndSellOut":"2026-02-28T00:00:00","documentKey":"DOC-7000","dteToShost":null,"levParticipants":1},{"idAction":8888,"name":"Atomic Campaign 8888 Complete","codDiv":"DIV-8888","dteStartSellIn":"2026-01-01T00:00:00","dteEndSellIn":"2026-01-31T00:00:00","dteStartSellOut":"2026-02-01T00:00:00","dteEndSellOut":"2026-02-28T00:00:00","documentKey":"DOC-8888","dteToShost":null,"levParticipants":1},{"idAction":9000,"name":"Balanced Atomic Campaign 9000","codDiv":"DIV-9000","dteStartSellIn":"2026-01-01T00:00:00","dteEndSellIn":"2026-01-31T00:00:00","dteStartSellOut":"2026-02-01T00:00:00","dteEndSellOut":"2026-02-28T00:00:00","documentKey":"DOC-9000","dteToShost":null,"levParticipants":1},{"idAction":9999,"name":"I should not exist in DB","codDiv":"DIV-9999","dteStartSellIn":"2026-01-01T00:00:00","dteEndSellIn":"2026-01-31T00:00:00","dteStartSellOut":"2026-02-01T00:00:00","dteEndSellOut":"2026-02-28T00:00:00","documentKey":"DOC-9999","dteToShost":null,"levParticipants":1}]
2026-02-11 12:30:55.514 +05:00 [INF] HTTP GET /api/promotions/actions responded 200 in 2335.1828 ms
2026-02-11 12:30:55.515 +05:00 [INF] Downstream JWT validated for haris
2026-02-11 12:30:55.526 +05:00 [INF] Downstream JWT validated for haris
2026-02-11 12:30:55.594 +05:00 [INF] HTTP GET /api/participants/all responded 200 in 80.6465 ms | User: haris (23) | IP: ::1 | RequestBody:  | ResponseBody: [{"idAction":3,"codParticipant":"N_1","flgInclusion":true,"codHier":"H_1","codDiv":"D_1","codNode":"N_1","idLevel":1,"dteStart":"2026-01-30T09:35:43.289"},{"idAction":3,"codParticipant":"NODE_3","flgInclusion":true,"codHier":"H_3","codDiv":"DIV_3","codNode":"NODE_3","idLevel":3,"dteStart":"2026-01-01T10:45:00"},{"idAction":3,"codParticipant":"NODE_5","flgInclusion":true,"codHier":"H_5","codDiv":"DIV_5","codNode":"NODE_5","idLevel":5,"dteStart":"2026-01-30T10:50:00"},{"idAction":5,"codParticipant":"NODE_5","flgInclusion":true,"codHier":"H_5","codDiv":"DIV_5","codNode":"NODE_5","idLevel":5,"dteStart":"2026-01-30T10:50:00"},{"idAction":6,"codParticipant":"N_9898","flgInclusion":true,"codHier":"H_999","codDiv":"D_5878","codNode":"N_878","idLevel":8,"dteStart":"2026-01-14T00:00:00"},{"idAction":6,"codParticipant":"NODE_3","flgInclusion":true,"codHier":"H_3","codDiv":"DIV_3","codNode":"NODE_3","idLevel":3,"dteStart":"2026-01-01T10:45:00"},{"idAction":6,"codParticipant":"NODE_5","flgInclusion":true,"codHier":"H_5","codDiv":"DIV_5","codNode":"NODE_5","idLevel":5,"dteStart":"2026-01-30T10:50:00"},{"idAction":6,"codParticipant":"NODE_6","flgInclusion":true,"codHier":"H_6","codDiv":"DIV_6","codNode":"NODE_6","idLevel":6,"dteStart":"2026-01-30T15:01:00"},{"idAction":6,"codParticipant":"NODE_676767","flgInclusion":true,"codHier":"H_676767","codDiv":"DIV_676767","codNode":"NODE_676767","idLevel":676767,"dteStart":"2026-01-31T00:00:00"},{"idAction":6,"codParticipant":"P-9000","flgInclusion":true,"codHier":"H-9000","codDiv":"DIV-9000","codNode":"CUST-9000","idLevel":10,"dteStart":"2026-01-01T00:00:00"},{"idAction":7,"codParticipant":"NODE_7","flgInclusion":true,"codHier":"H_7","codDiv":"DIV_7","codNode":"NODE_7","idLevel":7,"dteStart":"2026-02-02T12:04:00"},{"idAction":10,"codParticipant":"NODE_10","flgInclusion":true,"codHier":"H_10","codDiv":"DIV_10","codNode":"NODE_10","idLevel":10,"dteStart":"2026-01-01T14:45:00"},{"idAction":24,"codParticipant":"NODE_24","flgInclusion":true,"codHier":"H_24","codDiv":"DIV_24","codNode":"NODE_24","idLevel":24,"dteStart":"2026-02-04T12:48:00"},{"idAction":87,"codParticipant":"NODE_87","flgInclusion":true,"codHier":"H_87","codDiv":"DIV_87","codNode":"NODE_87","idLevel":87,"dteStart":"2026-02-06T14:07:00"},{"idAction":98,"codParticipant":"NODE_98","flgInclusion":true,"codHier":"H_98","codDiv":"DIV_98","codNode":"NODE_98","idLevel":98,"dteStart":"2026-01-30T18:25:00"},{"idAction":100,"codParticipant":"NODE_100","flgInclusion":true,"codHier":"H_100","codDiv":"DIV_100","codNode":"NODE_100","idLevel":10,"dteStart":"2026-02-09T13:54:00"},{"idAction":200,"codParticipant":"NODE_200","flgInclusion":true,"codHier":"H_200","codDiv":"DIV_200","codNode":"NODE_200","idLevel":20,"dteStart":"2026-02-10T14:14:00"},{"idAction":321,"codParticipant":"NODE_A","flgInclusion":true,"codHier":"H_A","codDiv":"DIV_A","codNode":"NODE_A","idLevel":1,"dteStart":"2026-02-01T18:26:00"},{"idAction":1111,"codParticipant":"NODE_1111","flgInclusion":true,"codHier":"H_1111","codDiv":"DIV_1111","codNode":"NODE_1111","idLevel":11,"dteStart":"2026-01-01T17:00:00"},{"idAction":2323,"codParticipant":"P-2323","flgInclusion":true,"codHier":"H-2323","codDiv":"D-2323","codNode":"C-2323","idLevel":4,"dteStart":"2026-01-01T12:48:00"},{"idAction":5005,"codParticipant":"","flgInclusion":true,"codHier":"H-9999","codDiv":"DIV-9999","codNode":"CUST-9999","idLevel":10,"dteStart":"2026-01-01T00:00:00"},{"idAction":6000,"codParticipant":"P-6000","flgInclusion":true,"codHier":"H-6000","codDiv":"DIV-6000","codNode":"CUST-6000","idLevel":10,"dteStart":"2026-01-01T00:00:00"},{"idAction":6767,"codParticipant":"P-6767","flgInclusion":false,"codHier":"H-6767","codDiv":"DIV-6767","codNode":"CUST-6767","idLevel":5,"dteStart":"2026-01-01T12:15:00"},{"idAction":7000,"codParticipant":"P-7000","flgInclusion":true,"codHier":"H-7000","codDiv":"DIV-7000","codNode":"CUST-7000","idLevel":10,"dteStart":"2026-01-01T00:00:00"},{"idAction":8888,"codParticipant":"P-8888","flgInclusion":true,"codHier":"H-8888","codDiv":"DIV-8888","codNode":"CUST-8888","idLevel":10,"dteStart":"2026-01-01T00:00:00"},{"idAction":9000,"codParticipant":"P-9000","flgInclusion":true,"codHier":"H-9000","codDiv":"DIV-9000","codNode":"CUST-9000","idLevel":10,"dteStart":"2026-01-01T00:00:00"},{"idAction":9999,"codParticipant":"P-9999","flgInclusion":true,"codHier":"H-9999","codDiv":"DIV-9999","codNode":"CUST-9999","idLevel":10,"dteStart":"2026-01-01T00:00:00"}]
2026-02-11 12:30:55.595 +05:00 [INF] HTTP GET /api/promotions/customer-relations responded 200 in 118.1613 ms | User: haris (23) | IP: ::1 | RequestBody:  | ResponseBody: [{"idAction":0,"codHier":"5555","codDiv":"div5555","codNode":"f5555","idLevel":1,"dteStart":"2026-01-15T00:00:00","codParentNode":"root","dteEnd":null},{"idAction":0,"codHier":"56","codDiv":"565","codNode":"56","idLevel":55,"dteStart":"2026-01-29T00:44:00","codParentNode":"haseeb","dteEnd":"2026-01-26T00:44:00"},{"idAction":0,"codHier":"H_1","codDiv":"D_1","codNode":"D_1","idLevel":1,"dteStart":"2026-01-30T00:00:00","codParentNode":"ROOT","dteEnd":null},{"idAction":0,"codHier":"H_1","codDiv":"D_1","codNode":"N_1","idLevel":1,"dteStart":"2026-01-30T09:35:43.289","codParentNode":"ROOT","dteEnd":null},{"idAction":0,"codHier":"H_10","codDiv":"DIV_10","codNode":"NODE_10","idLevel":10,"dteStart":"2026-01-01T14:45:00","codParentNode":"ROOT_10","dteEnd":"2026-01-31T14:44:00"},{"idAction":0,"codHier":"H_100","codDiv":"DIV_100","codNode":"NODE_100","idLevel":10,"dteStart":"2026-02-09T13:54:00","codParentNode":"ROOT_100","dteEnd":"2026-02-10T13:54:00"},{"idAction":0,"codHier":"H_1111","codDiv":"DIV_1111","codNode":"NODE_1111","idLevel":11,"dteStart":"2026-01-01T17:00:00","codParentNode":"ROOT_1111","dteEnd":"2026-01-30T17:01:00"},{"idAction":0,"codHier":"H_12","codDiv":"DIV_12","codNode":"NODE_12","idLevel":12,"dteStart":"2026-02-03T12:26:00","codParentNode":"ROOT_12","dteEnd":"2026-02-06T12:26:00"},{"idAction":0,"codHier":"H_17","codDiv":"DIV_17","codNode":"NODE_17","idLevel":17,"dteStart":"2026-02-07T15:44:00","codParentNode":"ROOT_17","dteEnd":"2026-02-24T15:44:00"},{"idAction":0,"codHier":"H_19","codDiv":"DIV_19","codNode":"NODE_19","idLevel":19,"dteStart":"2026-02-04T13:59:00","codParentNode":"ROOT_19","dteEnd":"2026-02-05T13:59:00"},{"idAction":0,"codHier":"H_200","codDiv":"DIV_200","codNode":"NODE_200","idLevel":20,"dteStart":"2026-02-10T14:14:00","codParentNode":"ROOT_200","dteEnd":"2026-02-24T14:14:00"},{"idAction":0,"codHier":"H_21","codDiv":"DIV_21","codNode":"NODE_21","idLevel":21,"dteStart":"2026-02-05T14:01:00","codParentNode":"ROOT_21","dteEnd":"2026-02-07T14:01:00"},{"idAction":0,"codHier":"H_222","codDiv":"DIV_222","codNode":"NODE_222","idLevel":222,"dteStart":"2026-02-04T12:53:00","codParentNode":"ROOT_222","dteEnd":"2026-02-06T12:53:00"},{"idAction":0,"codHier":"H_24","codDiv":"DIV_24","codNode":"NODE_24","idLevel":24,"dteStart":"2026-02-04T12:48:00","codParentNode":"ROOT_24","dteEnd":"2026-02-05T12:48:00"},{"idAction":0,"codHier":"H_25","codDiv":"DIV_25","codNode":"NODE_25","idLevel":25,"dteStart":"2026-02-10T14:04:00","codParentNode":"ROOT_25","dteEnd":"2026-02-11T14:04:00"},{"idAction":0,"codHier":"H_3","codDiv":"DIV_3","codNode":"NODE_3","idLevel":3,"dteStart":"2026-01-01T10:45:00","codParentNode":"ROOT_3","dteEnd":"2026-01-30T10:44:00"},{"idAction":0,"codHier":"H_5","codDiv":"DIV_5","codNode":"NODE_5","idLevel":5,"dteStart":"2026-01-30T10:50:00","codParentNode":"ROOT_5","dteEnd":"2026-01-31T10:48:00"},{"idAction":0,"codHier":"H_6","codDiv":"DIV_6","codNode":"NODE_6","idLevel":6,"dteStart":"2026-01-30T15:01:00","codParentNode":"ROOT_6","dteEnd":"2026-01-31T15:01:00"},{"idAction":0,"codHier":"H_656565","codDiv":"DIV_656565","codNode":"C_656565","idLevel":9,"dteStart":"2026-01-20T00:00:00","codParentNode":"ROOT","dteEnd":null},{"idAction":0,"codHier":"H_676767","codDiv":"DIV_676767","codNode":"NODE_676767","idLevel":676767,"dteStart":"2026-01-31T00:00:00","codParentNode":"ROOT","dteEnd":null},{"idAction":0,"codHier":"H_7","codDiv":"DIV_7","codNode":"NODE_7","idLevel":7,"dteStart":"2026-02-02T12:04:00","codParentNode":"ROOT_7","dteEnd":"2026-02-04T12:04:00"},{"idAction":0,"codHier":"H_87","codDiv":"DIV_87","codNode":"NODE_87","idLevel":87,"dteStart":"2026-02-06T14:07:00","codParentNode":"ROOT_87","dteEnd":"2026-02-26T14:07:00"},{"idAction":0,"codHier":"H_98","codDiv":"DIV_98","codNode":"NODE_98","idLevel":98,"dteStart":"2026-01-30T18:25:00","codParentNode":"ROOT_98","dteEnd":"2026-01-31T18:25:00"},{"idAction":0,"codHier":"H_999","codDiv":"D_5878","codNode":"N_878","idLevel":8,"dteStart":"2026-01-14T00:00:00","codParentNode":"ROOT","dteEnd":null},{"idAction":0,"codHier":"H_A","codDiv":"DIV_A","codNode":"NODE_A","idLevel":1,"dteStart":"2026-02-01T18:26:00","codParentNode":"ROOT_A","dteEnd":"2026-02-14T18:26:00"},{"idAction":0,"codHier":"H-1010","codDiv":"D-1010","codNode":"C-1010","idLevel":1,"dteStart":"2026-01-01T11:54:00","codParentNode":"root","dteEnd":"2026-01-12T11:54:00"},{"idAction":0,"codHier":"H-11","codDiv":"DIV-11","codNode":"C-11","idLevel":11,"dteStart":"2026-01-01T15:05:00","codParentNode":"ROOT","dteEnd":"2026-01-31T15:05:00"},{"idAction":0,"codHier":"H-1111","codDiv":"DIV-1111","codNode":"CUST-1111","idLevel":10,"dteStart":"2026-01-01T00:00:00","codParentNode":"ROOT","dteEnd":null},{"idAction":0,"codHier":"H-1414","codDiv":"D-1414","codNode":"C-1414","idLevel":4,"dteStart":"2026-01-01T14:45:00","codParentNode":"ROOT","dteEnd":"2026-01-15T14:45:00"},{"idAction":0,"codHier":"H-2","codDiv":"DIV-2","codNode":"CUST-2","idLevel":2,"dteStart":"2026-01-01T12:40:00","codParentNode":"ROOT","dteEnd":"2026-01-16T12:37:00"},{"idAction":0,"codHier":"H-2","codDiv":"DIV-2","codNode":"CUST-2","idLevel":2,"dteStart":"2026-01-21T12:37:00","codParentNode":"ROOT","dteEnd":"2026-01-24T12:37:00"},{"idAction":0,"codHier":"H-2020","codDiv":"D-2020","codNode":"C-2020","idLevel":2,"dteStart":"2026-01-02T12:27:00","codParentNode":"root","dteEnd":"2026-01-30T12:27:00"},{"idAction":0,"codHier":"H-2255","codDiv":"DIV-2255","codNode":"CUST-2255","idLevel":10,"dteStart":"2026-01-01T00:00:00","codParentNode":"ROOT","dteEnd":null},{"idAction":0,"codHier":"H-2323","codDiv":"D-2323","codNode":"C-2323","idLevel":4,"dteStart":"2026-01-01T12:48:00","codParentNode":"ROOT","dteEnd":"2026-01-12T12:49:00"},{"idAction":0,"codHier":"H-3333","codDiv":"DIV-3333","codNode":"CUST-3333","idLevel":10,"dteStart":"2026-01-01T00:00:00","codParentNode":"ROOT","dteEnd":null},{"idAction":0,"codHier":"H-3344","codDiv":"DIV-3345","codNode":"CUST-3345","idLevel":10,"dteStart":"2026-01-01T00:00:00","codParentNode":"ROOT","dteEnd":null},{"idAction":0,"codHier":"H-3345","codDiv":"DIV-3345","codNode":"CUST-3345","idLevel":10,"dteStart":"2026-01-01T00:00:00","codParentNode":"ROOT","dteEnd":null},{"idAction":0,"codHier":"H-4","codDiv":"DIV-4","codNode":"CUST-4","idLevel":4,"dteStart":"2026-01-01T14:44:00","codParentNode":"ROOT","dteEnd":"2026-01-02T14:44:00"},{"idAction":0,"codHier":"H-5555","codDiv":"DIV-5555","codNode":"CUST-5555","idLevel":10,"dteStart":"2026-01-01T00:00:00","codParentNode":"ROOT","dteEnd":null},{"idAction":0,"codHier":"H-6000","codDiv":"DIV-6000","codNode":"CUST-6000","idLevel":10,"dteStart":"2026-01-01T00:00:00","codParentNode":"ROOT","dteEnd":"2026-12-31T00:00:00"},{"idAction":0,"codHier":"H-6666","codDiv":"DIV-6666","codNode":"CUST-6666","idLevel":10,"dteStart":"2026-01-17T01:30:00","codParentNode":"ROOT","dteEnd":"2026-01-18T01:30:00"},{"idAction":0,"codHier":"H-6767","codDiv":"DIV-6767","codNode":"CUST-6767","idLevel":5,"dteStart":"2026-01-01T12:15:00","codParentNode":"ROOT","dteEnd":"2026-01-08T12:15:00"},{"idAction":0,"codHier":"H-7000","codDiv":"DIV-7000","codNode":"CUST-7000","idLevel":10,"dteStart":"2026-01-01T00:00:00","codParentNode":"ROOT","dteEnd":null},{"idAction":0,"codHier":"H-7777","codDiv":"DIV-7777","codNode":"CUST-7777","idLevel":10,"dteStart":"2026-01-01T00:00:00","codParentNode":"ROOT","dteEnd":null},{"idAction":0,"codHier":"H-7878","codDiv":"DIV-7878","codNode":"CUST-7878","idLevel":3,"dteStart":"2026-01-18T11:43:00","codParentNode":"ROOT","dteEnd":"2026-01-19T11:43:00"},{"idAction":0,"codHier":"H-8000","codDiv":"DIV-8000","codNode":"CUST-8000","idLevel":10,"dteStart":"2026-01-01T00:00:00","codParentNode":"ROOT","dteEnd":null},{"idAction":0,"codHier":"H-8888","codDiv":"DIV-8888","codNode":"CUST-8888","idLevel":10,"dteStart":"2026-01-01T00:00:00","codParentNode":"ROOT","dteEnd":null},{"idAction":0,"codHier":"H-9000","codDiv":"DIV-9000","codNode":"CUST-9000","idLevel":10,"dteStart":"2026-01-01T00:00:00","codParentNode":"ROOT","dteEnd":null},{"idAction":0,"codHier":"H-9999","codDiv":"DIV-9999","codNode":"CUST-9999","idLevel":10,"dteStart":"2026-01-01T00:00:00","codParentNode":"ROOT","dteEnd":null},{"idAction":0,"codHier":"HIER_CORP","codDiv":"DIV01","codNode":"NODE_9111","idLevel":1,"dteStart":"2026-01-15T00:00:00","codParentNode":"ROOT_NODE","dteEnd":null}]
2026-02-11 12:30:55.607 +05:00 [INF] HTTP GET /api/participants/all responded 200 in 92.8335 ms
2026-02-11 12:30:55.607 +05:00 [INF] Downstream JWT validated for haris
2026-02-11 12:30:55.608 +05:00 [INF] HTTP GET /api/promotions/delivery-points responded 200 in 82.8368 ms | User: haris (23) | IP: ::1 | RequestBody:  | ResponseBody: [{"idAction":3,"codDeliveryPoint":"D_1","flgInclusion":true,"codHier":"H_1","codDiv":"D_1","codNode":"D_1","idLevel":1,"dteStart":"2026-01-30T00:00:00"},{"idAction":3,"codDeliveryPoint":"D_656565","flgInclusion":true,"codHier":"H_656565","codDiv":"DIV_656565","codNode":"C_656565","idLevel":9,"dteStart":"2026-01-20T00:00:00"},{"idAction":3,"codDeliveryPoint":"NODE_10","flgInclusion":true,"codHier":"H_10","codDiv":"DIV_10","codNode":"NODE_10","idLevel":10,"dteStart":"2026-01-01T14:45:00"},{"idAction":3,"codDeliveryPoint":"NODE_24","flgInclusion":true,"codHier":"H_24","codDiv":"DIV_24","codNode":"NODE_24","idLevel":24,"dteStart":"2026-02-04T12:48:00"},{"idAction":3,"codDeliveryPoint":"NODE_3","flgInclusion":false,"codHier":"H_3","codDiv":"DIV_3","codNode":"NODE_3","idLevel":3,"dteStart":"2026-01-01T10:45:00"},{"idAction":3,"codDeliveryPoint":"NODE_5","flgInclusion":false,"codHier":"H_5","codDiv":"DIV_5","codNode":"NODE_5","idLevel":5,"dteStart":"2026-01-30T10:50:00"},{"idAction":3,"codDeliveryPoint":"NODE_87","flgInclusion":true,"codHier":"H_87","codDiv":"DIV_87","codNode":"NODE_87","idLevel":87,"dteStart":"2026-02-06T14:07:00"},{"idAction":5,"codDeliveryPoint":"NODE_5","flgInclusion":false,"codHier":"H_5","codDiv":"DIV_5","codNode":"NODE_5","idLevel":5,"dteStart":"2026-01-30T10:50:00"},{"idAction":6,"codDeliveryPoint":"D_1","flgInclusion":true,"codHier":"H_1","codDiv":"D_1","codNode":"D_1","idLevel":1,"dteStart":"2026-01-30T00:00:00"},{"idAction":6,"codDeliveryPoint":"D_656565","flgInclusion":true,"codHier":"H_656565","codDiv":"DIV_656565","codNode":"C_656565","idLevel":9,"dteStart":"2026-01-20T00:00:00"},{"idAction":6,"codDeliveryPoint":"NODE_3","flgInclusion":false,"codHier":"H_3","codDiv":"DIV_3","codNode":"NODE_3","idLevel":3,"dteStart":"2026-01-01T10:45:00"},{"idAction":6,"codDeliveryPoint":"NODE_5","flgInclusion":false,"codHier":"H_5","codDiv":"DIV_5","codNode":"NODE_5","idLevel":5,"dteStart":"2026-01-30T10:50:00"},{"idAction":6,"codDeliveryPoint":"NODE_6","flgInclusion":true,"codHier":"H_6","codDiv":"DIV_6","codNode":"NODE_6","idLevel":6,"dteStart":"2026-01-30T15:01:00"},{"idAction":7,"codDeliveryPoint":"NODE_7","flgInclusion":true,"codHier":"H_7","codDiv":"DIV_7","codNode":"NODE_7","idLevel":7,"dteStart":"2026-02-02T12:04:00"},{"idAction":10,"codDeliveryPoint":"NODE_10","flgInclusion":true,"codHier":"H_10","codDiv":"DIV_10","codNode":"NODE_10","idLevel":10,"dteStart":"2026-01-01T14:45:00"},{"idAction":24,"codDeliveryPoint":"NODE_24","flgInclusion":true,"codHier":"H_24","codDiv":"DIV_24","codNode":"NODE_24","idLevel":24,"dteStart":"2026-02-04T12:48:00"},{"idAction":87,"codDeliveryPoint":"NODE_87","flgInclusion":true,"codHier":"H_87","codDiv":"DIV_87","codNode":"NODE_87","idLevel":87,"dteStart":"2026-02-06T14:07:00"},{"idAction":98,"codDeliveryPoint":"NODE_98","flgInclusion":true,"codHier":"H_98","codDiv":"DIV_98","codNode":"NODE_98","idLevel":98,"dteStart":"2026-01-30T18:25:00"},{"idAction":100,"codDeliveryPoint":"D_656565","flgInclusion":true,"codHier":"H_656565","codDiv":"DIV_656565","codNode":"C_656565","idLevel":9,"dteStart":"2026-01-20T00:00:00"},{"idAction":100,"codDeliveryPoint":"NODE_10","flgInclusion":true,"codHier":"H_10","codDiv":"DIV_10","codNode":"NODE_10","idLevel":10,"dteStart":"2026-01-01T14:45:00"},{"idAction":100,"codDeliveryPoint":"NODE_100","flgInclusion":true,"codHier":"H_100","codDiv":"DIV_100","codNode":"NODE_100","idLevel":10,"dteStart":"2026-02-09T13:54:00"},{"idAction":100,"codDeliveryPoint":"NODE_3","flgInclusion":false,"codHier":"H_3","codDiv":"DIV_3","codNode":"NODE_3","idLevel":3,"dteStart":"2026-01-01T10:45:00"},{"idAction":200,"codDeliveryPoint":"NODE_200","flgInclusion":true,"codHier":"H_200","codDiv":"DIV_200","codNode":"NODE_200","idLevel":20,"dteStart":"2026-02-10T14:14:00"},{"idAction":321,"codDeliveryPoint":"NODE_A","flgInclusion":true,"codHier":"H_A","codDiv":"DIV_A","codNode":"NODE_A","idLevel":1,"dteStart":"2026-02-01T18:26:00"},{"idAction":1111,"codDeliveryPoint":"NODE_1111","flgInclusion":true,"codHier":"H_1111","codDiv":"DIV_1111","codNode":"NODE_1111","idLevel":11,"dteStart":"2026-01-01T17:00:00"},{"idAction":5005,"codDeliveryPoint":"","flgInclusion":true,"codHier":"H-2255","codDiv":"DIV-2255","codNode":"CUST-2255","idLevel":10,"dteStart":"2026-01-01T00:00:00"},{"idAction":6767,"codDeliveryPoint":"DP-6767","flgInclusion":true,"codHier":"H-6767","codDiv":"DIV-6767","codNode":"CUST-6767","idLevel":5,"dteStart":"2026-01-01T12:15:00"},{"idAction":7000,"codDeliveryPoint":"DP-7000","flgInclusion":true,"codHier":"H-7000","codDiv":"DIV-7000","codNode":"CUST-7000","idLevel":10,"dteStart":"2026-01-01T00:00:00"}]
2026-02-11 12:30:55.612 +05:00 [INF] HTTP GET /api/promotions/customer-relations responded 200 in 134.5114 ms
2026-02-11 12:30:55.626 +05:00 [INF] HTTP GET /api/promotions/delivery-points responded 200 in 100.9697 ms
2026-02-11 12:30:55.654 +05:00 [INF] HTTP GET /api/promotions/actions responded 200 in 47.7605 ms | User: haris (23) | IP: ::1 | RequestBody:  | ResponseBody: [{"idAction":3,"name":"PROMO_3","codDiv":"DIV_3","dteStartSellIn":"2026-02-01T00:00:00","dteEndSellIn":"2026-02-28T00:00:00","dteStartSellOut":"2026-01-25T00:00:00","dteEndSellOut":"2026-01-30T00:00:00","documentKey":"KEY_3","dteToShost":"2026-01-10T00:00:00","levParticipants":3},{"idAction":5,"name":"PROMO_5_5","codDiv":"DIV_5","dteStartSellIn":"2026-02-24T00:00:00","dteEndSellIn":"2026-02-21T00:00:00","dteStartSellOut":"2026-02-24T00:00:00","dteEndSellOut":"2026-02-27T00:00:00","documentKey":"DOC_KEY_is_5","dteToShost":"2026-01-18T00:00:00","levParticipants":55555555},{"idAction":6,"name":"PROMO_6","codDiv":"DIV_6","dteStartSellIn":"2026-02-01T00:00:00","dteEndSellIn":"2026-02-25T00:00:00","dteStartSellOut":"2026-01-15T00:00:00","dteEndSellOut":"2026-01-24T00:00:00","documentKey":"DOCC_6_KEY","dteToShost":"2026-01-15T00:00:00","levParticipants":6},{"idAction":7,"name":"PROMO_7","codDiv":"DIV_7","dteStartSellIn":"2026-02-06T12:05:00","dteEndSellIn":"2026-02-07T12:05:00","dteStartSellOut":"2026-02-08T12:05:00","dteEndSellOut":"2026-02-09T12:05:00","documentKey":"KEY_7","dteToShost":"2026-02-05T12:04:00","levParticipants":7},{"idAction":10,"name":"PROMO_10","codDiv":"DIV_10","dteStartSellIn":"2026-02-01T00:00:00","dteEndSellIn":"2026-02-26T00:00:00","dteStartSellOut":"2026-01-23T00:00:00","dteEndSellOut":"2026-01-24T00:00:00","documentKey":"DOCC_KEY_10","dteToShost":"2026-01-29T00:00:00","levParticipants":10},{"idAction":12,"name":"PROMO_12","codDiv":"DIV_12","dteStartSellIn":"2026-02-06T12:27:00","dteEndSellIn":"2026-02-07T12:27:00","dteStartSellOut":"2026-02-08T12:27:00","dteEndSellOut":"2026-02-09T12:27:00","documentKey":"KEY_12","dteToShost":"2026-02-03T12:26:00","levParticipants":12},{"idAction":24,"name":"PROMO_24","codDiv":"DIV_24","dteStartSellIn":"2026-02-05T12:48:00","dteEndSellIn":"2026-02-06T12:48:00","dteStartSellOut":"2026-02-07T12:48:00","dteEndSellOut":"2026-02-08T12:48:00","documentKey":"KEY_24","dteToShost":"2026-02-03T12:48:00","levParticipants":24},{"idAction":45,"name":"cccc","codDiv":"DIV01","dteStartSellIn":"2026-01-16T00:00:00","dteEndSellIn":"2026-01-17T00:00:00","dteStartSellOut":"2026-01-16T00:00:00","dteEndSellOut":"2026-01-17T00:00:00","documentKey":null,"dteToShost":null,"levParticipants":2},{"idAction":87,"name":"promo_87","codDiv":"DIV_87","dteStartSellIn":"2026-02-07T14:44:00","dteEndSellIn":"2026-02-10T14:44:00","dteStartSellOut":"2026-02-22T14:44:00","dteEndSellOut":"2026-02-26T14:44:00","documentKey":"KEY_87","dteToShost":"2026-02-03T14:44:00","levParticipants":87},{"idAction":98,"name":"PROMO_98","codDiv":"DIV_98","dteStartSellIn":"2026-01-08T18:25:00","dteEndSellIn":"2026-01-17T18:25:00","dteStartSellOut":"2026-01-28T18:25:00","dteEndSellOut":"2026-01-30T18:25:00","documentKey":"DOCC_98","dteToShost":"2026-01-31T18:25:00","levParticipants":98},{"idAction":100,"name":"PROMO_100","codDiv":"DIV_100","dteStartSellIn":"2026-02-11T14:08:00","dteEndSellIn":"2026-02-14T14:08:00","dteStartSellOut":"2026-02-22T14:08:00","dteEndSellOut":"2026-02-27T14:08:00","documentKey":"KEY_100","dteToShost":"2026-02-10T14:08:00","levParticipants":10},{"idAction":200,"name":"PROMO_200","codDiv":"DIV_200","dteStartSellIn":"2026-02-10T14:15:00","dteEndSellIn":"2026-02-28T14:15:00","dteStartSellOut":"2026-02-11T14:15:00","dteEndSellOut":"2026-02-23T14:15:00","documentKey":"KEY_200","dteToShost":"2026-02-14T14:14:00","levParticipants":20},{"idAction":321,"name":"PROMO_321","codDiv":"DIV_A","dteStartSellIn":"2026-02-01T18:27:00","dteEndSellIn":"2026-02-28T18:27:00","dteStartSellOut":"2026-02-04T18:27:00","dteEndSellOut":"2026-02-23T18:27:00","documentKey":"KEY_A","dteToShost":"2026-02-03T18:27:00","levParticipants":1},{"idAction":1111,"name":"PROMO_1111","codDiv":"DIV_1111","dteStartSellIn":"2026-01-01T17:00:00","dteEndSellIn":"2026-01-30T17:02:00","dteStartSellOut":"2026-01-17T17:02:00","dteEndSellOut":"2026-01-28T17:02:00","documentKey":"1111_DOCC_KEY","dteToShost":"2026-01-13T17:02:00","levParticipants":11},{"idAction":2020,"name":"Spring Special 2020","codDiv":"D-2020","dteStartSellIn":"2026-01-03T12:28:00","dteEndSellIn":"2026-01-04T12:28:00","dteStartSellOut":"2026-01-05T12:28:00","dteEndSellOut":"2026-01-06T12:28:00","documentKey":"DOC-SPRING-2020","dteToShost":"2026-01-02T12:28:00","levParticipants":1},{"idAction":2222,"name":"haseeb","codDiv":"DIV02","dteStartSellIn":"2026-02-01T00:00:00","dteEndSellIn":"2026-01-11T00:00:00","dteStartSellOut":"2026-01-28T00:00:00","dteEndSellOut":"2026-01-30T00:00:00","documentKey":"","dteToShost":null,"levParticipants":2},{"idAction":2323,"name":"Winter Sale Campaign 2323","codDiv":"D-2323","dteStartSellIn":"2026-01-19T14:39:00","dteEndSellIn":"2026-01-20T14:40:00","dteStartSellOut":"2026-01-21T14:40:00","dteEndSellOut":"2026-01-22T14:40:00","documentKey":"DOC-WINTER-2323","dteToShost":"2026-01-30T14:39:00","levParticipants":1},{"idAction":5005,"name":"bbb","codDiv":"DIV5005","dteStartSellIn":"2026-01-23T00:00:00","dteEndSellIn":"2026-01-30T00:00:00","dteStartSellOut":"2026-01-26T00:00:00","dteEndSellOut":"2026-01-18T00:00:00","documentKey":"555553","dteToShost":"2026-01-19T00:00:00","levParticipants":14},{"idAction":6000,"name":"Zero Redundancy Campaign 6000","codDiv":"DIV-6000","dteStartSellIn":"2026-02-01T00:00:00","dteEndSellIn":"2026-02-24T00:00:00","dteStartSellOut":"2026-02-01T00:00:00","dteEndSellOut":"2026-02-28T00:00:00","documentKey":"DOC-6000","dteToShost":"2026-01-05T00:00:00","levParticipants":1},{"idAction":6767,"name":"XTEL Launch Promo 6767","codDiv":"DIV-6767","dteStartSellIn":"2026-02-01T00:00:00","dteEndSellIn":"2026-02-28T00:00:00","dteStartSellOut":"2026-01-22T00:00:00","dteEndSellOut":"2026-01-23T00:00:00","documentKey":"DOC-XTEL-6767","dteToShost":"2026-01-03T00:00:00","levParticipants":1},{"idAction":7000,"name":"Atomic Campaign 7000","codDiv":"DIV-7000","dteStartSellIn":"2026-01-01T00:00:00","dteEndSellIn":"2026-01-31T00:00:00","dteStartSellOut":"2026-02-01T00:00:00","dteEndSellOut":"2026-02-28T00:00:00","documentKey":"DOC-7000","dteToShost":null,"levParticipants":1},{"idAction":8888,"name":"Atomic Campaign 8888 Complete","codDiv":"DIV-8888","dteStartSellIn":"2026-01-01T00:00:00","dteEndSellIn":"2026-01-31T00:00:00","dteStartSellOut":"2026-02-01T00:00:00","dteEndSellOut":"2026-02-28T00:00:00","documentKey":"DOC-8888","dteToShost":null,"levParticipants":1},{"idAction":9000,"name":"Balanced Atomic Campaign 9000","codDiv":"DIV-9000","dteStartSellIn":"2026-01-01T00:00:00","dteEndSellIn":"2026-01-31T00:00:00","dteStartSellOut":"2026-02-01T00:00:00","dteEndSellOut":"2026-02-28T00:00:00","documentKey":"DOC-9000","dteToShost":null,"levParticipants":1},{"idAction":9999,"name":"I should not exist in DB","codDiv":"DIV-9999","dteStartSellIn":"2026-01-01T00:00:00","dteEndSellIn":"2026-01-31T00:00:00","dteStartSellOut":"2026-02-01T00:00:00","dteEndSellOut":"2026-02-28T00:00:00","documentKey":"DOC-9999","dteToShost":null,"levParticipants":1}]
2026-02-11 12:30:55.661 +05:00 [INF] HTTP GET /api/promotions/actions responded 200 in 54.3488 ms
2026-02-11 12:30:56.036 +05:00 [INF] HTTP GET /api/promotions/dashboard/metrics responded 200 in 2860.8810 ms | User: haris (23) | IP: ::1 | RequestBody:  | ResponseBody: {"totalPromotions":24,"totalProducts":78,"totalParticipants":27,"activeActions":7,"pendingActions":2,"expiredActions":15,"estimatedRevenue":0,"activityTrend":[{"dateLabel":"15","active":6,"pending":17,"failed":2},{"dateLabel":"18","active":5,"pending":16,"failed":4},{"dateLabel":"21","active":5,"pending":15,"failed":5},{"dateLabel":"24","active":6,"pending":14,"failed":5},{"dateLabel":"27","active":6,"pending":14,"failed":5},{"dateLabel":"30","active":5,"pending":14,"failed":6},{"dateLabel":"02","active":6,"pending":7,"failed":11},{"dateLabel":"05","active":6,"pending":7,"failed":11},{"dateLabel":"08","active":7,"pending":3,"failed":14},{"dateLabel":"11","active":7,"pending":2,"failed":15}]}
2026-02-11 12:30:56.047 +05:00 [INF] HTTP GET /api/promotions/dashboard/metrics responded 200 in 2872.1108 ms
2026-02-11 12:30:56.113 +05:00 [INF] Downstream JWT validated for haris
2026-02-11 12:30:56.236 +05:00 [INF] HTTP GET /api/promotions/dashboard/metrics responded 200 in 123.5322 ms | User: haris (23) | IP: ::1 | RequestBody:  | ResponseBody: {"totalPromotions":24,"totalProducts":78,"totalParticipants":27,"activeActions":7,"pendingActions":2,"expiredActions":15,"estimatedRevenue":0,"activityTrend":[{"dateLabel":"15","active":6,"pending":17,"failed":2},{"dateLabel":"18","active":5,"pending":16,"failed":4},{"dateLabel":"21","active":5,"pending":15,"failed":5},{"dateLabel":"24","active":6,"pending":14,"failed":5},{"dateLabel":"27","active":6,"pending":14,"failed":5},{"dateLabel":"30","active":5,"pending":14,"failed":6},{"dateLabel":"02","active":6,"pending":7,"failed":11},{"dateLabel":"05","active":6,"pending":7,"failed":11},{"dateLabel":"08","active":7,"pending":3,"failed":14},{"dateLabel":"11","active":7,"pending":2,"failed":15}]}
2026-02-11 12:30:56.242 +05:00 [INF] HTTP GET /api/promotions/dashboard/metrics responded 200 in 128.8691 ms
2026-02-11 12:30:58.086 +05:00 [INF] HTTP GET /api/health responded 200 in 3.8382 ms | User: Anonymous (N/A) | IP: ::1 | RequestBody:  | ResponseBody: {"service":"Promotions API","status":"Healthy","timestamp":"2026-02-11T07:30:58.0860624Z","uptime":"0d 0h 0m 27s"}
2026-02-11 12:30:58.095 +05:00 [INF] HTTP GET /api/health responded 200 in 12.7348 ms
2026-02-11 12:30:58.476 +05:00 [INF] Downstream JWT validated for haris
2026-02-11 12:30:58.476 +05:00 [INF] Downstream JWT validated for haris
2026-02-11 12:30:58.522 +05:00 [INF] HTTP GET /api/promotions/customer-relations responded 200 in 48.3911 ms | User: haris (23) | IP: ::1 | RequestBody:  | ResponseBody: [{"idAction":0,"codHier":"5555","codDiv":"div5555","codNode":"f5555","idLevel":1,"dteStart":"2026-01-15T00:00:00","codParentNode":"root","dteEnd":null},{"idAction":0,"codHier":"56","codDiv":"565","codNode":"56","idLevel":55,"dteStart":"2026-01-29T00:44:00","codParentNode":"haseeb","dteEnd":"2026-01-26T00:44:00"},{"idAction":0,"codHier":"H_1","codDiv":"D_1","codNode":"D_1","idLevel":1,"dteStart":"2026-01-30T00:00:00","codParentNode":"ROOT","dteEnd":null},{"idAction":0,"codHier":"H_1","codDiv":"D_1","codNode":"N_1","idLevel":1,"dteStart":"2026-01-30T09:35:43.289","codParentNode":"ROOT","dteEnd":null},{"idAction":0,"codHier":"H_10","codDiv":"DIV_10","codNode":"NODE_10","idLevel":10,"dteStart":"2026-01-01T14:45:00","codParentNode":"ROOT_10","dteEnd":"2026-01-31T14:44:00"},{"idAction":0,"codHier":"H_100","codDiv":"DIV_100","codNode":"NODE_100","idLevel":10,"dteStart":"2026-02-09T13:54:00","codParentNode":"ROOT_100","dteEnd":"2026-02-10T13:54:00"},{"idAction":0,"codHier":"H_1111","codDiv":"DIV_1111","codNode":"NODE_1111","idLevel":11,"dteStart":"2026-01-01T17:00:00","codParentNode":"ROOT_1111","dteEnd":"2026-01-30T17:01:00"},{"idAction":0,"codHier":"H_12","codDiv":"DIV_12","codNode":"NODE_12","idLevel":12,"dteStart":"2026-02-03T12:26:00","codParentNode":"ROOT_12","dteEnd":"2026-02-06T12:26:00"},{"idAction":0,"codHier":"H_17","codDiv":"DIV_17","codNode":"NODE_17","idLevel":17,"dteStart":"2026-02-07T15:44:00","codParentNode":"ROOT_17","dteEnd":"2026-02-24T15:44:00"},{"idAction":0,"codHier":"H_19","codDiv":"DIV_19","codNode":"NODE_19","idLevel":19,"dteStart":"2026-02-04T13:59:00","codParentNode":"ROOT_19","dteEnd":"2026-02-05T13:59:00"},{"idAction":0,"codHier":"H_200","codDiv":"DIV_200","codNode":"NODE_200","idLevel":20,"dteStart":"2026-02-10T14:14:00","codParentNode":"ROOT_200","dteEnd":"2026-02-24T14:14:00"},{"idAction":0,"codHier":"H_21","codDiv":"DIV_21","codNode":"NODE_21","idLevel":21,"dteStart":"2026-02-05T14:01:00","codParentNode":"ROOT_21","dteEnd":"2026-02-07T14:01:00"},{"idAction":0,"codHier":"H_222","codDiv":"DIV_222","codNode":"NODE_222","idLevel":222,"dteStart":"2026-02-04T12:53:00","codParentNode":"ROOT_222","dteEnd":"2026-02-06T12:53:00"},{"idAction":0,"codHier":"H_24","codDiv":"DIV_24","codNode":"NODE_24","idLevel":24,"dteStart":"2026-02-04T12:48:00","codParentNode":"ROOT_24","dteEnd":"2026-02-05T12:48:00"},{"idAction":0,"codHier":"H_25","codDiv":"DIV_25","codNode":"NODE_25","idLevel":25,"dteStart":"2026-02-10T14:04:00","codParentNode":"ROOT_25","dteEnd":"2026-02-11T14:04:00"},{"idAction":0,"codHier":"H_3","codDiv":"DIV_3","codNode":"NODE_3","idLevel":3,"dteStart":"2026-01-01T10:45:00","codParentNode":"ROOT_3","dteEnd":"2026-01-30T10:44:00"},{"idAction":0,"codHier":"H_5","codDiv":"DIV_5","codNode":"NODE_5","idLevel":5,"dteStart":"2026-01-30T10:50:00","codParentNode":"ROOT_5","dteEnd":"2026-01-31T10:48:00"},{"idAction":0,"codHier":"H_6","codDiv":"DIV_6","codNode":"NODE_6","idLevel":6,"dteStart":"2026-01-30T15:01:00","codParentNode":"ROOT_6","dteEnd":"2026-01-31T15:01:00"},{"idAction":0,"codHier":"H_656565","codDiv":"DIV_656565","codNode":"C_656565","idLevel":9,"dteStart":"2026-01-20T00:00:00","codParentNode":"ROOT","dteEnd":null},{"idAction":0,"codHier":"H_676767","codDiv":"DIV_676767","codNode":"NODE_676767","idLevel":676767,"dteStart":"2026-01-31T00:00:00","codParentNode":"ROOT","dteEnd":null},{"idAction":0,"codHier":"H_7","codDiv":"DIV_7","codNode":"NODE_7","idLevel":7,"dteStart":"2026-02-02T12:04:00","codParentNode":"ROOT_7","dteEnd":"2026-02-04T12:04:00"},{"idAction":0,"codHier":"H_87","codDiv":"DIV_87","codNode":"NODE_87","idLevel":87,"dteStart":"2026-02-06T14:07:00","codParentNode":"ROOT_87","dteEnd":"2026-02-26T14:07:00"},{"idAction":0,"codHier":"H_98","codDiv":"DIV_98","codNode":"NODE_98","idLevel":98,"dteStart":"2026-01-30T18:25:00","codParentNode":"ROOT_98","dteEnd":"2026-01-31T18:25:00"},{"idAction":0,"codHier":"H_999","codDiv":"D_5878","codNode":"N_878","idLevel":8,"dteStart":"2026-01-14T00:00:00","codParentNode":"ROOT","dteEnd":null},{"idAction":0,"codHier":"H_A","codDiv":"DIV_A","codNode":"NODE_A","idLevel":1,"dteStart":"2026-02-01T18:26:00","codParentNode":"ROOT_A","dteEnd":"2026-02-14T18:26:00"},{"idAction":0,"codHier":"H-1010","codDiv":"D-1010","codNode":"C-1010","idLevel":1,"dteStart":"2026-01-01T11:54:00","codParentNode":"root","dteEnd":"2026-01-12T11:54:00"},{"idAction":0,"codHier":"H-11","codDiv":"DIV-11","codNode":"C-11","idLevel":11,"dteStart":"2026-01-01T15:05:00","codParentNode":"ROOT","dteEnd":"2026-01-31T15:05:00"},{"idAction":0,"codHier":"H-1111","codDiv":"DIV-1111","codNode":"CUST-1111","idLevel":10,"dteStart":"2026-01-01T00:00:00","codParentNode":"ROOT","dteEnd":null},{"idAction":0,"codHier":"H-1414","codDiv":"D-1414","codNode":"C-1414","idLevel":4,"dteStart":"2026-01-01T14:45:00","codParentNode":"ROOT","dteEnd":"2026-01-15T14:45:00"},{"idAction":0,"codHier":"H-2","codDiv":"DIV-2","codNode":"CUST-2","idLevel":2,"dteStart":"2026-01-01T12:40:00","codParentNode":"ROOT","dteEnd":"2026-01-16T12:37:00"},{"idAction":0,"codHier":"H-2","codDiv":"DIV-2","codNode":"CUST-2","idLevel":2,"dteStart":"2026-01-21T12:37:00","codParentNode":"ROOT","dteEnd":"2026-01-24T12:37:00"},{"idAction":0,"codHier":"H-2020","codDiv":"D-2020","codNode":"C-2020","idLevel":2,"dteStart":"2026-01-02T12:27:00","codParentNode":"root","dteEnd":"2026-01-30T12:27:00"},{"idAction":0,"codHier":"H-2255","codDiv":"DIV-2255","codNode":"CUST-2255","idLevel":10,"dteStart":"2026-01-01T00:00:00","codParentNode":"ROOT","dteEnd":null},{"idAction":0,"codHier":"H-2323","codDiv":"D-2323","codNode":"C-2323","idLevel":4,"dteStart":"2026-01-01T12:48:00","codParentNode":"ROOT","dteEnd":"2026-01-12T12:49:00"},{"idAction":0,"codHier":"H-3333","codDiv":"DIV-3333","codNode":"CUST-3333","idLevel":10,"dteStart":"2026-01-01T00:00:00","codParentNode":"ROOT","dteEnd":null},{"idAction":0,"codHier":"H-3344","codDiv":"DIV-3345","codNode":"CUST-3345","idLevel":10,"dteStart":"2026-01-01T00:00:00","codParentNode":"ROOT","dteEnd":null},{"idAction":0,"codHier":"H-3345","codDiv":"DIV-3345","codNode":"CUST-3345","idLevel":10,"dteStart":"2026-01-01T00:00:00","codParentNode":"ROOT","dteEnd":null},{"idAction":0,"codHier":"H-4","codDiv":"DIV-4","codNode":"CUST-4","idLevel":4,"dteStart":"2026-01-01T14:44:00","codParentNode":"ROOT","dteEnd":"2026-01-02T14:44:00"},{"idAction":0,"codHier":"H-5555","codDiv":"DIV-5555","codNode":"CUST-5555","idLevel":10,"dteStart":"2026-01-01T00:00:00","codParentNode":"ROOT","dteEnd":null},{"idAction":0,"codHier":"H-6000","codDiv":"DIV-6000","codNode":"CUST-6000","idLevel":10,"dteStart":"2026-01-01T00:00:00","codParentNode":"ROOT","dteEnd":"2026-12-31T00:00:00"},{"idAction":0,"codHier":"H-6666","codDiv":"DIV-6666","codNode":"CUST-6666","idLevel":10,"dteStart":"2026-01-17T01:30:00","codParentNode":"ROOT","dteEnd":"2026-01-18T01:30:00"},{"idAction":0,"codHier":"H-6767","codDiv":"DIV-6767","codNode":"CUST-6767","idLevel":5,"dteStart":"2026-01-01T12:15:00","codParentNode":"ROOT","dteEnd":"2026-01-08T12:15:00"},{"idAction":0,"codHier":"H-7000","codDiv":"DIV-7000","codNode":"CUST-7000","idLevel":10,"dteStart":"2026-01-01T00:00:00","codParentNode":"ROOT","dteEnd":null},{"idAction":0,"codHier":"H-7777","codDiv":"DIV-7777","codNode":"CUST-7777","idLevel":10,"dteStart":"2026-01-01T00:00:00","codParentNode":"ROOT","dteEnd":null},{"idAction":0,"codHier":"H-7878","codDiv":"DIV-7878","codNode":"CUST-7878","idLevel":3,"dteStart":"2026-01-18T11:43:00","codParentNode":"ROOT","dteEnd":"2026-01-19T11:43:00"},{"idAction":0,"codHier":"H-8000","codDiv":"DIV-8000","codNode":"CUST-8000","idLevel":10,"dteStart":"2026-01-01T00:00:00","codParentNode":"ROOT","dteEnd":null},{"idAction":0,"codHier":"H-8888","codDiv":"DIV-8888","codNode":"CUST-8888","idLevel":10,"dteStart":"2026-01-01T00:00:00","codParentNode":"ROOT","dteEnd":null},{"idAction":0,"codHier":"H-9000","codDiv":"DIV-9000","codNode":"CUST-9000","idLevel":10,"dteStart":"2026-01-01T00:00:00","codParentNode":"ROOT","dteEnd":null},{"idAction":0,"codHier":"H-9999","codDiv":"DIV-9999","codNode":"CUST-9999","idLevel":10,"dteStart":"2026-01-01T00:00:00","codParentNode":"ROOT","dteEnd":null},{"idAction":0,"codHier":"HIER_CORP","codDiv":"DIV01","codNode":"NODE_9111","idLevel":1,"dteStart":"2026-01-15T00:00:00","codParentNode":"ROOT_NODE","dteEnd":null}]
2026-02-11 12:30:58.522 +05:00 [INF] HTTP GET /api/promotions/actions responded 200 in 46.7202 ms | User: haris (23) | IP: ::1 | RequestBody:  | ResponseBody: [{"idAction":3,"name":"PROMO_3","codDiv":"DIV_3","dteStartSellIn":"2026-02-01T00:00:00","dteEndSellIn":"2026-02-28T00:00:00","dteStartSellOut":"2026-01-25T00:00:00","dteEndSellOut":"2026-01-30T00:00:00","documentKey":"KEY_3","dteToShost":"2026-01-10T00:00:00","levParticipants":3},{"idAction":5,"name":"PROMO_5_5","codDiv":"DIV_5","dteStartSellIn":"2026-02-24T00:00:00","dteEndSellIn":"2026-02-21T00:00:00","dteStartSellOut":"2026-02-24T00:00:00","dteEndSellOut":"2026-02-27T00:00:00","documentKey":"DOC_KEY_is_5","dteToShost":"2026-01-18T00:00:00","levParticipants":55555555},{"idAction":6,"name":"PROMO_6","codDiv":"DIV_6","dteStartSellIn":"2026-02-01T00:00:00","dteEndSellIn":"2026-02-25T00:00:00","dteStartSellOut":"2026-01-15T00:00:00","dteEndSellOut":"2026-01-24T00:00:00","documentKey":"DOCC_6_KEY","dteToShost":"2026-01-15T00:00:00","levParticipants":6},{"idAction":7,"name":"PROMO_7","codDiv":"DIV_7","dteStartSellIn":"2026-02-06T12:05:00","dteEndSellIn":"2026-02-07T12:05:00","dteStartSellOut":"2026-02-08T12:05:00","dteEndSellOut":"2026-02-09T12:05:00","documentKey":"KEY_7","dteToShost":"2026-02-05T12:04:00","levParticipants":7},{"idAction":10,"name":"PROMO_10","codDiv":"DIV_10","dteStartSellIn":"2026-02-01T00:00:00","dteEndSellIn":"2026-02-26T00:00:00","dteStartSellOut":"2026-01-23T00:00:00","dteEndSellOut":"2026-01-24T00:00:00","documentKey":"DOCC_KEY_10","dteToShost":"2026-01-29T00:00:00","levParticipants":10},{"idAction":12,"name":"PROMO_12","codDiv":"DIV_12","dteStartSellIn":"2026-02-06T12:27:00","dteEndSellIn":"2026-02-07T12:27:00","dteStartSellOut":"2026-02-08T12:27:00","dteEndSellOut":"2026-02-09T12:27:00","documentKey":"KEY_12","dteToShost":"2026-02-03T12:26:00","levParticipants":12},{"idAction":24,"name":"PROMO_24","codDiv":"DIV_24","dteStartSellIn":"2026-02-05T12:48:00","dteEndSellIn":"2026-02-06T12:48:00","dteStartSellOut":"2026-02-07T12:48:00","dteEndSellOut":"2026-02-08T12:48:00","documentKey":"KEY_24","dteToShost":"2026-02-03T12:48:00","levParticipants":24},{"idAction":45,"name":"cccc","codDiv":"DIV01","dteStartSellIn":"2026-01-16T00:00:00","dteEndSellIn":"2026-01-17T00:00:00","dteStartSellOut":"2026-01-16T00:00:00","dteEndSellOut":"2026-01-17T00:00:00","documentKey":null,"dteToShost":null,"levParticipants":2},{"idAction":87,"name":"promo_87","codDiv":"DIV_87","dteStartSellIn":"2026-02-07T14:44:00","dteEndSellIn":"2026-02-10T14:44:00","dteStartSellOut":"2026-02-22T14:44:00","dteEndSellOut":"2026-02-26T14:44:00","documentKey":"KEY_87","dteToShost":"2026-02-03T14:44:00","levParticipants":87},{"idAction":98,"name":"PROMO_98","codDiv":"DIV_98","dteStartSellIn":"2026-01-08T18:25:00","dteEndSellIn":"2026-01-17T18:25:00","dteStartSellOut":"2026-01-28T18:25:00","dteEndSellOut":"2026-01-30T18:25:00","documentKey":"DOCC_98","dteToShost":"2026-01-31T18:25:00","levParticipants":98},{"idAction":100,"name":"PROMO_100","codDiv":"DIV_100","dteStartSellIn":"2026-02-11T14:08:00","dteEndSellIn":"2026-02-14T14:08:00","dteStartSellOut":"2026-02-22T14:08:00","dteEndSellOut":"2026-02-27T14:08:00","documentKey":"KEY_100","dteToShost":"2026-02-10T14:08:00","levParticipants":10},{"idAction":200,"name":"PROMO_200","codDiv":"DIV_200","dteStartSellIn":"2026-02-10T14:15:00","dteEndSellIn":"2026-02-28T14:15:00","dteStartSellOut":"2026-02-11T14:15:00","dteEndSellOut":"2026-02-23T14:15:00","documentKey":"KEY_200","dteToShost":"2026-02-14T14:14:00","levParticipants":20},{"idAction":321,"name":"PROMO_321","codDiv":"DIV_A","dteStartSellIn":"2026-02-01T18:27:00","dteEndSellIn":"2026-02-28T18:27:00","dteStartSellOut":"2026-02-04T18:27:00","dteEndSellOut":"2026-02-23T18:27:00","documentKey":"KEY_A","dteToShost":"2026-02-03T18:27:00","levParticipants":1},{"idAction":1111,"name":"PROMO_1111","codDiv":"DIV_1111","dteStartSellIn":"2026-01-01T17:00:00","dteEndSellIn":"2026-01-30T17:02:00","dteStartSellOut":"2026-01-17T17:02:00","dteEndSellOut":"2026-01-28T17:02:00","documentKey":"1111_DOCC_KEY","dteToShost":"2026-01-13T17:02:00","levParticipants":11},{"idAction":2020,"name":"Spring Special 2020","codDiv":"D-2020","dteStartSellIn":"2026-01-03T12:28:00","dteEndSellIn":"2026-01-04T12:28:00","dteStartSellOut":"2026-01-05T12:28:00","dteEndSellOut":"2026-01-06T12:28:00","documentKey":"DOC-SPRING-2020","dteToShost":"2026-01-02T12:28:00","levParticipants":1},{"idAction":2222,"name":"haseeb","codDiv":"DIV02","dteStartSellIn":"2026-02-01T00:00:00","dteEndSellIn":"2026-01-11T00:00:00","dteStartSellOut":"2026-01-28T00:00:00","dteEndSellOut":"2026-01-30T00:00:00","documentKey":"","dteToShost":null,"levParticipants":2},{"idAction":2323,"name":"Winter Sale Campaign 2323","codDiv":"D-2323","dteStartSellIn":"2026-01-19T14:39:00","dteEndSellIn":"2026-01-20T14:40:00","dteStartSellOut":"2026-01-21T14:40:00","dteEndSellOut":"2026-01-22T14:40:00","documentKey":"DOC-WINTER-2323","dteToShost":"2026-01-30T14:39:00","levParticipants":1},{"idAction":5005,"name":"bbb","codDiv":"DIV5005","dteStartSellIn":"2026-01-23T00:00:00","dteEndSellIn":"2026-01-30T00:00:00","dteStartSellOut":"2026-01-26T00:00:00","dteEndSellOut":"2026-01-18T00:00:00","documentKey":"555553","dteToShost":"2026-01-19T00:00:00","levParticipants":14},{"idAction":6000,"name":"Zero Redundancy Campaign 6000","codDiv":"DIV-6000","dteStartSellIn":"2026-02-01T00:00:00","dteEndSellIn":"2026-02-24T00:00:00","dteStartSellOut":"2026-02-01T00:00:00","dteEndSellOut":"2026-02-28T00:00:00","documentKey":"DOC-6000","dteToShost":"2026-01-05T00:00:00","levParticipants":1},{"idAction":6767,"name":"XTEL Launch Promo 6767","codDiv":"DIV-6767","dteStartSellIn":"2026-02-01T00:00:00","dteEndSellIn":"2026-02-28T00:00:00","dteStartSellOut":"2026-01-22T00:00:00","dteEndSellOut":"2026-01-23T00:00:00","documentKey":"DOC-XTEL-6767","dteToShost":"2026-01-03T00:00:00","levParticipants":1},{"idAction":7000,"name":"Atomic Campaign 7000","codDiv":"DIV-7000","dteStartSellIn":"2026-01-01T00:00:00","dteEndSellIn":"2026-01-31T00:00:00","dteStartSellOut":"2026-02-01T00:00:00","dteEndSellOut":"2026-02-28T00:00:00","documentKey":"DOC-7000","dteToShost":null,"levParticipants":1},{"idAction":8888,"name":"Atomic Campaign 8888 Complete","codDiv":"DIV-8888","dteStartSellIn":"2026-01-01T00:00:00","dteEndSellIn":"2026-01-31T00:00:00","dteStartSellOut":"2026-02-01T00:00:00","dteEndSellOut":"2026-02-28T00:00:00","documentKey":"DOC-8888","dteToShost":null,"levParticipants":1},{"idAction":9000,"name":"Balanced Atomic Campaign 9000","codDiv":"DIV-9000","dteStartSellIn":"2026-01-01T00:00:00","dteEndSellIn":"2026-01-31T00:00:00","dteStartSellOut":"2026-02-01T00:00:00","dteEndSellOut":"2026-02-28T00:00:00","documentKey":"DOC-9000","dteToShost":null,"levParticipants":1},{"idAction":9999,"name":"I should not exist in DB","codDiv":"DIV-9999","dteStartSellIn":"2026-01-01T00:00:00","dteEndSellIn":"2026-01-31T00:00:00","dteStartSellOut":"2026-02-01T00:00:00","dteEndSellOut":"2026-02-28T00:00:00","documentKey":"DOC-9999","dteToShost":null,"levParticipants":1}]
2026-02-11 12:30:58.528 +05:00 [INF] HTTP GET /api/promotions/customer-relations responded 200 in 55.1531 ms
2026-02-11 12:30:58.538 +05:00 [INF] HTTP GET /api/promotions/actions responded 200 in 62.7938 ms
2026-02-11 12:30:58.707 +05:00 [INF] Downstream JWT validated for haris
2026-02-11 12:30:58.711 +05:00 [INF] Downstream JWT validated for haris
2026-02-11 12:30:58.730 +05:00 [INF] Downstream JWT validated for haris
2026-02-11 12:30:58.746 +05:00 [INF] HTTP GET /api/promotions/customer-relations responded 200 in 39.1533 ms | User: haris (23) | IP: ::1 | RequestBody:  | ResponseBody: [{"idAction":0,"codHier":"5555","codDiv":"div5555","codNode":"f5555","idLevel":1,"dteStart":"2026-01-15T00:00:00","codParentNode":"root","dteEnd":null},{"idAction":0,"codHier":"56","codDiv":"565","codNode":"56","idLevel":55,"dteStart":"2026-01-29T00:44:00","codParentNode":"haseeb","dteEnd":"2026-01-26T00:44:00"},{"idAction":0,"codHier":"H_1","codDiv":"D_1","codNode":"D_1","idLevel":1,"dteStart":"2026-01-30T00:00:00","codParentNode":"ROOT","dteEnd":null},{"idAction":0,"codHier":"H_1","codDiv":"D_1","codNode":"N_1","idLevel":1,"dteStart":"2026-01-30T09:35:43.289","codParentNode":"ROOT","dteEnd":null},{"idAction":0,"codHier":"H_10","codDiv":"DIV_10","codNode":"NODE_10","idLevel":10,"dteStart":"2026-01-01T14:45:00","codParentNode":"ROOT_10","dteEnd":"2026-01-31T14:44:00"},{"idAction":0,"codHier":"H_100","codDiv":"DIV_100","codNode":"NODE_100","idLevel":10,"dteStart":"2026-02-09T13:54:00","codParentNode":"ROOT_100","dteEnd":"2026-02-10T13:54:00"},{"idAction":0,"codHier":"H_1111","codDiv":"DIV_1111","codNode":"NODE_1111","idLevel":11,"dteStart":"2026-01-01T17:00:00","codParentNode":"ROOT_1111","dteEnd":"2026-01-30T17:01:00"},{"idAction":0,"codHier":"H_12","codDiv":"DIV_12","codNode":"NODE_12","idLevel":12,"dteStart":"2026-02-03T12:26:00","codParentNode":"ROOT_12","dteEnd":"2026-02-06T12:26:00"},{"idAction":0,"codHier":"H_17","codDiv":"DIV_17","codNode":"NODE_17","idLevel":17,"dteStart":"2026-02-07T15:44:00","codParentNode":"ROOT_17","dteEnd":"2026-02-24T15:44:00"},{"idAction":0,"codHier":"H_19","codDiv":"DIV_19","codNode":"NODE_19","idLevel":19,"dteStart":"2026-02-04T13:59:00","codParentNode":"ROOT_19","dteEnd":"2026-02-05T13:59:00"},{"idAction":0,"codHier":"H_200","codDiv":"DIV_200","codNode":"NODE_200","idLevel":20,"dteStart":"2026-02-10T14:14:00","codParentNode":"ROOT_200","dteEnd":"2026-02-24T14:14:00"},{"idAction":0,"codHier":"H_21","codDiv":"DIV_21","codNode":"NODE_21","idLevel":21,"dteStart":"2026-02-05T14:01:00","codParentNode":"ROOT_21","dteEnd":"2026-02-07T14:01:00"},{"idAction":0,"codHier":"H_222","codDiv":"DIV_222","codNode":"NODE_222","idLevel":222,"dteStart":"2026-02-04T12:53:00","codParentNode":"ROOT_222","dteEnd":"2026-02-06T12:53:00"},{"idAction":0,"codHier":"H_24","codDiv":"DIV_24","codNode":"NODE_24","idLevel":24,"dteStart":"2026-02-04T12:48:00","codParentNode":"ROOT_24","dteEnd":"2026-02-05T12:48:00"},{"idAction":0,"codHier":"H_25","codDiv":"DIV_25","codNode":"NODE_25","idLevel":25,"dteStart":"2026-02-10T14:04:00","codParentNode":"ROOT_25","dteEnd":"2026-02-11T14:04:00"},{"idAction":0,"codHier":"H_3","codDiv":"DIV_3","codNode":"NODE_3","idLevel":3,"dteStart":"2026-01-01T10:45:00","codParentNode":"ROOT_3","dteEnd":"2026-01-30T10:44:00"},{"idAction":0,"codHier":"H_5","codDiv":"DIV_5","codNode":"NODE_5","idLevel":5,"dteStart":"2026-01-30T10:50:00","codParentNode":"ROOT_5","dteEnd":"2026-01-31T10:48:00"},{"idAction":0,"codHier":"H_6","codDiv":"DIV_6","codNode":"NODE_6","idLevel":6,"dteStart":"2026-01-30T15:01:00","codParentNode":"ROOT_6","dteEnd":"2026-01-31T15:01:00"},{"idAction":0,"codHier":"H_656565","codDiv":"DIV_656565","codNode":"C_656565","idLevel":9,"dteStart":"2026-01-20T00:00:00","codParentNode":"ROOT","dteEnd":null},{"idAction":0,"codHier":"H_676767","codDiv":"DIV_676767","codNode":"NODE_676767","idLevel":676767,"dteStart":"2026-01-31T00:00:00","codParentNode":"ROOT","dteEnd":null},{"idAction":0,"codHier":"H_7","codDiv":"DIV_7","codNode":"NODE_7","idLevel":7,"dteStart":"2026-02-02T12:04:00","codParentNode":"ROOT_7","dteEnd":"2026-02-04T12:04:00"},{"idAction":0,"codHier":"H_87","codDiv":"DIV_87","codNode":"NODE_87","idLevel":87,"dteStart":"2026-02-06T14:07:00","codParentNode":"ROOT_87","dteEnd":"2026-02-26T14:07:00"},{"idAction":0,"codHier":"H_98","codDiv":"DIV_98","codNode":"NODE_98","idLevel":98,"dteStart":"2026-01-30T18:25:00","codParentNode":"ROOT_98","dteEnd":"2026-01-31T18:25:00"},{"idAction":0,"codHier":"H_999","codDiv":"D_5878","codNode":"N_878","idLevel":8,"dteStart":"2026-01-14T00:00:00","codParentNode":"ROOT","dteEnd":null},{"idAction":0,"codHier":"H_A","codDiv":"DIV_A","codNode":"NODE_A","idLevel":1,"dteStart":"2026-02-01T18:26:00","codParentNode":"ROOT_A","dteEnd":"2026-02-14T18:26:00"},{"idAction":0,"codHier":"H-1010","codDiv":"D-1010","codNode":"C-1010","idLevel":1,"dteStart":"2026-01-01T11:54:00","codParentNode":"root","dteEnd":"2026-01-12T11:54:00"},{"idAction":0,"codHier":"H-11","codDiv":"DIV-11","codNode":"C-11","idLevel":11,"dteStart":"2026-01-01T15:05:00","codParentNode":"ROOT","dteEnd":"2026-01-31T15:05:00"},{"idAction":0,"codHier":"H-1111","codDiv":"DIV-1111","codNode":"CUST-1111","idLevel":10,"dteStart":"2026-01-01T00:00:00","codParentNode":"ROOT","dteEnd":null},{"idAction":0,"codHier":"H-1414","codDiv":"D-1414","codNode":"C-1414","idLevel":4,"dteStart":"2026-01-01T14:45:00","codParentNode":"ROOT","dteEnd":"2026-01-15T14:45:00"},{"idAction":0,"codHier":"H-2","codDiv":"DIV-2","codNode":"CUST-2","idLevel":2,"dteStart":"2026-01-01T12:40:00","codParentNode":"ROOT","dteEnd":"2026-01-16T12:37:00"},{"idAction":0,"codHier":"H-2","codDiv":"DIV-2","codNode":"CUST-2","idLevel":2,"dteStart":"2026-01-21T12:37:00","codParentNode":"ROOT","dteEnd":"2026-01-24T12:37:00"},{"idAction":0,"codHier":"H-2020","codDiv":"D-2020","codNode":"C-2020","idLevel":2,"dteStart":"2026-01-02T12:27:00","codParentNode":"root","dteEnd":"2026-01-30T12:27:00"},{"idAction":0,"codHier":"H-2255","codDiv":"DIV-2255","codNode":"CUST-2255","idLevel":10,"dteStart":"2026-01-01T00:00:00","codParentNode":"ROOT","dteEnd":null},{"idAction":0,"codHier":"H-2323","codDiv":"D-2323","codNode":"C-2323","idLevel":4,"dteStart":"2026-01-01T12:48:00","codParentNode":"ROOT","dteEnd":"2026-01-12T12:49:00"},{"idAction":0,"codHier":"H-3333","codDiv":"DIV-3333","codNode":"CUST-3333","idLevel":10,"dteStart":"2026-01-01T00:00:00","codParentNode":"ROOT","dteEnd":null},{"idAction":0,"codHier":"H-3344","codDiv":"DIV-3345","codNode":"CUST-3345","idLevel":10,"dteStart":"2026-01-01T00:00:00","codParentNode":"ROOT","dteEnd":null},{"idAction":0,"codHier":"H-3345","codDiv":"DIV-3345","codNode":"CUST-3345","idLevel":10,"dteStart":"2026-01-01T00:00:00","codParentNode":"ROOT","dteEnd":null},{"idAction":0,"codHier":"H-4","codDiv":"DIV-4","codNode":"CUST-4","idLevel":4,"dteStart":"2026-01-01T14:44:00","codParentNode":"ROOT","dteEnd":"2026-01-02T14:44:00"},{"idAction":0,"codHier":"H-5555","codDiv":"DIV-5555","codNode":"CUST-5555","idLevel":10,"dteStart":"2026-01-01T00:00:00","codParentNode":"ROOT","dteEnd":null},{"idAction":0,"codHier":"H-6000","codDiv":"DIV-6000","codNode":"CUST-6000","idLevel":10,"dteStart":"2026-01-01T00:00:00","codParentNode":"ROOT","dteEnd":"2026-12-31T00:00:00"},{"idAction":0,"codHier":"H-6666","codDiv":"DIV-6666","codNode":"CUST-6666","idLevel":10,"dteStart":"2026-01-17T01:30:00","codParentNode":"ROOT","dteEnd":"2026-01-18T01:30:00"},{"idAction":0,"codHier":"H-6767","codDiv":"DIV-6767","codNode":"CUST-6767","idLevel":5,"dteStart":"2026-01-01T12:15:00","codParentNode":"ROOT","dteEnd":"2026-01-08T12:15:00"},{"idAction":0,"codHier":"H-7000","codDiv":"DIV-7000","codNode":"CUST-7000","idLevel":10,"dteStart":"2026-01-01T00:00:00","codParentNode":"ROOT","dteEnd":null},{"idAction":0,"codHier":"H-7777","codDiv":"DIV-7777","codNode":"CUST-7777","idLevel":10,"dteStart":"2026-01-01T00:00:00","codParentNode":"ROOT","dteEnd":null},{"idAction":0,"codHier":"H-7878","codDiv":"DIV-7878","codNode":"CUST-7878","idLevel":3,"dteStart":"2026-01-18T11:43:00","codParentNode":"ROOT","dteEnd":"2026-01-19T11:43:00"},{"idAction":0,"codHier":"H-8000","codDiv":"DIV-8000","codNode":"CUST-8000","idLevel":10,"dteStart":"2026-01-01T00:00:00","codParentNode":"ROOT","dteEnd":null},{"idAction":0,"codHier":"H-8888","codDiv":"DIV-8888","codNode":"CUST-8888","idLevel":10,"dteStart":"2026-01-01T00:00:00","codParentNode":"ROOT","dteEnd":null},{"idAction":0,"codHier":"H-9000","codDiv":"DIV-9000","codNode":"CUST-9000","idLevel":10,"dteStart":"2026-01-01T00:00:00","codParentNode":"ROOT","dteEnd":null},{"idAction":0,"codHier":"H-9999","codDiv":"DIV-9999","codNode":"CUST-9999","idLevel":10,"dteStart":"2026-01-01T00:00:00","codParentNode":"ROOT","dteEnd":null},{"idAction":0,"codHier":"HIER_CORP","codDiv":"DIV01","codNode":"NODE_9111","idLevel":1,"dteStart":"2026-01-15T00:00:00","codParentNode":"ROOT_NODE","dteEnd":null}]
2026-02-11 12:30:58.757 +05:00 [INF] HTTP GET /api/promotions/customer-relations responded 200 in 50.2320 ms
2026-02-11 12:30:58.770 +05:00 [INF] HTTP GET /api/participants/all responded 200 in 40.1870 ms | User: haris (23) | IP: ::1 | RequestBody:  | ResponseBody: [{"idAction":3,"codParticipant":"N_1","flgInclusion":true,"codHier":"H_1","codDiv":"D_1","codNode":"N_1","idLevel":1,"dteStart":"2026-01-30T09:35:43.289"},{"idAction":3,"codParticipant":"NODE_3","flgInclusion":true,"codHier":"H_3","codDiv":"DIV_3","codNode":"NODE_3","idLevel":3,"dteStart":"2026-01-01T10:45:00"},{"idAction":3,"codParticipant":"NODE_5","flgInclusion":true,"codHier":"H_5","codDiv":"DIV_5","codNode":"NODE_5","idLevel":5,"dteStart":"2026-01-30T10:50:00"},{"idAction":5,"codParticipant":"NODE_5","flgInclusion":true,"codHier":"H_5","codDiv":"DIV_5","codNode":"NODE_5","idLevel":5,"dteStart":"2026-01-30T10:50:00"},{"idAction":6,"codParticipant":"N_9898","flgInclusion":true,"codHier":"H_999","codDiv":"D_5878","codNode":"N_878","idLevel":8,"dteStart":"2026-01-14T00:00:00"},{"idAction":6,"codParticipant":"NODE_3","flgInclusion":true,"codHier":"H_3","codDiv":"DIV_3","codNode":"NODE_3","idLevel":3,"dteStart":"2026-01-01T10:45:00"},{"idAction":6,"codParticipant":"NODE_5","flgInclusion":true,"codHier":"H_5","codDiv":"DIV_5","codNode":"NODE_5","idLevel":5,"dteStart":"2026-01-30T10:50:00"},{"idAction":6,"codParticipant":"NODE_6","flgInclusion":true,"codHier":"H_6","codDiv":"DIV_6","codNode":"NODE_6","idLevel":6,"dteStart":"2026-01-30T15:01:00"},{"idAction":6,"codParticipant":"NODE_676767","flgInclusion":true,"codHier":"H_676767","codDiv":"DIV_676767","codNode":"NODE_676767","idLevel":676767,"dteStart":"2026-01-31T00:00:00"},{"idAction":6,"codParticipant":"P-9000","flgInclusion":true,"codHier":"H-9000","codDiv":"DIV-9000","codNode":"CUST-9000","idLevel":10,"dteStart":"2026-01-01T00:00:00"},{"idAction":7,"codParticipant":"NODE_7","flgInclusion":true,"codHier":"H_7","codDiv":"DIV_7","codNode":"NODE_7","idLevel":7,"dteStart":"2026-02-02T12:04:00"},{"idAction":10,"codParticipant":"NODE_10","flgInclusion":true,"codHier":"H_10","codDiv":"DIV_10","codNode":"NODE_10","idLevel":10,"dteStart":"2026-01-01T14:45:00"},{"idAction":24,"codParticipant":"NODE_24","flgInclusion":true,"codHier":"H_24","codDiv":"DIV_24","codNode":"NODE_24","idLevel":24,"dteStart":"2026-02-04T12:48:00"},{"idAction":87,"codParticipant":"NODE_87","flgInclusion":true,"codHier":"H_87","codDiv":"DIV_87","codNode":"NODE_87","idLevel":87,"dteStart":"2026-02-06T14:07:00"},{"idAction":98,"codParticipant":"NODE_98","flgInclusion":true,"codHier":"H_98","codDiv":"DIV_98","codNode":"NODE_98","idLevel":98,"dteStart":"2026-01-30T18:25:00"},{"idAction":100,"codParticipant":"NODE_100","flgInclusion":true,"codHier":"H_100","codDiv":"DIV_100","codNode":"NODE_100","idLevel":10,"dteStart":"2026-02-09T13:54:00"},{"idAction":200,"codParticipant":"NODE_200","flgInclusion":true,"codHier":"H_200","codDiv":"DIV_200","codNode":"NODE_200","idLevel":20,"dteStart":"2026-02-10T14:14:00"},{"idAction":321,"codParticipant":"NODE_A","flgInclusion":true,"codHier":"H_A","codDiv":"DIV_A","codNode":"NODE_A","idLevel":1,"dteStart":"2026-02-01T18:26:00"},{"idAction":1111,"codParticipant":"NODE_1111","flgInclusion":true,"codHier":"H_1111","codDiv":"DIV_1111","codNode":"NODE_1111","idLevel":11,"dteStart":"2026-01-01T17:00:00"},{"idAction":2323,"codParticipant":"P-2323","flgInclusion":true,"codHier":"H-2323","codDiv":"D-2323","codNode":"C-2323","idLevel":4,"dteStart":"2026-01-01T12:48:00"},{"idAction":5005,"codParticipant":"","flgInclusion":true,"codHier":"H-9999","codDiv":"DIV-9999","codNode":"CUST-9999","idLevel":10,"dteStart":"2026-01-01T00:00:00"},{"idAction":6000,"codParticipant":"P-6000","flgInclusion":true,"codHier":"H-6000","codDiv":"DIV-6000","codNode":"CUST-6000","idLevel":10,"dteStart":"2026-01-01T00:00:00"},{"idAction":6767,"codParticipant":"P-6767","flgInclusion":false,"codHier":"H-6767","codDiv":"DIV-6767","codNode":"CUST-6767","idLevel":5,"dteStart":"2026-01-01T12:15:00"},{"idAction":7000,"codParticipant":"P-7000","flgInclusion":true,"codHier":"H-7000","codDiv":"DIV-7000","codNode":"CUST-7000","idLevel":10,"dteStart":"2026-01-01T00:00:00"},{"idAction":8888,"codParticipant":"P-8888","flgInclusion":true,"codHier":"H-8888","codDiv":"DIV-8888","codNode":"CUST-8888","idLevel":10,"dteStart":"2026-01-01T00:00:00"},{"idAction":9000,"codParticipant":"P-9000","flgInclusion":true,"codHier":"H-9000","codDiv":"DIV-9000","codNode":"CUST-9000","idLevel":10,"dteStart":"2026-01-01T00:00:00"},{"idAction":9999,"codParticipant":"P-9999","flgInclusion":true,"codHier":"H-9999","codDiv":"DIV-9999","codNode":"CUST-9999","idLevel":10,"dteStart":"2026-01-01T00:00:00"}]
2026-02-11 12:30:58.771 +05:00 [INF] HTTP GET /api/promotions/actions responded 200 in 61.1753 ms | User: haris (23) | IP: ::1 | RequestBody:  | ResponseBody: [{"idAction":3,"name":"PROMO_3","codDiv":"DIV_3","dteStartSellIn":"2026-02-01T00:00:00","dteEndSellIn":"2026-02-28T00:00:00","dteStartSellOut":"2026-01-25T00:00:00","dteEndSellOut":"2026-01-30T00:00:00","documentKey":"KEY_3","dteToShost":"2026-01-10T00:00:00","levParticipants":3},{"idAction":5,"name":"PROMO_5_5","codDiv":"DIV_5","dteStartSellIn":"2026-02-24T00:00:00","dteEndSellIn":"2026-02-21T00:00:00","dteStartSellOut":"2026-02-24T00:00:00","dteEndSellOut":"2026-02-27T00:00:00","documentKey":"DOC_KEY_is_5","dteToShost":"2026-01-18T00:00:00","levParticipants":55555555},{"idAction":6,"name":"PROMO_6","codDiv":"DIV_6","dteStartSellIn":"2026-02-01T00:00:00","dteEndSellIn":"2026-02-25T00:00:00","dteStartSellOut":"2026-01-15T00:00:00","dteEndSellOut":"2026-01-24T00:00:00","documentKey":"DOCC_6_KEY","dteToShost":"2026-01-15T00:00:00","levParticipants":6},{"idAction":7,"name":"PROMO_7","codDiv":"DIV_7","dteStartSellIn":"2026-02-06T12:05:00","dteEndSellIn":"2026-02-07T12:05:00","dteStartSellOut":"2026-02-08T12:05:00","dteEndSellOut":"2026-02-09T12:05:00","documentKey":"KEY_7","dteToShost":"2026-02-05T12:04:00","levParticipants":7},{"idAction":10,"name":"PROMO_10","codDiv":"DIV_10","dteStartSellIn":"2026-02-01T00:00:00","dteEndSellIn":"2026-02-26T00:00:00","dteStartSellOut":"2026-01-23T00:00:00","dteEndSellOut":"2026-01-24T00:00:00","documentKey":"DOCC_KEY_10","dteToShost":"2026-01-29T00:00:00","levParticipants":10},{"idAction":12,"name":"PROMO_12","codDiv":"DIV_12","dteStartSellIn":"2026-02-06T12:27:00","dteEndSellIn":"2026-02-07T12:27:00","dteStartSellOut":"2026-02-08T12:27:00","dteEndSellOut":"2026-02-09T12:27:00","documentKey":"KEY_12","dteToShost":"2026-02-03T12:26:00","levParticipants":12},{"idAction":24,"name":"PROMO_24","codDiv":"DIV_24","dteStartSellIn":"2026-02-05T12:48:00","dteEndSellIn":"2026-02-06T12:48:00","dteStartSellOut":"2026-02-07T12:48:00","dteEndSellOut":"2026-02-08T12:48:00","documentKey":"KEY_24","dteToShost":"2026-02-03T12:48:00","levParticipants":24},{"idAction":45,"name":"cccc","codDiv":"DIV01","dteStartSellIn":"2026-01-16T00:00:00","dteEndSellIn":"2026-01-17T00:00:00","dteStartSellOut":"2026-01-16T00:00:00","dteEndSellOut":"2026-01-17T00:00:00","documentKey":null,"dteToShost":null,"levParticipants":2},{"idAction":87,"name":"promo_87","codDiv":"DIV_87","dteStartSellIn":"2026-02-07T14:44:00","dteEndSellIn":"2026-02-10T14:44:00","dteStartSellOut":"2026-02-22T14:44:00","dteEndSellOut":"2026-02-26T14:44:00","documentKey":"KEY_87","dteToShost":"2026-02-03T14:44:00","levParticipants":87},{"idAction":98,"name":"PROMO_98","codDiv":"DIV_98","dteStartSellIn":"2026-01-08T18:25:00","dteEndSellIn":"2026-01-17T18:25:00","dteStartSellOut":"2026-01-28T18:25:00","dteEndSellOut":"2026-01-30T18:25:00","documentKey":"DOCC_98","dteToShost":"2026-01-31T18:25:00","levParticipants":98},{"idAction":100,"name":"PROMO_100","codDiv":"DIV_100","dteStartSellIn":"2026-02-11T14:08:00","dteEndSellIn":"2026-02-14T14:08:00","dteStartSellOut":"2026-02-22T14:08:00","dteEndSellOut":"2026-02-27T14:08:00","documentKey":"KEY_100","dteToShost":"2026-02-10T14:08:00","levParticipants":10},{"idAction":200,"name":"PROMO_200","codDiv":"DIV_200","dteStartSellIn":"2026-02-10T14:15:00","dteEndSellIn":"2026-02-28T14:15:00","dteStartSellOut":"2026-02-11T14:15:00","dteEndSellOut":"2026-02-23T14:15:00","documentKey":"KEY_200","dteToShost":"2026-02-14T14:14:00","levParticipants":20},{"idAction":321,"name":"PROMO_321","codDiv":"DIV_A","dteStartSellIn":"2026-02-01T18:27:00","dteEndSellIn":"2026-02-28T18:27:00","dteStartSellOut":"2026-02-04T18:27:00","dteEndSellOut":"2026-02-23T18:27:00","documentKey":"KEY_A","dteToShost":"2026-02-03T18:27:00","levParticipants":1},{"idAction":1111,"name":"PROMO_1111","codDiv":"DIV_1111","dteStartSellIn":"2026-01-01T17:00:00","dteEndSellIn":"2026-01-30T17:02:00","dteStartSellOut":"2026-01-17T17:02:00","dteEndSellOut":"2026-01-28T17:02:00","documentKey":"1111_DOCC_KEY","dteToShost":"2026-01-13T17:02:00","levParticipants":11},{"idAction":2020,"name":"Spring Special 2020","codDiv":"D-2020","dteStartSellIn":"2026-01-03T12:28:00","dteEndSellIn":"2026-01-04T12:28:00","dteStartSellOut":"2026-01-05T12:28:00","dteEndSellOut":"2026-01-06T12:28:00","documentKey":"DOC-SPRING-2020","dteToShost":"2026-01-02T12:28:00","levParticipants":1},{"idAction":2222,"name":"haseeb","codDiv":"DIV02","dteStartSellIn":"2026-02-01T00:00:00","dteEndSellIn":"2026-01-11T00:00:00","dteStartSellOut":"2026-01-28T00:00:00","dteEndSellOut":"2026-01-30T00:00:00","documentKey":"","dteToShost":null,"levParticipants":2},{"idAction":2323,"name":"Winter Sale Campaign 2323","codDiv":"D-2323","dteStartSellIn":"2026-01-19T14:39:00","dteEndSellIn":"2026-01-20T14:40:00","dteStartSellOut":"2026-01-21T14:40:00","dteEndSellOut":"2026-01-22T14:40:00","documentKey":"DOC-WINTER-2323","dteToShost":"2026-01-30T14:39:00","levParticipants":1},{"idAction":5005,"name":"bbb","codDiv":"DIV5005","dteStartSellIn":"2026-01-23T00:00:00","dteEndSellIn":"2026-01-30T00:00:00","dteStartSellOut":"2026-01-26T00:00:00","dteEndSellOut":"2026-01-18T00:00:00","documentKey":"555553","dteToShost":"2026-01-19T00:00:00","levParticipants":14},{"idAction":6000,"name":"Zero Redundancy Campaign 6000","codDiv":"DIV-6000","dteStartSellIn":"2026-02-01T00:00:00","dteEndSellIn":"2026-02-24T00:00:00","dteStartSellOut":"2026-02-01T00:00:00","dteEndSellOut":"2026-02-28T00:00:00","documentKey":"DOC-6000","dteToShost":"2026-01-05T00:00:00","levParticipants":1},{"idAction":6767,"name":"XTEL Launch Promo 6767","codDiv":"DIV-6767","dteStartSellIn":"2026-02-01T00:00:00","dteEndSellIn":"2026-02-28T00:00:00","dteStartSellOut":"2026-01-22T00:00:00","dteEndSellOut":"2026-01-23T00:00:00","documentKey":"DOC-XTEL-6767","dteToShost":"2026-01-03T00:00:00","levParticipants":1},{"idAction":7000,"name":"Atomic Campaign 7000","codDiv":"DIV-7000","dteStartSellIn":"2026-01-01T00:00:00","dteEndSellIn":"2026-01-31T00:00:00","dteStartSellOut":"2026-02-01T00:00:00","dteEndSellOut":"2026-02-28T00:00:00","documentKey":"DOC-7000","dteToShost":null,"levParticipants":1},{"idAction":8888,"name":"Atomic Campaign 8888 Complete","codDiv":"DIV-8888","dteStartSellIn":"2026-01-01T00:00:00","dteEndSellIn":"2026-01-31T00:00:00","dteStartSellOut":"2026-02-01T00:00:00","dteEndSellOut":"2026-02-28T00:00:00","documentKey":"DOC-8888","dteToShost":null,"levParticipants":1},{"idAction":9000,"name":"Balanced Atomic Campaign 9000","codDiv":"DIV-9000","dteStartSellIn":"2026-01-01T00:00:00","dteEndSellIn":"2026-01-31T00:00:00","dteStartSellOut":"2026-02-01T00:00:00","dteEndSellOut":"2026-02-28T00:00:00","documentKey":"DOC-9000","dteToShost":null,"levParticipants":1},{"idAction":9999,"name":"I should not exist in DB","codDiv":"DIV-9999","dteStartSellIn":"2026-01-01T00:00:00","dteEndSellIn":"2026-01-31T00:00:00","dteStartSellOut":"2026-02-01T00:00:00","dteEndSellOut":"2026-02-28T00:00:00","documentKey":"DOC-9999","dteToShost":null,"levParticipants":1}]
2026-02-11 12:30:58.774 +05:00 [INF] HTTP GET /api/participants/all responded 200 in 44.4083 ms
2026-02-11 12:30:58.779 +05:00 [INF] HTTP GET /api/promotions/actions responded 200 in 69.0207 ms
2026-02-11 12:30:58.870 +05:00 [INF] Downstream JWT validated for haris
2026-02-11 12:30:58.884 +05:00 [INF] Downstream JWT validated for haris
2026-02-11 12:30:58.905 +05:00 [INF] HTTP GET /api/participants/all responded 200 in 35.7600 ms | User: haris (23) | IP: ::1 | RequestBody:  | ResponseBody: [{"idAction":3,"codParticipant":"N_1","flgInclusion":true,"codHier":"H_1","codDiv":"D_1","codNode":"N_1","idLevel":1,"dteStart":"2026-01-30T09:35:43.289"},{"idAction":3,"codParticipant":"NODE_3","flgInclusion":true,"codHier":"H_3","codDiv":"DIV_3","codNode":"NODE_3","idLevel":3,"dteStart":"2026-01-01T10:45:00"},{"idAction":3,"codParticipant":"NODE_5","flgInclusion":true,"codHier":"H_5","codDiv":"DIV_5","codNode":"NODE_5","idLevel":5,"dteStart":"2026-01-30T10:50:00"},{"idAction":5,"codParticipant":"NODE_5","flgInclusion":true,"codHier":"H_5","codDiv":"DIV_5","codNode":"NODE_5","idLevel":5,"dteStart":"2026-01-30T10:50:00"},{"idAction":6,"codParticipant":"N_9898","flgInclusion":true,"codHier":"H_999","codDiv":"D_5878","codNode":"N_878","idLevel":8,"dteStart":"2026-01-14T00:00:00"},{"idAction":6,"codParticipant":"NODE_3","flgInclusion":true,"codHier":"H_3","codDiv":"DIV_3","codNode":"NODE_3","idLevel":3,"dteStart":"2026-01-01T10:45:00"},{"idAction":6,"codParticipant":"NODE_5","flgInclusion":true,"codHier":"H_5","codDiv":"DIV_5","codNode":"NODE_5","idLevel":5,"dteStart":"2026-01-30T10:50:00"},{"idAction":6,"codParticipant":"NODE_6","flgInclusion":true,"codHier":"H_6","codDiv":"DIV_6","codNode":"NODE_6","idLevel":6,"dteStart":"2026-01-30T15:01:00"},{"idAction":6,"codParticipant":"NODE_676767","flgInclusion":true,"codHier":"H_676767","codDiv":"DIV_676767","codNode":"NODE_676767","idLevel":676767,"dteStart":"2026-01-31T00:00:00"},{"idAction":6,"codParticipant":"P-9000","flgInclusion":true,"codHier":"H-9000","codDiv":"DIV-9000","codNode":"CUST-9000","idLevel":10,"dteStart":"2026-01-01T00:00:00"},{"idAction":7,"codParticipant":"NODE_7","flgInclusion":true,"codHier":"H_7","codDiv":"DIV_7","codNode":"NODE_7","idLevel":7,"dteStart":"2026-02-02T12:04:00"},{"idAction":10,"codParticipant":"NODE_10","flgInclusion":true,"codHier":"H_10","codDiv":"DIV_10","codNode":"NODE_10","idLevel":10,"dteStart":"2026-01-01T14:45:00"},{"idAction":24,"codParticipant":"NODE_24","flgInclusion":true,"codHier":"H_24","codDiv":"DIV_24","codNode":"NODE_24","idLevel":24,"dteStart":"2026-02-04T12:48:00"},{"idAction":87,"codParticipant":"NODE_87","flgInclusion":true,"codHier":"H_87","codDiv":"DIV_87","codNode":"NODE_87","idLevel":87,"dteStart":"2026-02-06T14:07:00"},{"idAction":98,"codParticipant":"NODE_98","flgInclusion":true,"codHier":"H_98","codDiv":"DIV_98","codNode":"NODE_98","idLevel":98,"dteStart":"2026-01-30T18:25:00"},{"idAction":100,"codParticipant":"NODE_100","flgInclusion":true,"codHier":"H_100","codDiv":"DIV_100","codNode":"NODE_100","idLevel":10,"dteStart":"2026-02-09T13:54:00"},{"idAction":200,"codParticipant":"NODE_200","flgInclusion":true,"codHier":"H_200","codDiv":"DIV_200","codNode":"NODE_200","idLevel":20,"dteStart":"2026-02-10T14:14:00"},{"idAction":321,"codParticipant":"NODE_A","flgInclusion":true,"codHier":"H_A","codDiv":"DIV_A","codNode":"NODE_A","idLevel":1,"dteStart":"2026-02-01T18:26:00"},{"idAction":1111,"codParticipant":"NODE_1111","flgInclusion":true,"codHier":"H_1111","codDiv":"DIV_1111","codNode":"NODE_1111","idLevel":11,"dteStart":"2026-01-01T17:00:00"},{"idAction":2323,"codParticipant":"P-2323","flgInclusion":true,"codHier":"H-2323","codDiv":"D-2323","codNode":"C-2323","idLevel":4,"dteStart":"2026-01-01T12:48:00"},{"idAction":5005,"codParticipant":"","flgInclusion":true,"codHier":"H-9999","codDiv":"DIV-9999","codNode":"CUST-9999","idLevel":10,"dteStart":"2026-01-01T00:00:00"},{"idAction":6000,"codParticipant":"P-6000","flgInclusion":true,"codHier":"H-6000","codDiv":"DIV-6000","codNode":"CUST-6000","idLevel":10,"dteStart":"2026-01-01T00:00:00"},{"idAction":6767,"codParticipant":"P-6767","flgInclusion":false,"codHier":"H-6767","codDiv":"DIV-6767","codNode":"CUST-6767","idLevel":5,"dteStart":"2026-01-01T12:15:00"},{"idAction":7000,"codParticipant":"P-7000","flgInclusion":true,"codHier":"H-7000","codDiv":"DIV-7000","codNode":"CUST-7000","idLevel":10,"dteStart":"2026-01-01T00:00:00"},{"idAction":8888,"codParticipant":"P-8888","flgInclusion":true,"codHier":"H-8888","codDiv":"DIV-8888","codNode":"CUST-8888","idLevel":10,"dteStart":"2026-01-01T00:00:00"},{"idAction":9000,"codParticipant":"P-9000","flgInclusion":true,"codHier":"H-9000","codDiv":"DIV-9000","codNode":"CUST-9000","idLevel":10,"dteStart":"2026-01-01T00:00:00"},{"idAction":9999,"codParticipant":"P-9999","flgInclusion":true,"codHier":"H-9999","codDiv":"DIV-9999","codNode":"CUST-9999","idLevel":10,"dteStart":"2026-01-01T00:00:00"}]
2026-02-11 12:30:58.912 +05:00 [INF] HTTP GET /api/participants/all responded 200 in 42.1211 ms
2026-02-11 12:30:58.914 +05:00 [INF] HTTP GET /api/promotions/delivery-points responded 200 in 30.6109 ms | User: haris (23) | IP: ::1 | RequestBody:  | ResponseBody: [{"idAction":3,"codDeliveryPoint":"D_1","flgInclusion":true,"codHier":"H_1","codDiv":"D_1","codNode":"D_1","idLevel":1,"dteStart":"2026-01-30T00:00:00"},{"idAction":3,"codDeliveryPoint":"D_656565","flgInclusion":true,"codHier":"H_656565","codDiv":"DIV_656565","codNode":"C_656565","idLevel":9,"dteStart":"2026-01-20T00:00:00"},{"idAction":3,"codDeliveryPoint":"NODE_10","flgInclusion":true,"codHier":"H_10","codDiv":"DIV_10","codNode":"NODE_10","idLevel":10,"dteStart":"2026-01-01T14:45:00"},{"idAction":3,"codDeliveryPoint":"NODE_24","flgInclusion":true,"codHier":"H_24","codDiv":"DIV_24","codNode":"NODE_24","idLevel":24,"dteStart":"2026-02-04T12:48:00"},{"idAction":3,"codDeliveryPoint":"NODE_3","flgInclusion":false,"codHier":"H_3","codDiv":"DIV_3","codNode":"NODE_3","idLevel":3,"dteStart":"2026-01-01T10:45:00"},{"idAction":3,"codDeliveryPoint":"NODE_5","flgInclusion":false,"codHier":"H_5","codDiv":"DIV_5","codNode":"NODE_5","idLevel":5,"dteStart":"2026-01-30T10:50:00"},{"idAction":3,"codDeliveryPoint":"NODE_87","flgInclusion":true,"codHier":"H_87","codDiv":"DIV_87","codNode":"NODE_87","idLevel":87,"dteStart":"2026-02-06T14:07:00"},{"idAction":5,"codDeliveryPoint":"NODE_5","flgInclusion":false,"codHier":"H_5","codDiv":"DIV_5","codNode":"NODE_5","idLevel":5,"dteStart":"2026-01-30T10:50:00"},{"idAction":6,"codDeliveryPoint":"D_1","flgInclusion":true,"codHier":"H_1","codDiv":"D_1","codNode":"D_1","idLevel":1,"dteStart":"2026-01-30T00:00:00"},{"idAction":6,"codDeliveryPoint":"D_656565","flgInclusion":true,"codHier":"H_656565","codDiv":"DIV_656565","codNode":"C_656565","idLevel":9,"dteStart":"2026-01-20T00:00:00"},{"idAction":6,"codDeliveryPoint":"NODE_3","flgInclusion":false,"codHier":"H_3","codDiv":"DIV_3","codNode":"NODE_3","idLevel":3,"dteStart":"2026-01-01T10:45:00"},{"idAction":6,"codDeliveryPoint":"NODE_5","flgInclusion":false,"codHier":"H_5","codDiv":"DIV_5","codNode":"NODE_5","idLevel":5,"dteStart":"2026-01-30T10:50:00"},{"idAction":6,"codDeliveryPoint":"NODE_6","flgInclusion":true,"codHier":"H_6","codDiv":"DIV_6","codNode":"NODE_6","idLevel":6,"dteStart":"2026-01-30T15:01:00"},{"idAction":7,"codDeliveryPoint":"NODE_7","flgInclusion":true,"codHier":"H_7","codDiv":"DIV_7","codNode":"NODE_7","idLevel":7,"dteStart":"2026-02-02T12:04:00"},{"idAction":10,"codDeliveryPoint":"NODE_10","flgInclusion":true,"codHier":"H_10","codDiv":"DIV_10","codNode":"NODE_10","idLevel":10,"dteStart":"2026-01-01T14:45:00"},{"idAction":24,"codDeliveryPoint":"NODE_24","flgInclusion":true,"codHier":"H_24","codDiv":"DIV_24","codNode":"NODE_24","idLevel":24,"dteStart":"2026-02-04T12:48:00"},{"idAction":87,"codDeliveryPoint":"NODE_87","flgInclusion":true,"codHier":"H_87","codDiv":"DIV_87","codNode":"NODE_87","idLevel":87,"dteStart":"2026-02-06T14:07:00"},{"idAction":98,"codDeliveryPoint":"NODE_98","flgInclusion":true,"codHier":"H_98","codDiv":"DIV_98","codNode":"NODE_98","idLevel":98,"dteStart":"2026-01-30T18:25:00"},{"idAction":100,"codDeliveryPoint":"D_656565","flgInclusion":true,"codHier":"H_656565","codDiv":"DIV_656565","codNode":"C_656565","idLevel":9,"dteStart":"2026-01-20T00:00:00"},{"idAction":100,"codDeliveryPoint":"NODE_10","flgInclusion":true,"codHier":"H_10","codDiv":"DIV_10","codNode":"NODE_10","idLevel":10,"dteStart":"2026-01-01T14:45:00"},{"idAction":100,"codDeliveryPoint":"NODE_100","flgInclusion":true,"codHier":"H_100","codDiv":"DIV_100","codNode":"NODE_100","idLevel":10,"dteStart":"2026-02-09T13:54:00"},{"idAction":100,"codDeliveryPoint":"NODE_3","flgInclusion":false,"codHier":"H_3","codDiv":"DIV_3","codNode":"NODE_3","idLevel":3,"dteStart":"2026-01-01T10:45:00"},{"idAction":200,"codDeliveryPoint":"NODE_200","flgInclusion":true,"codHier":"H_200","codDiv":"DIV_200","codNode":"NODE_200","idLevel":20,"dteStart":"2026-02-10T14:14:00"},{"idAction":321,"codDeliveryPoint":"NODE_A","flgInclusion":true,"codHier":"H_A","codDiv":"DIV_A","codNode":"NODE_A","idLevel":1,"dteStart":"2026-02-01T18:26:00"},{"idAction":1111,"codDeliveryPoint":"NODE_1111","flgInclusion":true,"codHier":"H_1111","codDiv":"DIV_1111","codNode":"NODE_1111","idLevel":11,"dteStart":"2026-01-01T17:00:00"},{"idAction":5005,"codDeliveryPoint":"","flgInclusion":true,"codHier":"H-2255","codDiv":"DIV-2255","codNode":"CUST-2255","idLevel":10,"dteStart":"2026-01-01T00:00:00"},{"idAction":6767,"codDeliveryPoint":"DP-6767","flgInclusion":true,"codHier":"H-6767","codDiv":"DIV-6767","codNode":"CUST-6767","idLevel":5,"dteStart":"2026-01-01T12:15:00"},{"idAction":7000,"codDeliveryPoint":"DP-7000","flgInclusion":true,"codHier":"H-7000","codDiv":"DIV-7000","codNode":"CUST-7000","idLevel":10,"dteStart":"2026-01-01T00:00:00"}]
2026-02-11 12:30:58.922 +05:00 [INF] HTTP GET /api/promotions/delivery-points responded 200 in 38.6625 ms
2026-02-11 12:30:59.000 +05:00 [INF] Downstream JWT validated for haris
2026-02-11 12:30:59.032 +05:00 [INF] HTTP GET /api/promotions/delivery-points responded 200 in 33.9323 ms | User: haris (23) | IP: ::1 | RequestBody:  | ResponseBody: [{"idAction":3,"codDeliveryPoint":"D_1","flgInclusion":true,"codHier":"H_1","codDiv":"D_1","codNode":"D_1","idLevel":1,"dteStart":"2026-01-30T00:00:00"},{"idAction":3,"codDeliveryPoint":"D_656565","flgInclusion":true,"codHier":"H_656565","codDiv":"DIV_656565","codNode":"C_656565","idLevel":9,"dteStart":"2026-01-20T00:00:00"},{"idAction":3,"codDeliveryPoint":"NODE_10","flgInclusion":true,"codHier":"H_10","codDiv":"DIV_10","codNode":"NODE_10","idLevel":10,"dteStart":"2026-01-01T14:45:00"},{"idAction":3,"codDeliveryPoint":"NODE_24","flgInclusion":true,"codHier":"H_24","codDiv":"DIV_24","codNode":"NODE_24","idLevel":24,"dteStart":"2026-02-04T12:48:00"},{"idAction":3,"codDeliveryPoint":"NODE_3","flgInclusion":false,"codHier":"H_3","codDiv":"DIV_3","codNode":"NODE_3","idLevel":3,"dteStart":"2026-01-01T10:45:00"},{"idAction":3,"codDeliveryPoint":"NODE_5","flgInclusion":false,"codHier":"H_5","codDiv":"DIV_5","codNode":"NODE_5","idLevel":5,"dteStart":"2026-01-30T10:50:00"},{"idAction":3,"codDeliveryPoint":"NODE_87","flgInclusion":true,"codHier":"H_87","codDiv":"DIV_87","codNode":"NODE_87","idLevel":87,"dteStart":"2026-02-06T14:07:00"},{"idAction":5,"codDeliveryPoint":"NODE_5","flgInclusion":false,"codHier":"H_5","codDiv":"DIV_5","codNode":"NODE_5","idLevel":5,"dteStart":"2026-01-30T10:50:00"},{"idAction":6,"codDeliveryPoint":"D_1","flgInclusion":true,"codHier":"H_1","codDiv":"D_1","codNode":"D_1","idLevel":1,"dteStart":"2026-01-30T00:00:00"},{"idAction":6,"codDeliveryPoint":"D_656565","flgInclusion":true,"codHier":"H_656565","codDiv":"DIV_656565","codNode":"C_656565","idLevel":9,"dteStart":"2026-01-20T00:00:00"},{"idAction":6,"codDeliveryPoint":"NODE_3","flgInclusion":false,"codHier":"H_3","codDiv":"DIV_3","codNode":"NODE_3","idLevel":3,"dteStart":"2026-01-01T10:45:00"},{"idAction":6,"codDeliveryPoint":"NODE_5","flgInclusion":false,"codHier":"H_5","codDiv":"DIV_5","codNode":"NODE_5","idLevel":5,"dteStart":"2026-01-30T10:50:00"},{"idAction":6,"codDeliveryPoint":"NODE_6","flgInclusion":true,"codHier":"H_6","codDiv":"DIV_6","codNode":"NODE_6","idLevel":6,"dteStart":"2026-01-30T15:01:00"},{"idAction":7,"codDeliveryPoint":"NODE_7","flgInclusion":true,"codHier":"H_7","codDiv":"DIV_7","codNode":"NODE_7","idLevel":7,"dteStart":"2026-02-02T12:04:00"},{"idAction":10,"codDeliveryPoint":"NODE_10","flgInclusion":true,"codHier":"H_10","codDiv":"DIV_10","codNode":"NODE_10","idLevel":10,"dteStart":"2026-01-01T14:45:00"},{"idAction":24,"codDeliveryPoint":"NODE_24","flgInclusion":true,"codHier":"H_24","codDiv":"DIV_24","codNode":"NODE_24","idLevel":24,"dteStart":"2026-02-04T12:48:00"},{"idAction":87,"codDeliveryPoint":"NODE_87","flgInclusion":true,"codHier":"H_87","codDiv":"DIV_87","codNode":"NODE_87","idLevel":87,"dteStart":"2026-02-06T14:07:00"},{"idAction":98,"codDeliveryPoint":"NODE_98","flgInclusion":true,"codHier":"H_98","codDiv":"DIV_98","codNode":"NODE_98","idLevel":98,"dteStart":"2026-01-30T18:25:00"},{"idAction":100,"codDeliveryPoint":"D_656565","flgInclusion":true,"codHier":"H_656565","codDiv":"DIV_656565","codNode":"C_656565","idLevel":9,"dteStart":"2026-01-20T00:00:00"},{"idAction":100,"codDeliveryPoint":"NODE_10","flgInclusion":true,"codHier":"H_10","codDiv":"DIV_10","codNode":"NODE_10","idLevel":10,"dteStart":"2026-01-01T14:45:00"},{"idAction":100,"codDeliveryPoint":"NODE_100","flgInclusion":true,"codHier":"H_100","codDiv":"DIV_100","codNode":"NODE_100","idLevel":10,"dteStart":"2026-02-09T13:54:00"},{"idAction":100,"codDeliveryPoint":"NODE_3","flgInclusion":false,"codHier":"H_3","codDiv":"DIV_3","codNode":"NODE_3","idLevel":3,"dteStart":"2026-01-01T10:45:00"},{"idAction":200,"codDeliveryPoint":"NODE_200","flgInclusion":true,"codHier":"H_200","codDiv":"DIV_200","codNode":"NODE_200","idLevel":20,"dteStart":"2026-02-10T14:14:00"},{"idAction":321,"codDeliveryPoint":"NODE_A","flgInclusion":true,"codHier":"H_A","codDiv":"DIV_A","codNode":"NODE_A","idLevel":1,"dteStart":"2026-02-01T18:26:00"},{"idAction":1111,"codDeliveryPoint":"NODE_1111","flgInclusion":true,"codHier":"H_1111","codDiv":"DIV_1111","codNode":"NODE_1111","idLevel":11,"dteStart":"2026-01-01T17:00:00"},{"idAction":5005,"codDeliveryPoint":"","flgInclusion":true,"codHier":"H-2255","codDiv":"DIV-2255","codNode":"CUST-2255","idLevel":10,"dteStart":"2026-01-01T00:00:00"},{"idAction":6767,"codDeliveryPoint":"DP-6767","flgInclusion":true,"codHier":"H-6767","codDiv":"DIV-6767","codNode":"CUST-6767","idLevel":5,"dteStart":"2026-01-01T12:15:00"},{"idAction":7000,"codDeliveryPoint":"DP-7000","flgInclusion":true,"codHier":"H-7000","codDiv":"DIV-7000","codNode":"CUST-7000","idLevel":10,"dteStart":"2026-01-01T00:00:00"}]
2026-02-11 12:30:59.047 +05:00 [INF] HTTP GET /api/promotions/delivery-points responded 200 in 48.4969 ms
2026-02-11 12:31:02.136 +05:00 [INF] Downstream JWT validated for haris
2026-02-11 12:31:02.173 +05:00 [INF] HTTP GET /api/promotions/customer-relations responded 200 in 40.3216 ms | User: haris (23) | IP: ::1 | RequestBody:  | ResponseBody: [{"idAction":0,"codHier":"5555","codDiv":"div5555","codNode":"f5555","idLevel":1,"dteStart":"2026-01-15T00:00:00","codParentNode":"root","dteEnd":null},{"idAction":0,"codHier":"56","codDiv":"565","codNode":"56","idLevel":55,"dteStart":"2026-01-29T00:44:00","codParentNode":"haseeb","dteEnd":"2026-01-26T00:44:00"},{"idAction":0,"codHier":"H_1","codDiv":"D_1","codNode":"D_1","idLevel":1,"dteStart":"2026-01-30T00:00:00","codParentNode":"ROOT","dteEnd":null},{"idAction":0,"codHier":"H_1","codDiv":"D_1","codNode":"N_1","idLevel":1,"dteStart":"2026-01-30T09:35:43.289","codParentNode":"ROOT","dteEnd":null},{"idAction":0,"codHier":"H_10","codDiv":"DIV_10","codNode":"NODE_10","idLevel":10,"dteStart":"2026-01-01T14:45:00","codParentNode":"ROOT_10","dteEnd":"2026-01-31T14:44:00"},{"idAction":0,"codHier":"H_100","codDiv":"DIV_100","codNode":"NODE_100","idLevel":10,"dteStart":"2026-02-09T13:54:00","codParentNode":"ROOT_100","dteEnd":"2026-02-10T13:54:00"},{"idAction":0,"codHier":"H_1111","codDiv":"DIV_1111","codNode":"NODE_1111","idLevel":11,"dteStart":"2026-01-01T17:00:00","codParentNode":"ROOT_1111","dteEnd":"2026-01-30T17:01:00"},{"idAction":0,"codHier":"H_12","codDiv":"DIV_12","codNode":"NODE_12","idLevel":12,"dteStart":"2026-02-03T12:26:00","codParentNode":"ROOT_12","dteEnd":"2026-02-06T12:26:00"},{"idAction":0,"codHier":"H_17","codDiv":"DIV_17","codNode":"NODE_17","idLevel":17,"dteStart":"2026-02-07T15:44:00","codParentNode":"ROOT_17","dteEnd":"2026-02-24T15:44:00"},{"idAction":0,"codHier":"H_19","codDiv":"DIV_19","codNode":"NODE_19","idLevel":19,"dteStart":"2026-02-04T13:59:00","codParentNode":"ROOT_19","dteEnd":"2026-02-05T13:59:00"},{"idAction":0,"codHier":"H_200","codDiv":"DIV_200","codNode":"NODE_200","idLevel":20,"dteStart":"2026-02-10T14:14:00","codParentNode":"ROOT_200","dteEnd":"2026-02-24T14:14:00"},{"idAction":0,"codHier":"H_21","codDiv":"DIV_21","codNode":"NODE_21","idLevel":21,"dteStart":"2026-02-05T14:01:00","codParentNode":"ROOT_21","dteEnd":"2026-02-07T14:01:00"},{"idAction":0,"codHier":"H_222","codDiv":"DIV_222","codNode":"NODE_222","idLevel":222,"dteStart":"2026-02-04T12:53:00","codParentNode":"ROOT_222","dteEnd":"2026-02-06T12:53:00"},{"idAction":0,"codHier":"H_24","codDiv":"DIV_24","codNode":"NODE_24","idLevel":24,"dteStart":"2026-02-04T12:48:00","codParentNode":"ROOT_24","dteEnd":"2026-02-05T12:48:00"},{"idAction":0,"codHier":"H_25","codDiv":"DIV_25","codNode":"NODE_25","idLevel":25,"dteStart":"2026-02-10T14:04:00","codParentNode":"ROOT_25","dteEnd":"2026-02-11T14:04:00"},{"idAction":0,"codHier":"H_3","codDiv":"DIV_3","codNode":"NODE_3","idLevel":3,"dteStart":"2026-01-01T10:45:00","codParentNode":"ROOT_3","dteEnd":"2026-01-30T10:44:00"},{"idAction":0,"codHier":"H_5","codDiv":"DIV_5","codNode":"NODE_5","idLevel":5,"dteStart":"2026-01-30T10:50:00","codParentNode":"ROOT_5","dteEnd":"2026-01-31T10:48:00"},{"idAction":0,"codHier":"H_6","codDiv":"DIV_6","codNode":"NODE_6","idLevel":6,"dteStart":"2026-01-30T15:01:00","codParentNode":"ROOT_6","dteEnd":"2026-01-31T15:01:00"},{"idAction":0,"codHier":"H_656565","codDiv":"DIV_656565","codNode":"C_656565","idLevel":9,"dteStart":"2026-01-20T00:00:00","codParentNode":"ROOT","dteEnd":null},{"idAction":0,"codHier":"H_676767","codDiv":"DIV_676767","codNode":"NODE_676767","idLevel":676767,"dteStart":"2026-01-31T00:00:00","codParentNode":"ROOT","dteEnd":null},{"idAction":0,"codHier":"H_7","codDiv":"DIV_7","codNode":"NODE_7","idLevel":7,"dteStart":"2026-02-02T12:04:00","codParentNode":"ROOT_7","dteEnd":"2026-02-04T12:04:00"},{"idAction":0,"codHier":"H_87","codDiv":"DIV_87","codNode":"NODE_87","idLevel":87,"dteStart":"2026-02-06T14:07:00","codParentNode":"ROOT_87","dteEnd":"2026-02-26T14:07:00"},{"idAction":0,"codHier":"H_98","codDiv":"DIV_98","codNode":"NODE_98","idLevel":98,"dteStart":"2026-01-30T18:25:00","codParentNode":"ROOT_98","dteEnd":"2026-01-31T18:25:00"},{"idAction":0,"codHier":"H_999","codDiv":"D_5878","codNode":"N_878","idLevel":8,"dteStart":"2026-01-14T00:00:00","codParentNode":"ROOT","dteEnd":null},{"idAction":0,"codHier":"H_A","codDiv":"DIV_A","codNode":"NODE_A","idLevel":1,"dteStart":"2026-02-01T18:26:00","codParentNode":"ROOT_A","dteEnd":"2026-02-14T18:26:00"},{"idAction":0,"codHier":"H-1010","codDiv":"D-1010","codNode":"C-1010","idLevel":1,"dteStart":"2026-01-01T11:54:00","codParentNode":"root","dteEnd":"2026-01-12T11:54:00"},{"idAction":0,"codHier":"H-11","codDiv":"DIV-11","codNode":"C-11","idLevel":11,"dteStart":"2026-01-01T15:05:00","codParentNode":"ROOT","dteEnd":"2026-01-31T15:05:00"},{"idAction":0,"codHier":"H-1111","codDiv":"DIV-1111","codNode":"CUST-1111","idLevel":10,"dteStart":"2026-01-01T00:00:00","codParentNode":"ROOT","dteEnd":null},{"idAction":0,"codHier":"H-1414","codDiv":"D-1414","codNode":"C-1414","idLevel":4,"dteStart":"2026-01-01T14:45:00","codParentNode":"ROOT","dteEnd":"2026-01-15T14:45:00"},{"idAction":0,"codHier":"H-2","codDiv":"DIV-2","codNode":"CUST-2","idLevel":2,"dteStart":"2026-01-01T12:40:00","codParentNode":"ROOT","dteEnd":"2026-01-16T12:37:00"},{"idAction":0,"codHier":"H-2","codDiv":"DIV-2","codNode":"CUST-2","idLevel":2,"dteStart":"2026-01-21T12:37:00","codParentNode":"ROOT","dteEnd":"2026-01-24T12:37:00"},{"idAction":0,"codHier":"H-2020","codDiv":"D-2020","codNode":"C-2020","idLevel":2,"dteStart":"2026-01-02T12:27:00","codParentNode":"root","dteEnd":"2026-01-30T12:27:00"},{"idAction":0,"codHier":"H-2255","codDiv":"DIV-2255","codNode":"CUST-2255","idLevel":10,"dteStart":"2026-01-01T00:00:00","codParentNode":"ROOT","dteEnd":null},{"idAction":0,"codHier":"H-2323","codDiv":"D-2323","codNode":"C-2323","idLevel":4,"dteStart":"2026-01-01T12:48:00","codParentNode":"ROOT","dteEnd":"2026-01-12T12:49:00"},{"idAction":0,"codHier":"H-3333","codDiv":"DIV-3333","codNode":"CUST-3333","idLevel":10,"dteStart":"2026-01-01T00:00:00","codParentNode":"ROOT","dteEnd":null},{"idAction":0,"codHier":"H-3344","codDiv":"DIV-3345","codNode":"CUST-3345","idLevel":10,"dteStart":"2026-01-01T00:00:00","codParentNode":"ROOT","dteEnd":null},{"idAction":0,"codHier":"H-3345","codDiv":"DIV-3345","codNode":"CUST-3345","idLevel":10,"dteStart":"2026-01-01T00:00:00","codParentNode":"ROOT","dteEnd":null},{"idAction":0,"codHier":"H-4","codDiv":"DIV-4","codNode":"CUST-4","idLevel":4,"dteStart":"2026-01-01T14:44:00","codParentNode":"ROOT","dteEnd":"2026-01-02T14:44:00"},{"idAction":0,"codHier":"H-5555","codDiv":"DIV-5555","codNode":"CUST-5555","idLevel":10,"dteStart":"2026-01-01T00:00:00","codParentNode":"ROOT","dteEnd":null},{"idAction":0,"codHier":"H-6000","codDiv":"DIV-6000","codNode":"CUST-6000","idLevel":10,"dteStart":"2026-01-01T00:00:00","codParentNode":"ROOT","dteEnd":"2026-12-31T00:00:00"},{"idAction":0,"codHier":"H-6666","codDiv":"DIV-6666","codNode":"CUST-6666","idLevel":10,"dteStart":"2026-01-17T01:30:00","codParentNode":"ROOT","dteEnd":"2026-01-18T01:30:00"},{"idAction":0,"codHier":"H-6767","codDiv":"DIV-6767","codNode":"CUST-6767","idLevel":5,"dteStart":"2026-01-01T12:15:00","codParentNode":"ROOT","dteEnd":"2026-01-08T12:15:00"},{"idAction":0,"codHier":"H-7000","codDiv":"DIV-7000","codNode":"CUST-7000","idLevel":10,"dteStart":"2026-01-01T00:00:00","codParentNode":"ROOT","dteEnd":null},{"idAction":0,"codHier":"H-7777","codDiv":"DIV-7777","codNode":"CUST-7777","idLevel":10,"dteStart":"2026-01-01T00:00:00","codParentNode":"ROOT","dteEnd":null},{"idAction":0,"codHier":"H-7878","codDiv":"DIV-7878","codNode":"CUST-7878","idLevel":3,"dteStart":"2026-01-18T11:43:00","codParentNode":"ROOT","dteEnd":"2026-01-19T11:43:00"},{"idAction":0,"codHier":"H-8000","codDiv":"DIV-8000","codNode":"CUST-8000","idLevel":10,"dteStart":"2026-01-01T00:00:00","codParentNode":"ROOT","dteEnd":null},{"idAction":0,"codHier":"H-8888","codDiv":"DIV-8888","codNode":"CUST-8888","idLevel":10,"dteStart":"2026-01-01T00:00:00","codParentNode":"ROOT","dteEnd":null},{"idAction":0,"codHier":"H-9000","codDiv":"DIV-9000","codNode":"CUST-9000","idLevel":10,"dteStart":"2026-01-01T00:00:00","codParentNode":"ROOT","dteEnd":null},{"idAction":0,"codHier":"H-9999","codDiv":"DIV-9999","codNode":"CUST-9999","idLevel":10,"dteStart":"2026-01-01T00:00:00","codParentNode":"ROOT","dteEnd":null},{"idAction":0,"codHier":"HIER_CORP","codDiv":"DIV01","codNode":"NODE_9111","idLevel":1,"dteStart":"2026-01-15T00:00:00","codParentNode":"ROOT_NODE","dteEnd":null}]
2026-02-11 12:31:02.188 +05:00 [INF] HTTP GET /api/promotions/customer-relations responded 200 in 55.8940 ms
2026-02-11 12:31:02.257 +05:00 [INF] Downstream JWT validated for haris
2026-02-11 12:31:02.305 +05:00 [INF] HTTP GET /api/promotions/customer-relations responded 200 in 48.0871 ms | User: haris (23) | IP: ::1 | RequestBody:  | ResponseBody: [{"idAction":0,"codHier":"5555","codDiv":"div5555","codNode":"f5555","idLevel":1,"dteStart":"2026-01-15T00:00:00","codParentNode":"root","dteEnd":null},{"idAction":0,"codHier":"56","codDiv":"565","codNode":"56","idLevel":55,"dteStart":"2026-01-29T00:44:00","codParentNode":"haseeb","dteEnd":"2026-01-26T00:44:00"},{"idAction":0,"codHier":"H_1","codDiv":"D_1","codNode":"D_1","idLevel":1,"dteStart":"2026-01-30T00:00:00","codParentNode":"ROOT","dteEnd":null},{"idAction":0,"codHier":"H_1","codDiv":"D_1","codNode":"N_1","idLevel":1,"dteStart":"2026-01-30T09:35:43.289","codParentNode":"ROOT","dteEnd":null},{"idAction":0,"codHier":"H_10","codDiv":"DIV_10","codNode":"NODE_10","idLevel":10,"dteStart":"2026-01-01T14:45:00","codParentNode":"ROOT_10","dteEnd":"2026-01-31T14:44:00"},{"idAction":0,"codHier":"H_100","codDiv":"DIV_100","codNode":"NODE_100","idLevel":10,"dteStart":"2026-02-09T13:54:00","codParentNode":"ROOT_100","dteEnd":"2026-02-10T13:54:00"},{"idAction":0,"codHier":"H_1111","codDiv":"DIV_1111","codNode":"NODE_1111","idLevel":11,"dteStart":"2026-01-01T17:00:00","codParentNode":"ROOT_1111","dteEnd":"2026-01-30T17:01:00"},{"idAction":0,"codHier":"H_12","codDiv":"DIV_12","codNode":"NODE_12","idLevel":12,"dteStart":"2026-02-03T12:26:00","codParentNode":"ROOT_12","dteEnd":"2026-02-06T12:26:00"},{"idAction":0,"codHier":"H_17","codDiv":"DIV_17","codNode":"NODE_17","idLevel":17,"dteStart":"2026-02-07T15:44:00","codParentNode":"ROOT_17","dteEnd":"2026-02-24T15:44:00"},{"idAction":0,"codHier":"H_19","codDiv":"DIV_19","codNode":"NODE_19","idLevel":19,"dteStart":"2026-02-04T13:59:00","codParentNode":"ROOT_19","dteEnd":"2026-02-05T13:59:00"},{"idAction":0,"codHier":"H_200","codDiv":"DIV_200","codNode":"NODE_200","idLevel":20,"dteStart":"2026-02-10T14:14:00","codParentNode":"ROOT_200","dteEnd":"2026-02-24T14:14:00"},{"idAction":0,"codHier":"H_21","codDiv":"DIV_21","codNode":"NODE_21","idLevel":21,"dteStart":"2026-02-05T14:01:00","codParentNode":"ROOT_21","dteEnd":"2026-02-07T14:01:00"},{"idAction":0,"codHier":"H_222","codDiv":"DIV_222","codNode":"NODE_222","idLevel":222,"dteStart":"2026-02-04T12:53:00","codParentNode":"ROOT_222","dteEnd":"2026-02-06T12:53:00"},{"idAction":0,"codHier":"H_24","codDiv":"DIV_24","codNode":"NODE_24","idLevel":24,"dteStart":"2026-02-04T12:48:00","codParentNode":"ROOT_24","dteEnd":"2026-02-05T12:48:00"},{"idAction":0,"codHier":"H_25","codDiv":"DIV_25","codNode":"NODE_25","idLevel":25,"dteStart":"2026-02-10T14:04:00","codParentNode":"ROOT_25","dteEnd":"2026-02-11T14:04:00"},{"idAction":0,"codHier":"H_3","codDiv":"DIV_3","codNode":"NODE_3","idLevel":3,"dteStart":"2026-01-01T10:45:00","codParentNode":"ROOT_3","dteEnd":"2026-01-30T10:44:00"},{"idAction":0,"codHier":"H_5","codDiv":"DIV_5","codNode":"NODE_5","idLevel":5,"dteStart":"2026-01-30T10:50:00","codParentNode":"ROOT_5","dteEnd":"2026-01-31T10:48:00"},{"idAction":0,"codHier":"H_6","codDiv":"DIV_6","codNode":"NODE_6","idLevel":6,"dteStart":"2026-01-30T15:01:00","codParentNode":"ROOT_6","dteEnd":"2026-01-31T15:01:00"},{"idAction":0,"codHier":"H_656565","codDiv":"DIV_656565","codNode":"C_656565","idLevel":9,"dteStart":"2026-01-20T00:00:00","codParentNode":"ROOT","dteEnd":null},{"idAction":0,"codHier":"H_676767","codDiv":"DIV_676767","codNode":"NODE_676767","idLevel":676767,"dteStart":"2026-01-31T00:00:00","codParentNode":"ROOT","dteEnd":null},{"idAction":0,"codHier":"H_7","codDiv":"DIV_7","codNode":"NODE_7","idLevel":7,"dteStart":"2026-02-02T12:04:00","codParentNode":"ROOT_7","dteEnd":"2026-02-04T12:04:00"},{"idAction":0,"codHier":"H_87","codDiv":"DIV_87","codNode":"NODE_87","idLevel":87,"dteStart":"2026-02-06T14:07:00","codParentNode":"ROOT_87","dteEnd":"2026-02-26T14:07:00"},{"idAction":0,"codHier":"H_98","codDiv":"DIV_98","codNode":"NODE_98","idLevel":98,"dteStart":"2026-01-30T18:25:00","codParentNode":"ROOT_98","dteEnd":"2026-01-31T18:25:00"},{"idAction":0,"codHier":"H_999","codDiv":"D_5878","codNode":"N_878","idLevel":8,"dteStart":"2026-01-14T00:00:00","codParentNode":"ROOT","dteEnd":null},{"idAction":0,"codHier":"H_A","codDiv":"DIV_A","codNode":"NODE_A","idLevel":1,"dteStart":"2026-02-01T18:26:00","codParentNode":"ROOT_A","dteEnd":"2026-02-14T18:26:00"},{"idAction":0,"codHier":"H-1010","codDiv":"D-1010","codNode":"C-1010","idLevel":1,"dteStart":"2026-01-01T11:54:00","codParentNode":"root","dteEnd":"2026-01-12T11:54:00"},{"idAction":0,"codHier":"H-11","codDiv":"DIV-11","codNode":"C-11","idLevel":11,"dteStart":"2026-01-01T15:05:00","codParentNode":"ROOT","dteEnd":"2026-01-31T15:05:00"},{"idAction":0,"codHier":"H-1111","codDiv":"DIV-1111","codNode":"CUST-1111","idLevel":10,"dteStart":"2026-01-01T00:00:00","codParentNode":"ROOT","dteEnd":null},{"idAction":0,"codHier":"H-1414","codDiv":"D-1414","codNode":"C-1414","idLevel":4,"dteStart":"2026-01-01T14:45:00","codParentNode":"ROOT","dteEnd":"2026-01-15T14:45:00"},{"idAction":0,"codHier":"H-2","codDiv":"DIV-2","codNode":"CUST-2","idLevel":2,"dteStart":"2026-01-01T12:40:00","codParentNode":"ROOT","dteEnd":"2026-01-16T12:37:00"},{"idAction":0,"codHier":"H-2","codDiv":"DIV-2","codNode":"CUST-2","idLevel":2,"dteStart":"2026-01-21T12:37:00","codParentNode":"ROOT","dteEnd":"2026-01-24T12:37:00"},{"idAction":0,"codHier":"H-2020","codDiv":"D-2020","codNode":"C-2020","idLevel":2,"dteStart":"2026-01-02T12:27:00","codParentNode":"root","dteEnd":"2026-01-30T12:27:00"},{"idAction":0,"codHier":"H-2255","codDiv":"DIV-2255","codNode":"CUST-2255","idLevel":10,"dteStart":"2026-01-01T00:00:00","codParentNode":"ROOT","dteEnd":null},{"idAction":0,"codHier":"H-2323","codDiv":"D-2323","codNode":"C-2323","idLevel":4,"dteStart":"2026-01-01T12:48:00","codParentNode":"ROOT","dteEnd":"2026-01-12T12:49:00"},{"idAction":0,"codHier":"H-3333","codDiv":"DIV-3333","codNode":"CUST-3333","idLevel":10,"dteStart":"2026-01-01T00:00:00","codParentNode":"ROOT","dteEnd":null},{"idAction":0,"codHier":"H-3344","codDiv":"DIV-3345","codNode":"CUST-3345","idLevel":10,"dteStart":"2026-01-01T00:00:00","codParentNode":"ROOT","dteEnd":null},{"idAction":0,"codHier":"H-3345","codDiv":"DIV-3345","codNode":"CUST-3345","idLevel":10,"dteStart":"2026-01-01T00:00:00","codParentNode":"ROOT","dteEnd":null},{"idAction":0,"codHier":"H-4","codDiv":"DIV-4","codNode":"CUST-4","idLevel":4,"dteStart":"2026-01-01T14:44:00","codParentNode":"ROOT","dteEnd":"2026-01-02T14:44:00"},{"idAction":0,"codHier":"H-5555","codDiv":"DIV-5555","codNode":"CUST-5555","idLevel":10,"dteStart":"2026-01-01T00:00:00","codParentNode":"ROOT","dteEnd":null},{"idAction":0,"codHier":"H-6000","codDiv":"DIV-6000","codNode":"CUST-6000","idLevel":10,"dteStart":"2026-01-01T00:00:00","codParentNode":"ROOT","dteEnd":"2026-12-31T00:00:00"},{"idAction":0,"codHier":"H-6666","codDiv":"DIV-6666","codNode":"CUST-6666","idLevel":10,"dteStart":"2026-01-17T01:30:00","codParentNode":"ROOT","dteEnd":"2026-01-18T01:30:00"},{"idAction":0,"codHier":"H-6767","codDiv":"DIV-6767","codNode":"CUST-6767","idLevel":5,"dteStart":"2026-01-01T12:15:00","codParentNode":"ROOT","dteEnd":"2026-01-08T12:15:00"},{"idAction":0,"codHier":"H-7000","codDiv":"DIV-7000","codNode":"CUST-7000","idLevel":10,"dteStart":"2026-01-01T00:00:00","codParentNode":"ROOT","dteEnd":null},{"idAction":0,"codHier":"H-7777","codDiv":"DIV-7777","codNode":"CUST-7777","idLevel":10,"dteStart":"2026-01-01T00:00:00","codParentNode":"ROOT","dteEnd":null},{"idAction":0,"codHier":"H-7878","codDiv":"DIV-7878","codNode":"CUST-7878","idLevel":3,"dteStart":"2026-01-18T11:43:00","codParentNode":"ROOT","dteEnd":"2026-01-19T11:43:00"},{"idAction":0,"codHier":"H-8000","codDiv":"DIV-8000","codNode":"CUST-8000","idLevel":10,"dteStart":"2026-01-01T00:00:00","codParentNode":"ROOT","dteEnd":null},{"idAction":0,"codHier":"H-8888","codDiv":"DIV-8888","codNode":"CUST-8888","idLevel":10,"dteStart":"2026-01-01T00:00:00","codParentNode":"ROOT","dteEnd":null},{"idAction":0,"codHier":"H-9000","codDiv":"DIV-9000","codNode":"CUST-9000","idLevel":10,"dteStart":"2026-01-01T00:00:00","codParentNode":"ROOT","dteEnd":null},{"idAction":0,"codHier":"H-9999","codDiv":"DIV-9999","codNode":"CUST-9999","idLevel":10,"dteStart":"2026-01-01T00:00:00","codParentNode":"ROOT","dteEnd":null},{"idAction":0,"codHier":"HIER_CORP","codDiv":"DIV01","codNode":"NODE_9111","idLevel":1,"dteStart":"2026-01-15T00:00:00","codParentNode":"ROOT_NODE","dteEnd":null}]
2026-02-11 12:31:02.314 +05:00 [INF] HTTP GET /api/promotions/customer-relations responded 200 in 57.2015 ms
2026-02-11 12:31:03.076 +05:00 [INF] HTTP GET /api/health responded 200 in 1.3480 ms | User: Anonymous (N/A) | IP: ::1 | RequestBody:  | ResponseBody: {"service":"Promotions API","status":"Healthy","timestamp":"2026-02-11T07:31:03.0758903Z","uptime":"0d 0h 0m 32s"}
2026-02-11 12:31:03.082 +05:00 [INF] HTTP GET /api/health responded 200 in 7.2803 ms
2026-02-11 12:31:08.090 +05:00 [INF] Downstream JWT validated for haris
2026-02-11 12:31:08.125 +05:00 [INF] Downstream JWT validated for haris
2026-02-11 12:31:08.136 +05:00 [INF] HTTP GET /api/health responded 200 in 4.2013 ms | User: Anonymous (N/A) | IP: ::1 | RequestBody:  | ResponseBody: {"service":"Promotions API","status":"Healthy","timestamp":"2026-02-11T07:31:08.1305666Z","uptime":"0d 0h 0m 37s"}
2026-02-11 12:31:08.142 +05:00 [INF] HTTP GET /api/promotions/actions responded 200 in 52.4570 ms | User: haris (23) | IP: ::1 | RequestBody:  | ResponseBody: [{"idAction":3,"name":"PROMO_3","codDiv":"DIV_3","dteStartSellIn":"2026-02-01T00:00:00","dteEndSellIn":"2026-02-28T00:00:00","dteStartSellOut":"2026-01-25T00:00:00","dteEndSellOut":"2026-01-30T00:00:00","documentKey":"KEY_3","dteToShost":"2026-01-10T00:00:00","levParticipants":3},{"idAction":5,"name":"PROMO_5_5","codDiv":"DIV_5","dteStartSellIn":"2026-02-24T00:00:00","dteEndSellIn":"2026-02-21T00:00:00","dteStartSellOut":"2026-02-24T00:00:00","dteEndSellOut":"2026-02-27T00:00:00","documentKey":"DOC_KEY_is_5","dteToShost":"2026-01-18T00:00:00","levParticipants":55555555},{"idAction":6,"name":"PROMO_6","codDiv":"DIV_6","dteStartSellIn":"2026-02-01T00:00:00","dteEndSellIn":"2026-02-25T00:00:00","dteStartSellOut":"2026-01-15T00:00:00","dteEndSellOut":"2026-01-24T00:00:00","documentKey":"DOCC_6_KEY","dteToShost":"2026-01-15T00:00:00","levParticipants":6},{"idAction":7,"name":"PROMO_7","codDiv":"DIV_7","dteStartSellIn":"2026-02-06T12:05:00","dteEndSellIn":"2026-02-07T12:05:00","dteStartSellOut":"2026-02-08T12:05:00","dteEndSellOut":"2026-02-09T12:05:00","documentKey":"KEY_7","dteToShost":"2026-02-05T12:04:00","levParticipants":7},{"idAction":10,"name":"PROMO_10","codDiv":"DIV_10","dteStartSellIn":"2026-02-01T00:00:00","dteEndSellIn":"2026-02-26T00:00:00","dteStartSellOut":"2026-01-23T00:00:00","dteEndSellOut":"2026-01-24T00:00:00","documentKey":"DOCC_KEY_10","dteToShost":"2026-01-29T00:00:00","levParticipants":10},{"idAction":12,"name":"PROMO_12","codDiv":"DIV_12","dteStartSellIn":"2026-02-06T12:27:00","dteEndSellIn":"2026-02-07T12:27:00","dteStartSellOut":"2026-02-08T12:27:00","dteEndSellOut":"2026-02-09T12:27:00","documentKey":"KEY_12","dteToShost":"2026-02-03T12:26:00","levParticipants":12},{"idAction":24,"name":"PROMO_24","codDiv":"DIV_24","dteStartSellIn":"2026-02-05T12:48:00","dteEndSellIn":"2026-02-06T12:48:00","dteStartSellOut":"2026-02-07T12:48:00","dteEndSellOut":"2026-02-08T12:48:00","documentKey":"KEY_24","dteToShost":"2026-02-03T12:48:00","levParticipants":24},{"idAction":45,"name":"cccc","codDiv":"DIV01","dteStartSellIn":"2026-01-16T00:00:00","dteEndSellIn":"2026-01-17T00:00:00","dteStartSellOut":"2026-01-16T00:00:00","dteEndSellOut":"2026-01-17T00:00:00","documentKey":null,"dteToShost":null,"levParticipants":2},{"idAction":87,"name":"promo_87","codDiv":"DIV_87","dteStartSellIn":"2026-02-07T14:44:00","dteEndSellIn":"2026-02-10T14:44:00","dteStartSellOut":"2026-02-22T14:44:00","dteEndSellOut":"2026-02-26T14:44:00","documentKey":"KEY_87","dteToShost":"2026-02-03T14:44:00","levParticipants":87},{"idAction":98,"name":"PROMO_98","codDiv":"DIV_98","dteStartSellIn":"2026-01-08T18:25:00","dteEndSellIn":"2026-01-17T18:25:00","dteStartSellOut":"2026-01-28T18:25:00","dteEndSellOut":"2026-01-30T18:25:00","documentKey":"DOCC_98","dteToShost":"2026-01-31T18:25:00","levParticipants":98},{"idAction":100,"name":"PROMO_100","codDiv":"DIV_100","dteStartSellIn":"2026-02-11T14:08:00","dteEndSellIn":"2026-02-14T14:08:00","dteStartSellOut":"2026-02-22T14:08:00","dteEndSellOut":"2026-02-27T14:08:00","documentKey":"KEY_100","dteToShost":"2026-02-10T14:08:00","levParticipants":10},{"idAction":200,"name":"PROMO_200","codDiv":"DIV_200","dteStartSellIn":"2026-02-10T14:15:00","dteEndSellIn":"2026-02-28T14:15:00","dteStartSellOut":"2026-02-11T14:15:00","dteEndSellOut":"2026-02-23T14:15:00","documentKey":"KEY_200","dteToShost":"2026-02-14T14:14:00","levParticipants":20},{"idAction":321,"name":"PROMO_321","codDiv":"DIV_A","dteStartSellIn":"2026-02-01T18:27:00","dteEndSellIn":"2026-02-28T18:27:00","dteStartSellOut":"2026-02-04T18:27:00","dteEndSellOut":"2026-02-23T18:27:00","documentKey":"KEY_A","dteToShost":"2026-02-03T18:27:00","levParticipants":1},{"idAction":1111,"name":"PROMO_1111","codDiv":"DIV_1111","dteStartSellIn":"2026-01-01T17:00:00","dteEndSellIn":"2026-01-30T17:02:00","dteStartSellOut":"2026-01-17T17:02:00","dteEndSellOut":"2026-01-28T17:02:00","documentKey":"1111_DOCC_KEY","dteToShost":"2026-01-13T17:02:00","levParticipants":11},{"idAction":2020,"name":"Spring Special 2020","codDiv":"D-2020","dteStartSellIn":"2026-01-03T12:28:00","dteEndSellIn":"2026-01-04T12:28:00","dteStartSellOut":"2026-01-05T12:28:00","dteEndSellOut":"2026-01-06T12:28:00","documentKey":"DOC-SPRING-2020","dteToShost":"2026-01-02T12:28:00","levParticipants":1},{"idAction":2222,"name":"haseeb","codDiv":"DIV02","dteStartSellIn":"2026-02-01T00:00:00","dteEndSellIn":"2026-01-11T00:00:00","dteStartSellOut":"2026-01-28T00:00:00","dteEndSellOut":"2026-01-30T00:00:00","documentKey":"","dteToShost":null,"levParticipants":2},{"idAction":2323,"name":"Winter Sale Campaign 2323","codDiv":"D-2323","dteStartSellIn":"2026-01-19T14:39:00","dteEndSellIn":"2026-01-20T14:40:00","dteStartSellOut":"2026-01-21T14:40:00","dteEndSellOut":"2026-01-22T14:40:00","documentKey":"DOC-WINTER-2323","dteToShost":"2026-01-30T14:39:00","levParticipants":1},{"idAction":5005,"name":"bbb","codDiv":"DIV5005","dteStartSellIn":"2026-01-23T00:00:00","dteEndSellIn":"2026-01-30T00:00:00","dteStartSellOut":"2026-01-26T00:00:00","dteEndSellOut":"2026-01-18T00:00:00","documentKey":"555553","dteToShost":"2026-01-19T00:00:00","levParticipants":14},{"idAction":6000,"name":"Zero Redundancy Campaign 6000","codDiv":"DIV-6000","dteStartSellIn":"2026-02-01T00:00:00","dteEndSellIn":"2026-02-24T00:00:00","dteStartSellOut":"2026-02-01T00:00:00","dteEndSellOut":"2026-02-28T00:00:00","documentKey":"DOC-6000","dteToShost":"2026-01-05T00:00:00","levParticipants":1},{"idAction":6767,"name":"XTEL Launch Promo 6767","codDiv":"DIV-6767","dteStartSellIn":"2026-02-01T00:00:00","dteEndSellIn":"2026-02-28T00:00:00","dteStartSellOut":"2026-01-22T00:00:00","dteEndSellOut":"2026-01-23T00:00:00","documentKey":"DOC-XTEL-6767","dteToShost":"2026-01-03T00:00:00","levParticipants":1},{"idAction":7000,"name":"Atomic Campaign 7000","codDiv":"DIV-7000","dteStartSellIn":"2026-01-01T00:00:00","dteEndSellIn":"2026-01-31T00:00:00","dteStartSellOut":"2026-02-01T00:00:00","dteEndSellOut":"2026-02-28T00:00:00","documentKey":"DOC-7000","dteToShost":null,"levParticipants":1},{"idAction":8888,"name":"Atomic Campaign 8888 Complete","codDiv":"DIV-8888","dteStartSellIn":"2026-01-01T00:00:00","dteEndSellIn":"2026-01-31T00:00:00","dteStartSellOut":"2026-02-01T00:00:00","dteEndSellOut":"2026-02-28T00:00:00","documentKey":"DOC-8888","dteToShost":null,"levParticipants":1},{"idAction":9000,"name":"Balanced Atomic Campaign 9000","codDiv":"DIV-9000","dteStartSellIn":"2026-01-01T00:00:00","dteEndSellIn":"2026-01-31T00:00:00","dteStartSellOut":"2026-02-01T00:00:00","dteEndSellOut":"2026-02-28T00:00:00","documentKey":"DOC-9000","dteToShost":null,"levParticipants":1},{"idAction":9999,"name":"I should not exist in DB","codDiv":"DIV-9999","dteStartSellIn":"2026-01-01T00:00:00","dteEndSellIn":"2026-01-31T00:00:00","dteStartSellOut":"2026-02-01T00:00:00","dteEndSellOut":"2026-02-28T00:00:00","documentKey":"DOC-9999","dteToShost":null,"levParticipants":1}]
2026-02-11 12:31:08.152 +05:00 [INF] HTTP GET /api/health responded 200 in 22.8691 ms
2026-02-11 12:31:08.161 +05:00 [INF] HTTP GET /api/promotions/customer-relations responded 200 in 36.8002 ms | User: haris (23) | IP: ::1 | RequestBody:  | ResponseBody: [{"idAction":0,"codHier":"5555","codDiv":"div5555","codNode":"f5555","idLevel":1,"dteStart":"2026-01-15T00:00:00","codParentNode":"root","dteEnd":null},{"idAction":0,"codHier":"56","codDiv":"565","codNode":"56","idLevel":55,"dteStart":"2026-01-29T00:44:00","codParentNode":"haseeb","dteEnd":"2026-01-26T00:44:00"},{"idAction":0,"codHier":"H_1","codDiv":"D_1","codNode":"D_1","idLevel":1,"dteStart":"2026-01-30T00:00:00","codParentNode":"ROOT","dteEnd":null},{"idAction":0,"codHier":"H_1","codDiv":"D_1","codNode":"N_1","idLevel":1,"dteStart":"2026-01-30T09:35:43.289","codParentNode":"ROOT","dteEnd":null},{"idAction":0,"codHier":"H_10","codDiv":"DIV_10","codNode":"NODE_10","idLevel":10,"dteStart":"2026-01-01T14:45:00","codParentNode":"ROOT_10","dteEnd":"2026-01-31T14:44:00"},{"idAction":0,"codHier":"H_100","codDiv":"DIV_100","codNode":"NODE_100","idLevel":10,"dteStart":"2026-02-09T13:54:00","codParentNode":"ROOT_100","dteEnd":"2026-02-10T13:54:00"},{"idAction":0,"codHier":"H_1111","codDiv":"DIV_1111","codNode":"NODE_1111","idLevel":11,"dteStart":"2026-01-01T17:00:00","codParentNode":"ROOT_1111","dteEnd":"2026-01-30T17:01:00"},{"idAction":0,"codHier":"H_12","codDiv":"DIV_12","codNode":"NODE_12","idLevel":12,"dteStart":"2026-02-03T12:26:00","codParentNode":"ROOT_12","dteEnd":"2026-02-06T12:26:00"},{"idAction":0,"codHier":"H_17","codDiv":"DIV_17","codNode":"NODE_17","idLevel":17,"dteStart":"2026-02-07T15:44:00","codParentNode":"ROOT_17","dteEnd":"2026-02-24T15:44:00"},{"idAction":0,"codHier":"H_19","codDiv":"DIV_19","codNode":"NODE_19","idLevel":19,"dteStart":"2026-02-04T13:59:00","codParentNode":"ROOT_19","dteEnd":"2026-02-05T13:59:00"},{"idAction":0,"codHier":"H_200","codDiv":"DIV_200","codNode":"NODE_200","idLevel":20,"dteStart":"2026-02-10T14:14:00","codParentNode":"ROOT_200","dteEnd":"2026-02-24T14:14:00"},{"idAction":0,"codHier":"H_21","codDiv":"DIV_21","codNode":"NODE_21","idLevel":21,"dteStart":"2026-02-05T14:01:00","codParentNode":"ROOT_21","dteEnd":"2026-02-07T14:01:00"},{"idAction":0,"codHier":"H_222","codDiv":"DIV_222","codNode":"NODE_222","idLevel":222,"dteStart":"2026-02-04T12:53:00","codParentNode":"ROOT_222","dteEnd":"2026-02-06T12:53:00"},{"idAction":0,"codHier":"H_24","codDiv":"DIV_24","codNode":"NODE_24","idLevel":24,"dteStart":"2026-02-04T12:48:00","codParentNode":"ROOT_24","dteEnd":"2026-02-05T12:48:00"},{"idAction":0,"codHier":"H_25","codDiv":"DIV_25","codNode":"NODE_25","idLevel":25,"dteStart":"2026-02-10T14:04:00","codParentNode":"ROOT_25","dteEnd":"2026-02-11T14:04:00"},{"idAction":0,"codHier":"H_3","codDiv":"DIV_3","codNode":"NODE_3","idLevel":3,"dteStart":"2026-01-01T10:45:00","codParentNode":"ROOT_3","dteEnd":"2026-01-30T10:44:00"},{"idAction":0,"codHier":"H_5","codDiv":"DIV_5","codNode":"NODE_5","idLevel":5,"dteStart":"2026-01-30T10:50:00","codParentNode":"ROOT_5","dteEnd":"2026-01-31T10:48:00"},{"idAction":0,"codHier":"H_6","codDiv":"DIV_6","codNode":"NODE_6","idLevel":6,"dteStart":"2026-01-30T15:01:00","codParentNode":"ROOT_6","dteEnd":"2026-01-31T15:01:00"},{"idAction":0,"codHier":"H_656565","codDiv":"DIV_656565","codNode":"C_656565","idLevel":9,"dteStart":"2026-01-20T00:00:00","codParentNode":"ROOT","dteEnd":null},{"idAction":0,"codHier":"H_676767","codDiv":"DIV_676767","codNode":"NODE_676767","idLevel":676767,"dteStart":"2026-01-31T00:00:00","codParentNode":"ROOT","dteEnd":null},{"idAction":0,"codHier":"H_7","codDiv":"DIV_7","codNode":"NODE_7","idLevel":7,"dteStart":"2026-02-02T12:04:00","codParentNode":"ROOT_7","dteEnd":"2026-02-04T12:04:00"},{"idAction":0,"codHier":"H_87","codDiv":"DIV_87","codNode":"NODE_87","idLevel":87,"dteStart":"2026-02-06T14:07:00","codParentNode":"ROOT_87","dteEnd":"2026-02-26T14:07:00"},{"idAction":0,"codHier":"H_98","codDiv":"DIV_98","codNode":"NODE_98","idLevel":98,"dteStart":"2026-01-30T18:25:00","codParentNode":"ROOT_98","dteEnd":"2026-01-31T18:25:00"},{"idAction":0,"codHier":"H_999","codDiv":"D_5878","codNode":"N_878","idLevel":8,"dteStart":"2026-01-14T00:00:00","codParentNode":"ROOT","dteEnd":null},{"idAction":0,"codHier":"H_A","codDiv":"DIV_A","codNode":"NODE_A","idLevel":1,"dteStart":"2026-02-01T18:26:00","codParentNode":"ROOT_A","dteEnd":"2026-02-14T18:26:00"},{"idAction":0,"codHier":"H-1010","codDiv":"D-1010","codNode":"C-1010","idLevel":1,"dteStart":"2026-01-01T11:54:00","codParentNode":"root","dteEnd":"2026-01-12T11:54:00"},{"idAction":0,"codHier":"H-11","codDiv":"DIV-11","codNode":"C-11","idLevel":11,"dteStart":"2026-01-01T15:05:00","codParentNode":"ROOT","dteEnd":"2026-01-31T15:05:00"},{"idAction":0,"codHier":"H-1111","codDiv":"DIV-1111","codNode":"CUST-1111","idLevel":10,"dteStart":"2026-01-01T00:00:00","codParentNode":"ROOT","dteEnd":null},{"idAction":0,"codHier":"H-1414","codDiv":"D-1414","codNode":"C-1414","idLevel":4,"dteStart":"2026-01-01T14:45:00","codParentNode":"ROOT","dteEnd":"2026-01-15T14:45:00"},{"idAction":0,"codHier":"H-2","codDiv":"DIV-2","codNode":"CUST-2","idLevel":2,"dteStart":"2026-01-01T12:40:00","codParentNode":"ROOT","dteEnd":"2026-01-16T12:37:00"},{"idAction":0,"codHier":"H-2","codDiv":"DIV-2","codNode":"CUST-2","idLevel":2,"dteStart":"2026-01-21T12:37:00","codParentNode":"ROOT","dteEnd":"2026-01-24T12:37:00"},{"idAction":0,"codHier":"H-2020","codDiv":"D-2020","codNode":"C-2020","idLevel":2,"dteStart":"2026-01-02T12:27:00","codParentNode":"root","dteEnd":"2026-01-30T12:27:00"},{"idAction":0,"codHier":"H-2255","codDiv":"DIV-2255","codNode":"CUST-2255","idLevel":10,"dteStart":"2026-01-01T00:00:00","codParentNode":"ROOT","dteEnd":null},{"idAction":0,"codHier":"H-2323","codDiv":"D-2323","codNode":"C-2323","idLevel":4,"dteStart":"2026-01-01T12:48:00","codParentNode":"ROOT","dteEnd":"2026-01-12T12:49:00"},{"idAction":0,"codHier":"H-3333","codDiv":"DIV-3333","codNode":"CUST-3333","idLevel":10,"dteStart":"2026-01-01T00:00:00","codParentNode":"ROOT","dteEnd":null},{"idAction":0,"codHier":"H-3344","codDiv":"DIV-3345","codNode":"CUST-3345","idLevel":10,"dteStart":"2026-01-01T00:00:00","codParentNode":"ROOT","dteEnd":null},{"idAction":0,"codHier":"H-3345","codDiv":"DIV-3345","codNode":"CUST-3345","idLevel":10,"dteStart":"2026-01-01T00:00:00","codParentNode":"ROOT","dteEnd":null},{"idAction":0,"codHier":"H-4","codDiv":"DIV-4","codNode":"CUST-4","idLevel":4,"dteStart":"2026-01-01T14:44:00","codParentNode":"ROOT","dteEnd":"2026-01-02T14:44:00"},{"idAction":0,"codHier":"H-5555","codDiv":"DIV-5555","codNode":"CUST-5555","idLevel":10,"dteStart":"2026-01-01T00:00:00","codParentNode":"ROOT","dteEnd":null},{"idAction":0,"codHier":"H-6000","codDiv":"DIV-6000","codNode":"CUST-6000","idLevel":10,"dteStart":"2026-01-01T00:00:00","codParentNode":"ROOT","dteEnd":"2026-12-31T00:00:00"},{"idAction":0,"codHier":"H-6666","codDiv":"DIV-6666","codNode":"CUST-6666","idLevel":10,"dteStart":"2026-01-17T01:30:00","codParentNode":"ROOT","dteEnd":"2026-01-18T01:30:00"},{"idAction":0,"codHier":"H-6767","codDiv":"DIV-6767","codNode":"CUST-6767","idLevel":5,"dteStart":"2026-01-01T12:15:00","codParentNode":"ROOT","dteEnd":"2026-01-08T12:15:00"},{"idAction":0,"codHier":"H-7000","codDiv":"DIV-7000","codNode":"CUST-7000","idLevel":10,"dteStart":"2026-01-01T00:00:00","codParentNode":"ROOT","dteEnd":null},{"idAction":0,"codHier":"H-7777","codDiv":"DIV-7777","codNode":"CUST-7777","idLevel":10,"dteStart":"2026-01-01T00:00:00","codParentNode":"ROOT","dteEnd":null},{"idAction":0,"codHier":"H-7878","codDiv":"DIV-7878","codNode":"CUST-7878","idLevel":3,"dteStart":"2026-01-18T11:43:00","codParentNode":"ROOT","dteEnd":"2026-01-19T11:43:00"},{"idAction":0,"codHier":"H-8000","codDiv":"DIV-8000","codNode":"CUST-8000","idLevel":10,"dteStart":"2026-01-01T00:00:00","codParentNode":"ROOT","dteEnd":null},{"idAction":0,"codHier":"H-8888","codDiv":"DIV-8888","codNode":"CUST-8888","idLevel":10,"dteStart":"2026-01-01T00:00:00","codParentNode":"ROOT","dteEnd":null},{"idAction":0,"codHier":"H-9000","codDiv":"DIV-9000","codNode":"CUST-9000","idLevel":10,"dteStart":"2026-01-01T00:00:00","codParentNode":"ROOT","dteEnd":null},{"idAction":0,"codHier":"H-9999","codDiv":"DIV-9999","codNode":"CUST-9999","idLevel":10,"dteStart":"2026-01-01T00:00:00","codParentNode":"ROOT","dteEnd":null},{"idAction":0,"codHier":"HIER_CORP","codDiv":"DIV01","codNode":"NODE_9111","idLevel":1,"dteStart":"2026-01-15T00:00:00","codParentNode":"ROOT_NODE","dteEnd":null}]
2026-02-11 12:31:08.163 +05:00 [INF] HTTP GET /api/promotions/actions responded 200 in 73.7578 ms
2026-02-11 12:31:08.201 +05:00 [INF] HTTP GET /api/promotions/customer-relations responded 200 in 76.4232 ms
2026-02-11 12:31:08.396 +05:00 [INF] Downstream JWT validated for haris
2026-02-11 12:31:08.424 +05:00 [INF] HTTP GET /api/promotions/actions responded 200 in 29.2044 ms | User: haris (23) | IP: ::1 | RequestBody:  | ResponseBody: [{"idAction":3,"name":"PROMO_3","codDiv":"DIV_3","dteStartSellIn":"2026-02-01T00:00:00","dteEndSellIn":"2026-02-28T00:00:00","dteStartSellOut":"2026-01-25T00:00:00","dteEndSellOut":"2026-01-30T00:00:00","documentKey":"KEY_3","dteToShost":"2026-01-10T00:00:00","levParticipants":3},{"idAction":5,"name":"PROMO_5_5","codDiv":"DIV_5","dteStartSellIn":"2026-02-24T00:00:00","dteEndSellIn":"2026-02-21T00:00:00","dteStartSellOut":"2026-02-24T00:00:00","dteEndSellOut":"2026-02-27T00:00:00","documentKey":"DOC_KEY_is_5","dteToShost":"2026-01-18T00:00:00","levParticipants":55555555},{"idAction":6,"name":"PROMO_6","codDiv":"DIV_6","dteStartSellIn":"2026-02-01T00:00:00","dteEndSellIn":"2026-02-25T00:00:00","dteStartSellOut":"2026-01-15T00:00:00","dteEndSellOut":"2026-01-24T00:00:00","documentKey":"DOCC_6_KEY","dteToShost":"2026-01-15T00:00:00","levParticipants":6},{"idAction":7,"name":"PROMO_7","codDiv":"DIV_7","dteStartSellIn":"2026-02-06T12:05:00","dteEndSellIn":"2026-02-07T12:05:00","dteStartSellOut":"2026-02-08T12:05:00","dteEndSellOut":"2026-02-09T12:05:00","documentKey":"KEY_7","dteToShost":"2026-02-05T12:04:00","levParticipants":7},{"idAction":10,"name":"PROMO_10","codDiv":"DIV_10","dteStartSellIn":"2026-02-01T00:00:00","dteEndSellIn":"2026-02-26T00:00:00","dteStartSellOut":"2026-01-23T00:00:00","dteEndSellOut":"2026-01-24T00:00:00","documentKey":"DOCC_KEY_10","dteToShost":"2026-01-29T00:00:00","levParticipants":10},{"idAction":12,"name":"PROMO_12","codDiv":"DIV_12","dteStartSellIn":"2026-02-06T12:27:00","dteEndSellIn":"2026-02-07T12:27:00","dteStartSellOut":"2026-02-08T12:27:00","dteEndSellOut":"2026-02-09T12:27:00","documentKey":"KEY_12","dteToShost":"2026-02-03T12:26:00","levParticipants":12},{"idAction":24,"name":"PROMO_24","codDiv":"DIV_24","dteStartSellIn":"2026-02-05T12:48:00","dteEndSellIn":"2026-02-06T12:48:00","dteStartSellOut":"2026-02-07T12:48:00","dteEndSellOut":"2026-02-08T12:48:00","documentKey":"KEY_24","dteToShost":"2026-02-03T12:48:00","levParticipants":24},{"idAction":45,"name":"cccc","codDiv":"DIV01","dteStartSellIn":"2026-01-16T00:00:00","dteEndSellIn":"2026-01-17T00:00:00","dteStartSellOut":"2026-01-16T00:00:00","dteEndSellOut":"2026-01-17T00:00:00","documentKey":null,"dteToShost":null,"levParticipants":2},{"idAction":87,"name":"promo_87","codDiv":"DIV_87","dteStartSellIn":"2026-02-07T14:44:00","dteEndSellIn":"2026-02-10T14:44:00","dteStartSellOut":"2026-02-22T14:44:00","dteEndSellOut":"2026-02-26T14:44:00","documentKey":"KEY_87","dteToShost":"2026-02-03T14:44:00","levParticipants":87},{"idAction":98,"name":"PROMO_98","codDiv":"DIV_98","dteStartSellIn":"2026-01-08T18:25:00","dteEndSellIn":"2026-01-17T18:25:00","dteStartSellOut":"2026-01-28T18:25:00","dteEndSellOut":"2026-01-30T18:25:00","documentKey":"DOCC_98","dteToShost":"2026-01-31T18:25:00","levParticipants":98},{"idAction":100,"name":"PROMO_100","codDiv":"DIV_100","dteStartSellIn":"2026-02-11T14:08:00","dteEndSellIn":"2026-02-14T14:08:00","dteStartSellOut":"2026-02-22T14:08:00","dteEndSellOut":"2026-02-27T14:08:00","documentKey":"KEY_100","dteToShost":"2026-02-10T14:08:00","levParticipants":10},{"idAction":200,"name":"PROMO_200","codDiv":"DIV_200","dteStartSellIn":"2026-02-10T14:15:00","dteEndSellIn":"2026-02-28T14:15:00","dteStartSellOut":"2026-02-11T14:15:00","dteEndSellOut":"2026-02-23T14:15:00","documentKey":"KEY_200","dteToShost":"2026-02-14T14:14:00","levParticipants":20},{"idAction":321,"name":"PROMO_321","codDiv":"DIV_A","dteStartSellIn":"2026-02-01T18:27:00","dteEndSellIn":"2026-02-28T18:27:00","dteStartSellOut":"2026-02-04T18:27:00","dteEndSellOut":"2026-02-23T18:27:00","documentKey":"KEY_A","dteToShost":"2026-02-03T18:27:00","levParticipants":1},{"idAction":1111,"name":"PROMO_1111","codDiv":"DIV_1111","dteStartSellIn":"2026-01-01T17:00:00","dteEndSellIn":"2026-01-30T17:02:00","dteStartSellOut":"2026-01-17T17:02:00","dteEndSellOut":"2026-01-28T17:02:00","documentKey":"1111_DOCC_KEY","dteToShost":"2026-01-13T17:02:00","levParticipants":11},{"idAction":2020,"name":"Spring Special 2020","codDiv":"D-2020","dteStartSellIn":"2026-01-03T12:28:00","dteEndSellIn":"2026-01-04T12:28:00","dteStartSellOut":"2026-01-05T12:28:00","dteEndSellOut":"2026-01-06T12:28:00","documentKey":"DOC-SPRING-2020","dteToShost":"2026-01-02T12:28:00","levParticipants":1},{"idAction":2222,"name":"haseeb","codDiv":"DIV02","dteStartSellIn":"2026-02-01T00:00:00","dteEndSellIn":"2026-01-11T00:00:00","dteStartSellOut":"2026-01-28T00:00:00","dteEndSellOut":"2026-01-30T00:00:00","documentKey":"","dteToShost":null,"levParticipants":2},{"idAction":2323,"name":"Winter Sale Campaign 2323","codDiv":"D-2323","dteStartSellIn":"2026-01-19T14:39:00","dteEndSellIn":"2026-01-20T14:40:00","dteStartSellOut":"2026-01-21T14:40:00","dteEndSellOut":"2026-01-22T14:40:00","documentKey":"DOC-WINTER-2323","dteToShost":"2026-01-30T14:39:00","levParticipants":1},{"idAction":5005,"name":"bbb","codDiv":"DIV5005","dteStartSellIn":"2026-01-23T00:00:00","dteEndSellIn":"2026-01-30T00:00:00","dteStartSellOut":"2026-01-26T00:00:00","dteEndSellOut":"2026-01-18T00:00:00","documentKey":"555553","dteToShost":"2026-01-19T00:00:00","levParticipants":14},{"idAction":6000,"name":"Zero Redundancy Campaign 6000","codDiv":"DIV-6000","dteStartSellIn":"2026-02-01T00:00:00","dteEndSellIn":"2026-02-24T00:00:00","dteStartSellOut":"2026-02-01T00:00:00","dteEndSellOut":"2026-02-28T00:00:00","documentKey":"DOC-6000","dteToShost":"2026-01-05T00:00:00","levParticipants":1},{"idAction":6767,"name":"XTEL Launch Promo 6767","codDiv":"DIV-6767","dteStartSellIn":"2026-02-01T00:00:00","dteEndSellIn":"2026-02-28T00:00:00","dteStartSellOut":"2026-01-22T00:00:00","dteEndSellOut":"2026-01-23T00:00:00","documentKey":"DOC-XTEL-6767","dteToShost":"2026-01-03T00:00:00","levParticipants":1},{"idAction":7000,"name":"Atomic Campaign 7000","codDiv":"DIV-7000","dteStartSellIn":"2026-01-01T00:00:00","dteEndSellIn":"2026-01-31T00:00:00","dteStartSellOut":"2026-02-01T00:00:00","dteEndSellOut":"2026-02-28T00:00:00","documentKey":"DOC-7000","dteToShost":null,"levParticipants":1},{"idAction":8888,"name":"Atomic Campaign 8888 Complete","codDiv":"DIV-8888","dteStartSellIn":"2026-01-01T00:00:00","dteEndSellIn":"2026-01-31T00:00:00","dteStartSellOut":"2026-02-01T00:00:00","dteEndSellOut":"2026-02-28T00:00:00","documentKey":"DOC-8888","dteToShost":null,"levParticipants":1},{"idAction":9000,"name":"Balanced Atomic Campaign 9000","codDiv":"DIV-9000","dteStartSellIn":"2026-01-01T00:00:00","dteEndSellIn":"2026-01-31T00:00:00","dteStartSellOut":"2026-02-01T00:00:00","dteEndSellOut":"2026-02-28T00:00:00","documentKey":"DOC-9000","dteToShost":null,"levParticipants":1},{"idAction":9999,"name":"I should not exist in DB","codDiv":"DIV-9999","dteStartSellIn":"2026-01-01T00:00:00","dteEndSellIn":"2026-01-31T00:00:00","dteStartSellOut":"2026-02-01T00:00:00","dteEndSellOut":"2026-02-28T00:00:00","documentKey":"DOC-9999","dteToShost":null,"levParticipants":1}]
2026-02-11 12:31:08.431 +05:00 [INF] Downstream JWT validated for haris
2026-02-11 12:31:08.437 +05:00 [INF] HTTP GET /api/promotions/actions responded 200 in 42.0389 ms
2026-02-11 12:31:08.447 +05:00 [INF] Downstream JWT validated for haris
2026-02-11 12:31:08.454 +05:00 [INF] HTTP GET /api/promotions/customer-relations responded 200 in 24.5523 ms | User: haris (23) | IP: ::1 | RequestBody:  | ResponseBody: [{"idAction":0,"codHier":"5555","codDiv":"div5555","codNode":"f5555","idLevel":1,"dteStart":"2026-01-15T00:00:00","codParentNode":"root","dteEnd":null},{"idAction":0,"codHier":"56","codDiv":"565","codNode":"56","idLevel":55,"dteStart":"2026-01-29T00:44:00","codParentNode":"haseeb","dteEnd":"2026-01-26T00:44:00"},{"idAction":0,"codHier":"H_1","codDiv":"D_1","codNode":"D_1","idLevel":1,"dteStart":"2026-01-30T00:00:00","codParentNode":"ROOT","dteEnd":null},{"idAction":0,"codHier":"H_1","codDiv":"D_1","codNode":"N_1","idLevel":1,"dteStart":"2026-01-30T09:35:43.289","codParentNode":"ROOT","dteEnd":null},{"idAction":0,"codHier":"H_10","codDiv":"DIV_10","codNode":"NODE_10","idLevel":10,"dteStart":"2026-01-01T14:45:00","codParentNode":"ROOT_10","dteEnd":"2026-01-31T14:44:00"},{"idAction":0,"codHier":"H_100","codDiv":"DIV_100","codNode":"NODE_100","idLevel":10,"dteStart":"2026-02-09T13:54:00","codParentNode":"ROOT_100","dteEnd":"2026-02-10T13:54:00"},{"idAction":0,"codHier":"H_1111","codDiv":"DIV_1111","codNode":"NODE_1111","idLevel":11,"dteStart":"2026-01-01T17:00:00","codParentNode":"ROOT_1111","dteEnd":"2026-01-30T17:01:00"},{"idAction":0,"codHier":"H_12","codDiv":"DIV_12","codNode":"NODE_12","idLevel":12,"dteStart":"2026-02-03T12:26:00","codParentNode":"ROOT_12","dteEnd":"2026-02-06T12:26:00"},{"idAction":0,"codHier":"H_17","codDiv":"DIV_17","codNode":"NODE_17","idLevel":17,"dteStart":"2026-02-07T15:44:00","codParentNode":"ROOT_17","dteEnd":"2026-02-24T15:44:00"},{"idAction":0,"codHier":"H_19","codDiv":"DIV_19","codNode":"NODE_19","idLevel":19,"dteStart":"2026-02-04T13:59:00","codParentNode":"ROOT_19","dteEnd":"2026-02-05T13:59:00"},{"idAction":0,"codHier":"H_200","codDiv":"DIV_200","codNode":"NODE_200","idLevel":20,"dteStart":"2026-02-10T14:14:00","codParentNode":"ROOT_200","dteEnd":"2026-02-24T14:14:00"},{"idAction":0,"codHier":"H_21","codDiv":"DIV_21","codNode":"NODE_21","idLevel":21,"dteStart":"2026-02-05T14:01:00","codParentNode":"ROOT_21","dteEnd":"2026-02-07T14:01:00"},{"idAction":0,"codHier":"H_222","codDiv":"DIV_222","codNode":"NODE_222","idLevel":222,"dteStart":"2026-02-04T12:53:00","codParentNode":"ROOT_222","dteEnd":"2026-02-06T12:53:00"},{"idAction":0,"codHier":"H_24","codDiv":"DIV_24","codNode":"NODE_24","idLevel":24,"dteStart":"2026-02-04T12:48:00","codParentNode":"ROOT_24","dteEnd":"2026-02-05T12:48:00"},{"idAction":0,"codHier":"H_25","codDiv":"DIV_25","codNode":"NODE_25","idLevel":25,"dteStart":"2026-02-10T14:04:00","codParentNode":"ROOT_25","dteEnd":"2026-02-11T14:04:00"},{"idAction":0,"codHier":"H_3","codDiv":"DIV_3","codNode":"NODE_3","idLevel":3,"dteStart":"2026-01-01T10:45:00","codParentNode":"ROOT_3","dteEnd":"2026-01-30T10:44:00"},{"idAction":0,"codHier":"H_5","codDiv":"DIV_5","codNode":"NODE_5","idLevel":5,"dteStart":"2026-01-30T10:50:00","codParentNode":"ROOT_5","dteEnd":"2026-01-31T10:48:00"},{"idAction":0,"codHier":"H_6","codDiv":"DIV_6","codNode":"NODE_6","idLevel":6,"dteStart":"2026-01-30T15:01:00","codParentNode":"ROOT_6","dteEnd":"2026-01-31T15:01:00"},{"idAction":0,"codHier":"H_656565","codDiv":"DIV_656565","codNode":"C_656565","idLevel":9,"dteStart":"2026-01-20T00:00:00","codParentNode":"ROOT","dteEnd":null},{"idAction":0,"codHier":"H_676767","codDiv":"DIV_676767","codNode":"NODE_676767","idLevel":676767,"dteStart":"2026-01-31T00:00:00","codParentNode":"ROOT","dteEnd":null},{"idAction":0,"codHier":"H_7","codDiv":"DIV_7","codNode":"NODE_7","idLevel":7,"dteStart":"2026-02-02T12:04:00","codParentNode":"ROOT_7","dteEnd":"2026-02-04T12:04:00"},{"idAction":0,"codHier":"H_87","codDiv":"DIV_87","codNode":"NODE_87","idLevel":87,"dteStart":"2026-02-06T14:07:00","codParentNode":"ROOT_87","dteEnd":"2026-02-26T14:07:00"},{"idAction":0,"codHier":"H_98","codDiv":"DIV_98","codNode":"NODE_98","idLevel":98,"dteStart":"2026-01-30T18:25:00","codParentNode":"ROOT_98","dteEnd":"2026-01-31T18:25:00"},{"idAction":0,"codHier":"H_999","codDiv":"D_5878","codNode":"N_878","idLevel":8,"dteStart":"2026-01-14T00:00:00","codParentNode":"ROOT","dteEnd":null},{"idAction":0,"codHier":"H_A","codDiv":"DIV_A","codNode":"NODE_A","idLevel":1,"dteStart":"2026-02-01T18:26:00","codParentNode":"ROOT_A","dteEnd":"2026-02-14T18:26:00"},{"idAction":0,"codHier":"H-1010","codDiv":"D-1010","codNode":"C-1010","idLevel":1,"dteStart":"2026-01-01T11:54:00","codParentNode":"root","dteEnd":"2026-01-12T11:54:00"},{"idAction":0,"codHier":"H-11","codDiv":"DIV-11","codNode":"C-11","idLevel":11,"dteStart":"2026-01-01T15:05:00","codParentNode":"ROOT","dteEnd":"2026-01-31T15:05:00"},{"idAction":0,"codHier":"H-1111","codDiv":"DIV-1111","codNode":"CUST-1111","idLevel":10,"dteStart":"2026-01-01T00:00:00","codParentNode":"ROOT","dteEnd":null},{"idAction":0,"codHier":"H-1414","codDiv":"D-1414","codNode":"C-1414","idLevel":4,"dteStart":"2026-01-01T14:45:00","codParentNode":"ROOT","dteEnd":"2026-01-15T14:45:00"},{"idAction":0,"codHier":"H-2","codDiv":"DIV-2","codNode":"CUST-2","idLevel":2,"dteStart":"2026-01-01T12:40:00","codParentNode":"ROOT","dteEnd":"2026-01-16T12:37:00"},{"idAction":0,"codHier":"H-2","codDiv":"DIV-2","codNode":"CUST-2","idLevel":2,"dteStart":"2026-01-21T12:37:00","codParentNode":"ROOT","dteEnd":"2026-01-24T12:37:00"},{"idAction":0,"codHier":"H-2020","codDiv":"D-2020","codNode":"C-2020","idLevel":2,"dteStart":"2026-01-02T12:27:00","codParentNode":"root","dteEnd":"2026-01-30T12:27:00"},{"idAction":0,"codHier":"H-2255","codDiv":"DIV-2255","codNode":"CUST-2255","idLevel":10,"dteStart":"2026-01-01T00:00:00","codParentNode":"ROOT","dteEnd":null},{"idAction":0,"codHier":"H-2323","codDiv":"D-2323","codNode":"C-2323","idLevel":4,"dteStart":"2026-01-01T12:48:00","codParentNode":"ROOT","dteEnd":"2026-01-12T12:49:00"},{"idAction":0,"codHier":"H-3333","codDiv":"DIV-3333","codNode":"CUST-3333","idLevel":10,"dteStart":"2026-01-01T00:00:00","codParentNode":"ROOT","dteEnd":null},{"idAction":0,"codHier":"H-3344","codDiv":"DIV-3345","codNode":"CUST-3345","idLevel":10,"dteStart":"2026-01-01T00:00:00","codParentNode":"ROOT","dteEnd":null},{"idAction":0,"codHier":"H-3345","codDiv":"DIV-3345","codNode":"CUST-3345","idLevel":10,"dteStart":"2026-01-01T00:00:00","codParentNode":"ROOT","dteEnd":null},{"idAction":0,"codHier":"H-4","codDiv":"DIV-4","codNode":"CUST-4","idLevel":4,"dteStart":"2026-01-01T14:44:00","codParentNode":"ROOT","dteEnd":"2026-01-02T14:44:00"},{"idAction":0,"codHier":"H-5555","codDiv":"DIV-5555","codNode":"CUST-5555","idLevel":10,"dteStart":"2026-01-01T00:00:00","codParentNode":"ROOT","dteEnd":null},{"idAction":0,"codHier":"H-6000","codDiv":"DIV-6000","codNode":"CUST-6000","idLevel":10,"dteStart":"2026-01-01T00:00:00","codParentNode":"ROOT","dteEnd":"2026-12-31T00:00:00"},{"idAction":0,"codHier":"H-6666","codDiv":"DIV-6666","codNode":"CUST-6666","idLevel":10,"dteStart":"2026-01-17T01:30:00","codParentNode":"ROOT","dteEnd":"2026-01-18T01:30:00"},{"idAction":0,"codHier":"H-6767","codDiv":"DIV-6767","codNode":"CUST-6767","idLevel":5,"dteStart":"2026-01-01T12:15:00","codParentNode":"ROOT","dteEnd":"2026-01-08T12:15:00"},{"idAction":0,"codHier":"H-7000","codDiv":"DIV-7000","codNode":"CUST-7000","idLevel":10,"dteStart":"2026-01-01T00:00:00","codParentNode":"ROOT","dteEnd":null},{"idAction":0,"codHier":"H-7777","codDiv":"DIV-7777","codNode":"CUST-7777","idLevel":10,"dteStart":"2026-01-01T00:00:00","codParentNode":"ROOT","dteEnd":null},{"idAction":0,"codHier":"H-7878","codDiv":"DIV-7878","codNode":"CUST-7878","idLevel":3,"dteStart":"2026-01-18T11:43:00","codParentNode":"ROOT","dteEnd":"2026-01-19T11:43:00"},{"idAction":0,"codHier":"H-8000","codDiv":"DIV-8000","codNode":"CUST-8000","idLevel":10,"dteStart":"2026-01-01T00:00:00","codParentNode":"ROOT","dteEnd":null},{"idAction":0,"codHier":"H-8888","codDiv":"DIV-8888","codNode":"CUST-8888","idLevel":10,"dteStart":"2026-01-01T00:00:00","codParentNode":"ROOT","dteEnd":null},{"idAction":0,"codHier":"H-9000","codDiv":"DIV-9000","codNode":"CUST-9000","idLevel":10,"dteStart":"2026-01-01T00:00:00","codParentNode":"ROOT","dteEnd":null},{"idAction":0,"codHier":"H-9999","codDiv":"DIV-9999","codNode":"CUST-9999","idLevel":10,"dteStart":"2026-01-01T00:00:00","codParentNode":"ROOT","dteEnd":null},{"idAction":0,"codHier":"HIER_CORP","codDiv":"DIV01","codNode":"NODE_9111","idLevel":1,"dteStart":"2026-01-15T00:00:00","codParentNode":"ROOT_NODE","dteEnd":null}]
2026-02-11 12:31:08.471 +05:00 [INF] HTTP GET /api/promotions/customer-relations responded 200 in 40.9304 ms
2026-02-11 12:31:08.476 +05:00 [INF] HTTP GET /api/participants/all responded 200 in 29.9360 ms | User: haris (23) | IP: ::1 | RequestBody:  | ResponseBody: [{"idAction":3,"codParticipant":"N_1","flgInclusion":true,"codHier":"H_1","codDiv":"D_1","codNode":"N_1","idLevel":1,"dteStart":"2026-01-30T09:35:43.289"},{"idAction":3,"codParticipant":"NODE_3","flgInclusion":true,"codHier":"H_3","codDiv":"DIV_3","codNode":"NODE_3","idLevel":3,"dteStart":"2026-01-01T10:45:00"},{"idAction":3,"codParticipant":"NODE_5","flgInclusion":true,"codHier":"H_5","codDiv":"DIV_5","codNode":"NODE_5","idLevel":5,"dteStart":"2026-01-30T10:50:00"},{"idAction":5,"codParticipant":"NODE_5","flgInclusion":true,"codHier":"H_5","codDiv":"DIV_5","codNode":"NODE_5","idLevel":5,"dteStart":"2026-01-30T10:50:00"},{"idAction":6,"codParticipant":"N_9898","flgInclusion":true,"codHier":"H_999","codDiv":"D_5878","codNode":"N_878","idLevel":8,"dteStart":"2026-01-14T00:00:00"},{"idAction":6,"codParticipant":"NODE_3","flgInclusion":true,"codHier":"H_3","codDiv":"DIV_3","codNode":"NODE_3","idLevel":3,"dteStart":"2026-01-01T10:45:00"},{"idAction":6,"codParticipant":"NODE_5","flgInclusion":true,"codHier":"H_5","codDiv":"DIV_5","codNode":"NODE_5","idLevel":5,"dteStart":"2026-01-30T10:50:00"},{"idAction":6,"codParticipant":"NODE_6","flgInclusion":true,"codHier":"H_6","codDiv":"DIV_6","codNode":"NODE_6","idLevel":6,"dteStart":"2026-01-30T15:01:00"},{"idAction":6,"codParticipant":"NODE_676767","flgInclusion":true,"codHier":"H_676767","codDiv":"DIV_676767","codNode":"NODE_676767","idLevel":676767,"dteStart":"2026-01-31T00:00:00"},{"idAction":6,"codParticipant":"P-9000","flgInclusion":true,"codHier":"H-9000","codDiv":"DIV-9000","codNode":"CUST-9000","idLevel":10,"dteStart":"2026-01-01T00:00:00"},{"idAction":7,"codParticipant":"NODE_7","flgInclusion":true,"codHier":"H_7","codDiv":"DIV_7","codNode":"NODE_7","idLevel":7,"dteStart":"2026-02-02T12:04:00"},{"idAction":10,"codParticipant":"NODE_10","flgInclusion":true,"codHier":"H_10","codDiv":"DIV_10","codNode":"NODE_10","idLevel":10,"dteStart":"2026-01-01T14:45:00"},{"idAction":24,"codParticipant":"NODE_24","flgInclusion":true,"codHier":"H_24","codDiv":"DIV_24","codNode":"NODE_24","idLevel":24,"dteStart":"2026-02-04T12:48:00"},{"idAction":87,"codParticipant":"NODE_87","flgInclusion":true,"codHier":"H_87","codDiv":"DIV_87","codNode":"NODE_87","idLevel":87,"dteStart":"2026-02-06T14:07:00"},{"idAction":98,"codParticipant":"NODE_98","flgInclusion":true,"codHier":"H_98","codDiv":"DIV_98","codNode":"NODE_98","idLevel":98,"dteStart":"2026-01-30T18:25:00"},{"idAction":100,"codParticipant":"NODE_100","flgInclusion":true,"codHier":"H_100","codDiv":"DIV_100","codNode":"NODE_100","idLevel":10,"dteStart":"2026-02-09T13:54:00"},{"idAction":200,"codParticipant":"NODE_200","flgInclusion":true,"codHier":"H_200","codDiv":"DIV_200","codNode":"NODE_200","idLevel":20,"dteStart":"2026-02-10T14:14:00"},{"idAction":321,"codParticipant":"NODE_A","flgInclusion":true,"codHier":"H_A","codDiv":"DIV_A","codNode":"NODE_A","idLevel":1,"dteStart":"2026-02-01T18:26:00"},{"idAction":1111,"codParticipant":"NODE_1111","flgInclusion":true,"codHier":"H_1111","codDiv":"DIV_1111","codNode":"NODE_1111","idLevel":11,"dteStart":"2026-01-01T17:00:00"},{"idAction":2323,"codParticipant":"P-2323","flgInclusion":true,"codHier":"H-2323","codDiv":"D-2323","codNode":"C-2323","idLevel":4,"dteStart":"2026-01-01T12:48:00"},{"idAction":5005,"codParticipant":"","flgInclusion":true,"codHier":"H-9999","codDiv":"DIV-9999","codNode":"CUST-9999","idLevel":10,"dteStart":"2026-01-01T00:00:00"},{"idAction":6000,"codParticipant":"P-6000","flgInclusion":true,"codHier":"H-6000","codDiv":"DIV-6000","codNode":"CUST-6000","idLevel":10,"dteStart":"2026-01-01T00:00:00"},{"idAction":6767,"codParticipant":"P-6767","flgInclusion":false,"codHier":"H-6767","codDiv":"DIV-6767","codNode":"CUST-6767","idLevel":5,"dteStart":"2026-01-01T12:15:00"},{"idAction":7000,"codParticipant":"P-7000","flgInclusion":true,"codHier":"H-7000","codDiv":"DIV-7000","codNode":"CUST-7000","idLevel":10,"dteStart":"2026-01-01T00:00:00"},{"idAction":8888,"codParticipant":"P-8888","flgInclusion":true,"codHier":"H-8888","codDiv":"DIV-8888","codNode":"CUST-8888","idLevel":10,"dteStart":"2026-01-01T00:00:00"},{"idAction":9000,"codParticipant":"P-9000","flgInclusion":true,"codHier":"H-9000","codDiv":"DIV-9000","codNode":"CUST-9000","idLevel":10,"dteStart":"2026-01-01T00:00:00"},{"idAction":9999,"codParticipant":"P-9999","flgInclusion":true,"codHier":"H-9999","codDiv":"DIV-9999","codNode":"CUST-9999","idLevel":10,"dteStart":"2026-01-01T00:00:00"}]
2026-02-11 12:31:08.488 +05:00 [INF] HTTP GET /api/participants/all responded 200 in 41.3791 ms
2026-02-11 12:31:08.577 +05:00 [INF] Downstream JWT validated for haris
2026-02-11 12:31:08.606 +05:00 [INF] Downstream JWT validated for haris
2026-02-11 12:31:08.629 +05:00 [INF] HTTP GET /api/participants/all responded 200 in 52.8357 ms | User: haris (23) | IP: ::1 | RequestBody:  | ResponseBody: [{"idAction":3,"codParticipant":"N_1","flgInclusion":true,"codHier":"H_1","codDiv":"D_1","codNode":"N_1","idLevel":1,"dteStart":"2026-01-30T09:35:43.289"},{"idAction":3,"codParticipant":"NODE_3","flgInclusion":true,"codHier":"H_3","codDiv":"DIV_3","codNode":"NODE_3","idLevel":3,"dteStart":"2026-01-01T10:45:00"},{"idAction":3,"codParticipant":"NODE_5","flgInclusion":true,"codHier":"H_5","codDiv":"DIV_5","codNode":"NODE_5","idLevel":5,"dteStart":"2026-01-30T10:50:00"},{"idAction":5,"codParticipant":"NODE_5","flgInclusion":true,"codHier":"H_5","codDiv":"DIV_5","codNode":"NODE_5","idLevel":5,"dteStart":"2026-01-30T10:50:00"},{"idAction":6,"codParticipant":"N_9898","flgInclusion":true,"codHier":"H_999","codDiv":"D_5878","codNode":"N_878","idLevel":8,"dteStart":"2026-01-14T00:00:00"},{"idAction":6,"codParticipant":"NODE_3","flgInclusion":true,"codHier":"H_3","codDiv":"DIV_3","codNode":"NODE_3","idLevel":3,"dteStart":"2026-01-01T10:45:00"},{"idAction":6,"codParticipant":"NODE_5","flgInclusion":true,"codHier":"H_5","codDiv":"DIV_5","codNode":"NODE_5","idLevel":5,"dteStart":"2026-01-30T10:50:00"},{"idAction":6,"codParticipant":"NODE_6","flgInclusion":true,"codHier":"H_6","codDiv":"DIV_6","codNode":"NODE_6","idLevel":6,"dteStart":"2026-01-30T15:01:00"},{"idAction":6,"codParticipant":"NODE_676767","flgInclusion":true,"codHier":"H_676767","codDiv":"DIV_676767","codNode":"NODE_676767","idLevel":676767,"dteStart":"2026-01-31T00:00:00"},{"idAction":6,"codParticipant":"P-9000","flgInclusion":true,"codHier":"H-9000","codDiv":"DIV-9000","codNode":"CUST-9000","idLevel":10,"dteStart":"2026-01-01T00:00:00"},{"idAction":7,"codParticipant":"NODE_7","flgInclusion":true,"codHier":"H_7","codDiv":"DIV_7","codNode":"NODE_7","idLevel":7,"dteStart":"2026-02-02T12:04:00"},{"idAction":10,"codParticipant":"NODE_10","flgInclusion":true,"codHier":"H_10","codDiv":"DIV_10","codNode":"NODE_10","idLevel":10,"dteStart":"2026-01-01T14:45:00"},{"idAction":24,"codParticipant":"NODE_24","flgInclusion":true,"codHier":"H_24","codDiv":"DIV_24","codNode":"NODE_24","idLevel":24,"dteStart":"2026-02-04T12:48:00"},{"idAction":87,"codParticipant":"NODE_87","flgInclusion":true,"codHier":"H_87","codDiv":"DIV_87","codNode":"NODE_87","idLevel":87,"dteStart":"2026-02-06T14:07:00"},{"idAction":98,"codParticipant":"NODE_98","flgInclusion":true,"codHier":"H_98","codDiv":"DIV_98","codNode":"NODE_98","idLevel":98,"dteStart":"2026-01-30T18:25:00"},{"idAction":100,"codParticipant":"NODE_100","flgInclusion":true,"codHier":"H_100","codDiv":"DIV_100","codNode":"NODE_100","idLevel":10,"dteStart":"2026-02-09T13:54:00"},{"idAction":200,"codParticipant":"NODE_200","flgInclusion":true,"codHier":"H_200","codDiv":"DIV_200","codNode":"NODE_200","idLevel":20,"dteStart":"2026-02-10T14:14:00"},{"idAction":321,"codParticipant":"NODE_A","flgInclusion":true,"codHier":"H_A","codDiv":"DIV_A","codNode":"NODE_A","idLevel":1,"dteStart":"2026-02-01T18:26:00"},{"idAction":1111,"codParticipant":"NODE_1111","flgInclusion":true,"codHier":"H_1111","codDiv":"DIV_1111","codNode":"NODE_1111","idLevel":11,"dteStart":"2026-01-01T17:00:00"},{"idAction":2323,"codParticipant":"P-2323","flgInclusion":true,"codHier":"H-2323","codDiv":"D-2323","codNode":"C-2323","idLevel":4,"dteStart":"2026-01-01T12:48:00"},{"idAction":5005,"codParticipant":"","flgInclusion":true,"codHier":"H-9999","codDiv":"DIV-9999","codNode":"CUST-9999","idLevel":10,"dteStart":"2026-01-01T00:00:00"},{"idAction":6000,"codParticipant":"P-6000","flgInclusion":true,"codHier":"H-6000","codDiv":"DIV-6000","codNode":"CUST-6000","idLevel":10,"dteStart":"2026-01-01T00:00:00"},{"idAction":6767,"codParticipant":"P-6767","flgInclusion":false,"codHier":"H-6767","codDiv":"DIV-6767","codNode":"CUST-6767","idLevel":5,"dteStart":"2026-01-01T12:15:00"},{"idAction":7000,"codParticipant":"P-7000","flgInclusion":true,"codHier":"H-7000","codDiv":"DIV-7000","codNode":"CUST-7000","idLevel":10,"dteStart":"2026-01-01T00:00:00"},{"idAction":8888,"codParticipant":"P-8888","flgInclusion":true,"codHier":"H-8888","codDiv":"DIV-8888","codNode":"CUST-8888","idLevel":10,"dteStart":"2026-01-01T00:00:00"},{"idAction":9000,"codParticipant":"P-9000","flgInclusion":true,"codHier":"H-9000","codDiv":"DIV-9000","codNode":"CUST-9000","idLevel":10,"dteStart":"2026-01-01T00:00:00"},{"idAction":9999,"codParticipant":"P-9999","flgInclusion":true,"codHier":"H-9999","codDiv":"DIV-9999","codNode":"CUST-9999","idLevel":10,"dteStart":"2026-01-01T00:00:00"}]
2026-02-11 12:31:08.637 +05:00 [INF] HTTP GET /api/participants/all responded 200 in 61.2019 ms
2026-02-11 12:31:08.637 +05:00 [INF] HTTP GET /api/promotions/delivery-points responded 200 in 35.1940 ms | User: haris (23) | IP: ::1 | RequestBody:  | ResponseBody: [{"idAction":3,"codDeliveryPoint":"D_1","flgInclusion":true,"codHier":"H_1","codDiv":"D_1","codNode":"D_1","idLevel":1,"dteStart":"2026-01-30T00:00:00"},{"idAction":3,"codDeliveryPoint":"D_656565","flgInclusion":true,"codHier":"H_656565","codDiv":"DIV_656565","codNode":"C_656565","idLevel":9,"dteStart":"2026-01-20T00:00:00"},{"idAction":3,"codDeliveryPoint":"NODE_10","flgInclusion":true,"codHier":"H_10","codDiv":"DIV_10","codNode":"NODE_10","idLevel":10,"dteStart":"2026-01-01T14:45:00"},{"idAction":3,"codDeliveryPoint":"NODE_24","flgInclusion":true,"codHier":"H_24","codDiv":"DIV_24","codNode":"NODE_24","idLevel":24,"dteStart":"2026-02-04T12:48:00"},{"idAction":3,"codDeliveryPoint":"NODE_3","flgInclusion":false,"codHier":"H_3","codDiv":"DIV_3","codNode":"NODE_3","idLevel":3,"dteStart":"2026-01-01T10:45:00"},{"idAction":3,"codDeliveryPoint":"NODE_5","flgInclusion":false,"codHier":"H_5","codDiv":"DIV_5","codNode":"NODE_5","idLevel":5,"dteStart":"2026-01-30T10:50:00"},{"idAction":3,"codDeliveryPoint":"NODE_87","flgInclusion":true,"codHier":"H_87","codDiv":"DIV_87","codNode":"NODE_87","idLevel":87,"dteStart":"2026-02-06T14:07:00"},{"idAction":5,"codDeliveryPoint":"NODE_5","flgInclusion":false,"codHier":"H_5","codDiv":"DIV_5","codNode":"NODE_5","idLevel":5,"dteStart":"2026-01-30T10:50:00"},{"idAction":6,"codDeliveryPoint":"D_1","flgInclusion":true,"codHier":"H_1","codDiv":"D_1","codNode":"D_1","idLevel":1,"dteStart":"2026-01-30T00:00:00"},{"idAction":6,"codDeliveryPoint":"D_656565","flgInclusion":true,"codHier":"H_656565","codDiv":"DIV_656565","codNode":"C_656565","idLevel":9,"dteStart":"2026-01-20T00:00:00"},{"idAction":6,"codDeliveryPoint":"NODE_3","flgInclusion":false,"codHier":"H_3","codDiv":"DIV_3","codNode":"NODE_3","idLevel":3,"dteStart":"2026-01-01T10:45:00"},{"idAction":6,"codDeliveryPoint":"NODE_5","flgInclusion":false,"codHier":"H_5","codDiv":"DIV_5","codNode":"NODE_5","idLevel":5,"dteStart":"2026-01-30T10:50:00"},{"idAction":6,"codDeliveryPoint":"NODE_6","flgInclusion":true,"codHier":"H_6","codDiv":"DIV_6","codNode":"NODE_6","idLevel":6,"dteStart":"2026-01-30T15:01:00"},{"idAction":7,"codDeliveryPoint":"NODE_7","flgInclusion":true,"codHier":"H_7","codDiv":"DIV_7","codNode":"NODE_7","idLevel":7,"dteStart":"2026-02-02T12:04:00"},{"idAction":10,"codDeliveryPoint":"NODE_10","flgInclusion":true,"codHier":"H_10","codDiv":"DIV_10","codNode":"NODE_10","idLevel":10,"dteStart":"2026-01-01T14:45:00"},{"idAction":24,"codDeliveryPoint":"NODE_24","flgInclusion":true,"codHier":"H_24","codDiv":"DIV_24","codNode":"NODE_24","idLevel":24,"dteStart":"2026-02-04T12:48:00"},{"idAction":87,"codDeliveryPoint":"NODE_87","flgInclusion":true,"codHier":"H_87","codDiv":"DIV_87","codNode":"NODE_87","idLevel":87,"dteStart":"2026-02-06T14:07:00"},{"idAction":98,"codDeliveryPoint":"NODE_98","flgInclusion":true,"codHier":"H_98","codDiv":"DIV_98","codNode":"NODE_98","idLevel":98,"dteStart":"2026-01-30T18:25:00"},{"idAction":100,"codDeliveryPoint":"D_656565","flgInclusion":true,"codHier":"H_656565","codDiv":"DIV_656565","codNode":"C_656565","idLevel":9,"dteStart":"2026-01-20T00:00:00"},{"idAction":100,"codDeliveryPoint":"NODE_10","flgInclusion":true,"codHier":"H_10","codDiv":"DIV_10","codNode":"NODE_10","idLevel":10,"dteStart":"2026-01-01T14:45:00"},{"idAction":100,"codDeliveryPoint":"NODE_100","flgInclusion":true,"codHier":"H_100","codDiv":"DIV_100","codNode":"NODE_100","idLevel":10,"dteStart":"2026-02-09T13:54:00"},{"idAction":100,"codDeliveryPoint":"NODE_3","flgInclusion":false,"codHier":"H_3","codDiv":"DIV_3","codNode":"NODE_3","idLevel":3,"dteStart":"2026-01-01T10:45:00"},{"idAction":200,"codDeliveryPoint":"NODE_200","flgInclusion":true,"codHier":"H_200","codDiv":"DIV_200","codNode":"NODE_200","idLevel":20,"dteStart":"2026-02-10T14:14:00"},{"idAction":321,"codDeliveryPoint":"NODE_A","flgInclusion":true,"codHier":"H_A","codDiv":"DIV_A","codNode":"NODE_A","idLevel":1,"dteStart":"2026-02-01T18:26:00"},{"idAction":1111,"codDeliveryPoint":"NODE_1111","flgInclusion":true,"codHier":"H_1111","codDiv":"DIV_1111","codNode":"NODE_1111","idLevel":11,"dteStart":"2026-01-01T17:00:00"},{"idAction":5005,"codDeliveryPoint":"","flgInclusion":true,"codHier":"H-2255","codDiv":"DIV-2255","codNode":"CUST-2255","idLevel":10,"dteStart":"2026-01-01T00:00:00"},{"idAction":6767,"codDeliveryPoint":"DP-6767","flgInclusion":true,"codHier":"H-6767","codDiv":"DIV-6767","codNode":"CUST-6767","idLevel":5,"dteStart":"2026-01-01T12:15:00"},{"idAction":7000,"codDeliveryPoint":"DP-7000","flgInclusion":true,"codHier":"H-7000","codDiv":"DIV-7000","codNode":"CUST-7000","idLevel":10,"dteStart":"2026-01-01T00:00:00"}]
2026-02-11 12:31:08.647 +05:00 [INF] HTTP GET /api/promotions/delivery-points responded 200 in 45.0153 ms
2026-02-11 12:31:08.715 +05:00 [INF] Downstream JWT validated for haris
2026-02-11 12:31:08.735 +05:00 [INF] HTTP GET /api/promotions/delivery-points responded 200 in 20.9473 ms | User: haris (23) | IP: ::1 | RequestBody:  | ResponseBody: [{"idAction":3,"codDeliveryPoint":"D_1","flgInclusion":true,"codHier":"H_1","codDiv":"D_1","codNode":"D_1","idLevel":1,"dteStart":"2026-01-30T00:00:00"},{"idAction":3,"codDeliveryPoint":"D_656565","flgInclusion":true,"codHier":"H_656565","codDiv":"DIV_656565","codNode":"C_656565","idLevel":9,"dteStart":"2026-01-20T00:00:00"},{"idAction":3,"codDeliveryPoint":"NODE_10","flgInclusion":true,"codHier":"H_10","codDiv":"DIV_10","codNode":"NODE_10","idLevel":10,"dteStart":"2026-01-01T14:45:00"},{"idAction":3,"codDeliveryPoint":"NODE_24","flgInclusion":true,"codHier":"H_24","codDiv":"DIV_24","codNode":"NODE_24","idLevel":24,"dteStart":"2026-02-04T12:48:00"},{"idAction":3,"codDeliveryPoint":"NODE_3","flgInclusion":false,"codHier":"H_3","codDiv":"DIV_3","codNode":"NODE_3","idLevel":3,"dteStart":"2026-01-01T10:45:00"},{"idAction":3,"codDeliveryPoint":"NODE_5","flgInclusion":false,"codHier":"H_5","codDiv":"DIV_5","codNode":"NODE_5","idLevel":5,"dteStart":"2026-01-30T10:50:00"},{"idAction":3,"codDeliveryPoint":"NODE_87","flgInclusion":true,"codHier":"H_87","codDiv":"DIV_87","codNode":"NODE_87","idLevel":87,"dteStart":"2026-02-06T14:07:00"},{"idAction":5,"codDeliveryPoint":"NODE_5","flgInclusion":false,"codHier":"H_5","codDiv":"DIV_5","codNode":"NODE_5","idLevel":5,"dteStart":"2026-01-30T10:50:00"},{"idAction":6,"codDeliveryPoint":"D_1","flgInclusion":true,"codHier":"H_1","codDiv":"D_1","codNode":"D_1","idLevel":1,"dteStart":"2026-01-30T00:00:00"},{"idAction":6,"codDeliveryPoint":"D_656565","flgInclusion":true,"codHier":"H_656565","codDiv":"DIV_656565","codNode":"C_656565","idLevel":9,"dteStart":"2026-01-20T00:00:00"},{"idAction":6,"codDeliveryPoint":"NODE_3","flgInclusion":false,"codHier":"H_3","codDiv":"DIV_3","codNode":"NODE_3","idLevel":3,"dteStart":"2026-01-01T10:45:00"},{"idAction":6,"codDeliveryPoint":"NODE_5","flgInclusion":false,"codHier":"H_5","codDiv":"DIV_5","codNode":"NODE_5","idLevel":5,"dteStart":"2026-01-30T10:50:00"},{"idAction":6,"codDeliveryPoint":"NODE_6","flgInclusion":true,"codHier":"H_6","codDiv":"DIV_6","codNode":"NODE_6","idLevel":6,"dteStart":"2026-01-30T15:01:00"},{"idAction":7,"codDeliveryPoint":"NODE_7","flgInclusion":true,"codHier":"H_7","codDiv":"DIV_7","codNode":"NODE_7","idLevel":7,"dteStart":"2026-02-02T12:04:00"},{"idAction":10,"codDeliveryPoint":"NODE_10","flgInclusion":true,"codHier":"H_10","codDiv":"DIV_10","codNode":"NODE_10","idLevel":10,"dteStart":"2026-01-01T14:45:00"},{"idAction":24,"codDeliveryPoint":"NODE_24","flgInclusion":true,"codHier":"H_24","codDiv":"DIV_24","codNode":"NODE_24","idLevel":24,"dteStart":"2026-02-04T12:48:00"},{"idAction":87,"codDeliveryPoint":"NODE_87","flgInclusion":true,"codHier":"H_87","codDiv":"DIV_87","codNode":"NODE_87","idLevel":87,"dteStart":"2026-02-06T14:07:00"},{"idAction":98,"codDeliveryPoint":"NODE_98","flgInclusion":true,"codHier":"H_98","codDiv":"DIV_98","codNode":"NODE_98","idLevel":98,"dteStart":"2026-01-30T18:25:00"},{"idAction":100,"codDeliveryPoint":"D_656565","flgInclusion":true,"codHier":"H_656565","codDiv":"DIV_656565","codNode":"C_656565","idLevel":9,"dteStart":"2026-01-20T00:00:00"},{"idAction":100,"codDeliveryPoint":"NODE_10","flgInclusion":true,"codHier":"H_10","codDiv":"DIV_10","codNode":"NODE_10","idLevel":10,"dteStart":"2026-01-01T14:45:00"},{"idAction":100,"codDeliveryPoint":"NODE_100","flgInclusion":true,"codHier":"H_100","codDiv":"DIV_100","codNode":"NODE_100","idLevel":10,"dteStart":"2026-02-09T13:54:00"},{"idAction":100,"codDeliveryPoint":"NODE_3","flgInclusion":false,"codHier":"H_3","codDiv":"DIV_3","codNode":"NODE_3","idLevel":3,"dteStart":"2026-01-01T10:45:00"},{"idAction":200,"codDeliveryPoint":"NODE_200","flgInclusion":true,"codHier":"H_200","codDiv":"DIV_200","codNode":"NODE_200","idLevel":20,"dteStart":"2026-02-10T14:14:00"},{"idAction":321,"codDeliveryPoint":"NODE_A","flgInclusion":true,"codHier":"H_A","codDiv":"DIV_A","codNode":"NODE_A","idLevel":1,"dteStart":"2026-02-01T18:26:00"},{"idAction":1111,"codDeliveryPoint":"NODE_1111","flgInclusion":true,"codHier":"H_1111","codDiv":"DIV_1111","codNode":"NODE_1111","idLevel":11,"dteStart":"2026-01-01T17:00:00"},{"idAction":5005,"codDeliveryPoint":"","flgInclusion":true,"codHier":"H-2255","codDiv":"DIV-2255","codNode":"CUST-2255","idLevel":10,"dteStart":"2026-01-01T00:00:00"},{"idAction":6767,"codDeliveryPoint":"DP-6767","flgInclusion":true,"codHier":"H-6767","codDiv":"DIV-6767","codNode":"CUST-6767","idLevel":5,"dteStart":"2026-01-01T12:15:00"},{"idAction":7000,"codDeliveryPoint":"DP-7000","flgInclusion":true,"codHier":"H-7000","codDiv":"DIV-7000","codNode":"CUST-7000","idLevel":10,"dteStart":"2026-01-01T00:00:00"}]
2026-02-11 12:31:08.750 +05:00 [INF] HTTP GET /api/promotions/delivery-points responded 200 in 35.4840 ms
2026-02-11 12:31:11.044 +05:00 [INF] Downstream JWT validated for haris
2026-02-11 12:31:11.272 +05:00 [WRN] Compiling a query which loads related collections for more than one collection navigation, either via 'Include' or through projection, but no 'QuerySplittingBehavior' has been configured. By default, Entity Framework will use 'QuerySplittingBehavior.SingleQuery', which can potentially result in slow query performance. See https://go.microsoft.com/fwlink/?linkid=2134277 for more information. To identify the query that's triggering this warning call 'ConfigureWarnings(w => w.Throw(RelationalEventId.MultipleCollectionIncludeWarning))'.
2026-02-11 12:31:11.401 +05:00 [WRN] Compiling a query which loads related collections for more than one collection navigation, either via 'Include' or through projection, but no 'QuerySplittingBehavior' has been configured. By default, Entity Framework will use 'QuerySplittingBehavior.SingleQuery', which can potentially result in slow query performance. See https://go.microsoft.com/fwlink/?linkid=2134277 for more information. To identify the query that's triggering this warning call 'ConfigureWarnings(w => w.Throw(RelationalEventId.MultipleCollectionIncludeWarning))'.
2026-02-11 12:31:11.592 +05:00 [INF] HTTP GET /api/promotions/actions/300/complete responded 404 in 548.7717 ms | User: haris (23) | IP: ::1 | RequestBody:  | ResponseBody: {"message":"Promotion with ID 300 not found."}
2026-02-11 12:31:11.603 +05:00 [INF] HTTP GET /api/promotions/actions/300/complete responded 404 in 559.6724 ms
2026-02-11 12:31:11.630 +05:00 [INF] Downstream JWT validated for haris
2026-02-11 12:31:11.750 +05:00 [INF] HTTP GET /api/promotions/actions/300/complete responded 404 in 120.1784 ms | User: haris (23) | IP: ::1 | RequestBody:  | ResponseBody: {"message":"Promotion with ID 300 not found."}
2026-02-11 12:31:11.758 +05:00 [INF] HTTP GET /api/promotions/actions/300/complete responded 404 in 128.6092 ms
2026-02-11 12:31:13.408 +05:00 [INF] HTTP GET /api/health responded 200 in 1.4621 ms | User: Anonymous (N/A) | IP: ::1 | RequestBody:  | ResponseBody: {"service":"Promotions API","status":"Healthy","timestamp":"2026-02-11T07:31:13.408459Z","uptime":"0d 0h 0m 42s"}
2026-02-11 12:31:13.428 +05:00 [INF] HTTP GET /api/health responded 200 in 20.6949 ms
2026-02-11 12:31:18.077 +05:00 [INF] HTTP GET /api/health responded 200 in 1.0976 ms | User: Anonymous (N/A) | IP: ::1 | RequestBody:  | ResponseBody: {"service":"Promotions API","status":"Healthy","timestamp":"2026-02-11T07:31:18.0774543Z","uptime":"0d 0h 0m 47s"}
2026-02-11 12:31:18.091 +05:00 [INF] HTTP GET /api/health responded 200 in 14.4131 ms
2026-02-11 12:31:23.086 +05:00 [INF] HTTP GET /api/health responded 200 in 0.7425 ms | User: Anonymous (N/A) | IP: ::1 | RequestBody:  | ResponseBody: {"service":"Promotions API","status":"Healthy","timestamp":"2026-02-11T07:31:23.0864904Z","uptime":"0d 0h 0m 52s"}
2026-02-11 12:31:23.095 +05:00 [INF] HTTP GET /api/health responded 200 in 9.9016 ms
2026-02-11 12:31:28.079 +05:00 [INF] HTTP GET /api/health responded 200 in 0.8797 ms | User: Anonymous (N/A) | IP: ::1 | RequestBody:  | ResponseBody: {"service":"Promotions API","status":"Healthy","timestamp":"2026-02-11T07:31:28.0790545Z","uptime":"0d 0h 0m 57s"}
2026-02-11 12:31:28.086 +05:00 [INF] HTTP GET /api/health responded 200 in 7.7696 ms
2026-02-11 12:31:33.102 +05:00 [INF] HTTP GET /api/health responded 200 in 1.2444 ms | User: Anonymous (N/A) | IP: ::1 | RequestBody:  | ResponseBody: {"service":"Promotions API","status":"Healthy","timestamp":"2026-02-11T07:31:33.1021224Z","uptime":"0d 0h 1m 2s"}
2026-02-11 12:31:33.118 +05:00 [INF] HTTP GET /api/health responded 200 in 17.8587 ms
2026-02-11 12:31:38.092 +05:00 [INF] HTTP GET /api/health responded 200 in 0.9811 ms | User: Anonymous (N/A) | IP: ::1 | RequestBody:  | ResponseBody: {"service":"Promotions API","status":"Healthy","timestamp":"2026-02-11T07:31:38.0924894Z","uptime":"0d 0h 1m 7s"}
2026-02-11 12:31:38.105 +05:00 [INF] HTTP GET /api/health responded 200 in 14.1698 ms
2026-02-11 12:31:43.092 +05:00 [INF] HTTP GET /api/health responded 200 in 0.6626 ms | User: Anonymous (N/A) | IP: ::1 | RequestBody:  | ResponseBody: {"service":"Promotions API","status":"Healthy","timestamp":"2026-02-11T07:31:43.0923788Z","uptime":"0d 0h 1m 12s"}
2026-02-11 12:31:43.108 +05:00 [INF] HTTP GET /api/health responded 200 in 16.7501 ms
2026-02-11 12:31:49.895 +05:00 [INF] HTTP GET /api/health responded 200 in 2.6434 ms | User: Anonymous (N/A) | IP: ::1 | RequestBody:  | ResponseBody: {"service":"Promotions API","status":"Healthy","timestamp":"2026-02-11T07:31:49.8944989Z","uptime":"0d 0h 1m 18s"}
2026-02-11 12:31:49.904 +05:00 [INF] HTTP GET /api/health responded 200 in 11.6788 ms
2026-02-11 12:31:49.924 +05:00 [INF] Downstream JWT validated for haris
2026-02-11 12:31:50.694 +05:00 [INF] HTTP POST /api/promotions/customer-relations responded 200 in 772.8724 ms | User: haris (23) | IP: ::1 | RequestBody:  | ResponseBody: 
2026-02-11 12:31:50.707 +05:00 [INF] HTTP POST /api/promotions/customer-relations responded 200 in 786.7021 ms
2026-02-11 12:31:51.669 +05:00 [INF] Downstream JWT validated for haris
2026-02-11 12:31:51.691 +05:00 [INF] HTTP GET /api/promotions/customer-relations responded 200 in 22.9466 ms | User: haris (23) | IP: ::1 | RequestBody:  | ResponseBody: [{"idAction":0,"codHier":"5555","codDiv":"div5555","codNode":"f5555","idLevel":1,"dteStart":"2026-01-15T00:00:00","codParentNode":"root","dteEnd":null},{"idAction":0,"codHier":"56","codDiv":"565","codNode":"56","idLevel":55,"dteStart":"2026-01-29T00:44:00","codParentNode":"haseeb","dteEnd":"2026-01-26T00:44:00"},{"idAction":0,"codHier":"H_1","codDiv":"D_1","codNode":"D_1","idLevel":1,"dteStart":"2026-01-30T00:00:00","codParentNode":"ROOT","dteEnd":null},{"idAction":0,"codHier":"H_1","codDiv":"D_1","codNode":"N_1","idLevel":1,"dteStart":"2026-01-30T09:35:43.289","codParentNode":"ROOT","dteEnd":null},{"idAction":0,"codHier":"H_10","codDiv":"DIV_10","codNode":"NODE_10","idLevel":10,"dteStart":"2026-01-01T14:45:00","codParentNode":"ROOT_10","dteEnd":"2026-01-31T14:44:00"},{"idAction":0,"codHier":"H_100","codDiv":"DIV_100","codNode":"NODE_100","idLevel":10,"dteStart":"2026-02-09T13:54:00","codParentNode":"ROOT_100","dteEnd":"2026-02-10T13:54:00"},{"idAction":0,"codHier":"H_1111","codDiv":"DIV_1111","codNode":"NODE_1111","idLevel":11,"dteStart":"2026-01-01T17:00:00","codParentNode":"ROOT_1111","dteEnd":"2026-01-30T17:01:00"},{"idAction":0,"codHier":"H_12","codDiv":"DIV_12","codNode":"NODE_12","idLevel":12,"dteStart":"2026-02-03T12:26:00","codParentNode":"ROOT_12","dteEnd":"2026-02-06T12:26:00"},{"idAction":0,"codHier":"H_17","codDiv":"DIV_17","codNode":"NODE_17","idLevel":17,"dteStart":"2026-02-07T15:44:00","codParentNode":"ROOT_17","dteEnd":"2026-02-24T15:44:00"},{"idAction":0,"codHier":"H_19","codDiv":"DIV_19","codNode":"NODE_19","idLevel":19,"dteStart":"2026-02-04T13:59:00","codParentNode":"ROOT_19","dteEnd":"2026-02-05T13:59:00"},{"idAction":0,"codHier":"H_200","codDiv":"DIV_200","codNode":"NODE_200","idLevel":20,"dteStart":"2026-02-10T14:14:00","codParentNode":"ROOT_200","dteEnd":"2026-02-24T14:14:00"},{"idAction":0,"codHier":"H_21","codDiv":"DIV_21","codNode":"NODE_21","idLevel":21,"dteStart":"2026-02-05T14:01:00","codParentNode":"ROOT_21","dteEnd":"2026-02-07T14:01:00"},{"idAction":0,"codHier":"H_222","codDiv":"DIV_222","codNode":"NODE_222","idLevel":222,"dteStart":"2026-02-04T12:53:00","codParentNode":"ROOT_222","dteEnd":"2026-02-06T12:53:00"},{"idAction":0,"codHier":"H_24","codDiv":"DIV_24","codNode":"NODE_24","idLevel":24,"dteStart":"2026-02-04T12:48:00","codParentNode":"ROOT_24","dteEnd":"2026-02-05T12:48:00"},{"idAction":0,"codHier":"H_25","codDiv":"DIV_25","codNode":"NODE_25","idLevel":25,"dteStart":"2026-02-10T14:04:00","codParentNode":"ROOT_25","dteEnd":"2026-02-11T14:04:00"},{"idAction":0,"codHier":"H_3","codDiv":"DIV_3","codNode":"NODE_3","idLevel":3,"dteStart":"2026-01-01T10:45:00","codParentNode":"ROOT_3","dteEnd":"2026-01-30T10:44:00"},{"idAction":0,"codHier":"H_300","codDiv":"DIV_300","codNode":"NODE_300","idLevel":30,"dteStart":"2026-02-10T12:31:00","codParentNode":"ROOT_300","dteEnd":"2026-02-28T12:31:00"},{"idAction":0,"codHier":"H_5","codDiv":"DIV_5","codNode":"NODE_5","idLevel":5,"dteStart":"2026-01-30T10:50:00","codParentNode":"ROOT_5","dteEnd":"2026-01-31T10:48:00"},{"idAction":0,"codHier":"H_6","codDiv":"DIV_6","codNode":"NODE_6","idLevel":6,"dteStart":"2026-01-30T15:01:00","codParentNode":"ROOT_6","dteEnd":"2026-01-31T15:01:00"},{"idAction":0,"codHier":"H_656565","codDiv":"DIV_656565","codNode":"C_656565","idLevel":9,"dteStart":"2026-01-20T00:00:00","codParentNode":"ROOT","dteEnd":null},{"idAction":0,"codHier":"H_676767","codDiv":"DIV_676767","codNode":"NODE_676767","idLevel":676767,"dteStart":"2026-01-31T00:00:00","codParentNode":"ROOT","dteEnd":null},{"idAction":0,"codHier":"H_7","codDiv":"DIV_7","codNode":"NODE_7","idLevel":7,"dteStart":"2026-02-02T12:04:00","codParentNode":"ROOT_7","dteEnd":"2026-02-04T12:04:00"},{"idAction":0,"codHier":"H_87","codDiv":"DIV_87","codNode":"NODE_87","idLevel":87,"dteStart":"2026-02-06T14:07:00","codParentNode":"ROOT_87","dteEnd":"2026-02-26T14:07:00"},{"idAction":0,"codHier":"H_98","codDiv":"DIV_98","codNode":"NODE_98","idLevel":98,"dteStart":"2026-01-30T18:25:00","codParentNode":"ROOT_98","dteEnd":"2026-01-31T18:25:00"},{"idAction":0,"codHier":"H_999","codDiv":"D_5878","codNode":"N_878","idLevel":8,"dteStart":"2026-01-14T00:00:00","codParentNode":"ROOT","dteEnd":null},{"idAction":0,"codHier":"H_A","codDiv":"DIV_A","codNode":"NODE_A","idLevel":1,"dteStart":"2026-02-01T18:26:00","codParentNode":"ROOT_A","dteEnd":"2026-02-14T18:26:00"},{"idAction":0,"codHier":"H-1010","codDiv":"D-1010","codNode":"C-1010","idLevel":1,"dteStart":"2026-01-01T11:54:00","codParentNode":"root","dteEnd":"2026-01-12T11:54:00"},{"idAction":0,"codHier":"H-11","codDiv":"DIV-11","codNode":"C-11","idLevel":11,"dteStart":"2026-01-01T15:05:00","codParentNode":"ROOT","dteEnd":"2026-01-31T15:05:00"},{"idAction":0,"codHier":"H-1111","codDiv":"DIV-1111","codNode":"CUST-1111","idLevel":10,"dteStart":"2026-01-01T00:00:00","codParentNode":"ROOT","dteEnd":null},{"idAction":0,"codHier":"H-1414","codDiv":"D-1414","codNode":"C-1414","idLevel":4,"dteStart":"2026-01-01T14:45:00","codParentNode":"ROOT","dteEnd":"2026-01-15T14:45:00"},{"idAction":0,"codHier":"H-2","codDiv":"DIV-2","codNode":"CUST-2","idLevel":2,"dteStart":"2026-01-01T12:40:00","codParentNode":"ROOT","dteEnd":"2026-01-16T12:37:00"},{"idAction":0,"codHier":"H-2","codDiv":"DIV-2","codNode":"CUST-2","idLevel":2,"dteStart":"2026-01-21T12:37:00","codParentNode":"ROOT","dteEnd":"2026-01-24T12:37:00"},{"idAction":0,"codHier":"H-2020","codDiv":"D-2020","codNode":"C-2020","idLevel":2,"dteStart":"2026-01-02T12:27:00","codParentNode":"root","dteEnd":"2026-01-30T12:27:00"},{"idAction":0,"codHier":"H-2255","codDiv":"DIV-2255","codNode":"CUST-2255","idLevel":10,"dteStart":"2026-01-01T00:00:00","codParentNode":"ROOT","dteEnd":null},{"idAction":0,"codHier":"H-2323","codDiv":"D-2323","codNode":"C-2323","idLevel":4,"dteStart":"2026-01-01T12:48:00","codParentNode":"ROOT","dteEnd":"2026-01-12T12:49:00"},{"idAction":0,"codHier":"H-3333","codDiv":"DIV-3333","codNode":"CUST-3333","idLevel":10,"dteStart":"2026-01-01T00:00:00","codParentNode":"ROOT","dteEnd":null},{"idAction":0,"codHier":"H-3344","codDiv":"DIV-3345","codNode":"CUST-3345","idLevel":10,"dteStart":"2026-01-01T00:00:00","codParentNode":"ROOT","dteEnd":null},{"idAction":0,"codHier":"H-3345","codDiv":"DIV-3345","codNode":"CUST-3345","idLevel":10,"dteStart":"2026-01-01T00:00:00","codParentNode":"ROOT","dteEnd":null},{"idAction":0,"codHier":"H-4","codDiv":"DIV-4","codNode":"CUST-4","idLevel":4,"dteStart":"2026-01-01T14:44:00","codParentNode":"ROOT","dteEnd":"2026-01-02T14:44:00"},{"idAction":0,"codHier":"H-5555","codDiv":"DIV-5555","codNode":"CUST-5555","idLevel":10,"dteStart":"2026-01-01T00:00:00","codParentNode":"ROOT","dteEnd":null},{"idAction":0,"codHier":"H-6000","codDiv":"DIV-6000","codNode":"CUST-6000","idLevel":10,"dteStart":"2026-01-01T00:00:00","codParentNode":"ROOT","dteEnd":"2026-12-31T00:00:00"},{"idAction":0,"codHier":"H-6666","codDiv":"DIV-6666","codNode":"CUST-6666","idLevel":10,"dteStart":"2026-01-17T01:30:00","codParentNode":"ROOT","dteEnd":"2026-01-18T01:30:00"},{"idAction":0,"codHier":"H-6767","codDiv":"DIV-6767","codNode":"CUST-6767","idLevel":5,"dteStart":"2026-01-01T12:15:00","codParentNode":"ROOT","dteEnd":"2026-01-08T12:15:00"},{"idAction":0,"codHier":"H-7000","codDiv":"DIV-7000","codNode":"CUST-7000","idLevel":10,"dteStart":"2026-01-01T00:00:00","codParentNode":"ROOT","dteEnd":null},{"idAction":0,"codHier":"H-7777","codDiv":"DIV-7777","codNode":"CUST-7777","idLevel":10,"dteStart":"2026-01-01T00:00:00","codParentNode":"ROOT","dteEnd":null},{"idAction":0,"codHier":"H-7878","codDiv":"DIV-7878","codNode":"CUST-7878","idLevel":3,"dteStart":"2026-01-18T11:43:00","codParentNode":"ROOT","dteEnd":"2026-01-19T11:43:00"},{"idAction":0,"codHier":"H-8000","codDiv":"DIV-8000","codNode":"CUST-8000","idLevel":10,"dteStart":"2026-01-01T00:00:00","codParentNode":"ROOT","dteEnd":null},{"idAction":0,"codHier":"H-8888","codDiv":"DIV-8888","codNode":"CUST-8888","idLevel":10,"dteStart":"2026-01-01T00:00:00","codParentNode":"ROOT","dteEnd":null},{"idAction":0,"codHier":"H-9000","codDiv":"DIV-9000","codNode":"CUST-9000","idLevel":10,"dteStart":"2026-01-01T00:00:00","codParentNode":"ROOT","dteEnd":null},{"idAction":0,"codHier":"H-9999","codDiv":"DIV-9999","codNode":"CUST-9999","idLevel":10,"dteStart":"2026-01-01T00:00:00","codParentNode":"ROOT","dteEnd":null},{"idAction":0,"codHier":"HIER_CORP","codDiv":"DIV01","codNode":"NODE_9111","idLevel":1,"dteStart":"2026-01-15T00:00:00","codParentNode":"ROOT_NODE","dteEnd":null}]
2026-02-11 12:31:51.712 +05:00 [INF] HTTP GET /api/promotions/customer-relations responded 200 in 43.9210 ms
2026-02-11 12:31:53.093 +05:00 [INF] HTTP GET /api/health responded 200 in 18.5455 ms | User: Anonymous (N/A) | IP: ::1 | RequestBody:  | ResponseBody: {"service":"Promotions API","status":"Healthy","timestamp":"2026-02-11T07:31:53.0930386Z","uptime":"0d 0h 1m 22s"}
2026-02-11 12:31:53.108 +05:00 [INF] HTTP GET /api/health responded 200 in 33.4237 ms
2026-02-11 12:31:53.762 +05:00 [INF] Downstream JWT validated for haris
2026-02-11 12:31:53.802 +05:00 [INF] Downstream JWT validated for haris
2026-02-11 12:31:53.826 +05:00 [INF] HTTP GET /api/promotions/actions responded 200 in 64.5832 ms | User: haris (23) | IP: ::1 | RequestBody:  | ResponseBody: [{"idAction":3,"name":"PROMO_3","codDiv":"DIV_3","dteStartSellIn":"2026-02-01T00:00:00","dteEndSellIn":"2026-02-28T00:00:00","dteStartSellOut":"2026-01-25T00:00:00","dteEndSellOut":"2026-01-30T00:00:00","documentKey":"KEY_3","dteToShost":"2026-01-10T00:00:00","levParticipants":3},{"idAction":5,"name":"PROMO_5_5","codDiv":"DIV_5","dteStartSellIn":"2026-02-24T00:00:00","dteEndSellIn":"2026-02-21T00:00:00","dteStartSellOut":"2026-02-24T00:00:00","dteEndSellOut":"2026-02-27T00:00:00","documentKey":"DOC_KEY_is_5","dteToShost":"2026-01-18T00:00:00","levParticipants":55555555},{"idAction":6,"name":"PROMO_6","codDiv":"DIV_6","dteStartSellIn":"2026-02-01T00:00:00","dteEndSellIn":"2026-02-25T00:00:00","dteStartSellOut":"2026-01-15T00:00:00","dteEndSellOut":"2026-01-24T00:00:00","documentKey":"DOCC_6_KEY","dteToShost":"2026-01-15T00:00:00","levParticipants":6},{"idAction":7,"name":"PROMO_7","codDiv":"DIV_7","dteStartSellIn":"2026-02-06T12:05:00","dteEndSellIn":"2026-02-07T12:05:00","dteStartSellOut":"2026-02-08T12:05:00","dteEndSellOut":"2026-02-09T12:05:00","documentKey":"KEY_7","dteToShost":"2026-02-05T12:04:00","levParticipants":7},{"idAction":10,"name":"PROMO_10","codDiv":"DIV_10","dteStartSellIn":"2026-02-01T00:00:00","dteEndSellIn":"2026-02-26T00:00:00","dteStartSellOut":"2026-01-23T00:00:00","dteEndSellOut":"2026-01-24T00:00:00","documentKey":"DOCC_KEY_10","dteToShost":"2026-01-29T00:00:00","levParticipants":10},{"idAction":12,"name":"PROMO_12","codDiv":"DIV_12","dteStartSellIn":"2026-02-06T12:27:00","dteEndSellIn":"2026-02-07T12:27:00","dteStartSellOut":"2026-02-08T12:27:00","dteEndSellOut":"2026-02-09T12:27:00","documentKey":"KEY_12","dteToShost":"2026-02-03T12:26:00","levParticipants":12},{"idAction":24,"name":"PROMO_24","codDiv":"DIV_24","dteStartSellIn":"2026-02-05T12:48:00","dteEndSellIn":"2026-02-06T12:48:00","dteStartSellOut":"2026-02-07T12:48:00","dteEndSellOut":"2026-02-08T12:48:00","documentKey":"KEY_24","dteToShost":"2026-02-03T12:48:00","levParticipants":24},{"idAction":45,"name":"cccc","codDiv":"DIV01","dteStartSellIn":"2026-01-16T00:00:00","dteEndSellIn":"2026-01-17T00:00:00","dteStartSellOut":"2026-01-16T00:00:00","dteEndSellOut":"2026-01-17T00:00:00","documentKey":null,"dteToShost":null,"levParticipants":2},{"idAction":87,"name":"promo_87","codDiv":"DIV_87","dteStartSellIn":"2026-02-07T14:44:00","dteEndSellIn":"2026-02-10T14:44:00","dteStartSellOut":"2026-02-22T14:44:00","dteEndSellOut":"2026-02-26T14:44:00","documentKey":"KEY_87","dteToShost":"2026-02-03T14:44:00","levParticipants":87},{"idAction":98,"name":"PROMO_98","codDiv":"DIV_98","dteStartSellIn":"2026-01-08T18:25:00","dteEndSellIn":"2026-01-17T18:25:00","dteStartSellOut":"2026-01-28T18:25:00","dteEndSellOut":"2026-01-30T18:25:00","documentKey":"DOCC_98","dteToShost":"2026-01-31T18:25:00","levParticipants":98},{"idAction":100,"name":"PROMO_100","codDiv":"DIV_100","dteStartSellIn":"2026-02-11T14:08:00","dteEndSellIn":"2026-02-14T14:08:00","dteStartSellOut":"2026-02-22T14:08:00","dteEndSellOut":"2026-02-27T14:08:00","documentKey":"KEY_100","dteToShost":"2026-02-10T14:08:00","levParticipants":10},{"idAction":200,"name":"PROMO_200","codDiv":"DIV_200","dteStartSellIn":"2026-02-10T14:15:00","dteEndSellIn":"2026-02-28T14:15:00","dteStartSellOut":"2026-02-11T14:15:00","dteEndSellOut":"2026-02-23T14:15:00","documentKey":"KEY_200","dteToShost":"2026-02-14T14:14:00","levParticipants":20},{"idAction":321,"name":"PROMO_321","codDiv":"DIV_A","dteStartSellIn":"2026-02-01T18:27:00","dteEndSellIn":"2026-02-28T18:27:00","dteStartSellOut":"2026-02-04T18:27:00","dteEndSellOut":"2026-02-23T18:27:00","documentKey":"KEY_A","dteToShost":"2026-02-03T18:27:00","levParticipants":1},{"idAction":1111,"name":"PROMO_1111","codDiv":"DIV_1111","dteStartSellIn":"2026-01-01T17:00:00","dteEndSellIn":"2026-01-30T17:02:00","dteStartSellOut":"2026-01-17T17:02:00","dteEndSellOut":"2026-01-28T17:02:00","documentKey":"1111_DOCC_KEY","dteToShost":"2026-01-13T17:02:00","levParticipants":11},{"idAction":2020,"name":"Spring Special 2020","codDiv":"D-2020","dteStartSellIn":"2026-01-03T12:28:00","dteEndSellIn":"2026-01-04T12:28:00","dteStartSellOut":"2026-01-05T12:28:00","dteEndSellOut":"2026-01-06T12:28:00","documentKey":"DOC-SPRING-2020","dteToShost":"2026-01-02T12:28:00","levParticipants":1},{"idAction":2222,"name":"haseeb","codDiv":"DIV02","dteStartSellIn":"2026-02-01T00:00:00","dteEndSellIn":"2026-01-11T00:00:00","dteStartSellOut":"2026-01-28T00:00:00","dteEndSellOut":"2026-01-30T00:00:00","documentKey":"","dteToShost":null,"levParticipants":2},{"idAction":2323,"name":"Winter Sale Campaign 2323","codDiv":"D-2323","dteStartSellIn":"2026-01-19T14:39:00","dteEndSellIn":"2026-01-20T14:40:00","dteStartSellOut":"2026-01-21T14:40:00","dteEndSellOut":"2026-01-22T14:40:00","documentKey":"DOC-WINTER-2323","dteToShost":"2026-01-30T14:39:00","levParticipants":1},{"idAction":5005,"name":"bbb","codDiv":"DIV5005","dteStartSellIn":"2026-01-23T00:00:00","dteEndSellIn":"2026-01-30T00:00:00","dteStartSellOut":"2026-01-26T00:00:00","dteEndSellOut":"2026-01-18T00:00:00","documentKey":"555553","dteToShost":"2026-01-19T00:00:00","levParticipants":14},{"idAction":6000,"name":"Zero Redundancy Campaign 6000","codDiv":"DIV-6000","dteStartSellIn":"2026-02-01T00:00:00","dteEndSellIn":"2026-02-24T00:00:00","dteStartSellOut":"2026-02-01T00:00:00","dteEndSellOut":"2026-02-28T00:00:00","documentKey":"DOC-6000","dteToShost":"2026-01-05T00:00:00","levParticipants":1},{"idAction":6767,"name":"XTEL Launch Promo 6767","codDiv":"DIV-6767","dteStartSellIn":"2026-02-01T00:00:00","dteEndSellIn":"2026-02-28T00:00:00","dteStartSellOut":"2026-01-22T00:00:00","dteEndSellOut":"2026-01-23T00:00:00","documentKey":"DOC-XTEL-6767","dteToShost":"2026-01-03T00:00:00","levParticipants":1},{"idAction":7000,"name":"Atomic Campaign 7000","codDiv":"DIV-7000","dteStartSellIn":"2026-01-01T00:00:00","dteEndSellIn":"2026-01-31T00:00:00","dteStartSellOut":"2026-02-01T00:00:00","dteEndSellOut":"2026-02-28T00:00:00","documentKey":"DOC-7000","dteToShost":null,"levParticipants":1},{"idAction":8888,"name":"Atomic Campaign 8888 Complete","codDiv":"DIV-8888","dteStartSellIn":"2026-01-01T00:00:00","dteEndSellIn":"2026-01-31T00:00:00","dteStartSellOut":"2026-02-01T00:00:00","dteEndSellOut":"2026-02-28T00:00:00","documentKey":"DOC-8888","dteToShost":null,"levParticipants":1},{"idAction":9000,"name":"Balanced Atomic Campaign 9000","codDiv":"DIV-9000","dteStartSellIn":"2026-01-01T00:00:00","dteEndSellIn":"2026-01-31T00:00:00","dteStartSellOut":"2026-02-01T00:00:00","dteEndSellOut":"2026-02-28T00:00:00","documentKey":"DOC-9000","dteToShost":null,"levParticipants":1},{"idAction":9999,"name":"I should not exist in DB","codDiv":"DIV-9999","dteStartSellIn":"2026-01-01T00:00:00","dteEndSellIn":"2026-01-31T00:00:00","dteStartSellOut":"2026-02-01T00:00:00","dteEndSellOut":"2026-02-28T00:00:00","documentKey":"DOC-9999","dteToShost":null,"levParticipants":1}]
2026-02-11 12:31:53.840 +05:00 [INF] HTTP GET /api/promotions/customer-relations responded 200 in 39.0770 ms | User: haris (23) | IP: ::1 | RequestBody:  | ResponseBody: [{"idAction":0,"codHier":"5555","codDiv":"div5555","codNode":"f5555","idLevel":1,"dteStart":"2026-01-15T00:00:00","codParentNode":"root","dteEnd":null},{"idAction":0,"codHier":"56","codDiv":"565","codNode":"56","idLevel":55,"dteStart":"2026-01-29T00:44:00","codParentNode":"haseeb","dteEnd":"2026-01-26T00:44:00"},{"idAction":0,"codHier":"H_1","codDiv":"D_1","codNode":"D_1","idLevel":1,"dteStart":"2026-01-30T00:00:00","codParentNode":"ROOT","dteEnd":null},{"idAction":0,"codHier":"H_1","codDiv":"D_1","codNode":"N_1","idLevel":1,"dteStart":"2026-01-30T09:35:43.289","codParentNode":"ROOT","dteEnd":null},{"idAction":0,"codHier":"H_10","codDiv":"DIV_10","codNode":"NODE_10","idLevel":10,"dteStart":"2026-01-01T14:45:00","codParentNode":"ROOT_10","dteEnd":"2026-01-31T14:44:00"},{"idAction":0,"codHier":"H_100","codDiv":"DIV_100","codNode":"NODE_100","idLevel":10,"dteStart":"2026-02-09T13:54:00","codParentNode":"ROOT_100","dteEnd":"2026-02-10T13:54:00"},{"idAction":0,"codHier":"H_1111","codDiv":"DIV_1111","codNode":"NODE_1111","idLevel":11,"dteStart":"2026-01-01T17:00:00","codParentNode":"ROOT_1111","dteEnd":"2026-01-30T17:01:00"},{"idAction":0,"codHier":"H_12","codDiv":"DIV_12","codNode":"NODE_12","idLevel":12,"dteStart":"2026-02-03T12:26:00","codParentNode":"ROOT_12","dteEnd":"2026-02-06T12:26:00"},{"idAction":0,"codHier":"H_17","codDiv":"DIV_17","codNode":"NODE_17","idLevel":17,"dteStart":"2026-02-07T15:44:00","codParentNode":"ROOT_17","dteEnd":"2026-02-24T15:44:00"},{"idAction":0,"codHier":"H_19","codDiv":"DIV_19","codNode":"NODE_19","idLevel":19,"dteStart":"2026-02-04T13:59:00","codParentNode":"ROOT_19","dteEnd":"2026-02-05T13:59:00"},{"idAction":0,"codHier":"H_200","codDiv":"DIV_200","codNode":"NODE_200","idLevel":20,"dteStart":"2026-02-10T14:14:00","codParentNode":"ROOT_200","dteEnd":"2026-02-24T14:14:00"},{"idAction":0,"codHier":"H_21","codDiv":"DIV_21","codNode":"NODE_21","idLevel":21,"dteStart":"2026-02-05T14:01:00","codParentNode":"ROOT_21","dteEnd":"2026-02-07T14:01:00"},{"idAction":0,"codHier":"H_222","codDiv":"DIV_222","codNode":"NODE_222","idLevel":222,"dteStart":"2026-02-04T12:53:00","codParentNode":"ROOT_222","dteEnd":"2026-02-06T12:53:00"},{"idAction":0,"codHier":"H_24","codDiv":"DIV_24","codNode":"NODE_24","idLevel":24,"dteStart":"2026-02-04T12:48:00","codParentNode":"ROOT_24","dteEnd":"2026-02-05T12:48:00"},{"idAction":0,"codHier":"H_25","codDiv":"DIV_25","codNode":"NODE_25","idLevel":25,"dteStart":"2026-02-10T14:04:00","codParentNode":"ROOT_25","dteEnd":"2026-02-11T14:04:00"},{"idAction":0,"codHier":"H_3","codDiv":"DIV_3","codNode":"NODE_3","idLevel":3,"dteStart":"2026-01-01T10:45:00","codParentNode":"ROOT_3","dteEnd":"2026-01-30T10:44:00"},{"idAction":0,"codHier":"H_300","codDiv":"DIV_300","codNode":"NODE_300","idLevel":30,"dteStart":"2026-02-10T12:31:00","codParentNode":"ROOT_300","dteEnd":"2026-02-28T12:31:00"},{"idAction":0,"codHier":"H_5","codDiv":"DIV_5","codNode":"NODE_5","idLevel":5,"dteStart":"2026-01-30T10:50:00","codParentNode":"ROOT_5","dteEnd":"2026-01-31T10:48:00"},{"idAction":0,"codHier":"H_6","codDiv":"DIV_6","codNode":"NODE_6","idLevel":6,"dteStart":"2026-01-30T15:01:00","codParentNode":"ROOT_6","dteEnd":"2026-01-31T15:01:00"},{"idAction":0,"codHier":"H_656565","codDiv":"DIV_656565","codNode":"C_656565","idLevel":9,"dteStart":"2026-01-20T00:00:00","codParentNode":"ROOT","dteEnd":null},{"idAction":0,"codHier":"H_676767","codDiv":"DIV_676767","codNode":"NODE_676767","idLevel":676767,"dteStart":"2026-01-31T00:00:00","codParentNode":"ROOT","dteEnd":null},{"idAction":0,"codHier":"H_7","codDiv":"DIV_7","codNode":"NODE_7","idLevel":7,"dteStart":"2026-02-02T12:04:00","codParentNode":"ROOT_7","dteEnd":"2026-02-04T12:04:00"},{"idAction":0,"codHier":"H_87","codDiv":"DIV_87","codNode":"NODE_87","idLevel":87,"dteStart":"2026-02-06T14:07:00","codParentNode":"ROOT_87","dteEnd":"2026-02-26T14:07:00"},{"idAction":0,"codHier":"H_98","codDiv":"DIV_98","codNode":"NODE_98","idLevel":98,"dteStart":"2026-01-30T18:25:00","codParentNode":"ROOT_98","dteEnd":"2026-01-31T18:25:00"},{"idAction":0,"codHier":"H_999","codDiv":"D_5878","codNode":"N_878","idLevel":8,"dteStart":"2026-01-14T00:00:00","codParentNode":"ROOT","dteEnd":null},{"idAction":0,"codHier":"H_A","codDiv":"DIV_A","codNode":"NODE_A","idLevel":1,"dteStart":"2026-02-01T18:26:00","codParentNode":"ROOT_A","dteEnd":"2026-02-14T18:26:00"},{"idAction":0,"codHier":"H-1010","codDiv":"D-1010","codNode":"C-1010","idLevel":1,"dteStart":"2026-01-01T11:54:00","codParentNode":"root","dteEnd":"2026-01-12T11:54:00"},{"idAction":0,"codHier":"H-11","codDiv":"DIV-11","codNode":"C-11","idLevel":11,"dteStart":"2026-01-01T15:05:00","codParentNode":"ROOT","dteEnd":"2026-01-31T15:05:00"},{"idAction":0,"codHier":"H-1111","codDiv":"DIV-1111","codNode":"CUST-1111","idLevel":10,"dteStart":"2026-01-01T00:00:00","codParentNode":"ROOT","dteEnd":null},{"idAction":0,"codHier":"H-1414","codDiv":"D-1414","codNode":"C-1414","idLevel":4,"dteStart":"2026-01-01T14:45:00","codParentNode":"ROOT","dteEnd":"2026-01-15T14:45:00"},{"idAction":0,"codHier":"H-2","codDiv":"DIV-2","codNode":"CUST-2","idLevel":2,"dteStart":"2026-01-01T12:40:00","codParentNode":"ROOT","dteEnd":"2026-01-16T12:37:00"},{"idAction":0,"codHier":"H-2","codDiv":"DIV-2","codNode":"CUST-2","idLevel":2,"dteStart":"2026-01-21T12:37:00","codParentNode":"ROOT","dteEnd":"2026-01-24T12:37:00"},{"idAction":0,"codHier":"H-2020","codDiv":"D-2020","codNode":"C-2020","idLevel":2,"dteStart":"2026-01-02T12:27:00","codParentNode":"root","dteEnd":"2026-01-30T12:27:00"},{"idAction":0,"codHier":"H-2255","codDiv":"DIV-2255","codNode":"CUST-2255","idLevel":10,"dteStart":"2026-01-01T00:00:00","codParentNode":"ROOT","dteEnd":null},{"idAction":0,"codHier":"H-2323","codDiv":"D-2323","codNode":"C-2323","idLevel":4,"dteStart":"2026-01-01T12:48:00","codParentNode":"ROOT","dteEnd":"2026-01-12T12:49:00"},{"idAction":0,"codHier":"H-3333","codDiv":"DIV-3333","codNode":"CUST-3333","idLevel":10,"dteStart":"2026-01-01T00:00:00","codParentNode":"ROOT","dteEnd":null},{"idAction":0,"codHier":"H-3344","codDiv":"DIV-3345","codNode":"CUST-3345","idLevel":10,"dteStart":"2026-01-01T00:00:00","codParentNode":"ROOT","dteEnd":null},{"idAction":0,"codHier":"H-3345","codDiv":"DIV-3345","codNode":"CUST-3345","idLevel":10,"dteStart":"2026-01-01T00:00:00","codParentNode":"ROOT","dteEnd":null},{"idAction":0,"codHier":"H-4","codDiv":"DIV-4","codNode":"CUST-4","idLevel":4,"dteStart":"2026-01-01T14:44:00","codParentNode":"ROOT","dteEnd":"2026-01-02T14:44:00"},{"idAction":0,"codHier":"H-5555","codDiv":"DIV-5555","codNode":"CUST-5555","idLevel":10,"dteStart":"2026-01-01T00:00:00","codParentNode":"ROOT","dteEnd":null},{"idAction":0,"codHier":"H-6000","codDiv":"DIV-6000","codNode":"CUST-6000","idLevel":10,"dteStart":"2026-01-01T00:00:00","codParentNode":"ROOT","dteEnd":"2026-12-31T00:00:00"},{"idAction":0,"codHier":"H-6666","codDiv":"DIV-6666","codNode":"CUST-6666","idLevel":10,"dteStart":"2026-01-17T01:30:00","codParentNode":"ROOT","dteEnd":"2026-01-18T01:30:00"},{"idAction":0,"codHier":"H-6767","codDiv":"DIV-6767","codNode":"CUST-6767","idLevel":5,"dteStart":"2026-01-01T12:15:00","codParentNode":"ROOT","dteEnd":"2026-01-08T12:15:00"},{"idAction":0,"codHier":"H-7000","codDiv":"DIV-7000","codNode":"CUST-7000","idLevel":10,"dteStart":"2026-01-01T00:00:00","codParentNode":"ROOT","dteEnd":null},{"idAction":0,"codHier":"H-7777","codDiv":"DIV-7777","codNode":"CUST-7777","idLevel":10,"dteStart":"2026-01-01T00:00:00","codParentNode":"ROOT","dteEnd":null},{"idAction":0,"codHier":"H-7878","codDiv":"DIV-7878","codNode":"CUST-7878","idLevel":3,"dteStart":"2026-01-18T11:43:00","codParentNode":"ROOT","dteEnd":"2026-01-19T11:43:00"},{"idAction":0,"codHier":"H-8000","codDiv":"DIV-8000","codNode":"CUST-8000","idLevel":10,"dteStart":"2026-01-01T00:00:00","codParentNode":"ROOT","dteEnd":null},{"idAction":0,"codHier":"H-8888","codDiv":"DIV-8888","codNode":"CUST-8888","idLevel":10,"dteStart":"2026-01-01T00:00:00","codParentNode":"ROOT","dteEnd":null},{"idAction":0,"codHier":"H-9000","codDiv":"DIV-9000","codNode":"CUST-9000","idLevel":10,"dteStart":"2026-01-01T00:00:00","codParentNode":"ROOT","dteEnd":null},{"idAction":0,"codHier":"H-9999","codDiv":"DIV-9999","codNode":"CUST-9999","idLevel":10,"dteStart":"2026-01-01T00:00:00","codParentNode":"ROOT","dteEnd":null},{"idAction":0,"codHier":"HIER_CORP","codDiv":"DIV01","codNode":"NODE_9111","idLevel":1,"dteStart":"2026-01-15T00:00:00","codParentNode":"ROOT_NODE","dteEnd":null}]
2026-02-11 12:31:53.846 +05:00 [INF] HTTP GET /api/promotions/actions responded 200 in 84.4287 ms
2026-02-11 12:31:53.855 +05:00 [INF] HTTP GET /api/promotions/customer-relations responded 200 in 54.1639 ms
2026-02-11 12:31:53.973 +05:00 [INF] Downstream JWT validated for haris
2026-02-11 12:31:53.988 +05:00 [INF] Downstream JWT validated for haris
2026-02-11 12:31:54.069 +05:00 [INF] HTTP GET /api/promotions/actions responded 200 in 96.9519 ms | User: haris (23) | IP: ::1 | RequestBody:  | ResponseBody: [{"idAction":3,"name":"PROMO_3","codDiv":"DIV_3","dteStartSellIn":"2026-02-01T00:00:00","dteEndSellIn":"2026-02-28T00:00:00","dteStartSellOut":"2026-01-25T00:00:00","dteEndSellOut":"2026-01-30T00:00:00","documentKey":"KEY_3","dteToShost":"2026-01-10T00:00:00","levParticipants":3},{"idAction":5,"name":"PROMO_5_5","codDiv":"DIV_5","dteStartSellIn":"2026-02-24T00:00:00","dteEndSellIn":"2026-02-21T00:00:00","dteStartSellOut":"2026-02-24T00:00:00","dteEndSellOut":"2026-02-27T00:00:00","documentKey":"DOC_KEY_is_5","dteToShost":"2026-01-18T00:00:00","levParticipants":55555555},{"idAction":6,"name":"PROMO_6","codDiv":"DIV_6","dteStartSellIn":"2026-02-01T00:00:00","dteEndSellIn":"2026-02-25T00:00:00","dteStartSellOut":"2026-01-15T00:00:00","dteEndSellOut":"2026-01-24T00:00:00","documentKey":"DOCC_6_KEY","dteToShost":"2026-01-15T00:00:00","levParticipants":6},{"idAction":7,"name":"PROMO_7","codDiv":"DIV_7","dteStartSellIn":"2026-02-06T12:05:00","dteEndSellIn":"2026-02-07T12:05:00","dteStartSellOut":"2026-02-08T12:05:00","dteEndSellOut":"2026-02-09T12:05:00","documentKey":"KEY_7","dteToShost":"2026-02-05T12:04:00","levParticipants":7},{"idAction":10,"name":"PROMO_10","codDiv":"DIV_10","dteStartSellIn":"2026-02-01T00:00:00","dteEndSellIn":"2026-02-26T00:00:00","dteStartSellOut":"2026-01-23T00:00:00","dteEndSellOut":"2026-01-24T00:00:00","documentKey":"DOCC_KEY_10","dteToShost":"2026-01-29T00:00:00","levParticipants":10},{"idAction":12,"name":"PROMO_12","codDiv":"DIV_12","dteStartSellIn":"2026-02-06T12:27:00","dteEndSellIn":"2026-02-07T12:27:00","dteStartSellOut":"2026-02-08T12:27:00","dteEndSellOut":"2026-02-09T12:27:00","documentKey":"KEY_12","dteToShost":"2026-02-03T12:26:00","levParticipants":12},{"idAction":24,"name":"PROMO_24","codDiv":"DIV_24","dteStartSellIn":"2026-02-05T12:48:00","dteEndSellIn":"2026-02-06T12:48:00","dteStartSellOut":"2026-02-07T12:48:00","dteEndSellOut":"2026-02-08T12:48:00","documentKey":"KEY_24","dteToShost":"2026-02-03T12:48:00","levParticipants":24},{"idAction":45,"name":"cccc","codDiv":"DIV01","dteStartSellIn":"2026-01-16T00:00:00","dteEndSellIn":"2026-01-17T00:00:00","dteStartSellOut":"2026-01-16T00:00:00","dteEndSellOut":"2026-01-17T00:00:00","documentKey":null,"dteToShost":null,"levParticipants":2},{"idAction":87,"name":"promo_87","codDiv":"DIV_87","dteStartSellIn":"2026-02-07T14:44:00","dteEndSellIn":"2026-02-10T14:44:00","dteStartSellOut":"2026-02-22T14:44:00","dteEndSellOut":"2026-02-26T14:44:00","documentKey":"KEY_87","dteToShost":"2026-02-03T14:44:00","levParticipants":87},{"idAction":98,"name":"PROMO_98","codDiv":"DIV_98","dteStartSellIn":"2026-01-08T18:25:00","dteEndSellIn":"2026-01-17T18:25:00","dteStartSellOut":"2026-01-28T18:25:00","dteEndSellOut":"2026-01-30T18:25:00","documentKey":"DOCC_98","dteToShost":"2026-01-31T18:25:00","levParticipants":98},{"idAction":100,"name":"PROMO_100","codDiv":"DIV_100","dteStartSellIn":"2026-02-11T14:08:00","dteEndSellIn":"2026-02-14T14:08:00","dteStartSellOut":"2026-02-22T14:08:00","dteEndSellOut":"2026-02-27T14:08:00","documentKey":"KEY_100","dteToShost":"2026-02-10T14:08:00","levParticipants":10},{"idAction":200,"name":"PROMO_200","codDiv":"DIV_200","dteStartSellIn":"2026-02-10T14:15:00","dteEndSellIn":"2026-02-28T14:15:00","dteStartSellOut":"2026-02-11T14:15:00","dteEndSellOut":"2026-02-23T14:15:00","documentKey":"KEY_200","dteToShost":"2026-02-14T14:14:00","levParticipants":20},{"idAction":321,"name":"PROMO_321","codDiv":"DIV_A","dteStartSellIn":"2026-02-01T18:27:00","dteEndSellIn":"2026-02-28T18:27:00","dteStartSellOut":"2026-02-04T18:27:00","dteEndSellOut":"2026-02-23T18:27:00","documentKey":"KEY_A","dteToShost":"2026-02-03T18:27:00","levParticipants":1},{"idAction":1111,"name":"PROMO_1111","codDiv":"DIV_1111","dteStartSellIn":"2026-01-01T17:00:00","dteEndSellIn":"2026-01-30T17:02:00","dteStartSellOut":"2026-01-17T17:02:00","dteEndSellOut":"2026-01-28T17:02:00","documentKey":"1111_DOCC_KEY","dteToShost":"2026-01-13T17:02:00","levParticipants":11},{"idAction":2020,"name":"Spring Special 2020","codDiv":"D-2020","dteStartSellIn":"2026-01-03T12:28:00","dteEndSellIn":"2026-01-04T12:28:00","dteStartSellOut":"2026-01-05T12:28:00","dteEndSellOut":"2026-01-06T12:28:00","documentKey":"DOC-SPRING-2020","dteToShost":"2026-01-02T12:28:00","levParticipants":1},{"idAction":2222,"name":"haseeb","codDiv":"DIV02","dteStartSellIn":"2026-02-01T00:00:00","dteEndSellIn":"2026-01-11T00:00:00","dteStartSellOut":"2026-01-28T00:00:00","dteEndSellOut":"2026-01-30T00:00:00","documentKey":"","dteToShost":null,"levParticipants":2},{"idAction":2323,"name":"Winter Sale Campaign 2323","codDiv":"D-2323","dteStartSellIn":"2026-01-19T14:39:00","dteEndSellIn":"2026-01-20T14:40:00","dteStartSellOut":"2026-01-21T14:40:00","dteEndSellOut":"2026-01-22T14:40:00","documentKey":"DOC-WINTER-2323","dteToShost":"2026-01-30T14:39:00","levParticipants":1},{"idAction":5005,"name":"bbb","codDiv":"DIV5005","dteStartSellIn":"2026-01-23T00:00:00","dteEndSellIn":"2026-01-30T00:00:00","dteStartSellOut":"2026-01-26T00:00:00","dteEndSellOut":"2026-01-18T00:00:00","documentKey":"555553","dteToShost":"2026-01-19T00:00:00","levParticipants":14},{"idAction":6000,"name":"Zero Redundancy Campaign 6000","codDiv":"DIV-6000","dteStartSellIn":"2026-02-01T00:00:00","dteEndSellIn":"2026-02-24T00:00:00","dteStartSellOut":"2026-02-01T00:00:00","dteEndSellOut":"2026-02-28T00:00:00","documentKey":"DOC-6000","dteToShost":"2026-01-05T00:00:00","levParticipants":1},{"idAction":6767,"name":"XTEL Launch Promo 6767","codDiv":"DIV-6767","dteStartSellIn":"2026-02-01T00:00:00","dteEndSellIn":"2026-02-28T00:00:00","dteStartSellOut":"2026-01-22T00:00:00","dteEndSellOut":"2026-01-23T00:00:00","documentKey":"DOC-XTEL-6767","dteToShost":"2026-01-03T00:00:00","levParticipants":1},{"idAction":7000,"name":"Atomic Campaign 7000","codDiv":"DIV-7000","dteStartSellIn":"2026-01-01T00:00:00","dteEndSellIn":"2026-01-31T00:00:00","dteStartSellOut":"2026-02-01T00:00:00","dteEndSellOut":"2026-02-28T00:00:00","documentKey":"DOC-7000","dteToShost":null,"levParticipants":1},{"idAction":8888,"name":"Atomic Campaign 8888 Complete","codDiv":"DIV-8888","dteStartSellIn":"2026-01-01T00:00:00","dteEndSellIn":"2026-01-31T00:00:00","dteStartSellOut":"2026-02-01T00:00:00","dteEndSellOut":"2026-02-28T00:00:00","documentKey":"DOC-8888","dteToShost":null,"levParticipants":1},{"idAction":9000,"name":"Balanced Atomic Campaign 9000","codDiv":"DIV-9000","dteStartSellIn":"2026-01-01T00:00:00","dteEndSellIn":"2026-01-31T00:00:00","dteStartSellOut":"2026-02-01T00:00:00","dteEndSellOut":"2026-02-28T00:00:00","documentKey":"DOC-9000","dteToShost":null,"levParticipants":1},{"idAction":9999,"name":"I should not exist in DB","codDiv":"DIV-9999","dteStartSellIn":"2026-01-01T00:00:00","dteEndSellIn":"2026-01-31T00:00:00","dteStartSellOut":"2026-02-01T00:00:00","dteEndSellOut":"2026-02-28T00:00:00","documentKey":"DOC-9999","dteToShost":null,"levParticipants":1}]
2026-02-11 12:31:54.076 +05:00 [INF] Downstream JWT validated for haris
2026-02-11 12:31:54.088 +05:00 [INF] HTTP GET /api/promotions/actions responded 200 in 115.8232 ms
2026-02-11 12:31:54.123 +05:00 [INF] HTTP GET /api/promotions/customer-relations responded 200 in 136.9355 ms | User: haris (23) | IP: ::1 | RequestBody:  | ResponseBody: [{"idAction":0,"codHier":"5555","codDiv":"div5555","codNode":"f5555","idLevel":1,"dteStart":"2026-01-15T00:00:00","codParentNode":"root","dteEnd":null},{"idAction":0,"codHier":"56","codDiv":"565","codNode":"56","idLevel":55,"dteStart":"2026-01-29T00:44:00","codParentNode":"haseeb","dteEnd":"2026-01-26T00:44:00"},{"idAction":0,"codHier":"H_1","codDiv":"D_1","codNode":"D_1","idLevel":1,"dteStart":"2026-01-30T00:00:00","codParentNode":"ROOT","dteEnd":null},{"idAction":0,"codHier":"H_1","codDiv":"D_1","codNode":"N_1","idLevel":1,"dteStart":"2026-01-30T09:35:43.289","codParentNode":"ROOT","dteEnd":null},{"idAction":0,"codHier":"H_10","codDiv":"DIV_10","codNode":"NODE_10","idLevel":10,"dteStart":"2026-01-01T14:45:00","codParentNode":"ROOT_10","dteEnd":"2026-01-31T14:44:00"},{"idAction":0,"codHier":"H_100","codDiv":"DIV_100","codNode":"NODE_100","idLevel":10,"dteStart":"2026-02-09T13:54:00","codParentNode":"ROOT_100","dteEnd":"2026-02-10T13:54:00"},{"idAction":0,"codHier":"H_1111","codDiv":"DIV_1111","codNode":"NODE_1111","idLevel":11,"dteStart":"2026-01-01T17:00:00","codParentNode":"ROOT_1111","dteEnd":"2026-01-30T17:01:00"},{"idAction":0,"codHier":"H_12","codDiv":"DIV_12","codNode":"NODE_12","idLevel":12,"dteStart":"2026-02-03T12:26:00","codParentNode":"ROOT_12","dteEnd":"2026-02-06T12:26:00"},{"idAction":0,"codHier":"H_17","codDiv":"DIV_17","codNode":"NODE_17","idLevel":17,"dteStart":"2026-02-07T15:44:00","codParentNode":"ROOT_17","dteEnd":"2026-02-24T15:44:00"},{"idAction":0,"codHier":"H_19","codDiv":"DIV_19","codNode":"NODE_19","idLevel":19,"dteStart":"2026-02-04T13:59:00","codParentNode":"ROOT_19","dteEnd":"2026-02-05T13:59:00"},{"idAction":0,"codHier":"H_200","codDiv":"DIV_200","codNode":"NODE_200","idLevel":20,"dteStart":"2026-02-10T14:14:00","codParentNode":"ROOT_200","dteEnd":"2026-02-24T14:14:00"},{"idAction":0,"codHier":"H_21","codDiv":"DIV_21","codNode":"NODE_21","idLevel":21,"dteStart":"2026-02-05T14:01:00","codParentNode":"ROOT_21","dteEnd":"2026-02-07T14:01:00"},{"idAction":0,"codHier":"H_222","codDiv":"DIV_222","codNode":"NODE_222","idLevel":222,"dteStart":"2026-02-04T12:53:00","codParentNode":"ROOT_222","dteEnd":"2026-02-06T12:53:00"},{"idAction":0,"codHier":"H_24","codDiv":"DIV_24","codNode":"NODE_24","idLevel":24,"dteStart":"2026-02-04T12:48:00","codParentNode":"ROOT_24","dteEnd":"2026-02-05T12:48:00"},{"idAction":0,"codHier":"H_25","codDiv":"DIV_25","codNode":"NODE_25","idLevel":25,"dteStart":"2026-02-10T14:04:00","codParentNode":"ROOT_25","dteEnd":"2026-02-11T14:04:00"},{"idAction":0,"codHier":"H_3","codDiv":"DIV_3","codNode":"NODE_3","idLevel":3,"dteStart":"2026-01-01T10:45:00","codParentNode":"ROOT_3","dteEnd":"2026-01-30T10:44:00"},{"idAction":0,"codHier":"H_300","codDiv":"DIV_300","codNode":"NODE_300","idLevel":30,"dteStart":"2026-02-10T12:31:00","codParentNode":"ROOT_300","dteEnd":"2026-02-28T12:31:00"},{"idAction":0,"codHier":"H_5","codDiv":"DIV_5","codNode":"NODE_5","idLevel":5,"dteStart":"2026-01-30T10:50:00","codParentNode":"ROOT_5","dteEnd":"2026-01-31T10:48:00"},{"idAction":0,"codHier":"H_6","codDiv":"DIV_6","codNode":"NODE_6","idLevel":6,"dteStart":"2026-01-30T15:01:00","codParentNode":"ROOT_6","dteEnd":"2026-01-31T15:01:00"},{"idAction":0,"codHier":"H_656565","codDiv":"DIV_656565","codNode":"C_656565","idLevel":9,"dteStart":"2026-01-20T00:00:00","codParentNode":"ROOT","dteEnd":null},{"idAction":0,"codHier":"H_676767","codDiv":"DIV_676767","codNode":"NODE_676767","idLevel":676767,"dteStart":"2026-01-31T00:00:00","codParentNode":"ROOT","dteEnd":null},{"idAction":0,"codHier":"H_7","codDiv":"DIV_7","codNode":"NODE_7","idLevel":7,"dteStart":"2026-02-02T12:04:00","codParentNode":"ROOT_7","dteEnd":"2026-02-04T12:04:00"},{"idAction":0,"codHier":"H_87","codDiv":"DIV_87","codNode":"NODE_87","idLevel":87,"dteStart":"2026-02-06T14:07:00","codParentNode":"ROOT_87","dteEnd":"2026-02-26T14:07:00"},{"idAction":0,"codHier":"H_98","codDiv":"DIV_98","codNode":"NODE_98","idLevel":98,"dteStart":"2026-01-30T18:25:00","codParentNode":"ROOT_98","dteEnd":"2026-01-31T18:25:00"},{"idAction":0,"codHier":"H_999","codDiv":"D_5878","codNode":"N_878","idLevel":8,"dteStart":"2026-01-14T00:00:00","codParentNode":"ROOT","dteEnd":null},{"idAction":0,"codHier":"H_A","codDiv":"DIV_A","codNode":"NODE_A","idLevel":1,"dteStart":"2026-02-01T18:26:00","codParentNode":"ROOT_A","dteEnd":"2026-02-14T18:26:00"},{"idAction":0,"codHier":"H-1010","codDiv":"D-1010","codNode":"C-1010","idLevel":1,"dteStart":"2026-01-01T11:54:00","codParentNode":"root","dteEnd":"2026-01-12T11:54:00"},{"idAction":0,"codHier":"H-11","codDiv":"DIV-11","codNode":"C-11","idLevel":11,"dteStart":"2026-01-01T15:05:00","codParentNode":"ROOT","dteEnd":"2026-01-31T15:05:00"},{"idAction":0,"codHier":"H-1111","codDiv":"DIV-1111","codNode":"CUST-1111","idLevel":10,"dteStart":"2026-01-01T00:00:00","codParentNode":"ROOT","dteEnd":null},{"idAction":0,"codHier":"H-1414","codDiv":"D-1414","codNode":"C-1414","idLevel":4,"dteStart":"2026-01-01T14:45:00","codParentNode":"ROOT","dteEnd":"2026-01-15T14:45:00"},{"idAction":0,"codHier":"H-2","codDiv":"DIV-2","codNode":"CUST-2","idLevel":2,"dteStart":"2026-01-01T12:40:00","codParentNode":"ROOT","dteEnd":"2026-01-16T12:37:00"},{"idAction":0,"codHier":"H-2","codDiv":"DIV-2","codNode":"CUST-2","idLevel":2,"dteStart":"2026-01-21T12:37:00","codParentNode":"ROOT","dteEnd":"2026-01-24T12:37:00"},{"idAction":0,"codHier":"H-2020","codDiv":"D-2020","codNode":"C-2020","idLevel":2,"dteStart":"2026-01-02T12:27:00","codParentNode":"root","dteEnd":"2026-01-30T12:27:00"},{"idAction":0,"codHier":"H-2255","codDiv":"DIV-2255","codNode":"CUST-2255","idLevel":10,"dteStart":"2026-01-01T00:00:00","codParentNode":"ROOT","dteEnd":null},{"idAction":0,"codHier":"H-2323","codDiv":"D-2323","codNode":"C-2323","idLevel":4,"dteStart":"2026-01-01T12:48:00","codParentNode":"ROOT","dteEnd":"2026-01-12T12:49:00"},{"idAction":0,"codHier":"H-3333","codDiv":"DIV-3333","codNode":"CUST-3333","idLevel":10,"dteStart":"2026-01-01T00:00:00","codParentNode":"ROOT","dteEnd":null},{"idAction":0,"codHier":"H-3344","codDiv":"DIV-3345","codNode":"CUST-3345","idLevel":10,"dteStart":"2026-01-01T00:00:00","codParentNode":"ROOT","dteEnd":null},{"idAction":0,"codHier":"H-3345","codDiv":"DIV-3345","codNode":"CUST-3345","idLevel":10,"dteStart":"2026-01-01T00:00:00","codParentNode":"ROOT","dteEnd":null},{"idAction":0,"codHier":"H-4","codDiv":"DIV-4","codNode":"CUST-4","idLevel":4,"dteStart":"2026-01-01T14:44:00","codParentNode":"ROOT","dteEnd":"2026-01-02T14:44:00"},{"idAction":0,"codHier":"H-5555","codDiv":"DIV-5555","codNode":"CUST-5555","idLevel":10,"dteStart":"2026-01-01T00:00:00","codParentNode":"ROOT","dteEnd":null},{"idAction":0,"codHier":"H-6000","codDiv":"DIV-6000","codNode":"CUST-6000","idLevel":10,"dteStart":"2026-01-01T00:00:00","codParentNode":"ROOT","dteEnd":"2026-12-31T00:00:00"},{"idAction":0,"codHier":"H-6666","codDiv":"DIV-6666","codNode":"CUST-6666","idLevel":10,"dteStart":"2026-01-17T01:30:00","codParentNode":"ROOT","dteEnd":"2026-01-18T01:30:00"},{"idAction":0,"codHier":"H-6767","codDiv":"DIV-6767","codNode":"CUST-6767","idLevel":5,"dteStart":"2026-01-01T12:15:00","codParentNode":"ROOT","dteEnd":"2026-01-08T12:15:00"},{"idAction":0,"codHier":"H-7000","codDiv":"DIV-7000","codNode":"CUST-7000","idLevel":10,"dteStart":"2026-01-01T00:00:00","codParentNode":"ROOT","dteEnd":null},{"idAction":0,"codHier":"H-7777","codDiv":"DIV-7777","codNode":"CUST-7777","idLevel":10,"dteStart":"2026-01-01T00:00:00","codParentNode":"ROOT","dteEnd":null},{"idAction":0,"codHier":"H-7878","codDiv":"DIV-7878","codNode":"CUST-7878","idLevel":3,"dteStart":"2026-01-18T11:43:00","codParentNode":"ROOT","dteEnd":"2026-01-19T11:43:00"},{"idAction":0,"codHier":"H-8000","codDiv":"DIV-8000","codNode":"CUST-8000","idLevel":10,"dteStart":"2026-01-01T00:00:00","codParentNode":"ROOT","dteEnd":null},{"idAction":0,"codHier":"H-8888","codDiv":"DIV-8888","codNode":"CUST-8888","idLevel":10,"dteStart":"2026-01-01T00:00:00","codParentNode":"ROOT","dteEnd":null},{"idAction":0,"codHier":"H-9000","codDiv":"DIV-9000","codNode":"CUST-9000","idLevel":10,"dteStart":"2026-01-01T00:00:00","codParentNode":"ROOT","dteEnd":null},{"idAction":0,"codHier":"H-9999","codDiv":"DIV-9999","codNode":"CUST-9999","idLevel":10,"dteStart":"2026-01-01T00:00:00","codParentNode":"ROOT","dteEnd":null},{"idAction":0,"codHier":"HIER_CORP","codDiv":"DIV01","codNode":"NODE_9111","idLevel":1,"dteStart":"2026-01-15T00:00:00","codParentNode":"ROOT_NODE","dteEnd":null}]
2026-02-11 12:31:54.142 +05:00 [INF] HTTP GET /api/promotions/customer-relations responded 200 in 155.1189 ms
2026-02-11 12:31:54.142 +05:00 [INF] HTTP GET /api/participants/all responded 200 in 67.3515 ms | User: haris (23) | IP: ::1 | RequestBody:  | ResponseBody: [{"idAction":3,"codParticipant":"N_1","flgInclusion":true,"codHier":"H_1","codDiv":"D_1","codNode":"N_1","idLevel":1,"dteStart":"2026-01-30T09:35:43.289"},{"idAction":3,"codParticipant":"NODE_3","flgInclusion":true,"codHier":"H_3","codDiv":"DIV_3","codNode":"NODE_3","idLevel":3,"dteStart":"2026-01-01T10:45:00"},{"idAction":3,"codParticipant":"NODE_5","flgInclusion":true,"codHier":"H_5","codDiv":"DIV_5","codNode":"NODE_5","idLevel":5,"dteStart":"2026-01-30T10:50:00"},{"idAction":5,"codParticipant":"NODE_5","flgInclusion":true,"codHier":"H_5","codDiv":"DIV_5","codNode":"NODE_5","idLevel":5,"dteStart":"2026-01-30T10:50:00"},{"idAction":6,"codParticipant":"N_9898","flgInclusion":true,"codHier":"H_999","codDiv":"D_5878","codNode":"N_878","idLevel":8,"dteStart":"2026-01-14T00:00:00"},{"idAction":6,"codParticipant":"NODE_3","flgInclusion":true,"codHier":"H_3","codDiv":"DIV_3","codNode":"NODE_3","idLevel":3,"dteStart":"2026-01-01T10:45:00"},{"idAction":6,"codParticipant":"NODE_5","flgInclusion":true,"codHier":"H_5","codDiv":"DIV_5","codNode":"NODE_5","idLevel":5,"dteStart":"2026-01-30T10:50:00"},{"idAction":6,"codParticipant":"NODE_6","flgInclusion":true,"codHier":"H_6","codDiv":"DIV_6","codNode":"NODE_6","idLevel":6,"dteStart":"2026-01-30T15:01:00"},{"idAction":6,"codParticipant":"NODE_676767","flgInclusion":true,"codHier":"H_676767","codDiv":"DIV_676767","codNode":"NODE_676767","idLevel":676767,"dteStart":"2026-01-31T00:00:00"},{"idAction":6,"codParticipant":"P-9000","flgInclusion":true,"codHier":"H-9000","codDiv":"DIV-9000","codNode":"CUST-9000","idLevel":10,"dteStart":"2026-01-01T00:00:00"},{"idAction":7,"codParticipant":"NODE_7","flgInclusion":true,"codHier":"H_7","codDiv":"DIV_7","codNode":"NODE_7","idLevel":7,"dteStart":"2026-02-02T12:04:00"},{"idAction":10,"codParticipant":"NODE_10","flgInclusion":true,"codHier":"H_10","codDiv":"DIV_10","codNode":"NODE_10","idLevel":10,"dteStart":"2026-01-01T14:45:00"},{"idAction":24,"codParticipant":"NODE_24","flgInclusion":true,"codHier":"H_24","codDiv":"DIV_24","codNode":"NODE_24","idLevel":24,"dteStart":"2026-02-04T12:48:00"},{"idAction":87,"codParticipant":"NODE_87","flgInclusion":true,"codHier":"H_87","codDiv":"DIV_87","codNode":"NODE_87","idLevel":87,"dteStart":"2026-02-06T14:07:00"},{"idAction":98,"codParticipant":"NODE_98","flgInclusion":true,"codHier":"H_98","codDiv":"DIV_98","codNode":"NODE_98","idLevel":98,"dteStart":"2026-01-30T18:25:00"},{"idAction":100,"codParticipant":"NODE_100","flgInclusion":true,"codHier":"H_100","codDiv":"DIV_100","codNode":"NODE_100","idLevel":10,"dteStart":"2026-02-09T13:54:00"},{"idAction":200,"codParticipant":"NODE_200","flgInclusion":true,"codHier":"H_200","codDiv":"DIV_200","codNode":"NODE_200","idLevel":20,"dteStart":"2026-02-10T14:14:00"},{"idAction":321,"codParticipant":"NODE_A","flgInclusion":true,"codHier":"H_A","codDiv":"DIV_A","codNode":"NODE_A","idLevel":1,"dteStart":"2026-02-01T18:26:00"},{"idAction":1111,"codParticipant":"NODE_1111","flgInclusion":true,"codHier":"H_1111","codDiv":"DIV_1111","codNode":"NODE_1111","idLevel":11,"dteStart":"2026-01-01T17:00:00"},{"idAction":2323,"codParticipant":"P-2323","flgInclusion":true,"codHier":"H-2323","codDiv":"D-2323","codNode":"C-2323","idLevel":4,"dteStart":"2026-01-01T12:48:00"},{"idAction":5005,"codParticipant":"","flgInclusion":true,"codHier":"H-9999","codDiv":"DIV-9999","codNode":"CUST-9999","idLevel":10,"dteStart":"2026-01-01T00:00:00"},{"idAction":6000,"codParticipant":"P-6000","flgInclusion":true,"codHier":"H-6000","codDiv":"DIV-6000","codNode":"CUST-6000","idLevel":10,"dteStart":"2026-01-01T00:00:00"},{"idAction":6767,"codParticipant":"P-6767","flgInclusion":false,"codHier":"H-6767","codDiv":"DIV-6767","codNode":"CUST-6767","idLevel":5,"dteStart":"2026-01-01T12:15:00"},{"idAction":7000,"codParticipant":"P-7000","flgInclusion":true,"codHier":"H-7000","codDiv":"DIV-7000","codNode":"CUST-7000","idLevel":10,"dteStart":"2026-01-01T00:00:00"},{"idAction":8888,"codParticipant":"P-8888","flgInclusion":true,"codHier":"H-8888","codDiv":"DIV-8888","codNode":"CUST-8888","idLevel":10,"dteStart":"2026-01-01T00:00:00"},{"idAction":9000,"codParticipant":"P-9000","flgInclusion":true,"codHier":"H-9000","codDiv":"DIV-9000","codNode":"CUST-9000","idLevel":10,"dteStart":"2026-01-01T00:00:00"},{"idAction":9999,"codParticipant":"P-9999","flgInclusion":true,"codHier":"H-9999","codDiv":"DIV-9999","codNode":"CUST-9999","idLevel":10,"dteStart":"2026-01-01T00:00:00"}]
2026-02-11 12:31:54.154 +05:00 [INF] HTTP GET /api/participants/all responded 200 in 79.6182 ms
2026-02-11 12:31:54.257 +05:00 [INF] Downstream JWT validated for haris
2026-02-11 12:31:54.275 +05:00 [INF] Downstream JWT validated for haris
2026-02-11 12:31:54.283 +05:00 [INF] HTTP GET /api/participants/all responded 200 in 25.9439 ms | User: haris (23) | IP: ::1 | RequestBody:  | ResponseBody: [{"idAction":3,"codParticipant":"N_1","flgInclusion":true,"codHier":"H_1","codDiv":"D_1","codNode":"N_1","idLevel":1,"dteStart":"2026-01-30T09:35:43.289"},{"idAction":3,"codParticipant":"NODE_3","flgInclusion":true,"codHier":"H_3","codDiv":"DIV_3","codNode":"NODE_3","idLevel":3,"dteStart":"2026-01-01T10:45:00"},{"idAction":3,"codParticipant":"NODE_5","flgInclusion":true,"codHier":"H_5","codDiv":"DIV_5","codNode":"NODE_5","idLevel":5,"dteStart":"2026-01-30T10:50:00"},{"idAction":5,"codParticipant":"NODE_5","flgInclusion":true,"codHier":"H_5","codDiv":"DIV_5","codNode":"NODE_5","idLevel":5,"dteStart":"2026-01-30T10:50:00"},{"idAction":6,"codParticipant":"N_9898","flgInclusion":true,"codHier":"H_999","codDiv":"D_5878","codNode":"N_878","idLevel":8,"dteStart":"2026-01-14T00:00:00"},{"idAction":6,"codParticipant":"NODE_3","flgInclusion":true,"codHier":"H_3","codDiv":"DIV_3","codNode":"NODE_3","idLevel":3,"dteStart":"2026-01-01T10:45:00"},{"idAction":6,"codParticipant":"NODE_5","flgInclusion":true,"codHier":"H_5","codDiv":"DIV_5","codNode":"NODE_5","idLevel":5,"dteStart":"2026-01-30T10:50:00"},{"idAction":6,"codParticipant":"NODE_6","flgInclusion":true,"codHier":"H_6","codDiv":"DIV_6","codNode":"NODE_6","idLevel":6,"dteStart":"2026-01-30T15:01:00"},{"idAction":6,"codParticipant":"NODE_676767","flgInclusion":true,"codHier":"H_676767","codDiv":"DIV_676767","codNode":"NODE_676767","idLevel":676767,"dteStart":"2026-01-31T00:00:00"},{"idAction":6,"codParticipant":"P-9000","flgInclusion":true,"codHier":"H-9000","codDiv":"DIV-9000","codNode":"CUST-9000","idLevel":10,"dteStart":"2026-01-01T00:00:00"},{"idAction":7,"codParticipant":"NODE_7","flgInclusion":true,"codHier":"H_7","codDiv":"DIV_7","codNode":"NODE_7","idLevel":7,"dteStart":"2026-02-02T12:04:00"},{"idAction":10,"codParticipant":"NODE_10","flgInclusion":true,"codHier":"H_10","codDiv":"DIV_10","codNode":"NODE_10","idLevel":10,"dteStart":"2026-01-01T14:45:00"},{"idAction":24,"codParticipant":"NODE_24","flgInclusion":true,"codHier":"H_24","codDiv":"DIV_24","codNode":"NODE_24","idLevel":24,"dteStart":"2026-02-04T12:48:00"},{"idAction":87,"codParticipant":"NODE_87","flgInclusion":true,"codHier":"H_87","codDiv":"DIV_87","codNode":"NODE_87","idLevel":87,"dteStart":"2026-02-06T14:07:00"},{"idAction":98,"codParticipant":"NODE_98","flgInclusion":true,"codHier":"H_98","codDiv":"DIV_98","codNode":"NODE_98","idLevel":98,"dteStart":"2026-01-30T18:25:00"},{"idAction":100,"codParticipant":"NODE_100","flgInclusion":true,"codHier":"H_100","codDiv":"DIV_100","codNode":"NODE_100","idLevel":10,"dteStart":"2026-02-09T13:54:00"},{"idAction":200,"codParticipant":"NODE_200","flgInclusion":true,"codHier":"H_200","codDiv":"DIV_200","codNode":"NODE_200","idLevel":20,"dteStart":"2026-02-10T14:14:00"},{"idAction":321,"codParticipant":"NODE_A","flgInclusion":true,"codHier":"H_A","codDiv":"DIV_A","codNode":"NODE_A","idLevel":1,"dteStart":"2026-02-01T18:26:00"},{"idAction":1111,"codParticipant":"NODE_1111","flgInclusion":true,"codHier":"H_1111","codDiv":"DIV_1111","codNode":"NODE_1111","idLevel":11,"dteStart":"2026-01-01T17:00:00"},{"idAction":2323,"codParticipant":"P-2323","flgInclusion":true,"codHier":"H-2323","codDiv":"D-2323","codNode":"C-2323","idLevel":4,"dteStart":"2026-01-01T12:48:00"},{"idAction":5005,"codParticipant":"","flgInclusion":true,"codHier":"H-9999","codDiv":"DIV-9999","codNode":"CUST-9999","idLevel":10,"dteStart":"2026-01-01T00:00:00"},{"idAction":6000,"codParticipant":"P-6000","flgInclusion":true,"codHier":"H-6000","codDiv":"DIV-6000","codNode":"CUST-6000","idLevel":10,"dteStart":"2026-01-01T00:00:00"},{"idAction":6767,"codParticipant":"P-6767","flgInclusion":false,"codHier":"H-6767","codDiv":"DIV-6767","codNode":"CUST-6767","idLevel":5,"dteStart":"2026-01-01T12:15:00"},{"idAction":7000,"codParticipant":"P-7000","flgInclusion":true,"codHier":"H-7000","codDiv":"DIV-7000","codNode":"CUST-7000","idLevel":10,"dteStart":"2026-01-01T00:00:00"},{"idAction":8888,"codParticipant":"P-8888","flgInclusion":true,"codHier":"H-8888","codDiv":"DIV-8888","codNode":"CUST-8888","idLevel":10,"dteStart":"2026-01-01T00:00:00"},{"idAction":9000,"codParticipant":"P-9000","flgInclusion":true,"codHier":"H-9000","codDiv":"DIV-9000","codNode":"CUST-9000","idLevel":10,"dteStart":"2026-01-01T00:00:00"},{"idAction":9999,"codParticipant":"P-9999","flgInclusion":true,"codHier":"H-9999","codDiv":"DIV-9999","codNode":"CUST-9999","idLevel":10,"dteStart":"2026-01-01T00:00:00"}]
2026-02-11 12:31:54.291 +05:00 [INF] HTTP GET /api/participants/all responded 200 in 34.3936 ms
2026-02-11 12:31:54.295 +05:00 [INF] HTTP GET /api/promotions/delivery-points responded 200 in 20.5723 ms | User: haris (23) | IP: ::1 | RequestBody:  | ResponseBody: [{"idAction":3,"codDeliveryPoint":"D_1","flgInclusion":true,"codHier":"H_1","codDiv":"D_1","codNode":"D_1","idLevel":1,"dteStart":"2026-01-30T00:00:00"},{"idAction":3,"codDeliveryPoint":"D_656565","flgInclusion":true,"codHier":"H_656565","codDiv":"DIV_656565","codNode":"C_656565","idLevel":9,"dteStart":"2026-01-20T00:00:00"},{"idAction":3,"codDeliveryPoint":"NODE_10","flgInclusion":true,"codHier":"H_10","codDiv":"DIV_10","codNode":"NODE_10","idLevel":10,"dteStart":"2026-01-01T14:45:00"},{"idAction":3,"codDeliveryPoint":"NODE_24","flgInclusion":true,"codHier":"H_24","codDiv":"DIV_24","codNode":"NODE_24","idLevel":24,"dteStart":"2026-02-04T12:48:00"},{"idAction":3,"codDeliveryPoint":"NODE_3","flgInclusion":false,"codHier":"H_3","codDiv":"DIV_3","codNode":"NODE_3","idLevel":3,"dteStart":"2026-01-01T10:45:00"},{"idAction":3,"codDeliveryPoint":"NODE_5","flgInclusion":false,"codHier":"H_5","codDiv":"DIV_5","codNode":"NODE_5","idLevel":5,"dteStart":"2026-01-30T10:50:00"},{"idAction":3,"codDeliveryPoint":"NODE_87","flgInclusion":true,"codHier":"H_87","codDiv":"DIV_87","codNode":"NODE_87","idLevel":87,"dteStart":"2026-02-06T14:07:00"},{"idAction":5,"codDeliveryPoint":"NODE_5","flgInclusion":false,"codHier":"H_5","codDiv":"DIV_5","codNode":"NODE_5","idLevel":5,"dteStart":"2026-01-30T10:50:00"},{"idAction":6,"codDeliveryPoint":"D_1","flgInclusion":true,"codHier":"H_1","codDiv":"D_1","codNode":"D_1","idLevel":1,"dteStart":"2026-01-30T00:00:00"},{"idAction":6,"codDeliveryPoint":"D_656565","flgInclusion":true,"codHier":"H_656565","codDiv":"DIV_656565","codNode":"C_656565","idLevel":9,"dteStart":"2026-01-20T00:00:00"},{"idAction":6,"codDeliveryPoint":"NODE_3","flgInclusion":false,"codHier":"H_3","codDiv":"DIV_3","codNode":"NODE_3","idLevel":3,"dteStart":"2026-01-01T10:45:00"},{"idAction":6,"codDeliveryPoint":"NODE_5","flgInclusion":false,"codHier":"H_5","codDiv":"DIV_5","codNode":"NODE_5","idLevel":5,"dteStart":"2026-01-30T10:50:00"},{"idAction":6,"codDeliveryPoint":"NODE_6","flgInclusion":true,"codHier":"H_6","codDiv":"DIV_6","codNode":"NODE_6","idLevel":6,"dteStart":"2026-01-30T15:01:00"},{"idAction":7,"codDeliveryPoint":"NODE_7","flgInclusion":true,"codHier":"H_7","codDiv":"DIV_7","codNode":"NODE_7","idLevel":7,"dteStart":"2026-02-02T12:04:00"},{"idAction":10,"codDeliveryPoint":"NODE_10","flgInclusion":true,"codHier":"H_10","codDiv":"DIV_10","codNode":"NODE_10","idLevel":10,"dteStart":"2026-01-01T14:45:00"},{"idAction":24,"codDeliveryPoint":"NODE_24","flgInclusion":true,"codHier":"H_24","codDiv":"DIV_24","codNode":"NODE_24","idLevel":24,"dteStart":"2026-02-04T12:48:00"},{"idAction":87,"codDeliveryPoint":"NODE_87","flgInclusion":true,"codHier":"H_87","codDiv":"DIV_87","codNode":"NODE_87","idLevel":87,"dteStart":"2026-02-06T14:07:00"},{"idAction":98,"codDeliveryPoint":"NODE_98","flgInclusion":true,"codHier":"H_98","codDiv":"DIV_98","codNode":"NODE_98","idLevel":98,"dteStart":"2026-01-30T18:25:00"},{"idAction":100,"codDeliveryPoint":"D_656565","flgInclusion":true,"codHier":"H_656565","codDiv":"DIV_656565","codNode":"C_656565","idLevel":9,"dteStart":"2026-01-20T00:00:00"},{"idAction":100,"codDeliveryPoint":"NODE_10","flgInclusion":true,"codHier":"H_10","codDiv":"DIV_10","codNode":"NODE_10","idLevel":10,"dteStart":"2026-01-01T14:45:00"},{"idAction":100,"codDeliveryPoint":"NODE_100","flgInclusion":true,"codHier":"H_100","codDiv":"DIV_100","codNode":"NODE_100","idLevel":10,"dteStart":"2026-02-09T13:54:00"},{"idAction":100,"codDeliveryPoint":"NODE_3","flgInclusion":false,"codHier":"H_3","codDiv":"DIV_3","codNode":"NODE_3","idLevel":3,"dteStart":"2026-01-01T10:45:00"},{"idAction":200,"codDeliveryPoint":"NODE_200","flgInclusion":true,"codHier":"H_200","codDiv":"DIV_200","codNode":"NODE_200","idLevel":20,"dteStart":"2026-02-10T14:14:00"},{"idAction":321,"codDeliveryPoint":"NODE_A","flgInclusion":true,"codHier":"H_A","codDiv":"DIV_A","codNode":"NODE_A","idLevel":1,"dteStart":"2026-02-01T18:26:00"},{"idAction":1111,"codDeliveryPoint":"NODE_1111","flgInclusion":true,"codHier":"H_1111","codDiv":"DIV_1111","codNode":"NODE_1111","idLevel":11,"dteStart":"2026-01-01T17:00:00"},{"idAction":5005,"codDeliveryPoint":"","flgInclusion":true,"codHier":"H-2255","codDiv":"DIV-2255","codNode":"CUST-2255","idLevel":10,"dteStart":"2026-01-01T00:00:00"},{"idAction":6767,"codDeliveryPoint":"DP-6767","flgInclusion":true,"codHier":"H-6767","codDiv":"DIV-6767","codNode":"CUST-6767","idLevel":5,"dteStart":"2026-01-01T12:15:00"},{"idAction":7000,"codDeliveryPoint":"DP-7000","flgInclusion":true,"codHier":"H-7000","codDiv":"DIV-7000","codNode":"CUST-7000","idLevel":10,"dteStart":"2026-01-01T00:00:00"}]
2026-02-11 12:31:54.301 +05:00 [INF] HTTP GET /api/promotions/delivery-points responded 200 in 26.5034 ms
2026-02-11 12:31:54.369 +05:00 [INF] Downstream JWT validated for haris
2026-02-11 12:31:54.388 +05:00 [INF] HTTP GET /api/promotions/delivery-points responded 200 in 19.3294 ms | User: haris (23) | IP: ::1 | RequestBody:  | ResponseBody: [{"idAction":3,"codDeliveryPoint":"D_1","flgInclusion":true,"codHier":"H_1","codDiv":"D_1","codNode":"D_1","idLevel":1,"dteStart":"2026-01-30T00:00:00"},{"idAction":3,"codDeliveryPoint":"D_656565","flgInclusion":true,"codHier":"H_656565","codDiv":"DIV_656565","codNode":"C_656565","idLevel":9,"dteStart":"2026-01-20T00:00:00"},{"idAction":3,"codDeliveryPoint":"NODE_10","flgInclusion":true,"codHier":"H_10","codDiv":"DIV_10","codNode":"NODE_10","idLevel":10,"dteStart":"2026-01-01T14:45:00"},{"idAction":3,"codDeliveryPoint":"NODE_24","flgInclusion":true,"codHier":"H_24","codDiv":"DIV_24","codNode":"NODE_24","idLevel":24,"dteStart":"2026-02-04T12:48:00"},{"idAction":3,"codDeliveryPoint":"NODE_3","flgInclusion":false,"codHier":"H_3","codDiv":"DIV_3","codNode":"NODE_3","idLevel":3,"dteStart":"2026-01-01T10:45:00"},{"idAction":3,"codDeliveryPoint":"NODE_5","flgInclusion":false,"codHier":"H_5","codDiv":"DIV_5","codNode":"NODE_5","idLevel":5,"dteStart":"2026-01-30T10:50:00"},{"idAction":3,"codDeliveryPoint":"NODE_87","flgInclusion":true,"codHier":"H_87","codDiv":"DIV_87","codNode":"NODE_87","idLevel":87,"dteStart":"2026-02-06T14:07:00"},{"idAction":5,"codDeliveryPoint":"NODE_5","flgInclusion":false,"codHier":"H_5","codDiv":"DIV_5","codNode":"NODE_5","idLevel":5,"dteStart":"2026-01-30T10:50:00"},{"idAction":6,"codDeliveryPoint":"D_1","flgInclusion":true,"codHier":"H_1","codDiv":"D_1","codNode":"D_1","idLevel":1,"dteStart":"2026-01-30T00:00:00"},{"idAction":6,"codDeliveryPoint":"D_656565","flgInclusion":true,"codHier":"H_656565","codDiv":"DIV_656565","codNode":"C_656565","idLevel":9,"dteStart":"2026-01-20T00:00:00"},{"idAction":6,"codDeliveryPoint":"NODE_3","flgInclusion":false,"codHier":"H_3","codDiv":"DIV_3","codNode":"NODE_3","idLevel":3,"dteStart":"2026-01-01T10:45:00"},{"idAction":6,"codDeliveryPoint":"NODE_5","flgInclusion":false,"codHier":"H_5","codDiv":"DIV_5","codNode":"NODE_5","idLevel":5,"dteStart":"2026-01-30T10:50:00"},{"idAction":6,"codDeliveryPoint":"NODE_6","flgInclusion":true,"codHier":"H_6","codDiv":"DIV_6","codNode":"NODE_6","idLevel":6,"dteStart":"2026-01-30T15:01:00"},{"idAction":7,"codDeliveryPoint":"NODE_7","flgInclusion":true,"codHier":"H_7","codDiv":"DIV_7","codNode":"NODE_7","idLevel":7,"dteStart":"2026-02-02T12:04:00"},{"idAction":10,"codDeliveryPoint":"NODE_10","flgInclusion":true,"codHier":"H_10","codDiv":"DIV_10","codNode":"NODE_10","idLevel":10,"dteStart":"2026-01-01T14:45:00"},{"idAction":24,"codDeliveryPoint":"NODE_24","flgInclusion":true,"codHier":"H_24","codDiv":"DIV_24","codNode":"NODE_24","idLevel":24,"dteStart":"2026-02-04T12:48:00"},{"idAction":87,"codDeliveryPoint":"NODE_87","flgInclusion":true,"codHier":"H_87","codDiv":"DIV_87","codNode":"NODE_87","idLevel":87,"dteStart":"2026-02-06T14:07:00"},{"idAction":98,"codDeliveryPoint":"NODE_98","flgInclusion":true,"codHier":"H_98","codDiv":"DIV_98","codNode":"NODE_98","idLevel":98,"dteStart":"2026-01-30T18:25:00"},{"idAction":100,"codDeliveryPoint":"D_656565","flgInclusion":true,"codHier":"H_656565","codDiv":"DIV_656565","codNode":"C_656565","idLevel":9,"dteStart":"2026-01-20T00:00:00"},{"idAction":100,"codDeliveryPoint":"NODE_10","flgInclusion":true,"codHier":"H_10","codDiv":"DIV_10","codNode":"NODE_10","idLevel":10,"dteStart":"2026-01-01T14:45:00"},{"idAction":100,"codDeliveryPoint":"NODE_100","flgInclusion":true,"codHier":"H_100","codDiv":"DIV_100","codNode":"NODE_100","idLevel":10,"dteStart":"2026-02-09T13:54:00"},{"idAction":100,"codDeliveryPoint":"NODE_3","flgInclusion":false,"codHier":"H_3","codDiv":"DIV_3","codNode":"NODE_3","idLevel":3,"dteStart":"2026-01-01T10:45:00"},{"idAction":200,"codDeliveryPoint":"NODE_200","flgInclusion":true,"codHier":"H_200","codDiv":"DIV_200","codNode":"NODE_200","idLevel":20,"dteStart":"2026-02-10T14:14:00"},{"idAction":321,"codDeliveryPoint":"NODE_A","flgInclusion":true,"codHier":"H_A","codDiv":"DIV_A","codNode":"NODE_A","idLevel":1,"dteStart":"2026-02-01T18:26:00"},{"idAction":1111,"codDeliveryPoint":"NODE_1111","flgInclusion":true,"codHier":"H_1111","codDiv":"DIV_1111","codNode":"NODE_1111","idLevel":11,"dteStart":"2026-01-01T17:00:00"},{"idAction":5005,"codDeliveryPoint":"","flgInclusion":true,"codHier":"H-2255","codDiv":"DIV-2255","codNode":"CUST-2255","idLevel":10,"dteStart":"2026-01-01T00:00:00"},{"idAction":6767,"codDeliveryPoint":"DP-6767","flgInclusion":true,"codHier":"H-6767","codDiv":"DIV-6767","codNode":"CUST-6767","idLevel":5,"dteStart":"2026-01-01T12:15:00"},{"idAction":7000,"codDeliveryPoint":"DP-7000","flgInclusion":true,"codHier":"H-7000","codDiv":"DIV-7000","codNode":"CUST-7000","idLevel":10,"dteStart":"2026-01-01T00:00:00"}]
2026-02-11 12:31:54.393 +05:00 [INF] HTTP GET /api/promotions/delivery-points responded 200 in 24.7652 ms
2026-02-11 12:31:58.083 +05:00 [INF] HTTP GET /api/health responded 200 in 2.9674 ms | User: Anonymous (N/A) | IP: ::1 | RequestBody:  | ResponseBody: {"service":"Promotions API","status":"Healthy","timestamp":"2026-02-11T07:31:58.0829283Z","uptime":"0d 0h 1m 27s"}
2026-02-11 12:31:58.095 +05:00 [INF] HTTP GET /api/health responded 200 in 14.8359 ms
2026-02-11 12:32:03.112 +05:00 [INF] HTTP GET /api/health responded 200 in 1.7708 ms | User: Anonymous (N/A) | IP: ::1 | RequestBody:  | ResponseBody: {"service":"Promotions API","status":"Healthy","timestamp":"2026-02-11T07:32:03.1124057Z","uptime":"0d 0h 1m 32s"}
2026-02-11 12:32:03.132 +05:00 [INF] HTTP GET /api/health responded 200 in 21.1365 ms
2026-02-11 12:32:08.097 +05:00 [INF] HTTP GET /api/health responded 200 in 1.7341 ms | User: Anonymous (N/A) | IP: ::1 | RequestBody:  | ResponseBody: {"service":"Promotions API","status":"Healthy","timestamp":"2026-02-11T07:32:08.096956Z","uptime":"0d 0h 1m 37s"}
2026-02-11 12:32:08.116 +05:00 [INF] HTTP GET /api/health responded 200 in 21.2863 ms
2026-02-11 12:32:13.102 +05:00 [INF] HTTP GET /api/health responded 200 in 0.7747 ms | User: Anonymous (N/A) | IP: ::1 | RequestBody:  | ResponseBody: {"service":"Promotions API","status":"Healthy","timestamp":"2026-02-11T07:32:13.1022391Z","uptime":"0d 0h 1m 42s"}
2026-02-11 12:32:13.113 +05:00 [INF] HTTP GET /api/health responded 200 in 11.8490 ms
2026-02-11 12:32:18.107 +05:00 [INF] HTTP GET /api/health responded 200 in 3.2398 ms | User: Anonymous (N/A) | IP: ::1 | RequestBody:  | ResponseBody: {"service":"Promotions API","status":"Healthy","timestamp":"2026-02-11T07:32:18.1075079Z","uptime":"0d 0h 1m 47s"}
2026-02-11 12:32:18.129 +05:00 [INF] HTTP GET /api/health responded 200 in 25.1723 ms
2026-02-11 12:32:23.101 +05:00 [INF] HTTP GET /api/health responded 200 in 1.4375 ms | User: Anonymous (N/A) | IP: ::1 | RequestBody:  | ResponseBody: {"service":"Promotions API","status":"Healthy","timestamp":"2026-02-11T07:32:23.1012141Z","uptime":"0d 0h 1m 52s"}
2026-02-11 12:32:23.126 +05:00 [INF] HTTP GET /api/health responded 200 in 26.8602 ms
2026-02-11 12:32:28.112 +05:00 [INF] HTTP GET /api/health responded 200 in 0.8955 ms | User: Anonymous (N/A) | IP: ::1 | RequestBody:  | ResponseBody: {"service":"Promotions API","status":"Healthy","timestamp":"2026-02-11T07:32:28.1118651Z","uptime":"0d 0h 1m 57s"}
2026-02-11 12:32:28.133 +05:00 [INF] HTTP GET /api/health responded 200 in 22.1315 ms
2026-02-11 12:32:33.091 +05:00 [INF] HTTP GET /api/health responded 200 in 0.9537 ms | User: Anonymous (N/A) | IP: ::1 | RequestBody:  | ResponseBody: {"service":"Promotions API","status":"Healthy","timestamp":"2026-02-11T07:32:33.0911746Z","uptime":"0d 0h 2m 2s"}
2026-02-11 12:32:33.125 +05:00 [INF] HTTP GET /api/health responded 200 in 35.5003 ms
2026-02-11 12:32:38.117 +05:00 [INF] HTTP GET /api/health responded 200 in 1.0557 ms | User: Anonymous (N/A) | IP: ::1 | RequestBody:  | ResponseBody: {"service":"Promotions API","status":"Healthy","timestamp":"2026-02-11T07:32:38.1172087Z","uptime":"0d 0h 2m 7s"}
2026-02-11 12:32:38.138 +05:00 [INF] HTTP GET /api/health responded 200 in 22.3568 ms
2026-02-11 12:32:43.081 +05:00 [INF] HTTP GET /api/health responded 200 in 0.9497 ms | User: Anonymous (N/A) | IP: ::1 | RequestBody:  | ResponseBody: {"service":"Promotions API","status":"Healthy","timestamp":"2026-02-11T07:32:43.081233Z","uptime":"0d 0h 2m 12s"}
2026-02-11 12:32:43.123 +05:00 [INF] HTTP GET /api/health responded 200 in 42.3709 ms
2026-02-11 12:32:48.112 +05:00 [INF] HTTP GET /api/health responded 200 in 0.7499 ms | User: Anonymous (N/A) | IP: ::1 | RequestBody:  | ResponseBody: {"service":"Promotions API","status":"Healthy","timestamp":"2026-02-11T07:32:48.1117548Z","uptime":"0d 0h 2m 17s"}
2026-02-11 12:32:48.128 +05:00 [INF] HTTP GET /api/health responded 200 in 16.8524 ms
2026-02-11 12:32:53.111 +05:00 [INF] HTTP GET /api/health responded 200 in 0.7338 ms | User: Anonymous (N/A) | IP: ::1 | RequestBody:  | ResponseBody: {"service":"Promotions API","status":"Healthy","timestamp":"2026-02-11T07:32:53.1114344Z","uptime":"0d 0h 2m 22s"}
2026-02-11 12:32:53.125 +05:00 [INF] HTTP GET /api/health responded 200 in 14.1146 ms
2026-02-11 12:32:58.088 +05:00 [INF] HTTP GET /api/health responded 200 in 0.6679 ms | User: Anonymous (N/A) | IP: ::1 | RequestBody:  | ResponseBody: {"service":"Promotions API","status":"Healthy","timestamp":"2026-02-11T07:32:58.088684Z","uptime":"0d 0h 2m 27s"}
2026-02-11 12:32:58.109 +05:00 [INF] HTTP GET /api/health responded 200 in 21.0367 ms
2026-02-11 12:33:03.094 +05:00 [INF] HTTP GET /api/health responded 200 in 2.5076 ms | User: Anonymous (N/A) | IP: ::1 | RequestBody:  | ResponseBody: {"service":"Promotions API","status":"Healthy","timestamp":"2026-02-11T07:33:03.0932135Z","uptime":"0d 0h 2m 32s"}
2026-02-11 12:33:03.116 +05:00 [INF] HTTP GET /api/health responded 200 in 24.3121 ms
2026-02-11 12:33:08.103 +05:00 [INF] HTTP GET /api/health responded 200 in 0.9770 ms | User: Anonymous (N/A) | IP: ::1 | RequestBody:  | ResponseBody: {"service":"Promotions API","status":"Healthy","timestamp":"2026-02-11T07:33:08.1034091Z","uptime":"0d 0h 2m 37s"}
2026-02-11 12:33:08.127 +05:00 [INF] HTTP GET /api/health responded 200 in 24.7235 ms
2026-02-11 12:33:13.083 +05:00 [INF] HTTP GET /api/health responded 200 in 0.5604 ms | User: Anonymous (N/A) | IP: ::1 | RequestBody:  | ResponseBody: {"service":"Promotions API","status":"Healthy","timestamp":"2026-02-11T07:33:13.0836827Z","uptime":"0d 0h 2m 42s"}
2026-02-11 12:33:13.111 +05:00 [INF] HTTP GET /api/health responded 200 in 27.9247 ms
2026-02-11 12:33:18.173 +05:00 [INF] HTTP GET /api/health responded 200 in 1.2375 ms | User: Anonymous (N/A) | IP: ::1 | RequestBody:  | ResponseBody: {"service":"Promotions API","status":"Healthy","timestamp":"2026-02-11T07:33:18.1725428Z","uptime":"0d 0h 2m 47s"}
2026-02-11 12:33:18.203 +05:00 [INF] HTTP GET /api/health responded 200 in 31.2752 ms
2026-02-11 12:33:23.102 +05:00 [INF] HTTP GET /api/health responded 200 in 2.4655 ms | User: Anonymous (N/A) | IP: ::1 | RequestBody:  | ResponseBody: {"service":"Promotions API","status":"Healthy","timestamp":"2026-02-11T07:33:23.102467Z","uptime":"0d 0h 2m 52s"}
2026-02-11 12:33:23.125 +05:00 [INF] HTTP GET /api/health responded 200 in 24.9637 ms
2026-02-11 12:33:28.098 +05:00 [INF] HTTP GET /api/health responded 200 in 2.0221 ms | User: Anonymous (N/A) | IP: ::1 | RequestBody:  | ResponseBody: {"service":"Promotions API","status":"Healthy","timestamp":"2026-02-11T07:33:28.0978621Z","uptime":"0d 0h 2m 57s"}
2026-02-11 12:33:28.111 +05:00 [INF] HTTP GET /api/health responded 200 in 14.7292 ms
2026-02-11 12:33:33.099 +05:00 [INF] HTTP GET /api/health responded 200 in 0.6323 ms | User: Anonymous (N/A) | IP: ::1 | RequestBody:  | ResponseBody: {"service":"Promotions API","status":"Healthy","timestamp":"2026-02-11T07:33:33.0995572Z","uptime":"0d 0h 3m 2s"}
2026-02-11 12:33:33.110 +05:00 [INF] HTTP GET /api/health responded 200 in 10.9919 ms
2026-02-11 12:33:36.905 +05:00 [INF] Downstream JWT validated for haris
2026-02-11 12:33:37.906 +05:00 [INF] HTTP POST /api/promotions/actions/atomic responded 200 in 1002.8079 ms | User: haris (23) | IP: ::1 | RequestBody:  | ResponseBody: 
2026-02-11 12:33:37.920 +05:00 [INF] HTTP POST /api/promotions/actions/atomic responded 200 in 1016.7910 ms
2026-02-11 12:33:39.433 +05:00 [INF] Downstream JWT validated for haris
2026-02-11 12:33:39.434 +05:00 [INF] HTTP GET /api/health responded 200 in 1.2469 ms | User: Anonymous (N/A) | IP: ::1 | RequestBody:  | ResponseBody: {"service":"Promotions API","status":"Healthy","timestamp":"2026-02-11T07:33:39.4340231Z","uptime":"0d 0h 3m 8s"}
2026-02-11 12:33:39.467 +05:00 [INF] HTTP GET /api/promotions/actions responded 200 in 35.4728 ms | User: haris (23) | IP: ::1 | RequestBody:  | ResponseBody: [{"idAction":3,"name":"PROMO_3","codDiv":"DIV_3","dteStartSellIn":"2026-02-01T00:00:00","dteEndSellIn":"2026-02-28T00:00:00","dteStartSellOut":"2026-01-25T00:00:00","dteEndSellOut":"2026-01-30T00:00:00","documentKey":"KEY_3","dteToShost":"2026-01-10T00:00:00","levParticipants":3},{"idAction":5,"name":"PROMO_5_5","codDiv":"DIV_5","dteStartSellIn":"2026-02-24T00:00:00","dteEndSellIn":"2026-02-21T00:00:00","dteStartSellOut":"2026-02-24T00:00:00","dteEndSellOut":"2026-02-27T00:00:00","documentKey":"DOC_KEY_is_5","dteToShost":"2026-01-18T00:00:00","levParticipants":55555555},{"idAction":6,"name":"PROMO_6","codDiv":"DIV_6","dteStartSellIn":"2026-02-01T00:00:00","dteEndSellIn":"2026-02-25T00:00:00","dteStartSellOut":"2026-01-15T00:00:00","dteEndSellOut":"2026-01-24T00:00:00","documentKey":"DOCC_6_KEY","dteToShost":"2026-01-15T00:00:00","levParticipants":6},{"idAction":7,"name":"PROMO_7","codDiv":"DIV_7","dteStartSellIn":"2026-02-06T12:05:00","dteEndSellIn":"2026-02-07T12:05:00","dteStartSellOut":"2026-02-08T12:05:00","dteEndSellOut":"2026-02-09T12:05:00","documentKey":"KEY_7","dteToShost":"2026-02-05T12:04:00","levParticipants":7},{"idAction":10,"name":"PROMO_10","codDiv":"DIV_10","dteStartSellIn":"2026-02-01T00:00:00","dteEndSellIn":"2026-02-26T00:00:00","dteStartSellOut":"2026-01-23T00:00:00","dteEndSellOut":"2026-01-24T00:00:00","documentKey":"DOCC_KEY_10","dteToShost":"2026-01-29T00:00:00","levParticipants":10},{"idAction":12,"name":"PROMO_12","codDiv":"DIV_12","dteStartSellIn":"2026-02-06T12:27:00","dteEndSellIn":"2026-02-07T12:27:00","dteStartSellOut":"2026-02-08T12:27:00","dteEndSellOut":"2026-02-09T12:27:00","documentKey":"KEY_12","dteToShost":"2026-02-03T12:26:00","levParticipants":12},{"idAction":24,"name":"PROMO_24","codDiv":"DIV_24","dteStartSellIn":"2026-02-05T12:48:00","dteEndSellIn":"2026-02-06T12:48:00","dteStartSellOut":"2026-02-07T12:48:00","dteEndSellOut":"2026-02-08T12:48:00","documentKey":"KEY_24","dteToShost":"2026-02-03T12:48:00","levParticipants":24},{"idAction":45,"name":"cccc","codDiv":"DIV01","dteStartSellIn":"2026-01-16T00:00:00","dteEndSellIn":"2026-01-17T00:00:00","dteStartSellOut":"2026-01-16T00:00:00","dteEndSellOut":"2026-01-17T00:00:00","documentKey":null,"dteToShost":null,"levParticipants":2},{"idAction":87,"name":"promo_87","codDiv":"DIV_87","dteStartSellIn":"2026-02-07T14:44:00","dteEndSellIn":"2026-02-10T14:44:00","dteStartSellOut":"2026-02-22T14:44:00","dteEndSellOut":"2026-02-26T14:44:00","documentKey":"KEY_87","dteToShost":"2026-02-03T14:44:00","levParticipants":87},{"idAction":98,"name":"PROMO_98","codDiv":"DIV_98","dteStartSellIn":"2026-01-08T18:25:00","dteEndSellIn":"2026-01-17T18:25:00","dteStartSellOut":"2026-01-28T18:25:00","dteEndSellOut":"2026-01-30T18:25:00","documentKey":"DOCC_98","dteToShost":"2026-01-31T18:25:00","levParticipants":98},{"idAction":100,"name":"PROMO_100","codDiv":"DIV_100","dteStartSellIn":"2026-02-11T14:08:00","dteEndSellIn":"2026-02-14T14:08:00","dteStartSellOut":"2026-02-22T14:08:00","dteEndSellOut":"2026-02-27T14:08:00","documentKey":"KEY_100","dteToShost":"2026-02-10T14:08:00","levParticipants":10},{"idAction":200,"name":"PROMO_200","codDiv":"DIV_200","dteStartSellIn":"2026-02-10T14:15:00","dteEndSellIn":"2026-02-28T14:15:00","dteStartSellOut":"2026-02-11T14:15:00","dteEndSellOut":"2026-02-23T14:15:00","documentKey":"KEY_200","dteToShost":"2026-02-14T14:14:00","levParticipants":20},{"idAction":300,"name":"PROMO_300","codDiv":"DIV_300","dteStartSellIn":"2026-02-10T12:32:00","dteEndSellIn":"2026-02-28T12:32:00","dteStartSellOut":"2026-02-16T12:32:00","dteEndSellOut":"2026-02-27T12:32:00","documentKey":"KEY_300","dteToShost":"2026-02-20T12:32:00","levParticipants":30},{"idAction":321,"name":"PROMO_321","codDiv":"DIV_A","dteStartSellIn":"2026-02-01T18:27:00","dteEndSellIn":"2026-02-28T18:27:00","dteStartSellOut":"2026-02-04T18:27:00","dteEndSellOut":"2026-02-23T18:27:00","documentKey":"KEY_A","dteToShost":"2026-02-03T18:27:00","levParticipants":1},{"idAction":1111,"name":"PROMO_1111","codDiv":"DIV_1111","dteStartSellIn":"2026-01-01T17:00:00","dteEndSellIn":"2026-01-30T17:02:00","dteStartSellOut":"2026-01-17T17:02:00","dteEndSellOut":"2026-01-28T17:02:00","documentKey":"1111_DOCC_KEY","dteToShost":"2026-01-13T17:02:00","levParticipants":11},{"idAction":2020,"name":"Spring Special 2020","codDiv":"D-2020","dteStartSellIn":"2026-01-03T12:28:00","dteEndSellIn":"2026-01-04T12:28:00","dteStartSellOut":"2026-01-05T12:28:00","dteEndSellOut":"2026-01-06T12:28:00","documentKey":"DOC-SPRING-2020","dteToShost":"2026-01-02T12:28:00","levParticipants":1},{"idAction":2222,"name":"haseeb","codDiv":"DIV02","dteStartSellIn":"2026-02-01T00:00:00","dteEndSellIn":"2026-01-11T00:00:00","dteStartSellOut":"2026-01-28T00:00:00","dteEndSellOut":"2026-01-30T00:00:00","documentKey":"","dteToShost":null,"levParticipants":2},{"idAction":2323,"name":"Winter Sale Campaign 2323","codDiv":"D-2323","dteStartSellIn":"2026-01-19T14:39:00","dteEndSellIn":"2026-01-20T14:40:00","dteStartSellOut":"2026-01-21T14:40:00","dteEndSellOut":"2026-01-22T14:40:00","documentKey":"DOC-WINTER-2323","dteToShost":"2026-01-30T14:39:00","levParticipants":1},{"idAction":5005,"name":"bbb","codDiv":"DIV5005","dteStartSellIn":"2026-01-23T00:00:00","dteEndSellIn":"2026-01-30T00:00:00","dteStartSellOut":"2026-01-26T00:00:00","dteEndSellOut":"2026-01-18T00:00:00","documentKey":"555553","dteToShost":"2026-01-19T00:00:00","levParticipants":14},{"idAction":6000,"name":"Zero Redundancy Campaign 6000","codDiv":"DIV-6000","dteStartSellIn":"2026-02-01T00:00:00","dteEndSellIn":"2026-02-24T00:00:00","dteStartSellOut":"2026-02-01T00:00:00","dteEndSellOut":"2026-02-28T00:00:00","documentKey":"DOC-6000","dteToShost":"2026-01-05T00:00:00","levParticipants":1},{"idAction":6767,"name":"XTEL Launch Promo 6767","codDiv":"DIV-6767","dteStartSellIn":"2026-02-01T00:00:00","dteEndSellIn":"2026-02-28T00:00:00","dteStartSellOut":"2026-01-22T00:00:00","dteEndSellOut":"2026-01-23T00:00:00","documentKey":"DOC-XTEL-6767","dteToShost":"2026-01-03T00:00:00","levParticipants":1},{"idAction":7000,"name":"Atomic Campaign 7000","codDiv":"DIV-7000","dteStartSellIn":"2026-01-01T00:00:00","dteEndSellIn":"2026-01-31T00:00:00","dteStartSellOut":"2026-02-01T00:00:00","dteEndSellOut":"2026-02-28T00:00:00","documentKey":"DOC-7000","dteToShost":null,"levParticipants":1},{"idAction":8888,"name":"Atomic Campaign 8888 Complete","codDiv":"DIV-8888","dteStartSellIn":"2026-01-01T00:00:00","dteEndSellIn":"2026-01-31T00:00:00","dteStartSellOut":"2026-02-01T00:00:00","dteEndSellOut":"2026-02-28T00:00:00","documentKey":"DOC-8888","dteToShost":null,"levParticipants":1},{"idAction":9000,"name":"Balanced Atomic Campaign 9000","codDiv":"DIV-9000","dteStartSellIn":"2026-01-01T00:00:00","dteEndSellIn":"2026-01-31T00:00:00","dteStartSellOut":"2026-02-01T00:00:00","dteEndSellOut":"2026-02-28T00:00:00","documentKey":"DOC-9000","dteToShost":null,"levParticipants":1},{"idAction":9999,"name":"I should not exist in DB","codDiv":"DIV-9999","dteStartSellIn":"2026-01-01T00:00:00","dteEndSellIn":"2026-01-31T00:00:00","dteStartSellOut":"2026-02-01T00:00:00","dteEndSellOut":"2026-02-28T00:00:00","documentKey":"DOC-9999","dteToShost":null,"levParticipants":1}]
2026-02-11 12:33:39.469 +05:00 [INF] HTTP GET /api/health responded 200 in 36.9791 ms
2026-02-11 12:33:39.492 +05:00 [INF] HTTP GET /api/promotions/actions responded 200 in 60.4183 ms
2026-02-11 12:33:42.685 +05:00 [INF] Downstream JWT validated for haris
2026-02-11 12:33:42.900 +05:00 [INF] HTTP GET /api/promotions/actions/300/complete responded 200 in 215.1423 ms | User: haris (23) | IP: ::1 | RequestBody:  | ResponseBody: {"promoAction":{"idAction":300,"name":"PROMO_300","codDiv":"DIV_300","dteStartSellIn":"2026-02-10T12:32:00","dteEndSellIn":"2026-02-28T12:32:00","dteStartSellOut":"2026-02-16T12:32:00","dteEndSellOut":"2026-02-27T12:32:00","documentKey":"KEY_300","dteToShost":"2026-02-20T12:32:00","levParticipants":30},"products":[{"idAction":300,"codProduct":"PRD_300","levProduct":30,"codDisplay":"DSP_300","codDiv":"DIV_300","qtyEstimated":3200.00,"perceDiscount1":4.50,"perceDiscount2":5.50,"numMeasure":0.00,"codMeasure":"MEASURE_300","details":[{"idAction":300,"codProduct":"PRD_300","levProduct":30,"codDisplay":"DSP_300","codNode":"NODE_300","codDiv":"DIV_300","flgInclusion":true,"articles":[{"idAction":300,"codProduct":"PRD_300","levProduct":30,"codDisplay":"DSP_300","codDiv":"DIV_300","codNode":"NODE_300","codNode1":"HHHHHH","codNode2":"QQQQQQQQ","codNodeN":"UUUUUUUU"}]}],"measureFields":[{"codDiv":"DIV_300","codMeasure":"MEASURE_300","fieldName":"300_PROMO","formula":"G*g/300"}]}],"articles":[{"idAction":300,"codProduct":"PRD_300","levProduct":30,"codDisplay":"DSP_300","codDiv":"DIV_300","codNode":"NODE_300","codNode1":"HHHHHH","codNode2":"QQQQQQQQ","codNodeN":"UUUUUUUU"}],"measureFields":[{"codDiv":"DIV_300","codMeasure":"MEASURE_300","fieldName":"300_PROMO","formula":"G*g/300"}],"participants":[{"idAction":300,"codParticipant":"NODE_300","flgInclusion":true,"codHier":"H_300","codDiv":"DIV_300","codNode":"NODE_300","idLevel":30,"dteStart":"0001-01-01T00:00:00"}],"deliveryPoints":[{"idAction":300,"codDeliveryPoint":"NODE_300","flgInclusion":true,"codHier":"H_300","codDiv":"DIV_300","codNode":"NODE_300","idLevel":30,"dteStart":"0001-01-01T00:00:00"}],"productDetails":[{"idAction":300,"codProduct":"PRD_300","levProduct":30,"codDisplay":"DSP_300","codNode":"NODE_300","codDiv":"DIV_300","flgInclusion":true,"articles":[{"idAction":300,"codProduct":"PRD_300","levProduct":30,"codDisplay":"DSP_300","codDiv":"DIV_300","codNode":"NODE_300","codNode1":"HHHHHH","codNode2":"QQQQQQQQ","codNodeN":"UUUUUUUU"}]}],"customers":[{"idAction":300,"codHier":"H_300","codDiv":"DIV_300","codNode":"NODE_300","idLevel":30,"dteStart":"2026-02-10T12:31:00","codParentNode":"ROOT_300","dteEnd":"2026-02-28T12:31:00"}]}
2026-02-11 12:33:42.915 +05:00 [INF] HTTP GET /api/promotions/actions/300/complete responded 200 in 230.7094 ms
2026-02-11 12:33:43.104 +05:00 [INF] HTTP GET /api/health responded 200 in 1.4655 ms | User: Anonymous (N/A) | IP: ::1 | RequestBody:  | ResponseBody: {"service":"Promotions API","status":"Healthy","timestamp":"2026-02-11T07:33:43.1043242Z","uptime":"0d 0h 3m 12s"}
2026-02-11 12:33:43.122 +05:00 [INF] HTTP GET /api/health responded 200 in 19.8222 ms
2026-02-11 12:33:48.097 +05:00 [INF] HTTP GET /api/health responded 200 in 1.2730 ms | User: Anonymous (N/A) | IP: ::1 | RequestBody:  | ResponseBody: {"service":"Promotions API","status":"Healthy","timestamp":"2026-02-11T07:33:48.0971226Z","uptime":"0d 0h 3m 17s"}
2026-02-11 12:33:48.114 +05:00 [INF] HTTP GET /api/health responded 200 in 18.6779 ms
2026-02-11 12:33:50.955 +05:00 [INF] Downstream JWT validated for haris
2026-02-11 12:33:50.998 +05:00 [INF] Downstream JWT validated for haris
2026-02-11 12:33:51.000 +05:00 [INF] HTTP GET /api/participants/all responded 200 in 46.5296 ms | User: haris (23) | IP: ::1 | RequestBody:  | ResponseBody: [{"idAction":3,"codParticipant":"N_1","flgInclusion":true,"codHier":"H_1","codDiv":"D_1","codNode":"N_1","idLevel":1,"dteStart":"2026-01-30T09:35:43.289"},{"idAction":3,"codParticipant":"NODE_3","flgInclusion":true,"codHier":"H_3","codDiv":"DIV_3","codNode":"NODE_3","idLevel":3,"dteStart":"2026-01-01T10:45:00"},{"idAction":3,"codParticipant":"NODE_5","flgInclusion":true,"codHier":"H_5","codDiv":"DIV_5","codNode":"NODE_5","idLevel":5,"dteStart":"2026-01-30T10:50:00"},{"idAction":5,"codParticipant":"NODE_5","flgInclusion":true,"codHier":"H_5","codDiv":"DIV_5","codNode":"NODE_5","idLevel":5,"dteStart":"2026-01-30T10:50:00"},{"idAction":6,"codParticipant":"N_9898","flgInclusion":true,"codHier":"H_999","codDiv":"D_5878","codNode":"N_878","idLevel":8,"dteStart":"2026-01-14T00:00:00"},{"idAction":6,"codParticipant":"NODE_3","flgInclusion":true,"codHier":"H_3","codDiv":"DIV_3","codNode":"NODE_3","idLevel":3,"dteStart":"2026-01-01T10:45:00"},{"idAction":6,"codParticipant":"NODE_5","flgInclusion":true,"codHier":"H_5","codDiv":"DIV_5","codNode":"NODE_5","idLevel":5,"dteStart":"2026-01-30T10:50:00"},{"idAction":6,"codParticipant":"NODE_6","flgInclusion":true,"codHier":"H_6","codDiv":"DIV_6","codNode":"NODE_6","idLevel":6,"dteStart":"2026-01-30T15:01:00"},{"idAction":6,"codParticipant":"NODE_676767","flgInclusion":true,"codHier":"H_676767","codDiv":"DIV_676767","codNode":"NODE_676767","idLevel":676767,"dteStart":"2026-01-31T00:00:00"},{"idAction":6,"codParticipant":"P-9000","flgInclusion":true,"codHier":"H-9000","codDiv":"DIV-9000","codNode":"CUST-9000","idLevel":10,"dteStart":"2026-01-01T00:00:00"},{"idAction":7,"codParticipant":"NODE_7","flgInclusion":true,"codHier":"H_7","codDiv":"DIV_7","codNode":"NODE_7","idLevel":7,"dteStart":"2026-02-02T12:04:00"},{"idAction":10,"codParticipant":"NODE_10","flgInclusion":true,"codHier":"H_10","codDiv":"DIV_10","codNode":"NODE_10","idLevel":10,"dteStart":"2026-01-01T14:45:00"},{"idAction":24,"codParticipant":"NODE_24","flgInclusion":true,"codHier":"H_24","codDiv":"DIV_24","codNode":"NODE_24","idLevel":24,"dteStart":"2026-02-04T12:48:00"},{"idAction":87,"codParticipant":"NODE_87","flgInclusion":true,"codHier":"H_87","codDiv":"DIV_87","codNode":"NODE_87","idLevel":87,"dteStart":"2026-02-06T14:07:00"},{"idAction":98,"codParticipant":"NODE_98","flgInclusion":true,"codHier":"H_98","codDiv":"DIV_98","codNode":"NODE_98","idLevel":98,"dteStart":"2026-01-30T18:25:00"},{"idAction":100,"codParticipant":"NODE_100","flgInclusion":true,"codHier":"H_100","codDiv":"DIV_100","codNode":"NODE_100","idLevel":10,"dteStart":"2026-02-09T13:54:00"},{"idAction":200,"codParticipant":"NODE_200","flgInclusion":true,"codHier":"H_200","codDiv":"DIV_200","codNode":"NODE_200","idLevel":20,"dteStart":"2026-02-10T14:14:00"},{"idAction":300,"codParticipant":"NODE_300","flgInclusion":true,"codHier":"H_300","codDiv":"DIV_300","codNode":"NODE_300","idLevel":30,"dteStart":"2026-02-10T12:31:00"},{"idAction":321,"codParticipant":"NODE_A","flgInclusion":true,"codHier":"H_A","codDiv":"DIV_A","codNode":"NODE_A","idLevel":1,"dteStart":"2026-02-01T18:26:00"},{"idAction":1111,"codParticipant":"NODE_1111","flgInclusion":true,"codHier":"H_1111","codDiv":"DIV_1111","codNode":"NODE_1111","idLevel":11,"dteStart":"2026-01-01T17:00:00"},{"idAction":2323,"codParticipant":"P-2323","flgInclusion":true,"codHier":"H-2323","codDiv":"D-2323","codNode":"C-2323","idLevel":4,"dteStart":"2026-01-01T12:48:00"},{"idAction":5005,"codParticipant":"","flgInclusion":true,"codHier":"H-9999","codDiv":"DIV-9999","codNode":"CUST-9999","idLevel":10,"dteStart":"2026-01-01T00:00:00"},{"idAction":6000,"codParticipant":"P-6000","flgInclusion":true,"codHier":"H-6000","codDiv":"DIV-6000","codNode":"CUST-6000","idLevel":10,"dteStart":"2026-01-01T00:00:00"},{"idAction":6767,"codParticipant":"P-6767","flgInclusion":false,"codHier":"H-6767","codDiv":"DIV-6767","codNode":"CUST-6767","idLevel":5,"dteStart":"2026-01-01T12:15:00"},{"idAction":7000,"codParticipant":"P-7000","flgInclusion":true,"codHier":"H-7000","codDiv":"DIV-7000","codNode":"CUST-7000","idLevel":10,"dteStart":"2026-01-01T00:00:00"},{"idAction":8888,"codParticipant":"P-8888","flgInclusion":true,"codHier":"H-8888","codDiv":"DIV-8888","codNode":"CUST-8888","idLevel":10,"dteStart":"2026-01-01T00:00:00"},{"idAction":9000,"codParticipant":"P-9000","flgInclusion":true,"codHier":"H-9000","codDiv":"DIV-9000","codNode":"CUST-9000","idLevel":10,"dteStart":"2026-01-01T00:00:00"},{"idAction":9999,"codParticipant":"P-9999","flgInclusion":true,"codHier":"H-9999","codDiv":"DIV-9999","codNode":"CUST-9999","idLevel":10,"dteStart":"2026-01-01T00:00:00"}]
2026-02-11 12:33:51.018 +05:00 [INF] HTTP GET /api/promotions/customer-relations responded 200 in 20.4356 ms | User: haris (23) | IP: ::1 | RequestBody:  | ResponseBody: [{"idAction":0,"codHier":"5555","codDiv":"div5555","codNode":"f5555","idLevel":1,"dteStart":"2026-01-15T00:00:00","codParentNode":"root","dteEnd":null},{"idAction":0,"codHier":"56","codDiv":"565","codNode":"56","idLevel":55,"dteStart":"2026-01-29T00:44:00","codParentNode":"haseeb","dteEnd":"2026-01-26T00:44:00"},{"idAction":0,"codHier":"H_1","codDiv":"D_1","codNode":"D_1","idLevel":1,"dteStart":"2026-01-30T00:00:00","codParentNode":"ROOT","dteEnd":null},{"idAction":0,"codHier":"H_1","codDiv":"D_1","codNode":"N_1","idLevel":1,"dteStart":"2026-01-30T09:35:43.289","codParentNode":"ROOT","dteEnd":null},{"idAction":0,"codHier":"H_10","codDiv":"DIV_10","codNode":"NODE_10","idLevel":10,"dteStart":"2026-01-01T14:45:00","codParentNode":"ROOT_10","dteEnd":"2026-01-31T14:44:00"},{"idAction":0,"codHier":"H_100","codDiv":"DIV_100","codNode":"NODE_100","idLevel":10,"dteStart":"2026-02-09T13:54:00","codParentNode":"ROOT_100","dteEnd":"2026-02-10T13:54:00"},{"idAction":0,"codHier":"H_1111","codDiv":"DIV_1111","codNode":"NODE_1111","idLevel":11,"dteStart":"2026-01-01T17:00:00","codParentNode":"ROOT_1111","dteEnd":"2026-01-30T17:01:00"},{"idAction":0,"codHier":"H_12","codDiv":"DIV_12","codNode":"NODE_12","idLevel":12,"dteStart":"2026-02-03T12:26:00","codParentNode":"ROOT_12","dteEnd":"2026-02-06T12:26:00"},{"idAction":0,"codHier":"H_17","codDiv":"DIV_17","codNode":"NODE_17","idLevel":17,"dteStart":"2026-02-07T15:44:00","codParentNode":"ROOT_17","dteEnd":"2026-02-24T15:44:00"},{"idAction":0,"codHier":"H_19","codDiv":"DIV_19","codNode":"NODE_19","idLevel":19,"dteStart":"2026-02-04T13:59:00","codParentNode":"ROOT_19","dteEnd":"2026-02-05T13:59:00"},{"idAction":0,"codHier":"H_200","codDiv":"DIV_200","codNode":"NODE_200","idLevel":20,"dteStart":"2026-02-10T14:14:00","codParentNode":"ROOT_200","dteEnd":"2026-02-24T14:14:00"},{"idAction":0,"codHier":"H_21","codDiv":"DIV_21","codNode":"NODE_21","idLevel":21,"dteStart":"2026-02-05T14:01:00","codParentNode":"ROOT_21","dteEnd":"2026-02-07T14:01:00"},{"idAction":0,"codHier":"H_222","codDiv":"DIV_222","codNode":"NODE_222","idLevel":222,"dteStart":"2026-02-04T12:53:00","codParentNode":"ROOT_222","dteEnd":"2026-02-06T12:53:00"},{"idAction":0,"codHier":"H_24","codDiv":"DIV_24","codNode":"NODE_24","idLevel":24,"dteStart":"2026-02-04T12:48:00","codParentNode":"ROOT_24","dteEnd":"2026-02-05T12:48:00"},{"idAction":0,"codHier":"H_25","codDiv":"DIV_25","codNode":"NODE_25","idLevel":25,"dteStart":"2026-02-10T14:04:00","codParentNode":"ROOT_25","dteEnd":"2026-02-11T14:04:00"},{"idAction":0,"codHier":"H_3","codDiv":"DIV_3","codNode":"NODE_3","idLevel":3,"dteStart":"2026-01-01T10:45:00","codParentNode":"ROOT_3","dteEnd":"2026-01-30T10:44:00"},{"idAction":0,"codHier":"H_300","codDiv":"DIV_300","codNode":"NODE_300","idLevel":30,"dteStart":"2026-02-10T12:31:00","codParentNode":"ROOT_300","dteEnd":"2026-02-28T12:31:00"},{"idAction":0,"codHier":"H_5","codDiv":"DIV_5","codNode":"NODE_5","idLevel":5,"dteStart":"2026-01-30T10:50:00","codParentNode":"ROOT_5","dteEnd":"2026-01-31T10:48:00"},{"idAction":0,"codHier":"H_6","codDiv":"DIV_6","codNode":"NODE_6","idLevel":6,"dteStart":"2026-01-30T15:01:00","codParentNode":"ROOT_6","dteEnd":"2026-01-31T15:01:00"},{"idAction":0,"codHier":"H_656565","codDiv":"DIV_656565","codNode":"C_656565","idLevel":9,"dteStart":"2026-01-20T00:00:00","codParentNode":"ROOT","dteEnd":null},{"idAction":0,"codHier":"H_676767","codDiv":"DIV_676767","codNode":"NODE_676767","idLevel":676767,"dteStart":"2026-01-31T00:00:00","codParentNode":"ROOT","dteEnd":null},{"idAction":0,"codHier":"H_7","codDiv":"DIV_7","codNode":"NODE_7","idLevel":7,"dteStart":"2026-02-02T12:04:00","codParentNode":"ROOT_7","dteEnd":"2026-02-04T12:04:00"},{"idAction":0,"codHier":"H_87","codDiv":"DIV_87","codNode":"NODE_87","idLevel":87,"dteStart":"2026-02-06T14:07:00","codParentNode":"ROOT_87","dteEnd":"2026-02-26T14:07:00"},{"idAction":0,"codHier":"H_98","codDiv":"DIV_98","codNode":"NODE_98","idLevel":98,"dteStart":"2026-01-30T18:25:00","codParentNode":"ROOT_98","dteEnd":"2026-01-31T18:25:00"},{"idAction":0,"codHier":"H_999","codDiv":"D_5878","codNode":"N_878","idLevel":8,"dteStart":"2026-01-14T00:00:00","codParentNode":"ROOT","dteEnd":null},{"idAction":0,"codHier":"H_A","codDiv":"DIV_A","codNode":"NODE_A","idLevel":1,"dteStart":"2026-02-01T18:26:00","codParentNode":"ROOT_A","dteEnd":"2026-02-14T18:26:00"},{"idAction":0,"codHier":"H-1010","codDiv":"D-1010","codNode":"C-1010","idLevel":1,"dteStart":"2026-01-01T11:54:00","codParentNode":"root","dteEnd":"2026-01-12T11:54:00"},{"idAction":0,"codHier":"H-11","codDiv":"DIV-11","codNode":"C-11","idLevel":11,"dteStart":"2026-01-01T15:05:00","codParentNode":"ROOT","dteEnd":"2026-01-31T15:05:00"},{"idAction":0,"codHier":"H-1111","codDiv":"DIV-1111","codNode":"CUST-1111","idLevel":10,"dteStart":"2026-01-01T00:00:00","codParentNode":"ROOT","dteEnd":null},{"idAction":0,"codHier":"H-1414","codDiv":"D-1414","codNode":"C-1414","idLevel":4,"dteStart":"2026-01-01T14:45:00","codParentNode":"ROOT","dteEnd":"2026-01-15T14:45:00"},{"idAction":0,"codHier":"H-2","codDiv":"DIV-2","codNode":"CUST-2","idLevel":2,"dteStart":"2026-01-01T12:40:00","codParentNode":"ROOT","dteEnd":"2026-01-16T12:37:00"},{"idAction":0,"codHier":"H-2","codDiv":"DIV-2","codNode":"CUST-2","idLevel":2,"dteStart":"2026-01-21T12:37:00","codParentNode":"ROOT","dteEnd":"2026-01-24T12:37:00"},{"idAction":0,"codHier":"H-2020","codDiv":"D-2020","codNode":"C-2020","idLevel":2,"dteStart":"2026-01-02T12:27:00","codParentNode":"root","dteEnd":"2026-01-30T12:27:00"},{"idAction":0,"codHier":"H-2255","codDiv":"DIV-2255","codNode":"CUST-2255","idLevel":10,"dteStart":"2026-01-01T00:00:00","codParentNode":"ROOT","dteEnd":null},{"idAction":0,"codHier":"H-2323","codDiv":"D-2323","codNode":"C-2323","idLevel":4,"dteStart":"2026-01-01T12:48:00","codParentNode":"ROOT","dteEnd":"2026-01-12T12:49:00"},{"idAction":0,"codHier":"H-3333","codDiv":"DIV-3333","codNode":"CUST-3333","idLevel":10,"dteStart":"2026-01-01T00:00:00","codParentNode":"ROOT","dteEnd":null},{"idAction":0,"codHier":"H-3344","codDiv":"DIV-3345","codNode":"CUST-3345","idLevel":10,"dteStart":"2026-01-01T00:00:00","codParentNode":"ROOT","dteEnd":null},{"idAction":0,"codHier":"H-3345","codDiv":"DIV-3345","codNode":"CUST-3345","idLevel":10,"dteStart":"2026-01-01T00:00:00","codParentNode":"ROOT","dteEnd":null},{"idAction":0,"codHier":"H-4","codDiv":"DIV-4","codNode":"CUST-4","idLevel":4,"dteStart":"2026-01-01T14:44:00","codParentNode":"ROOT","dteEnd":"2026-01-02T14:44:00"},{"idAction":0,"codHier":"H-5555","codDiv":"DIV-5555","codNode":"CUST-5555","idLevel":10,"dteStart":"2026-01-01T00:00:00","codParentNode":"ROOT","dteEnd":null},{"idAction":0,"codHier":"H-6000","codDiv":"DIV-6000","codNode":"CUST-6000","idLevel":10,"dteStart":"2026-01-01T00:00:00","codParentNode":"ROOT","dteEnd":"2026-12-31T00:00:00"},{"idAction":0,"codHier":"H-6666","codDiv":"DIV-6666","codNode":"CUST-6666","idLevel":10,"dteStart":"2026-01-17T01:30:00","codParentNode":"ROOT","dteEnd":"2026-01-18T01:30:00"},{"idAction":0,"codHier":"H-6767","codDiv":"DIV-6767","codNode":"CUST-6767","idLevel":5,"dteStart":"2026-01-01T12:15:00","codParentNode":"ROOT","dteEnd":"2026-01-08T12:15:00"},{"idAction":0,"codHier":"H-7000","codDiv":"DIV-7000","codNode":"CUST-7000","idLevel":10,"dteStart":"2026-01-01T00:00:00","codParentNode":"ROOT","dteEnd":null},{"idAction":0,"codHier":"H-7777","codDiv":"DIV-7777","codNode":"CUST-7777","idLevel":10,"dteStart":"2026-01-01T00:00:00","codParentNode":"ROOT","dteEnd":null},{"idAction":0,"codHier":"H-7878","codDiv":"DIV-7878","codNode":"CUST-7878","idLevel":3,"dteStart":"2026-01-18T11:43:00","codParentNode":"ROOT","dteEnd":"2026-01-19T11:43:00"},{"idAction":0,"codHier":"H-8000","codDiv":"DIV-8000","codNode":"CUST-8000","idLevel":10,"dteStart":"2026-01-01T00:00:00","codParentNode":"ROOT","dteEnd":null},{"idAction":0,"codHier":"H-8888","codDiv":"DIV-8888","codNode":"CUST-8888","idLevel":10,"dteStart":"2026-01-01T00:00:00","codParentNode":"ROOT","dteEnd":null},{"idAction":0,"codHier":"H-9000","codDiv":"DIV-9000","codNode":"CUST-9000","idLevel":10,"dteStart":"2026-01-01T00:00:00","codParentNode":"ROOT","dteEnd":null},{"idAction":0,"codHier":"H-9999","codDiv":"DIV-9999","codNode":"CUST-9999","idLevel":10,"dteStart":"2026-01-01T00:00:00","codParentNode":"ROOT","dteEnd":null},{"idAction":0,"codHier":"HIER_CORP","codDiv":"DIV01","codNode":"NODE_9111","idLevel":1,"dteStart":"2026-01-15T00:00:00","codParentNode":"ROOT_NODE","dteEnd":null}]
2026-02-11 12:33:51.019 +05:00 [INF] HTTP GET /api/participants/all responded 200 in 64.9627 ms
2026-02-11 12:33:51.031 +05:00 [INF] HTTP GET /api/promotions/customer-relations responded 200 in 33.1410 ms
2026-02-11 12:33:51.152 +05:00 [INF] Downstream JWT validated for haris
2026-02-11 12:33:51.159 +05:00 [INF] Downstream JWT validated for haris
2026-02-11 12:33:51.186 +05:00 [INF] HTTP GET /api/promotions/customer-relations responded 200 in 28.2333 ms | User: haris (23) | IP: ::1 | RequestBody:  | ResponseBody: [{"idAction":0,"codHier":"5555","codDiv":"div5555","codNode":"f5555","idLevel":1,"dteStart":"2026-01-15T00:00:00","codParentNode":"root","dteEnd":null},{"idAction":0,"codHier":"56","codDiv":"565","codNode":"56","idLevel":55,"dteStart":"2026-01-29T00:44:00","codParentNode":"haseeb","dteEnd":"2026-01-26T00:44:00"},{"idAction":0,"codHier":"H_1","codDiv":"D_1","codNode":"D_1","idLevel":1,"dteStart":"2026-01-30T00:00:00","codParentNode":"ROOT","dteEnd":null},{"idAction":0,"codHier":"H_1","codDiv":"D_1","codNode":"N_1","idLevel":1,"dteStart":"2026-01-30T09:35:43.289","codParentNode":"ROOT","dteEnd":null},{"idAction":0,"codHier":"H_10","codDiv":"DIV_10","codNode":"NODE_10","idLevel":10,"dteStart":"2026-01-01T14:45:00","codParentNode":"ROOT_10","dteEnd":"2026-01-31T14:44:00"},{"idAction":0,"codHier":"H_100","codDiv":"DIV_100","codNode":"NODE_100","idLevel":10,"dteStart":"2026-02-09T13:54:00","codParentNode":"ROOT_100","dteEnd":"2026-02-10T13:54:00"},{"idAction":0,"codHier":"H_1111","codDiv":"DIV_1111","codNode":"NODE_1111","idLevel":11,"dteStart":"2026-01-01T17:00:00","codParentNode":"ROOT_1111","dteEnd":"2026-01-30T17:01:00"},{"idAction":0,"codHier":"H_12","codDiv":"DIV_12","codNode":"NODE_12","idLevel":12,"dteStart":"2026-02-03T12:26:00","codParentNode":"ROOT_12","dteEnd":"2026-02-06T12:26:00"},{"idAction":0,"codHier":"H_17","codDiv":"DIV_17","codNode":"NODE_17","idLevel":17,"dteStart":"2026-02-07T15:44:00","codParentNode":"ROOT_17","dteEnd":"2026-02-24T15:44:00"},{"idAction":0,"codHier":"H_19","codDiv":"DIV_19","codNode":"NODE_19","idLevel":19,"dteStart":"2026-02-04T13:59:00","codParentNode":"ROOT_19","dteEnd":"2026-02-05T13:59:00"},{"idAction":0,"codHier":"H_200","codDiv":"DIV_200","codNode":"NODE_200","idLevel":20,"dteStart":"2026-02-10T14:14:00","codParentNode":"ROOT_200","dteEnd":"2026-02-24T14:14:00"},{"idAction":0,"codHier":"H_21","codDiv":"DIV_21","codNode":"NODE_21","idLevel":21,"dteStart":"2026-02-05T14:01:00","codParentNode":"ROOT_21","dteEnd":"2026-02-07T14:01:00"},{"idAction":0,"codHier":"H_222","codDiv":"DIV_222","codNode":"NODE_222","idLevel":222,"dteStart":"2026-02-04T12:53:00","codParentNode":"ROOT_222","dteEnd":"2026-02-06T12:53:00"},{"idAction":0,"codHier":"H_24","codDiv":"DIV_24","codNode":"NODE_24","idLevel":24,"dteStart":"2026-02-04T12:48:00","codParentNode":"ROOT_24","dteEnd":"2026-02-05T12:48:00"},{"idAction":0,"codHier":"H_25","codDiv":"DIV_25","codNode":"NODE_25","idLevel":25,"dteStart":"2026-02-10T14:04:00","codParentNode":"ROOT_25","dteEnd":"2026-02-11T14:04:00"},{"idAction":0,"codHier":"H_3","codDiv":"DIV_3","codNode":"NODE_3","idLevel":3,"dteStart":"2026-01-01T10:45:00","codParentNode":"ROOT_3","dteEnd":"2026-01-30T10:44:00"},{"idAction":0,"codHier":"H_300","codDiv":"DIV_300","codNode":"NODE_300","idLevel":30,"dteStart":"2026-02-10T12:31:00","codParentNode":"ROOT_300","dteEnd":"2026-02-28T12:31:00"},{"idAction":0,"codHier":"H_5","codDiv":"DIV_5","codNode":"NODE_5","idLevel":5,"dteStart":"2026-01-30T10:50:00","codParentNode":"ROOT_5","dteEnd":"2026-01-31T10:48:00"},{"idAction":0,"codHier":"H_6","codDiv":"DIV_6","codNode":"NODE_6","idLevel":6,"dteStart":"2026-01-30T15:01:00","codParentNode":"ROOT_6","dteEnd":"2026-01-31T15:01:00"},{"idAction":0,"codHier":"H_656565","codDiv":"DIV_656565","codNode":"C_656565","idLevel":9,"dteStart":"2026-01-20T00:00:00","codParentNode":"ROOT","dteEnd":null},{"idAction":0,"codHier":"H_676767","codDiv":"DIV_676767","codNode":"NODE_676767","idLevel":676767,"dteStart":"2026-01-31T00:00:00","codParentNode":"ROOT","dteEnd":null},{"idAction":0,"codHier":"H_7","codDiv":"DIV_7","codNode":"NODE_7","idLevel":7,"dteStart":"2026-02-02T12:04:00","codParentNode":"ROOT_7","dteEnd":"2026-02-04T12:04:00"},{"idAction":0,"codHier":"H_87","codDiv":"DIV_87","codNode":"NODE_87","idLevel":87,"dteStart":"2026-02-06T14:07:00","codParentNode":"ROOT_87","dteEnd":"2026-02-26T14:07:00"},{"idAction":0,"codHier":"H_98","codDiv":"DIV_98","codNode":"NODE_98","idLevel":98,"dteStart":"2026-01-30T18:25:00","codParentNode":"ROOT_98","dteEnd":"2026-01-31T18:25:00"},{"idAction":0,"codHier":"H_999","codDiv":"D_5878","codNode":"N_878","idLevel":8,"dteStart":"2026-01-14T00:00:00","codParentNode":"ROOT","dteEnd":null},{"idAction":0,"codHier":"H_A","codDiv":"DIV_A","codNode":"NODE_A","idLevel":1,"dteStart":"2026-02-01T18:26:00","codParentNode":"ROOT_A","dteEnd":"2026-02-14T18:26:00"},{"idAction":0,"codHier":"H-1010","codDiv":"D-1010","codNode":"C-1010","idLevel":1,"dteStart":"2026-01-01T11:54:00","codParentNode":"root","dteEnd":"2026-01-12T11:54:00"},{"idAction":0,"codHier":"H-11","codDiv":"DIV-11","codNode":"C-11","idLevel":11,"dteStart":"2026-01-01T15:05:00","codParentNode":"ROOT","dteEnd":"2026-01-31T15:05:00"},{"idAction":0,"codHier":"H-1111","codDiv":"DIV-1111","codNode":"CUST-1111","idLevel":10,"dteStart":"2026-01-01T00:00:00","codParentNode":"ROOT","dteEnd":null},{"idAction":0,"codHier":"H-1414","codDiv":"D-1414","codNode":"C-1414","idLevel":4,"dteStart":"2026-01-01T14:45:00","codParentNode":"ROOT","dteEnd":"2026-01-15T14:45:00"},{"idAction":0,"codHier":"H-2","codDiv":"DIV-2","codNode":"CUST-2","idLevel":2,"dteStart":"2026-01-01T12:40:00","codParentNode":"ROOT","dteEnd":"2026-01-16T12:37:00"},{"idAction":0,"codHier":"H-2","codDiv":"DIV-2","codNode":"CUST-2","idLevel":2,"dteStart":"2026-01-21T12:37:00","codParentNode":"ROOT","dteEnd":"2026-01-24T12:37:00"},{"idAction":0,"codHier":"H-2020","codDiv":"D-2020","codNode":"C-2020","idLevel":2,"dteStart":"2026-01-02T12:27:00","codParentNode":"root","dteEnd":"2026-01-30T12:27:00"},{"idAction":0,"codHier":"H-2255","codDiv":"DIV-2255","codNode":"CUST-2255","idLevel":10,"dteStart":"2026-01-01T00:00:00","codParentNode":"ROOT","dteEnd":null},{"idAction":0,"codHier":"H-2323","codDiv":"D-2323","codNode":"C-2323","idLevel":4,"dteStart":"2026-01-01T12:48:00","codParentNode":"ROOT","dteEnd":"2026-01-12T12:49:00"},{"idAction":0,"codHier":"H-3333","codDiv":"DIV-3333","codNode":"CUST-3333","idLevel":10,"dteStart":"2026-01-01T00:00:00","codParentNode":"ROOT","dteEnd":null},{"idAction":0,"codHier":"H-3344","codDiv":"DIV-3345","codNode":"CUST-3345","idLevel":10,"dteStart":"2026-01-01T00:00:00","codParentNode":"ROOT","dteEnd":null},{"idAction":0,"codHier":"H-3345","codDiv":"DIV-3345","codNode":"CUST-3345","idLevel":10,"dteStart":"2026-01-01T00:00:00","codParentNode":"ROOT","dteEnd":null},{"idAction":0,"codHier":"H-4","codDiv":"DIV-4","codNode":"CUST-4","idLevel":4,"dteStart":"2026-01-01T14:44:00","codParentNode":"ROOT","dteEnd":"2026-01-02T14:44:00"},{"idAction":0,"codHier":"H-5555","codDiv":"DIV-5555","codNode":"CUST-5555","idLevel":10,"dteStart":"2026-01-01T00:00:00","codParentNode":"ROOT","dteEnd":null},{"idAction":0,"codHier":"H-6000","codDiv":"DIV-6000","codNode":"CUST-6000","idLevel":10,"dteStart":"2026-01-01T00:00:00","codParentNode":"ROOT","dteEnd":"2026-12-31T00:00:00"},{"idAction":0,"codHier":"H-6666","codDiv":"DIV-6666","codNode":"CUST-6666","idLevel":10,"dteStart":"2026-01-17T01:30:00","codParentNode":"ROOT","dteEnd":"2026-01-18T01:30:00"},{"idAction":0,"codHier":"H-6767","codDiv":"DIV-6767","codNode":"CUST-6767","idLevel":5,"dteStart":"2026-01-01T12:15:00","codParentNode":"ROOT","dteEnd":"2026-01-08T12:15:00"},{"idAction":0,"codHier":"H-7000","codDiv":"DIV-7000","codNode":"CUST-7000","idLevel":10,"dteStart":"2026-01-01T00:00:00","codParentNode":"ROOT","dteEnd":null},{"idAction":0,"codHier":"H-7777","codDiv":"DIV-7777","codNode":"CUST-7777","idLevel":10,"dteStart":"2026-01-01T00:00:00","codParentNode":"ROOT","dteEnd":null},{"idAction":0,"codHier":"H-7878","codDiv":"DIV-7878","codNode":"CUST-7878","idLevel":3,"dteStart":"2026-01-18T11:43:00","codParentNode":"ROOT","dteEnd":"2026-01-19T11:43:00"},{"idAction":0,"codHier":"H-8000","codDiv":"DIV-8000","codNode":"CUST-8000","idLevel":10,"dteStart":"2026-01-01T00:00:00","codParentNode":"ROOT","dteEnd":null},{"idAction":0,"codHier":"H-8888","codDiv":"DIV-8888","codNode":"CUST-8888","idLevel":10,"dteStart":"2026-01-01T00:00:00","codParentNode":"ROOT","dteEnd":null},{"idAction":0,"codHier":"H-9000","codDiv":"DIV-9000","codNode":"CUST-9000","idLevel":10,"dteStart":"2026-01-01T00:00:00","codParentNode":"ROOT","dteEnd":null},{"idAction":0,"codHier":"H-9999","codDiv":"DIV-9999","codNode":"CUST-9999","idLevel":10,"dteStart":"2026-01-01T00:00:00","codParentNode":"ROOT","dteEnd":null},{"idAction":0,"codHier":"HIER_CORP","codDiv":"DIV01","codNode":"NODE_9111","idLevel":1,"dteStart":"2026-01-15T00:00:00","codParentNode":"ROOT_NODE","dteEnd":null}]
2026-02-11 12:33:51.187 +05:00 [INF] HTTP GET /api/participants/all responded 200 in 35.6653 ms | User: haris (23) | IP: ::1 | RequestBody:  | ResponseBody: [{"idAction":3,"codParticipant":"N_1","flgInclusion":true,"codHier":"H_1","codDiv":"D_1","codNode":"N_1","idLevel":1,"dteStart":"2026-01-30T09:35:43.289"},{"idAction":3,"codParticipant":"NODE_3","flgInclusion":true,"codHier":"H_3","codDiv":"DIV_3","codNode":"NODE_3","idLevel":3,"dteStart":"2026-01-01T10:45:00"},{"idAction":3,"codParticipant":"NODE_5","flgInclusion":true,"codHier":"H_5","codDiv":"DIV_5","codNode":"NODE_5","idLevel":5,"dteStart":"2026-01-30T10:50:00"},{"idAction":5,"codParticipant":"NODE_5","flgInclusion":true,"codHier":"H_5","codDiv":"DIV_5","codNode":"NODE_5","idLevel":5,"dteStart":"2026-01-30T10:50:00"},{"idAction":6,"codParticipant":"N_9898","flgInclusion":true,"codHier":"H_999","codDiv":"D_5878","codNode":"N_878","idLevel":8,"dteStart":"2026-01-14T00:00:00"},{"idAction":6,"codParticipant":"NODE_3","flgInclusion":true,"codHier":"H_3","codDiv":"DIV_3","codNode":"NODE_3","idLevel":3,"dteStart":"2026-01-01T10:45:00"},{"idAction":6,"codParticipant":"NODE_5","flgInclusion":true,"codHier":"H_5","codDiv":"DIV_5","codNode":"NODE_5","idLevel":5,"dteStart":"2026-01-30T10:50:00"},{"idAction":6,"codParticipant":"NODE_6","flgInclusion":true,"codHier":"H_6","codDiv":"DIV_6","codNode":"NODE_6","idLevel":6,"dteStart":"2026-01-30T15:01:00"},{"idAction":6,"codParticipant":"NODE_676767","flgInclusion":true,"codHier":"H_676767","codDiv":"DIV_676767","codNode":"NODE_676767","idLevel":676767,"dteStart":"2026-01-31T00:00:00"},{"idAction":6,"codParticipant":"P-9000","flgInclusion":true,"codHier":"H-9000","codDiv":"DIV-9000","codNode":"CUST-9000","idLevel":10,"dteStart":"2026-01-01T00:00:00"},{"idAction":7,"codParticipant":"NODE_7","flgInclusion":true,"codHier":"H_7","codDiv":"DIV_7","codNode":"NODE_7","idLevel":7,"dteStart":"2026-02-02T12:04:00"},{"idAction":10,"codParticipant":"NODE_10","flgInclusion":true,"codHier":"H_10","codDiv":"DIV_10","codNode":"NODE_10","idLevel":10,"dteStart":"2026-01-01T14:45:00"},{"idAction":24,"codParticipant":"NODE_24","flgInclusion":true,"codHier":"H_24","codDiv":"DIV_24","codNode":"NODE_24","idLevel":24,"dteStart":"2026-02-04T12:48:00"},{"idAction":87,"codParticipant":"NODE_87","flgInclusion":true,"codHier":"H_87","codDiv":"DIV_87","codNode":"NODE_87","idLevel":87,"dteStart":"2026-02-06T14:07:00"},{"idAction":98,"codParticipant":"NODE_98","flgInclusion":true,"codHier":"H_98","codDiv":"DIV_98","codNode":"NODE_98","idLevel":98,"dteStart":"2026-01-30T18:25:00"},{"idAction":100,"codParticipant":"NODE_100","flgInclusion":true,"codHier":"H_100","codDiv":"DIV_100","codNode":"NODE_100","idLevel":10,"dteStart":"2026-02-09T13:54:00"},{"idAction":200,"codParticipant":"NODE_200","flgInclusion":true,"codHier":"H_200","codDiv":"DIV_200","codNode":"NODE_200","idLevel":20,"dteStart":"2026-02-10T14:14:00"},{"idAction":300,"codParticipant":"NODE_300","flgInclusion":true,"codHier":"H_300","codDiv":"DIV_300","codNode":"NODE_300","idLevel":30,"dteStart":"2026-02-10T12:31:00"},{"idAction":321,"codParticipant":"NODE_A","flgInclusion":true,"codHier":"H_A","codDiv":"DIV_A","codNode":"NODE_A","idLevel":1,"dteStart":"2026-02-01T18:26:00"},{"idAction":1111,"codParticipant":"NODE_1111","flgInclusion":true,"codHier":"H_1111","codDiv":"DIV_1111","codNode":"NODE_1111","idLevel":11,"dteStart":"2026-01-01T17:00:00"},{"idAction":2323,"codParticipant":"P-2323","flgInclusion":true,"codHier":"H-2323","codDiv":"D-2323","codNode":"C-2323","idLevel":4,"dteStart":"2026-01-01T12:48:00"},{"idAction":5005,"codParticipant":"","flgInclusion":true,"codHier":"H-9999","codDiv":"DIV-9999","codNode":"CUST-9999","idLevel":10,"dteStart":"2026-01-01T00:00:00"},{"idAction":6000,"codParticipant":"P-6000","flgInclusion":true,"codHier":"H-6000","codDiv":"DIV-6000","codNode":"CUST-6000","idLevel":10,"dteStart":"2026-01-01T00:00:00"},{"idAction":6767,"codParticipant":"P-6767","flgInclusion":false,"codHier":"H-6767","codDiv":"DIV-6767","codNode":"CUST-6767","idLevel":5,"dteStart":"2026-01-01T12:15:00"},{"idAction":7000,"codParticipant":"P-7000","flgInclusion":true,"codHier":"H-7000","codDiv":"DIV-7000","codNode":"CUST-7000","idLevel":10,"dteStart":"2026-01-01T00:00:00"},{"idAction":8888,"codParticipant":"P-8888","flgInclusion":true,"codHier":"H-8888","codDiv":"DIV-8888","codNode":"CUST-8888","idLevel":10,"dteStart":"2026-01-01T00:00:00"},{"idAction":9000,"codParticipant":"P-9000","flgInclusion":true,"codHier":"H-9000","codDiv":"DIV-9000","codNode":"CUST-9000","idLevel":10,"dteStart":"2026-01-01T00:00:00"},{"idAction":9999,"codParticipant":"P-9999","flgInclusion":true,"codHier":"H-9999","codDiv":"DIV-9999","codNode":"CUST-9999","idLevel":10,"dteStart":"2026-01-01T00:00:00"}]
2026-02-11 12:33:51.194 +05:00 [INF] HTTP GET /api/promotions/customer-relations responded 200 in 36.5051 ms
2026-02-11 12:33:51.201 +05:00 [INF] HTTP GET /api/participants/all responded 200 in 49.7406 ms
2026-02-11 12:33:53.103 +05:00 [INF] HTTP GET /api/health responded 200 in 1.1394 ms | User: Anonymous (N/A) | IP: ::1 | RequestBody:  | ResponseBody: {"service":"Promotions API","status":"Healthy","timestamp":"2026-02-11T07:33:53.1036729Z","uptime":"0d 0h 3m 22s"}
2026-02-11 12:33:53.120 +05:00 [INF] HTTP GET /api/health responded 200 in 18.2134 ms
2026-02-11 12:33:54.037 +05:00 [INF] Downstream JWT validated for haris
2026-02-11 12:33:54.060 +05:00 [INF] HTTP GET /api/promotions/actions responded 200 in 23.5761 ms | User: haris (23) | IP: ::1 | RequestBody:  | ResponseBody: [{"idAction":3,"name":"PROMO_3","codDiv":"DIV_3","dteStartSellIn":"2026-02-01T00:00:00","dteEndSellIn":"2026-02-28T00:00:00","dteStartSellOut":"2026-01-25T00:00:00","dteEndSellOut":"2026-01-30T00:00:00","documentKey":"KEY_3","dteToShost":"2026-01-10T00:00:00","levParticipants":3},{"idAction":5,"name":"PROMO_5_5","codDiv":"DIV_5","dteStartSellIn":"2026-02-24T00:00:00","dteEndSellIn":"2026-02-21T00:00:00","dteStartSellOut":"2026-02-24T00:00:00","dteEndSellOut":"2026-02-27T00:00:00","documentKey":"DOC_KEY_is_5","dteToShost":"2026-01-18T00:00:00","levParticipants":55555555},{"idAction":6,"name":"PROMO_6","codDiv":"DIV_6","dteStartSellIn":"2026-02-01T00:00:00","dteEndSellIn":"2026-02-25T00:00:00","dteStartSellOut":"2026-01-15T00:00:00","dteEndSellOut":"2026-01-24T00:00:00","documentKey":"DOCC_6_KEY","dteToShost":"2026-01-15T00:00:00","levParticipants":6},{"idAction":7,"name":"PROMO_7","codDiv":"DIV_7","dteStartSellIn":"2026-02-06T12:05:00","dteEndSellIn":"2026-02-07T12:05:00","dteStartSellOut":"2026-02-08T12:05:00","dteEndSellOut":"2026-02-09T12:05:00","documentKey":"KEY_7","dteToShost":"2026-02-05T12:04:00","levParticipants":7},{"idAction":10,"name":"PROMO_10","codDiv":"DIV_10","dteStartSellIn":"2026-02-01T00:00:00","dteEndSellIn":"2026-02-26T00:00:00","dteStartSellOut":"2026-01-23T00:00:00","dteEndSellOut":"2026-01-24T00:00:00","documentKey":"DOCC_KEY_10","dteToShost":"2026-01-29T00:00:00","levParticipants":10},{"idAction":12,"name":"PROMO_12","codDiv":"DIV_12","dteStartSellIn":"2026-02-06T12:27:00","dteEndSellIn":"2026-02-07T12:27:00","dteStartSellOut":"2026-02-08T12:27:00","dteEndSellOut":"2026-02-09T12:27:00","documentKey":"KEY_12","dteToShost":"2026-02-03T12:26:00","levParticipants":12},{"idAction":24,"name":"PROMO_24","codDiv":"DIV_24","dteStartSellIn":"2026-02-05T12:48:00","dteEndSellIn":"2026-02-06T12:48:00","dteStartSellOut":"2026-02-07T12:48:00","dteEndSellOut":"2026-02-08T12:48:00","documentKey":"KEY_24","dteToShost":"2026-02-03T12:48:00","levParticipants":24},{"idAction":45,"name":"cccc","codDiv":"DIV01","dteStartSellIn":"2026-01-16T00:00:00","dteEndSellIn":"2026-01-17T00:00:00","dteStartSellOut":"2026-01-16T00:00:00","dteEndSellOut":"2026-01-17T00:00:00","documentKey":null,"dteToShost":null,"levParticipants":2},{"idAction":87,"name":"promo_87","codDiv":"DIV_87","dteStartSellIn":"2026-02-07T14:44:00","dteEndSellIn":"2026-02-10T14:44:00","dteStartSellOut":"2026-02-22T14:44:00","dteEndSellOut":"2026-02-26T14:44:00","documentKey":"KEY_87","dteToShost":"2026-02-03T14:44:00","levParticipants":87},{"idAction":98,"name":"PROMO_98","codDiv":"DIV_98","dteStartSellIn":"2026-01-08T18:25:00","dteEndSellIn":"2026-01-17T18:25:00","dteStartSellOut":"2026-01-28T18:25:00","dteEndSellOut":"2026-01-30T18:25:00","documentKey":"DOCC_98","dteToShost":"2026-01-31T18:25:00","levParticipants":98},{"idAction":100,"name":"PROMO_100","codDiv":"DIV_100","dteStartSellIn":"2026-02-11T14:08:00","dteEndSellIn":"2026-02-14T14:08:00","dteStartSellOut":"2026-02-22T14:08:00","dteEndSellOut":"2026-02-27T14:08:00","documentKey":"KEY_100","dteToShost":"2026-02-10T14:08:00","levParticipants":10},{"idAction":200,"name":"PROMO_200","codDiv":"DIV_200","dteStartSellIn":"2026-02-10T14:15:00","dteEndSellIn":"2026-02-28T14:15:00","dteStartSellOut":"2026-02-11T14:15:00","dteEndSellOut":"2026-02-23T14:15:00","documentKey":"KEY_200","dteToShost":"2026-02-14T14:14:00","levParticipants":20},{"idAction":300,"name":"PROMO_300","codDiv":"DIV_300","dteStartSellIn":"2026-02-10T12:32:00","dteEndSellIn":"2026-02-28T12:32:00","dteStartSellOut":"2026-02-16T12:32:00","dteEndSellOut":"2026-02-27T12:32:00","documentKey":"KEY_300","dteToShost":"2026-02-20T12:32:00","levParticipants":30},{"idAction":321,"name":"PROMO_321","codDiv":"DIV_A","dteStartSellIn":"2026-02-01T18:27:00","dteEndSellIn":"2026-02-28T18:27:00","dteStartSellOut":"2026-02-04T18:27:00","dteEndSellOut":"2026-02-23T18:27:00","documentKey":"KEY_A","dteToShost":"2026-02-03T18:27:00","levParticipants":1},{"idAction":1111,"name":"PROMO_1111","codDiv":"DIV_1111","dteStartSellIn":"2026-01-01T17:00:00","dteEndSellIn":"2026-01-30T17:02:00","dteStartSellOut":"2026-01-17T17:02:00","dteEndSellOut":"2026-01-28T17:02:00","documentKey":"1111_DOCC_KEY","dteToShost":"2026-01-13T17:02:00","levParticipants":11},{"idAction":2020,"name":"Spring Special 2020","codDiv":"D-2020","dteStartSellIn":"2026-01-03T12:28:00","dteEndSellIn":"2026-01-04T12:28:00","dteStartSellOut":"2026-01-05T12:28:00","dteEndSellOut":"2026-01-06T12:28:00","documentKey":"DOC-SPRING-2020","dteToShost":"2026-01-02T12:28:00","levParticipants":1},{"idAction":2222,"name":"haseeb","codDiv":"DIV02","dteStartSellIn":"2026-02-01T00:00:00","dteEndSellIn":"2026-01-11T00:00:00","dteStartSellOut":"2026-01-28T00:00:00","dteEndSellOut":"2026-01-30T00:00:00","documentKey":"","dteToShost":null,"levParticipants":2},{"idAction":2323,"name":"Winter Sale Campaign 2323","codDiv":"D-2323","dteStartSellIn":"2026-01-19T14:39:00","dteEndSellIn":"2026-01-20T14:40:00","dteStartSellOut":"2026-01-21T14:40:00","dteEndSellOut":"2026-01-22T14:40:00","documentKey":"DOC-WINTER-2323","dteToShost":"2026-01-30T14:39:00","levParticipants":1},{"idAction":5005,"name":"bbb","codDiv":"DIV5005","dteStartSellIn":"2026-01-23T00:00:00","dteEndSellIn":"2026-01-30T00:00:00","dteStartSellOut":"2026-01-26T00:00:00","dteEndSellOut":"2026-01-18T00:00:00","documentKey":"555553","dteToShost":"2026-01-19T00:00:00","levParticipants":14},{"idAction":6000,"name":"Zero Redundancy Campaign 6000","codDiv":"DIV-6000","dteStartSellIn":"2026-02-01T00:00:00","dteEndSellIn":"2026-02-24T00:00:00","dteStartSellOut":"2026-02-01T00:00:00","dteEndSellOut":"2026-02-28T00:00:00","documentKey":"DOC-6000","dteToShost":"2026-01-05T00:00:00","levParticipants":1},{"idAction":6767,"name":"XTEL Launch Promo 6767","codDiv":"DIV-6767","dteStartSellIn":"2026-02-01T00:00:00","dteEndSellIn":"2026-02-28T00:00:00","dteStartSellOut":"2026-01-22T00:00:00","dteEndSellOut":"2026-01-23T00:00:00","documentKey":"DOC-XTEL-6767","dteToShost":"2026-01-03T00:00:00","levParticipants":1},{"idAction":7000,"name":"Atomic Campaign 7000","codDiv":"DIV-7000","dteStartSellIn":"2026-01-01T00:00:00","dteEndSellIn":"2026-01-31T00:00:00","dteStartSellOut":"2026-02-01T00:00:00","dteEndSellOut":"2026-02-28T00:00:00","documentKey":"DOC-7000","dteToShost":null,"levParticipants":1},{"idAction":8888,"name":"Atomic Campaign 8888 Complete","codDiv":"DIV-8888","dteStartSellIn":"2026-01-01T00:00:00","dteEndSellIn":"2026-01-31T00:00:00","dteStartSellOut":"2026-02-01T00:00:00","dteEndSellOut":"2026-02-28T00:00:00","documentKey":"DOC-8888","dteToShost":null,"levParticipants":1},{"idAction":9000,"name":"Balanced Atomic Campaign 9000","codDiv":"DIV-9000","dteStartSellIn":"2026-01-01T00:00:00","dteEndSellIn":"2026-01-31T00:00:00","dteStartSellOut":"2026-02-01T00:00:00","dteEndSellOut":"2026-02-28T00:00:00","documentKey":"DOC-9000","dteToShost":null,"levParticipants":1},{"idAction":9999,"name":"I should not exist in DB","codDiv":"DIV-9999","dteStartSellIn":"2026-01-01T00:00:00","dteEndSellIn":"2026-01-31T00:00:00","dteStartSellOut":"2026-02-01T00:00:00","dteEndSellOut":"2026-02-28T00:00:00","documentKey":"DOC-9999","dteToShost":null,"levParticipants":1}]
2026-02-11 12:33:54.091 +05:00 [INF] HTTP GET /api/promotions/actions responded 200 in 53.5977 ms
2026-02-11 12:33:58.137 +05:00 [INF] HTTP GET /api/health responded 200 in 3.3389 ms | User: Anonymous (N/A) | IP: ::1 | RequestBody:  | ResponseBody: {"service":"Promotions API","status":"Healthy","timestamp":"2026-02-11T07:33:58.1369356Z","uptime":"0d 0h 3m 27s"}
2026-02-11 12:33:58.157 +05:00 [INF] HTTP GET /api/health responded 200 in 23.6778 ms
2026-02-11 12:34:01.793 +05:00 [INF] Downstream JWT validated for haris
2026-02-11 12:34:01.848 +05:00 [INF] Downstream JWT validated for haris
2026-02-11 12:34:01.861 +05:00 [INF] Downstream JWT validated for haris
2026-02-11 12:34:01.917 +05:00 [INF] Downstream JWT validated for haris
2026-02-11 12:34:02.000 +05:00 [INF] HTTP POST /api/actions/300/participants responded 200 in 140.2468 ms | User: haris (23) | IP: ::1 | RequestBody:  | ResponseBody: 
2026-02-11 12:34:02.000 +05:00 [INF] HTTP POST /api/actions/300/participants responded 200 in 152.8378 ms | User: haris (23) | IP: ::1 | RequestBody:  | ResponseBody: 
2026-02-11 12:34:02.000 +05:00 [INF] HTTP POST /api/actions/300/participants responded 200 in 207.7000 ms | User: haris (23) | IP: ::1 | RequestBody:  | ResponseBody: 
2026-02-11 12:34:02.000 +05:00 [INF] HTTP POST /api/actions/300/participants responded 200 in 83.8655 ms | User: haris (23) | IP: ::1 | RequestBody:  | ResponseBody: 
2026-02-11 12:34:02.005 +05:00 [INF] HTTP POST /api/actions/300/participants responded 200 in 145.1832 ms
2026-02-11 12:34:02.010 +05:00 [INF] HTTP POST /api/actions/300/participants responded 200 in 162.8437 ms
2026-02-11 12:34:02.019 +05:00 [INF] HTTP POST /api/actions/300/participants responded 200 in 102.5448 ms
2026-02-11 12:34:02.014 +05:00 [INF] HTTP POST /api/actions/300/participants responded 200 in 221.7794 ms
2026-02-11 12:34:02.226 +05:00 [INF] Downstream JWT validated for haris
2026-02-11 12:34:02.248 +05:00 [INF] HTTP GET /api/participants/all responded 200 in 23.0304 ms | User: haris (23) | IP: ::1 | RequestBody:  | ResponseBody: [{"idAction":3,"codParticipant":"N_1","flgInclusion":true,"codHier":"H_1","codDiv":"D_1","codNode":"N_1","idLevel":1,"dteStart":"2026-01-30T09:35:43.289"},{"idAction":3,"codParticipant":"NODE_3","flgInclusion":true,"codHier":"H_3","codDiv":"DIV_3","codNode":"NODE_3","idLevel":3,"dteStart":"2026-01-01T10:45:00"},{"idAction":3,"codParticipant":"NODE_5","flgInclusion":true,"codHier":"H_5","codDiv":"DIV_5","codNode":"NODE_5","idLevel":5,"dteStart":"2026-01-30T10:50:00"},{"idAction":5,"codParticipant":"NODE_5","flgInclusion":true,"codHier":"H_5","codDiv":"DIV_5","codNode":"NODE_5","idLevel":5,"dteStart":"2026-01-30T10:50:00"},{"idAction":6,"codParticipant":"N_9898","flgInclusion":true,"codHier":"H_999","codDiv":"D_5878","codNode":"N_878","idLevel":8,"dteStart":"2026-01-14T00:00:00"},{"idAction":6,"codParticipant":"NODE_3","flgInclusion":true,"codHier":"H_3","codDiv":"DIV_3","codNode":"NODE_3","idLevel":3,"dteStart":"2026-01-01T10:45:00"},{"idAction":6,"codParticipant":"NODE_5","flgInclusion":true,"codHier":"H_5","codDiv":"DIV_5","codNode":"NODE_5","idLevel":5,"dteStart":"2026-01-30T10:50:00"},{"idAction":6,"codParticipant":"NODE_6","flgInclusion":true,"codHier":"H_6","codDiv":"DIV_6","codNode":"NODE_6","idLevel":6,"dteStart":"2026-01-30T15:01:00"},{"idAction":6,"codParticipant":"NODE_676767","flgInclusion":true,"codHier":"H_676767","codDiv":"DIV_676767","codNode":"NODE_676767","idLevel":676767,"dteStart":"2026-01-31T00:00:00"},{"idAction":6,"codParticipant":"P-9000","flgInclusion":true,"codHier":"H-9000","codDiv":"DIV-9000","codNode":"CUST-9000","idLevel":10,"dteStart":"2026-01-01T00:00:00"},{"idAction":7,"codParticipant":"NODE_7","flgInclusion":true,"codHier":"H_7","codDiv":"DIV_7","codNode":"NODE_7","idLevel":7,"dteStart":"2026-02-02T12:04:00"},{"idAction":10,"codParticipant":"NODE_10","flgInclusion":true,"codHier":"H_10","codDiv":"DIV_10","codNode":"NODE_10","idLevel":10,"dteStart":"2026-01-01T14:45:00"},{"idAction":24,"codParticipant":"NODE_24","flgInclusion":true,"codHier":"H_24","codDiv":"DIV_24","codNode":"NODE_24","idLevel":24,"dteStart":"2026-02-04T12:48:00"},{"idAction":87,"codParticipant":"NODE_87","flgInclusion":true,"codHier":"H_87","codDiv":"DIV_87","codNode":"NODE_87","idLevel":87,"dteStart":"2026-02-06T14:07:00"},{"idAction":98,"codParticipant":"NODE_98","flgInclusion":true,"codHier":"H_98","codDiv":"DIV_98","codNode":"NODE_98","idLevel":98,"dteStart":"2026-01-30T18:25:00"},{"idAction":100,"codParticipant":"NODE_100","flgInclusion":true,"codHier":"H_100","codDiv":"DIV_100","codNode":"NODE_100","idLevel":10,"dteStart":"2026-02-09T13:54:00"},{"idAction":200,"codParticipant":"NODE_200","flgInclusion":true,"codHier":"H_200","codDiv":"DIV_200","codNode":"NODE_200","idLevel":20,"dteStart":"2026-02-10T14:14:00"},{"idAction":300,"codParticipant":"NODE_3","flgInclusion":true,"codHier":"H_3","codDiv":"DIV_3","codNode":"NODE_3","idLevel":3,"dteStart":"2026-01-01T10:45:00"},{"idAction":300,"codParticipant":"NODE_300","flgInclusion":true,"codHier":"H_300","codDiv":"DIV_300","codNode":"NODE_300","idLevel":30,"dteStart":"2026-02-10T12:31:00"},{"idAction":300,"codParticipant":"NODE_5","flgInclusion":true,"codHier":"H_5","codDiv":"DIV_5","codNode":"NODE_5","idLevel":5,"dteStart":"2026-01-30T10:50:00"},{"idAction":300,"codParticipant":"NODE_6","flgInclusion":true,"codHier":"H_6","codDiv":"DIV_6","codNode":"NODE_6","idLevel":6,"dteStart":"2026-01-30T15:01:00"},{"idAction":300,"codParticipant":"NODE_676767","flgInclusion":true,"codHier":"H_676767","codDiv":"DIV_676767","codNode":"NODE_676767","idLevel":676767,"dteStart":"2026-01-31T00:00:00"},{"idAction":321,"codParticipant":"NODE_A","flgInclusion":true,"codHier":"H_A","codDiv":"DIV_A","codNode":"NODE_A","idLevel":1,"dteStart":"2026-02-01T18:26:00"},{"idAction":1111,"codParticipant":"NODE_1111","flgInclusion":true,"codHier":"H_1111","codDiv":"DIV_1111","codNode":"NODE_1111","idLevel":11,"dteStart":"2026-01-01T17:00:00"},{"idAction":2323,"codParticipant":"P-2323","flgInclusion":true,"codHier":"H-2323","codDiv":"D-2323","codNode":"C-2323","idLevel":4,"dteStart":"2026-01-01T12:48:00"},{"idAction":5005,"codParticipant":"","flgInclusion":true,"codHier":"H-9999","codDiv":"DIV-9999","codNode":"CUST-9999","idLevel":10,"dteStart":"2026-01-01T00:00:00"},{"idAction":6000,"codParticipant":"P-6000","flgInclusion":true,"codHier":"H-6000","codDiv":"DIV-6000","codNode":"CUST-6000","idLevel":10,"dteStart":"2026-01-01T00:00:00"},{"idAction":6767,"codParticipant":"P-6767","flgInclusion":false,"codHier":"H-6767","codDiv":"DIV-6767","codNode":"CUST-6767","idLevel":5,"dteStart":"2026-01-01T12:15:00"},{"idAction":7000,"codParticipant":"P-7000","flgInclusion":true,"codHier":"H-7000","codDiv":"DIV-7000","codNode":"CUST-7000","idLevel":10,"dteStart":"2026-01-01T00:00:00"},{"idAction":8888,"codParticipant":"P-8888","flgInclusion":true,"codHier":"H-8888","codDiv":"DIV-8888","codNode":"CUST-8888","idLevel":10,"dteStart":"2026-01-01T00:00:00"},{"idAction":9000,"codParticipant":"P-9000","flgInclusion":true,"codHier":"H-9000","codDiv":"DIV-9000","codNode":"CUST-9000","idLevel":10,"dteStart":"2026-01-01T00:00:00"},{"idAction":9999,"codParticipant":"P-9999","flgInclusion":true,"codHier":"H-9999","codDiv":"DIV-9999","codNode":"CUST-9999","idLevel":10,"dteStart":"2026-01-01T00:00:00"}]
2026-02-11 12:34:02.256 +05:00 [INF] HTTP GET /api/participants/all responded 200 in 31.3424 ms
2026-02-11 12:34:03.583 +05:00 [INF] HTTP GET /api/health responded 200 in 0.9271 ms | User: Anonymous (N/A) | IP: ::1 | RequestBody:  | ResponseBody: {"service":"Promotions API","status":"Healthy","timestamp":"2026-02-11T07:34:03.5835814Z","uptime":"0d 0h 3m 32s"}
2026-02-11 12:34:03.603 +05:00 [INF] HTTP GET /api/health responded 200 in 21.0363 ms
2026-02-11 12:34:04.798 +05:00 [INF] Downstream JWT validated for haris
2026-02-11 12:34:04.947 +05:00 [INF] HTTP GET /api/promotions/products responded 200 in 149.4357 ms | User: haris (23) | IP: ::1 | RequestBody:  | ResponseBody: [{"idAction":3,"codProduct":"PRD_24","levProduct":1,"codDisplay":"DS-_24","codDiv":"DIV_24","qtyEstimated":345.00,"perceDiscount1":0.50,"perceDiscount2":0.90,"numMeasure":8.00,"codMeasure":"MEASURE_24","details":[],"measureFields":[]},{"idAction":3,"codProduct":"PRD_3","levProduct":3,"codDisplay":"DSP_3","codDiv":"DIV_3","qtyEstimated":3450.00,"perceDiscount1":0.50,"perceDiscount2":9.00,"numMeasure":676.00,"codMeasure":"MEASURE_3","details":[{"idAction":3,"codProduct":"PRD_3","levProduct":3,"codDisplay":"DSP_3","codNode":"NODE_3","codDiv":"DIV_3","flgInclusion":true,"articles":[{"idAction":3,"codProduct":"PRD_3","levProduct":3,"codDisplay":"DSP_3","codDiv":"DIV_3","codNode":"NODE_3","codNode1":"AAA","codNode2":"BBB","codNodeN":"CCC"}]}],"measureFields":[]},{"idAction":3,"codProduct":"prd_33","levProduct":1,"codDisplay":"dsp_33","codDiv":"div_33","qtyEstimated":4000.00,"perceDiscount1":0.40,"perceDiscount2":0.90,"numMeasure":339.00,"codMeasure":"measure_33","details":[{"idAction":3,"codProduct":"prd_33","levProduct":1,"codDisplay":"dsp_33","codNode":"node_33","codDiv":"div_33","flgInclusion":true,"articles":[{"idAction":3,"codProduct":"prd_33","levProduct":1,"codDisplay":"dsp_33","codDiv":"div_33","codNode":"node_33","codNode1":"ddd","codNode2":"fff","codNodeN":"ggg"}]}],"measureFields":[]},{"idAction":3,"codProduct":"PRD_96","levProduct":1,"codDisplay":"DSP_96","codDiv":"DIV_96","qtyEstimated":869785.00,"perceDiscount1":4.50,"perceDiscount2":6.50,"numMeasure":667.00,"codMeasure":"MEASURE_96","details":[{"idAction":3,"codProduct":"PRD_96","levProduct":1,"codDisplay":"DSP_96","codNode":"NODE_96","codDiv":"DIV_96","flgInclusion":true,"articles":[{"idAction":3,"codProduct":"PRD_96","levProduct":1,"codDisplay":"DSP_96","codDiv":"DIV_96","codNode":"NODE_96","codNode1":"AAAAAA","codNode2":"SSSSSSSSSS","codNodeN":"DDDDDDDDDD"}]}],"measureFields":[]},{"idAction":3,"codProduct":"PROD-9000","levProduct":1,"codDisplay":"DISP-9000","codDiv":"DIV-9000","qtyEstimated":2000.00,"perceDiscount1":0.60,"perceDiscount2":0.90,"numMeasure":66.00,"codMeasure":"measure_9000","details":[{"idAction":3,"codProduct":"PROD-9000","levProduct":1,"codDisplay":"DISP-9000","codNode":"NODE-9000","codDiv":"DIV-9000","flgInclusion":true,"articles":[{"idAction":3,"codProduct":"PROD-9000","levProduct":1,"codDisplay":"DISP-9000","codDiv":"DIV-9000","codNode":"NODE-9000","codNode1":"A1","codNode2":null,"codNodeN":null}]}],"measureFields":[]},{"idAction":5,"codProduct":"PRD_3","levProduct":1,"codDisplay":"DSP_3","codDiv":"DIV_3","qtyEstimated":3450.00,"perceDiscount1":0.50,"perceDiscount2":9.00,"numMeasure":0.00,"codMeasure":"MEASURE_3","details":[{"idAction":5,"codProduct":"PRD_3","levProduct":1,"codDisplay":"DSP_3","codNode":"NODE_3","codDiv":"DIV_3","flgInclusion":true,"articles":[{"idAction":5,"codProduct":"PRD_3","levProduct":1,"codDisplay":"DSP_3","codDiv":"DIV_3","codNode":"NODE_3","codNode1":"AAA","codNode2":"BBB","codNodeN":"CCC"}]}],"measureFields":[]},{"idAction":5,"codProduct":"prd_33","levProduct":1,"codDisplay":"dsp_33","codDiv":"div_33","qtyEstimated":4000.00,"perceDiscount1":0.40,"perceDiscount2":0.90,"numMeasure":339.00,"codMeasure":"measure_33","details":[{"idAction":5,"codProduct":"prd_33","levProduct":1,"codDisplay":"dsp_33","codNode":"node_33","codDiv":"div_33","flgInclusion":true,"articles":[{"idAction":5,"codProduct":"prd_33","levProduct":1,"codDisplay":"dsp_33","codDiv":"div_33","codNode":"node_33","codNode1":"ddd","codNode2":"fff","codNodeN":"ggg"}]}],"measureFields":[]},{"idAction":5,"codProduct":"PRD_333","levProduct":1,"codDisplay":"DSP_333","codDiv":"DIV_333","qtyEstimated":4500.00,"perceDiscount1":0.80,"perceDiscount2":9.10,"numMeasure":556540.00,"codMeasure":"MEASURE_333","details":[{"idAction":5,"codProduct":"PRD_333","levProduct":1,"codDisplay":"DSP_333","codNode":"NODE_333","codDiv":"DIV_333","flgInclusion":true,"articles":[{"idAction":5,"codProduct":"PRD_333","levProduct":1,"codDisplay":"DSP_333","codDiv":"DIV_333","codNode":"NODE_333","codNode1":"PPP","codNode2":"LLL","codNodeN":"MMM"}]}],"measureFields":[]},{"idAction":5,"codProduct":"PRD_5","levProduct":5,"codDisplay":"DSP_5","codDiv":"DIV_5","qtyEstimated":2500.00,"perceDiscount1":6.70,"perceDiscount2":8.90,"numMeasure":0.00,"codMeasure":"MEASURE_5","details":[{"idAction":5,"codProduct":"PRD_5","levProduct":5,"codDisplay":"DSP_5","codNode":"NODE_5","codDiv":"DIV_5","flgInclusion":true,"articles":[{"idAction":5,"codProduct":"PRD_5","levProduct":5,"codDisplay":"DSP_5","codDiv":"DIV_5","codNode":"NODE_5","codNode1":"RRR","codNode2":"TTT","codNodeN":"YYY"}]}],"measureFields":[]},{"idAction":5,"codProduct":"PROD-9000","levProduct":1,"codDisplay":"DISP-9000","codDiv":"DIV-9000","qtyEstimated":2000.00,"perceDiscount1":0.60,"perceDiscount2":0.90,"numMeasure":66.00,"codMeasure":"measure_9000","details":[{"idAction":5,"codProduct":"PROD-9000","levProduct":1,"codDisplay":"DISP-9000","codNode":"NODE-9000","codDiv":"DIV-9000","flgInclusion":true,"articles":[{"idAction":5,"codProduct":"PROD-9000","levProduct":1,"codDisplay":"DISP-9000","codDiv":"DIV-9000","codNode":"NODE-9000","codNode1":"A1","codNode2":null,"codNodeN":null}]}],"measureFields":[]},{"idAction":6,"codProduct":"PRD_1","levProduct":1,"codDisplay":"DIV_1","codDiv":"DIV_1","qtyEstimated":78.00,"perceDiscount1":6.00,"perceDiscount2":8.00,"numMeasure":78788.00,"codMeasure":"1","details":[],"measureFields":[]},{"idAction":6,"codProduct":"PRD_3","levProduct":1,"codDisplay":"DSP_3","codDiv":"DIV_3","qtyEstimated":3450.00,"perceDiscount1":0.50,"perceDiscount2":9.00,"numMeasure":676.00,"codMeasure":"MEASURE_3","details":[{"idAction":6,"codProduct":"PRD_3","levProduct":1,"codDisplay":"DSP_3","codNode":"NODE_3","codDiv":"DIV_3","flgInclusion":true,"articles":[{"idAction":6,"codProduct":"PRD_3","levProduct":1,"codDisplay":"DSP_3","codDiv":"DIV_3","codNode":"NODE_3","codNode1":"AAA","codNode2":"BBB","codNodeN":"CCC"}]}],"measureFields":[]},{"idAction":6,"codProduct":"PRD_6","levProduct":6,"codDisplay":"DSP_6","codDiv":"DIV_6","qtyEstimated":60606.00,"perceDiscount1":9.90,"perceDiscount2":7.80,"numMeasure":0.00,"codMeasure":"MEASURE_6","details":[{"idAction":6,"codProduct":"PRD_6","levProduct":6,"codDisplay":"DSP_6","codNode":"NODE_6","codDiv":"DIV_6","flgInclusion":true,"articles":[{"idAction":6,"codProduct":"PRD_6","levProduct":6,"codDisplay":"DSP_6","codDiv":"DIV_6","codNode":"NODE_6","codNode1":"KKK","codNode2":"LLL","codNodeN":"MMM"}]}],"measureFields":[]},{"idAction":6,"codProduct":"PRD_66666","levProduct":1,"codDisplay":"DSP_66666","codDiv":"DIV_66666","qtyEstimated":600000.00,"perceDiscount1":6.60,"perceDiscount2":3.40,"numMeasure":8758939.00,"codMeasure":"MEASURE_66666","details":[{"idAction":6,"codProduct":"PRD_66666","levProduct":1,"codDisplay":"DSP_66666","codNode":"NODE_66666","codDiv":"DIV_66666","flgInclusion":true,"articles":[{"idAction":6,"codProduct":"PRD_66666","levProduct":1,"codDisplay":"DSP_66666","codDiv":"DIV_66666","codNode":"NODE_66666","codNode1":"KKKKKKKKK","codNode2":"VVVVVVV","codNodeN":"VVVVVVVVVVVV"}]}],"measureFields":[]},{"idAction":7,"codProduct":"PRD_7","levProduct":7,"codDisplay":"DSP_7","codDiv":"DIV_7","qtyEstimated":7000.00,"perceDiscount1":6.70,"perceDiscount2":7.70,"numMeasure":0.00,"codMeasure":"MEASURE_7","details":[{"idAction":7,"codProduct":"PRD_7","levProduct":7,"codDisplay":"DSP_7","codNode":"NODE_7","codDiv":"DIV_7","flgInclusion":true,"articles":[{"idAction":7,"codProduct":"PRD_7","levProduct":7,"codDisplay":"DSP_7","codDiv":"DIV_7","codNode":"NODE_7","codNode1":"JHJK","codNode2":"JKBHHUI","codNodeN":"KKKK"}]}],"measureFields":[]},{"idAction":10,"codProduct":"PRD_10","levProduct":10,"codDisplay":"DSP_10","codDiv":"DIV_10","qtyEstimated":5000.00,"perceDiscount1":0.70,"perceDiscount2":9.80,"numMeasure":0.00,"codMeasure":"MEASURE_10","details":[{"idAction":10,"codProduct":"PRD_10","levProduct":10,"codDisplay":"DSP_10","codNode":"NODE_10","codDiv":"DIV_10","flgInclusion":true,"articles":[{"idAction":10,"codProduct":"PRD_10","levProduct":10,"codDisplay":"DSP_10","codDiv":"DIV_10","codNode":"NODE_10","codNode1":"QQQ","codNode2":"WWW","codNodeN":"EEE"}]}],"measureFields":[]},{"idAction":10,"codProduct":"PROD-5555","levProduct":1,"codDisplay":"DISP-5555","codDiv":"DIV-5555","qtyEstimated":500.00,"perceDiscount1":0.80,"perceDiscount2":0.10,"numMeasure":5555.00,"codMeasure":"measure_55555","details":[{"idAction":10,"codProduct":"PROD-5555","levProduct":1,"codDisplay":"DISP-5555","codNode":"NODE-5555","codDiv":"DIV-5555","flgInclusion":true,"articles":[{"idAction":10,"codProduct":"PROD-5555","levProduct":1,"codDisplay":"DISP-5555","codDiv":"DIV-5555","codNode":"NODE-5555","codNode1":null,"codNode2":null,"codNodeN":null}]}],"measureFields":[]},{"idAction":10,"codProduct":"PROD-8888","levProduct":1,"codDisplay":"DISP-8888","codDiv":"DIV-8888","qtyEstimated":2000.00,"perceDiscount1":0.00,"perceDiscount2":0.00,"numMeasure":0.00,"codMeasure":null,"details":[{"idAction":10,"codProduct":"PROD-8888","levProduct":1,"codDisplay":"DISP-8888","codNode":"NODE-8888","codDiv":"DIV-8888","flgInclusion":true,"articles":[{"idAction":10,"codProduct":"PROD-8888","levProduct":1,"codDisplay":"DISP-8888","codDiv":"DIV-8888","codNode":"NODE-8888","codNode1":"A1","codNode2":null,"codNodeN":null}]}],"measureFields":[]},{"idAction":12,"codProduct":"PRD_12","levProduct":11,"codDisplay":"DSP_12","codDiv":"DIV_12","qtyEstimated":1200.00,"perceDiscount1":7.80,"perceDiscount2":3.40,"numMeasure":0.00,"codMeasure":"MEASURE_12","details":[{"idAction":12,"codProduct":"PRD_12","levProduct":11,"codDisplay":"DSP_12","codNode":"NODE_12","codDiv":"DIV_12","flgInclusion":true,"articles":[{"idAction":12,"codProduct":"PRD_12","levProduct":11,"codDisplay":"DSP_12","codDiv":"DIV_12","codNode":"NODE_12","codNode1":"NODEEE_34R42","codNode2":"ADFRGWFA","codNodeN":"AEFWGVFWEFSCEW"}]}],"measureFields":[]},{"idAction":24,"codProduct":"PRD_24","levProduct":23,"codDisplay":"DSP_24","codDiv":"DIV_24","qtyEstimated":2499.00,"perceDiscount1":24.90,"perceDiscount2":24.80,"numMeasure":0.00,"codMeasure":"24","details":[{"idAction":24,"codProduct":"PRD_24","levProduct":23,"codDisplay":"DSP_24","codNode":"NODE_24","codDiv":"DIV_24","flgInclusion":true,"articles":[{"idAction":24,"codProduct":"PRD_24","levProduct":23,"codDisplay":"DSP_24","codDiv":"DIV_24","codNode":"NODE_24","codNode1":"LLLLLLLLLLLLL","codNode2":"KKKKKKKKKKKKKKKKK","codNodeN":"MMMMMMMMMMMMMMM"}]}],"measureFields":[]},{"idAction":87,"codProduct":"PRD_87","levProduct":87,"codDisplay":"DSP_87","codDiv":"DIV_87","qtyEstimated":8700.00,"perceDiscount1":8.70,"perceDiscount2":6.70,"numMeasure":0.00,"codMeasure":"MEASURE_87","details":[{"idAction":87,"codProduct":"PRD_87","levProduct":87,"codDisplay":"DSP_87","codNode":"NODE_87","codDiv":"DIV_87","flgInclusion":true,"articles":[{"idAction":87,"codProduct":"PRD_87","levProduct":87,"codDisplay":"DSP_87","codDiv":"DIV_87","codNode":"NODE_87","codNode1":"KHGUYGUH","codNode2":"IUGFTYDGUI","codNodeN":"YFGUHIO"}]}],"measureFields":[]},{"idAction":98,"codProduct":"PRD_3","levProduct":1,"codDisplay":"DSP_3","codDiv":"DIV_3","qtyEstimated":3450.00,"perceDiscount1":0.50,"perceDiscount2":9.00,"numMeasure":676.00,"codMeasure":"MEASURE_3","details":[{"idAction":98,"codProduct":"PRD_3","levProduct":1,"codDisplay":"DSP_3","codNode":"NODE_3","codDiv":"DIV_3","flgInclusion":true,"articles":[{"idAction":98,"codProduct":"PRD_3","levProduct":1,"codDisplay":"DSP_3","codDiv":"DIV_3","codNode":"NODE_3","codNode1":"AAA","codNode2":"BBB","codNodeN":"CCC"}]}],"measureFields":[]},{"idAction":98,"codProduct":"prd_33","levProduct":1,"codDisplay":"dsp_33","codDiv":"div_33","qtyEstimated":4000.00,"perceDiscount1":0.40,"perceDiscount2":0.90,"numMeasure":339.00,"codMeasure":"measure_33","details":[{"idAction":98,"codProduct":"prd_33","levProduct":1,"codDisplay":"dsp_33","codNode":"node_33","codDiv":"div_33","flgInclusion":true,"articles":[{"idAction":98,"codProduct":"prd_33","levProduct":1,"codDisplay":"dsp_33","codDiv":"div_33","codNode":"node_33","codNode1":"ddd","codNode2":"fff","codNodeN":"ggg"}]}],"measureFields":[]},{"idAction":98,"codProduct":"PRD_98","levProduct":98,"codDisplay":"DSP_98","codDiv":"DIV_98","qtyEstimated":34453.00,"perceDiscount1":0.90,"perceDiscount2":3.70,"numMeasure":0.00,"codMeasure":"MEASURE_98","details":[{"idAction":98,"codProduct":"PRD_98","levProduct":98,"codDisplay":"DSP_98","codNode":"NODE_98","codDiv":"DIV_98","flgInclusion":true,"articles":[{"idAction":98,"codProduct":"PRD_98","levProduct":98,"codDisplay":"DSP_98","codDiv":"DIV_98","codNode":"NODE_98","codNode1":"KHQGDKQE","codNode2":"DEQDED","codNodeN":"EEE"}]}],"measureFields":[]},{"idAction":98,"codProduct":"PROD-9000","levProduct":1,"codDisplay":"DISP-9000","codDiv":"DIV-9000","qtyEstimated":2000.00,"perceDiscount1":0.60,"perceDiscount2":0.90,"numMeasure":66.00,"codMeasure":"measure_9000","details":[{"idAction":98,"codProduct":"PROD-9000","levProduct":1,"codDisplay":"DISP-9000","codNode":"NODE-9000","codDiv":"DIV-9000","flgInclusion":true,"articles":[{"idAction":98,"codProduct":"PROD-9000","levProduct":1,"codDisplay":"DISP-9000","codDiv":"DIV-9000","codNode":"NODE-9000","codNode1":"A1","codNode2":null,"codNodeN":null}]}],"measureFields":[]},{"idAction":100,"codProduct":"PRD_1","levProduct":1,"codDisplay":"DIV_1","codDiv":"DIV_1","qtyEstimated":78.00,"perceDiscount1":6.00,"perceDiscount2":8.00,"numMeasure":78788.00,"codMeasure":"1","details":[],"measureFields":[]},{"idAction":100,"codProduct":"PRD_10","levProduct":1,"codDisplay":"DSP_10","codDiv":"DIV_10","qtyEstimated":5000.00,"perceDiscount1":0.70,"perceDiscount2":9.80,"numMeasure":0.00,"codMeasure":"MEASURE_10","details":[{"idAction":100,"codProduct":"PRD_10","levProduct":1,"codDisplay":"DSP_10","codNode":"NODE_10","codDiv":"DIV_10","flgInclusion":true,"articles":[{"idAction":100,"codProduct":"PRD_10","levProduct":1,"codDisplay":"DSP_10","codDiv":"DIV_10","codNode":"NODE_10","codNode1":"QQQ","codNode2":"WWW","codNodeN":"EEE"}]}],"measureFields":[]},{"idAction":100,"codProduct":"PRD_100","levProduct":1,"codDisplay":"DSP_100","codDiv":"DIV_100","qtyEstimated":1290.00,"perceDiscount1":3.40,"perceDiscount2":6.70,"numMeasure":0.00,"codMeasure":"MEASURE_100","details":[{"idAction":100,"codProduct":"PRD_100","levProduct":1,"codDisplay":"DSP_100","codNode":"NODE_100","codDiv":"DIV_100","flgInclusion":true,"articles":[{"idAction":100,"codProduct":"PRD_100","levProduct":1,"codDisplay":"DSP_100","codDiv":"DIV_100","codNode":"NODE_100","codNode1":"HHHHHHHH","codNode2":"JJJJJJJ","codNodeN":"KKKKKKK"}]}],"measureFields":[]},{"idAction":100,"codProduct":"PRD_100","levProduct":10,"codDisplay":"DSP_100","codDiv":"DIV_100","qtyEstimated":1290.00,"perceDiscount1":3.40,"perceDiscount2":6.70,"numMeasure":0.00,"codMeasure":"MEASURE_100","details":[{"idAction":100,"codProduct":"PRD_100","levProduct":10,"codDisplay":"DSP_100","codNode":"NODE_100","codDiv":"DIV_100","flgInclusion":true,"articles":[{"idAction":100,"codProduct":"PRD_100","levProduct":10,"codDisplay":"DSP_100","codDiv":"DIV_100","codNode":"NODE_100","codNode1":"HHHHHHHH","codNode2":"JJJJJJJ","codNodeN":"KKKKKKK"}]}],"measureFields":[]},{"idAction":100,"codProduct":"PRD_24","levProduct":1,"codDisplay":"DS-_24","codDiv":"DIV_24","qtyEstimated":345.00,"perceDiscount1":0.50,"perceDiscount2":0.90,"numMeasure":8.00,"codMeasure":"MEASURE_24","details":[],"measureFields":[]},{"idAction":100,"codProduct":"PRD_3","levProduct":1,"codDisplay":"DSP_3","codDiv":"DIV_3","qtyEstimated":3450.00,"perceDiscount1":0.50,"perceDiscount2":9.00,"numMeasure":676.00,"codMeasure":"MEASURE_3","details":[{"idAction":100,"codProduct":"PRD_3","levProduct":1,"codDisplay":"DSP_3","codNode":"NODE_3","codDiv":"DIV_3","flgInclusion":true,"articles":[{"idAction":100,"codProduct":"PRD_3","levProduct":1,"codDisplay":"DSP_3","codDiv":"DIV_3","codNode":"NODE_3","codNode1":"AAA","codNode2":"BBB","codNodeN":"CCC"}]}],"measureFields":[]},{"idAction":100,"codProduct":"prd_33","levProduct":1,"codDisplay":"dsp_33","codDiv":"div_33","qtyEstimated":4000.00,"perceDiscount1":0.40,"perceDiscount2":0.90,"numMeasure":339.00,"codMeasure":"measure_33","details":[{"idAction":100,"codProduct":"prd_33","levProduct":1,"codDisplay":"dsp_33","codNode":"node_33","codDiv":"div_33","flgInclusion":true,"articles":[{"idAction":100,"codProduct":"prd_33","levProduct":1,"codDisplay":"dsp_33","codDiv":"div_33","codNode":"node_33","codNode1":"ddd","codNode2":"fff","codNodeN":"ggg"}]}],"measureFields":[]},{"idAction":100,"codProduct":"PRD_5","levProduct":1,"codDisplay":"DSP_5","codDiv":"DIV_5","qtyEstimated":2500.00,"perceDiscount1":6.70,"perceDiscount2":8.90,"numMeasure":0.00,"codMeasure":"MEASURE_5","details":[{"idAction":100,"codProduct":"PRD_5","levProduct":1,"codDisplay":"DSP_5","codNode":"NODE_5","codDiv":"DIV_5","flgInclusion":true,"articles":[{"idAction":100,"codProduct":"PRD_5","levProduct":1,"codDisplay":"DSP_5","codDiv":"DIV_5","codNode":"NODE_5","codNode1":"RRR","codNode2":"TTT","codNodeN":"YYY"}]}],"measureFields":[]},{"idAction":100,"codProduct":"PRD_6","levProduct":1,"codDisplay":"DSP_6","codDiv":"DIV_6","qtyEstimated":60606.00,"perceDiscount1":9.90,"perceDiscount2":7.80,"numMeasure":0.00,"codMeasure":"MEASURE_6","details":[{"idAction":100,"codProduct":"PRD_6","levProduct":1,"codDisplay":"DSP_6","codNode":"NODE_6","codDiv":"DIV_6","flgInclusion":true,"articles":[{"idAction":100,"codProduct":"PRD_6","levProduct":1,"codDisplay":"DSP_6","codDiv":"DIV_6","codNode":"NODE_6","codNode1":"KKK","codNode2":"LLL","codNodeN":"MMM"}]}],"measureFields":[]},{"idAction":100,"codProduct":"PRD_66666","levProduct":1,"codDisplay":"DSP_66666","codDiv":"DIV_66666","qtyEstimated":600000.00,"perceDiscount1":6.60,"perceDiscount2":3.40,"numMeasure":8758939.00,"codMeasure":"MEASURE_66666","details":[{"idAction":100,"codProduct":"PRD_66666","levProduct":1,"codDisplay":"DSP_66666","codNode":"NODE_66666","codDiv":"DIV_66666","flgInclusion":true,"articles":[{"idAction":100,"codProduct":"PRD_66666","levProduct":1,"codDisplay":"DSP_66666","codDiv":"DIV_66666","codNode":"NODE_66666","codNode1":"KKKKKKKKK","codNode2":"VVVVVVV","codNodeN":"VVVVVVVVVVVV"}]}],"measureFields":[]},{"idAction":100,"codProduct":"PRD_7","levProduct":1,"codDisplay":"DSP_7","codDiv":"DIV_7","qtyEstimated":7000.00,"perceDiscount1":6.70,"perceDiscount2":7.70,"numMeasure":0.00,"codMeasure":"MEASURE_7","details":[{"idAction":100,"codProduct":"PRD_7","levProduct":1,"codDisplay":"DSP_7","codNode":"NODE_7","codDiv":"DIV_7","flgInclusion":true,"articles":[{"idAction":100,"codProduct":"PRD_7","levProduct":1,"codDisplay":"DSP_7","codDiv":"DIV_7","codNode":"NODE_7","codNode1":"JHJK","codNode2":"JKBHHUI","codNodeN":"KKKK"}]}],"measureFields":[]},{"idAction":100,"codProduct":"PRD_7777","levProduct":1,"codDisplay":"DSP_7777","codDiv":"DIV_7777","qtyEstimated":3423.00,"perceDiscount1":9.80,"perceDiscount2":5.60,"numMeasure":3432.00,"codMeasure":"MEASURE_7777","details":[{"idAction":100,"codProduct":"PRD_7777","levProduct":1,"codDisplay":"DSP_7777","codNode":"NODE_7777","codDiv":"DIV_7777","flgInclusion":true,"articles":[{"idAction":100,"codProduct":"PRD_7777","levProduct":1,"codDisplay":"DSP_7777","codDiv":"DIV_7777","codNode":"NODE_7777","codNode1":"ABC","codNode2":"DEF","codNodeN":"HBJ"}]}],"measureFields":[]},{"idAction":100,"codProduct":"PRD_96","levProduct":1,"codDisplay":"DSP_96","codDiv":"DIV_96","qtyEstimated":869785.00,"perceDiscount1":4.50,"perceDiscount2":6.50,"numMeasure":667.00,"codMeasure":"MEASURE_96","details":[{"idAction":100,"codProduct":"PRD_96","levProduct":1,"codDisplay":"DSP_96","codNode":"NODE_96","codDiv":"DIV_96","flgInclusion":true,"articles":[{"idAction":100,"codProduct":"PRD_96","levProduct":1,"codDisplay":"DSP_96","codDiv":"DIV_96","codNode":"NODE_96","codNode1":"AAAAAA","codNode2":"SSSSSSSSSS","codNodeN":"DDDDDDDDDD"}]}],"measureFields":[]},{"idAction":100,"codProduct":"PROD-5555","levProduct":1,"codDisplay":"DISP-5555","codDiv":"DIV-5555","qtyEstimated":500.00,"perceDiscount1":0.80,"perceDiscount2":0.10,"numMeasure":5555.00,"codMeasure":"measure_55555","details":[{"idAction":100,"codProduct":"PROD-5555","levProduct":1,"codDisplay":"DISP-5555","codNode":"NODE-5555","codDiv":"DIV-5555","flgInclusion":true,"articles":[{"idAction":100,"codProduct":"PROD-5555","levProduct":1,"codDisplay":"DISP-5555","codDiv":"DIV-5555","codNode":"NODE-5555","codNode1":null,"codNode2":null,"codNodeN":null}]}],"measureFields":[]},{"idAction":100,"codProduct":"PROD-8888","levProduct":1,"codDisplay":"DISP-8888","codDiv":"DIV-8888","qtyEstimated":2000.00,"perceDiscount1":0.00,"perceDiscount2":0.00,"numMeasure":0.00,"codMeasure":null,"details":[{"idAction":100,"codProduct":"PROD-8888","levProduct":1,"codDisplay":"DISP-8888","codNode":"NODE-8888","codDiv":"DIV-8888","flgInclusion":true,"articles":[{"idAction":100,"codProduct":"PROD-8888","levProduct":1,"codDisplay":"DISP-8888","codDiv":"DIV-8888","codNode":"NODE-8888","codNode1":"A1","codNode2":null,"codNodeN":null}]}],"measureFields":[]},{"idAction":100,"codProduct":"PROD-9000","levProduct":1,"codDisplay":"DISP-9000","codDiv":"DIV-9000","qtyEstimated":2000.00,"perceDiscount1":0.60,"perceDiscount2":0.90,"numMeasure":66.00,"codMeasure":"measure_9000","details":[{"idAction":100,"codProduct":"PROD-9000","levProduct":1,"codDisplay":"DISP-9000","codNode":"NODE-9000","codDiv":"DIV-9000","flgInclusion":true,"articles":[{"idAction":100,"codProduct":"PROD-9000","levProduct":1,"codDisplay":"DISP-9000","codDiv":"DIV-9000","codNode":"NODE-9000","codNode1":"A1","codNode2":null,"codNodeN":null}]}],"measureFields":[]},{"idAction":200,"codProduct":"PRD_200","levProduct":20,"codDisplay":"DSP_200","codDiv":"DIV_200","qtyEstimated":20000.00,"perceDiscount1":3.50,"perceDiscount2":5.50,"numMeasure":0.00,"codMeasure":"MEASURE_200","details":[{"idAction":200,"codProduct":"PRD_200","levProduct":20,"codDisplay":"DSP_200","codNode":"NODE_200","codDiv":"DIV_200","flgInclusion":true,"articles":[{"idAction":200,"codProduct":"PRD_200","levProduct":20,"codDisplay":"DSP_200","codDiv":"DIV_200","codNode":"NODE_200","codNode1":"TTT","codNode2":"YYY","codNodeN":"UUU"}]}],"measureFields":[]},{"idAction":200,"codProduct":"PROD-1111","levProduct":1,"codDisplay":"DISP-1111","codDiv":"DIV-1111","qtyEstimated":0.00,"perceDiscount1":0.00,"perceDiscount2":0.00,"numMeasure":1.00,"codMeasure":"EA","details":[{"idAction":200,"codProduct":"PROD-1111","levProduct":1,"codDisplay":"DISP-1111","codNode":"ddd","codDiv":"DIV5005","flgInclusion":true,"articles":[]}],"measureFields":[]},{"idAction":300,"codProduct":"PRD_300","levProduct":30,"codDisplay":"DSP_300","codDiv":"DIV_300","qtyEstimated":3200.00,"perceDiscount1":4.50,"perceDiscount2":5.50,"numMeasure":0.00,"codMeasure":"MEASURE_300","details":[{"idAction":300,"codProduct":"PRD_300","levProduct":30,"codDisplay":"DSP_300","codNode":"NODE_300","codDiv":"DIV_300","flgInclusion":true,"articles":[{"idAction":300,"codProduct":"PRD_300","levProduct":30,"codDisplay":"DSP_300","codDiv":"DIV_300","codNode":"NODE_300","codNode1":"HHHHHH","codNode2":"QQQQQQQQ","codNodeN":"UUUUUUUU"}]}],"measureFields":[]},{"idAction":321,"codProduct":"PRD_3","levProduct":1,"codDisplay":"DSP_3","codDiv":"DIV_3","qtyEstimated":3450.00,"perceDiscount1":0.50,"perceDiscount2":9.00,"numMeasure":676.00,"codMeasure":"MEASURE_3","details":[{"idAction":321,"codProduct":"PRD_3","levProduct":1,"codDisplay":"DSP_3","codNode":"NODE_3","codDiv":"DIV_3","flgInclusion":true,"articles":[{"idAction":321,"codProduct":"PRD_3","levProduct":1,"codDisplay":"DSP_3","codDiv":"DIV_3","codNode":"NODE_3","codNode1":"AAA","codNode2":"BBB","codNodeN":"CCC"}]}],"measureFields":[]},{"idAction":321,"codProduct":"prd_33","levProduct":1,"codDisplay":"dsp_33","codDiv":"div_33","qtyEstimated":4000.00,"perceDiscount1":0.40,"perceDiscount2":0.90,"numMeasure":339.00,"codMeasure":"measure_33","details":[{"idAction":321,"codProduct":"prd_33","levProduct":1,"codDisplay":"dsp_33","codNode":"node_33","codDiv":"div_33","flgInclusion":true,"articles":[{"idAction":321,"codProduct":"prd_33","levProduct":1,"codDisplay":"dsp_33","codDiv":"div_33","codNode":"node_33","codNode1":"ddd","codNode2":"fff","codNodeN":"ggg"}]}],"measureFields":[]},{"idAction":321,"codProduct":"PRD_A","levProduct":1,"codDisplay":"DSP_A","codDiv":"DIV_A","qtyEstimated":78765.00,"perceDiscount1":9.80,"perceDiscount2":2.10,"numMeasure":0.00,"codMeasure":"MEASURE_A","details":[{"idAction":321,"codProduct":"PRD_A","levProduct":1,"codDisplay":"DSP_A","codNode":"NODE_A","codDiv":"DIV_A","flgInclusion":true,"articles":[{"idAction":321,"codProduct":"PRD_A","levProduct":1,"codDisplay":"DSP_A","codDiv":"DIV_A","codNode":"NODE_A","codNode1":"KKKKKKKKK","codNode2":"WWWWWWWWWW","codNodeN":"WEEEEEEEE"}]}],"measureFields":[]},{"idAction":321,"codProduct":"PROD-9000","levProduct":1,"codDisplay":"DISP-9000","codDiv":"DIV-9000","qtyEstimated":2000.00,"perceDiscount1":0.60,"perceDiscount2":0.90,"numMeasure":66.00,"codMeasure":"measure_9000","details":[{"idAction":321,"codProduct":"PROD-9000","levProduct":1,"codDisplay":"DISP-9000","codNode":"NODE-9000","codDiv":"DIV-9000","flgInclusion":true,"articles":[{"idAction":321,"codProduct":"PROD-9000","levProduct":1,"codDisplay":"DISP-9000","codDiv":"DIV-9000","codNode":"NODE-9000","codNode1":"A1","codNode2":null,"codNodeN":null}]}],"measureFields":[]},{"idAction":1111,"codProduct":"PRD_1","levProduct":1,"codDisplay":"DIV_1","codDiv":"DIV_1","qtyEstimated":78.00,"perceDiscount1":6.00,"perceDiscount2":8.00,"numMeasure":78788.00,"codMeasure":"1","details":[],"measureFields":[]},{"idAction":1111,"codProduct":"PRD_1","levProduct":1,"codDisplay":"DSP_1","codDiv":"DIV_1","qtyEstimated":11.00,"perceDiscount1":9.80,"perceDiscount2":6.70,"numMeasure":11.00,"codMeasure":"MEASURE_1","details":[{"idAction":1111,"codProduct":"PRD_1","levProduct":1,"codDisplay":"DSP_1","codNode":"NODE_1","codDiv":"DIV_1","flgInclusion":true,"articles":[{"idAction":1111,"codProduct":"PRD_1","levProduct":1,"codDisplay":"DSP_1","codDiv":"DIV_1","codNode":"NODE_1","codNode1":"NN","codNode2":"MM","codNodeN":"ZZ"}]}],"measureFields":[]},{"idAction":1111,"codProduct":"PRD_1111","levProduct":11,"codDisplay":"DSP_1111","codDiv":"DIV_1111","qtyEstimated":6756.00,"perceDiscount1":9.81,"perceDiscount2":8.90,"numMeasure":0.00,"codMeasure":"MEASURE_1111","details":[{"idAction":1111,"codProduct":"PRD_1111","levProduct":11,"codDisplay":"DSP_1111","codNode":"NODE_1111","codDiv":"DIV_1111","flgInclusion":true,"articles":[{"idAction":1111,"codProduct":"PRD_1111","levProduct":11,"codDisplay":"DSP_1111","codDiv":"DIV_1111","codNode":"NODE_1111","codNode1":"CCCCCC","codNode2":"AAAAAAA","codNodeN":"BBBBBBBB"}]}],"measureFields":[]},{"idAction":1111,"codProduct":"PRD_24","levProduct":1,"codDisplay":"DS-_24","codDiv":"DIV_24","qtyEstimated":345.00,"perceDiscount1":0.50,"perceDiscount2":0.90,"numMeasure":8.00,"codMeasure":"MEASURE_24","details":[],"measureFields":[]},{"idAction":1111,"codProduct":"PRD_44","levProduct":1,"codDisplay":"DSP_44","codDiv":"DIC_44","qtyEstimated":44.00,"perceDiscount1":0.10,"perceDiscount2":0.50,"numMeasure":76.00,"codMeasure":"MEASURE_44","details":[],"measureFields":[]},{"idAction":1111,"codProduct":"PRD_765","levProduct":1,"codDisplay":"DSP_567","codDiv":"DIV_765","qtyEstimated":5.60,"perceDiscount1":0.50,"perceDiscount2":0.40,"numMeasure":999.00,"codMeasure":"765","details":[],"measureFields":[]},{"idAction":1111,"codProduct":"PROD-1111","levProduct":1,"codDisplay":"DISP-1111","codDiv":"DIV-1111","qtyEstimated":0.00,"perceDiscount1":0.00,"perceDiscount2":0.00,"numMeasure":1.00,"codMeasure":"EA","details":[{"idAction":1111,"codProduct":"PROD-1111","levProduct":1,"codDisplay":"DISP-1111","codNode":"ddd","codDiv":"DIV5005","flgInclusion":true,"articles":[]}],"measureFields":[]},{"idAction":1111,"codProduct":"PROD-2323","levProduct":1,"codDisplay":"DSP-2323","codDiv":"D-2322","qtyEstimated":2340.00,"perceDiscount1":0.40,"perceDiscount2":45.00,"numMeasure":0.00,"codMeasure":"PALLET","details":[{"idAction":1111,"codProduct":"PROD-2323","levProduct":1,"codDisplay":"DSP-2323","codNode":"NODE-2323","codDiv":"D-2323","flgInclusion":true,"articles":[{"idAction":1111,"codProduct":"PROD-2323","levProduct":1,"codDisplay":"DSP-2323","codDiv":"D-2323","codNode":"NODE-2323","codNode1":"A1-2323","codNode2":"A2-2323","codNodeN":"AN-2323"}]}],"measureFields":[]},{"idAction":2020,"codProduct":"PRD_1","levProduct":1,"codDisplay":"DIV_1","codDiv":"DIV_1","qtyEstimated":78.00,"perceDiscount1":6.00,"perceDiscount2":8.00,"numMeasure":78788.00,"codMeasure":"1","details":[],"measureFields":[]},{"idAction":2020,"codProduct":"PRD_24","levProduct":1,"codDisplay":"DS-_24","codDiv":"DIV_24","qtyEstimated":345.00,"perceDiscount1":0.50,"perceDiscount2":0.90,"numMeasure":8.00,"codMeasure":"MEASURE_24","details":[],"measureFields":[]},{"idAction":2020,"codProduct":"PRD_44","levProduct":1,"codDisplay":"DSP_44","codDiv":"DIC_44","qtyEstimated":44.00,"perceDiscount1":0.10,"perceDiscount2":0.50,"numMeasure":76.00,"codMeasure":"MEASURE_44","details":[],"measureFields":[]},{"idAction":2020,"codProduct":"PRD_765","levProduct":0,"codDisplay":"DSP_765","codDiv":"DIV_765","qtyEstimated":234.00,"perceDiscount1":0.50,"perceDiscount2":0.56,"numMeasure":765.00,"codMeasure":"MEASURE_765","details":[],"measureFields":[]},{"idAction":2020,"codProduct":"PRD_765","levProduct":0,"codDisplay":"DSP-765","codDiv":"DIV_765","qtyEstimated":345.00,"perceDiscount1":3.55,"perceDiscount2":67.00,"numMeasure":765.00,"codMeasure":"MEASURE_765","details":[],"measureFields":[]},{"idAction":2020,"codProduct":"PRD-2020","levProduct":1,"codDisplay":"DSP-2020","codDiv":"D-2020","qtyEstimated":2000.00,"perceDiscount1":11.00,"perceDiscount2":23.00,"numMeasure":0.00,"codMeasure":"BOX","details":[{"idAction":2020,"codProduct":"PRD-2020","levProduct":1,"codDisplay":"DSP-2020","codNode":"NODE-2020","codDiv":"D-2020","flgInclusion":true,"articles":[{"idAction":2020,"codProduct":"PRD-2020","levProduct":1,"codDisplay":"DSP-2020","codDiv":"D-2020","codNode":"NODE-2020","codNode1":"A1-2020","codNode2":"A2-2020","codNodeN":"AN-2020"}]}],"measureFields":[]},{"idAction":2323,"codProduct":"PRD_08","levProduct":0,"codDisplay":"DSP_08","codDiv":"DIV_08","qtyEstimated":11.00,"perceDiscount1":22.00,"perceDiscount2":2.00,"numMeasure":2.00,"codMeasure":"08","details":[],"measureFields":[]},{"idAction":2323,"codProduct":"PRD_1","levProduct":1,"codDisplay":"DIV_1","codDiv":"DIV_1","qtyEstimated":78.00,"perceDiscount1":6.00,"perceDiscount2":8.00,"numMeasure":78788.00,"codMeasure":"1","details":[],"measureFields":[]},{"idAction":2323,"codProduct":"PRD_23","levProduct":0,"codDisplay":"DSP_23","codDiv":"DIV_23","qtyEstimated":28.00,"perceDiscount1":7.00,"perceDiscount2":2.00,"numMeasure":7.00,"codMeasure":"MEASURE_23","details":[],"measureFields":[]},{"idAction":2323,"codProduct":"PRD_24","levProduct":1,"codDisplay":"DS-_24","codDiv":"DIV_24","qtyEstimated":345.00,"perceDiscount1":0.50,"perceDiscount2":0.90,"numMeasure":8.00,"codMeasure":"MEASURE_24","details":[],"measureFields":[]},{"idAction":2323,"codProduct":"PRD_34","levProduct":1,"codDisplay":"DSP_34","codDiv":"DIV_34","qtyEstimated":2345.00,"perceDiscount1":0.60,"perceDiscount2":8.87,"numMeasure":34.00,"codMeasure":"MEASURE_34","details":[],"measureFields":[]},{"idAction":2323,"codProduct":"PRD_44","levProduct":1,"codDisplay":"DSP_44","codDiv":"DIC_44","qtyEstimated":44.00,"perceDiscount1":0.10,"perceDiscount2":0.50,"numMeasure":76.00,"codMeasure":"MEASURE_44","details":[],"measureFields":[]},{"idAction":2323,"codProduct":"PRD_55","levProduct":1,"codDisplay":"DSP_55","codDiv":"DIV_55","qtyEstimated":66.00,"perceDiscount1":0.50,"perceDiscount2":0.10,"numMeasure":34.00,"codMeasure":"55","details":[],"measureFields":[]},{"idAction":2323,"codProduct":"PRD_765","levProduct":0,"codDisplay":"DSP_567","codDiv":"DIV_765","qtyEstimated":5.60,"perceDiscount1":0.50,"perceDiscount2":0.40,"numMeasure":999.00,"codMeasure":"765","details":[],"measureFields":[]},{"idAction":2323,"codProduct":"PROD-2323","levProduct":1,"codDisplay":"DSP-2323","codDiv":"D-2322","qtyEstimated":2340.00,"perceDiscount1":0.40,"perceDiscount2":45.00,"numMeasure":0.00,"codMeasure":"PALLET","details":[{"idAction":2323,"codProduct":"PROD-2323","levProduct":1,"codDisplay":"DSP-2323","codNode":"NODE-2323","codDiv":"D-2323","flgInclusion":true,"articles":[{"idAction":2323,"codProduct":"PROD-2323","levProduct":1,"codDisplay":"DSP-2323","codDiv":"D-2323","codNode":"NODE-2323","codNode1":"A1-2323","codNode2":"A2-2323","codNodeN":"AN-2323"}]}],"measureFields":[]},{"idAction":5005,"codProduct":"PROD-1111","levProduct":1,"codDisplay":"DISP-1111","codDiv":"DIV-1111","qtyEstimated":0.00,"perceDiscount1":0.00,"perceDiscount2":0.00,"numMeasure":1.00,"codMeasure":"EA","details":[{"idAction":5005,"codProduct":"PROD-1111","levProduct":1,"codDisplay":"DISP-1111","codNode":"ddd","codDiv":"DIV5005","flgInclusion":true,"articles":[]}],"measureFields":[]},{"idAction":6000,"codProduct":"PRD_6666","levProduct":1,"codDisplay":"DSP_6666","codDiv":"DIV_6666","qtyEstimated":14.00,"perceDiscount1":0.80,"perceDiscount2":8.90,"numMeasure":654.00,"codMeasure":"MEASURE_6666","details":[],"measureFields":[]},{"idAction":6000,"codProduct":"PRD_99","levProduct":1,"codDisplay":"DSP_99","codDiv":"DIV_99","qtyEstimated":456.00,"perceDiscount1":9.80,"perceDiscount2":7.70,"numMeasure":999.00,"codMeasure":"MEASURE_99","details":[{"idAction":6000,"codProduct":"PRD_99","levProduct":1,"codDisplay":"DSP_99","codNode":"NODE_99","codDiv":"DIV_99","flgInclusion":true,"articles":[{"idAction":6000,"codProduct":"PRD_99","levProduct":1,"codDisplay":"DSP_99","codDiv":"DIV_99","codNode":"NODE_99","codNode1":"HBKK","codNode2":"KHNKH","codNodeN":"IYGFTUFTY"}]}],"measureFields":[]},{"idAction":6000,"codProduct":"PROD-6000","levProduct":1,"codDisplay":"DISP-6000","codDiv":"DIV-6000","qtyEstimated":100.00,"perceDiscount1":15.00,"perceDiscount2":0.00,"numMeasure":1.00,"codMeasure":"UNIT","details":[{"idAction":6000,"codProduct":"PROD-6000","levProduct":1,"codDisplay":"DISP-6000","codNode":"DET-6000","codDiv":"DIV-6000","flgInclusion":true,"articles":[{"idAction":6000,"codProduct":"PROD-6000","levProduct":1,"codDisplay":"DISP-6000","codDiv":"DIV-6000","codNode":"DET-6000","codNode1":"SKU-6001","codNode2":"V-GOLD","codNodeN":"SIZE-XL"}]}],"measureFields":[]},{"idAction":6767,"codProduct":"PRD_7777","levProduct":1,"codDisplay":"DSP_7777","codDiv":"DIV_7777","qtyEstimated":3423.00,"perceDiscount1":9.80,"perceDiscount2":5.60,"numMeasure":3432.00,"codMeasure":"MEASURE_7777","details":[{"idAction":6767,"codProduct":"PRD_7777","levProduct":1,"codDisplay":"DSP_7777","codNode":"NODE_7777","codDiv":"DIV_7777","flgInclusion":true,"articles":[{"idAction":6767,"codProduct":"PRD_7777","levProduct":1,"codDisplay":"DSP_7777","codDiv":"DIV_7777","codNode":"NODE_7777","codNode1":"ABC","codNode2":"DEF","codNodeN":"HBJ"}]}],"measureFields":[]},{"idAction":6767,"codProduct":"PROD-6767","levProduct":1,"codDisplay":"DSP-6767","codDiv":"DIV-6767","qtyEstimated":5000.00,"perceDiscount1":23.50,"perceDiscount2":45.60,"numMeasure":0.00,"codMeasure":"PALLET","details":[{"idAction":6767,"codProduct":"PROD-6767","levProduct":1,"codDisplay":"DSP-6767","codNode":"NODE-6767","codDiv":"DIV-6767","flgInclusion":true,"articles":[{"idAction":6767,"codProduct":"PROD-6767","levProduct":1,"codDisplay":"DSP-6767","codDiv":"DIV-6767","codNode":"NODE-6767","codNode1":"A1-6767","codNode2":"A2-6767","codNodeN":"AN-6767"}]}],"measureFields":[]},{"idAction":7000,"codProduct":"PROD-7000","levProduct":1,"codDisplay":"DISP-7000","codDiv":"DIV-7000","qtyEstimated":500.00,"perceDiscount1":null,"perceDiscount2":null,"numMeasure":null,"codMeasure":null,"details":[],"measureFields":[]},{"idAction":8888,"codProduct":"PROD-5555","levProduct":1,"codDisplay":"DISP-5555","codDiv":"DIV-5555","qtyEstimated":500.00,"perceDiscount1":0.00,"perceDiscount2":0.00,"numMeasure":0.00,"codMeasure":null,"details":[{"idAction":8888,"codProduct":"PROD-5555","levProduct":1,"codDisplay":"DISP-5555","codNode":"NODE-5555","codDiv":"DIV-5555","flgInclusion":true,"articles":[{"idAction":8888,"codProduct":"PROD-5555","levProduct":1,"codDisplay":"DISP-5555","codDiv":"DIV-5555","codNode":"NODE-5555","codNode1":null,"codNode2":null,"codNodeN":null}]}],"measureFields":[]}]
2026-02-11 12:34:04.988 +05:00 [INF] HTTP GET /api/promotions/products responded 200 in 190.0475 ms
2026-02-11 12:34:05.186 +05:00 [INF] Downstream JWT validated for haris
2026-02-11 12:34:05.250 +05:00 [INF] HTTP GET /api/promotions/products responded 200 in 64.5651 ms | User: haris (23) | IP: ::1 | RequestBody:  | ResponseBody: [{"idAction":3,"codProduct":"PRD_24","levProduct":1,"codDisplay":"DS-_24","codDiv":"DIV_24","qtyEstimated":345.00,"perceDiscount1":0.50,"perceDiscount2":0.90,"numMeasure":8.00,"codMeasure":"MEASURE_24","details":[],"measureFields":[]},{"idAction":3,"codProduct":"PRD_3","levProduct":3,"codDisplay":"DSP_3","codDiv":"DIV_3","qtyEstimated":3450.00,"perceDiscount1":0.50,"perceDiscount2":9.00,"numMeasure":676.00,"codMeasure":"MEASURE_3","details":[{"idAction":3,"codProduct":"PRD_3","levProduct":3,"codDisplay":"DSP_3","codNode":"NODE_3","codDiv":"DIV_3","flgInclusion":true,"articles":[{"idAction":3,"codProduct":"PRD_3","levProduct":3,"codDisplay":"DSP_3","codDiv":"DIV_3","codNode":"NODE_3","codNode1":"AAA","codNode2":"BBB","codNodeN":"CCC"}]}],"measureFields":[]},{"idAction":3,"codProduct":"prd_33","levProduct":1,"codDisplay":"dsp_33","codDiv":"div_33","qtyEstimated":4000.00,"perceDiscount1":0.40,"perceDiscount2":0.90,"numMeasure":339.00,"codMeasure":"measure_33","details":[{"idAction":3,"codProduct":"prd_33","levProduct":1,"codDisplay":"dsp_33","codNode":"node_33","codDiv":"div_33","flgInclusion":true,"articles":[{"idAction":3,"codProduct":"prd_33","levProduct":1,"codDisplay":"dsp_33","codDiv":"div_33","codNode":"node_33","codNode1":"ddd","codNode2":"fff","codNodeN":"ggg"}]}],"measureFields":[]},{"idAction":3,"codProduct":"PRD_96","levProduct":1,"codDisplay":"DSP_96","codDiv":"DIV_96","qtyEstimated":869785.00,"perceDiscount1":4.50,"perceDiscount2":6.50,"numMeasure":667.00,"codMeasure":"MEASURE_96","details":[{"idAction":3,"codProduct":"PRD_96","levProduct":1,"codDisplay":"DSP_96","codNode":"NODE_96","codDiv":"DIV_96","flgInclusion":true,"articles":[{"idAction":3,"codProduct":"PRD_96","levProduct":1,"codDisplay":"DSP_96","codDiv":"DIV_96","codNode":"NODE_96","codNode1":"AAAAAA","codNode2":"SSSSSSSSSS","codNodeN":"DDDDDDDDDD"}]}],"measureFields":[]},{"idAction":3,"codProduct":"PROD-9000","levProduct":1,"codDisplay":"DISP-9000","codDiv":"DIV-9000","qtyEstimated":2000.00,"perceDiscount1":0.60,"perceDiscount2":0.90,"numMeasure":66.00,"codMeasure":"measure_9000","details":[{"idAction":3,"codProduct":"PROD-9000","levProduct":1,"codDisplay":"DISP-9000","codNode":"NODE-9000","codDiv":"DIV-9000","flgInclusion":true,"articles":[{"idAction":3,"codProduct":"PROD-9000","levProduct":1,"codDisplay":"DISP-9000","codDiv":"DIV-9000","codNode":"NODE-9000","codNode1":"A1","codNode2":null,"codNodeN":null}]}],"measureFields":[]},{"idAction":5,"codProduct":"PRD_3","levProduct":1,"codDisplay":"DSP_3","codDiv":"DIV_3","qtyEstimated":3450.00,"perceDiscount1":0.50,"perceDiscount2":9.00,"numMeasure":0.00,"codMeasure":"MEASURE_3","details":[{"idAction":5,"codProduct":"PRD_3","levProduct":1,"codDisplay":"DSP_3","codNode":"NODE_3","codDiv":"DIV_3","flgInclusion":true,"articles":[{"idAction":5,"codProduct":"PRD_3","levProduct":1,"codDisplay":"DSP_3","codDiv":"DIV_3","codNode":"NODE_3","codNode1":"AAA","codNode2":"BBB","codNodeN":"CCC"}]}],"measureFields":[]},{"idAction":5,"codProduct":"prd_33","levProduct":1,"codDisplay":"dsp_33","codDiv":"div_33","qtyEstimated":4000.00,"perceDiscount1":0.40,"perceDiscount2":0.90,"numMeasure":339.00,"codMeasure":"measure_33","details":[{"idAction":5,"codProduct":"prd_33","levProduct":1,"codDisplay":"dsp_33","codNode":"node_33","codDiv":"div_33","flgInclusion":true,"articles":[{"idAction":5,"codProduct":"prd_33","levProduct":1,"codDisplay":"dsp_33","codDiv":"div_33","codNode":"node_33","codNode1":"ddd","codNode2":"fff","codNodeN":"ggg"}]}],"measureFields":[]},{"idAction":5,"codProduct":"PRD_333","levProduct":1,"codDisplay":"DSP_333","codDiv":"DIV_333","qtyEstimated":4500.00,"perceDiscount1":0.80,"perceDiscount2":9.10,"numMeasure":556540.00,"codMeasure":"MEASURE_333","details":[{"idAction":5,"codProduct":"PRD_333","levProduct":1,"codDisplay":"DSP_333","codNode":"NODE_333","codDiv":"DIV_333","flgInclusion":true,"articles":[{"idAction":5,"codProduct":"PRD_333","levProduct":1,"codDisplay":"DSP_333","codDiv":"DIV_333","codNode":"NODE_333","codNode1":"PPP","codNode2":"LLL","codNodeN":"MMM"}]}],"measureFields":[]},{"idAction":5,"codProduct":"PRD_5","levProduct":5,"codDisplay":"DSP_5","codDiv":"DIV_5","qtyEstimated":2500.00,"perceDiscount1":6.70,"perceDiscount2":8.90,"numMeasure":0.00,"codMeasure":"MEASURE_5","details":[{"idAction":5,"codProduct":"PRD_5","levProduct":5,"codDisplay":"DSP_5","codNode":"NODE_5","codDiv":"DIV_5","flgInclusion":true,"articles":[{"idAction":5,"codProduct":"PRD_5","levProduct":5,"codDisplay":"DSP_5","codDiv":"DIV_5","codNode":"NODE_5","codNode1":"RRR","codNode2":"TTT","codNodeN":"YYY"}]}],"measureFields":[]},{"idAction":5,"codProduct":"PROD-9000","levProduct":1,"codDisplay":"DISP-9000","codDiv":"DIV-9000","qtyEstimated":2000.00,"perceDiscount1":0.60,"perceDiscount2":0.90,"numMeasure":66.00,"codMeasure":"measure_9000","details":[{"idAction":5,"codProduct":"PROD-9000","levProduct":1,"codDisplay":"DISP-9000","codNode":"NODE-9000","codDiv":"DIV-9000","flgInclusion":true,"articles":[{"idAction":5,"codProduct":"PROD-9000","levProduct":1,"codDisplay":"DISP-9000","codDiv":"DIV-9000","codNode":"NODE-9000","codNode1":"A1","codNode2":null,"codNodeN":null}]}],"measureFields":[]},{"idAction":6,"codProduct":"PRD_1","levProduct":1,"codDisplay":"DIV_1","codDiv":"DIV_1","qtyEstimated":78.00,"perceDiscount1":6.00,"perceDiscount2":8.00,"numMeasure":78788.00,"codMeasure":"1","details":[],"measureFields":[]},{"idAction":6,"codProduct":"PRD_3","levProduct":1,"codDisplay":"DSP_3","codDiv":"DIV_3","qtyEstimated":3450.00,"perceDiscount1":0.50,"perceDiscount2":9.00,"numMeasure":676.00,"codMeasure":"MEASURE_3","details":[{"idAction":6,"codProduct":"PRD_3","levProduct":1,"codDisplay":"DSP_3","codNode":"NODE_3","codDiv":"DIV_3","flgInclusion":true,"articles":[{"idAction":6,"codProduct":"PRD_3","levProduct":1,"codDisplay":"DSP_3","codDiv":"DIV_3","codNode":"NODE_3","codNode1":"AAA","codNode2":"BBB","codNodeN":"CCC"}]}],"measureFields":[]},{"idAction":6,"codProduct":"PRD_6","levProduct":6,"codDisplay":"DSP_6","codDiv":"DIV_6","qtyEstimated":60606.00,"perceDiscount1":9.90,"perceDiscount2":7.80,"numMeasure":0.00,"codMeasure":"MEASURE_6","details":[{"idAction":6,"codProduct":"PRD_6","levProduct":6,"codDisplay":"DSP_6","codNode":"NODE_6","codDiv":"DIV_6","flgInclusion":true,"articles":[{"idAction":6,"codProduct":"PRD_6","levProduct":6,"codDisplay":"DSP_6","codDiv":"DIV_6","codNode":"NODE_6","codNode1":"KKK","codNode2":"LLL","codNodeN":"MMM"}]}],"measureFields":[]},{"idAction":6,"codProduct":"PRD_66666","levProduct":1,"codDisplay":"DSP_66666","codDiv":"DIV_66666","qtyEstimated":600000.00,"perceDiscount1":6.60,"perceDiscount2":3.40,"numMeasure":8758939.00,"codMeasure":"MEASURE_66666","details":[{"idAction":6,"codProduct":"PRD_66666","levProduct":1,"codDisplay":"DSP_66666","codNode":"NODE_66666","codDiv":"DIV_66666","flgInclusion":true,"articles":[{"idAction":6,"codProduct":"PRD_66666","levProduct":1,"codDisplay":"DSP_66666","codDiv":"DIV_66666","codNode":"NODE_66666","codNode1":"KKKKKKKKK","codNode2":"VVVVVVV","codNodeN":"VVVVVVVVVVVV"}]}],"measureFields":[]},{"idAction":7,"codProduct":"PRD_7","levProduct":7,"codDisplay":"DSP_7","codDiv":"DIV_7","qtyEstimated":7000.00,"perceDiscount1":6.70,"perceDiscount2":7.70,"numMeasure":0.00,"codMeasure":"MEASURE_7","details":[{"idAction":7,"codProduct":"PRD_7","levProduct":7,"codDisplay":"DSP_7","codNode":"NODE_7","codDiv":"DIV_7","flgInclusion":true,"articles":[{"idAction":7,"codProduct":"PRD_7","levProduct":7,"codDisplay":"DSP_7","codDiv":"DIV_7","codNode":"NODE_7","codNode1":"JHJK","codNode2":"JKBHHUI","codNodeN":"KKKK"}]}],"measureFields":[]},{"idAction":10,"codProduct":"PRD_10","levProduct":10,"codDisplay":"DSP_10","codDiv":"DIV_10","qtyEstimated":5000.00,"perceDiscount1":0.70,"perceDiscount2":9.80,"numMeasure":0.00,"codMeasure":"MEASURE_10","details":[{"idAction":10,"codProduct":"PRD_10","levProduct":10,"codDisplay":"DSP_10","codNode":"NODE_10","codDiv":"DIV_10","flgInclusion":true,"articles":[{"idAction":10,"codProduct":"PRD_10","levProduct":10,"codDisplay":"DSP_10","codDiv":"DIV_10","codNode":"NODE_10","codNode1":"QQQ","codNode2":"WWW","codNodeN":"EEE"}]}],"measureFields":[]},{"idAction":10,"codProduct":"PROD-5555","levProduct":1,"codDisplay":"DISP-5555","codDiv":"DIV-5555","qtyEstimated":500.00,"perceDiscount1":0.80,"perceDiscount2":0.10,"numMeasure":5555.00,"codMeasure":"measure_55555","details":[{"idAction":10,"codProduct":"PROD-5555","levProduct":1,"codDisplay":"DISP-5555","codNode":"NODE-5555","codDiv":"DIV-5555","flgInclusion":true,"articles":[{"idAction":10,"codProduct":"PROD-5555","levProduct":1,"codDisplay":"DISP-5555","codDiv":"DIV-5555","codNode":"NODE-5555","codNode1":null,"codNode2":null,"codNodeN":null}]}],"measureFields":[]},{"idAction":10,"codProduct":"PROD-8888","levProduct":1,"codDisplay":"DISP-8888","codDiv":"DIV-8888","qtyEstimated":2000.00,"perceDiscount1":0.00,"perceDiscount2":0.00,"numMeasure":0.00,"codMeasure":null,"details":[{"idAction":10,"codProduct":"PROD-8888","levProduct":1,"codDisplay":"DISP-8888","codNode":"NODE-8888","codDiv":"DIV-8888","flgInclusion":true,"articles":[{"idAction":10,"codProduct":"PROD-8888","levProduct":1,"codDisplay":"DISP-8888","codDiv":"DIV-8888","codNode":"NODE-8888","codNode1":"A1","codNode2":null,"codNodeN":null}]}],"measureFields":[]},{"idAction":12,"codProduct":"PRD_12","levProduct":11,"codDisplay":"DSP_12","codDiv":"DIV_12","qtyEstimated":1200.00,"perceDiscount1":7.80,"perceDiscount2":3.40,"numMeasure":0.00,"codMeasure":"MEASURE_12","details":[{"idAction":12,"codProduct":"PRD_12","levProduct":11,"codDisplay":"DSP_12","codNode":"NODE_12","codDiv":"DIV_12","flgInclusion":true,"articles":[{"idAction":12,"codProduct":"PRD_12","levProduct":11,"codDisplay":"DSP_12","codDiv":"DIV_12","codNode":"NODE_12","codNode1":"NODEEE_34R42","codNode2":"ADFRGWFA","codNodeN":"AEFWGVFWEFSCEW"}]}],"measureFields":[]},{"idAction":24,"codProduct":"PRD_24","levProduct":23,"codDisplay":"DSP_24","codDiv":"DIV_24","qtyEstimated":2499.00,"perceDiscount1":24.90,"perceDiscount2":24.80,"numMeasure":0.00,"codMeasure":"24","details":[{"idAction":24,"codProduct":"PRD_24","levProduct":23,"codDisplay":"DSP_24","codNode":"NODE_24","codDiv":"DIV_24","flgInclusion":true,"articles":[{"idAction":24,"codProduct":"PRD_24","levProduct":23,"codDisplay":"DSP_24","codDiv":"DIV_24","codNode":"NODE_24","codNode1":"LLLLLLLLLLLLL","codNode2":"KKKKKKKKKKKKKKKKK","codNodeN":"MMMMMMMMMMMMMMM"}]}],"measureFields":[]},{"idAction":87,"codProduct":"PRD_87","levProduct":87,"codDisplay":"DSP_87","codDiv":"DIV_87","qtyEstimated":8700.00,"perceDiscount1":8.70,"perceDiscount2":6.70,"numMeasure":0.00,"codMeasure":"MEASURE_87","details":[{"idAction":87,"codProduct":"PRD_87","levProduct":87,"codDisplay":"DSP_87","codNode":"NODE_87","codDiv":"DIV_87","flgInclusion":true,"articles":[{"idAction":87,"codProduct":"PRD_87","levProduct":87,"codDisplay":"DSP_87","codDiv":"DIV_87","codNode":"NODE_87","codNode1":"KHGUYGUH","codNode2":"IUGFTYDGUI","codNodeN":"YFGUHIO"}]}],"measureFields":[]},{"idAction":98,"codProduct":"PRD_3","levProduct":1,"codDisplay":"DSP_3","codDiv":"DIV_3","qtyEstimated":3450.00,"perceDiscount1":0.50,"perceDiscount2":9.00,"numMeasure":676.00,"codMeasure":"MEASURE_3","details":[{"idAction":98,"codProduct":"PRD_3","levProduct":1,"codDisplay":"DSP_3","codNode":"NODE_3","codDiv":"DIV_3","flgInclusion":true,"articles":[{"idAction":98,"codProduct":"PRD_3","levProduct":1,"codDisplay":"DSP_3","codDiv":"DIV_3","codNode":"NODE_3","codNode1":"AAA","codNode2":"BBB","codNodeN":"CCC"}]}],"measureFields":[]},{"idAction":98,"codProduct":"prd_33","levProduct":1,"codDisplay":"dsp_33","codDiv":"div_33","qtyEstimated":4000.00,"perceDiscount1":0.40,"perceDiscount2":0.90,"numMeasure":339.00,"codMeasure":"measure_33","details":[{"idAction":98,"codProduct":"prd_33","levProduct":1,"codDisplay":"dsp_33","codNode":"node_33","codDiv":"div_33","flgInclusion":true,"articles":[{"idAction":98,"codProduct":"prd_33","levProduct":1,"codDisplay":"dsp_33","codDiv":"div_33","codNode":"node_33","codNode1":"ddd","codNode2":"fff","codNodeN":"ggg"}]}],"measureFields":[]},{"idAction":98,"codProduct":"PRD_98","levProduct":98,"codDisplay":"DSP_98","codDiv":"DIV_98","qtyEstimated":34453.00,"perceDiscount1":0.90,"perceDiscount2":3.70,"numMeasure":0.00,"codMeasure":"MEASURE_98","details":[{"idAction":98,"codProduct":"PRD_98","levProduct":98,"codDisplay":"DSP_98","codNode":"NODE_98","codDiv":"DIV_98","flgInclusion":true,"articles":[{"idAction":98,"codProduct":"PRD_98","levProduct":98,"codDisplay":"DSP_98","codDiv":"DIV_98","codNode":"NODE_98","codNode1":"KHQGDKQE","codNode2":"DEQDED","codNodeN":"EEE"}]}],"measureFields":[]},{"idAction":98,"codProduct":"PROD-9000","levProduct":1,"codDisplay":"DISP-9000","codDiv":"DIV-9000","qtyEstimated":2000.00,"perceDiscount1":0.60,"perceDiscount2":0.90,"numMeasure":66.00,"codMeasure":"measure_9000","details":[{"idAction":98,"codProduct":"PROD-9000","levProduct":1,"codDisplay":"DISP-9000","codNode":"NODE-9000","codDiv":"DIV-9000","flgInclusion":true,"articles":[{"idAction":98,"codProduct":"PROD-9000","levProduct":1,"codDisplay":"DISP-9000","codDiv":"DIV-9000","codNode":"NODE-9000","codNode1":"A1","codNode2":null,"codNodeN":null}]}],"measureFields":[]},{"idAction":100,"codProduct":"PRD_1","levProduct":1,"codDisplay":"DIV_1","codDiv":"DIV_1","qtyEstimated":78.00,"perceDiscount1":6.00,"perceDiscount2":8.00,"numMeasure":78788.00,"codMeasure":"1","details":[],"measureFields":[]},{"idAction":100,"codProduct":"PRD_10","levProduct":1,"codDisplay":"DSP_10","codDiv":"DIV_10","qtyEstimated":5000.00,"perceDiscount1":0.70,"perceDiscount2":9.80,"numMeasure":0.00,"codMeasure":"MEASURE_10","details":[{"idAction":100,"codProduct":"PRD_10","levProduct":1,"codDisplay":"DSP_10","codNode":"NODE_10","codDiv":"DIV_10","flgInclusion":true,"articles":[{"idAction":100,"codProduct":"PRD_10","levProduct":1,"codDisplay":"DSP_10","codDiv":"DIV_10","codNode":"NODE_10","codNode1":"QQQ","codNode2":"WWW","codNodeN":"EEE"}]}],"measureFields":[]},{"idAction":100,"codProduct":"PRD_100","levProduct":1,"codDisplay":"DSP_100","codDiv":"DIV_100","qtyEstimated":1290.00,"perceDiscount1":3.40,"perceDiscount2":6.70,"numMeasure":0.00,"codMeasure":"MEASURE_100","details":[{"idAction":100,"codProduct":"PRD_100","levProduct":1,"codDisplay":"DSP_100","codNode":"NODE_100","codDiv":"DIV_100","flgInclusion":true,"articles":[{"idAction":100,"codProduct":"PRD_100","levProduct":1,"codDisplay":"DSP_100","codDiv":"DIV_100","codNode":"NODE_100","codNode1":"HHHHHHHH","codNode2":"JJJJJJJ","codNodeN":"KKKKKKK"}]}],"measureFields":[]},{"idAction":100,"codProduct":"PRD_100","levProduct":10,"codDisplay":"DSP_100","codDiv":"DIV_100","qtyEstimated":1290.00,"perceDiscount1":3.40,"perceDiscount2":6.70,"numMeasure":0.00,"codMeasure":"MEASURE_100","details":[{"idAction":100,"codProduct":"PRD_100","levProduct":10,"codDisplay":"DSP_100","codNode":"NODE_100","codDiv":"DIV_100","flgInclusion":true,"articles":[{"idAction":100,"codProduct":"PRD_100","levProduct":10,"codDisplay":"DSP_100","codDiv":"DIV_100","codNode":"NODE_100","codNode1":"HHHHHHHH","codNode2":"JJJJJJJ","codNodeN":"KKKKKKK"}]}],"measureFields":[]},{"idAction":100,"codProduct":"PRD_24","levProduct":1,"codDisplay":"DS-_24","codDiv":"DIV_24","qtyEstimated":345.00,"perceDiscount1":0.50,"perceDiscount2":0.90,"numMeasure":8.00,"codMeasure":"MEASURE_24","details":[],"measureFields":[]},{"idAction":100,"codProduct":"PRD_3","levProduct":1,"codDisplay":"DSP_3","codDiv":"DIV_3","qtyEstimated":3450.00,"perceDiscount1":0.50,"perceDiscount2":9.00,"numMeasure":676.00,"codMeasure":"MEASURE_3","details":[{"idAction":100,"codProduct":"PRD_3","levProduct":1,"codDisplay":"DSP_3","codNode":"NODE_3","codDiv":"DIV_3","flgInclusion":true,"articles":[{"idAction":100,"codProduct":"PRD_3","levProduct":1,"codDisplay":"DSP_3","codDiv":"DIV_3","codNode":"NODE_3","codNode1":"AAA","codNode2":"BBB","codNodeN":"CCC"}]}],"measureFields":[]},{"idAction":100,"codProduct":"prd_33","levProduct":1,"codDisplay":"dsp_33","codDiv":"div_33","qtyEstimated":4000.00,"perceDiscount1":0.40,"perceDiscount2":0.90,"numMeasure":339.00,"codMeasure":"measure_33","details":[{"idAction":100,"codProduct":"prd_33","levProduct":1,"codDisplay":"dsp_33","codNode":"node_33","codDiv":"div_33","flgInclusion":true,"articles":[{"idAction":100,"codProduct":"prd_33","levProduct":1,"codDisplay":"dsp_33","codDiv":"div_33","codNode":"node_33","codNode1":"ddd","codNode2":"fff","codNodeN":"ggg"}]}],"measureFields":[]},{"idAction":100,"codProduct":"PRD_5","levProduct":1,"codDisplay":"DSP_5","codDiv":"DIV_5","qtyEstimated":2500.00,"perceDiscount1":6.70,"perceDiscount2":8.90,"numMeasure":0.00,"codMeasure":"MEASURE_5","details":[{"idAction":100,"codProduct":"PRD_5","levProduct":1,"codDisplay":"DSP_5","codNode":"NODE_5","codDiv":"DIV_5","flgInclusion":true,"articles":[{"idAction":100,"codProduct":"PRD_5","levProduct":1,"codDisplay":"DSP_5","codDiv":"DIV_5","codNode":"NODE_5","codNode1":"RRR","codNode2":"TTT","codNodeN":"YYY"}]}],"measureFields":[]},{"idAction":100,"codProduct":"PRD_6","levProduct":1,"codDisplay":"DSP_6","codDiv":"DIV_6","qtyEstimated":60606.00,"perceDiscount1":9.90,"perceDiscount2":7.80,"numMeasure":0.00,"codMeasure":"MEASURE_6","details":[{"idAction":100,"codProduct":"PRD_6","levProduct":1,"codDisplay":"DSP_6","codNode":"NODE_6","codDiv":"DIV_6","flgInclusion":true,"articles":[{"idAction":100,"codProduct":"PRD_6","levProduct":1,"codDisplay":"DSP_6","codDiv":"DIV_6","codNode":"NODE_6","codNode1":"KKK","codNode2":"LLL","codNodeN":"MMM"}]}],"measureFields":[]},{"idAction":100,"codProduct":"PRD_66666","levProduct":1,"codDisplay":"DSP_66666","codDiv":"DIV_66666","qtyEstimated":600000.00,"perceDiscount1":6.60,"perceDiscount2":3.40,"numMeasure":8758939.00,"codMeasure":"MEASURE_66666","details":[{"idAction":100,"codProduct":"PRD_66666","levProduct":1,"codDisplay":"DSP_66666","codNode":"NODE_66666","codDiv":"DIV_66666","flgInclusion":true,"articles":[{"idAction":100,"codProduct":"PRD_66666","levProduct":1,"codDisplay":"DSP_66666","codDiv":"DIV_66666","codNode":"NODE_66666","codNode1":"KKKKKKKKK","codNode2":"VVVVVVV","codNodeN":"VVVVVVVVVVVV"}]}],"measureFields":[]},{"idAction":100,"codProduct":"PRD_7","levProduct":1,"codDisplay":"DSP_7","codDiv":"DIV_7","qtyEstimated":7000.00,"perceDiscount1":6.70,"perceDiscount2":7.70,"numMeasure":0.00,"codMeasure":"MEASURE_7","details":[{"idAction":100,"codProduct":"PRD_7","levProduct":1,"codDisplay":"DSP_7","codNode":"NODE_7","codDiv":"DIV_7","flgInclusion":true,"articles":[{"idAction":100,"codProduct":"PRD_7","levProduct":1,"codDisplay":"DSP_7","codDiv":"DIV_7","codNode":"NODE_7","codNode1":"JHJK","codNode2":"JKBHHUI","codNodeN":"KKKK"}]}],"measureFields":[]},{"idAction":100,"codProduct":"PRD_7777","levProduct":1,"codDisplay":"DSP_7777","codDiv":"DIV_7777","qtyEstimated":3423.00,"perceDiscount1":9.80,"perceDiscount2":5.60,"numMeasure":3432.00,"codMeasure":"MEASURE_7777","details":[{"idAction":100,"codProduct":"PRD_7777","levProduct":1,"codDisplay":"DSP_7777","codNode":"NODE_7777","codDiv":"DIV_7777","flgInclusion":true,"articles":[{"idAction":100,"codProduct":"PRD_7777","levProduct":1,"codDisplay":"DSP_7777","codDiv":"DIV_7777","codNode":"NODE_7777","codNode1":"ABC","codNode2":"DEF","codNodeN":"HBJ"}]}],"measureFields":[]},{"idAction":100,"codProduct":"PRD_96","levProduct":1,"codDisplay":"DSP_96","codDiv":"DIV_96","qtyEstimated":869785.00,"perceDiscount1":4.50,"perceDiscount2":6.50,"numMeasure":667.00,"codMeasure":"MEASURE_96","details":[{"idAction":100,"codProduct":"PRD_96","levProduct":1,"codDisplay":"DSP_96","codNode":"NODE_96","codDiv":"DIV_96","flgInclusion":true,"articles":[{"idAction":100,"codProduct":"PRD_96","levProduct":1,"codDisplay":"DSP_96","codDiv":"DIV_96","codNode":"NODE_96","codNode1":"AAAAAA","codNode2":"SSSSSSSSSS","codNodeN":"DDDDDDDDDD"}]}],"measureFields":[]},{"idAction":100,"codProduct":"PROD-5555","levProduct":1,"codDisplay":"DISP-5555","codDiv":"DIV-5555","qtyEstimated":500.00,"perceDiscount1":0.80,"perceDiscount2":0.10,"numMeasure":5555.00,"codMeasure":"measure_55555","details":[{"idAction":100,"codProduct":"PROD-5555","levProduct":1,"codDisplay":"DISP-5555","codNode":"NODE-5555","codDiv":"DIV-5555","flgInclusion":true,"articles":[{"idAction":100,"codProduct":"PROD-5555","levProduct":1,"codDisplay":"DISP-5555","codDiv":"DIV-5555","codNode":"NODE-5555","codNode1":null,"codNode2":null,"codNodeN":null}]}],"measureFields":[]},{"idAction":100,"codProduct":"PROD-8888","levProduct":1,"codDisplay":"DISP-8888","codDiv":"DIV-8888","qtyEstimated":2000.00,"perceDiscount1":0.00,"perceDiscount2":0.00,"numMeasure":0.00,"codMeasure":null,"details":[{"idAction":100,"codProduct":"PROD-8888","levProduct":1,"codDisplay":"DISP-8888","codNode":"NODE-8888","codDiv":"DIV-8888","flgInclusion":true,"articles":[{"idAction":100,"codProduct":"PROD-8888","levProduct":1,"codDisplay":"DISP-8888","codDiv":"DIV-8888","codNode":"NODE-8888","codNode1":"A1","codNode2":null,"codNodeN":null}]}],"measureFields":[]},{"idAction":100,"codProduct":"PROD-9000","levProduct":1,"codDisplay":"DISP-9000","codDiv":"DIV-9000","qtyEstimated":2000.00,"perceDiscount1":0.60,"perceDiscount2":0.90,"numMeasure":66.00,"codMeasure":"measure_9000","details":[{"idAction":100,"codProduct":"PROD-9000","levProduct":1,"codDisplay":"DISP-9000","codNode":"NODE-9000","codDiv":"DIV-9000","flgInclusion":true,"articles":[{"idAction":100,"codProduct":"PROD-9000","levProduct":1,"codDisplay":"DISP-9000","codDiv":"DIV-9000","codNode":"NODE-9000","codNode1":"A1","codNode2":null,"codNodeN":null}]}],"measureFields":[]},{"idAction":200,"codProduct":"PRD_200","levProduct":20,"codDisplay":"DSP_200","codDiv":"DIV_200","qtyEstimated":20000.00,"perceDiscount1":3.50,"perceDiscount2":5.50,"numMeasure":0.00,"codMeasure":"MEASURE_200","details":[{"idAction":200,"codProduct":"PRD_200","levProduct":20,"codDisplay":"DSP_200","codNode":"NODE_200","codDiv":"DIV_200","flgInclusion":true,"articles":[{"idAction":200,"codProduct":"PRD_200","levProduct":20,"codDisplay":"DSP_200","codDiv":"DIV_200","codNode":"NODE_200","codNode1":"TTT","codNode2":"YYY","codNodeN":"UUU"}]}],"measureFields":[]},{"idAction":200,"codProduct":"PROD-1111","levProduct":1,"codDisplay":"DISP-1111","codDiv":"DIV-1111","qtyEstimated":0.00,"perceDiscount1":0.00,"perceDiscount2":0.00,"numMeasure":1.00,"codMeasure":"EA","details":[{"idAction":200,"codProduct":"PROD-1111","levProduct":1,"codDisplay":"DISP-1111","codNode":"ddd","codDiv":"DIV5005","flgInclusion":true,"articles":[]}],"measureFields":[]},{"idAction":300,"codProduct":"PRD_300","levProduct":30,"codDisplay":"DSP_300","codDiv":"DIV_300","qtyEstimated":3200.00,"perceDiscount1":4.50,"perceDiscount2":5.50,"numMeasure":0.00,"codMeasure":"MEASURE_300","details":[{"idAction":300,"codProduct":"PRD_300","levProduct":30,"codDisplay":"DSP_300","codNode":"NODE_300","codDiv":"DIV_300","flgInclusion":true,"articles":[{"idAction":300,"codProduct":"PRD_300","levProduct":30,"codDisplay":"DSP_300","codDiv":"DIV_300","codNode":"NODE_300","codNode1":"HHHHHH","codNode2":"QQQQQQQQ","codNodeN":"UUUUUUUU"}]}],"measureFields":[]},{"idAction":321,"codProduct":"PRD_3","levProduct":1,"codDisplay":"DSP_3","codDiv":"DIV_3","qtyEstimated":3450.00,"perceDiscount1":0.50,"perceDiscount2":9.00,"numMeasure":676.00,"codMeasure":"MEASURE_3","details":[{"idAction":321,"codProduct":"PRD_3","levProduct":1,"codDisplay":"DSP_3","codNode":"NODE_3","codDiv":"DIV_3","flgInclusion":true,"articles":[{"idAction":321,"codProduct":"PRD_3","levProduct":1,"codDisplay":"DSP_3","codDiv":"DIV_3","codNode":"NODE_3","codNode1":"AAA","codNode2":"BBB","codNodeN":"CCC"}]}],"measureFields":[]},{"idAction":321,"codProduct":"prd_33","levProduct":1,"codDisplay":"dsp_33","codDiv":"div_33","qtyEstimated":4000.00,"perceDiscount1":0.40,"perceDiscount2":0.90,"numMeasure":339.00,"codMeasure":"measure_33","details":[{"idAction":321,"codProduct":"prd_33","levProduct":1,"codDisplay":"dsp_33","codNode":"node_33","codDiv":"div_33","flgInclusion":true,"articles":[{"idAction":321,"codProduct":"prd_33","levProduct":1,"codDisplay":"dsp_33","codDiv":"div_33","codNode":"node_33","codNode1":"ddd","codNode2":"fff","codNodeN":"ggg"}]}],"measureFields":[]},{"idAction":321,"codProduct":"PRD_A","levProduct":1,"codDisplay":"DSP_A","codDiv":"DIV_A","qtyEstimated":78765.00,"perceDiscount1":9.80,"perceDiscount2":2.10,"numMeasure":0.00,"codMeasure":"MEASURE_A","details":[{"idAction":321,"codProduct":"PRD_A","levProduct":1,"codDisplay":"DSP_A","codNode":"NODE_A","codDiv":"DIV_A","flgInclusion":true,"articles":[{"idAction":321,"codProduct":"PRD_A","levProduct":1,"codDisplay":"DSP_A","codDiv":"DIV_A","codNode":"NODE_A","codNode1":"KKKKKKKKK","codNode2":"WWWWWWWWWW","codNodeN":"WEEEEEEEE"}]}],"measureFields":[]},{"idAction":321,"codProduct":"PROD-9000","levProduct":1,"codDisplay":"DISP-9000","codDiv":"DIV-9000","qtyEstimated":2000.00,"perceDiscount1":0.60,"perceDiscount2":0.90,"numMeasure":66.00,"codMeasure":"measure_9000","details":[{"idAction":321,"codProduct":"PROD-9000","levProduct":1,"codDisplay":"DISP-9000","codNode":"NODE-9000","codDiv":"DIV-9000","flgInclusion":true,"articles":[{"idAction":321,"codProduct":"PROD-9000","levProduct":1,"codDisplay":"DISP-9000","codDiv":"DIV-9000","codNode":"NODE-9000","codNode1":"A1","codNode2":null,"codNodeN":null}]}],"measureFields":[]},{"idAction":1111,"codProduct":"PRD_1","levProduct":1,"codDisplay":"DIV_1","codDiv":"DIV_1","qtyEstimated":78.00,"perceDiscount1":6.00,"perceDiscount2":8.00,"numMeasure":78788.00,"codMeasure":"1","details":[],"measureFields":[]},{"idAction":1111,"codProduct":"PRD_1","levProduct":1,"codDisplay":"DSP_1","codDiv":"DIV_1","qtyEstimated":11.00,"perceDiscount1":9.80,"perceDiscount2":6.70,"numMeasure":11.00,"codMeasure":"MEASURE_1","details":[{"idAction":1111,"codProduct":"PRD_1","levProduct":1,"codDisplay":"DSP_1","codNode":"NODE_1","codDiv":"DIV_1","flgInclusion":true,"articles":[{"idAction":1111,"codProduct":"PRD_1","levProduct":1,"codDisplay":"DSP_1","codDiv":"DIV_1","codNode":"NODE_1","codNode1":"NN","codNode2":"MM","codNodeN":"ZZ"}]}],"measureFields":[]},{"idAction":1111,"codProduct":"PRD_1111","levProduct":11,"codDisplay":"DSP_1111","codDiv":"DIV_1111","qtyEstimated":6756.00,"perceDiscount1":9.81,"perceDiscount2":8.90,"numMeasure":0.00,"codMeasure":"MEASURE_1111","details":[{"idAction":1111,"codProduct":"PRD_1111","levProduct":11,"codDisplay":"DSP_1111","codNode":"NODE_1111","codDiv":"DIV_1111","flgInclusion":true,"articles":[{"idAction":1111,"codProduct":"PRD_1111","levProduct":11,"codDisplay":"DSP_1111","codDiv":"DIV_1111","codNode":"NODE_1111","codNode1":"CCCCCC","codNode2":"AAAAAAA","codNodeN":"BBBBBBBB"}]}],"measureFields":[]},{"idAction":1111,"codProduct":"PRD_24","levProduct":1,"codDisplay":"DS-_24","codDiv":"DIV_24","qtyEstimated":345.00,"perceDiscount1":0.50,"perceDiscount2":0.90,"numMeasure":8.00,"codMeasure":"MEASURE_24","details":[],"measureFields":[]},{"idAction":1111,"codProduct":"PRD_44","levProduct":1,"codDisplay":"DSP_44","codDiv":"DIC_44","qtyEstimated":44.00,"perceDiscount1":0.10,"perceDiscount2":0.50,"numMeasure":76.00,"codMeasure":"MEASURE_44","details":[],"measureFields":[]},{"idAction":1111,"codProduct":"PRD_765","levProduct":1,"codDisplay":"DSP_567","codDiv":"DIV_765","qtyEstimated":5.60,"perceDiscount1":0.50,"perceDiscount2":0.40,"numMeasure":999.00,"codMeasure":"765","details":[],"measureFields":[]},{"idAction":1111,"codProduct":"PROD-1111","levProduct":1,"codDisplay":"DISP-1111","codDiv":"DIV-1111","qtyEstimated":0.00,"perceDiscount1":0.00,"perceDiscount2":0.00,"numMeasure":1.00,"codMeasure":"EA","details":[{"idAction":1111,"codProduct":"PROD-1111","levProduct":1,"codDisplay":"DISP-1111","codNode":"ddd","codDiv":"DIV5005","flgInclusion":true,"articles":[]}],"measureFields":[]},{"idAction":1111,"codProduct":"PROD-2323","levProduct":1,"codDisplay":"DSP-2323","codDiv":"D-2322","qtyEstimated":2340.00,"perceDiscount1":0.40,"perceDiscount2":45.00,"numMeasure":0.00,"codMeasure":"PALLET","details":[{"idAction":1111,"codProduct":"PROD-2323","levProduct":1,"codDisplay":"DSP-2323","codNode":"NODE-2323","codDiv":"D-2323","flgInclusion":true,"articles":[{"idAction":1111,"codProduct":"PROD-2323","levProduct":1,"codDisplay":"DSP-2323","codDiv":"D-2323","codNode":"NODE-2323","codNode1":"A1-2323","codNode2":"A2-2323","codNodeN":"AN-2323"}]}],"measureFields":[]},{"idAction":2020,"codProduct":"PRD_1","levProduct":1,"codDisplay":"DIV_1","codDiv":"DIV_1","qtyEstimated":78.00,"perceDiscount1":6.00,"perceDiscount2":8.00,"numMeasure":78788.00,"codMeasure":"1","details":[],"measureFields":[]},{"idAction":2020,"codProduct":"PRD_24","levProduct":1,"codDisplay":"DS-_24","codDiv":"DIV_24","qtyEstimated":345.00,"perceDiscount1":0.50,"perceDiscount2":0.90,"numMeasure":8.00,"codMeasure":"MEASURE_24","details":[],"measureFields":[]},{"idAction":2020,"codProduct":"PRD_44","levProduct":1,"codDisplay":"DSP_44","codDiv":"DIC_44","qtyEstimated":44.00,"perceDiscount1":0.10,"perceDiscount2":0.50,"numMeasure":76.00,"codMeasure":"MEASURE_44","details":[],"measureFields":[]},{"idAction":2020,"codProduct":"PRD_765","levProduct":0,"codDisplay":"DSP_765","codDiv":"DIV_765","qtyEstimated":234.00,"perceDiscount1":0.50,"perceDiscount2":0.56,"numMeasure":765.00,"codMeasure":"MEASURE_765","details":[],"measureFields":[]},{"idAction":2020,"codProduct":"PRD_765","levProduct":0,"codDisplay":"DSP-765","codDiv":"DIV_765","qtyEstimated":345.00,"perceDiscount1":3.55,"perceDiscount2":67.00,"numMeasure":765.00,"codMeasure":"MEASURE_765","details":[],"measureFields":[]},{"idAction":2020,"codProduct":"PRD-2020","levProduct":1,"codDisplay":"DSP-2020","codDiv":"D-2020","qtyEstimated":2000.00,"perceDiscount1":11.00,"perceDiscount2":23.00,"numMeasure":0.00,"codMeasure":"BOX","details":[{"idAction":2020,"codProduct":"PRD-2020","levProduct":1,"codDisplay":"DSP-2020","codNode":"NODE-2020","codDiv":"D-2020","flgInclusion":true,"articles":[{"idAction":2020,"codProduct":"PRD-2020","levProduct":1,"codDisplay":"DSP-2020","codDiv":"D-2020","codNode":"NODE-2020","codNode1":"A1-2020","codNode2":"A2-2020","codNodeN":"AN-2020"}]}],"measureFields":[]},{"idAction":2323,"codProduct":"PRD_08","levProduct":0,"codDisplay":"DSP_08","codDiv":"DIV_08","qtyEstimated":11.00,"perceDiscount1":22.00,"perceDiscount2":2.00,"numMeasure":2.00,"codMeasure":"08","details":[],"measureFields":[]},{"idAction":2323,"codProduct":"PRD_1","levProduct":1,"codDisplay":"DIV_1","codDiv":"DIV_1","qtyEstimated":78.00,"perceDiscount1":6.00,"perceDiscount2":8.00,"numMeasure":78788.00,"codMeasure":"1","details":[],"measureFields":[]},{"idAction":2323,"codProduct":"PRD_23","levProduct":0,"codDisplay":"DSP_23","codDiv":"DIV_23","qtyEstimated":28.00,"perceDiscount1":7.00,"perceDiscount2":2.00,"numMeasure":7.00,"codMeasure":"MEASURE_23","details":[],"measureFields":[]},{"idAction":2323,"codProduct":"PRD_24","levProduct":1,"codDisplay":"DS-_24","codDiv":"DIV_24","qtyEstimated":345.00,"perceDiscount1":0.50,"perceDiscount2":0.90,"numMeasure":8.00,"codMeasure":"MEASURE_24","details":[],"measureFields":[]},{"idAction":2323,"codProduct":"PRD_34","levProduct":1,"codDisplay":"DSP_34","codDiv":"DIV_34","qtyEstimated":2345.00,"perceDiscount1":0.60,"perceDiscount2":8.87,"numMeasure":34.00,"codMeasure":"MEASURE_34","details":[],"measureFields":[]},{"idAction":2323,"codProduct":"PRD_44","levProduct":1,"codDisplay":"DSP_44","codDiv":"DIC_44","qtyEstimated":44.00,"perceDiscount1":0.10,"perceDiscount2":0.50,"numMeasure":76.00,"codMeasure":"MEASURE_44","details":[],"measureFields":[]},{"idAction":2323,"codProduct":"PRD_55","levProduct":1,"codDisplay":"DSP_55","codDiv":"DIV_55","qtyEstimated":66.00,"perceDiscount1":0.50,"perceDiscount2":0.10,"numMeasure":34.00,"codMeasure":"55","details":[],"measureFields":[]},{"idAction":2323,"codProduct":"PRD_765","levProduct":0,"codDisplay":"DSP_567","codDiv":"DIV_765","qtyEstimated":5.60,"perceDiscount1":0.50,"perceDiscount2":0.40,"numMeasure":999.00,"codMeasure":"765","details":[],"measureFields":[]},{"idAction":2323,"codProduct":"PROD-2323","levProduct":1,"codDisplay":"DSP-2323","codDiv":"D-2322","qtyEstimated":2340.00,"perceDiscount1":0.40,"perceDiscount2":45.00,"numMeasure":0.00,"codMeasure":"PALLET","details":[{"idAction":2323,"codProduct":"PROD-2323","levProduct":1,"codDisplay":"DSP-2323","codNode":"NODE-2323","codDiv":"D-2323","flgInclusion":true,"articles":[{"idAction":2323,"codProduct":"PROD-2323","levProduct":1,"codDisplay":"DSP-2323","codDiv":"D-2323","codNode":"NODE-2323","codNode1":"A1-2323","codNode2":"A2-2323","codNodeN":"AN-2323"}]}],"measureFields":[]},{"idAction":5005,"codProduct":"PROD-1111","levProduct":1,"codDisplay":"DISP-1111","codDiv":"DIV-1111","qtyEstimated":0.00,"perceDiscount1":0.00,"perceDiscount2":0.00,"numMeasure":1.00,"codMeasure":"EA","details":[{"idAction":5005,"codProduct":"PROD-1111","levProduct":1,"codDisplay":"DISP-1111","codNode":"ddd","codDiv":"DIV5005","flgInclusion":true,"articles":[]}],"measureFields":[]},{"idAction":6000,"codProduct":"PRD_6666","levProduct":1,"codDisplay":"DSP_6666","codDiv":"DIV_6666","qtyEstimated":14.00,"perceDiscount1":0.80,"perceDiscount2":8.90,"numMeasure":654.00,"codMeasure":"MEASURE_6666","details":[],"measureFields":[]},{"idAction":6000,"codProduct":"PRD_99","levProduct":1,"codDisplay":"DSP_99","codDiv":"DIV_99","qtyEstimated":456.00,"perceDiscount1":9.80,"perceDiscount2":7.70,"numMeasure":999.00,"codMeasure":"MEASURE_99","details":[{"idAction":6000,"codProduct":"PRD_99","levProduct":1,"codDisplay":"DSP_99","codNode":"NODE_99","codDiv":"DIV_99","flgInclusion":true,"articles":[{"idAction":6000,"codProduct":"PRD_99","levProduct":1,"codDisplay":"DSP_99","codDiv":"DIV_99","codNode":"NODE_99","codNode1":"HBKK","codNode2":"KHNKH","codNodeN":"IYGFTUFTY"}]}],"measureFields":[]},{"idAction":6000,"codProduct":"PROD-6000","levProduct":1,"codDisplay":"DISP-6000","codDiv":"DIV-6000","qtyEstimated":100.00,"perceDiscount1":15.00,"perceDiscount2":0.00,"numMeasure":1.00,"codMeasure":"UNIT","details":[{"idAction":6000,"codProduct":"PROD-6000","levProduct":1,"codDisplay":"DISP-6000","codNode":"DET-6000","codDiv":"DIV-6000","flgInclusion":true,"articles":[{"idAction":6000,"codProduct":"PROD-6000","levProduct":1,"codDisplay":"DISP-6000","codDiv":"DIV-6000","codNode":"DET-6000","codNode1":"SKU-6001","codNode2":"V-GOLD","codNodeN":"SIZE-XL"}]}],"measureFields":[]},{"idAction":6767,"codProduct":"PRD_7777","levProduct":1,"codDisplay":"DSP_7777","codDiv":"DIV_7777","qtyEstimated":3423.00,"perceDiscount1":9.80,"perceDiscount2":5.60,"numMeasure":3432.00,"codMeasure":"MEASURE_7777","details":[{"idAction":6767,"codProduct":"PRD_7777","levProduct":1,"codDisplay":"DSP_7777","codNode":"NODE_7777","codDiv":"DIV_7777","flgInclusion":true,"articles":[{"idAction":6767,"codProduct":"PRD_7777","levProduct":1,"codDisplay":"DSP_7777","codDiv":"DIV_7777","codNode":"NODE_7777","codNode1":"ABC","codNode2":"DEF","codNodeN":"HBJ"}]}],"measureFields":[]},{"idAction":6767,"codProduct":"PROD-6767","levProduct":1,"codDisplay":"DSP-6767","codDiv":"DIV-6767","qtyEstimated":5000.00,"perceDiscount1":23.50,"perceDiscount2":45.60,"numMeasure":0.00,"codMeasure":"PALLET","details":[{"idAction":6767,"codProduct":"PROD-6767","levProduct":1,"codDisplay":"DSP-6767","codNode":"NODE-6767","codDiv":"DIV-6767","flgInclusion":true,"articles":[{"idAction":6767,"codProduct":"PROD-6767","levProduct":1,"codDisplay":"DSP-6767","codDiv":"DIV-6767","codNode":"NODE-6767","codNode1":"A1-6767","codNode2":"A2-6767","codNodeN":"AN-6767"}]}],"measureFields":[]},{"idAction":7000,"codProduct":"PROD-7000","levProduct":1,"codDisplay":"DISP-7000","codDiv":"DIV-7000","qtyEstimated":500.00,"perceDiscount1":null,"perceDiscount2":null,"numMeasure":null,"codMeasure":null,"details":[],"measureFields":[]},{"idAction":8888,"codProduct":"PROD-5555","levProduct":1,"codDisplay":"DISP-5555","codDiv":"DIV-5555","qtyEstimated":500.00,"perceDiscount1":0.00,"perceDiscount2":0.00,"numMeasure":0.00,"codMeasure":null,"details":[{"idAction":8888,"codProduct":"PROD-5555","levProduct":1,"codDisplay":"DISP-5555","codNode":"NODE-5555","codDiv":"DIV-5555","flgInclusion":true,"articles":[{"idAction":8888,"codProduct":"PROD-5555","levProduct":1,"codDisplay":"DISP-5555","codDiv":"DIV-5555","codNode":"NODE-5555","codNode1":null,"codNode2":null,"codNodeN":null}]}],"measureFields":[]}]
2026-02-11 12:34:05.263 +05:00 [INF] HTTP GET /api/promotions/products responded 200 in 76.9411 ms
2026-02-11 12:34:06.638 +05:00 [INF] Downstream JWT validated for haris
2026-02-11 12:34:06.677 +05:00 [INF] HTTP GET /api/promotions/actions responded 200 in 41.1108 ms | User: haris (23) | IP: ::1 | RequestBody:  | ResponseBody: [{"idAction":3,"name":"PROMO_3","codDiv":"DIV_3","dteStartSellIn":"2026-02-01T00:00:00","dteEndSellIn":"2026-02-28T00:00:00","dteStartSellOut":"2026-01-25T00:00:00","dteEndSellOut":"2026-01-30T00:00:00","documentKey":"KEY_3","dteToShost":"2026-01-10T00:00:00","levParticipants":3},{"idAction":5,"name":"PROMO_5_5","codDiv":"DIV_5","dteStartSellIn":"2026-02-24T00:00:00","dteEndSellIn":"2026-02-21T00:00:00","dteStartSellOut":"2026-02-24T00:00:00","dteEndSellOut":"2026-02-27T00:00:00","documentKey":"DOC_KEY_is_5","dteToShost":"2026-01-18T00:00:00","levParticipants":55555555},{"idAction":6,"name":"PROMO_6","codDiv":"DIV_6","dteStartSellIn":"2026-02-01T00:00:00","dteEndSellIn":"2026-02-25T00:00:00","dteStartSellOut":"2026-01-15T00:00:00","dteEndSellOut":"2026-01-24T00:00:00","documentKey":"DOCC_6_KEY","dteToShost":"2026-01-15T00:00:00","levParticipants":6},{"idAction":7,"name":"PROMO_7","codDiv":"DIV_7","dteStartSellIn":"2026-02-06T12:05:00","dteEndSellIn":"2026-02-07T12:05:00","dteStartSellOut":"2026-02-08T12:05:00","dteEndSellOut":"2026-02-09T12:05:00","documentKey":"KEY_7","dteToShost":"2026-02-05T12:04:00","levParticipants":7},{"idAction":10,"name":"PROMO_10","codDiv":"DIV_10","dteStartSellIn":"2026-02-01T00:00:00","dteEndSellIn":"2026-02-26T00:00:00","dteStartSellOut":"2026-01-23T00:00:00","dteEndSellOut":"2026-01-24T00:00:00","documentKey":"DOCC_KEY_10","dteToShost":"2026-01-29T00:00:00","levParticipants":10},{"idAction":12,"name":"PROMO_12","codDiv":"DIV_12","dteStartSellIn":"2026-02-06T12:27:00","dteEndSellIn":"2026-02-07T12:27:00","dteStartSellOut":"2026-02-08T12:27:00","dteEndSellOut":"2026-02-09T12:27:00","documentKey":"KEY_12","dteToShost":"2026-02-03T12:26:00","levParticipants":12},{"idAction":24,"name":"PROMO_24","codDiv":"DIV_24","dteStartSellIn":"2026-02-05T12:48:00","dteEndSellIn":"2026-02-06T12:48:00","dteStartSellOut":"2026-02-07T12:48:00","dteEndSellOut":"2026-02-08T12:48:00","documentKey":"KEY_24","dteToShost":"2026-02-03T12:48:00","levParticipants":24},{"idAction":45,"name":"cccc","codDiv":"DIV01","dteStartSellIn":"2026-01-16T00:00:00","dteEndSellIn":"2026-01-17T00:00:00","dteStartSellOut":"2026-01-16T00:00:00","dteEndSellOut":"2026-01-17T00:00:00","documentKey":null,"dteToShost":null,"levParticipants":2},{"idAction":87,"name":"promo_87","codDiv":"DIV_87","dteStartSellIn":"2026-02-07T14:44:00","dteEndSellIn":"2026-02-10T14:44:00","dteStartSellOut":"2026-02-22T14:44:00","dteEndSellOut":"2026-02-26T14:44:00","documentKey":"KEY_87","dteToShost":"2026-02-03T14:44:00","levParticipants":87},{"idAction":98,"name":"PROMO_98","codDiv":"DIV_98","dteStartSellIn":"2026-01-08T18:25:00","dteEndSellIn":"2026-01-17T18:25:00","dteStartSellOut":"2026-01-28T18:25:00","dteEndSellOut":"2026-01-30T18:25:00","documentKey":"DOCC_98","dteToShost":"2026-01-31T18:25:00","levParticipants":98},{"idAction":100,"name":"PROMO_100","codDiv":"DIV_100","dteStartSellIn":"2026-02-11T14:08:00","dteEndSellIn":"2026-02-14T14:08:00","dteStartSellOut":"2026-02-22T14:08:00","dteEndSellOut":"2026-02-27T14:08:00","documentKey":"KEY_100","dteToShost":"2026-02-10T14:08:00","levParticipants":10},{"idAction":200,"name":"PROMO_200","codDiv":"DIV_200","dteStartSellIn":"2026-02-10T14:15:00","dteEndSellIn":"2026-02-28T14:15:00","dteStartSellOut":"2026-02-11T14:15:00","dteEndSellOut":"2026-02-23T14:15:00","documentKey":"KEY_200","dteToShost":"2026-02-14T14:14:00","levParticipants":20},{"idAction":300,"name":"PROMO_300","codDiv":"DIV_300","dteStartSellIn":"2026-02-10T12:32:00","dteEndSellIn":"2026-02-28T12:32:00","dteStartSellOut":"2026-02-16T12:32:00","dteEndSellOut":"2026-02-27T12:32:00","documentKey":"KEY_300","dteToShost":"2026-02-20T12:32:00","levParticipants":30},{"idAction":321,"name":"PROMO_321","codDiv":"DIV_A","dteStartSellIn":"2026-02-01T18:27:00","dteEndSellIn":"2026-02-28T18:27:00","dteStartSellOut":"2026-02-04T18:27:00","dteEndSellOut":"2026-02-23T18:27:00","documentKey":"KEY_A","dteToShost":"2026-02-03T18:27:00","levParticipants":1},{"idAction":1111,"name":"PROMO_1111","codDiv":"DIV_1111","dteStartSellIn":"2026-01-01T17:00:00","dteEndSellIn":"2026-01-30T17:02:00","dteStartSellOut":"2026-01-17T17:02:00","dteEndSellOut":"2026-01-28T17:02:00","documentKey":"1111_DOCC_KEY","dteToShost":"2026-01-13T17:02:00","levParticipants":11},{"idAction":2020,"name":"Spring Special 2020","codDiv":"D-2020","dteStartSellIn":"2026-01-03T12:28:00","dteEndSellIn":"2026-01-04T12:28:00","dteStartSellOut":"2026-01-05T12:28:00","dteEndSellOut":"2026-01-06T12:28:00","documentKey":"DOC-SPRING-2020","dteToShost":"2026-01-02T12:28:00","levParticipants":1},{"idAction":2222,"name":"haseeb","codDiv":"DIV02","dteStartSellIn":"2026-02-01T00:00:00","dteEndSellIn":"2026-01-11T00:00:00","dteStartSellOut":"2026-01-28T00:00:00","dteEndSellOut":"2026-01-30T00:00:00","documentKey":"","dteToShost":null,"levParticipants":2},{"idAction":2323,"name":"Winter Sale Campaign 2323","codDiv":"D-2323","dteStartSellIn":"2026-01-19T14:39:00","dteEndSellIn":"2026-01-20T14:40:00","dteStartSellOut":"2026-01-21T14:40:00","dteEndSellOut":"2026-01-22T14:40:00","documentKey":"DOC-WINTER-2323","dteToShost":"2026-01-30T14:39:00","levParticipants":1},{"idAction":5005,"name":"bbb","codDiv":"DIV5005","dteStartSellIn":"2026-01-23T00:00:00","dteEndSellIn":"2026-01-30T00:00:00","dteStartSellOut":"2026-01-26T00:00:00","dteEndSellOut":"2026-01-18T00:00:00","documentKey":"555553","dteToShost":"2026-01-19T00:00:00","levParticipants":14},{"idAction":6000,"name":"Zero Redundancy Campaign 6000","codDiv":"DIV-6000","dteStartSellIn":"2026-02-01T00:00:00","dteEndSellIn":"2026-02-24T00:00:00","dteStartSellOut":"2026-02-01T00:00:00","dteEndSellOut":"2026-02-28T00:00:00","documentKey":"DOC-6000","dteToShost":"2026-01-05T00:00:00","levParticipants":1},{"idAction":6767,"name":"XTEL Launch Promo 6767","codDiv":"DIV-6767","dteStartSellIn":"2026-02-01T00:00:00","dteEndSellIn":"2026-02-28T00:00:00","dteStartSellOut":"2026-01-22T00:00:00","dteEndSellOut":"2026-01-23T00:00:00","documentKey":"DOC-XTEL-6767","dteToShost":"2026-01-03T00:00:00","levParticipants":1},{"idAction":7000,"name":"Atomic Campaign 7000","codDiv":"DIV-7000","dteStartSellIn":"2026-01-01T00:00:00","dteEndSellIn":"2026-01-31T00:00:00","dteStartSellOut":"2026-02-01T00:00:00","dteEndSellOut":"2026-02-28T00:00:00","documentKey":"DOC-7000","dteToShost":null,"levParticipants":1},{"idAction":8888,"name":"Atomic Campaign 8888 Complete","codDiv":"DIV-8888","dteStartSellIn":"2026-01-01T00:00:00","dteEndSellIn":"2026-01-31T00:00:00","dteStartSellOut":"2026-02-01T00:00:00","dteEndSellOut":"2026-02-28T00:00:00","documentKey":"DOC-8888","dteToShost":null,"levParticipants":1},{"idAction":9000,"name":"Balanced Atomic Campaign 9000","codDiv":"DIV-9000","dteStartSellIn":"2026-01-01T00:00:00","dteEndSellIn":"2026-01-31T00:00:00","dteStartSellOut":"2026-02-01T00:00:00","dteEndSellOut":"2026-02-28T00:00:00","documentKey":"DOC-9000","dteToShost":null,"levParticipants":1},{"idAction":9999,"name":"I should not exist in DB","codDiv":"DIV-9999","dteStartSellIn":"2026-01-01T00:00:00","dteEndSellIn":"2026-01-31T00:00:00","dteStartSellOut":"2026-02-01T00:00:00","dteEndSellOut":"2026-02-28T00:00:00","documentKey":"DOC-9999","dteToShost":null,"levParticipants":1}]
2026-02-11 12:34:06.700 +05:00 [INF] HTTP GET /api/promotions/actions responded 200 in 64.1963 ms
2026-02-11 12:34:08.120 +05:00 [INF] HTTP GET /api/health responded 200 in 0.8979 ms | User: Anonymous (N/A) | IP: ::1 | RequestBody:  | ResponseBody: {"service":"Promotions API","status":"Healthy","timestamp":"2026-02-11T07:34:08.1199815Z","uptime":"0d 0h 3m 37s"}
2026-02-11 12:34:08.140 +05:00 [INF] HTTP GET /api/health responded 200 in 21.0068 ms
2026-02-11 12:34:13.170 +05:00 [INF] HTTP GET /api/health responded 200 in 1.5285 ms | User: Anonymous (N/A) | IP: ::1 | RequestBody:  | ResponseBody: {"service":"Promotions API","status":"Healthy","timestamp":"2026-02-11T07:34:13.1701554Z","uptime":"0d 0h 3m 42s"}
2026-02-11 12:34:13.189 +05:00 [INF] HTTP GET /api/health responded 200 in 20.3619 ms
2026-02-11 12:34:14.716 +05:00 [INF] Downstream JWT validated for haris
2026-02-11 12:34:14.735 +05:00 [INF] Downstream JWT validated for haris
2026-02-11 12:34:14.912 +05:00 [WRN] Compiling a query which loads related collections for more than one collection navigation, either via 'Include' or through projection, but no 'QuerySplittingBehavior' has been configured. By default, Entity Framework will use 'QuerySplittingBehavior.SingleQuery', which can potentially result in slow query performance. See https://go.microsoft.com/fwlink/?linkid=2134277 for more information. To identify the query that's triggering this warning call 'ConfigureWarnings(w => w.Throw(RelationalEventId.MultipleCollectionIncludeWarning))'.
2026-02-11 12:34:15.028 +05:00 [INF] HTTP POST /api/promotions/products responded 200 in 312.4503 ms | User: haris (23) | IP: ::1 | RequestBody:  | ResponseBody: 
2026-02-11 12:34:15.028 +05:00 [INF] HTTP POST /api/promotions/products responded 200 in 293.1114 ms | User: haris (23) | IP: ::1 | RequestBody:  | ResponseBody: 
2026-02-11 12:34:15.036 +05:00 [INF] HTTP POST /api/promotions/products responded 200 in 320.6620 ms
2026-02-11 12:34:15.043 +05:00 [INF] HTTP POST /api/promotions/products responded 200 in 308.5343 ms
2026-02-11 12:34:15.185 +05:00 [INF] Downstream JWT validated for haris
2026-02-11 12:34:15.243 +05:00 [INF] HTTP GET /api/promotions/products responded 200 in 58.4271 ms | User: haris (23) | IP: ::1 | RequestBody:  | ResponseBody: [{"idAction":3,"codProduct":"PRD_24","levProduct":1,"codDisplay":"DS-_24","codDiv":"DIV_24","qtyEstimated":345.00,"perceDiscount1":0.50,"perceDiscount2":0.90,"numMeasure":8.00,"codMeasure":"MEASURE_24","details":[],"measureFields":[]},{"idAction":3,"codProduct":"PRD_3","levProduct":3,"codDisplay":"DSP_3","codDiv":"DIV_3","qtyEstimated":3450.00,"perceDiscount1":0.50,"perceDiscount2":9.00,"numMeasure":676.00,"codMeasure":"MEASURE_3","details":[{"idAction":3,"codProduct":"PRD_3","levProduct":3,"codDisplay":"DSP_3","codNode":"NODE_3","codDiv":"DIV_3","flgInclusion":true,"articles":[{"idAction":3,"codProduct":"PRD_3","levProduct":3,"codDisplay":"DSP_3","codDiv":"DIV_3","codNode":"NODE_3","codNode1":"AAA","codNode2":"BBB","codNodeN":"CCC"}]}],"measureFields":[]},{"idAction":3,"codProduct":"prd_33","levProduct":1,"codDisplay":"dsp_33","codDiv":"div_33","qtyEstimated":4000.00,"perceDiscount1":0.40,"perceDiscount2":0.90,"numMeasure":339.00,"codMeasure":"measure_33","details":[{"idAction":3,"codProduct":"prd_33","levProduct":1,"codDisplay":"dsp_33","codNode":"node_33","codDiv":"div_33","flgInclusion":true,"articles":[{"idAction":3,"codProduct":"prd_33","levProduct":1,"codDisplay":"dsp_33","codDiv":"div_33","codNode":"node_33","codNode1":"ddd","codNode2":"fff","codNodeN":"ggg"}]}],"measureFields":[]},{"idAction":3,"codProduct":"PRD_96","levProduct":1,"codDisplay":"DSP_96","codDiv":"DIV_96","qtyEstimated":869785.00,"perceDiscount1":4.50,"perceDiscount2":6.50,"numMeasure":667.00,"codMeasure":"MEASURE_96","details":[{"idAction":3,"codProduct":"PRD_96","levProduct":1,"codDisplay":"DSP_96","codNode":"NODE_96","codDiv":"DIV_96","flgInclusion":true,"articles":[{"idAction":3,"codProduct":"PRD_96","levProduct":1,"codDisplay":"DSP_96","codDiv":"DIV_96","codNode":"NODE_96","codNode1":"AAAAAA","codNode2":"SSSSSSSSSS","codNodeN":"DDDDDDDDDD"}]}],"measureFields":[]},{"idAction":3,"codProduct":"PROD-9000","levProduct":1,"codDisplay":"DISP-9000","codDiv":"DIV-9000","qtyEstimated":2000.00,"perceDiscount1":0.60,"perceDiscount2":0.90,"numMeasure":66.00,"codMeasure":"measure_9000","details":[{"idAction":3,"codProduct":"PROD-9000","levProduct":1,"codDisplay":"DISP-9000","codNode":"NODE-9000","codDiv":"DIV-9000","flgInclusion":true,"articles":[{"idAction":3,"codProduct":"PROD-9000","levProduct":1,"codDisplay":"DISP-9000","codDiv":"DIV-9000","codNode":"NODE-9000","codNode1":"A1","codNode2":null,"codNodeN":null}]}],"measureFields":[]},{"idAction":5,"codProduct":"PRD_3","levProduct":1,"codDisplay":"DSP_3","codDiv":"DIV_3","qtyEstimated":3450.00,"perceDiscount1":0.50,"perceDiscount2":9.00,"numMeasure":0.00,"codMeasure":"MEASURE_3","details":[{"idAction":5,"codProduct":"PRD_3","levProduct":1,"codDisplay":"DSP_3","codNode":"NODE_3","codDiv":"DIV_3","flgInclusion":true,"articles":[{"idAction":5,"codProduct":"PRD_3","levProduct":1,"codDisplay":"DSP_3","codDiv":"DIV_3","codNode":"NODE_3","codNode1":"AAA","codNode2":"BBB","codNodeN":"CCC"}]}],"measureFields":[]},{"idAction":5,"codProduct":"prd_33","levProduct":1,"codDisplay":"dsp_33","codDiv":"div_33","qtyEstimated":4000.00,"perceDiscount1":0.40,"perceDiscount2":0.90,"numMeasure":339.00,"codMeasure":"measure_33","details":[{"idAction":5,"codProduct":"prd_33","levProduct":1,"codDisplay":"dsp_33","codNode":"node_33","codDiv":"div_33","flgInclusion":true,"articles":[{"idAction":5,"codProduct":"prd_33","levProduct":1,"codDisplay":"dsp_33","codDiv":"div_33","codNode":"node_33","codNode1":"ddd","codNode2":"fff","codNodeN":"ggg"}]}],"measureFields":[]},{"idAction":5,"codProduct":"PRD_333","levProduct":1,"codDisplay":"DSP_333","codDiv":"DIV_333","qtyEstimated":4500.00,"perceDiscount1":0.80,"perceDiscount2":9.10,"numMeasure":556540.00,"codMeasure":"MEASURE_333","details":[{"idAction":5,"codProduct":"PRD_333","levProduct":1,"codDisplay":"DSP_333","codNode":"NODE_333","codDiv":"DIV_333","flgInclusion":true,"articles":[{"idAction":5,"codProduct":"PRD_333","levProduct":1,"codDisplay":"DSP_333","codDiv":"DIV_333","codNode":"NODE_333","codNode1":"PPP","codNode2":"LLL","codNodeN":"MMM"}]}],"measureFields":[]},{"idAction":5,"codProduct":"PRD_5","levProduct":5,"codDisplay":"DSP_5","codDiv":"DIV_5","qtyEstimated":2500.00,"perceDiscount1":6.70,"perceDiscount2":8.90,"numMeasure":0.00,"codMeasure":"MEASURE_5","details":[{"idAction":5,"codProduct":"PRD_5","levProduct":5,"codDisplay":"DSP_5","codNode":"NODE_5","codDiv":"DIV_5","flgInclusion":true,"articles":[{"idAction":5,"codProduct":"PRD_5","levProduct":5,"codDisplay":"DSP_5","codDiv":"DIV_5","codNode":"NODE_5","codNode1":"RRR","codNode2":"TTT","codNodeN":"YYY"}]}],"measureFields":[]},{"idAction":5,"codProduct":"PROD-9000","levProduct":1,"codDisplay":"DISP-9000","codDiv":"DIV-9000","qtyEstimated":2000.00,"perceDiscount1":0.60,"perceDiscount2":0.90,"numMeasure":66.00,"codMeasure":"measure_9000","details":[{"idAction":5,"codProduct":"PROD-9000","levProduct":1,"codDisplay":"DISP-9000","codNode":"NODE-9000","codDiv":"DIV-9000","flgInclusion":true,"articles":[{"idAction":5,"codProduct":"PROD-9000","levProduct":1,"codDisplay":"DISP-9000","codDiv":"DIV-9000","codNode":"NODE-9000","codNode1":"A1","codNode2":null,"codNodeN":null}]}],"measureFields":[]},{"idAction":6,"codProduct":"PRD_1","levProduct":1,"codDisplay":"DIV_1","codDiv":"DIV_1","qtyEstimated":78.00,"perceDiscount1":6.00,"perceDiscount2":8.00,"numMeasure":78788.00,"codMeasure":"1","details":[],"measureFields":[]},{"idAction":6,"codProduct":"PRD_3","levProduct":1,"codDisplay":"DSP_3","codDiv":"DIV_3","qtyEstimated":3450.00,"perceDiscount1":0.50,"perceDiscount2":9.00,"numMeasure":676.00,"codMeasure":"MEASURE_3","details":[{"idAction":6,"codProduct":"PRD_3","levProduct":1,"codDisplay":"DSP_3","codNode":"NODE_3","codDiv":"DIV_3","flgInclusion":true,"articles":[{"idAction":6,"codProduct":"PRD_3","levProduct":1,"codDisplay":"DSP_3","codDiv":"DIV_3","codNode":"NODE_3","codNode1":"AAA","codNode2":"BBB","codNodeN":"CCC"}]}],"measureFields":[]},{"idAction":6,"codProduct":"PRD_6","levProduct":6,"codDisplay":"DSP_6","codDiv":"DIV_6","qtyEstimated":60606.00,"perceDiscount1":9.90,"perceDiscount2":7.80,"numMeasure":0.00,"codMeasure":"MEASURE_6","details":[{"idAction":6,"codProduct":"PRD_6","levProduct":6,"codDisplay":"DSP_6","codNode":"NODE_6","codDiv":"DIV_6","flgInclusion":true,"articles":[{"idAction":6,"codProduct":"PRD_6","levProduct":6,"codDisplay":"DSP_6","codDiv":"DIV_6","codNode":"NODE_6","codNode1":"KKK","codNode2":"LLL","codNodeN":"MMM"}]}],"measureFields":[]},{"idAction":6,"codProduct":"PRD_66666","levProduct":1,"codDisplay":"DSP_66666","codDiv":"DIV_66666","qtyEstimated":600000.00,"perceDiscount1":6.60,"perceDiscount2":3.40,"numMeasure":8758939.00,"codMeasure":"MEASURE_66666","details":[{"idAction":6,"codProduct":"PRD_66666","levProduct":1,"codDisplay":"DSP_66666","codNode":"NODE_66666","codDiv":"DIV_66666","flgInclusion":true,"articles":[{"idAction":6,"codProduct":"PRD_66666","levProduct":1,"codDisplay":"DSP_66666","codDiv":"DIV_66666","codNode":"NODE_66666","codNode1":"KKKKKKKKK","codNode2":"VVVVVVV","codNodeN":"VVVVVVVVVVVV"}]}],"measureFields":[]},{"idAction":7,"codProduct":"PRD_7","levProduct":7,"codDisplay":"DSP_7","codDiv":"DIV_7","qtyEstimated":7000.00,"perceDiscount1":6.70,"perceDiscount2":7.70,"numMeasure":0.00,"codMeasure":"MEASURE_7","details":[{"idAction":7,"codProduct":"PRD_7","levProduct":7,"codDisplay":"DSP_7","codNode":"NODE_7","codDiv":"DIV_7","flgInclusion":true,"articles":[{"idAction":7,"codProduct":"PRD_7","levProduct":7,"codDisplay":"DSP_7","codDiv":"DIV_7","codNode":"NODE_7","codNode1":"JHJK","codNode2":"JKBHHUI","codNodeN":"KKKK"}]}],"measureFields":[]},{"idAction":10,"codProduct":"PRD_10","levProduct":10,"codDisplay":"DSP_10","codDiv":"DIV_10","qtyEstimated":5000.00,"perceDiscount1":0.70,"perceDiscount2":9.80,"numMeasure":0.00,"codMeasure":"MEASURE_10","details":[{"idAction":10,"codProduct":"PRD_10","levProduct":10,"codDisplay":"DSP_10","codNode":"NODE_10","codDiv":"DIV_10","flgInclusion":true,"articles":[{"idAction":10,"codProduct":"PRD_10","levProduct":10,"codDisplay":"DSP_10","codDiv":"DIV_10","codNode":"NODE_10","codNode1":"QQQ","codNode2":"WWW","codNodeN":"EEE"}]}],"measureFields":[]},{"idAction":10,"codProduct":"PROD-5555","levProduct":1,"codDisplay":"DISP-5555","codDiv":"DIV-5555","qtyEstimated":500.00,"perceDiscount1":0.80,"perceDiscount2":0.10,"numMeasure":5555.00,"codMeasure":"measure_55555","details":[{"idAction":10,"codProduct":"PROD-5555","levProduct":1,"codDisplay":"DISP-5555","codNode":"NODE-5555","codDiv":"DIV-5555","flgInclusion":true,"articles":[{"idAction":10,"codProduct":"PROD-5555","levProduct":1,"codDisplay":"DISP-5555","codDiv":"DIV-5555","codNode":"NODE-5555","codNode1":null,"codNode2":null,"codNodeN":null}]}],"measureFields":[]},{"idAction":10,"codProduct":"PROD-8888","levProduct":1,"codDisplay":"DISP-8888","codDiv":"DIV-8888","qtyEstimated":2000.00,"perceDiscount1":0.00,"perceDiscount2":0.00,"numMeasure":0.00,"codMeasure":null,"details":[{"idAction":10,"codProduct":"PROD-8888","levProduct":1,"codDisplay":"DISP-8888","codNode":"NODE-8888","codDiv":"DIV-8888","flgInclusion":true,"articles":[{"idAction":10,"codProduct":"PROD-8888","levProduct":1,"codDisplay":"DISP-8888","codDiv":"DIV-8888","codNode":"NODE-8888","codNode1":"A1","codNode2":null,"codNodeN":null}]}],"measureFields":[]},{"idAction":12,"codProduct":"PRD_12","levProduct":11,"codDisplay":"DSP_12","codDiv":"DIV_12","qtyEstimated":1200.00,"perceDiscount1":7.80,"perceDiscount2":3.40,"numMeasure":0.00,"codMeasure":"MEASURE_12","details":[{"idAction":12,"codProduct":"PRD_12","levProduct":11,"codDisplay":"DSP_12","codNode":"NODE_12","codDiv":"DIV_12","flgInclusion":true,"articles":[{"idAction":12,"codProduct":"PRD_12","levProduct":11,"codDisplay":"DSP_12","codDiv":"DIV_12","codNode":"NODE_12","codNode1":"NODEEE_34R42","codNode2":"ADFRGWFA","codNodeN":"AEFWGVFWEFSCEW"}]}],"measureFields":[]},{"idAction":24,"codProduct":"PRD_24","levProduct":23,"codDisplay":"DSP_24","codDiv":"DIV_24","qtyEstimated":2499.00,"perceDiscount1":24.90,"perceDiscount2":24.80,"numMeasure":0.00,"codMeasure":"24","details":[{"idAction":24,"codProduct":"PRD_24","levProduct":23,"codDisplay":"DSP_24","codNode":"NODE_24","codDiv":"DIV_24","flgInclusion":true,"articles":[{"idAction":24,"codProduct":"PRD_24","levProduct":23,"codDisplay":"DSP_24","codDiv":"DIV_24","codNode":"NODE_24","codNode1":"LLLLLLLLLLLLL","codNode2":"KKKKKKKKKKKKKKKKK","codNodeN":"MMMMMMMMMMMMMMM"}]}],"measureFields":[]},{"idAction":87,"codProduct":"PRD_87","levProduct":87,"codDisplay":"DSP_87","codDiv":"DIV_87","qtyEstimated":8700.00,"perceDiscount1":8.70,"perceDiscount2":6.70,"numMeasure":0.00,"codMeasure":"MEASURE_87","details":[{"idAction":87,"codProduct":"PRD_87","levProduct":87,"codDisplay":"DSP_87","codNode":"NODE_87","codDiv":"DIV_87","flgInclusion":true,"articles":[{"idAction":87,"codProduct":"PRD_87","levProduct":87,"codDisplay":"DSP_87","codDiv":"DIV_87","codNode":"NODE_87","codNode1":"KHGUYGUH","codNode2":"IUGFTYDGUI","codNodeN":"YFGUHIO"}]}],"measureFields":[]},{"idAction":98,"codProduct":"PRD_3","levProduct":1,"codDisplay":"DSP_3","codDiv":"DIV_3","qtyEstimated":3450.00,"perceDiscount1":0.50,"perceDiscount2":9.00,"numMeasure":676.00,"codMeasure":"MEASURE_3","details":[{"idAction":98,"codProduct":"PRD_3","levProduct":1,"codDisplay":"DSP_3","codNode":"NODE_3","codDiv":"DIV_3","flgInclusion":true,"articles":[{"idAction":98,"codProduct":"PRD_3","levProduct":1,"codDisplay":"DSP_3","codDiv":"DIV_3","codNode":"NODE_3","codNode1":"AAA","codNode2":"BBB","codNodeN":"CCC"}]}],"measureFields":[]},{"idAction":98,"codProduct":"prd_33","levProduct":1,"codDisplay":"dsp_33","codDiv":"div_33","qtyEstimated":4000.00,"perceDiscount1":0.40,"perceDiscount2":0.90,"numMeasure":339.00,"codMeasure":"measure_33","details":[{"idAction":98,"codProduct":"prd_33","levProduct":1,"codDisplay":"dsp_33","codNode":"node_33","codDiv":"div_33","flgInclusion":true,"articles":[{"idAction":98,"codProduct":"prd_33","levProduct":1,"codDisplay":"dsp_33","codDiv":"div_33","codNode":"node_33","codNode1":"ddd","codNode2":"fff","codNodeN":"ggg"}]}],"measureFields":[]},{"idAction":98,"codProduct":"PRD_98","levProduct":98,"codDisplay":"DSP_98","codDiv":"DIV_98","qtyEstimated":34453.00,"perceDiscount1":0.90,"perceDiscount2":3.70,"numMeasure":0.00,"codMeasure":"MEASURE_98","details":[{"idAction":98,"codProduct":"PRD_98","levProduct":98,"codDisplay":"DSP_98","codNode":"NODE_98","codDiv":"DIV_98","flgInclusion":true,"articles":[{"idAction":98,"codProduct":"PRD_98","levProduct":98,"codDisplay":"DSP_98","codDiv":"DIV_98","codNode":"NODE_98","codNode1":"KHQGDKQE","codNode2":"DEQDED","codNodeN":"EEE"}]}],"measureFields":[]},{"idAction":98,"codProduct":"PROD-9000","levProduct":1,"codDisplay":"DISP-9000","codDiv":"DIV-9000","qtyEstimated":2000.00,"perceDiscount1":0.60,"perceDiscount2":0.90,"numMeasure":66.00,"codMeasure":"measure_9000","details":[{"idAction":98,"codProduct":"PROD-9000","levProduct":1,"codDisplay":"DISP-9000","codNode":"NODE-9000","codDiv":"DIV-9000","flgInclusion":true,"articles":[{"idAction":98,"codProduct":"PROD-9000","levProduct":1,"codDisplay":"DISP-9000","codDiv":"DIV-9000","codNode":"NODE-9000","codNode1":"A1","codNode2":null,"codNodeN":null}]}],"measureFields":[]},{"idAction":100,"codProduct":"PRD_1","levProduct":1,"codDisplay":"DIV_1","codDiv":"DIV_1","qtyEstimated":78.00,"perceDiscount1":6.00,"perceDiscount2":8.00,"numMeasure":78788.00,"codMeasure":"1","details":[],"measureFields":[]},{"idAction":100,"codProduct":"PRD_10","levProduct":1,"codDisplay":"DSP_10","codDiv":"DIV_10","qtyEstimated":5000.00,"perceDiscount1":0.70,"perceDiscount2":9.80,"numMeasure":0.00,"codMeasure":"MEASURE_10","details":[{"idAction":100,"codProduct":"PRD_10","levProduct":1,"codDisplay":"DSP_10","codNode":"NODE_10","codDiv":"DIV_10","flgInclusion":true,"articles":[{"idAction":100,"codProduct":"PRD_10","levProduct":1,"codDisplay":"DSP_10","codDiv":"DIV_10","codNode":"NODE_10","codNode1":"QQQ","codNode2":"WWW","codNodeN":"EEE"}]}],"measureFields":[]},{"idAction":100,"codProduct":"PRD_100","levProduct":1,"codDisplay":"DSP_100","codDiv":"DIV_100","qtyEstimated":1290.00,"perceDiscount1":3.40,"perceDiscount2":6.70,"numMeasure":0.00,"codMeasure":"MEASURE_100","details":[{"idAction":100,"codProduct":"PRD_100","levProduct":1,"codDisplay":"DSP_100","codNode":"NODE_100","codDiv":"DIV_100","flgInclusion":true,"articles":[{"idAction":100,"codProduct":"PRD_100","levProduct":1,"codDisplay":"DSP_100","codDiv":"DIV_100","codNode":"NODE_100","codNode1":"HHHHHHHH","codNode2":"JJJJJJJ","codNodeN":"KKKKKKK"}]}],"measureFields":[]},{"idAction":100,"codProduct":"PRD_100","levProduct":10,"codDisplay":"DSP_100","codDiv":"DIV_100","qtyEstimated":1290.00,"perceDiscount1":3.40,"perceDiscount2":6.70,"numMeasure":0.00,"codMeasure":"MEASURE_100","details":[{"idAction":100,"codProduct":"PRD_100","levProduct":10,"codDisplay":"DSP_100","codNode":"NODE_100","codDiv":"DIV_100","flgInclusion":true,"articles":[{"idAction":100,"codProduct":"PRD_100","levProduct":10,"codDisplay":"DSP_100","codDiv":"DIV_100","codNode":"NODE_100","codNode1":"HHHHHHHH","codNode2":"JJJJJJJ","codNodeN":"KKKKKKK"}]}],"measureFields":[]},{"idAction":100,"codProduct":"PRD_24","levProduct":1,"codDisplay":"DS-_24","codDiv":"DIV_24","qtyEstimated":345.00,"perceDiscount1":0.50,"perceDiscount2":0.90,"numMeasure":8.00,"codMeasure":"MEASURE_24","details":[],"measureFields":[]},{"idAction":100,"codProduct":"PRD_3","levProduct":1,"codDisplay":"DSP_3","codDiv":"DIV_3","qtyEstimated":3450.00,"perceDiscount1":0.50,"perceDiscount2":9.00,"numMeasure":676.00,"codMeasure":"MEASURE_3","details":[{"idAction":100,"codProduct":"PRD_3","levProduct":1,"codDisplay":"DSP_3","codNode":"NODE_3","codDiv":"DIV_3","flgInclusion":true,"articles":[{"idAction":100,"codProduct":"PRD_3","levProduct":1,"codDisplay":"DSP_3","codDiv":"DIV_3","codNode":"NODE_3","codNode1":"AAA","codNode2":"BBB","codNodeN":"CCC"}]}],"measureFields":[]},{"idAction":100,"codProduct":"prd_33","levProduct":1,"codDisplay":"dsp_33","codDiv":"div_33","qtyEstimated":4000.00,"perceDiscount1":0.40,"perceDiscount2":0.90,"numMeasure":339.00,"codMeasure":"measure_33","details":[{"idAction":100,"codProduct":"prd_33","levProduct":1,"codDisplay":"dsp_33","codNode":"node_33","codDiv":"div_33","flgInclusion":true,"articles":[{"idAction":100,"codProduct":"prd_33","levProduct":1,"codDisplay":"dsp_33","codDiv":"div_33","codNode":"node_33","codNode1":"ddd","codNode2":"fff","codNodeN":"ggg"}]}],"measureFields":[]},{"idAction":100,"codProduct":"PRD_5","levProduct":1,"codDisplay":"DSP_5","codDiv":"DIV_5","qtyEstimated":2500.00,"perceDiscount1":6.70,"perceDiscount2":8.90,"numMeasure":0.00,"codMeasure":"MEASURE_5","details":[{"idAction":100,"codProduct":"PRD_5","levProduct":1,"codDisplay":"DSP_5","codNode":"NODE_5","codDiv":"DIV_5","flgInclusion":true,"articles":[{"idAction":100,"codProduct":"PRD_5","levProduct":1,"codDisplay":"DSP_5","codDiv":"DIV_5","codNode":"NODE_5","codNode1":"RRR","codNode2":"TTT","codNodeN":"YYY"}]}],"measureFields":[]},{"idAction":100,"codProduct":"PRD_6","levProduct":1,"codDisplay":"DSP_6","codDiv":"DIV_6","qtyEstimated":60606.00,"perceDiscount1":9.90,"perceDiscount2":7.80,"numMeasure":0.00,"codMeasure":"MEASURE_6","details":[{"idAction":100,"codProduct":"PRD_6","levProduct":1,"codDisplay":"DSP_6","codNode":"NODE_6","codDiv":"DIV_6","flgInclusion":true,"articles":[{"idAction":100,"codProduct":"PRD_6","levProduct":1,"codDisplay":"DSP_6","codDiv":"DIV_6","codNode":"NODE_6","codNode1":"KKK","codNode2":"LLL","codNodeN":"MMM"}]}],"measureFields":[]},{"idAction":100,"codProduct":"PRD_66666","levProduct":1,"codDisplay":"DSP_66666","codDiv":"DIV_66666","qtyEstimated":600000.00,"perceDiscount1":6.60,"perceDiscount2":3.40,"numMeasure":8758939.00,"codMeasure":"MEASURE_66666","details":[{"idAction":100,"codProduct":"PRD_66666","levProduct":1,"codDisplay":"DSP_66666","codNode":"NODE_66666","codDiv":"DIV_66666","flgInclusion":true,"articles":[{"idAction":100,"codProduct":"PRD_66666","levProduct":1,"codDisplay":"DSP_66666","codDiv":"DIV_66666","codNode":"NODE_66666","codNode1":"KKKKKKKKK","codNode2":"VVVVVVV","codNodeN":"VVVVVVVVVVVV"}]}],"measureFields":[]},{"idAction":100,"codProduct":"PRD_7","levProduct":1,"codDisplay":"DSP_7","codDiv":"DIV_7","qtyEstimated":7000.00,"perceDiscount1":6.70,"perceDiscount2":7.70,"numMeasure":0.00,"codMeasure":"MEASURE_7","details":[{"idAction":100,"codProduct":"PRD_7","levProduct":1,"codDisplay":"DSP_7","codNode":"NODE_7","codDiv":"DIV_7","flgInclusion":true,"articles":[{"idAction":100,"codProduct":"PRD_7","levProduct":1,"codDisplay":"DSP_7","codDiv":"DIV_7","codNode":"NODE_7","codNode1":"JHJK","codNode2":"JKBHHUI","codNodeN":"KKKK"}]}],"measureFields":[]},{"idAction":100,"codProduct":"PRD_7777","levProduct":1,"codDisplay":"DSP_7777","codDiv":"DIV_7777","qtyEstimated":3423.00,"perceDiscount1":9.80,"perceDiscount2":5.60,"numMeasure":3432.00,"codMeasure":"MEASURE_7777","details":[{"idAction":100,"codProduct":"PRD_7777","levProduct":1,"codDisplay":"DSP_7777","codNode":"NODE_7777","codDiv":"DIV_7777","flgInclusion":true,"articles":[{"idAction":100,"codProduct":"PRD_7777","levProduct":1,"codDisplay":"DSP_7777","codDiv":"DIV_7777","codNode":"NODE_7777","codNode1":"ABC","codNode2":"DEF","codNodeN":"HBJ"}]}],"measureFields":[]},{"idAction":100,"codProduct":"PRD_96","levProduct":1,"codDisplay":"DSP_96","codDiv":"DIV_96","qtyEstimated":869785.00,"perceDiscount1":4.50,"perceDiscount2":6.50,"numMeasure":667.00,"codMeasure":"MEASURE_96","details":[{"idAction":100,"codProduct":"PRD_96","levProduct":1,"codDisplay":"DSP_96","codNode":"NODE_96","codDiv":"DIV_96","flgInclusion":true,"articles":[{"idAction":100,"codProduct":"PRD_96","levProduct":1,"codDisplay":"DSP_96","codDiv":"DIV_96","codNode":"NODE_96","codNode1":"AAAAAA","codNode2":"SSSSSSSSSS","codNodeN":"DDDDDDDDDD"}]}],"measureFields":[]},{"idAction":100,"codProduct":"PROD-5555","levProduct":1,"codDisplay":"DISP-5555","codDiv":"DIV-5555","qtyEstimated":500.00,"perceDiscount1":0.80,"perceDiscount2":0.10,"numMeasure":5555.00,"codMeasure":"measure_55555","details":[{"idAction":100,"codProduct":"PROD-5555","levProduct":1,"codDisplay":"DISP-5555","codNode":"NODE-5555","codDiv":"DIV-5555","flgInclusion":true,"articles":[{"idAction":100,"codProduct":"PROD-5555","levProduct":1,"codDisplay":"DISP-5555","codDiv":"DIV-5555","codNode":"NODE-5555","codNode1":null,"codNode2":null,"codNodeN":null}]}],"measureFields":[]},{"idAction":100,"codProduct":"PROD-8888","levProduct":1,"codDisplay":"DISP-8888","codDiv":"DIV-8888","qtyEstimated":2000.00,"perceDiscount1":0.00,"perceDiscount2":0.00,"numMeasure":0.00,"codMeasure":null,"details":[{"idAction":100,"codProduct":"PROD-8888","levProduct":1,"codDisplay":"DISP-8888","codNode":"NODE-8888","codDiv":"DIV-8888","flgInclusion":true,"articles":[{"idAction":100,"codProduct":"PROD-8888","levProduct":1,"codDisplay":"DISP-8888","codDiv":"DIV-8888","codNode":"NODE-8888","codNode1":"A1","codNode2":null,"codNodeN":null}]}],"measureFields":[]},{"idAction":100,"codProduct":"PROD-9000","levProduct":1,"codDisplay":"DISP-9000","codDiv":"DIV-9000","qtyEstimated":2000.00,"perceDiscount1":0.60,"perceDiscount2":0.90,"numMeasure":66.00,"codMeasure":"measure_9000","details":[{"idAction":100,"codProduct":"PROD-9000","levProduct":1,"codDisplay":"DISP-9000","codNode":"NODE-9000","codDiv":"DIV-9000","flgInclusion":true,"articles":[{"idAction":100,"codProduct":"PROD-9000","levProduct":1,"codDisplay":"DISP-9000","codDiv":"DIV-9000","codNode":"NODE-9000","codNode1":"A1","codNode2":null,"codNodeN":null}]}],"measureFields":[]},{"idAction":200,"codProduct":"PRD_200","levProduct":20,"codDisplay":"DSP_200","codDiv":"DIV_200","qtyEstimated":20000.00,"perceDiscount1":3.50,"perceDiscount2":5.50,"numMeasure":0.00,"codMeasure":"MEASURE_200","details":[{"idAction":200,"codProduct":"PRD_200","levProduct":20,"codDisplay":"DSP_200","codNode":"NODE_200","codDiv":"DIV_200","flgInclusion":true,"articles":[{"idAction":200,"codProduct":"PRD_200","levProduct":20,"codDisplay":"DSP_200","codDiv":"DIV_200","codNode":"NODE_200","codNode1":"TTT","codNode2":"YYY","codNodeN":"UUU"}]}],"measureFields":[]},{"idAction":200,"codProduct":"PROD-1111","levProduct":1,"codDisplay":"DISP-1111","codDiv":"DIV-1111","qtyEstimated":0.00,"perceDiscount1":0.00,"perceDiscount2":0.00,"numMeasure":1.00,"codMeasure":"EA","details":[{"idAction":200,"codProduct":"PROD-1111","levProduct":1,"codDisplay":"DISP-1111","codNode":"ddd","codDiv":"DIV5005","flgInclusion":true,"articles":[]}],"measureFields":[]},{"idAction":300,"codProduct":"PRD_300","levProduct":30,"codDisplay":"DSP_300","codDiv":"DIV_300","qtyEstimated":3200.00,"perceDiscount1":4.50,"perceDiscount2":5.50,"numMeasure":0.00,"codMeasure":"MEASURE_300","details":[{"idAction":300,"codProduct":"PRD_300","levProduct":30,"codDisplay":"DSP_300","codNode":"NODE_300","codDiv":"DIV_300","flgInclusion":true,"articles":[{"idAction":300,"codProduct":"PRD_300","levProduct":30,"codDisplay":"DSP_300","codDiv":"DIV_300","codNode":"NODE_300","codNode1":"HHHHHH","codNode2":"QQQQQQQQ","codNodeN":"UUUUUUUU"}]}],"measureFields":[]},{"idAction":300,"codProduct":"PRD_96","levProduct":1,"codDisplay":"DSP_96","codDiv":"DIV_96","qtyEstimated":869785.00,"perceDiscount1":4.50,"perceDiscount2":6.50,"numMeasure":667.00,"codMeasure":"MEASURE_96","details":[{"idAction":300,"codProduct":"PRD_96","levProduct":1,"codDisplay":"DSP_96","codNode":"NODE_96","codDiv":"DIV_96","flgInclusion":true,"articles":[{"idAction":300,"codProduct":"PRD_96","levProduct":1,"codDisplay":"DSP_96","codDiv":"DIV_96","codNode":"NODE_96","codNode1":"AAAAAA","codNode2":"SSSSSSSSSS","codNodeN":"DDDDDDDDDD"}]}],"measureFields":[]},{"idAction":300,"codProduct":"PROD-9000","levProduct":1,"codDisplay":"DISP-9000","codDiv":"DIV-9000","qtyEstimated":2000.00,"perceDiscount1":0.60,"perceDiscount2":0.90,"numMeasure":66.00,"codMeasure":"measure_9000","details":[{"idAction":300,"codProduct":"PROD-9000","levProduct":1,"codDisplay":"DISP-9000","codNode":"NODE-9000","codDiv":"DIV-9000","flgInclusion":true,"articles":[{"idAction":300,"codProduct":"PROD-9000","levProduct":1,"codDisplay":"DISP-9000","codDiv":"DIV-9000","codNode":"NODE-9000","codNode1":"A1","codNode2":null,"codNodeN":null}]}],"measureFields":[]},{"idAction":321,"codProduct":"PRD_3","levProduct":1,"codDisplay":"DSP_3","codDiv":"DIV_3","qtyEstimated":3450.00,"perceDiscount1":0.50,"perceDiscount2":9.00,"numMeasure":676.00,"codMeasure":"MEASURE_3","details":[{"idAction":321,"codProduct":"PRD_3","levProduct":1,"codDisplay":"DSP_3","codNode":"NODE_3","codDiv":"DIV_3","flgInclusion":true,"articles":[{"idAction":321,"codProduct":"PRD_3","levProduct":1,"codDisplay":"DSP_3","codDiv":"DIV_3","codNode":"NODE_3","codNode1":"AAA","codNode2":"BBB","codNodeN":"CCC"}]}],"measureFields":[]},{"idAction":321,"codProduct":"prd_33","levProduct":1,"codDisplay":"dsp_33","codDiv":"div_33","qtyEstimated":4000.00,"perceDiscount1":0.40,"perceDiscount2":0.90,"numMeasure":339.00,"codMeasure":"measure_33","details":[{"idAction":321,"codProduct":"prd_33","levProduct":1,"codDisplay":"dsp_33","codNode":"node_33","codDiv":"div_33","flgInclusion":true,"articles":[{"idAction":321,"codProduct":"prd_33","levProduct":1,"codDisplay":"dsp_33","codDiv":"div_33","codNode":"node_33","codNode1":"ddd","codNode2":"fff","codNodeN":"ggg"}]}],"measureFields":[]},{"idAction":321,"codProduct":"PRD_A","levProduct":1,"codDisplay":"DSP_A","codDiv":"DIV_A","qtyEstimated":78765.00,"perceDiscount1":9.80,"perceDiscount2":2.10,"numMeasure":0.00,"codMeasure":"MEASURE_A","details":[{"idAction":321,"codProduct":"PRD_A","levProduct":1,"codDisplay":"DSP_A","codNode":"NODE_A","codDiv":"DIV_A","flgInclusion":true,"articles":[{"idAction":321,"codProduct":"PRD_A","levProduct":1,"codDisplay":"DSP_A","codDiv":"DIV_A","codNode":"NODE_A","codNode1":"KKKKKKKKK","codNode2":"WWWWWWWWWW","codNodeN":"WEEEEEEEE"}]}],"measureFields":[]},{"idAction":321,"codProduct":"PROD-9000","levProduct":1,"codDisplay":"DISP-9000","codDiv":"DIV-9000","qtyEstimated":2000.00,"perceDiscount1":0.60,"perceDiscount2":0.90,"numMeasure":66.00,"codMeasure":"measure_9000","details":[{"idAction":321,"codProduct":"PROD-9000","levProduct":1,"codDisplay":"DISP-9000","codNode":"NODE-9000","codDiv":"DIV-9000","flgInclusion":true,"articles":[{"idAction":321,"codProduct":"PROD-9000","levProduct":1,"codDisplay":"DISP-9000","codDiv":"DIV-9000","codNode":"NODE-9000","codNode1":"A1","codNode2":null,"codNodeN":null}]}],"measureFields":[]},{"idAction":1111,"codProduct":"PRD_1","levProduct":1,"codDisplay":"DIV_1","codDiv":"DIV_1","qtyEstimated":78.00,"perceDiscount1":6.00,"perceDiscount2":8.00,"numMeasure":78788.00,"codMeasure":"1","details":[],"measureFields":[]},{"idAction":1111,"codProduct":"PRD_1","levProduct":1,"codDisplay":"DSP_1","codDiv":"DIV_1","qtyEstimated":11.00,"perceDiscount1":9.80,"perceDiscount2":6.70,"numMeasure":11.00,"codMeasure":"MEASURE_1","details":[{"idAction":1111,"codProduct":"PRD_1","levProduct":1,"codDisplay":"DSP_1","codNode":"NODE_1","codDiv":"DIV_1","flgInclusion":true,"articles":[{"idAction":1111,"codProduct":"PRD_1","levProduct":1,"codDisplay":"DSP_1","codDiv":"DIV_1","codNode":"NODE_1","codNode1":"NN","codNode2":"MM","codNodeN":"ZZ"}]}],"measureFields":[]},{"idAction":1111,"codProduct":"PRD_1111","levProduct":11,"codDisplay":"DSP_1111","codDiv":"DIV_1111","qtyEstimated":6756.00,"perceDiscount1":9.81,"perceDiscount2":8.90,"numMeasure":0.00,"codMeasure":"MEASURE_1111","details":[{"idAction":1111,"codProduct":"PRD_1111","levProduct":11,"codDisplay":"DSP_1111","codNode":"NODE_1111","codDiv":"DIV_1111","flgInclusion":true,"articles":[{"idAction":1111,"codProduct":"PRD_1111","levProduct":11,"codDisplay":"DSP_1111","codDiv":"DIV_1111","codNode":"NODE_1111","codNode1":"CCCCCC","codNode2":"AAAAAAA","codNodeN":"BBBBBBBB"}]}],"measureFields":[]},{"idAction":1111,"codProduct":"PRD_24","levProduct":1,"codDisplay":"DS-_24","codDiv":"DIV_24","qtyEstimated":345.00,"perceDiscount1":0.50,"perceDiscount2":0.90,"numMeasure":8.00,"codMeasure":"MEASURE_24","details":[],"measureFields":[]},{"idAction":1111,"codProduct":"PRD_44","levProduct":1,"codDisplay":"DSP_44","codDiv":"DIC_44","qtyEstimated":44.00,"perceDiscount1":0.10,"perceDiscount2":0.50,"numMeasure":76.00,"codMeasure":"MEASURE_44","details":[],"measureFields":[]},{"idAction":1111,"codProduct":"PRD_765","levProduct":1,"codDisplay":"DSP_567","codDiv":"DIV_765","qtyEstimated":5.60,"perceDiscount1":0.50,"perceDiscount2":0.40,"numMeasure":999.00,"codMeasure":"765","details":[],"measureFields":[]},{"idAction":1111,"codProduct":"PROD-1111","levProduct":1,"codDisplay":"DISP-1111","codDiv":"DIV-1111","qtyEstimated":0.00,"perceDiscount1":0.00,"perceDiscount2":0.00,"numMeasure":1.00,"codMeasure":"EA","details":[{"idAction":1111,"codProduct":"PROD-1111","levProduct":1,"codDisplay":"DISP-1111","codNode":"ddd","codDiv":"DIV5005","flgInclusion":true,"articles":[]}],"measureFields":[]},{"idAction":1111,"codProduct":"PROD-2323","levProduct":1,"codDisplay":"DSP-2323","codDiv":"D-2322","qtyEstimated":2340.00,"perceDiscount1":0.40,"perceDiscount2":45.00,"numMeasure":0.00,"codMeasure":"PALLET","details":[{"idAction":1111,"codProduct":"PROD-2323","levProduct":1,"codDisplay":"DSP-2323","codNode":"NODE-2323","codDiv":"D-2323","flgInclusion":true,"articles":[{"idAction":1111,"codProduct":"PROD-2323","levProduct":1,"codDisplay":"DSP-2323","codDiv":"D-2323","codNode":"NODE-2323","codNode1":"A1-2323","codNode2":"A2-2323","codNodeN":"AN-2323"}]}],"measureFields":[]},{"idAction":2020,"codProduct":"PRD_1","levProduct":1,"codDisplay":"DIV_1","codDiv":"DIV_1","qtyEstimated":78.00,"perceDiscount1":6.00,"perceDiscount2":8.00,"numMeasure":78788.00,"codMeasure":"1","details":[],"measureFields":[]},{"idAction":2020,"codProduct":"PRD_24","levProduct":1,"codDisplay":"DS-_24","codDiv":"DIV_24","qtyEstimated":345.00,"perceDiscount1":0.50,"perceDiscount2":0.90,"numMeasure":8.00,"codMeasure":"MEASURE_24","details":[],"measureFields":[]},{"idAction":2020,"codProduct":"PRD_44","levProduct":1,"codDisplay":"DSP_44","codDiv":"DIC_44","qtyEstimated":44.00,"perceDiscount1":0.10,"perceDiscount2":0.50,"numMeasure":76.00,"codMeasure":"MEASURE_44","details":[],"measureFields":[]},{"idAction":2020,"codProduct":"PRD_765","levProduct":0,"codDisplay":"DSP_765","codDiv":"DIV_765","qtyEstimated":234.00,"perceDiscount1":0.50,"perceDiscount2":0.56,"numMeasure":765.00,"codMeasure":"MEASURE_765","details":[],"measureFields":[]},{"idAction":2020,"codProduct":"PRD_765","levProduct":0,"codDisplay":"DSP-765","codDiv":"DIV_765","qtyEstimated":345.00,"perceDiscount1":3.55,"perceDiscount2":67.00,"numMeasure":765.00,"codMeasure":"MEASURE_765","details":[],"measureFields":[]},{"idAction":2020,"codProduct":"PRD-2020","levProduct":1,"codDisplay":"DSP-2020","codDiv":"D-2020","qtyEstimated":2000.00,"perceDiscount1":11.00,"perceDiscount2":23.00,"numMeasure":0.00,"codMeasure":"BOX","details":[{"idAction":2020,"codProduct":"PRD-2020","levProduct":1,"codDisplay":"DSP-2020","codNode":"NODE-2020","codDiv":"D-2020","flgInclusion":true,"articles":[{"idAction":2020,"codProduct":"PRD-2020","levProduct":1,"codDisplay":"DSP-2020","codDiv":"D-2020","codNode":"NODE-2020","codNode1":"A1-2020","codNode2":"A2-2020","codNodeN":"AN-2020"}]}],"measureFields":[]},{"idAction":2323,"codProduct":"PRD_08","levProduct":0,"codDisplay":"DSP_08","codDiv":"DIV_08","qtyEstimated":11.00,"perceDiscount1":22.00,"perceDiscount2":2.00,"numMeasure":2.00,"codMeasure":"08","details":[],"measureFields":[]},{"idAction":2323,"codProduct":"PRD_1","levProduct":1,"codDisplay":"DIV_1","codDiv":"DIV_1","qtyEstimated":78.00,"perceDiscount1":6.00,"perceDiscount2":8.00,"numMeasure":78788.00,"codMeasure":"1","details":[],"measureFields":[]},{"idAction":2323,"codProduct":"PRD_23","levProduct":0,"codDisplay":"DSP_23","codDiv":"DIV_23","qtyEstimated":28.00,"perceDiscount1":7.00,"perceDiscount2":2.00,"numMeasure":7.00,"codMeasure":"MEASURE_23","details":[],"measureFields":[]},{"idAction":2323,"codProduct":"PRD_24","levProduct":1,"codDisplay":"DS-_24","codDiv":"DIV_24","qtyEstimated":345.00,"perceDiscount1":0.50,"perceDiscount2":0.90,"numMeasure":8.00,"codMeasure":"MEASURE_24","details":[],"measureFields":[]},{"idAction":2323,"codProduct":"PRD_34","levProduct":1,"codDisplay":"DSP_34","codDiv":"DIV_34","qtyEstimated":2345.00,"perceDiscount1":0.60,"perceDiscount2":8.87,"numMeasure":34.00,"codMeasure":"MEASURE_34","details":[],"measureFields":[]},{"idAction":2323,"codProduct":"PRD_44","levProduct":1,"codDisplay":"DSP_44","codDiv":"DIC_44","qtyEstimated":44.00,"perceDiscount1":0.10,"perceDiscount2":0.50,"numMeasure":76.00,"codMeasure":"MEASURE_44","details":[],"measureFields":[]},{"idAction":2323,"codProduct":"PRD_55","levProduct":1,"codDisplay":"DSP_55","codDiv":"DIV_55","qtyEstimated":66.00,"perceDiscount1":0.50,"perceDiscount2":0.10,"numMeasure":34.00,"codMeasure":"55","details":[],"measureFields":[]},{"idAction":2323,"codProduct":"PRD_765","levProduct":0,"codDisplay":"DSP_567","codDiv":"DIV_765","qtyEstimated":5.60,"perceDiscount1":0.50,"perceDiscount2":0.40,"numMeasure":999.00,"codMeasure":"765","details":[],"measureFields":[]},{"idAction":2323,"codProduct":"PROD-2323","levProduct":1,"codDisplay":"DSP-2323","codDiv":"D-2322","qtyEstimated":2340.00,"perceDiscount1":0.40,"perceDiscount2":45.00,"numMeasure":0.00,"codMeasure":"PALLET","details":[{"idAction":2323,"codProduct":"PROD-2323","levProduct":1,"codDisplay":"DSP-2323","codNode":"NODE-2323","codDiv":"D-2323","flgInclusion":true,"articles":[{"idAction":2323,"codProduct":"PROD-2323","levProduct":1,"codDisplay":"DSP-2323","codDiv":"D-2323","codNode":"NODE-2323","codNode1":"A1-2323","codNode2":"A2-2323","codNodeN":"AN-2323"}]}],"measureFields":[]},{"idAction":5005,"codProduct":"PROD-1111","levProduct":1,"codDisplay":"DISP-1111","codDiv":"DIV-1111","qtyEstimated":0.00,"perceDiscount1":0.00,"perceDiscount2":0.00,"numMeasure":1.00,"codMeasure":"EA","details":[{"idAction":5005,"codProduct":"PROD-1111","levProduct":1,"codDisplay":"DISP-1111","codNode":"ddd","codDiv":"DIV5005","flgInclusion":true,"articles":[]}],"measureFields":[]},{"idAction":6000,"codProduct":"PRD_6666","levProduct":1,"codDisplay":"DSP_6666","codDiv":"DIV_6666","qtyEstimated":14.00,"perceDiscount1":0.80,"perceDiscount2":8.90,"numMeasure":654.00,"codMeasure":"MEASURE_6666","details":[],"measureFields":[]},{"idAction":6000,"codProduct":"PRD_99","levProduct":1,"codDisplay":"DSP_99","codDiv":"DIV_99","qtyEstimated":456.00,"perceDiscount1":9.80,"perceDiscount2":7.70,"numMeasure":999.00,"codMeasure":"MEASURE_99","details":[{"idAction":6000,"codProduct":"PRD_99","levProduct":1,"codDisplay":"DSP_99","codNode":"NODE_99","codDiv":"DIV_99","flgInclusion":true,"articles":[{"idAction":6000,"codProduct":"PRD_99","levProduct":1,"codDisplay":"DSP_99","codDiv":"DIV_99","codNode":"NODE_99","codNode1":"HBKK","codNode2":"KHNKH","codNodeN":"IYGFTUFTY"}]}],"measureFields":[]},{"idAction":6000,"codProduct":"PROD-6000","levProduct":1,"codDisplay":"DISP-6000","codDiv":"DIV-6000","qtyEstimated":100.00,"perceDiscount1":15.00,"perceDiscount2":0.00,"numMeasure":1.00,"codMeasure":"UNIT","details":[{"idAction":6000,"codProduct":"PROD-6000","levProduct":1,"codDisplay":"DISP-6000","codNode":"DET-6000","codDiv":"DIV-6000","flgInclusion":true,"articles":[{"idAction":6000,"codProduct":"PROD-6000","levProduct":1,"codDisplay":"DISP-6000","codDiv":"DIV-6000","codNode":"DET-6000","codNode1":"SKU-6001","codNode2":"V-GOLD","codNodeN":"SIZE-XL"}]}],"measureFields":[]},{"idAction":6767,"codProduct":"PRD_7777","levProduct":1,"codDisplay":"DSP_7777","codDiv":"DIV_7777","qtyEstimated":3423.00,"perceDiscount1":9.80,"perceDiscount2":5.60,"numMeasure":3432.00,"codMeasure":"MEASURE_7777","details":[{"idAction":6767,"codProduct":"PRD_7777","levProduct":1,"codDisplay":"DSP_7777","codNode":"NODE_7777","codDiv":"DIV_7777","flgInclusion":true,"articles":[{"idAction":6767,"codProduct":"PRD_7777","levProduct":1,"codDisplay":"DSP_7777","codDiv":"DIV_7777","codNode":"NODE_7777","codNode1":"ABC","codNode2":"DEF","codNodeN":"HBJ"}]}],"measureFields":[]},{"idAction":6767,"codProduct":"PROD-6767","levProduct":1,"codDisplay":"DSP-6767","codDiv":"DIV-6767","qtyEstimated":5000.00,"perceDiscount1":23.50,"perceDiscount2":45.60,"numMeasure":0.00,"codMeasure":"PALLET","details":[{"idAction":6767,"codProduct":"PROD-6767","levProduct":1,"codDisplay":"DSP-6767","codNode":"NODE-6767","codDiv":"DIV-6767","flgInclusion":true,"articles":[{"idAction":6767,"codProduct":"PROD-6767","levProduct":1,"codDisplay":"DSP-6767","codDiv":"DIV-6767","codNode":"NODE-6767","codNode1":"A1-6767","codNode2":"A2-6767","codNodeN":"AN-6767"}]}],"measureFields":[]},{"idAction":7000,"codProduct":"PROD-7000","levProduct":1,"codDisplay":"DISP-7000","codDiv":"DIV-7000","qtyEstimated":500.00,"perceDiscount1":null,"perceDiscount2":null,"numMeasure":null,"codMeasure":null,"details":[],"measureFields":[]},{"idAction":8888,"codProduct":"PROD-5555","levProduct":1,"codDisplay":"DISP-5555","codDiv":"DIV-5555","qtyEstimated":500.00,"perceDiscount1":0.00,"perceDiscount2":0.00,"numMeasure":0.00,"codMeasure":null,"details":[{"idAction":8888,"codProduct":"PROD-5555","levProduct":1,"codDisplay":"DISP-5555","codNode":"NODE-5555","codDiv":"DIV-5555","flgInclusion":true,"articles":[{"idAction":8888,"codProduct":"PROD-5555","levProduct":1,"codDisplay":"DISP-5555","codDiv":"DIV-5555","codNode":"NODE-5555","codNode1":null,"codNode2":null,"codNodeN":null}]}],"measureFields":[]}]
2026-02-11 12:34:15.281 +05:00 [INF] HTTP GET /api/promotions/products responded 200 in 95.8383 ms
2026-02-11 12:34:18.079 +05:00 [INF] HTTP GET /api/health responded 200 in 0.5321 ms | User: Anonymous (N/A) | IP: ::1 | RequestBody:  | ResponseBody: {"service":"Promotions API","status":"Healthy","timestamp":"2026-02-11T07:34:18.079797Z","uptime":"0d 0h 3m 47s"}
2026-02-11 12:34:18.094 +05:00 [INF] HTTP GET /api/health responded 200 in 14.8512 ms
2026-02-11 12:34:18.567 +05:00 [INF] Downstream JWT validated for haris
2026-02-11 12:34:18.600 +05:00 [INF] Downstream JWT validated for haris
2026-02-11 12:34:18.605 +05:00 [INF] HTTP GET /api/promotions/actions responded 200 in 38.9164 ms | User: haris (23) | IP: ::1 | RequestBody:  | ResponseBody: [{"idAction":3,"name":"PROMO_3","codDiv":"DIV_3","dteStartSellIn":"2026-02-01T00:00:00","dteEndSellIn":"2026-02-28T00:00:00","dteStartSellOut":"2026-01-25T00:00:00","dteEndSellOut":"2026-01-30T00:00:00","documentKey":"KEY_3","dteToShost":"2026-01-10T00:00:00","levParticipants":3},{"idAction":5,"name":"PROMO_5_5","codDiv":"DIV_5","dteStartSellIn":"2026-02-24T00:00:00","dteEndSellIn":"2026-02-21T00:00:00","dteStartSellOut":"2026-02-24T00:00:00","dteEndSellOut":"2026-02-27T00:00:00","documentKey":"DOC_KEY_is_5","dteToShost":"2026-01-18T00:00:00","levParticipants":55555555},{"idAction":6,"name":"PROMO_6","codDiv":"DIV_6","dteStartSellIn":"2026-02-01T00:00:00","dteEndSellIn":"2026-02-25T00:00:00","dteStartSellOut":"2026-01-15T00:00:00","dteEndSellOut":"2026-01-24T00:00:00","documentKey":"DOCC_6_KEY","dteToShost":"2026-01-15T00:00:00","levParticipants":6},{"idAction":7,"name":"PROMO_7","codDiv":"DIV_7","dteStartSellIn":"2026-02-06T12:05:00","dteEndSellIn":"2026-02-07T12:05:00","dteStartSellOut":"2026-02-08T12:05:00","dteEndSellOut":"2026-02-09T12:05:00","documentKey":"KEY_7","dteToShost":"2026-02-05T12:04:00","levParticipants":7},{"idAction":10,"name":"PROMO_10","codDiv":"DIV_10","dteStartSellIn":"2026-02-01T00:00:00","dteEndSellIn":"2026-02-26T00:00:00","dteStartSellOut":"2026-01-23T00:00:00","dteEndSellOut":"2026-01-24T00:00:00","documentKey":"DOCC_KEY_10","dteToShost":"2026-01-29T00:00:00","levParticipants":10},{"idAction":12,"name":"PROMO_12","codDiv":"DIV_12","dteStartSellIn":"2026-02-06T12:27:00","dteEndSellIn":"2026-02-07T12:27:00","dteStartSellOut":"2026-02-08T12:27:00","dteEndSellOut":"2026-02-09T12:27:00","documentKey":"KEY_12","dteToShost":"2026-02-03T12:26:00","levParticipants":12},{"idAction":24,"name":"PROMO_24","codDiv":"DIV_24","dteStartSellIn":"2026-02-05T12:48:00","dteEndSellIn":"2026-02-06T12:48:00","dteStartSellOut":"2026-02-07T12:48:00","dteEndSellOut":"2026-02-08T12:48:00","documentKey":"KEY_24","dteToShost":"2026-02-03T12:48:00","levParticipants":24},{"idAction":45,"name":"cccc","codDiv":"DIV01","dteStartSellIn":"2026-01-16T00:00:00","dteEndSellIn":"2026-01-17T00:00:00","dteStartSellOut":"2026-01-16T00:00:00","dteEndSellOut":"2026-01-17T00:00:00","documentKey":null,"dteToShost":null,"levParticipants":2},{"idAction":87,"name":"promo_87","codDiv":"DIV_87","dteStartSellIn":"2026-02-07T14:44:00","dteEndSellIn":"2026-02-10T14:44:00","dteStartSellOut":"2026-02-22T14:44:00","dteEndSellOut":"2026-02-26T14:44:00","documentKey":"KEY_87","dteToShost":"2026-02-03T14:44:00","levParticipants":87},{"idAction":98,"name":"PROMO_98","codDiv":"DIV_98","dteStartSellIn":"2026-01-08T18:25:00","dteEndSellIn":"2026-01-17T18:25:00","dteStartSellOut":"2026-01-28T18:25:00","dteEndSellOut":"2026-01-30T18:25:00","documentKey":"DOCC_98","dteToShost":"2026-01-31T18:25:00","levParticipants":98},{"idAction":100,"name":"PROMO_100","codDiv":"DIV_100","dteStartSellIn":"2026-02-11T14:08:00","dteEndSellIn":"2026-02-14T14:08:00","dteStartSellOut":"2026-02-22T14:08:00","dteEndSellOut":"2026-02-27T14:08:00","documentKey":"KEY_100","dteToShost":"2026-02-10T14:08:00","levParticipants":10},{"idAction":200,"name":"PROMO_200","codDiv":"DIV_200","dteStartSellIn":"2026-02-10T14:15:00","dteEndSellIn":"2026-02-28T14:15:00","dteStartSellOut":"2026-02-11T14:15:00","dteEndSellOut":"2026-02-23T14:15:00","documentKey":"KEY_200","dteToShost":"2026-02-14T14:14:00","levParticipants":20},{"idAction":300,"name":"PROMO_300","codDiv":"DIV_300","dteStartSellIn":"2026-02-10T12:32:00","dteEndSellIn":"2026-02-28T12:32:00","dteStartSellOut":"2026-02-16T12:32:00","dteEndSellOut":"2026-02-27T12:32:00","documentKey":"KEY_300","dteToShost":"2026-02-20T12:32:00","levParticipants":30},{"idAction":321,"name":"PROMO_321","codDiv":"DIV_A","dteStartSellIn":"2026-02-01T18:27:00","dteEndSellIn":"2026-02-28T18:27:00","dteStartSellOut":"2026-02-04T18:27:00","dteEndSellOut":"2026-02-23T18:27:00","documentKey":"KEY_A","dteToShost":"2026-02-03T18:27:00","levParticipants":1},{"idAction":1111,"name":"PROMO_1111","codDiv":"DIV_1111","dteStartSellIn":"2026-01-01T17:00:00","dteEndSellIn":"2026-01-30T17:02:00","dteStartSellOut":"2026-01-17T17:02:00","dteEndSellOut":"2026-01-28T17:02:00","documentKey":"1111_DOCC_KEY","dteToShost":"2026-01-13T17:02:00","levParticipants":11},{"idAction":2020,"name":"Spring Special 2020","codDiv":"D-2020","dteStartSellIn":"2026-01-03T12:28:00","dteEndSellIn":"2026-01-04T12:28:00","dteStartSellOut":"2026-01-05T12:28:00","dteEndSellOut":"2026-01-06T12:28:00","documentKey":"DOC-SPRING-2020","dteToShost":"2026-01-02T12:28:00","levParticipants":1},{"idAction":2222,"name":"haseeb","codDiv":"DIV02","dteStartSellIn":"2026-02-01T00:00:00","dteEndSellIn":"2026-01-11T00:00:00","dteStartSellOut":"2026-01-28T00:00:00","dteEndSellOut":"2026-01-30T00:00:00","documentKey":"","dteToShost":null,"levParticipants":2},{"idAction":2323,"name":"Winter Sale Campaign 2323","codDiv":"D-2323","dteStartSellIn":"2026-01-19T14:39:00","dteEndSellIn":"2026-01-20T14:40:00","dteStartSellOut":"2026-01-21T14:40:00","dteEndSellOut":"2026-01-22T14:40:00","documentKey":"DOC-WINTER-2323","dteToShost":"2026-01-30T14:39:00","levParticipants":1},{"idAction":5005,"name":"bbb","codDiv":"DIV5005","dteStartSellIn":"2026-01-23T00:00:00","dteEndSellIn":"2026-01-30T00:00:00","dteStartSellOut":"2026-01-26T00:00:00","dteEndSellOut":"2026-01-18T00:00:00","documentKey":"555553","dteToShost":"2026-01-19T00:00:00","levParticipants":14},{"idAction":6000,"name":"Zero Redundancy Campaign 6000","codDiv":"DIV-6000","dteStartSellIn":"2026-02-01T00:00:00","dteEndSellIn":"2026-02-24T00:00:00","dteStartSellOut":"2026-02-01T00:00:00","dteEndSellOut":"2026-02-28T00:00:00","documentKey":"DOC-6000","dteToShost":"2026-01-05T00:00:00","levParticipants":1},{"idAction":6767,"name":"XTEL Launch Promo 6767","codDiv":"DIV-6767","dteStartSellIn":"2026-02-01T00:00:00","dteEndSellIn":"2026-02-28T00:00:00","dteStartSellOut":"2026-01-22T00:00:00","dteEndSellOut":"2026-01-23T00:00:00","documentKey":"DOC-XTEL-6767","dteToShost":"2026-01-03T00:00:00","levParticipants":1},{"idAction":7000,"name":"Atomic Campaign 7000","codDiv":"DIV-7000","dteStartSellIn":"2026-01-01T00:00:00","dteEndSellIn":"2026-01-31T00:00:00","dteStartSellOut":"2026-02-01T00:00:00","dteEndSellOut":"2026-02-28T00:00:00","documentKey":"DOC-7000","dteToShost":null,"levParticipants":1},{"idAction":8888,"name":"Atomic Campaign 8888 Complete","codDiv":"DIV-8888","dteStartSellIn":"2026-01-01T00:00:00","dteEndSellIn":"2026-01-31T00:00:00","dteStartSellOut":"2026-02-01T00:00:00","dteEndSellOut":"2026-02-28T00:00:00","documentKey":"DOC-8888","dteToShost":null,"levParticipants":1},{"idAction":9000,"name":"Balanced Atomic Campaign 9000","codDiv":"DIV-9000","dteStartSellIn":"2026-01-01T00:00:00","dteEndSellIn":"2026-01-31T00:00:00","dteStartSellOut":"2026-02-01T00:00:00","dteEndSellOut":"2026-02-28T00:00:00","documentKey":"DOC-9000","dteToShost":null,"levParticipants":1},{"idAction":9999,"name":"I should not exist in DB","codDiv":"DIV-9999","dteStartSellIn":"2026-01-01T00:00:00","dteEndSellIn":"2026-01-31T00:00:00","dteStartSellOut":"2026-02-01T00:00:00","dteEndSellOut":"2026-02-28T00:00:00","documentKey":"DOC-9999","dteToShost":null,"levParticipants":1}]
2026-02-11 12:34:18.625 +05:00 [INF] HTTP GET /api/promotions/customer-relations responded 200 in 24.5001 ms | User: haris (23) | IP: ::1 | RequestBody:  | ResponseBody: [{"idAction":0,"codHier":"5555","codDiv":"div5555","codNode":"f5555","idLevel":1,"dteStart":"2026-01-15T00:00:00","codParentNode":"root","dteEnd":null},{"idAction":0,"codHier":"56","codDiv":"565","codNode":"56","idLevel":55,"dteStart":"2026-01-29T00:44:00","codParentNode":"haseeb","dteEnd":"2026-01-26T00:44:00"},{"idAction":0,"codHier":"H_1","codDiv":"D_1","codNode":"D_1","idLevel":1,"dteStart":"2026-01-30T00:00:00","codParentNode":"ROOT","dteEnd":null},{"idAction":0,"codHier":"H_1","codDiv":"D_1","codNode":"N_1","idLevel":1,"dteStart":"2026-01-30T09:35:43.289","codParentNode":"ROOT","dteEnd":null},{"idAction":0,"codHier":"H_10","codDiv":"DIV_10","codNode":"NODE_10","idLevel":10,"dteStart":"2026-01-01T14:45:00","codParentNode":"ROOT_10","dteEnd":"2026-01-31T14:44:00"},{"idAction":0,"codHier":"H_100","codDiv":"DIV_100","codNode":"NODE_100","idLevel":10,"dteStart":"2026-02-09T13:54:00","codParentNode":"ROOT_100","dteEnd":"2026-02-10T13:54:00"},{"idAction":0,"codHier":"H_1111","codDiv":"DIV_1111","codNode":"NODE_1111","idLevel":11,"dteStart":"2026-01-01T17:00:00","codParentNode":"ROOT_1111","dteEnd":"2026-01-30T17:01:00"},{"idAction":0,"codHier":"H_12","codDiv":"DIV_12","codNode":"NODE_12","idLevel":12,"dteStart":"2026-02-03T12:26:00","codParentNode":"ROOT_12","dteEnd":"2026-02-06T12:26:00"},{"idAction":0,"codHier":"H_17","codDiv":"DIV_17","codNode":"NODE_17","idLevel":17,"dteStart":"2026-02-07T15:44:00","codParentNode":"ROOT_17","dteEnd":"2026-02-24T15:44:00"},{"idAction":0,"codHier":"H_19","codDiv":"DIV_19","codNode":"NODE_19","idLevel":19,"dteStart":"2026-02-04T13:59:00","codParentNode":"ROOT_19","dteEnd":"2026-02-05T13:59:00"},{"idAction":0,"codHier":"H_200","codDiv":"DIV_200","codNode":"NODE_200","idLevel":20,"dteStart":"2026-02-10T14:14:00","codParentNode":"ROOT_200","dteEnd":"2026-02-24T14:14:00"},{"idAction":0,"codHier":"H_21","codDiv":"DIV_21","codNode":"NODE_21","idLevel":21,"dteStart":"2026-02-05T14:01:00","codParentNode":"ROOT_21","dteEnd":"2026-02-07T14:01:00"},{"idAction":0,"codHier":"H_222","codDiv":"DIV_222","codNode":"NODE_222","idLevel":222,"dteStart":"2026-02-04T12:53:00","codParentNode":"ROOT_222","dteEnd":"2026-02-06T12:53:00"},{"idAction":0,"codHier":"H_24","codDiv":"DIV_24","codNode":"NODE_24","idLevel":24,"dteStart":"2026-02-04T12:48:00","codParentNode":"ROOT_24","dteEnd":"2026-02-05T12:48:00"},{"idAction":0,"codHier":"H_25","codDiv":"DIV_25","codNode":"NODE_25","idLevel":25,"dteStart":"2026-02-10T14:04:00","codParentNode":"ROOT_25","dteEnd":"2026-02-11T14:04:00"},{"idAction":0,"codHier":"H_3","codDiv":"DIV_3","codNode":"NODE_3","idLevel":3,"dteStart":"2026-01-01T10:45:00","codParentNode":"ROOT_3","dteEnd":"2026-01-30T10:44:00"},{"idAction":0,"codHier":"H_300","codDiv":"DIV_300","codNode":"NODE_300","idLevel":30,"dteStart":"2026-02-10T12:31:00","codParentNode":"ROOT_300","dteEnd":"2026-02-28T12:31:00"},{"idAction":0,"codHier":"H_5","codDiv":"DIV_5","codNode":"NODE_5","idLevel":5,"dteStart":"2026-01-30T10:50:00","codParentNode":"ROOT_5","dteEnd":"2026-01-31T10:48:00"},{"idAction":0,"codHier":"H_6","codDiv":"DIV_6","codNode":"NODE_6","idLevel":6,"dteStart":"2026-01-30T15:01:00","codParentNode":"ROOT_6","dteEnd":"2026-01-31T15:01:00"},{"idAction":0,"codHier":"H_656565","codDiv":"DIV_656565","codNode":"C_656565","idLevel":9,"dteStart":"2026-01-20T00:00:00","codParentNode":"ROOT","dteEnd":null},{"idAction":0,"codHier":"H_676767","codDiv":"DIV_676767","codNode":"NODE_676767","idLevel":676767,"dteStart":"2026-01-31T00:00:00","codParentNode":"ROOT","dteEnd":null},{"idAction":0,"codHier":"H_7","codDiv":"DIV_7","codNode":"NODE_7","idLevel":7,"dteStart":"2026-02-02T12:04:00","codParentNode":"ROOT_7","dteEnd":"2026-02-04T12:04:00"},{"idAction":0,"codHier":"H_87","codDiv":"DIV_87","codNode":"NODE_87","idLevel":87,"dteStart":"2026-02-06T14:07:00","codParentNode":"ROOT_87","dteEnd":"2026-02-26T14:07:00"},{"idAction":0,"codHier":"H_98","codDiv":"DIV_98","codNode":"NODE_98","idLevel":98,"dteStart":"2026-01-30T18:25:00","codParentNode":"ROOT_98","dteEnd":"2026-01-31T18:25:00"},{"idAction":0,"codHier":"H_999","codDiv":"D_5878","codNode":"N_878","idLevel":8,"dteStart":"2026-01-14T00:00:00","codParentNode":"ROOT","dteEnd":null},{"idAction":0,"codHier":"H_A","codDiv":"DIV_A","codNode":"NODE_A","idLevel":1,"dteStart":"2026-02-01T18:26:00","codParentNode":"ROOT_A","dteEnd":"2026-02-14T18:26:00"},{"idAction":0,"codHier":"H-1010","codDiv":"D-1010","codNode":"C-1010","idLevel":1,"dteStart":"2026-01-01T11:54:00","codParentNode":"root","dteEnd":"2026-01-12T11:54:00"},{"idAction":0,"codHier":"H-11","codDiv":"DIV-11","codNode":"C-11","idLevel":11,"dteStart":"2026-01-01T15:05:00","codParentNode":"ROOT","dteEnd":"2026-01-31T15:05:00"},{"idAction":0,"codHier":"H-1111","codDiv":"DIV-1111","codNode":"CUST-1111","idLevel":10,"dteStart":"2026-01-01T00:00:00","codParentNode":"ROOT","dteEnd":null},{"idAction":0,"codHier":"H-1414","codDiv":"D-1414","codNode":"C-1414","idLevel":4,"dteStart":"2026-01-01T14:45:00","codParentNode":"ROOT","dteEnd":"2026-01-15T14:45:00"},{"idAction":0,"codHier":"H-2","codDiv":"DIV-2","codNode":"CUST-2","idLevel":2,"dteStart":"2026-01-01T12:40:00","codParentNode":"ROOT","dteEnd":"2026-01-16T12:37:00"},{"idAction":0,"codHier":"H-2","codDiv":"DIV-2","codNode":"CUST-2","idLevel":2,"dteStart":"2026-01-21T12:37:00","codParentNode":"ROOT","dteEnd":"2026-01-24T12:37:00"},{"idAction":0,"codHier":"H-2020","codDiv":"D-2020","codNode":"C-2020","idLevel":2,"dteStart":"2026-01-02T12:27:00","codParentNode":"root","dteEnd":"2026-01-30T12:27:00"},{"idAction":0,"codHier":"H-2255","codDiv":"DIV-2255","codNode":"CUST-2255","idLevel":10,"dteStart":"2026-01-01T00:00:00","codParentNode":"ROOT","dteEnd":null},{"idAction":0,"codHier":"H-2323","codDiv":"D-2323","codNode":"C-2323","idLevel":4,"dteStart":"2026-01-01T12:48:00","codParentNode":"ROOT","dteEnd":"2026-01-12T12:49:00"},{"idAction":0,"codHier":"H-3333","codDiv":"DIV-3333","codNode":"CUST-3333","idLevel":10,"dteStart":"2026-01-01T00:00:00","codParentNode":"ROOT","dteEnd":null},{"idAction":0,"codHier":"H-3344","codDiv":"DIV-3345","codNode":"CUST-3345","idLevel":10,"dteStart":"2026-01-01T00:00:00","codParentNode":"ROOT","dteEnd":null},{"idAction":0,"codHier":"H-3345","codDiv":"DIV-3345","codNode":"CUST-3345","idLevel":10,"dteStart":"2026-01-01T00:00:00","codParentNode":"ROOT","dteEnd":null},{"idAction":0,"codHier":"H-4","codDiv":"DIV-4","codNode":"CUST-4","idLevel":4,"dteStart":"2026-01-01T14:44:00","codParentNode":"ROOT","dteEnd":"2026-01-02T14:44:00"},{"idAction":0,"codHier":"H-5555","codDiv":"DIV-5555","codNode":"CUST-5555","idLevel":10,"dteStart":"2026-01-01T00:00:00","codParentNode":"ROOT","dteEnd":null},{"idAction":0,"codHier":"H-6000","codDiv":"DIV-6000","codNode":"CUST-6000","idLevel":10,"dteStart":"2026-01-01T00:00:00","codParentNode":"ROOT","dteEnd":"2026-12-31T00:00:00"},{"idAction":0,"codHier":"H-6666","codDiv":"DIV-6666","codNode":"CUST-6666","idLevel":10,"dteStart":"2026-01-17T01:30:00","codParentNode":"ROOT","dteEnd":"2026-01-18T01:30:00"},{"idAction":0,"codHier":"H-6767","codDiv":"DIV-6767","codNode":"CUST-6767","idLevel":5,"dteStart":"2026-01-01T12:15:00","codParentNode":"ROOT","dteEnd":"2026-01-08T12:15:00"},{"idAction":0,"codHier":"H-7000","codDiv":"DIV-7000","codNode":"CUST-7000","idLevel":10,"dteStart":"2026-01-01T00:00:00","codParentNode":"ROOT","dteEnd":null},{"idAction":0,"codHier":"H-7777","codDiv":"DIV-7777","codNode":"CUST-7777","idLevel":10,"dteStart":"2026-01-01T00:00:00","codParentNode":"ROOT","dteEnd":null},{"idAction":0,"codHier":"H-7878","codDiv":"DIV-7878","codNode":"CUST-7878","idLevel":3,"dteStart":"2026-01-18T11:43:00","codParentNode":"ROOT","dteEnd":"2026-01-19T11:43:00"},{"idAction":0,"codHier":"H-8000","codDiv":"DIV-8000","codNode":"CUST-8000","idLevel":10,"dteStart":"2026-01-01T00:00:00","codParentNode":"ROOT","dteEnd":null},{"idAction":0,"codHier":"H-8888","codDiv":"DIV-8888","codNode":"CUST-8888","idLevel":10,"dteStart":"2026-01-01T00:00:00","codParentNode":"ROOT","dteEnd":null},{"idAction":0,"codHier":"H-9000","codDiv":"DIV-9000","codNode":"CUST-9000","idLevel":10,"dteStart":"2026-01-01T00:00:00","codParentNode":"ROOT","dteEnd":null},{"idAction":0,"codHier":"H-9999","codDiv":"DIV-9999","codNode":"CUST-9999","idLevel":10,"dteStart":"2026-01-01T00:00:00","codParentNode":"ROOT","dteEnd":null},{"idAction":0,"codHier":"HIER_CORP","codDiv":"DIV01","codNode":"NODE_9111","idLevel":1,"dteStart":"2026-01-15T00:00:00","codParentNode":"ROOT_NODE","dteEnd":null}]
2026-02-11 12:34:18.629 +05:00 [INF] HTTP GET /api/promotions/actions responded 200 in 62.6737 ms
2026-02-11 12:34:18.642 +05:00 [INF] HTTP GET /api/promotions/customer-relations responded 200 in 41.6206 ms
2026-02-11 12:34:18.731 +05:00 [INF] Downstream JWT validated for haris
2026-02-11 12:34:18.763 +05:00 [INF] Downstream JWT validated for haris
2026-02-11 12:34:18.763 +05:00 [INF] HTTP GET /api/promotions/actions responded 200 in 32.5001 ms | User: haris (23) | IP: ::1 | RequestBody:  | ResponseBody: [{"idAction":3,"name":"PROMO_3","codDiv":"DIV_3","dteStartSellIn":"2026-02-01T00:00:00","dteEndSellIn":"2026-02-28T00:00:00","dteStartSellOut":"2026-01-25T00:00:00","dteEndSellOut":"2026-01-30T00:00:00","documentKey":"KEY_3","dteToShost":"2026-01-10T00:00:00","levParticipants":3},{"idAction":5,"name":"PROMO_5_5","codDiv":"DIV_5","dteStartSellIn":"2026-02-24T00:00:00","dteEndSellIn":"2026-02-21T00:00:00","dteStartSellOut":"2026-02-24T00:00:00","dteEndSellOut":"2026-02-27T00:00:00","documentKey":"DOC_KEY_is_5","dteToShost":"2026-01-18T00:00:00","levParticipants":55555555},{"idAction":6,"name":"PROMO_6","codDiv":"DIV_6","dteStartSellIn":"2026-02-01T00:00:00","dteEndSellIn":"2026-02-25T00:00:00","dteStartSellOut":"2026-01-15T00:00:00","dteEndSellOut":"2026-01-24T00:00:00","documentKey":"DOCC_6_KEY","dteToShost":"2026-01-15T00:00:00","levParticipants":6},{"idAction":7,"name":"PROMO_7","codDiv":"DIV_7","dteStartSellIn":"2026-02-06T12:05:00","dteEndSellIn":"2026-02-07T12:05:00","dteStartSellOut":"2026-02-08T12:05:00","dteEndSellOut":"2026-02-09T12:05:00","documentKey":"KEY_7","dteToShost":"2026-02-05T12:04:00","levParticipants":7},{"idAction":10,"name":"PROMO_10","codDiv":"DIV_10","dteStartSellIn":"2026-02-01T00:00:00","dteEndSellIn":"2026-02-26T00:00:00","dteStartSellOut":"2026-01-23T00:00:00","dteEndSellOut":"2026-01-24T00:00:00","documentKey":"DOCC_KEY_10","dteToShost":"2026-01-29T00:00:00","levParticipants":10},{"idAction":12,"name":"PROMO_12","codDiv":"DIV_12","dteStartSellIn":"2026-02-06T12:27:00","dteEndSellIn":"2026-02-07T12:27:00","dteStartSellOut":"2026-02-08T12:27:00","dteEndSellOut":"2026-02-09T12:27:00","documentKey":"KEY_12","dteToShost":"2026-02-03T12:26:00","levParticipants":12},{"idAction":24,"name":"PROMO_24","codDiv":"DIV_24","dteStartSellIn":"2026-02-05T12:48:00","dteEndSellIn":"2026-02-06T12:48:00","dteStartSellOut":"2026-02-07T12:48:00","dteEndSellOut":"2026-02-08T12:48:00","documentKey":"KEY_24","dteToShost":"2026-02-03T12:48:00","levParticipants":24},{"idAction":45,"name":"cccc","codDiv":"DIV01","dteStartSellIn":"2026-01-16T00:00:00","dteEndSellIn":"2026-01-17T00:00:00","dteStartSellOut":"2026-01-16T00:00:00","dteEndSellOut":"2026-01-17T00:00:00","documentKey":null,"dteToShost":null,"levParticipants":2},{"idAction":87,"name":"promo_87","codDiv":"DIV_87","dteStartSellIn":"2026-02-07T14:44:00","dteEndSellIn":"2026-02-10T14:44:00","dteStartSellOut":"2026-02-22T14:44:00","dteEndSellOut":"2026-02-26T14:44:00","documentKey":"KEY_87","dteToShost":"2026-02-03T14:44:00","levParticipants":87},{"idAction":98,"name":"PROMO_98","codDiv":"DIV_98","dteStartSellIn":"2026-01-08T18:25:00","dteEndSellIn":"2026-01-17T18:25:00","dteStartSellOut":"2026-01-28T18:25:00","dteEndSellOut":"2026-01-30T18:25:00","documentKey":"DOCC_98","dteToShost":"2026-01-31T18:25:00","levParticipants":98},{"idAction":100,"name":"PROMO_100","codDiv":"DIV_100","dteStartSellIn":"2026-02-11T14:08:00","dteEndSellIn":"2026-02-14T14:08:00","dteStartSellOut":"2026-02-22T14:08:00","dteEndSellOut":"2026-02-27T14:08:00","documentKey":"KEY_100","dteToShost":"2026-02-10T14:08:00","levParticipants":10},{"idAction":200,"name":"PROMO_200","codDiv":"DIV_200","dteStartSellIn":"2026-02-10T14:15:00","dteEndSellIn":"2026-02-28T14:15:00","dteStartSellOut":"2026-02-11T14:15:00","dteEndSellOut":"2026-02-23T14:15:00","documentKey":"KEY_200","dteToShost":"2026-02-14T14:14:00","levParticipants":20},{"idAction":300,"name":"PROMO_300","codDiv":"DIV_300","dteStartSellIn":"2026-02-10T12:32:00","dteEndSellIn":"2026-02-28T12:32:00","dteStartSellOut":"2026-02-16T12:32:00","dteEndSellOut":"2026-02-27T12:32:00","documentKey":"KEY_300","dteToShost":"2026-02-20T12:32:00","levParticipants":30},{"idAction":321,"name":"PROMO_321","codDiv":"DIV_A","dteStartSellIn":"2026-02-01T18:27:00","dteEndSellIn":"2026-02-28T18:27:00","dteStartSellOut":"2026-02-04T18:27:00","dteEndSellOut":"2026-02-23T18:27:00","documentKey":"KEY_A","dteToShost":"2026-02-03T18:27:00","levParticipants":1},{"idAction":1111,"name":"PROMO_1111","codDiv":"DIV_1111","dteStartSellIn":"2026-01-01T17:00:00","dteEndSellIn":"2026-01-30T17:02:00","dteStartSellOut":"2026-01-17T17:02:00","dteEndSellOut":"2026-01-28T17:02:00","documentKey":"1111_DOCC_KEY","dteToShost":"2026-01-13T17:02:00","levParticipants":11},{"idAction":2020,"name":"Spring Special 2020","codDiv":"D-2020","dteStartSellIn":"2026-01-03T12:28:00","dteEndSellIn":"2026-01-04T12:28:00","dteStartSellOut":"2026-01-05T12:28:00","dteEndSellOut":"2026-01-06T12:28:00","documentKey":"DOC-SPRING-2020","dteToShost":"2026-01-02T12:28:00","levParticipants":1},{"idAction":2222,"name":"haseeb","codDiv":"DIV02","dteStartSellIn":"2026-02-01T00:00:00","dteEndSellIn":"2026-01-11T00:00:00","dteStartSellOut":"2026-01-28T00:00:00","dteEndSellOut":"2026-01-30T00:00:00","documentKey":"","dteToShost":null,"levParticipants":2},{"idAction":2323,"name":"Winter Sale Campaign 2323","codDiv":"D-2323","dteStartSellIn":"2026-01-19T14:39:00","dteEndSellIn":"2026-01-20T14:40:00","dteStartSellOut":"2026-01-21T14:40:00","dteEndSellOut":"2026-01-22T14:40:00","documentKey":"DOC-WINTER-2323","dteToShost":"2026-01-30T14:39:00","levParticipants":1},{"idAction":5005,"name":"bbb","codDiv":"DIV5005","dteStartSellIn":"2026-01-23T00:00:00","dteEndSellIn":"2026-01-30T00:00:00","dteStartSellOut":"2026-01-26T00:00:00","dteEndSellOut":"2026-01-18T00:00:00","documentKey":"555553","dteToShost":"2026-01-19T00:00:00","levParticipants":14},{"idAction":6000,"name":"Zero Redundancy Campaign 6000","codDiv":"DIV-6000","dteStartSellIn":"2026-02-01T00:00:00","dteEndSellIn":"2026-02-24T00:00:00","dteStartSellOut":"2026-02-01T00:00:00","dteEndSellOut":"2026-02-28T00:00:00","documentKey":"DOC-6000","dteToShost":"2026-01-05T00:00:00","levParticipants":1},{"idAction":6767,"name":"XTEL Launch Promo 6767","codDiv":"DIV-6767","dteStartSellIn":"2026-02-01T00:00:00","dteEndSellIn":"2026-02-28T00:00:00","dteStartSellOut":"2026-01-22T00:00:00","dteEndSellOut":"2026-01-23T00:00:00","documentKey":"DOC-XTEL-6767","dteToShost":"2026-01-03T00:00:00","levParticipants":1},{"idAction":7000,"name":"Atomic Campaign 7000","codDiv":"DIV-7000","dteStartSellIn":"2026-01-01T00:00:00","dteEndSellIn":"2026-01-31T00:00:00","dteStartSellOut":"2026-02-01T00:00:00","dteEndSellOut":"2026-02-28T00:00:00","documentKey":"DOC-7000","dteToShost":null,"levParticipants":1},{"idAction":8888,"name":"Atomic Campaign 8888 Complete","codDiv":"DIV-8888","dteStartSellIn":"2026-01-01T00:00:00","dteEndSellIn":"2026-01-31T00:00:00","dteStartSellOut":"2026-02-01T00:00:00","dteEndSellOut":"2026-02-28T00:00:00","documentKey":"DOC-8888","dteToShost":null,"levParticipants":1},{"idAction":9000,"name":"Balanced Atomic Campaign 9000","codDiv":"DIV-9000","dteStartSellIn":"2026-01-01T00:00:00","dteEndSellIn":"2026-01-31T00:00:00","dteStartSellOut":"2026-02-01T00:00:00","dteEndSellOut":"2026-02-28T00:00:00","documentKey":"DOC-9000","dteToShost":null,"levParticipants":1},{"idAction":9999,"name":"I should not exist in DB","codDiv":"DIV-9999","dteStartSellIn":"2026-01-01T00:00:00","dteEndSellIn":"2026-01-31T00:00:00","dteStartSellOut":"2026-02-01T00:00:00","dteEndSellOut":"2026-02-28T00:00:00","documentKey":"DOC-9999","dteToShost":null,"levParticipants":1}]
2026-02-11 12:34:18.792 +05:00 [INF] Downstream JWT validated for haris
2026-02-11 12:34:18.792 +05:00 [INF] HTTP GET /api/promotions/customer-relations responded 200 in 31.9742 ms | User: haris (23) | IP: ::1 | RequestBody:  | ResponseBody: [{"idAction":0,"codHier":"5555","codDiv":"div5555","codNode":"f5555","idLevel":1,"dteStart":"2026-01-15T00:00:00","codParentNode":"root","dteEnd":null},{"idAction":0,"codHier":"56","codDiv":"565","codNode":"56","idLevel":55,"dteStart":"2026-01-29T00:44:00","codParentNode":"haseeb","dteEnd":"2026-01-26T00:44:00"},{"idAction":0,"codHier":"H_1","codDiv":"D_1","codNode":"D_1","idLevel":1,"dteStart":"2026-01-30T00:00:00","codParentNode":"ROOT","dteEnd":null},{"idAction":0,"codHier":"H_1","codDiv":"D_1","codNode":"N_1","idLevel":1,"dteStart":"2026-01-30T09:35:43.289","codParentNode":"ROOT","dteEnd":null},{"idAction":0,"codHier":"H_10","codDiv":"DIV_10","codNode":"NODE_10","idLevel":10,"dteStart":"2026-01-01T14:45:00","codParentNode":"ROOT_10","dteEnd":"2026-01-31T14:44:00"},{"idAction":0,"codHier":"H_100","codDiv":"DIV_100","codNode":"NODE_100","idLevel":10,"dteStart":"2026-02-09T13:54:00","codParentNode":"ROOT_100","dteEnd":"2026-02-10T13:54:00"},{"idAction":0,"codHier":"H_1111","codDiv":"DIV_1111","codNode":"NODE_1111","idLevel":11,"dteStart":"2026-01-01T17:00:00","codParentNode":"ROOT_1111","dteEnd":"2026-01-30T17:01:00"},{"idAction":0,"codHier":"H_12","codDiv":"DIV_12","codNode":"NODE_12","idLevel":12,"dteStart":"2026-02-03T12:26:00","codParentNode":"ROOT_12","dteEnd":"2026-02-06T12:26:00"},{"idAction":0,"codHier":"H_17","codDiv":"DIV_17","codNode":"NODE_17","idLevel":17,"dteStart":"2026-02-07T15:44:00","codParentNode":"ROOT_17","dteEnd":"2026-02-24T15:44:00"},{"idAction":0,"codHier":"H_19","codDiv":"DIV_19","codNode":"NODE_19","idLevel":19,"dteStart":"2026-02-04T13:59:00","codParentNode":"ROOT_19","dteEnd":"2026-02-05T13:59:00"},{"idAction":0,"codHier":"H_200","codDiv":"DIV_200","codNode":"NODE_200","idLevel":20,"dteStart":"2026-02-10T14:14:00","codParentNode":"ROOT_200","dteEnd":"2026-02-24T14:14:00"},{"idAction":0,"codHier":"H_21","codDiv":"DIV_21","codNode":"NODE_21","idLevel":21,"dteStart":"2026-02-05T14:01:00","codParentNode":"ROOT_21","dteEnd":"2026-02-07T14:01:00"},{"idAction":0,"codHier":"H_222","codDiv":"DIV_222","codNode":"NODE_222","idLevel":222,"dteStart":"2026-02-04T12:53:00","codParentNode":"ROOT_222","dteEnd":"2026-02-06T12:53:00"},{"idAction":0,"codHier":"H_24","codDiv":"DIV_24","codNode":"NODE_24","idLevel":24,"dteStart":"2026-02-04T12:48:00","codParentNode":"ROOT_24","dteEnd":"2026-02-05T12:48:00"},{"idAction":0,"codHier":"H_25","codDiv":"DIV_25","codNode":"NODE_25","idLevel":25,"dteStart":"2026-02-10T14:04:00","codParentNode":"ROOT_25","dteEnd":"2026-02-11T14:04:00"},{"idAction":0,"codHier":"H_3","codDiv":"DIV_3","codNode":"NODE_3","idLevel":3,"dteStart":"2026-01-01T10:45:00","codParentNode":"ROOT_3","dteEnd":"2026-01-30T10:44:00"},{"idAction":0,"codHier":"H_300","codDiv":"DIV_300","codNode":"NODE_300","idLevel":30,"dteStart":"2026-02-10T12:31:00","codParentNode":"ROOT_300","dteEnd":"2026-02-28T12:31:00"},{"idAction":0,"codHier":"H_5","codDiv":"DIV_5","codNode":"NODE_5","idLevel":5,"dteStart":"2026-01-30T10:50:00","codParentNode":"ROOT_5","dteEnd":"2026-01-31T10:48:00"},{"idAction":0,"codHier":"H_6","codDiv":"DIV_6","codNode":"NODE_6","idLevel":6,"dteStart":"2026-01-30T15:01:00","codParentNode":"ROOT_6","dteEnd":"2026-01-31T15:01:00"},{"idAction":0,"codHier":"H_656565","codDiv":"DIV_656565","codNode":"C_656565","idLevel":9,"dteStart":"2026-01-20T00:00:00","codParentNode":"ROOT","dteEnd":null},{"idAction":0,"codHier":"H_676767","codDiv":"DIV_676767","codNode":"NODE_676767","idLevel":676767,"dteStart":"2026-01-31T00:00:00","codParentNode":"ROOT","dteEnd":null},{"idAction":0,"codHier":"H_7","codDiv":"DIV_7","codNode":"NODE_7","idLevel":7,"dteStart":"2026-02-02T12:04:00","codParentNode":"ROOT_7","dteEnd":"2026-02-04T12:04:00"},{"idAction":0,"codHier":"H_87","codDiv":"DIV_87","codNode":"NODE_87","idLevel":87,"dteStart":"2026-02-06T14:07:00","codParentNode":"ROOT_87","dteEnd":"2026-02-26T14:07:00"},{"idAction":0,"codHier":"H_98","codDiv":"DIV_98","codNode":"NODE_98","idLevel":98,"dteStart":"2026-01-30T18:25:00","codParentNode":"ROOT_98","dteEnd":"2026-01-31T18:25:00"},{"idAction":0,"codHier":"H_999","codDiv":"D_5878","codNode":"N_878","idLevel":8,"dteStart":"2026-01-14T00:00:00","codParentNode":"ROOT","dteEnd":null},{"idAction":0,"codHier":"H_A","codDiv":"DIV_A","codNode":"NODE_A","idLevel":1,"dteStart":"2026-02-01T18:26:00","codParentNode":"ROOT_A","dteEnd":"2026-02-14T18:26:00"},{"idAction":0,"codHier":"H-1010","codDiv":"D-1010","codNode":"C-1010","idLevel":1,"dteStart":"2026-01-01T11:54:00","codParentNode":"root","dteEnd":"2026-01-12T11:54:00"},{"idAction":0,"codHier":"H-11","codDiv":"DIV-11","codNode":"C-11","idLevel":11,"dteStart":"2026-01-01T15:05:00","codParentNode":"ROOT","dteEnd":"2026-01-31T15:05:00"},{"idAction":0,"codHier":"H-1111","codDiv":"DIV-1111","codNode":"CUST-1111","idLevel":10,"dteStart":"2026-01-01T00:00:00","codParentNode":"ROOT","dteEnd":null},{"idAction":0,"codHier":"H-1414","codDiv":"D-1414","codNode":"C-1414","idLevel":4,"dteStart":"2026-01-01T14:45:00","codParentNode":"ROOT","dteEnd":"2026-01-15T14:45:00"},{"idAction":0,"codHier":"H-2","codDiv":"DIV-2","codNode":"CUST-2","idLevel":2,"dteStart":"2026-01-01T12:40:00","codParentNode":"ROOT","dteEnd":"2026-01-16T12:37:00"},{"idAction":0,"codHier":"H-2","codDiv":"DIV-2","codNode":"CUST-2","idLevel":2,"dteStart":"2026-01-21T12:37:00","codParentNode":"ROOT","dteEnd":"2026-01-24T12:37:00"},{"idAction":0,"codHier":"H-2020","codDiv":"D-2020","codNode":"C-2020","idLevel":2,"dteStart":"2026-01-02T12:27:00","codParentNode":"root","dteEnd":"2026-01-30T12:27:00"},{"idAction":0,"codHier":"H-2255","codDiv":"DIV-2255","codNode":"CUST-2255","idLevel":10,"dteStart":"2026-01-01T00:00:00","codParentNode":"ROOT","dteEnd":null},{"idAction":0,"codHier":"H-2323","codDiv":"D-2323","codNode":"C-2323","idLevel":4,"dteStart":"2026-01-01T12:48:00","codParentNode":"ROOT","dteEnd":"2026-01-12T12:49:00"},{"idAction":0,"codHier":"H-3333","codDiv":"DIV-3333","codNode":"CUST-3333","idLevel":10,"dteStart":"2026-01-01T00:00:00","codParentNode":"ROOT","dteEnd":null},{"idAction":0,"codHier":"H-3344","codDiv":"DIV-3345","codNode":"CUST-3345","idLevel":10,"dteStart":"2026-01-01T00:00:00","codParentNode":"ROOT","dteEnd":null},{"idAction":0,"codHier":"H-3345","codDiv":"DIV-3345","codNode":"CUST-3345","idLevel":10,"dteStart":"2026-01-01T00:00:00","codParentNode":"ROOT","dteEnd":null},{"idAction":0,"codHier":"H-4","codDiv":"DIV-4","codNode":"CUST-4","idLevel":4,"dteStart":"2026-01-01T14:44:00","codParentNode":"ROOT","dteEnd":"2026-01-02T14:44:00"},{"idAction":0,"codHier":"H-5555","codDiv":"DIV-5555","codNode":"CUST-5555","idLevel":10,"dteStart":"2026-01-01T00:00:00","codParentNode":"ROOT","dteEnd":null},{"idAction":0,"codHier":"H-6000","codDiv":"DIV-6000","codNode":"CUST-6000","idLevel":10,"dteStart":"2026-01-01T00:00:00","codParentNode":"ROOT","dteEnd":"2026-12-31T00:00:00"},{"idAction":0,"codHier":"H-6666","codDiv":"DIV-6666","codNode":"CUST-6666","idLevel":10,"dteStart":"2026-01-17T01:30:00","codParentNode":"ROOT","dteEnd":"2026-01-18T01:30:00"},{"idAction":0,"codHier":"H-6767","codDiv":"DIV-6767","codNode":"CUST-6767","idLevel":5,"dteStart":"2026-01-01T12:15:00","codParentNode":"ROOT","dteEnd":"2026-01-08T12:15:00"},{"idAction":0,"codHier":"H-7000","codDiv":"DIV-7000","codNode":"CUST-7000","idLevel":10,"dteStart":"2026-01-01T00:00:00","codParentNode":"ROOT","dteEnd":null},{"idAction":0,"codHier":"H-7777","codDiv":"DIV-7777","codNode":"CUST-7777","idLevel":10,"dteStart":"2026-01-01T00:00:00","codParentNode":"ROOT","dteEnd":null},{"idAction":0,"codHier":"H-7878","codDiv":"DIV-7878","codNode":"CUST-7878","idLevel":3,"dteStart":"2026-01-18T11:43:00","codParentNode":"ROOT","dteEnd":"2026-01-19T11:43:00"},{"idAction":0,"codHier":"H-8000","codDiv":"DIV-8000","codNode":"CUST-8000","idLevel":10,"dteStart":"2026-01-01T00:00:00","codParentNode":"ROOT","dteEnd":null},{"idAction":0,"codHier":"H-8888","codDiv":"DIV-8888","codNode":"CUST-8888","idLevel":10,"dteStart":"2026-01-01T00:00:00","codParentNode":"ROOT","dteEnd":null},{"idAction":0,"codHier":"H-9000","codDiv":"DIV-9000","codNode":"CUST-9000","idLevel":10,"dteStart":"2026-01-01T00:00:00","codParentNode":"ROOT","dteEnd":null},{"idAction":0,"codHier":"H-9999","codDiv":"DIV-9999","codNode":"CUST-9999","idLevel":10,"dteStart":"2026-01-01T00:00:00","codParentNode":"ROOT","dteEnd":null},{"idAction":0,"codHier":"HIER_CORP","codDiv":"DIV01","codNode":"NODE_9111","idLevel":1,"dteStart":"2026-01-15T00:00:00","codParentNode":"ROOT_NODE","dteEnd":null}]
2026-02-11 12:34:18.794 +05:00 [INF] HTTP GET /api/promotions/actions responded 200 in 63.5726 ms
2026-02-11 12:34:18.815 +05:00 [INF] HTTP GET /api/promotions/customer-relations responded 200 in 54.5583 ms
2026-02-11 12:34:18.828 +05:00 [INF] HTTP GET /api/participants/all responded 200 in 37.7577 ms | User: haris (23) | IP: ::1 | RequestBody:  | ResponseBody: [{"idAction":3,"codParticipant":"N_1","flgInclusion":true,"codHier":"H_1","codDiv":"D_1","codNode":"N_1","idLevel":1,"dteStart":"2026-01-30T09:35:43.289"},{"idAction":3,"codParticipant":"NODE_3","flgInclusion":true,"codHier":"H_3","codDiv":"DIV_3","codNode":"NODE_3","idLevel":3,"dteStart":"2026-01-01T10:45:00"},{"idAction":3,"codParticipant":"NODE_5","flgInclusion":true,"codHier":"H_5","codDiv":"DIV_5","codNode":"NODE_5","idLevel":5,"dteStart":"2026-01-30T10:50:00"},{"idAction":5,"codParticipant":"NODE_5","flgInclusion":true,"codHier":"H_5","codDiv":"DIV_5","codNode":"NODE_5","idLevel":5,"dteStart":"2026-01-30T10:50:00"},{"idAction":6,"codParticipant":"N_9898","flgInclusion":true,"codHier":"H_999","codDiv":"D_5878","codNode":"N_878","idLevel":8,"dteStart":"2026-01-14T00:00:00"},{"idAction":6,"codParticipant":"NODE_3","flgInclusion":true,"codHier":"H_3","codDiv":"DIV_3","codNode":"NODE_3","idLevel":3,"dteStart":"2026-01-01T10:45:00"},{"idAction":6,"codParticipant":"NODE_5","flgInclusion":true,"codHier":"H_5","codDiv":"DIV_5","codNode":"NODE_5","idLevel":5,"dteStart":"2026-01-30T10:50:00"},{"idAction":6,"codParticipant":"NODE_6","flgInclusion":true,"codHier":"H_6","codDiv":"DIV_6","codNode":"NODE_6","idLevel":6,"dteStart":"2026-01-30T15:01:00"},{"idAction":6,"codParticipant":"NODE_676767","flgInclusion":true,"codHier":"H_676767","codDiv":"DIV_676767","codNode":"NODE_676767","idLevel":676767,"dteStart":"2026-01-31T00:00:00"},{"idAction":6,"codParticipant":"P-9000","flgInclusion":true,"codHier":"H-9000","codDiv":"DIV-9000","codNode":"CUST-9000","idLevel":10,"dteStart":"2026-01-01T00:00:00"},{"idAction":7,"codParticipant":"NODE_7","flgInclusion":true,"codHier":"H_7","codDiv":"DIV_7","codNode":"NODE_7","idLevel":7,"dteStart":"2026-02-02T12:04:00"},{"idAction":10,"codParticipant":"NODE_10","flgInclusion":true,"codHier":"H_10","codDiv":"DIV_10","codNode":"NODE_10","idLevel":10,"dteStart":"2026-01-01T14:45:00"},{"idAction":24,"codParticipant":"NODE_24","flgInclusion":true,"codHier":"H_24","codDiv":"DIV_24","codNode":"NODE_24","idLevel":24,"dteStart":"2026-02-04T12:48:00"},{"idAction":87,"codParticipant":"NODE_87","flgInclusion":true,"codHier":"H_87","codDiv":"DIV_87","codNode":"NODE_87","idLevel":87,"dteStart":"2026-02-06T14:07:00"},{"idAction":98,"codParticipant":"NODE_98","flgInclusion":true,"codHier":"H_98","codDiv":"DIV_98","codNode":"NODE_98","idLevel":98,"dteStart":"2026-01-30T18:25:00"},{"idAction":100,"codParticipant":"NODE_100","flgInclusion":true,"codHier":"H_100","codDiv":"DIV_100","codNode":"NODE_100","idLevel":10,"dteStart":"2026-02-09T13:54:00"},{"idAction":200,"codParticipant":"NODE_200","flgInclusion":true,"codHier":"H_200","codDiv":"DIV_200","codNode":"NODE_200","idLevel":20,"dteStart":"2026-02-10T14:14:00"},{"idAction":300,"codParticipant":"NODE_3","flgInclusion":true,"codHier":"H_3","codDiv":"DIV_3","codNode":"NODE_3","idLevel":3,"dteStart":"2026-01-01T10:45:00"},{"idAction":300,"codParticipant":"NODE_300","flgInclusion":true,"codHier":"H_300","codDiv":"DIV_300","codNode":"NODE_300","idLevel":30,"dteStart":"2026-02-10T12:31:00"},{"idAction":300,"codParticipant":"NODE_5","flgInclusion":true,"codHier":"H_5","codDiv":"DIV_5","codNode":"NODE_5","idLevel":5,"dteStart":"2026-01-30T10:50:00"},{"idAction":300,"codParticipant":"NODE_6","flgInclusion":true,"codHier":"H_6","codDiv":"DIV_6","codNode":"NODE_6","idLevel":6,"dteStart":"2026-01-30T15:01:00"},{"idAction":300,"codParticipant":"NODE_676767","flgInclusion":true,"codHier":"H_676767","codDiv":"DIV_676767","codNode":"NODE_676767","idLevel":676767,"dteStart":"2026-01-31T00:00:00"},{"idAction":321,"codParticipant":"NODE_A","flgInclusion":true,"codHier":"H_A","codDiv":"DIV_A","codNode":"NODE_A","idLevel":1,"dteStart":"2026-02-01T18:26:00"},{"idAction":1111,"codParticipant":"NODE_1111","flgInclusion":true,"codHier":"H_1111","codDiv":"DIV_1111","codNode":"NODE_1111","idLevel":11,"dteStart":"2026-01-01T17:00:00"},{"idAction":2323,"codParticipant":"P-2323","flgInclusion":true,"codHier":"H-2323","codDiv":"D-2323","codNode":"C-2323","idLevel":4,"dteStart":"2026-01-01T12:48:00"},{"idAction":5005,"codParticipant":"","flgInclusion":true,"codHier":"H-9999","codDiv":"DIV-9999","codNode":"CUST-9999","idLevel":10,"dteStart":"2026-01-01T00:00:00"},{"idAction":6000,"codParticipant":"P-6000","flgInclusion":true,"codHier":"H-6000","codDiv":"DIV-6000","codNode":"CUST-6000","idLevel":10,"dteStart":"2026-01-01T00:00:00"},{"idAction":6767,"codParticipant":"P-6767","flgInclusion":false,"codHier":"H-6767","codDiv":"DIV-6767","codNode":"CUST-6767","idLevel":5,"dteStart":"2026-01-01T12:15:00"},{"idAction":7000,"codParticipant":"P-7000","flgInclusion":true,"codHier":"H-7000","codDiv":"DIV-7000","codNode":"CUST-7000","idLevel":10,"dteStart":"2026-01-01T00:00:00"},{"idAction":8888,"codParticipant":"P-8888","flgInclusion":true,"codHier":"H-8888","codDiv":"DIV-8888","codNode":"CUST-8888","idLevel":10,"dteStart":"2026-01-01T00:00:00"},{"idAction":9000,"codParticipant":"P-9000","flgInclusion":true,"codHier":"H-9000","codDiv":"DIV-9000","codNode":"CUST-9000","idLevel":10,"dteStart":"2026-01-01T00:00:00"},{"idAction":9999,"codParticipant":"P-9999","flgInclusion":true,"codHier":"H-9999","codDiv":"DIV-9999","codNode":"CUST-9999","idLevel":10,"dteStart":"2026-01-01T00:00:00"}]
2026-02-11 12:34:18.841 +05:00 [INF] HTTP GET /api/participants/all responded 200 in 50.8349 ms
2026-02-11 12:34:18.916 +05:00 [INF] Downstream JWT validated for haris
2026-02-11 12:34:18.935 +05:00 [INF] Downstream JWT validated for haris
2026-02-11 12:34:18.945 +05:00 [INF] HTTP GET /api/participants/all responded 200 in 28.8235 ms | User: haris (23) | IP: ::1 | RequestBody:  | ResponseBody: [{"idAction":3,"codParticipant":"N_1","flgInclusion":true,"codHier":"H_1","codDiv":"D_1","codNode":"N_1","idLevel":1,"dteStart":"2026-01-30T09:35:43.289"},{"idAction":3,"codParticipant":"NODE_3","flgInclusion":true,"codHier":"H_3","codDiv":"DIV_3","codNode":"NODE_3","idLevel":3,"dteStart":"2026-01-01T10:45:00"},{"idAction":3,"codParticipant":"NODE_5","flgInclusion":true,"codHier":"H_5","codDiv":"DIV_5","codNode":"NODE_5","idLevel":5,"dteStart":"2026-01-30T10:50:00"},{"idAction":5,"codParticipant":"NODE_5","flgInclusion":true,"codHier":"H_5","codDiv":"DIV_5","codNode":"NODE_5","idLevel":5,"dteStart":"2026-01-30T10:50:00"},{"idAction":6,"codParticipant":"N_9898","flgInclusion":true,"codHier":"H_999","codDiv":"D_5878","codNode":"N_878","idLevel":8,"dteStart":"2026-01-14T00:00:00"},{"idAction":6,"codParticipant":"NODE_3","flgInclusion":true,"codHier":"H_3","codDiv":"DIV_3","codNode":"NODE_3","idLevel":3,"dteStart":"2026-01-01T10:45:00"},{"idAction":6,"codParticipant":"NODE_5","flgInclusion":true,"codHier":"H_5","codDiv":"DIV_5","codNode":"NODE_5","idLevel":5,"dteStart":"2026-01-30T10:50:00"},{"idAction":6,"codParticipant":"NODE_6","flgInclusion":true,"codHier":"H_6","codDiv":"DIV_6","codNode":"NODE_6","idLevel":6,"dteStart":"2026-01-30T15:01:00"},{"idAction":6,"codParticipant":"NODE_676767","flgInclusion":true,"codHier":"H_676767","codDiv":"DIV_676767","codNode":"NODE_676767","idLevel":676767,"dteStart":"2026-01-31T00:00:00"},{"idAction":6,"codParticipant":"P-9000","flgInclusion":true,"codHier":"H-9000","codDiv":"DIV-9000","codNode":"CUST-9000","idLevel":10,"dteStart":"2026-01-01T00:00:00"},{"idAction":7,"codParticipant":"NODE_7","flgInclusion":true,"codHier":"H_7","codDiv":"DIV_7","codNode":"NODE_7","idLevel":7,"dteStart":"2026-02-02T12:04:00"},{"idAction":10,"codParticipant":"NODE_10","flgInclusion":true,"codHier":"H_10","codDiv":"DIV_10","codNode":"NODE_10","idLevel":10,"dteStart":"2026-01-01T14:45:00"},{"idAction":24,"codParticipant":"NODE_24","flgInclusion":true,"codHier":"H_24","codDiv":"DIV_24","codNode":"NODE_24","idLevel":24,"dteStart":"2026-02-04T12:48:00"},{"idAction":87,"codParticipant":"NODE_87","flgInclusion":true,"codHier":"H_87","codDiv":"DIV_87","codNode":"NODE_87","idLevel":87,"dteStart":"2026-02-06T14:07:00"},{"idAction":98,"codParticipant":"NODE_98","flgInclusion":true,"codHier":"H_98","codDiv":"DIV_98","codNode":"NODE_98","idLevel":98,"dteStart":"2026-01-30T18:25:00"},{"idAction":100,"codParticipant":"NODE_100","flgInclusion":true,"codHier":"H_100","codDiv":"DIV_100","codNode":"NODE_100","idLevel":10,"dteStart":"2026-02-09T13:54:00"},{"idAction":200,"codParticipant":"NODE_200","flgInclusion":true,"codHier":"H_200","codDiv":"DIV_200","codNode":"NODE_200","idLevel":20,"dteStart":"2026-02-10T14:14:00"},{"idAction":300,"codParticipant":"NODE_3","flgInclusion":true,"codHier":"H_3","codDiv":"DIV_3","codNode":"NODE_3","idLevel":3,"dteStart":"2026-01-01T10:45:00"},{"idAction":300,"codParticipant":"NODE_300","flgInclusion":true,"codHier":"H_300","codDiv":"DIV_300","codNode":"NODE_300","idLevel":30,"dteStart":"2026-02-10T12:31:00"},{"idAction":300,"codParticipant":"NODE_5","flgInclusion":true,"codHier":"H_5","codDiv":"DIV_5","codNode":"NODE_5","idLevel":5,"dteStart":"2026-01-30T10:50:00"},{"idAction":300,"codParticipant":"NODE_6","flgInclusion":true,"codHier":"H_6","codDiv":"DIV_6","codNode":"NODE_6","idLevel":6,"dteStart":"2026-01-30T15:01:00"},{"idAction":300,"codParticipant":"NODE_676767","flgInclusion":true,"codHier":"H_676767","codDiv":"DIV_676767","codNode":"NODE_676767","idLevel":676767,"dteStart":"2026-01-31T00:00:00"},{"idAction":321,"codParticipant":"NODE_A","flgInclusion":true,"codHier":"H_A","codDiv":"DIV_A","codNode":"NODE_A","idLevel":1,"dteStart":"2026-02-01T18:26:00"},{"idAction":1111,"codParticipant":"NODE_1111","flgInclusion":true,"codHier":"H_1111","codDiv":"DIV_1111","codNode":"NODE_1111","idLevel":11,"dteStart":"2026-01-01T17:00:00"},{"idAction":2323,"codParticipant":"P-2323","flgInclusion":true,"codHier":"H-2323","codDiv":"D-2323","codNode":"C-2323","idLevel":4,"dteStart":"2026-01-01T12:48:00"},{"idAction":5005,"codParticipant":"","flgInclusion":true,"codHier":"H-9999","codDiv":"DIV-9999","codNode":"CUST-9999","idLevel":10,"dteStart":"2026-01-01T00:00:00"},{"idAction":6000,"codParticipant":"P-6000","flgInclusion":true,"codHier":"H-6000","codDiv":"DIV-6000","codNode":"CUST-6000","idLevel":10,"dteStart":"2026-01-01T00:00:00"},{"idAction":6767,"codParticipant":"P-6767","flgInclusion":false,"codHier":"H-6767","codDiv":"DIV-6767","codNode":"CUST-6767","idLevel":5,"dteStart":"2026-01-01T12:15:00"},{"idAction":7000,"codParticipant":"P-7000","flgInclusion":true,"codHier":"H-7000","codDiv":"DIV-7000","codNode":"CUST-7000","idLevel":10,"dteStart":"2026-01-01T00:00:00"},{"idAction":8888,"codParticipant":"P-8888","flgInclusion":true,"codHier":"H-8888","codDiv":"DIV-8888","codNode":"CUST-8888","idLevel":10,"dteStart":"2026-01-01T00:00:00"},{"idAction":9000,"codParticipant":"P-9000","flgInclusion":true,"codHier":"H-9000","codDiv":"DIV-9000","codNode":"CUST-9000","idLevel":10,"dteStart":"2026-01-01T00:00:00"},{"idAction":9999,"codParticipant":"P-9999","flgInclusion":true,"codHier":"H-9999","codDiv":"DIV-9999","codNode":"CUST-9999","idLevel":10,"dteStart":"2026-01-01T00:00:00"}]
2026-02-11 12:34:18.955 +05:00 [INF] HTTP GET /api/participants/all responded 200 in 38.8446 ms
2026-02-11 12:34:18.957 +05:00 [INF] HTTP GET /api/promotions/delivery-points responded 200 in 22.8796 ms | User: haris (23) | IP: ::1 | RequestBody:  | ResponseBody: [{"idAction":3,"codDeliveryPoint":"D_1","flgInclusion":true,"codHier":"H_1","codDiv":"D_1","codNode":"D_1","idLevel":1,"dteStart":"2026-01-30T00:00:00"},{"idAction":3,"codDeliveryPoint":"D_656565","flgInclusion":true,"codHier":"H_656565","codDiv":"DIV_656565","codNode":"C_656565","idLevel":9,"dteStart":"2026-01-20T00:00:00"},{"idAction":3,"codDeliveryPoint":"NODE_10","flgInclusion":true,"codHier":"H_10","codDiv":"DIV_10","codNode":"NODE_10","idLevel":10,"dteStart":"2026-01-01T14:45:00"},{"idAction":3,"codDeliveryPoint":"NODE_24","flgInclusion":true,"codHier":"H_24","codDiv":"DIV_24","codNode":"NODE_24","idLevel":24,"dteStart":"2026-02-04T12:48:00"},{"idAction":3,"codDeliveryPoint":"NODE_3","flgInclusion":false,"codHier":"H_3","codDiv":"DIV_3","codNode":"NODE_3","idLevel":3,"dteStart":"2026-01-01T10:45:00"},{"idAction":3,"codDeliveryPoint":"NODE_5","flgInclusion":false,"codHier":"H_5","codDiv":"DIV_5","codNode":"NODE_5","idLevel":5,"dteStart":"2026-01-30T10:50:00"},{"idAction":3,"codDeliveryPoint":"NODE_87","flgInclusion":true,"codHier":"H_87","codDiv":"DIV_87","codNode":"NODE_87","idLevel":87,"dteStart":"2026-02-06T14:07:00"},{"idAction":5,"codDeliveryPoint":"NODE_5","flgInclusion":false,"codHier":"H_5","codDiv":"DIV_5","codNode":"NODE_5","idLevel":5,"dteStart":"2026-01-30T10:50:00"},{"idAction":6,"codDeliveryPoint":"D_1","flgInclusion":true,"codHier":"H_1","codDiv":"D_1","codNode":"D_1","idLevel":1,"dteStart":"2026-01-30T00:00:00"},{"idAction":6,"codDeliveryPoint":"D_656565","flgInclusion":true,"codHier":"H_656565","codDiv":"DIV_656565","codNode":"C_656565","idLevel":9,"dteStart":"2026-01-20T00:00:00"},{"idAction":6,"codDeliveryPoint":"NODE_3","flgInclusion":false,"codHier":"H_3","codDiv":"DIV_3","codNode":"NODE_3","idLevel":3,"dteStart":"2026-01-01T10:45:00"},{"idAction":6,"codDeliveryPoint":"NODE_5","flgInclusion":false,"codHier":"H_5","codDiv":"DIV_5","codNode":"NODE_5","idLevel":5,"dteStart":"2026-01-30T10:50:00"},{"idAction":6,"codDeliveryPoint":"NODE_6","flgInclusion":true,"codHier":"H_6","codDiv":"DIV_6","codNode":"NODE_6","idLevel":6,"dteStart":"2026-01-30T15:01:00"},{"idAction":7,"codDeliveryPoint":"NODE_7","flgInclusion":true,"codHier":"H_7","codDiv":"DIV_7","codNode":"NODE_7","idLevel":7,"dteStart":"2026-02-02T12:04:00"},{"idAction":10,"codDeliveryPoint":"NODE_10","flgInclusion":true,"codHier":"H_10","codDiv":"DIV_10","codNode":"NODE_10","idLevel":10,"dteStart":"2026-01-01T14:45:00"},{"idAction":24,"codDeliveryPoint":"NODE_24","flgInclusion":true,"codHier":"H_24","codDiv":"DIV_24","codNode":"NODE_24","idLevel":24,"dteStart":"2026-02-04T12:48:00"},{"idAction":87,"codDeliveryPoint":"NODE_87","flgInclusion":true,"codHier":"H_87","codDiv":"DIV_87","codNode":"NODE_87","idLevel":87,"dteStart":"2026-02-06T14:07:00"},{"idAction":98,"codDeliveryPoint":"NODE_98","flgInclusion":true,"codHier":"H_98","codDiv":"DIV_98","codNode":"NODE_98","idLevel":98,"dteStart":"2026-01-30T18:25:00"},{"idAction":100,"codDeliveryPoint":"D_656565","flgInclusion":true,"codHier":"H_656565","codDiv":"DIV_656565","codNode":"C_656565","idLevel":9,"dteStart":"2026-01-20T00:00:00"},{"idAction":100,"codDeliveryPoint":"NODE_10","flgInclusion":true,"codHier":"H_10","codDiv":"DIV_10","codNode":"NODE_10","idLevel":10,"dteStart":"2026-01-01T14:45:00"},{"idAction":100,"codDeliveryPoint":"NODE_100","flgInclusion":true,"codHier":"H_100","codDiv":"DIV_100","codNode":"NODE_100","idLevel":10,"dteStart":"2026-02-09T13:54:00"},{"idAction":100,"codDeliveryPoint":"NODE_3","flgInclusion":false,"codHier":"H_3","codDiv":"DIV_3","codNode":"NODE_3","idLevel":3,"dteStart":"2026-01-01T10:45:00"},{"idAction":200,"codDeliveryPoint":"NODE_200","flgInclusion":true,"codHier":"H_200","codDiv":"DIV_200","codNode":"NODE_200","idLevel":20,"dteStart":"2026-02-10T14:14:00"},{"idAction":300,"codDeliveryPoint":"NODE_300","flgInclusion":true,"codHier":"H_300","codDiv":"DIV_300","codNode":"NODE_300","idLevel":30,"dteStart":"2026-02-10T12:31:00"},{"idAction":321,"codDeliveryPoint":"NODE_A","flgInclusion":true,"codHier":"H_A","codDiv":"DIV_A","codNode":"NODE_A","idLevel":1,"dteStart":"2026-02-01T18:26:00"},{"idAction":1111,"codDeliveryPoint":"NODE_1111","flgInclusion":true,"codHier":"H_1111","codDiv":"DIV_1111","codNode":"NODE_1111","idLevel":11,"dteStart":"2026-01-01T17:00:00"},{"idAction":5005,"codDeliveryPoint":"","flgInclusion":true,"codHier":"H-2255","codDiv":"DIV-2255","codNode":"CUST-2255","idLevel":10,"dteStart":"2026-01-01T00:00:00"},{"idAction":6767,"codDeliveryPoint":"DP-6767","flgInclusion":true,"codHier":"H-6767","codDiv":"DIV-6767","codNode":"CUST-6767","idLevel":5,"dteStart":"2026-01-01T12:15:00"},{"idAction":7000,"codDeliveryPoint":"DP-7000","flgInclusion":true,"codHier":"H-7000","codDiv":"DIV-7000","codNode":"CUST-7000","idLevel":10,"dteStart":"2026-01-01T00:00:00"}]
2026-02-11 12:34:18.967 +05:00 [INF] HTTP GET /api/promotions/delivery-points responded 200 in 32.7779 ms
2026-02-11 12:34:19.036 +05:00 [INF] Downstream JWT validated for haris
2026-02-11 12:34:19.058 +05:00 [INF] HTTP GET /api/promotions/delivery-points responded 200 in 22.7945 ms | User: haris (23) | IP: ::1 | RequestBody:  | ResponseBody: [{"idAction":3,"codDeliveryPoint":"D_1","flgInclusion":true,"codHier":"H_1","codDiv":"D_1","codNode":"D_1","idLevel":1,"dteStart":"2026-01-30T00:00:00"},{"idAction":3,"codDeliveryPoint":"D_656565","flgInclusion":true,"codHier":"H_656565","codDiv":"DIV_656565","codNode":"C_656565","idLevel":9,"dteStart":"2026-01-20T00:00:00"},{"idAction":3,"codDeliveryPoint":"NODE_10","flgInclusion":true,"codHier":"H_10","codDiv":"DIV_10","codNode":"NODE_10","idLevel":10,"dteStart":"2026-01-01T14:45:00"},{"idAction":3,"codDeliveryPoint":"NODE_24","flgInclusion":true,"codHier":"H_24","codDiv":"DIV_24","codNode":"NODE_24","idLevel":24,"dteStart":"2026-02-04T12:48:00"},{"idAction":3,"codDeliveryPoint":"NODE_3","flgInclusion":false,"codHier":"H_3","codDiv":"DIV_3","codNode":"NODE_3","idLevel":3,"dteStart":"2026-01-01T10:45:00"},{"idAction":3,"codDeliveryPoint":"NODE_5","flgInclusion":false,"codHier":"H_5","codDiv":"DIV_5","codNode":"NODE_5","idLevel":5,"dteStart":"2026-01-30T10:50:00"},{"idAction":3,"codDeliveryPoint":"NODE_87","flgInclusion":true,"codHier":"H_87","codDiv":"DIV_87","codNode":"NODE_87","idLevel":87,"dteStart":"2026-02-06T14:07:00"},{"idAction":5,"codDeliveryPoint":"NODE_5","flgInclusion":false,"codHier":"H_5","codDiv":"DIV_5","codNode":"NODE_5","idLevel":5,"dteStart":"2026-01-30T10:50:00"},{"idAction":6,"codDeliveryPoint":"D_1","flgInclusion":true,"codHier":"H_1","codDiv":"D_1","codNode":"D_1","idLevel":1,"dteStart":"2026-01-30T00:00:00"},{"idAction":6,"codDeliveryPoint":"D_656565","flgInclusion":true,"codHier":"H_656565","codDiv":"DIV_656565","codNode":"C_656565","idLevel":9,"dteStart":"2026-01-20T00:00:00"},{"idAction":6,"codDeliveryPoint":"NODE_3","flgInclusion":false,"codHier":"H_3","codDiv":"DIV_3","codNode":"NODE_3","idLevel":3,"dteStart":"2026-01-01T10:45:00"},{"idAction":6,"codDeliveryPoint":"NODE_5","flgInclusion":false,"codHier":"H_5","codDiv":"DIV_5","codNode":"NODE_5","idLevel":5,"dteStart":"2026-01-30T10:50:00"},{"idAction":6,"codDeliveryPoint":"NODE_6","flgInclusion":true,"codHier":"H_6","codDiv":"DIV_6","codNode":"NODE_6","idLevel":6,"dteStart":"2026-01-30T15:01:00"},{"idAction":7,"codDeliveryPoint":"NODE_7","flgInclusion":true,"codHier":"H_7","codDiv":"DIV_7","codNode":"NODE_7","idLevel":7,"dteStart":"2026-02-02T12:04:00"},{"idAction":10,"codDeliveryPoint":"NODE_10","flgInclusion":true,"codHier":"H_10","codDiv":"DIV_10","codNode":"NODE_10","idLevel":10,"dteStart":"2026-01-01T14:45:00"},{"idAction":24,"codDeliveryPoint":"NODE_24","flgInclusion":true,"codHier":"H_24","codDiv":"DIV_24","codNode":"NODE_24","idLevel":24,"dteStart":"2026-02-04T12:48:00"},{"idAction":87,"codDeliveryPoint":"NODE_87","flgInclusion":true,"codHier":"H_87","codDiv":"DIV_87","codNode":"NODE_87","idLevel":87,"dteStart":"2026-02-06T14:07:00"},{"idAction":98,"codDeliveryPoint":"NODE_98","flgInclusion":true,"codHier":"H_98","codDiv":"DIV_98","codNode":"NODE_98","idLevel":98,"dteStart":"2026-01-30T18:25:00"},{"idAction":100,"codDeliveryPoint":"D_656565","flgInclusion":true,"codHier":"H_656565","codDiv":"DIV_656565","codNode":"C_656565","idLevel":9,"dteStart":"2026-01-20T00:00:00"},{"idAction":100,"codDeliveryPoint":"NODE_10","flgInclusion":true,"codHier":"H_10","codDiv":"DIV_10","codNode":"NODE_10","idLevel":10,"dteStart":"2026-01-01T14:45:00"},{"idAction":100,"codDeliveryPoint":"NODE_100","flgInclusion":true,"codHier":"H_100","codDiv":"DIV_100","codNode":"NODE_100","idLevel":10,"dteStart":"2026-02-09T13:54:00"},{"idAction":100,"codDeliveryPoint":"NODE_3","flgInclusion":false,"codHier":"H_3","codDiv":"DIV_3","codNode":"NODE_3","idLevel":3,"dteStart":"2026-01-01T10:45:00"},{"idAction":200,"codDeliveryPoint":"NODE_200","flgInclusion":true,"codHier":"H_200","codDiv":"DIV_200","codNode":"NODE_200","idLevel":20,"dteStart":"2026-02-10T14:14:00"},{"idAction":300,"codDeliveryPoint":"NODE_300","flgInclusion":true,"codHier":"H_300","codDiv":"DIV_300","codNode":"NODE_300","idLevel":30,"dteStart":"2026-02-10T12:31:00"},{"idAction":321,"codDeliveryPoint":"NODE_A","flgInclusion":true,"codHier":"H_A","codDiv":"DIV_A","codNode":"NODE_A","idLevel":1,"dteStart":"2026-02-01T18:26:00"},{"idAction":1111,"codDeliveryPoint":"NODE_1111","flgInclusion":true,"codHier":"H_1111","codDiv":"DIV_1111","codNode":"NODE_1111","idLevel":11,"dteStart":"2026-01-01T17:00:00"},{"idAction":5005,"codDeliveryPoint":"","flgInclusion":true,"codHier":"H-2255","codDiv":"DIV-2255","codNode":"CUST-2255","idLevel":10,"dteStart":"2026-01-01T00:00:00"},{"idAction":6767,"codDeliveryPoint":"DP-6767","flgInclusion":true,"codHier":"H-6767","codDiv":"DIV-6767","codNode":"CUST-6767","idLevel":5,"dteStart":"2026-01-01T12:15:00"},{"idAction":7000,"codDeliveryPoint":"DP-7000","flgInclusion":true,"codHier":"H-7000","codDiv":"DIV-7000","codNode":"CUST-7000","idLevel":10,"dteStart":"2026-01-01T00:00:00"}]
2026-02-11 12:34:19.066 +05:00 [INF] HTTP GET /api/promotions/delivery-points responded 200 in 31.0345 ms
2026-02-11 12:34:22.393 +05:00 [INF] Downstream JWT validated for haris
2026-02-11 12:34:22.532 +05:00 [INF] HTTP GET /api/promotions/actions/300/complete responded 200 in 139.6112 ms | User: haris (23) | IP: ::1 | RequestBody:  | ResponseBody: {"promoAction":{"idAction":300,"name":"PROMO_300","codDiv":"DIV_300","dteStartSellIn":"2026-02-10T12:32:00","dteEndSellIn":"2026-02-28T12:32:00","dteStartSellOut":"2026-02-16T12:32:00","dteEndSellOut":"2026-02-27T12:32:00","documentKey":"KEY_300","dteToShost":"2026-02-20T12:32:00","levParticipants":30},"products":[{"idAction":300,"codProduct":"PRD_300","levProduct":30,"codDisplay":"DSP_300","codDiv":"DIV_300","qtyEstimated":3200.00,"perceDiscount1":4.50,"perceDiscount2":5.50,"numMeasure":0.00,"codMeasure":"MEASURE_300","details":[{"idAction":300,"codProduct":"PRD_300","levProduct":30,"codDisplay":"DSP_300","codNode":"NODE_300","codDiv":"DIV_300","flgInclusion":true,"articles":[{"idAction":300,"codProduct":"PRD_300","levProduct":30,"codDisplay":"DSP_300","codDiv":"DIV_300","codNode":"NODE_300","codNode1":"HHHHHH","codNode2":"QQQQQQQQ","codNodeN":"UUUUUUUU"}]}],"measureFields":[{"codDiv":"DIV_300","codMeasure":"MEASURE_300","fieldName":"300_PROMO","formula":"G*g/300"}]},{"idAction":300,"codProduct":"PRD_96","levProduct":1,"codDisplay":"DSP_96","codDiv":"DIV_96","qtyEstimated":869785.00,"perceDiscount1":4.50,"perceDiscount2":6.50,"numMeasure":667.00,"codMeasure":"MEASURE_96","details":[{"idAction":300,"codProduct":"PRD_96","levProduct":1,"codDisplay":"DSP_96","codNode":"NODE_96","codDiv":"DIV_96","flgInclusion":true,"articles":[{"idAction":300,"codProduct":"PRD_96","levProduct":1,"codDisplay":"DSP_96","codDiv":"DIV_96","codNode":"NODE_96","codNode1":"AAAAAA","codNode2":"SSSSSSSSSS","codNodeN":"DDDDDDDDDD"}]}],"measureFields":[{"codDiv":"DIV_96","codMeasure":"MEASURE_96","fieldName":"PROMO_96","formula":"M*M/96"}]},{"idAction":300,"codProduct":"PROD-9000","levProduct":1,"codDisplay":"DISP-9000","codDiv":"DIV-9000","qtyEstimated":2000.00,"perceDiscount1":0.60,"perceDiscount2":0.90,"numMeasure":66.00,"codMeasure":"measure_9000","details":[{"idAction":300,"codProduct":"PROD-9000","levProduct":1,"codDisplay":"DISP-9000","codNode":"NODE-9000","codDiv":"DIV-9000","flgInclusion":true,"articles":[{"idAction":300,"codProduct":"PROD-9000","levProduct":1,"codDisplay":"DISP-9000","codDiv":"DIV-9000","codNode":"NODE-9000","codNode1":"A1","codNode2":null,"codNodeN":null}]}],"measureFields":[]}],"articles":[{"idAction":300,"codProduct":"PRD_300","levProduct":30,"codDisplay":"DSP_300","codDiv":"DIV_300","codNode":"NODE_300","codNode1":"HHHHHH","codNode2":"QQQQQQQQ","codNodeN":"UUUUUUUU"},{"idAction":300,"codProduct":"PRD_96","levProduct":1,"codDisplay":"DSP_96","codDiv":"DIV_96","codNode":"NODE_96","codNode1":"AAAAAA","codNode2":"SSSSSSSSSS","codNodeN":"DDDDDDDDDD"},{"idAction":300,"codProduct":"PROD-9000","levProduct":1,"codDisplay":"DISP-9000","codDiv":"DIV-9000","codNode":"NODE-9000","codNode1":"A1","codNode2":null,"codNodeN":null}],"measureFields":[{"codDiv":"DIV_300","codMeasure":"MEASURE_300","fieldName":"300_PROMO","formula":"G*g/300"},{"codDiv":"DIV_96","codMeasure":"MEASURE_96","fieldName":"PROMO_96","formula":"M*M/96"}],"participants":[{"idAction":300,"codParticipant":"NODE_3","flgInclusion":true,"codHier":"H_3","codDiv":"DIV_3","codNode":"NODE_3","idLevel":3,"dteStart":"0001-01-01T00:00:00"},{"idAction":300,"codParticipant":"NODE_300","flgInclusion":true,"codHier":"H_300","codDiv":"DIV_300","codNode":"NODE_300","idLevel":30,"dteStart":"0001-01-01T00:00:00"},{"idAction":300,"codParticipant":"NODE_5","flgInclusion":true,"codHier":"H_5","codDiv":"DIV_5","codNode":"NODE_5","idLevel":5,"dteStart":"0001-01-01T00:00:00"},{"idAction":300,"codParticipant":"NODE_6","flgInclusion":true,"codHier":"H_6","codDiv":"DIV_6","codNode":"NODE_6","idLevel":6,"dteStart":"0001-01-01T00:00:00"},{"idAction":300,"codParticipant":"NODE_676767","flgInclusion":true,"codHier":"H_676767","codDiv":"DIV_676767","codNode":"NODE_676767","idLevel":676767,"dteStart":"0001-01-01T00:00:00"}],"deliveryPoints":[{"idAction":300,"codDeliveryPoint":"NODE_300","flgInclusion":true,"codHier":"H_300","codDiv":"DIV_300","codNode":"NODE_300","idLevel":30,"dteStart":"0001-01-01T00:00:00"}],"productDetails":[{"idAction":300,"codProduct":"PRD_300","levProduct":30,"codDisplay":"DSP_300","codNode":"NODE_300","codDiv":"DIV_300","flgInclusion":true,"articles":[{"idAction":300,"codProduct":"PRD_300","levProduct":30,"codDisplay":"DSP_300","codDiv":"DIV_300","codNode":"NODE_300","codNode1":"HHHHHH","codNode2":"QQQQQQQQ","codNodeN":"UUUUUUUU"}]},{"idAction":300,"codProduct":"PRD_96","levProduct":1,"codDisplay":"DSP_96","codNode":"NODE_96","codDiv":"DIV_96","flgInclusion":true,"articles":[{"idAction":300,"codProduct":"PRD_96","levProduct":1,"codDisplay":"DSP_96","codDiv":"DIV_96","codNode":"NODE_96","codNode1":"AAAAAA","codNode2":"SSSSSSSSSS","codNodeN":"DDDDDDDDDD"}]},{"idAction":300,"codProduct":"PROD-9000","levProduct":1,"codDisplay":"DISP-9000","codNode":"NODE-9000","codDiv":"DIV-9000","flgInclusion":true,"articles":[{"idAction":300,"codProduct":"PROD-9000","levProduct":1,"codDisplay":"DISP-9000","codDiv":"DIV-9000","codNode":"NODE-9000","codNode1":"A1","codNode2":null,"codNodeN":null}]}],"customers":[{"idAction":300,"codHier":"H_3","codDiv":"DIV_3","codNode":"NODE_3","idLevel":3,"dteStart":"2026-01-01T10:45:00","codParentNode":"ROOT_3","dteEnd":"2026-01-30T10:44:00"},{"idAction":300,"codHier":"H_300","codDiv":"DIV_300","codNode":"NODE_300","idLevel":30,"dteStart":"2026-02-10T12:31:00","codParentNode":"ROOT_300","dteEnd":"2026-02-28T12:31:00"},{"idAction":300,"codHier":"H_5","codDiv":"DIV_5","codNode":"NODE_5","idLevel":5,"dteStart":"2026-01-30T10:50:00","codParentNode":"ROOT_5","dteEnd":"2026-01-31T10:48:00"},{"idAction":300,"codHier":"H_6","codDiv":"DIV_6","codNode":"NODE_6","idLevel":6,"dteStart":"2026-01-30T15:01:00","codParentNode":"ROOT_6","dteEnd":"2026-01-31T15:01:00"},{"idAction":300,"codHier":"H_676767","codDiv":"DIV_676767","codNode":"NODE_676767","idLevel":676767,"dteStart":"2026-01-31T00:00:00","codParentNode":"ROOT","dteEnd":null}]}
2026-02-11 12:34:22.541 +05:00 [INF] HTTP GET /api/promotions/actions/300/complete responded 200 in 148.6452 ms
2026-02-11 12:34:23.085 +05:00 [INF] HTTP GET /api/health responded 200 in 0.6880 ms | User: Anonymous (N/A) | IP: ::1 | RequestBody:  | ResponseBody: {"service":"Promotions API","status":"Healthy","timestamp":"2026-02-11T07:34:23.0854196Z","uptime":"0d 0h 3m 52s"}
2026-02-11 12:34:23.098 +05:00 [INF] HTTP GET /api/health responded 200 in 13.5291 ms
2026-02-11 12:34:28.098 +05:00 [INF] HTTP GET /api/health responded 200 in 1.0569 ms | User: Anonymous (N/A) | IP: ::1 | RequestBody:  | ResponseBody: {"service":"Promotions API","status":"Healthy","timestamp":"2026-02-11T07:34:28.0980022Z","uptime":"0d 0h 3m 57s"}
2026-02-11 12:34:28.119 +05:00 [INF] HTTP GET /api/health responded 200 in 22.8147 ms
2026-02-11 12:34:33.136 +05:00 [INF] HTTP GET /api/health responded 200 in 0.5430 ms | User: Anonymous (N/A) | IP: ::1 | RequestBody:  | ResponseBody: {"service":"Promotions API","status":"Healthy","timestamp":"2026-02-11T07:34:33.1361653Z","uptime":"0d 0h 4m 2s"}
2026-02-11 12:34:33.142 +05:00 [INF] HTTP GET /api/health responded 200 in 6.6772 ms
2026-02-11 12:34:38.092 +05:00 [INF] HTTP GET /api/health responded 200 in 0.7070 ms | User: Anonymous (N/A) | IP: ::1 | RequestBody:  | ResponseBody: {"service":"Promotions API","status":"Healthy","timestamp":"2026-02-11T07:34:38.0924932Z","uptime":"0d 0h 4m 7s"}
2026-02-11 12:34:38.127 +05:00 [INF] HTTP GET /api/health responded 200 in 35.5911 ms
2026-02-11 12:34:43.104 +05:00 [INF] HTTP GET /api/health responded 200 in 1.3258 ms | User: Anonymous (N/A) | IP: ::1 | RequestBody:  | ResponseBody: {"service":"Promotions API","status":"Healthy","timestamp":"2026-02-11T07:34:43.1040028Z","uptime":"0d 0h 4m 12s"}
2026-02-11 12:34:43.120 +05:00 [INF] HTTP GET /api/health responded 200 in 17.7862 ms
2026-02-11 12:34:48.091 +05:00 [INF] HTTP GET /api/health responded 200 in 0.7707 ms | User: Anonymous (N/A) | IP: ::1 | RequestBody:  | ResponseBody: {"service":"Promotions API","status":"Healthy","timestamp":"2026-02-11T07:34:48.0916807Z","uptime":"0d 0h 4m 17s"}
2026-02-11 12:34:48.108 +05:00 [INF] HTTP GET /api/health responded 200 in 17.4643 ms
2026-02-11 12:34:52.910 +05:00 [INF] Downstream JWT validated for haris
2026-02-11 12:34:53.026 +05:00 [INF] HTTP GET /api/promotions/actions/300/complete responded 200 in 116.5495 ms | User: haris (23) | IP: ::1 | RequestBody:  | ResponseBody: {"promoAction":{"idAction":300,"name":"PROMO_300","codDiv":"DIV_300","dteStartSellIn":"2026-02-10T12:32:00","dteEndSellIn":"2026-02-28T12:32:00","dteStartSellOut":"2026-02-16T12:32:00","dteEndSellOut":"2026-02-27T12:32:00","documentKey":"KEY_300","dteToShost":"2026-02-20T12:32:00","levParticipants":30},"products":[{"idAction":300,"codProduct":"PRD_300","levProduct":30,"codDisplay":"DSP_300","codDiv":"DIV_300","qtyEstimated":3200.00,"perceDiscount1":4.50,"perceDiscount2":5.50,"numMeasure":0.00,"codMeasure":"MEASURE_300","details":[{"idAction":300,"codProduct":"PRD_300","levProduct":30,"codDisplay":"DSP_300","codNode":"NODE_300","codDiv":"DIV_300","flgInclusion":true,"articles":[{"idAction":300,"codProduct":"PRD_300","levProduct":30,"codDisplay":"DSP_300","codDiv":"DIV_300","codNode":"NODE_300","codNode1":"HHHHHH","codNode2":"QQQQQQQQ","codNodeN":"UUUUUUUU"}]}],"measureFields":[{"codDiv":"DIV_300","codMeasure":"MEASURE_300","fieldName":"300_PROMO","formula":"G*g/300"}]},{"idAction":300,"codProduct":"PRD_96","levProduct":1,"codDisplay":"DSP_96","codDiv":"DIV_96","qtyEstimated":869785.00,"perceDiscount1":4.50,"perceDiscount2":6.50,"numMeasure":667.00,"codMeasure":"MEASURE_96","details":[{"idAction":300,"codProduct":"PRD_96","levProduct":1,"codDisplay":"DSP_96","codNode":"NODE_96","codDiv":"DIV_96","flgInclusion":true,"articles":[{"idAction":300,"codProduct":"PRD_96","levProduct":1,"codDisplay":"DSP_96","codDiv":"DIV_96","codNode":"NODE_96","codNode1":"AAAAAA","codNode2":"SSSSSSSSSS","codNodeN":"DDDDDDDDDD"}]}],"measureFields":[{"codDiv":"DIV_96","codMeasure":"MEASURE_96","fieldName":"PROMO_96","formula":"M*M/96"}]},{"idAction":300,"codProduct":"PROD-9000","levProduct":1,"codDisplay":"DISP-9000","codDiv":"DIV-9000","qtyEstimated":2000.00,"perceDiscount1":0.60,"perceDiscount2":0.90,"numMeasure":66.00,"codMeasure":"measure_9000","details":[{"idAction":300,"codProduct":"PROD-9000","levProduct":1,"codDisplay":"DISP-9000","codNode":"NODE-9000","codDiv":"DIV-9000","flgInclusion":true,"articles":[{"idAction":300,"codProduct":"PROD-9000","levProduct":1,"codDisplay":"DISP-9000","codDiv":"DIV-9000","codNode":"NODE-9000","codNode1":"A1","codNode2":null,"codNodeN":null}]}],"measureFields":[]}],"articles":[{"idAction":300,"codProduct":"PRD_300","levProduct":30,"codDisplay":"DSP_300","codDiv":"DIV_300","codNode":"NODE_300","codNode1":"HHHHHH","codNode2":"QQQQQQQQ","codNodeN":"UUUUUUUU"},{"idAction":300,"codProduct":"PRD_96","levProduct":1,"codDisplay":"DSP_96","codDiv":"DIV_96","codNode":"NODE_96","codNode1":"AAAAAA","codNode2":"SSSSSSSSSS","codNodeN":"DDDDDDDDDD"},{"idAction":300,"codProduct":"PROD-9000","levProduct":1,"codDisplay":"DISP-9000","codDiv":"DIV-9000","codNode":"NODE-9000","codNode1":"A1","codNode2":null,"codNodeN":null}],"measureFields":[{"codDiv":"DIV_300","codMeasure":"MEASURE_300","fieldName":"300_PROMO","formula":"G*g/300"},{"codDiv":"DIV_96","codMeasure":"MEASURE_96","fieldName":"PROMO_96","formula":"M*M/96"}],"participants":[{"idAction":300,"codParticipant":"NODE_3","flgInclusion":true,"codHier":"H_3","codDiv":"DIV_3","codNode":"NODE_3","idLevel":3,"dteStart":"0001-01-01T00:00:00"},{"idAction":300,"codParticipant":"NODE_300","flgInclusion":true,"codHier":"H_300","codDiv":"DIV_300","codNode":"NODE_300","idLevel":30,"dteStart":"0001-01-01T00:00:00"},{"idAction":300,"codParticipant":"NODE_5","flgInclusion":true,"codHier":"H_5","codDiv":"DIV_5","codNode":"NODE_5","idLevel":5,"dteStart":"0001-01-01T00:00:00"},{"idAction":300,"codParticipant":"NODE_6","flgInclusion":true,"codHier":"H_6","codDiv":"DIV_6","codNode":"NODE_6","idLevel":6,"dteStart":"0001-01-01T00:00:00"},{"idAction":300,"codParticipant":"NODE_676767","flgInclusion":true,"codHier":"H_676767","codDiv":"DIV_676767","codNode":"NODE_676767","idLevel":676767,"dteStart":"0001-01-01T00:00:00"}],"deliveryPoints":[{"idAction":300,"codDeliveryPoint":"NODE_300","flgInclusion":true,"codHier":"H_300","codDiv":"DIV_300","codNode":"NODE_300","idLevel":30,"dteStart":"0001-01-01T00:00:00"}],"productDetails":[{"idAction":300,"codProduct":"PRD_300","levProduct":30,"codDisplay":"DSP_300","codNode":"NODE_300","codDiv":"DIV_300","flgInclusion":true,"articles":[{"idAction":300,"codProduct":"PRD_300","levProduct":30,"codDisplay":"DSP_300","codDiv":"DIV_300","codNode":"NODE_300","codNode1":"HHHHHH","codNode2":"QQQQQQQQ","codNodeN":"UUUUUUUU"}]},{"idAction":300,"codProduct":"PRD_96","levProduct":1,"codDisplay":"DSP_96","codNode":"NODE_96","codDiv":"DIV_96","flgInclusion":true,"articles":[{"idAction":300,"codProduct":"PRD_96","levProduct":1,"codDisplay":"DSP_96","codDiv":"DIV_96","codNode":"NODE_96","codNode1":"AAAAAA","codNode2":"SSSSSSSSSS","codNodeN":"DDDDDDDDDD"}]},{"idAction":300,"codProduct":"PROD-9000","levProduct":1,"codDisplay":"DISP-9000","codNode":"NODE-9000","codDiv":"DIV-9000","flgInclusion":true,"articles":[{"idAction":300,"codProduct":"PROD-9000","levProduct":1,"codDisplay":"DISP-9000","codDiv":"DIV-9000","codNode":"NODE-9000","codNode1":"A1","codNode2":null,"codNodeN":null}]}],"customers":[{"idAction":300,"codHier":"H_3","codDiv":"DIV_3","codNode":"NODE_3","idLevel":3,"dteStart":"2026-01-01T10:45:00","codParentNode":"ROOT_3","dteEnd":"2026-01-30T10:44:00"},{"idAction":300,"codHier":"H_300","codDiv":"DIV_300","codNode":"NODE_300","idLevel":30,"dteStart":"2026-02-10T12:31:00","codParentNode":"ROOT_300","dteEnd":"2026-02-28T12:31:00"},{"idAction":300,"codHier":"H_5","codDiv":"DIV_5","codNode":"NODE_5","idLevel":5,"dteStart":"2026-01-30T10:50:00","codParentNode":"ROOT_5","dteEnd":"2026-01-31T10:48:00"},{"idAction":300,"codHier":"H_6","codDiv":"DIV_6","codNode":"NODE_6","idLevel":6,"dteStart":"2026-01-30T15:01:00","codParentNode":"ROOT_6","dteEnd":"2026-01-31T15:01:00"},{"idAction":300,"codHier":"H_676767","codDiv":"DIV_676767","codNode":"NODE_676767","idLevel":676767,"dteStart":"2026-01-31T00:00:00","codParentNode":"ROOT","dteEnd":null}]}
2026-02-11 12:34:53.034 +05:00 [INF] HTTP GET /api/promotions/actions/300/complete responded 200 in 125.0505 ms
2026-02-11 12:34:53.093 +05:00 [INF] HTTP GET /api/health responded 200 in 0.4853 ms | User: Anonymous (N/A) | IP: ::1 | RequestBody:  | ResponseBody: {"service":"Promotions API","status":"Healthy","timestamp":"2026-02-11T07:34:53.093487Z","uptime":"0d 0h 4m 22s"}
2026-02-11 12:34:53.105 +05:00 [INF] HTTP GET /api/health responded 200 in 12.0275 ms
2026-02-11 12:34:58.092 +05:00 [INF] HTTP GET /api/health responded 200 in 0.7091 ms | User: Anonymous (N/A) | IP: ::1 | RequestBody:  | ResponseBody: {"service":"Promotions API","status":"Healthy","timestamp":"2026-02-11T07:34:58.0920635Z","uptime":"0d 0h 4m 27s"}
2026-02-11 12:34:58.099 +05:00 [INF] HTTP GET /api/health responded 200 in 8.4663 ms
2026-02-11 12:35:03.083 +05:00 [INF] HTTP GET /api/health responded 200 in 0.5819 ms | User: Anonymous (N/A) | IP: ::1 | RequestBody:  | ResponseBody: {"service":"Promotions API","status":"Healthy","timestamp":"2026-02-11T07:35:03.0833945Z","uptime":"0d 0h 4m 32s"}
2026-02-11 12:35:03.092 +05:00 [INF] HTTP GET /api/health responded 200 in 9.7809 ms
2026-02-11 12:35:06.438 +05:00 [INF] Downstream JWT validated for haris
2026-02-11 12:35:06.463 +05:00 [INF] HTTP GET /api/promotions/customer-relations responded 200 in 27.0266 ms | User: haris (23) | IP: ::1 | RequestBody:  | ResponseBody: [{"idAction":0,"codHier":"5555","codDiv":"div5555","codNode":"f5555","idLevel":1,"dteStart":"2026-01-15T00:00:00","codParentNode":"root","dteEnd":null},{"idAction":0,"codHier":"56","codDiv":"565","codNode":"56","idLevel":55,"dteStart":"2026-01-29T00:44:00","codParentNode":"haseeb","dteEnd":"2026-01-26T00:44:00"},{"idAction":0,"codHier":"H_1","codDiv":"D_1","codNode":"D_1","idLevel":1,"dteStart":"2026-01-30T00:00:00","codParentNode":"ROOT","dteEnd":null},{"idAction":0,"codHier":"H_1","codDiv":"D_1","codNode":"N_1","idLevel":1,"dteStart":"2026-01-30T09:35:43.289","codParentNode":"ROOT","dteEnd":null},{"idAction":0,"codHier":"H_10","codDiv":"DIV_10","codNode":"NODE_10","idLevel":10,"dteStart":"2026-01-01T14:45:00","codParentNode":"ROOT_10","dteEnd":"2026-01-31T14:44:00"},{"idAction":0,"codHier":"H_100","codDiv":"DIV_100","codNode":"NODE_100","idLevel":10,"dteStart":"2026-02-09T13:54:00","codParentNode":"ROOT_100","dteEnd":"2026-02-10T13:54:00"},{"idAction":0,"codHier":"H_1111","codDiv":"DIV_1111","codNode":"NODE_1111","idLevel":11,"dteStart":"2026-01-01T17:00:00","codParentNode":"ROOT_1111","dteEnd":"2026-01-30T17:01:00"},{"idAction":0,"codHier":"H_12","codDiv":"DIV_12","codNode":"NODE_12","idLevel":12,"dteStart":"2026-02-03T12:26:00","codParentNode":"ROOT_12","dteEnd":"2026-02-06T12:26:00"},{"idAction":0,"codHier":"H_17","codDiv":"DIV_17","codNode":"NODE_17","idLevel":17,"dteStart":"2026-02-07T15:44:00","codParentNode":"ROOT_17","dteEnd":"2026-02-24T15:44:00"},{"idAction":0,"codHier":"H_19","codDiv":"DIV_19","codNode":"NODE_19","idLevel":19,"dteStart":"2026-02-04T13:59:00","codParentNode":"ROOT_19","dteEnd":"2026-02-05T13:59:00"},{"idAction":0,"codHier":"H_200","codDiv":"DIV_200","codNode":"NODE_200","idLevel":20,"dteStart":"2026-02-10T14:14:00","codParentNode":"ROOT_200","dteEnd":"2026-02-24T14:14:00"},{"idAction":0,"codHier":"H_21","codDiv":"DIV_21","codNode":"NODE_21","idLevel":21,"dteStart":"2026-02-05T14:01:00","codParentNode":"ROOT_21","dteEnd":"2026-02-07T14:01:00"},{"idAction":0,"codHier":"H_222","codDiv":"DIV_222","codNode":"NODE_222","idLevel":222,"dteStart":"2026-02-04T12:53:00","codParentNode":"ROOT_222","dteEnd":"2026-02-06T12:53:00"},{"idAction":0,"codHier":"H_24","codDiv":"DIV_24","codNode":"NODE_24","idLevel":24,"dteStart":"2026-02-04T12:48:00","codParentNode":"ROOT_24","dteEnd":"2026-02-05T12:48:00"},{"idAction":0,"codHier":"H_25","codDiv":"DIV_25","codNode":"NODE_25","idLevel":25,"dteStart":"2026-02-10T14:04:00","codParentNode":"ROOT_25","dteEnd":"2026-02-11T14:04:00"},{"idAction":0,"codHier":"H_3","codDiv":"DIV_3","codNode":"NODE_3","idLevel":3,"dteStart":"2026-01-01T10:45:00","codParentNode":"ROOT_3","dteEnd":"2026-01-30T10:44:00"},{"idAction":0,"codHier":"H_300","codDiv":"DIV_300","codNode":"NODE_300","idLevel":30,"dteStart":"2026-02-10T12:31:00","codParentNode":"ROOT_300","dteEnd":"2026-02-28T12:31:00"},{"idAction":0,"codHier":"H_5","codDiv":"DIV_5","codNode":"NODE_5","idLevel":5,"dteStart":"2026-01-30T10:50:00","codParentNode":"ROOT_5","dteEnd":"2026-01-31T10:48:00"},{"idAction":0,"codHier":"H_6","codDiv":"DIV_6","codNode":"NODE_6","idLevel":6,"dteStart":"2026-01-30T15:01:00","codParentNode":"ROOT_6","dteEnd":"2026-01-31T15:01:00"},{"idAction":0,"codHier":"H_656565","codDiv":"DIV_656565","codNode":"C_656565","idLevel":9,"dteStart":"2026-01-20T00:00:00","codParentNode":"ROOT","dteEnd":null},{"idAction":0,"codHier":"H_676767","codDiv":"DIV_676767","codNode":"NODE_676767","idLevel":676767,"dteStart":"2026-01-31T00:00:00","codParentNode":"ROOT","dteEnd":null},{"idAction":0,"codHier":"H_7","codDiv":"DIV_7","codNode":"NODE_7","idLevel":7,"dteStart":"2026-02-02T12:04:00","codParentNode":"ROOT_7","dteEnd":"2026-02-04T12:04:00"},{"idAction":0,"codHier":"H_87","codDiv":"DIV_87","codNode":"NODE_87","idLevel":87,"dteStart":"2026-02-06T14:07:00","codParentNode":"ROOT_87","dteEnd":"2026-02-26T14:07:00"},{"idAction":0,"codHier":"H_98","codDiv":"DIV_98","codNode":"NODE_98","idLevel":98,"dteStart":"2026-01-30T18:25:00","codParentNode":"ROOT_98","dteEnd":"2026-01-31T18:25:00"},{"idAction":0,"codHier":"H_999","codDiv":"D_5878","codNode":"N_878","idLevel":8,"dteStart":"2026-01-14T00:00:00","codParentNode":"ROOT","dteEnd":null},{"idAction":0,"codHier":"H_A","codDiv":"DIV_A","codNode":"NODE_A","idLevel":1,"dteStart":"2026-02-01T18:26:00","codParentNode":"ROOT_A","dteEnd":"2026-02-14T18:26:00"},{"idAction":0,"codHier":"H-1010","codDiv":"D-1010","codNode":"C-1010","idLevel":1,"dteStart":"2026-01-01T11:54:00","codParentNode":"root","dteEnd":"2026-01-12T11:54:00"},{"idAction":0,"codHier":"H-11","codDiv":"DIV-11","codNode":"C-11","idLevel":11,"dteStart":"2026-01-01T15:05:00","codParentNode":"ROOT","dteEnd":"2026-01-31T15:05:00"},{"idAction":0,"codHier":"H-1111","codDiv":"DIV-1111","codNode":"CUST-1111","idLevel":10,"dteStart":"2026-01-01T00:00:00","codParentNode":"ROOT","dteEnd":null},{"idAction":0,"codHier":"H-1414","codDiv":"D-1414","codNode":"C-1414","idLevel":4,"dteStart":"2026-01-01T14:45:00","codParentNode":"ROOT","dteEnd":"2026-01-15T14:45:00"},{"idAction":0,"codHier":"H-2","codDiv":"DIV-2","codNode":"CUST-2","idLevel":2,"dteStart":"2026-01-01T12:40:00","codParentNode":"ROOT","dteEnd":"2026-01-16T12:37:00"},{"idAction":0,"codHier":"H-2","codDiv":"DIV-2","codNode":"CUST-2","idLevel":2,"dteStart":"2026-01-21T12:37:00","codParentNode":"ROOT","dteEnd":"2026-01-24T12:37:00"},{"idAction":0,"codHier":"H-2020","codDiv":"D-2020","codNode":"C-2020","idLevel":2,"dteStart":"2026-01-02T12:27:00","codParentNode":"root","dteEnd":"2026-01-30T12:27:00"},{"idAction":0,"codHier":"H-2255","codDiv":"DIV-2255","codNode":"CUST-2255","idLevel":10,"dteStart":"2026-01-01T00:00:00","codParentNode":"ROOT","dteEnd":null},{"idAction":0,"codHier":"H-2323","codDiv":"D-2323","codNode":"C-2323","idLevel":4,"dteStart":"2026-01-01T12:48:00","codParentNode":"ROOT","dteEnd":"2026-01-12T12:49:00"},{"idAction":0,"codHier":"H-3333","codDiv":"DIV-3333","codNode":"CUST-3333","idLevel":10,"dteStart":"2026-01-01T00:00:00","codParentNode":"ROOT","dteEnd":null},{"idAction":0,"codHier":"H-3344","codDiv":"DIV-3345","codNode":"CUST-3345","idLevel":10,"dteStart":"2026-01-01T00:00:00","codParentNode":"ROOT","dteEnd":null},{"idAction":0,"codHier":"H-3345","codDiv":"DIV-3345","codNode":"CUST-3345","idLevel":10,"dteStart":"2026-01-01T00:00:00","codParentNode":"ROOT","dteEnd":null},{"idAction":0,"codHier":"H-4","codDiv":"DIV-4","codNode":"CUST-4","idLevel":4,"dteStart":"2026-01-01T14:44:00","codParentNode":"ROOT","dteEnd":"2026-01-02T14:44:00"},{"idAction":0,"codHier":"H-5555","codDiv":"DIV-5555","codNode":"CUST-5555","idLevel":10,"dteStart":"2026-01-01T00:00:00","codParentNode":"ROOT","dteEnd":null},{"idAction":0,"codHier":"H-6000","codDiv":"DIV-6000","codNode":"CUST-6000","idLevel":10,"dteStart":"2026-01-01T00:00:00","codParentNode":"ROOT","dteEnd":"2026-12-31T00:00:00"},{"idAction":0,"codHier":"H-6666","codDiv":"DIV-6666","codNode":"CUST-6666","idLevel":10,"dteStart":"2026-01-17T01:30:00","codParentNode":"ROOT","dteEnd":"2026-01-18T01:30:00"},{"idAction":0,"codHier":"H-6767","codDiv":"DIV-6767","codNode":"CUST-6767","idLevel":5,"dteStart":"2026-01-01T12:15:00","codParentNode":"ROOT","dteEnd":"2026-01-08T12:15:00"},{"idAction":0,"codHier":"H-7000","codDiv":"DIV-7000","codNode":"CUST-7000","idLevel":10,"dteStart":"2026-01-01T00:00:00","codParentNode":"ROOT","dteEnd":null},{"idAction":0,"codHier":"H-7777","codDiv":"DIV-7777","codNode":"CUST-7777","idLevel":10,"dteStart":"2026-01-01T00:00:00","codParentNode":"ROOT","dteEnd":null},{"idAction":0,"codHier":"H-7878","codDiv":"DIV-7878","codNode":"CUST-7878","idLevel":3,"dteStart":"2026-01-18T11:43:00","codParentNode":"ROOT","dteEnd":"2026-01-19T11:43:00"},{"idAction":0,"codHier":"H-8000","codDiv":"DIV-8000","codNode":"CUST-8000","idLevel":10,"dteStart":"2026-01-01T00:00:00","codParentNode":"ROOT","dteEnd":null},{"idAction":0,"codHier":"H-8888","codDiv":"DIV-8888","codNode":"CUST-8888","idLevel":10,"dteStart":"2026-01-01T00:00:00","codParentNode":"ROOT","dteEnd":null},{"idAction":0,"codHier":"H-9000","codDiv":"DIV-9000","codNode":"CUST-9000","idLevel":10,"dteStart":"2026-01-01T00:00:00","codParentNode":"ROOT","dteEnd":null},{"idAction":0,"codHier":"H-9999","codDiv":"DIV-9999","codNode":"CUST-9999","idLevel":10,"dteStart":"2026-01-01T00:00:00","codParentNode":"ROOT","dteEnd":null},{"idAction":0,"codHier":"HIER_CORP","codDiv":"DIV01","codNode":"NODE_9111","idLevel":1,"dteStart":"2026-01-15T00:00:00","codParentNode":"ROOT_NODE","dteEnd":null}]
2026-02-11 12:35:06.473 +05:00 [INF] HTTP GET /api/promotions/customer-relations responded 200 in 36.7491 ms
2026-02-11 12:35:06.548 +05:00 [INF] Downstream JWT validated for haris
2026-02-11 12:35:06.567 +05:00 [INF] HTTP GET /api/promotions/customer-relations responded 200 in 18.6232 ms | User: haris (23) | IP: ::1 | RequestBody:  | ResponseBody: [{"idAction":0,"codHier":"5555","codDiv":"div5555","codNode":"f5555","idLevel":1,"dteStart":"2026-01-15T00:00:00","codParentNode":"root","dteEnd":null},{"idAction":0,"codHier":"56","codDiv":"565","codNode":"56","idLevel":55,"dteStart":"2026-01-29T00:44:00","codParentNode":"haseeb","dteEnd":"2026-01-26T00:44:00"},{"idAction":0,"codHier":"H_1","codDiv":"D_1","codNode":"D_1","idLevel":1,"dteStart":"2026-01-30T00:00:00","codParentNode":"ROOT","dteEnd":null},{"idAction":0,"codHier":"H_1","codDiv":"D_1","codNode":"N_1","idLevel":1,"dteStart":"2026-01-30T09:35:43.289","codParentNode":"ROOT","dteEnd":null},{"idAction":0,"codHier":"H_10","codDiv":"DIV_10","codNode":"NODE_10","idLevel":10,"dteStart":"2026-01-01T14:45:00","codParentNode":"ROOT_10","dteEnd":"2026-01-31T14:44:00"},{"idAction":0,"codHier":"H_100","codDiv":"DIV_100","codNode":"NODE_100","idLevel":10,"dteStart":"2026-02-09T13:54:00","codParentNode":"ROOT_100","dteEnd":"2026-02-10T13:54:00"},{"idAction":0,"codHier":"H_1111","codDiv":"DIV_1111","codNode":"NODE_1111","idLevel":11,"dteStart":"2026-01-01T17:00:00","codParentNode":"ROOT_1111","dteEnd":"2026-01-30T17:01:00"},{"idAction":0,"codHier":"H_12","codDiv":"DIV_12","codNode":"NODE_12","idLevel":12,"dteStart":"2026-02-03T12:26:00","codParentNode":"ROOT_12","dteEnd":"2026-02-06T12:26:00"},{"idAction":0,"codHier":"H_17","codDiv":"DIV_17","codNode":"NODE_17","idLevel":17,"dteStart":"2026-02-07T15:44:00","codParentNode":"ROOT_17","dteEnd":"2026-02-24T15:44:00"},{"idAction":0,"codHier":"H_19","codDiv":"DIV_19","codNode":"NODE_19","idLevel":19,"dteStart":"2026-02-04T13:59:00","codParentNode":"ROOT_19","dteEnd":"2026-02-05T13:59:00"},{"idAction":0,"codHier":"H_200","codDiv":"DIV_200","codNode":"NODE_200","idLevel":20,"dteStart":"2026-02-10T14:14:00","codParentNode":"ROOT_200","dteEnd":"2026-02-24T14:14:00"},{"idAction":0,"codHier":"H_21","codDiv":"DIV_21","codNode":"NODE_21","idLevel":21,"dteStart":"2026-02-05T14:01:00","codParentNode":"ROOT_21","dteEnd":"2026-02-07T14:01:00"},{"idAction":0,"codHier":"H_222","codDiv":"DIV_222","codNode":"NODE_222","idLevel":222,"dteStart":"2026-02-04T12:53:00","codParentNode":"ROOT_222","dteEnd":"2026-02-06T12:53:00"},{"idAction":0,"codHier":"H_24","codDiv":"DIV_24","codNode":"NODE_24","idLevel":24,"dteStart":"2026-02-04T12:48:00","codParentNode":"ROOT_24","dteEnd":"2026-02-05T12:48:00"},{"idAction":0,"codHier":"H_25","codDiv":"DIV_25","codNode":"NODE_25","idLevel":25,"dteStart":"2026-02-10T14:04:00","codParentNode":"ROOT_25","dteEnd":"2026-02-11T14:04:00"},{"idAction":0,"codHier":"H_3","codDiv":"DIV_3","codNode":"NODE_3","idLevel":3,"dteStart":"2026-01-01T10:45:00","codParentNode":"ROOT_3","dteEnd":"2026-01-30T10:44:00"},{"idAction":0,"codHier":"H_300","codDiv":"DIV_300","codNode":"NODE_300","idLevel":30,"dteStart":"2026-02-10T12:31:00","codParentNode":"ROOT_300","dteEnd":"2026-02-28T12:31:00"},{"idAction":0,"codHier":"H_5","codDiv":"DIV_5","codNode":"NODE_5","idLevel":5,"dteStart":"2026-01-30T10:50:00","codParentNode":"ROOT_5","dteEnd":"2026-01-31T10:48:00"},{"idAction":0,"codHier":"H_6","codDiv":"DIV_6","codNode":"NODE_6","idLevel":6,"dteStart":"2026-01-30T15:01:00","codParentNode":"ROOT_6","dteEnd":"2026-01-31T15:01:00"},{"idAction":0,"codHier":"H_656565","codDiv":"DIV_656565","codNode":"C_656565","idLevel":9,"dteStart":"2026-01-20T00:00:00","codParentNode":"ROOT","dteEnd":null},{"idAction":0,"codHier":"H_676767","codDiv":"DIV_676767","codNode":"NODE_676767","idLevel":676767,"dteStart":"2026-01-31T00:00:00","codParentNode":"ROOT","dteEnd":null},{"idAction":0,"codHier":"H_7","codDiv":"DIV_7","codNode":"NODE_7","idLevel":7,"dteStart":"2026-02-02T12:04:00","codParentNode":"ROOT_7","dteEnd":"2026-02-04T12:04:00"},{"idAction":0,"codHier":"H_87","codDiv":"DIV_87","codNode":"NODE_87","idLevel":87,"dteStart":"2026-02-06T14:07:00","codParentNode":"ROOT_87","dteEnd":"2026-02-26T14:07:00"},{"idAction":0,"codHier":"H_98","codDiv":"DIV_98","codNode":"NODE_98","idLevel":98,"dteStart":"2026-01-30T18:25:00","codParentNode":"ROOT_98","dteEnd":"2026-01-31T18:25:00"},{"idAction":0,"codHier":"H_999","codDiv":"D_5878","codNode":"N_878","idLevel":8,"dteStart":"2026-01-14T00:00:00","codParentNode":"ROOT","dteEnd":null},{"idAction":0,"codHier":"H_A","codDiv":"DIV_A","codNode":"NODE_A","idLevel":1,"dteStart":"2026-02-01T18:26:00","codParentNode":"ROOT_A","dteEnd":"2026-02-14T18:26:00"},{"idAction":0,"codHier":"H-1010","codDiv":"D-1010","codNode":"C-1010","idLevel":1,"dteStart":"2026-01-01T11:54:00","codParentNode":"root","dteEnd":"2026-01-12T11:54:00"},{"idAction":0,"codHier":"H-11","codDiv":"DIV-11","codNode":"C-11","idLevel":11,"dteStart":"2026-01-01T15:05:00","codParentNode":"ROOT","dteEnd":"2026-01-31T15:05:00"},{"idAction":0,"codHier":"H-1111","codDiv":"DIV-1111","codNode":"CUST-1111","idLevel":10,"dteStart":"2026-01-01T00:00:00","codParentNode":"ROOT","dteEnd":null},{"idAction":0,"codHier":"H-1414","codDiv":"D-1414","codNode":"C-1414","idLevel":4,"dteStart":"2026-01-01T14:45:00","codParentNode":"ROOT","dteEnd":"2026-01-15T14:45:00"},{"idAction":0,"codHier":"H-2","codDiv":"DIV-2","codNode":"CUST-2","idLevel":2,"dteStart":"2026-01-01T12:40:00","codParentNode":"ROOT","dteEnd":"2026-01-16T12:37:00"},{"idAction":0,"codHier":"H-2","codDiv":"DIV-2","codNode":"CUST-2","idLevel":2,"dteStart":"2026-01-21T12:37:00","codParentNode":"ROOT","dteEnd":"2026-01-24T12:37:00"},{"idAction":0,"codHier":"H-2020","codDiv":"D-2020","codNode":"C-2020","idLevel":2,"dteStart":"2026-01-02T12:27:00","codParentNode":"root","dteEnd":"2026-01-30T12:27:00"},{"idAction":0,"codHier":"H-2255","codDiv":"DIV-2255","codNode":"CUST-2255","idLevel":10,"dteStart":"2026-01-01T00:00:00","codParentNode":"ROOT","dteEnd":null},{"idAction":0,"codHier":"H-2323","codDiv":"D-2323","codNode":"C-2323","idLevel":4,"dteStart":"2026-01-01T12:48:00","codParentNode":"ROOT","dteEnd":"2026-01-12T12:49:00"},{"idAction":0,"codHier":"H-3333","codDiv":"DIV-3333","codNode":"CUST-3333","idLevel":10,"dteStart":"2026-01-01T00:00:00","codParentNode":"ROOT","dteEnd":null},{"idAction":0,"codHier":"H-3344","codDiv":"DIV-3345","codNode":"CUST-3345","idLevel":10,"dteStart":"2026-01-01T00:00:00","codParentNode":"ROOT","dteEnd":null},{"idAction":0,"codHier":"H-3345","codDiv":"DIV-3345","codNode":"CUST-3345","idLevel":10,"dteStart":"2026-01-01T00:00:00","codParentNode":"ROOT","dteEnd":null},{"idAction":0,"codHier":"H-4","codDiv":"DIV-4","codNode":"CUST-4","idLevel":4,"dteStart":"2026-01-01T14:44:00","codParentNode":"ROOT","dteEnd":"2026-01-02T14:44:00"},{"idAction":0,"codHier":"H-5555","codDiv":"DIV-5555","codNode":"CUST-5555","idLevel":10,"dteStart":"2026-01-01T00:00:00","codParentNode":"ROOT","dteEnd":null},{"idAction":0,"codHier":"H-6000","codDiv":"DIV-6000","codNode":"CUST-6000","idLevel":10,"dteStart":"2026-01-01T00:00:00","codParentNode":"ROOT","dteEnd":"2026-12-31T00:00:00"},{"idAction":0,"codHier":"H-6666","codDiv":"DIV-6666","codNode":"CUST-6666","idLevel":10,"dteStart":"2026-01-17T01:30:00","codParentNode":"ROOT","dteEnd":"2026-01-18T01:30:00"},{"idAction":0,"codHier":"H-6767","codDiv":"DIV-6767","codNode":"CUST-6767","idLevel":5,"dteStart":"2026-01-01T12:15:00","codParentNode":"ROOT","dteEnd":"2026-01-08T12:15:00"},{"idAction":0,"codHier":"H-7000","codDiv":"DIV-7000","codNode":"CUST-7000","idLevel":10,"dteStart":"2026-01-01T00:00:00","codParentNode":"ROOT","dteEnd":null},{"idAction":0,"codHier":"H-7777","codDiv":"DIV-7777","codNode":"CUST-7777","idLevel":10,"dteStart":"2026-01-01T00:00:00","codParentNode":"ROOT","dteEnd":null},{"idAction":0,"codHier":"H-7878","codDiv":"DIV-7878","codNode":"CUST-7878","idLevel":3,"dteStart":"2026-01-18T11:43:00","codParentNode":"ROOT","dteEnd":"2026-01-19T11:43:00"},{"idAction":0,"codHier":"H-8000","codDiv":"DIV-8000","codNode":"CUST-8000","idLevel":10,"dteStart":"2026-01-01T00:00:00","codParentNode":"ROOT","dteEnd":null},{"idAction":0,"codHier":"H-8888","codDiv":"DIV-8888","codNode":"CUST-8888","idLevel":10,"dteStart":"2026-01-01T00:00:00","codParentNode":"ROOT","dteEnd":null},{"idAction":0,"codHier":"H-9000","codDiv":"DIV-9000","codNode":"CUST-9000","idLevel":10,"dteStart":"2026-01-01T00:00:00","codParentNode":"ROOT","dteEnd":null},{"idAction":0,"codHier":"H-9999","codDiv":"DIV-9999","codNode":"CUST-9999","idLevel":10,"dteStart":"2026-01-01T00:00:00","codParentNode":"ROOT","dteEnd":null},{"idAction":0,"codHier":"HIER_CORP","codDiv":"DIV01","codNode":"NODE_9111","idLevel":1,"dteStart":"2026-01-15T00:00:00","codParentNode":"ROOT_NODE","dteEnd":null}]
2026-02-11 12:35:06.581 +05:00 [INF] HTTP GET /api/promotions/customer-relations responded 200 in 33.3353 ms
2026-02-11 12:35:08.093 +05:00 [INF] HTTP GET /api/health responded 200 in 1.3319 ms | User: Anonymous (N/A) | IP: ::1 | RequestBody:  | ResponseBody: {"service":"Promotions API","status":"Healthy","timestamp":"2026-02-11T07:35:08.0933619Z","uptime":"0d 0h 4m 37s"}
2026-02-11 12:35:08.119 +05:00 [INF] HTTP GET /api/health responded 200 in 27.7300 ms
2026-02-11 12:35:13.096 +05:00 [INF] HTTP GET /api/health responded 200 in 0.7200 ms | User: Anonymous (N/A) | IP: ::1 | RequestBody:  | ResponseBody: {"service":"Promotions API","status":"Healthy","timestamp":"2026-02-11T07:35:13.0962459Z","uptime":"0d 0h 4m 42s"}
2026-02-11 12:35:13.109 +05:00 [INF] HTTP GET /api/health responded 200 in 13.9024 ms
2026-02-11 12:35:17.778 +05:00 [INF] Downstream JWT validated for haris
2026-02-11 12:35:17.799 +05:00 [INF] Downstream JWT validated for haris
2026-02-11 12:35:17.836 +05:00 [INF] Downstream JWT validated for haris
2026-02-11 12:35:17.839 +05:00 [INF] HTTP GET /api/participants/all responded 200 in 61.4772 ms | User: haris (23) | IP: ::1 | RequestBody:  | ResponseBody: [{"idAction":3,"codParticipant":"N_1","flgInclusion":true,"codHier":"H_1","codDiv":"D_1","codNode":"N_1","idLevel":1,"dteStart":"2026-01-30T09:35:43.289"},{"idAction":3,"codParticipant":"NODE_3","flgInclusion":true,"codHier":"H_3","codDiv":"DIV_3","codNode":"NODE_3","idLevel":3,"dteStart":"2026-01-01T10:45:00"},{"idAction":3,"codParticipant":"NODE_5","flgInclusion":true,"codHier":"H_5","codDiv":"DIV_5","codNode":"NODE_5","idLevel":5,"dteStart":"2026-01-30T10:50:00"},{"idAction":5,"codParticipant":"NODE_5","flgInclusion":true,"codHier":"H_5","codDiv":"DIV_5","codNode":"NODE_5","idLevel":5,"dteStart":"2026-01-30T10:50:00"},{"idAction":6,"codParticipant":"N_9898","flgInclusion":true,"codHier":"H_999","codDiv":"D_5878","codNode":"N_878","idLevel":8,"dteStart":"2026-01-14T00:00:00"},{"idAction":6,"codParticipant":"NODE_3","flgInclusion":true,"codHier":"H_3","codDiv":"DIV_3","codNode":"NODE_3","idLevel":3,"dteStart":"2026-01-01T10:45:00"},{"idAction":6,"codParticipant":"NODE_5","flgInclusion":true,"codHier":"H_5","codDiv":"DIV_5","codNode":"NODE_5","idLevel":5,"dteStart":"2026-01-30T10:50:00"},{"idAction":6,"codParticipant":"NODE_6","flgInclusion":true,"codHier":"H_6","codDiv":"DIV_6","codNode":"NODE_6","idLevel":6,"dteStart":"2026-01-30T15:01:00"},{"idAction":6,"codParticipant":"NODE_676767","flgInclusion":true,"codHier":"H_676767","codDiv":"DIV_676767","codNode":"NODE_676767","idLevel":676767,"dteStart":"2026-01-31T00:00:00"},{"idAction":6,"codParticipant":"P-9000","flgInclusion":true,"codHier":"H-9000","codDiv":"DIV-9000","codNode":"CUST-9000","idLevel":10,"dteStart":"2026-01-01T00:00:00"},{"idAction":7,"codParticipant":"NODE_7","flgInclusion":true,"codHier":"H_7","codDiv":"DIV_7","codNode":"NODE_7","idLevel":7,"dteStart":"2026-02-02T12:04:00"},{"idAction":10,"codParticipant":"NODE_10","flgInclusion":true,"codHier":"H_10","codDiv":"DIV_10","codNode":"NODE_10","idLevel":10,"dteStart":"2026-01-01T14:45:00"},{"idAction":24,"codParticipant":"NODE_24","flgInclusion":true,"codHier":"H_24","codDiv":"DIV_24","codNode":"NODE_24","idLevel":24,"dteStart":"2026-02-04T12:48:00"},{"idAction":87,"codParticipant":"NODE_87","flgInclusion":true,"codHier":"H_87","codDiv":"DIV_87","codNode":"NODE_87","idLevel":87,"dteStart":"2026-02-06T14:07:00"},{"idAction":98,"codParticipant":"NODE_98","flgInclusion":true,"codHier":"H_98","codDiv":"DIV_98","codNode":"NODE_98","idLevel":98,"dteStart":"2026-01-30T18:25:00"},{"idAction":100,"codParticipant":"NODE_100","flgInclusion":true,"codHier":"H_100","codDiv":"DIV_100","codNode":"NODE_100","idLevel":10,"dteStart":"2026-02-09T13:54:00"},{"idAction":200,"codParticipant":"NODE_200","flgInclusion":true,"codHier":"H_200","codDiv":"DIV_200","codNode":"NODE_200","idLevel":20,"dteStart":"2026-02-10T14:14:00"},{"idAction":300,"codParticipant":"NODE_3","flgInclusion":true,"codHier":"H_3","codDiv":"DIV_3","codNode":"NODE_3","idLevel":3,"dteStart":"2026-01-01T10:45:00"},{"idAction":300,"codParticipant":"NODE_300","flgInclusion":true,"codHier":"H_300","codDiv":"DIV_300","codNode":"NODE_300","idLevel":30,"dteStart":"2026-02-10T12:31:00"},{"idAction":300,"codParticipant":"NODE_5","flgInclusion":true,"codHier":"H_5","codDiv":"DIV_5","codNode":"NODE_5","idLevel":5,"dteStart":"2026-01-30T10:50:00"},{"idAction":300,"codParticipant":"NODE_6","flgInclusion":true,"codHier":"H_6","codDiv":"DIV_6","codNode":"NODE_6","idLevel":6,"dteStart":"2026-01-30T15:01:00"},{"idAction":300,"codParticipant":"NODE_676767","flgInclusion":true,"codHier":"H_676767","codDiv":"DIV_676767","codNode":"NODE_676767","idLevel":676767,"dteStart":"2026-01-31T00:00:00"},{"idAction":321,"codParticipant":"NODE_A","flgInclusion":true,"codHier":"H_A","codDiv":"DIV_A","codNode":"NODE_A","idLevel":1,"dteStart":"2026-02-01T18:26:00"},{"idAction":1111,"codParticipant":"NODE_1111","flgInclusion":true,"codHier":"H_1111","codDiv":"DIV_1111","codNode":"NODE_1111","idLevel":11,"dteStart":"2026-01-01T17:00:00"},{"idAction":2323,"codParticipant":"P-2323","flgInclusion":true,"codHier":"H-2323","codDiv":"D-2323","codNode":"C-2323","idLevel":4,"dteStart":"2026-01-01T12:48:00"},{"idAction":5005,"codParticipant":"","flgInclusion":true,"codHier":"H-9999","codDiv":"DIV-9999","codNode":"CUST-9999","idLevel":10,"dteStart":"2026-01-01T00:00:00"},{"idAction":6000,"codParticipant":"P-6000","flgInclusion":true,"codHier":"H-6000","codDiv":"DIV-6000","codNode":"CUST-6000","idLevel":10,"dteStart":"2026-01-01T00:00:00"},{"idAction":6767,"codParticipant":"P-6767","flgInclusion":false,"codHier":"H-6767","codDiv":"DIV-6767","codNode":"CUST-6767","idLevel":5,"dteStart":"2026-01-01T12:15:00"},{"idAction":7000,"codParticipant":"P-7000","flgInclusion":true,"codHier":"H-7000","codDiv":"DIV-7000","codNode":"CUST-7000","idLevel":10,"dteStart":"2026-01-01T00:00:00"},{"idAction":8888,"codParticipant":"P-8888","flgInclusion":true,"codHier":"H-8888","codDiv":"DIV-8888","codNode":"CUST-8888","idLevel":10,"dteStart":"2026-01-01T00:00:00"},{"idAction":9000,"codParticipant":"P-9000","flgInclusion":true,"codHier":"H-9000","codDiv":"DIV-9000","codNode":"CUST-9000","idLevel":10,"dteStart":"2026-01-01T00:00:00"},{"idAction":9999,"codParticipant":"P-9999","flgInclusion":true,"codHier":"H-9999","codDiv":"DIV-9999","codNode":"CUST-9999","idLevel":10,"dteStart":"2026-01-01T00:00:00"}]
2026-02-11 12:35:17.838 +05:00 [INF] HTTP GET /api/promotions/customer-relations responded 200 in 39.0589 ms | User: haris (23) | IP: ::1 | RequestBody:  | ResponseBody: [{"idAction":0,"codHier":"5555","codDiv":"div5555","codNode":"f5555","idLevel":1,"dteStart":"2026-01-15T00:00:00","codParentNode":"root","dteEnd":null},{"idAction":0,"codHier":"56","codDiv":"565","codNode":"56","idLevel":55,"dteStart":"2026-01-29T00:44:00","codParentNode":"haseeb","dteEnd":"2026-01-26T00:44:00"},{"idAction":0,"codHier":"H_1","codDiv":"D_1","codNode":"D_1","idLevel":1,"dteStart":"2026-01-30T00:00:00","codParentNode":"ROOT","dteEnd":null},{"idAction":0,"codHier":"H_1","codDiv":"D_1","codNode":"N_1","idLevel":1,"dteStart":"2026-01-30T09:35:43.289","codParentNode":"ROOT","dteEnd":null},{"idAction":0,"codHier":"H_10","codDiv":"DIV_10","codNode":"NODE_10","idLevel":10,"dteStart":"2026-01-01T14:45:00","codParentNode":"ROOT_10","dteEnd":"2026-01-31T14:44:00"},{"idAction":0,"codHier":"H_100","codDiv":"DIV_100","codNode":"NODE_100","idLevel":10,"dteStart":"2026-02-09T13:54:00","codParentNode":"ROOT_100","dteEnd":"2026-02-10T13:54:00"},{"idAction":0,"codHier":"H_1111","codDiv":"DIV_1111","codNode":"NODE_1111","idLevel":11,"dteStart":"2026-01-01T17:00:00","codParentNode":"ROOT_1111","dteEnd":"2026-01-30T17:01:00"},{"idAction":0,"codHier":"H_12","codDiv":"DIV_12","codNode":"NODE_12","idLevel":12,"dteStart":"2026-02-03T12:26:00","codParentNode":"ROOT_12","dteEnd":"2026-02-06T12:26:00"},{"idAction":0,"codHier":"H_17","codDiv":"DIV_17","codNode":"NODE_17","idLevel":17,"dteStart":"2026-02-07T15:44:00","codParentNode":"ROOT_17","dteEnd":"2026-02-24T15:44:00"},{"idAction":0,"codHier":"H_19","codDiv":"DIV_19","codNode":"NODE_19","idLevel":19,"dteStart":"2026-02-04T13:59:00","codParentNode":"ROOT_19","dteEnd":"2026-02-05T13:59:00"},{"idAction":0,"codHier":"H_200","codDiv":"DIV_200","codNode":"NODE_200","idLevel":20,"dteStart":"2026-02-10T14:14:00","codParentNode":"ROOT_200","dteEnd":"2026-02-24T14:14:00"},{"idAction":0,"codHier":"H_21","codDiv":"DIV_21","codNode":"NODE_21","idLevel":21,"dteStart":"2026-02-05T14:01:00","codParentNode":"ROOT_21","dteEnd":"2026-02-07T14:01:00"},{"idAction":0,"codHier":"H_222","codDiv":"DIV_222","codNode":"NODE_222","idLevel":222,"dteStart":"2026-02-04T12:53:00","codParentNode":"ROOT_222","dteEnd":"2026-02-06T12:53:00"},{"idAction":0,"codHier":"H_24","codDiv":"DIV_24","codNode":"NODE_24","idLevel":24,"dteStart":"2026-02-04T12:48:00","codParentNode":"ROOT_24","dteEnd":"2026-02-05T12:48:00"},{"idAction":0,"codHier":"H_25","codDiv":"DIV_25","codNode":"NODE_25","idLevel":25,"dteStart":"2026-02-10T14:04:00","codParentNode":"ROOT_25","dteEnd":"2026-02-11T14:04:00"},{"idAction":0,"codHier":"H_3","codDiv":"DIV_3","codNode":"NODE_3","idLevel":3,"dteStart":"2026-01-01T10:45:00","codParentNode":"ROOT_3","dteEnd":"2026-01-30T10:44:00"},{"idAction":0,"codHier":"H_300","codDiv":"DIV_300","codNode":"NODE_300","idLevel":30,"dteStart":"2026-02-10T12:31:00","codParentNode":"ROOT_300","dteEnd":"2026-02-28T12:31:00"},{"idAction":0,"codHier":"H_5","codDiv":"DIV_5","codNode":"NODE_5","idLevel":5,"dteStart":"2026-01-30T10:50:00","codParentNode":"ROOT_5","dteEnd":"2026-01-31T10:48:00"},{"idAction":0,"codHier":"H_6","codDiv":"DIV_6","codNode":"NODE_6","idLevel":6,"dteStart":"2026-01-30T15:01:00","codParentNode":"ROOT_6","dteEnd":"2026-01-31T15:01:00"},{"idAction":0,"codHier":"H_656565","codDiv":"DIV_656565","codNode":"C_656565","idLevel":9,"dteStart":"2026-01-20T00:00:00","codParentNode":"ROOT","dteEnd":null},{"idAction":0,"codHier":"H_676767","codDiv":"DIV_676767","codNode":"NODE_676767","idLevel":676767,"dteStart":"2026-01-31T00:00:00","codParentNode":"ROOT","dteEnd":null},{"idAction":0,"codHier":"H_7","codDiv":"DIV_7","codNode":"NODE_7","idLevel":7,"dteStart":"2026-02-02T12:04:00","codParentNode":"ROOT_7","dteEnd":"2026-02-04T12:04:00"},{"idAction":0,"codHier":"H_87","codDiv":"DIV_87","codNode":"NODE_87","idLevel":87,"dteStart":"2026-02-06T14:07:00","codParentNode":"ROOT_87","dteEnd":"2026-02-26T14:07:00"},{"idAction":0,"codHier":"H_98","codDiv":"DIV_98","codNode":"NODE_98","idLevel":98,"dteStart":"2026-01-30T18:25:00","codParentNode":"ROOT_98","dteEnd":"2026-01-31T18:25:00"},{"idAction":0,"codHier":"H_999","codDiv":"D_5878","codNode":"N_878","idLevel":8,"dteStart":"2026-01-14T00:00:00","codParentNode":"ROOT","dteEnd":null},{"idAction":0,"codHier":"H_A","codDiv":"DIV_A","codNode":"NODE_A","idLevel":1,"dteStart":"2026-02-01T18:26:00","codParentNode":"ROOT_A","dteEnd":"2026-02-14T18:26:00"},{"idAction":0,"codHier":"H-1010","codDiv":"D-1010","codNode":"C-1010","idLevel":1,"dteStart":"2026-01-01T11:54:00","codParentNode":"root","dteEnd":"2026-01-12T11:54:00"},{"idAction":0,"codHier":"H-11","codDiv":"DIV-11","codNode":"C-11","idLevel":11,"dteStart":"2026-01-01T15:05:00","codParentNode":"ROOT","dteEnd":"2026-01-31T15:05:00"},{"idAction":0,"codHier":"H-1111","codDiv":"DIV-1111","codNode":"CUST-1111","idLevel":10,"dteStart":"2026-01-01T00:00:00","codParentNode":"ROOT","dteEnd":null},{"idAction":0,"codHier":"H-1414","codDiv":"D-1414","codNode":"C-1414","idLevel":4,"dteStart":"2026-01-01T14:45:00","codParentNode":"ROOT","dteEnd":"2026-01-15T14:45:00"},{"idAction":0,"codHier":"H-2","codDiv":"DIV-2","codNode":"CUST-2","idLevel":2,"dteStart":"2026-01-01T12:40:00","codParentNode":"ROOT","dteEnd":"2026-01-16T12:37:00"},{"idAction":0,"codHier":"H-2","codDiv":"DIV-2","codNode":"CUST-2","idLevel":2,"dteStart":"2026-01-21T12:37:00","codParentNode":"ROOT","dteEnd":"2026-01-24T12:37:00"},{"idAction":0,"codHier":"H-2020","codDiv":"D-2020","codNode":"C-2020","idLevel":2,"dteStart":"2026-01-02T12:27:00","codParentNode":"root","dteEnd":"2026-01-30T12:27:00"},{"idAction":0,"codHier":"H-2255","codDiv":"DIV-2255","codNode":"CUST-2255","idLevel":10,"dteStart":"2026-01-01T00:00:00","codParentNode":"ROOT","dteEnd":null},{"idAction":0,"codHier":"H-2323","codDiv":"D-2323","codNode":"C-2323","idLevel":4,"dteStart":"2026-01-01T12:48:00","codParentNode":"ROOT","dteEnd":"2026-01-12T12:49:00"},{"idAction":0,"codHier":"H-3333","codDiv":"DIV-3333","codNode":"CUST-3333","idLevel":10,"dteStart":"2026-01-01T00:00:00","codParentNode":"ROOT","dteEnd":null},{"idAction":0,"codHier":"H-3344","codDiv":"DIV-3345","codNode":"CUST-3345","idLevel":10,"dteStart":"2026-01-01T00:00:00","codParentNode":"ROOT","dteEnd":null},{"idAction":0,"codHier":"H-3345","codDiv":"DIV-3345","codNode":"CUST-3345","idLevel":10,"dteStart":"2026-01-01T00:00:00","codParentNode":"ROOT","dteEnd":null},{"idAction":0,"codHier":"H-4","codDiv":"DIV-4","codNode":"CUST-4","idLevel":4,"dteStart":"2026-01-01T14:44:00","codParentNode":"ROOT","dteEnd":"2026-01-02T14:44:00"},{"idAction":0,"codHier":"H-5555","codDiv":"DIV-5555","codNode":"CUST-5555","idLevel":10,"dteStart":"2026-01-01T00:00:00","codParentNode":"ROOT","dteEnd":null},{"idAction":0,"codHier":"H-6000","codDiv":"DIV-6000","codNode":"CUST-6000","idLevel":10,"dteStart":"2026-01-01T00:00:00","codParentNode":"ROOT","dteEnd":"2026-12-31T00:00:00"},{"idAction":0,"codHier":"H-6666","codDiv":"DIV-6666","codNode":"CUST-6666","idLevel":10,"dteStart":"2026-01-17T01:30:00","codParentNode":"ROOT","dteEnd":"2026-01-18T01:30:00"},{"idAction":0,"codHier":"H-6767","codDiv":"DIV-6767","codNode":"CUST-6767","idLevel":5,"dteStart":"2026-01-01T12:15:00","codParentNode":"ROOT","dteEnd":"2026-01-08T12:15:00"},{"idAction":0,"codHier":"H-7000","codDiv":"DIV-7000","codNode":"CUST-7000","idLevel":10,"dteStart":"2026-01-01T00:00:00","codParentNode":"ROOT","dteEnd":null},{"idAction":0,"codHier":"H-7777","codDiv":"DIV-7777","codNode":"CUST-7777","idLevel":10,"dteStart":"2026-01-01T00:00:00","codParentNode":"ROOT","dteEnd":null},{"idAction":0,"codHier":"H-7878","codDiv":"DIV-7878","codNode":"CUST-7878","idLevel":3,"dteStart":"2026-01-18T11:43:00","codParentNode":"ROOT","dteEnd":"2026-01-19T11:43:00"},{"idAction":0,"codHier":"H-8000","codDiv":"DIV-8000","codNode":"CUST-8000","idLevel":10,"dteStart":"2026-01-01T00:00:00","codParentNode":"ROOT","dteEnd":null},{"idAction":0,"codHier":"H-8888","codDiv":"DIV-8888","codNode":"CUST-8888","idLevel":10,"dteStart":"2026-01-01T00:00:00","codParentNode":"ROOT","dteEnd":null},{"idAction":0,"codHier":"H-9000","codDiv":"DIV-9000","codNode":"CUST-9000","idLevel":10,"dteStart":"2026-01-01T00:00:00","codParentNode":"ROOT","dteEnd":null},{"idAction":0,"codHier":"H-9999","codDiv":"DIV-9999","codNode":"CUST-9999","idLevel":10,"dteStart":"2026-01-01T00:00:00","codParentNode":"ROOT","dteEnd":null},{"idAction":0,"codHier":"HIER_CORP","codDiv":"DIV01","codNode":"NODE_9111","idLevel":1,"dteStart":"2026-01-15T00:00:00","codParentNode":"ROOT_NODE","dteEnd":null}]
2026-02-11 12:35:17.872 +05:00 [INF] HTTP GET /api/participants/all responded 200 in 95.3920 ms
2026-02-11 12:35:17.837 +05:00 [INF] Downstream JWT validated for haris
2026-02-11 12:35:17.883 +05:00 [INF] HTTP GET /api/promotions/customer-relations responded 200 in 83.4887 ms
2026-02-11 12:35:17.836 +05:00 [INF] Downstream JWT validated for haris
2026-02-11 12:35:17.946 +05:00 [INF] HTTP GET /api/promotions/actions responded 200 in 109.6567 ms | User: haris (23) | IP: ::1 | RequestBody:  | ResponseBody: [{"idAction":3,"name":"PROMO_3","codDiv":"DIV_3","dteStartSellIn":"2026-02-01T00:00:00","dteEndSellIn":"2026-02-28T00:00:00","dteStartSellOut":"2026-01-25T00:00:00","dteEndSellOut":"2026-01-30T00:00:00","documentKey":"KEY_3","dteToShost":"2026-01-10T00:00:00","levParticipants":3},{"idAction":5,"name":"PROMO_5_5","codDiv":"DIV_5","dteStartSellIn":"2026-02-24T00:00:00","dteEndSellIn":"2026-02-21T00:00:00","dteStartSellOut":"2026-02-24T00:00:00","dteEndSellOut":"2026-02-27T00:00:00","documentKey":"DOC_KEY_is_5","dteToShost":"2026-01-18T00:00:00","levParticipants":55555555},{"idAction":6,"name":"PROMO_6","codDiv":"DIV_6","dteStartSellIn":"2026-02-01T00:00:00","dteEndSellIn":"2026-02-25T00:00:00","dteStartSellOut":"2026-01-15T00:00:00","dteEndSellOut":"2026-01-24T00:00:00","documentKey":"DOCC_6_KEY","dteToShost":"2026-01-15T00:00:00","levParticipants":6},{"idAction":7,"name":"PROMO_7","codDiv":"DIV_7","dteStartSellIn":"2026-02-06T12:05:00","dteEndSellIn":"2026-02-07T12:05:00","dteStartSellOut":"2026-02-08T12:05:00","dteEndSellOut":"2026-02-09T12:05:00","documentKey":"KEY_7","dteToShost":"2026-02-05T12:04:00","levParticipants":7},{"idAction":10,"name":"PROMO_10","codDiv":"DIV_10","dteStartSellIn":"2026-02-01T00:00:00","dteEndSellIn":"2026-02-26T00:00:00","dteStartSellOut":"2026-01-23T00:00:00","dteEndSellOut":"2026-01-24T00:00:00","documentKey":"DOCC_KEY_10","dteToShost":"2026-01-29T00:00:00","levParticipants":10},{"idAction":12,"name":"PROMO_12","codDiv":"DIV_12","dteStartSellIn":"2026-02-06T12:27:00","dteEndSellIn":"2026-02-07T12:27:00","dteStartSellOut":"2026-02-08T12:27:00","dteEndSellOut":"2026-02-09T12:27:00","documentKey":"KEY_12","dteToShost":"2026-02-03T12:26:00","levParticipants":12},{"idAction":24,"name":"PROMO_24","codDiv":"DIV_24","dteStartSellIn":"2026-02-05T12:48:00","dteEndSellIn":"2026-02-06T12:48:00","dteStartSellOut":"2026-02-07T12:48:00","dteEndSellOut":"2026-02-08T12:48:00","documentKey":"KEY_24","dteToShost":"2026-02-03T12:48:00","levParticipants":24},{"idAction":45,"name":"cccc","codDiv":"DIV01","dteStartSellIn":"2026-01-16T00:00:00","dteEndSellIn":"2026-01-17T00:00:00","dteStartSellOut":"2026-01-16T00:00:00","dteEndSellOut":"2026-01-17T00:00:00","documentKey":null,"dteToShost":null,"levParticipants":2},{"idAction":87,"name":"promo_87","codDiv":"DIV_87","dteStartSellIn":"2026-02-07T14:44:00","dteEndSellIn":"2026-02-10T14:44:00","dteStartSellOut":"2026-02-22T14:44:00","dteEndSellOut":"2026-02-26T14:44:00","documentKey":"KEY_87","dteToShost":"2026-02-03T14:44:00","levParticipants":87},{"idAction":98,"name":"PROMO_98","codDiv":"DIV_98","dteStartSellIn":"2026-01-08T18:25:00","dteEndSellIn":"2026-01-17T18:25:00","dteStartSellOut":"2026-01-28T18:25:00","dteEndSellOut":"2026-01-30T18:25:00","documentKey":"DOCC_98","dteToShost":"2026-01-31T18:25:00","levParticipants":98},{"idAction":100,"name":"PROMO_100","codDiv":"DIV_100","dteStartSellIn":"2026-02-11T14:08:00","dteEndSellIn":"2026-02-14T14:08:00","dteStartSellOut":"2026-02-22T14:08:00","dteEndSellOut":"2026-02-27T14:08:00","documentKey":"KEY_100","dteToShost":"2026-02-10T14:08:00","levParticipants":10},{"idAction":200,"name":"PROMO_200","codDiv":"DIV_200","dteStartSellIn":"2026-02-10T14:15:00","dteEndSellIn":"2026-02-28T14:15:00","dteStartSellOut":"2026-02-11T14:15:00","dteEndSellOut":"2026-02-23T14:15:00","documentKey":"KEY_200","dteToShost":"2026-02-14T14:14:00","levParticipants":20},{"idAction":300,"name":"PROMO_300","codDiv":"DIV_300","dteStartSellIn":"2026-02-10T12:32:00","dteEndSellIn":"2026-02-28T12:32:00","dteStartSellOut":"2026-02-16T12:32:00","dteEndSellOut":"2026-02-27T12:32:00","documentKey":"KEY_300","dteToShost":"2026-02-20T12:32:00","levParticipants":30},{"idAction":321,"name":"PROMO_321","codDiv":"DIV_A","dteStartSellIn":"2026-02-01T18:27:00","dteEndSellIn":"2026-02-28T18:27:00","dteStartSellOut":"2026-02-04T18:27:00","dteEndSellOut":"2026-02-23T18:27:00","documentKey":"KEY_A","dteToShost":"2026-02-03T18:27:00","levParticipants":1},{"idAction":1111,"name":"PROMO_1111","codDiv":"DIV_1111","dteStartSellIn":"2026-01-01T17:00:00","dteEndSellIn":"2026-01-30T17:02:00","dteStartSellOut":"2026-01-17T17:02:00","dteEndSellOut":"2026-01-28T17:02:00","documentKey":"1111_DOCC_KEY","dteToShost":"2026-01-13T17:02:00","levParticipants":11},{"idAction":2020,"name":"Spring Special 2020","codDiv":"D-2020","dteStartSellIn":"2026-01-03T12:28:00","dteEndSellIn":"2026-01-04T12:28:00","dteStartSellOut":"2026-01-05T12:28:00","dteEndSellOut":"2026-01-06T12:28:00","documentKey":"DOC-SPRING-2020","dteToShost":"2026-01-02T12:28:00","levParticipants":1},{"idAction":2222,"name":"haseeb","codDiv":"DIV02","dteStartSellIn":"2026-02-01T00:00:00","dteEndSellIn":"2026-01-11T00:00:00","dteStartSellOut":"2026-01-28T00:00:00","dteEndSellOut":"2026-01-30T00:00:00","documentKey":"","dteToShost":null,"levParticipants":2},{"idAction":2323,"name":"Winter Sale Campaign 2323","codDiv":"D-2323","dteStartSellIn":"2026-01-19T14:39:00","dteEndSellIn":"2026-01-20T14:40:00","dteStartSellOut":"2026-01-21T14:40:00","dteEndSellOut":"2026-01-22T14:40:00","documentKey":"DOC-WINTER-2323","dteToShost":"2026-01-30T14:39:00","levParticipants":1},{"idAction":5005,"name":"bbb","codDiv":"DIV5005","dteStartSellIn":"2026-01-23T00:00:00","dteEndSellIn":"2026-01-30T00:00:00","dteStartSellOut":"2026-01-26T00:00:00","dteEndSellOut":"2026-01-18T00:00:00","documentKey":"555553","dteToShost":"2026-01-19T00:00:00","levParticipants":14},{"idAction":6000,"name":"Zero Redundancy Campaign 6000","codDiv":"DIV-6000","dteStartSellIn":"2026-02-01T00:00:00","dteEndSellIn":"2026-02-24T00:00:00","dteStartSellOut":"2026-02-01T00:00:00","dteEndSellOut":"2026-02-28T00:00:00","documentKey":"DOC-6000","dteToShost":"2026-01-05T00:00:00","levParticipants":1},{"idAction":6767,"name":"XTEL Launch Promo 6767","codDiv":"DIV-6767","dteStartSellIn":"2026-02-01T00:00:00","dteEndSellIn":"2026-02-28T00:00:00","dteStartSellOut":"2026-01-22T00:00:00","dteEndSellOut":"2026-01-23T00:00:00","documentKey":"DOC-XTEL-6767","dteToShost":"2026-01-03T00:00:00","levParticipants":1},{"idAction":7000,"name":"Atomic Campaign 7000","codDiv":"DIV-7000","dteStartSellIn":"2026-01-01T00:00:00","dteEndSellIn":"2026-01-31T00:00:00","dteStartSellOut":"2026-02-01T00:00:00","dteEndSellOut":"2026-02-28T00:00:00","documentKey":"DOC-7000","dteToShost":null,"levParticipants":1},{"idAction":8888,"name":"Atomic Campaign 8888 Complete","codDiv":"DIV-8888","dteStartSellIn":"2026-01-01T00:00:00","dteEndSellIn":"2026-01-31T00:00:00","dteStartSellOut":"2026-02-01T00:00:00","dteEndSellOut":"2026-02-28T00:00:00","documentKey":"DOC-8888","dteToShost":null,"levParticipants":1},{"idAction":9000,"name":"Balanced Atomic Campaign 9000","codDiv":"DIV-9000","dteStartSellIn":"2026-01-01T00:00:00","dteEndSellIn":"2026-01-31T00:00:00","dteStartSellOut":"2026-02-01T00:00:00","dteEndSellOut":"2026-02-28T00:00:00","documentKey":"DOC-9000","dteToShost":null,"levParticipants":1},{"idAction":9999,"name":"I should not exist in DB","codDiv":"DIV-9999","dteStartSellIn":"2026-01-01T00:00:00","dteEndSellIn":"2026-01-31T00:00:00","dteStartSellOut":"2026-02-01T00:00:00","dteEndSellOut":"2026-02-28T00:00:00","documentKey":"DOC-9999","dteToShost":null,"levParticipants":1}]
2026-02-11 12:35:17.951 +05:00 [INF] HTTP GET /api/promotions/actions responded 200 in 115.2774 ms
2026-02-11 12:35:17.955 +05:00 [INF] HTTP GET /api/promotions/delivery-points responded 200 in 120.1681 ms | User: haris (23) | IP: ::1 | RequestBody:  | ResponseBody: [{"idAction":3,"codDeliveryPoint":"D_1","flgInclusion":true,"codHier":"H_1","codDiv":"D_1","codNode":"D_1","idLevel":1,"dteStart":"2026-01-30T00:00:00"},{"idAction":3,"codDeliveryPoint":"D_656565","flgInclusion":true,"codHier":"H_656565","codDiv":"DIV_656565","codNode":"C_656565","idLevel":9,"dteStart":"2026-01-20T00:00:00"},{"idAction":3,"codDeliveryPoint":"NODE_10","flgInclusion":true,"codHier":"H_10","codDiv":"DIV_10","codNode":"NODE_10","idLevel":10,"dteStart":"2026-01-01T14:45:00"},{"idAction":3,"codDeliveryPoint":"NODE_24","flgInclusion":true,"codHier":"H_24","codDiv":"DIV_24","codNode":"NODE_24","idLevel":24,"dteStart":"2026-02-04T12:48:00"},{"idAction":3,"codDeliveryPoint":"NODE_3","flgInclusion":false,"codHier":"H_3","codDiv":"DIV_3","codNode":"NODE_3","idLevel":3,"dteStart":"2026-01-01T10:45:00"},{"idAction":3,"codDeliveryPoint":"NODE_5","flgInclusion":false,"codHier":"H_5","codDiv":"DIV_5","codNode":"NODE_5","idLevel":5,"dteStart":"2026-01-30T10:50:00"},{"idAction":3,"codDeliveryPoint":"NODE_87","flgInclusion":true,"codHier":"H_87","codDiv":"DIV_87","codNode":"NODE_87","idLevel":87,"dteStart":"2026-02-06T14:07:00"},{"idAction":5,"codDeliveryPoint":"NODE_5","flgInclusion":false,"codHier":"H_5","codDiv":"DIV_5","codNode":"NODE_5","idLevel":5,"dteStart":"2026-01-30T10:50:00"},{"idAction":6,"codDeliveryPoint":"D_1","flgInclusion":true,"codHier":"H_1","codDiv":"D_1","codNode":"D_1","idLevel":1,"dteStart":"2026-01-30T00:00:00"},{"idAction":6,"codDeliveryPoint":"D_656565","flgInclusion":true,"codHier":"H_656565","codDiv":"DIV_656565","codNode":"C_656565","idLevel":9,"dteStart":"2026-01-20T00:00:00"},{"idAction":6,"codDeliveryPoint":"NODE_3","flgInclusion":false,"codHier":"H_3","codDiv":"DIV_3","codNode":"NODE_3","idLevel":3,"dteStart":"2026-01-01T10:45:00"},{"idAction":6,"codDeliveryPoint":"NODE_5","flgInclusion":false,"codHier":"H_5","codDiv":"DIV_5","codNode":"NODE_5","idLevel":5,"dteStart":"2026-01-30T10:50:00"},{"idAction":6,"codDeliveryPoint":"NODE_6","flgInclusion":true,"codHier":"H_6","codDiv":"DIV_6","codNode":"NODE_6","idLevel":6,"dteStart":"2026-01-30T15:01:00"},{"idAction":7,"codDeliveryPoint":"NODE_7","flgInclusion":true,"codHier":"H_7","codDiv":"DIV_7","codNode":"NODE_7","idLevel":7,"dteStart":"2026-02-02T12:04:00"},{"idAction":10,"codDeliveryPoint":"NODE_10","flgInclusion":true,"codHier":"H_10","codDiv":"DIV_10","codNode":"NODE_10","idLevel":10,"dteStart":"2026-01-01T14:45:00"},{"idAction":24,"codDeliveryPoint":"NODE_24","flgInclusion":true,"codHier":"H_24","codDiv":"DIV_24","codNode":"NODE_24","idLevel":24,"dteStart":"2026-02-04T12:48:00"},{"idAction":87,"codDeliveryPoint":"NODE_87","flgInclusion":true,"codHier":"H_87","codDiv":"DIV_87","codNode":"NODE_87","idLevel":87,"dteStart":"2026-02-06T14:07:00"},{"idAction":98,"codDeliveryPoint":"NODE_98","flgInclusion":true,"codHier":"H_98","codDiv":"DIV_98","codNode":"NODE_98","idLevel":98,"dteStart":"2026-01-30T18:25:00"},{"idAction":100,"codDeliveryPoint":"D_656565","flgInclusion":true,"codHier":"H_656565","codDiv":"DIV_656565","codNode":"C_656565","idLevel":9,"dteStart":"2026-01-20T00:00:00"},{"idAction":100,"codDeliveryPoint":"NODE_10","flgInclusion":true,"codHier":"H_10","codDiv":"DIV_10","codNode":"NODE_10","idLevel":10,"dteStart":"2026-01-01T14:45:00"},{"idAction":100,"codDeliveryPoint":"NODE_100","flgInclusion":true,"codHier":"H_100","codDiv":"DIV_100","codNode":"NODE_100","idLevel":10,"dteStart":"2026-02-09T13:54:00"},{"idAction":100,"codDeliveryPoint":"NODE_3","flgInclusion":false,"codHier":"H_3","codDiv":"DIV_3","codNode":"NODE_3","idLevel":3,"dteStart":"2026-01-01T10:45:00"},{"idAction":200,"codDeliveryPoint":"NODE_200","flgInclusion":true,"codHier":"H_200","codDiv":"DIV_200","codNode":"NODE_200","idLevel":20,"dteStart":"2026-02-10T14:14:00"},{"idAction":300,"codDeliveryPoint":"NODE_300","flgInclusion":true,"codHier":"H_300","codDiv":"DIV_300","codNode":"NODE_300","idLevel":30,"dteStart":"2026-02-10T12:31:00"},{"idAction":321,"codDeliveryPoint":"NODE_A","flgInclusion":true,"codHier":"H_A","codDiv":"DIV_A","codNode":"NODE_A","idLevel":1,"dteStart":"2026-02-01T18:26:00"},{"idAction":1111,"codDeliveryPoint":"NODE_1111","flgInclusion":true,"codHier":"H_1111","codDiv":"DIV_1111","codNode":"NODE_1111","idLevel":11,"dteStart":"2026-01-01T17:00:00"},{"idAction":5005,"codDeliveryPoint":"","flgInclusion":true,"codHier":"H-2255","codDiv":"DIV-2255","codNode":"CUST-2255","idLevel":10,"dteStart":"2026-01-01T00:00:00"},{"idAction":6767,"codDeliveryPoint":"DP-6767","flgInclusion":true,"codHier":"H-6767","codDiv":"DIV-6767","codNode":"CUST-6767","idLevel":5,"dteStart":"2026-01-01T12:15:00"},{"idAction":7000,"codDeliveryPoint":"DP-7000","flgInclusion":true,"codHier":"H-7000","codDiv":"DIV-7000","codNode":"CUST-7000","idLevel":10,"dteStart":"2026-01-01T00:00:00"}]
2026-02-11 12:35:17.967 +05:00 [INF] HTTP GET /api/promotions/delivery-points responded 200 in 132.6193 ms
2026-02-11 12:35:18.009 +05:00 [INF] Downstream JWT validated for haris
2026-02-11 12:35:18.017 +05:00 [INF] HTTP GET /api/promotions/dashboard/metrics responded 200 in 181.9558 ms | User: haris (23) | IP: ::1 | RequestBody:  | ResponseBody: {"totalPromotions":25,"totalProducts":81,"totalParticipants":32,"activeActions":8,"pendingActions":2,"expiredActions":15,"estimatedRevenue":0,"activityTrend":[{"dateLabel":"15","active":6,"pending":18,"failed":2},{"dateLabel":"18","active":5,"pending":17,"failed":4},{"dateLabel":"21","active":5,"pending":16,"failed":5},{"dateLabel":"24","active":6,"pending":15,"failed":5},{"dateLabel":"27","active":6,"pending":15,"failed":5},{"dateLabel":"30","active":5,"pending":15,"failed":6},{"dateLabel":"02","active":6,"pending":8,"failed":11},{"dateLabel":"05","active":6,"pending":8,"failed":11},{"dateLabel":"08","active":7,"pending":4,"failed":14},{"dateLabel":"11","active":8,"pending":2,"failed":15}]}
2026-02-11 12:35:18.024 +05:00 [INF] HTTP GET /api/participants/all responded 200 in 15.2589 ms | User: haris (23) | IP: ::1 | RequestBody:  | ResponseBody: [{"idAction":3,"codParticipant":"N_1","flgInclusion":true,"codHier":"H_1","codDiv":"D_1","codNode":"N_1","idLevel":1,"dteStart":"2026-01-30T09:35:43.289"},{"idAction":3,"codParticipant":"NODE_3","flgInclusion":true,"codHier":"H_3","codDiv":"DIV_3","codNode":"NODE_3","idLevel":3,"dteStart":"2026-01-01T10:45:00"},{"idAction":3,"codParticipant":"NODE_5","flgInclusion":true,"codHier":"H_5","codDiv":"DIV_5","codNode":"NODE_5","idLevel":5,"dteStart":"2026-01-30T10:50:00"},{"idAction":5,"codParticipant":"NODE_5","flgInclusion":true,"codHier":"H_5","codDiv":"DIV_5","codNode":"NODE_5","idLevel":5,"dteStart":"2026-01-30T10:50:00"},{"idAction":6,"codParticipant":"N_9898","flgInclusion":true,"codHier":"H_999","codDiv":"D_5878","codNode":"N_878","idLevel":8,"dteStart":"2026-01-14T00:00:00"},{"idAction":6,"codParticipant":"NODE_3","flgInclusion":true,"codHier":"H_3","codDiv":"DIV_3","codNode":"NODE_3","idLevel":3,"dteStart":"2026-01-01T10:45:00"},{"idAction":6,"codParticipant":"NODE_5","flgInclusion":true,"codHier":"H_5","codDiv":"DIV_5","codNode":"NODE_5","idLevel":5,"dteStart":"2026-01-30T10:50:00"},{"idAction":6,"codParticipant":"NODE_6","flgInclusion":true,"codHier":"H_6","codDiv":"DIV_6","codNode":"NODE_6","idLevel":6,"dteStart":"2026-01-30T15:01:00"},{"idAction":6,"codParticipant":"NODE_676767","flgInclusion":true,"codHier":"H_676767","codDiv":"DIV_676767","codNode":"NODE_676767","idLevel":676767,"dteStart":"2026-01-31T00:00:00"},{"idAction":6,"codParticipant":"P-9000","flgInclusion":true,"codHier":"H-9000","codDiv":"DIV-9000","codNode":"CUST-9000","idLevel":10,"dteStart":"2026-01-01T00:00:00"},{"idAction":7,"codParticipant":"NODE_7","flgInclusion":true,"codHier":"H_7","codDiv":"DIV_7","codNode":"NODE_7","idLevel":7,"dteStart":"2026-02-02T12:04:00"},{"idAction":10,"codParticipant":"NODE_10","flgInclusion":true,"codHier":"H_10","codDiv":"DIV_10","codNode":"NODE_10","idLevel":10,"dteStart":"2026-01-01T14:45:00"},{"idAction":24,"codParticipant":"NODE_24","flgInclusion":true,"codHier":"H_24","codDiv":"DIV_24","codNode":"NODE_24","idLevel":24,"dteStart":"2026-02-04T12:48:00"},{"idAction":87,"codParticipant":"NODE_87","flgInclusion":true,"codHier":"H_87","codDiv":"DIV_87","codNode":"NODE_87","idLevel":87,"dteStart":"2026-02-06T14:07:00"},{"idAction":98,"codParticipant":"NODE_98","flgInclusion":true,"codHier":"H_98","codDiv":"DIV_98","codNode":"NODE_98","idLevel":98,"dteStart":"2026-01-30T18:25:00"},{"idAction":100,"codParticipant":"NODE_100","flgInclusion":true,"codHier":"H_100","codDiv":"DIV_100","codNode":"NODE_100","idLevel":10,"dteStart":"2026-02-09T13:54:00"},{"idAction":200,"codParticipant":"NODE_200","flgInclusion":true,"codHier":"H_200","codDiv":"DIV_200","codNode":"NODE_200","idLevel":20,"dteStart":"2026-02-10T14:14:00"},{"idAction":300,"codParticipant":"NODE_3","flgInclusion":true,"codHier":"H_3","codDiv":"DIV_3","codNode":"NODE_3","idLevel":3,"dteStart":"2026-01-01T10:45:00"},{"idAction":300,"codParticipant":"NODE_300","flgInclusion":true,"codHier":"H_300","codDiv":"DIV_300","codNode":"NODE_300","idLevel":30,"dteStart":"2026-02-10T12:31:00"},{"idAction":300,"codParticipant":"NODE_5","flgInclusion":true,"codHier":"H_5","codDiv":"DIV_5","codNode":"NODE_5","idLevel":5,"dteStart":"2026-01-30T10:50:00"},{"idAction":300,"codParticipant":"NODE_6","flgInclusion":true,"codHier":"H_6","codDiv":"DIV_6","codNode":"NODE_6","idLevel":6,"dteStart":"2026-01-30T15:01:00"},{"idAction":300,"codParticipant":"NODE_676767","flgInclusion":true,"codHier":"H_676767","codDiv":"DIV_676767","codNode":"NODE_676767","idLevel":676767,"dteStart":"2026-01-31T00:00:00"},{"idAction":321,"codParticipant":"NODE_A","flgInclusion":true,"codHier":"H_A","codDiv":"DIV_A","codNode":"NODE_A","idLevel":1,"dteStart":"2026-02-01T18:26:00"},{"idAction":1111,"codParticipant":"NODE_1111","flgInclusion":true,"codHier":"H_1111","codDiv":"DIV_1111","codNode":"NODE_1111","idLevel":11,"dteStart":"2026-01-01T17:00:00"},{"idAction":2323,"codParticipant":"P-2323","flgInclusion":true,"codHier":"H-2323","codDiv":"D-2323","codNode":"C-2323","idLevel":4,"dteStart":"2026-01-01T12:48:00"},{"idAction":5005,"codParticipant":"","flgInclusion":true,"codHier":"H-9999","codDiv":"DIV-9999","codNode":"CUST-9999","idLevel":10,"dteStart":"2026-01-01T00:00:00"},{"idAction":6000,"codParticipant":"P-6000","flgInclusion":true,"codHier":"H-6000","codDiv":"DIV-6000","codNode":"CUST-6000","idLevel":10,"dteStart":"2026-01-01T00:00:00"},{"idAction":6767,"codParticipant":"P-6767","flgInclusion":false,"codHier":"H-6767","codDiv":"DIV-6767","codNode":"CUST-6767","idLevel":5,"dteStart":"2026-01-01T12:15:00"},{"idAction":7000,"codParticipant":"P-7000","flgInclusion":true,"codHier":"H-7000","codDiv":"DIV-7000","codNode":"CUST-7000","idLevel":10,"dteStart":"2026-01-01T00:00:00"},{"idAction":8888,"codParticipant":"P-8888","flgInclusion":true,"codHier":"H-8888","codDiv":"DIV-8888","codNode":"CUST-8888","idLevel":10,"dteStart":"2026-01-01T00:00:00"},{"idAction":9000,"codParticipant":"P-9000","flgInclusion":true,"codHier":"H-9000","codDiv":"DIV-9000","codNode":"CUST-9000","idLevel":10,"dteStart":"2026-01-01T00:00:00"},{"idAction":9999,"codParticipant":"P-9999","flgInclusion":true,"codHier":"H-9999","codDiv":"DIV-9999","codNode":"CUST-9999","idLevel":10,"dteStart":"2026-01-01T00:00:00"}]
2026-02-11 12:35:18.025 +05:00 [INF] HTTP GET /api/promotions/dashboard/metrics responded 200 in 190.1071 ms
2026-02-11 12:35:18.032 +05:00 [INF] HTTP GET /api/participants/all responded 200 in 22.4213 ms
2026-02-11 12:35:18.054 +05:00 [INF] Downstream JWT validated for haris
2026-02-11 12:35:18.070 +05:00 [INF] HTTP GET /api/promotions/customer-relations responded 200 in 16.7996 ms | User: haris (23) | IP: ::1 | RequestBody:  | ResponseBody: [{"idAction":0,"codHier":"5555","codDiv":"div5555","codNode":"f5555","idLevel":1,"dteStart":"2026-01-15T00:00:00","codParentNode":"root","dteEnd":null},{"idAction":0,"codHier":"56","codDiv":"565","codNode":"56","idLevel":55,"dteStart":"2026-01-29T00:44:00","codParentNode":"haseeb","dteEnd":"2026-01-26T00:44:00"},{"idAction":0,"codHier":"H_1","codDiv":"D_1","codNode":"D_1","idLevel":1,"dteStart":"2026-01-30T00:00:00","codParentNode":"ROOT","dteEnd":null},{"idAction":0,"codHier":"H_1","codDiv":"D_1","codNode":"N_1","idLevel":1,"dteStart":"2026-01-30T09:35:43.289","codParentNode":"ROOT","dteEnd":null},{"idAction":0,"codHier":"H_10","codDiv":"DIV_10","codNode":"NODE_10","idLevel":10,"dteStart":"2026-01-01T14:45:00","codParentNode":"ROOT_10","dteEnd":"2026-01-31T14:44:00"},{"idAction":0,"codHier":"H_100","codDiv":"DIV_100","codNode":"NODE_100","idLevel":10,"dteStart":"2026-02-09T13:54:00","codParentNode":"ROOT_100","dteEnd":"2026-02-10T13:54:00"},{"idAction":0,"codHier":"H_1111","codDiv":"DIV_1111","codNode":"NODE_1111","idLevel":11,"dteStart":"2026-01-01T17:00:00","codParentNode":"ROOT_1111","dteEnd":"2026-01-30T17:01:00"},{"idAction":0,"codHier":"H_12","codDiv":"DIV_12","codNode":"NODE_12","idLevel":12,"dteStart":"2026-02-03T12:26:00","codParentNode":"ROOT_12","dteEnd":"2026-02-06T12:26:00"},{"idAction":0,"codHier":"H_17","codDiv":"DIV_17","codNode":"NODE_17","idLevel":17,"dteStart":"2026-02-07T15:44:00","codParentNode":"ROOT_17","dteEnd":"2026-02-24T15:44:00"},{"idAction":0,"codHier":"H_19","codDiv":"DIV_19","codNode":"NODE_19","idLevel":19,"dteStart":"2026-02-04T13:59:00","codParentNode":"ROOT_19","dteEnd":"2026-02-05T13:59:00"},{"idAction":0,"codHier":"H_200","codDiv":"DIV_200","codNode":"NODE_200","idLevel":20,"dteStart":"2026-02-10T14:14:00","codParentNode":"ROOT_200","dteEnd":"2026-02-24T14:14:00"},{"idAction":0,"codHier":"H_21","codDiv":"DIV_21","codNode":"NODE_21","idLevel":21,"dteStart":"2026-02-05T14:01:00","codParentNode":"ROOT_21","dteEnd":"2026-02-07T14:01:00"},{"idAction":0,"codHier":"H_222","codDiv":"DIV_222","codNode":"NODE_222","idLevel":222,"dteStart":"2026-02-04T12:53:00","codParentNode":"ROOT_222","dteEnd":"2026-02-06T12:53:00"},{"idAction":0,"codHier":"H_24","codDiv":"DIV_24","codNode":"NODE_24","idLevel":24,"dteStart":"2026-02-04T12:48:00","codParentNode":"ROOT_24","dteEnd":"2026-02-05T12:48:00"},{"idAction":0,"codHier":"H_25","codDiv":"DIV_25","codNode":"NODE_25","idLevel":25,"dteStart":"2026-02-10T14:04:00","codParentNode":"ROOT_25","dteEnd":"2026-02-11T14:04:00"},{"idAction":0,"codHier":"H_3","codDiv":"DIV_3","codNode":"NODE_3","idLevel":3,"dteStart":"2026-01-01T10:45:00","codParentNode":"ROOT_3","dteEnd":"2026-01-30T10:44:00"},{"idAction":0,"codHier":"H_300","codDiv":"DIV_300","codNode":"NODE_300","idLevel":30,"dteStart":"2026-02-10T12:31:00","codParentNode":"ROOT_300","dteEnd":"2026-02-28T12:31:00"},{"idAction":0,"codHier":"H_5","codDiv":"DIV_5","codNode":"NODE_5","idLevel":5,"dteStart":"2026-01-30T10:50:00","codParentNode":"ROOT_5","dteEnd":"2026-01-31T10:48:00"},{"idAction":0,"codHier":"H_6","codDiv":"DIV_6","codNode":"NODE_6","idLevel":6,"dteStart":"2026-01-30T15:01:00","codParentNode":"ROOT_6","dteEnd":"2026-01-31T15:01:00"},{"idAction":0,"codHier":"H_656565","codDiv":"DIV_656565","codNode":"C_656565","idLevel":9,"dteStart":"2026-01-20T00:00:00","codParentNode":"ROOT","dteEnd":null},{"idAction":0,"codHier":"H_676767","codDiv":"DIV_676767","codNode":"NODE_676767","idLevel":676767,"dteStart":"2026-01-31T00:00:00","codParentNode":"ROOT","dteEnd":null},{"idAction":0,"codHier":"H_7","codDiv":"DIV_7","codNode":"NODE_7","idLevel":7,"dteStart":"2026-02-02T12:04:00","codParentNode":"ROOT_7","dteEnd":"2026-02-04T12:04:00"},{"idAction":0,"codHier":"H_87","codDiv":"DIV_87","codNode":"NODE_87","idLevel":87,"dteStart":"2026-02-06T14:07:00","codParentNode":"ROOT_87","dteEnd":"2026-02-26T14:07:00"},{"idAction":0,"codHier":"H_98","codDiv":"DIV_98","codNode":"NODE_98","idLevel":98,"dteStart":"2026-01-30T18:25:00","codParentNode":"ROOT_98","dteEnd":"2026-01-31T18:25:00"},{"idAction":0,"codHier":"H_999","codDiv":"D_5878","codNode":"N_878","idLevel":8,"dteStart":"2026-01-14T00:00:00","codParentNode":"ROOT","dteEnd":null},{"idAction":0,"codHier":"H_A","codDiv":"DIV_A","codNode":"NODE_A","idLevel":1,"dteStart":"2026-02-01T18:26:00","codParentNode":"ROOT_A","dteEnd":"2026-02-14T18:26:00"},{"idAction":0,"codHier":"H-1010","codDiv":"D-1010","codNode":"C-1010","idLevel":1,"dteStart":"2026-01-01T11:54:00","codParentNode":"root","dteEnd":"2026-01-12T11:54:00"},{"idAction":0,"codHier":"H-11","codDiv":"DIV-11","codNode":"C-11","idLevel":11,"dteStart":"2026-01-01T15:05:00","codParentNode":"ROOT","dteEnd":"2026-01-31T15:05:00"},{"idAction":0,"codHier":"H-1111","codDiv":"DIV-1111","codNode":"CUST-1111","idLevel":10,"dteStart":"2026-01-01T00:00:00","codParentNode":"ROOT","dteEnd":null},{"idAction":0,"codHier":"H-1414","codDiv":"D-1414","codNode":"C-1414","idLevel":4,"dteStart":"2026-01-01T14:45:00","codParentNode":"ROOT","dteEnd":"2026-01-15T14:45:00"},{"idAction":0,"codHier":"H-2","codDiv":"DIV-2","codNode":"CUST-2","idLevel":2,"dteStart":"2026-01-01T12:40:00","codParentNode":"ROOT","dteEnd":"2026-01-16T12:37:00"},{"idAction":0,"codHier":"H-2","codDiv":"DIV-2","codNode":"CUST-2","idLevel":2,"dteStart":"2026-01-21T12:37:00","codParentNode":"ROOT","dteEnd":"2026-01-24T12:37:00"},{"idAction":0,"codHier":"H-2020","codDiv":"D-2020","codNode":"C-2020","idLevel":2,"dteStart":"2026-01-02T12:27:00","codParentNode":"root","dteEnd":"2026-01-30T12:27:00"},{"idAction":0,"codHier":"H-2255","codDiv":"DIV-2255","codNode":"CUST-2255","idLevel":10,"dteStart":"2026-01-01T00:00:00","codParentNode":"ROOT","dteEnd":null},{"idAction":0,"codHier":"H-2323","codDiv":"D-2323","codNode":"C-2323","idLevel":4,"dteStart":"2026-01-01T12:48:00","codParentNode":"ROOT","dteEnd":"2026-01-12T12:49:00"},{"idAction":0,"codHier":"H-3333","codDiv":"DIV-3333","codNode":"CUST-3333","idLevel":10,"dteStart":"2026-01-01T00:00:00","codParentNode":"ROOT","dteEnd":null},{"idAction":0,"codHier":"H-3344","codDiv":"DIV-3345","codNode":"CUST-3345","idLevel":10,"dteStart":"2026-01-01T00:00:00","codParentNode":"ROOT","dteEnd":null},{"idAction":0,"codHier":"H-3345","codDiv":"DIV-3345","codNode":"CUST-3345","idLevel":10,"dteStart":"2026-01-01T00:00:00","codParentNode":"ROOT","dteEnd":null},{"idAction":0,"codHier":"H-4","codDiv":"DIV-4","codNode":"CUST-4","idLevel":4,"dteStart":"2026-01-01T14:44:00","codParentNode":"ROOT","dteEnd":"2026-01-02T14:44:00"},{"idAction":0,"codHier":"H-5555","codDiv":"DIV-5555","codNode":"CUST-5555","idLevel":10,"dteStart":"2026-01-01T00:00:00","codParentNode":"ROOT","dteEnd":null},{"idAction":0,"codHier":"H-6000","codDiv":"DIV-6000","codNode":"CUST-6000","idLevel":10,"dteStart":"2026-01-01T00:00:00","codParentNode":"ROOT","dteEnd":"2026-12-31T00:00:00"},{"idAction":0,"codHier":"H-6666","codDiv":"DIV-6666","codNode":"CUST-6666","idLevel":10,"dteStart":"2026-01-17T01:30:00","codParentNode":"ROOT","dteEnd":"2026-01-18T01:30:00"},{"idAction":0,"codHier":"H-6767","codDiv":"DIV-6767","codNode":"CUST-6767","idLevel":5,"dteStart":"2026-01-01T12:15:00","codParentNode":"ROOT","dteEnd":"2026-01-08T12:15:00"},{"idAction":0,"codHier":"H-7000","codDiv":"DIV-7000","codNode":"CUST-7000","idLevel":10,"dteStart":"2026-01-01T00:00:00","codParentNode":"ROOT","dteEnd":null},{"idAction":0,"codHier":"H-7777","codDiv":"DIV-7777","codNode":"CUST-7777","idLevel":10,"dteStart":"2026-01-01T00:00:00","codParentNode":"ROOT","dteEnd":null},{"idAction":0,"codHier":"H-7878","codDiv":"DIV-7878","codNode":"CUST-7878","idLevel":3,"dteStart":"2026-01-18T11:43:00","codParentNode":"ROOT","dteEnd":"2026-01-19T11:43:00"},{"idAction":0,"codHier":"H-8000","codDiv":"DIV-8000","codNode":"CUST-8000","idLevel":10,"dteStart":"2026-01-01T00:00:00","codParentNode":"ROOT","dteEnd":null},{"idAction":0,"codHier":"H-8888","codDiv":"DIV-8888","codNode":"CUST-8888","idLevel":10,"dteStart":"2026-01-01T00:00:00","codParentNode":"ROOT","dteEnd":null},{"idAction":0,"codHier":"H-9000","codDiv":"DIV-9000","codNode":"CUST-9000","idLevel":10,"dteStart":"2026-01-01T00:00:00","codParentNode":"ROOT","dteEnd":null},{"idAction":0,"codHier":"H-9999","codDiv":"DIV-9999","codNode":"CUST-9999","idLevel":10,"dteStart":"2026-01-01T00:00:00","codParentNode":"ROOT","dteEnd":null},{"idAction":0,"codHier":"HIER_CORP","codDiv":"DIV01","codNode":"NODE_9111","idLevel":1,"dteStart":"2026-01-15T00:00:00","codParentNode":"ROOT_NODE","dteEnd":null}]
2026-02-11 12:35:18.079 +05:00 [INF] HTTP GET /api/promotions/customer-relations responded 200 in 25.9227 ms
2026-02-11 12:35:18.086 +05:00 [INF] Downstream JWT validated for haris
2026-02-11 12:35:18.116 +05:00 [INF] HTTP GET /api/promotions/actions responded 200 in 30.8469 ms | User: haris (23) | IP: ::1 | RequestBody:  | ResponseBody: [{"idAction":3,"name":"PROMO_3","codDiv":"DIV_3","dteStartSellIn":"2026-02-01T00:00:00","dteEndSellIn":"2026-02-28T00:00:00","dteStartSellOut":"2026-01-25T00:00:00","dteEndSellOut":"2026-01-30T00:00:00","documentKey":"KEY_3","dteToShost":"2026-01-10T00:00:00","levParticipants":3},{"idAction":5,"name":"PROMO_5_5","codDiv":"DIV_5","dteStartSellIn":"2026-02-24T00:00:00","dteEndSellIn":"2026-02-21T00:00:00","dteStartSellOut":"2026-02-24T00:00:00","dteEndSellOut":"2026-02-27T00:00:00","documentKey":"DOC_KEY_is_5","dteToShost":"2026-01-18T00:00:00","levParticipants":55555555},{"idAction":6,"name":"PROMO_6","codDiv":"DIV_6","dteStartSellIn":"2026-02-01T00:00:00","dteEndSellIn":"2026-02-25T00:00:00","dteStartSellOut":"2026-01-15T00:00:00","dteEndSellOut":"2026-01-24T00:00:00","documentKey":"DOCC_6_KEY","dteToShost":"2026-01-15T00:00:00","levParticipants":6},{"idAction":7,"name":"PROMO_7","codDiv":"DIV_7","dteStartSellIn":"2026-02-06T12:05:00","dteEndSellIn":"2026-02-07T12:05:00","dteStartSellOut":"2026-02-08T12:05:00","dteEndSellOut":"2026-02-09T12:05:00","documentKey":"KEY_7","dteToShost":"2026-02-05T12:04:00","levParticipants":7},{"idAction":10,"name":"PROMO_10","codDiv":"DIV_10","dteStartSellIn":"2026-02-01T00:00:00","dteEndSellIn":"2026-02-26T00:00:00","dteStartSellOut":"2026-01-23T00:00:00","dteEndSellOut":"2026-01-24T00:00:00","documentKey":"DOCC_KEY_10","dteToShost":"2026-01-29T00:00:00","levParticipants":10},{"idAction":12,"name":"PROMO_12","codDiv":"DIV_12","dteStartSellIn":"2026-02-06T12:27:00","dteEndSellIn":"2026-02-07T12:27:00","dteStartSellOut":"2026-02-08T12:27:00","dteEndSellOut":"2026-02-09T12:27:00","documentKey":"KEY_12","dteToShost":"2026-02-03T12:26:00","levParticipants":12},{"idAction":24,"name":"PROMO_24","codDiv":"DIV_24","dteStartSellIn":"2026-02-05T12:48:00","dteEndSellIn":"2026-02-06T12:48:00","dteStartSellOut":"2026-02-07T12:48:00","dteEndSellOut":"2026-02-08T12:48:00","documentKey":"KEY_24","dteToShost":"2026-02-03T12:48:00","levParticipants":24},{"idAction":45,"name":"cccc","codDiv":"DIV01","dteStartSellIn":"2026-01-16T00:00:00","dteEndSellIn":"2026-01-17T00:00:00","dteStartSellOut":"2026-01-16T00:00:00","dteEndSellOut":"2026-01-17T00:00:00","documentKey":null,"dteToShost":null,"levParticipants":2},{"idAction":87,"name":"promo_87","codDiv":"DIV_87","dteStartSellIn":"2026-02-07T14:44:00","dteEndSellIn":"2026-02-10T14:44:00","dteStartSellOut":"2026-02-22T14:44:00","dteEndSellOut":"2026-02-26T14:44:00","documentKey":"KEY_87","dteToShost":"2026-02-03T14:44:00","levParticipants":87},{"idAction":98,"name":"PROMO_98","codDiv":"DIV_98","dteStartSellIn":"2026-01-08T18:25:00","dteEndSellIn":"2026-01-17T18:25:00","dteStartSellOut":"2026-01-28T18:25:00","dteEndSellOut":"2026-01-30T18:25:00","documentKey":"DOCC_98","dteToShost":"2026-01-31T18:25:00","levParticipants":98},{"idAction":100,"name":"PROMO_100","codDiv":"DIV_100","dteStartSellIn":"2026-02-11T14:08:00","dteEndSellIn":"2026-02-14T14:08:00","dteStartSellOut":"2026-02-22T14:08:00","dteEndSellOut":"2026-02-27T14:08:00","documentKey":"KEY_100","dteToShost":"2026-02-10T14:08:00","levParticipants":10},{"idAction":200,"name":"PROMO_200","codDiv":"DIV_200","dteStartSellIn":"2026-02-10T14:15:00","dteEndSellIn":"2026-02-28T14:15:00","dteStartSellOut":"2026-02-11T14:15:00","dteEndSellOut":"2026-02-23T14:15:00","documentKey":"KEY_200","dteToShost":"2026-02-14T14:14:00","levParticipants":20},{"idAction":300,"name":"PROMO_300","codDiv":"DIV_300","dteStartSellIn":"2026-02-10T12:32:00","dteEndSellIn":"2026-02-28T12:32:00","dteStartSellOut":"2026-02-16T12:32:00","dteEndSellOut":"2026-02-27T12:32:00","documentKey":"KEY_300","dteToShost":"2026-02-20T12:32:00","levParticipants":30},{"idAction":321,"name":"PROMO_321","codDiv":"DIV_A","dteStartSellIn":"2026-02-01T18:27:00","dteEndSellIn":"2026-02-28T18:27:00","dteStartSellOut":"2026-02-04T18:27:00","dteEndSellOut":"2026-02-23T18:27:00","documentKey":"KEY_A","dteToShost":"2026-02-03T18:27:00","levParticipants":1},{"idAction":1111,"name":"PROMO_1111","codDiv":"DIV_1111","dteStartSellIn":"2026-01-01T17:00:00","dteEndSellIn":"2026-01-30T17:02:00","dteStartSellOut":"2026-01-17T17:02:00","dteEndSellOut":"2026-01-28T17:02:00","documentKey":"1111_DOCC_KEY","dteToShost":"2026-01-13T17:02:00","levParticipants":11},{"idAction":2020,"name":"Spring Special 2020","codDiv":"D-2020","dteStartSellIn":"2026-01-03T12:28:00","dteEndSellIn":"2026-01-04T12:28:00","dteStartSellOut":"2026-01-05T12:28:00","dteEndSellOut":"2026-01-06T12:28:00","documentKey":"DOC-SPRING-2020","dteToShost":"2026-01-02T12:28:00","levParticipants":1},{"idAction":2222,"name":"haseeb","codDiv":"DIV02","dteStartSellIn":"2026-02-01T00:00:00","dteEndSellIn":"2026-01-11T00:00:00","dteStartSellOut":"2026-01-28T00:00:00","dteEndSellOut":"2026-01-30T00:00:00","documentKey":"","dteToShost":null,"levParticipants":2},{"idAction":2323,"name":"Winter Sale Campaign 2323","codDiv":"D-2323","dteStartSellIn":"2026-01-19T14:39:00","dteEndSellIn":"2026-01-20T14:40:00","dteStartSellOut":"2026-01-21T14:40:00","dteEndSellOut":"2026-01-22T14:40:00","documentKey":"DOC-WINTER-2323","dteToShost":"2026-01-30T14:39:00","levParticipants":1},{"idAction":5005,"name":"bbb","codDiv":"DIV5005","dteStartSellIn":"2026-01-23T00:00:00","dteEndSellIn":"2026-01-30T00:00:00","dteStartSellOut":"2026-01-26T00:00:00","dteEndSellOut":"2026-01-18T00:00:00","documentKey":"555553","dteToShost":"2026-01-19T00:00:00","levParticipants":14},{"idAction":6000,"name":"Zero Redundancy Campaign 6000","codDiv":"DIV-6000","dteStartSellIn":"2026-02-01T00:00:00","dteEndSellIn":"2026-02-24T00:00:00","dteStartSellOut":"2026-02-01T00:00:00","dteEndSellOut":"2026-02-28T00:00:00","documentKey":"DOC-6000","dteToShost":"2026-01-05T00:00:00","levParticipants":1},{"idAction":6767,"name":"XTEL Launch Promo 6767","codDiv":"DIV-6767","dteStartSellIn":"2026-02-01T00:00:00","dteEndSellIn":"2026-02-28T00:00:00","dteStartSellOut":"2026-01-22T00:00:00","dteEndSellOut":"2026-01-23T00:00:00","documentKey":"DOC-XTEL-6767","dteToShost":"2026-01-03T00:00:00","levParticipants":1},{"idAction":7000,"name":"Atomic Campaign 7000","codDiv":"DIV-7000","dteStartSellIn":"2026-01-01T00:00:00","dteEndSellIn":"2026-01-31T00:00:00","dteStartSellOut":"2026-02-01T00:00:00","dteEndSellOut":"2026-02-28T00:00:00","documentKey":"DOC-7000","dteToShost":null,"levParticipants":1},{"idAction":8888,"name":"Atomic Campaign 8888 Complete","codDiv":"DIV-8888","dteStartSellIn":"2026-01-01T00:00:00","dteEndSellIn":"2026-01-31T00:00:00","dteStartSellOut":"2026-02-01T00:00:00","dteEndSellOut":"2026-02-28T00:00:00","documentKey":"DOC-8888","dteToShost":null,"levParticipants":1},{"idAction":9000,"name":"Balanced Atomic Campaign 9000","codDiv":"DIV-9000","dteStartSellIn":"2026-01-01T00:00:00","dteEndSellIn":"2026-01-31T00:00:00","dteStartSellOut":"2026-02-01T00:00:00","dteEndSellOut":"2026-02-28T00:00:00","documentKey":"DOC-9000","dteToShost":null,"levParticipants":1},{"idAction":9999,"name":"I should not exist in DB","codDiv":"DIV-9999","dteStartSellIn":"2026-01-01T00:00:00","dteEndSellIn":"2026-01-31T00:00:00","dteStartSellOut":"2026-02-01T00:00:00","dteEndSellOut":"2026-02-28T00:00:00","documentKey":"DOC-9999","dteToShost":null,"levParticipants":1}]
2026-02-11 12:35:18.124 +05:00 [INF] HTTP GET /api/promotions/actions responded 200 in 38.7329 ms
2026-02-11 12:35:18.145 +05:00 [INF] HTTP GET /api/health responded 200 in 0.5664 ms | User: Anonymous (N/A) | IP: ::1 | RequestBody:  | ResponseBody: {"service":"Promotions API","status":"Healthy","timestamp":"2026-02-11T07:35:18.1453281Z","uptime":"0d 0h 4m 47s"}
2026-02-11 12:35:18.150 +05:00 [INF] HTTP GET /api/health responded 200 in 5.7535 ms
2026-02-11 12:35:18.220 +05:00 [INF] Downstream JWT validated for haris
2026-02-11 12:35:18.240 +05:00 [INF] HTTP GET /api/promotions/delivery-points responded 200 in 19.9653 ms | User: haris (23) | IP: ::1 | RequestBody:  | ResponseBody: [{"idAction":3,"codDeliveryPoint":"D_1","flgInclusion":true,"codHier":"H_1","codDiv":"D_1","codNode":"D_1","idLevel":1,"dteStart":"2026-01-30T00:00:00"},{"idAction":3,"codDeliveryPoint":"D_656565","flgInclusion":true,"codHier":"H_656565","codDiv":"DIV_656565","codNode":"C_656565","idLevel":9,"dteStart":"2026-01-20T00:00:00"},{"idAction":3,"codDeliveryPoint":"NODE_10","flgInclusion":true,"codHier":"H_10","codDiv":"DIV_10","codNode":"NODE_10","idLevel":10,"dteStart":"2026-01-01T14:45:00"},{"idAction":3,"codDeliveryPoint":"NODE_24","flgInclusion":true,"codHier":"H_24","codDiv":"DIV_24","codNode":"NODE_24","idLevel":24,"dteStart":"2026-02-04T12:48:00"},{"idAction":3,"codDeliveryPoint":"NODE_3","flgInclusion":false,"codHier":"H_3","codDiv":"DIV_3","codNode":"NODE_3","idLevel":3,"dteStart":"2026-01-01T10:45:00"},{"idAction":3,"codDeliveryPoint":"NODE_5","flgInclusion":false,"codHier":"H_5","codDiv":"DIV_5","codNode":"NODE_5","idLevel":5,"dteStart":"2026-01-30T10:50:00"},{"idAction":3,"codDeliveryPoint":"NODE_87","flgInclusion":true,"codHier":"H_87","codDiv":"DIV_87","codNode":"NODE_87","idLevel":87,"dteStart":"2026-02-06T14:07:00"},{"idAction":5,"codDeliveryPoint":"NODE_5","flgInclusion":false,"codHier":"H_5","codDiv":"DIV_5","codNode":"NODE_5","idLevel":5,"dteStart":"2026-01-30T10:50:00"},{"idAction":6,"codDeliveryPoint":"D_1","flgInclusion":true,"codHier":"H_1","codDiv":"D_1","codNode":"D_1","idLevel":1,"dteStart":"2026-01-30T00:00:00"},{"idAction":6,"codDeliveryPoint":"D_656565","flgInclusion":true,"codHier":"H_656565","codDiv":"DIV_656565","codNode":"C_656565","idLevel":9,"dteStart":"2026-01-20T00:00:00"},{"idAction":6,"codDeliveryPoint":"NODE_3","flgInclusion":false,"codHier":"H_3","codDiv":"DIV_3","codNode":"NODE_3","idLevel":3,"dteStart":"2026-01-01T10:45:00"},{"idAction":6,"codDeliveryPoint":"NODE_5","flgInclusion":false,"codHier":"H_5","codDiv":"DIV_5","codNode":"NODE_5","idLevel":5,"dteStart":"2026-01-30T10:50:00"},{"idAction":6,"codDeliveryPoint":"NODE_6","flgInclusion":true,"codHier":"H_6","codDiv":"DIV_6","codNode":"NODE_6","idLevel":6,"dteStart":"2026-01-30T15:01:00"},{"idAction":7,"codDeliveryPoint":"NODE_7","flgInclusion":true,"codHier":"H_7","codDiv":"DIV_7","codNode":"NODE_7","idLevel":7,"dteStart":"2026-02-02T12:04:00"},{"idAction":10,"codDeliveryPoint":"NODE_10","flgInclusion":true,"codHier":"H_10","codDiv":"DIV_10","codNode":"NODE_10","idLevel":10,"dteStart":"2026-01-01T14:45:00"},{"idAction":24,"codDeliveryPoint":"NODE_24","flgInclusion":true,"codHier":"H_24","codDiv":"DIV_24","codNode":"NODE_24","idLevel":24,"dteStart":"2026-02-04T12:48:00"},{"idAction":87,"codDeliveryPoint":"NODE_87","flgInclusion":true,"codHier":"H_87","codDiv":"DIV_87","codNode":"NODE_87","idLevel":87,"dteStart":"2026-02-06T14:07:00"},{"idAction":98,"codDeliveryPoint":"NODE_98","flgInclusion":true,"codHier":"H_98","codDiv":"DIV_98","codNode":"NODE_98","idLevel":98,"dteStart":"2026-01-30T18:25:00"},{"idAction":100,"codDeliveryPoint":"D_656565","flgInclusion":true,"codHier":"H_656565","codDiv":"DIV_656565","codNode":"C_656565","idLevel":9,"dteStart":"2026-01-20T00:00:00"},{"idAction":100,"codDeliveryPoint":"NODE_10","flgInclusion":true,"codHier":"H_10","codDiv":"DIV_10","codNode":"NODE_10","idLevel":10,"dteStart":"2026-01-01T14:45:00"},{"idAction":100,"codDeliveryPoint":"NODE_100","flgInclusion":true,"codHier":"H_100","codDiv":"DIV_100","codNode":"NODE_100","idLevel":10,"dteStart":"2026-02-09T13:54:00"},{"idAction":100,"codDeliveryPoint":"NODE_3","flgInclusion":false,"codHier":"H_3","codDiv":"DIV_3","codNode":"NODE_3","idLevel":3,"dteStart":"2026-01-01T10:45:00"},{"idAction":200,"codDeliveryPoint":"NODE_200","flgInclusion":true,"codHier":"H_200","codDiv":"DIV_200","codNode":"NODE_200","idLevel":20,"dteStart":"2026-02-10T14:14:00"},{"idAction":300,"codDeliveryPoint":"NODE_300","flgInclusion":true,"codHier":"H_300","codDiv":"DIV_300","codNode":"NODE_300","idLevel":30,"dteStart":"2026-02-10T12:31:00"},{"idAction":321,"codDeliveryPoint":"NODE_A","flgInclusion":true,"codHier":"H_A","codDiv":"DIV_A","codNode":"NODE_A","idLevel":1,"dteStart":"2026-02-01T18:26:00"},{"idAction":1111,"codDeliveryPoint":"NODE_1111","flgInclusion":true,"codHier":"H_1111","codDiv":"DIV_1111","codNode":"NODE_1111","idLevel":11,"dteStart":"2026-01-01T17:00:00"},{"idAction":5005,"codDeliveryPoint":"","flgInclusion":true,"codHier":"H-2255","codDiv":"DIV-2255","codNode":"CUST-2255","idLevel":10,"dteStart":"2026-01-01T00:00:00"},{"idAction":6767,"codDeliveryPoint":"DP-6767","flgInclusion":true,"codHier":"H-6767","codDiv":"DIV-6767","codNode":"CUST-6767","idLevel":5,"dteStart":"2026-01-01T12:15:00"},{"idAction":7000,"codDeliveryPoint":"DP-7000","flgInclusion":true,"codHier":"H-7000","codDiv":"DIV-7000","codNode":"CUST-7000","idLevel":10,"dteStart":"2026-01-01T00:00:00"}]
2026-02-11 12:35:18.244 +05:00 [INF] Downstream JWT validated for haris
2026-02-11 12:35:18.247 +05:00 [INF] HTTP GET /api/promotions/delivery-points responded 200 in 27.7220 ms
2026-02-11 12:35:18.301 +05:00 [INF] HTTP GET /api/promotions/dashboard/metrics responded 200 in 57.0852 ms | User: haris (23) | IP: ::1 | RequestBody:  | ResponseBody: {"totalPromotions":25,"totalProducts":81,"totalParticipants":32,"activeActions":8,"pendingActions":2,"expiredActions":15,"estimatedRevenue":0,"activityTrend":[{"dateLabel":"15","active":6,"pending":18,"failed":2},{"dateLabel":"18","active":5,"pending":17,"failed":4},{"dateLabel":"21","active":5,"pending":16,"failed":5},{"dateLabel":"24","active":6,"pending":15,"failed":5},{"dateLabel":"27","active":6,"pending":15,"failed":5},{"dateLabel":"30","active":5,"pending":15,"failed":6},{"dateLabel":"02","active":6,"pending":8,"failed":11},{"dateLabel":"05","active":6,"pending":8,"failed":11},{"dateLabel":"08","active":7,"pending":4,"failed":14},{"dateLabel":"11","active":8,"pending":2,"failed":15}]}
2026-02-11 12:35:18.308 +05:00 [INF] HTTP GET /api/promotions/dashboard/metrics responded 200 in 63.6126 ms
2026-02-11 12:35:23.113 +05:00 [INF] HTTP GET /api/health responded 200 in 0.6414 ms | User: Anonymous (N/A) | IP: ::1 | RequestBody:  | ResponseBody: {"service":"Promotions API","status":"Healthy","timestamp":"2026-02-11T07:35:23.1133621Z","uptime":"0d 0h 4m 52s"}
2026-02-11 12:35:23.129 +05:00 [INF] HTTP GET /api/health responded 200 in 16.8356 ms
2026-02-11 12:35:28.108 +05:00 [INF] HTTP GET /api/health responded 200 in 1.0308 ms | User: Anonymous (N/A) | IP: ::1 | RequestBody:  | ResponseBody: {"service":"Promotions API","status":"Healthy","timestamp":"2026-02-11T07:35:28.1086259Z","uptime":"0d 0h 4m 57s"}
2026-02-11 12:35:28.121 +05:00 [INF] HTTP GET /api/health responded 200 in 13.5670 ms
2026-02-11 12:35:33.120 +05:00 [INF] HTTP GET /api/health responded 200 in 1.5110 ms | User: Anonymous (N/A) | IP: ::1 | RequestBody:  | ResponseBody: {"service":"Promotions API","status":"Healthy","timestamp":"2026-02-11T07:35:33.1205843Z","uptime":"0d 0h 5m 2s"}
2026-02-11 12:35:33.146 +05:00 [INF] HTTP GET /api/health responded 200 in 27.2989 ms
2026-02-11 12:35:38.093 +05:00 [INF] HTTP GET /api/health responded 200 in 0.5571 ms | User: Anonymous (N/A) | IP: ::1 | RequestBody:  | ResponseBody: {"service":"Promotions API","status":"Healthy","timestamp":"2026-02-11T07:35:38.0929182Z","uptime":"0d 0h 5m 7s"}
2026-02-11 12:35:38.107 +05:00 [INF] HTTP GET /api/health responded 200 in 15.6231 ms
2026-02-11 12:35:43.077 +05:00 [INF] HTTP GET /api/health responded 200 in 0.5825 ms | User: Anonymous (N/A) | IP: ::1 | RequestBody:  | ResponseBody: {"service":"Promotions API","status":"Healthy","timestamp":"2026-02-11T07:35:43.0777353Z","uptime":"0d 0h 5m 12s"}
2026-02-11 12:35:43.094 +05:00 [INF] HTTP GET /api/health responded 200 in 16.9135 ms
2026-02-11 12:35:48.115 +05:00 [INF] HTTP GET /api/health responded 200 in 0.6824 ms | User: Anonymous (N/A) | IP: ::1 | RequestBody:  | ResponseBody: {"service":"Promotions API","status":"Healthy","timestamp":"2026-02-11T07:35:48.1152737Z","uptime":"0d 0h 5m 17s"}
2026-02-11 12:35:48.128 +05:00 [INF] HTTP GET /api/health responded 200 in 14.0523 ms
2026-02-11 12:35:53.081 +05:00 [INF] HTTP GET /api/health responded 200 in 0.5338 ms | User: Anonymous (N/A) | IP: ::1 | RequestBody:  | ResponseBody: {"service":"Promotions API","status":"Healthy","timestamp":"2026-02-11T07:35:53.0817882Z","uptime":"0d 0h 5m 22s"}
2026-02-11 12:35:53.094 +05:00 [INF] HTTP GET /api/health responded 200 in 13.0938 ms
2026-02-11 12:35:58.076 +05:00 [INF] HTTP GET /api/health responded 200 in 0.8473 ms | User: Anonymous (N/A) | IP: ::1 | RequestBody:  | ResponseBody: {"service":"Promotions API","status":"Healthy","timestamp":"2026-02-11T07:35:58.0765586Z","uptime":"0d 0h 5m 27s"}
2026-02-11 12:35:58.094 +05:00 [INF] HTTP GET /api/health responded 200 in 18.8579 ms
